제목,저자,장르,연도,연도 근거,링크,발행처,비고,통합 통계
김명순 문학전집,Kim Myeongsun,기타,,발표 시기 미상,https://library.ltikorea.or.kr/translatedbooks/415951,,번역서 1종 · 스페인어 · 예: Kim Myeongsun Como una extraña,포함
어둔 밤을 지키는 야간약국,Ko Hyewon,기타,,발표 시기 미상,https://library.ltikorea.or.kr/translatedbooks/415949,,번역서 1종 · 스페인어 · 예: La farmacia de noche,포함
황토기 외,Kim Dongri,단편소설,,발표 시기 미상,https://library.ltikorea.or.kr/translatedbooks/415945,,번역서 1종 · 영어 · 예: Loess Valley and Other Korean Short Stories,포함
가사문학선,Jeong Geukin,기타,,발표 시기 미상,https://library.ltikorea.or.kr/translatedbooks/415944,,번역서 1종 · 영어 · 예: The Brush and the Sword: Kasa,포함
채식주의자,Han Kang,기타,,발표 시기 미상,https://library.ltikorea.or.kr/translatedbooks/415942,,"번역서 66종 · 영어, 독일어, 포르투갈어, 페르시아어, 베트남어 · 예: Veģetāriete",포함
태백산맥 9,Jo Jung-Rae,기타,,발표 시기 미상,https://library.ltikorea.or.kr/translatedbooks/415941,,"번역서 2종 · 프랑스어, 일본어 · 예: La chaîne des monts Taebaek Tome 9",포함
태백산맥 4,Jo Jung-Rae,기타,,발표 시기 미상,https://library.ltikorea.or.kr/translatedbooks/415940,,번역서 1종 · 프랑스어 · 예: La chaîne des monts Taebaek Tome 4,포함
태백산맥 5,Jo Jung-Rae,기타,,발표 시기 미상,https://library.ltikorea.or.kr/translatedbooks/415939,,번역서 1종 · 프랑스어 · 예: La chaîne des monts Taebaek Tome 5,포함
태백산맥 2,Jo Jung-Rae,기타,,발표 시기 미상,https://library.ltikorea.or.kr/translatedbooks/415938,,"번역서 2종 · 프랑스어, 일본어 · 예: La chaîne des monts Taebaek Tome 2",포함
태백산맥 3,Jo Jung-Rae,기타,,발표 시기 미상,https://library.ltikorea.or.kr/translatedbooks/415937,,번역서 1종 · 프랑스어 · 예: La chaîne des monts Taebaek Tome 3,포함
태백산맥 1,Jo Jung-Rae,기타,,발표 시기 미상,https://library.ltikorea.or.kr/translatedbooks/415936,,"번역서 2종 · 프랑스어, 일본어 · 예: La chaîne des monts Taebaek Tome 1",포함
새벽의 방문자들,Jang Ryujin,기타,,발표 시기 미상,https://library.ltikorea.or.kr/translatedbooks/415928,,번역서 1종 · 인도네시아어 · 예: Para Pengunjung Dini Hari,포함
아젤리아 6 (가제),Haerin Shin,기타,,발표 시기 미상,https://library.ltikorea.or.kr/translatedbooks/415923,,번역서 1종 · 영어 · 예: AZALEA Vol.6,포함
아젤리아 2 (가제),David R. McCann,기타,,발표 시기 미상,https://library.ltikorea.or.kr/translatedbooks/415919,,번역서 1종 · 영어 · 예: AZALEA Vol.2,포함
마법전사 호머와 포유류 전사들2,Gomdori co.,기타,,발표 시기 미상,https://library.ltikorea.or.kr/translatedbooks/415910,,"번역서 1종 · 중국어(번체), 중국어(간체) · 예: 黃金戰士大冒險2：沒有尾巴的戰士",포함
마법전사 호머와 포유류의 비밀,Gomdori co.,기타,,발표 시기 미상,https://library.ltikorea.or.kr/translatedbooks/415909,,"번역서 1종 · 중국어(번체), 중국어(간체) · 예: 黃金戰士大冒險1：來曆不明的生物",포함
내일은 발명왕,Gomdori co.,기타,,발표 시기 미상,https://library.ltikorea.or.kr/translatedbooks/415908,,"번역서 3종 · 중국어(번체), 중국어(간체) · 예: 科學發明王2：雨天的發明",포함
새,OH JUNGHEE,기타,,발표 시기 미상,https://library.ltikorea.or.kr/translatedbooks/415907,,"번역서 9종 · 러시아어, 폴란드어, 일본어, 독일어, 영어 · 예: Ptak",포함
빛과 실,Han Kang,기타,,발표 시기 미상,https://library.ltikorea.or.kr/translatedbooks/415906,,"번역서 7종 · 영어, 일본어, 튀르키예어, 중국어(간체), 독일어 · 예: Işık ve İp",포함
저문 날의 삽화,Park Wansuh,기타,,발표 시기 미상,https://library.ltikorea.or.kr/translatedbooks/415905,,번역서 2종 · 우르두어 · 예: DOOBTAY SOORAJ KI TASVEER A Sketch of the Fading Sun,포함
혀,Kyung Ran,기타,,발표 시기 미상,https://library.ltikorea.or.kr/translatedbooks/415904,,"번역서 8종 · 영어, 네덜란드어, 폴란드어, 이탈리아어, 베트남어 · 예: Tongue",포함
가난한 사랑노래: 신경림 시선집,Shin Kyeong-nim,시,,발표 시기 미상,https://library.ltikorea.or.kr/translatedbooks/415903,,번역서 1종 · 영어 · 예: A Love Song for the Earnest,포함
사랑에 미치다,Kim Hain,기타,,발표 시기 미상,https://library.ltikorea.or.kr/translatedbooks/415902,,번역서 2종 · 중국어(간체) · 예: 为爱疯狂,포함
태백산맥 6,Jo Jung-Rae,기타,,발표 시기 미상,https://library.ltikorea.or.kr/translatedbooks/415901,,"번역서 2종 · 프랑스어, 일본어 · 예: La chaîne des monts Taebaek Tome 6",포함
태백산맥 7,Jo Jung-Rae,기타,,발표 시기 미상,https://library.ltikorea.or.kr/translatedbooks/415900,,"번역서 2종 · 프랑스어, 일본어 · 예: La chaîne des monts Taebaek Tome 7",포함
만화 2006 (가제),,기타,,발표 시기 미상,https://library.ltikorea.or.kr/translatedbooks/415899,,번역서 2종 · 프랑스어 · 예: Manhwa 2006 4,포함
태백산맥 8,Jo Jung-Rae,기타,,발표 시기 미상,https://library.ltikorea.or.kr/translatedbooks/415896,,번역서 1종 · 프랑스어 · 예: La chaîne des monts Taebaek Tome 8,포함
아리랑,Jo Jung-Rae,기타,,발표 시기 미상,https://library.ltikorea.or.kr/translatedbooks/415893,,번역서 16종 · 프랑스어 · 예: ARIRANG VOLUME 6,포함
한중록,Hyegyeong-Gung Hong,기타,,발표 시기 미상,https://library.ltikorea.or.kr/translatedbooks/415891,,"번역서 10종 · 프랑스어, 영어, 중국어(간체), 불가리아어, 러시아어 · 예: Memoirs of the red queen",포함
장례식 케이크 전문점 연옥당 2,Sanho,기타,,발표 시기 미상,https://library.ltikorea.or.kr/translatedbooks/415890,,번역서 1종 · 영어 · 예: Purgatory Funeral Cakes 2,포함
장례식 케이크 전문점 연옥당 1,Sanho,기타,,발표 시기 미상,https://library.ltikorea.or.kr/translatedbooks/415889,,번역서 1종 · 영어 · 예: Purgatory Funeral Cakes 1,포함
초토의 시,KU Sang,기타,,발표 시기 미상,https://library.ltikorea.or.kr/translatedbooks/415884,,번역서 1종 · 영어 · 예: Wastelnads of Fire,포함
고소설선집 (가제),Lie Hiu,소설,,발표 시기 미상,https://library.ltikorea.or.kr/translatedbooks/415883,,번역서 1종 · 독일어 · 예: Katalog der älteren Koreanischen Erzählliteratur Kososol,포함
거룩한 직업 (가제),Lee Gunsam,기타,,발표 시기 미상,https://library.ltikorea.or.kr/translatedbooks/415880,,번역서 1종 · 영어 · 예: A Sacred Profession,포함
태백산맥 10,Jo Jung-Rae,기타,,발표 시기 미상,https://library.ltikorea.or.kr/translatedbooks/415877,,"번역서 2종 · 프랑스어, 일본어 · 예: La chaîne des monts Taebaek Tome 10",포함
검은 이야기 사슬,Jung Young Moon,기타,,발표 시기 미상,https://library.ltikorea.or.kr/translatedbooks/415876,,번역서 1종 · 프랑스어 · 예: Pour ne pas rater ma dernière seconde,포함
태평천하,Ch`ae Man-Sik,기타,,발표 시기 미상,https://library.ltikorea.or.kr/translatedbooks/415875,,"번역서 8종 · 러시아어, 영어, 이탈리아어, 아라비아어, 튀르키예어 · 예: Peace Under Heaven",포함
"천국에서 한 걸음, A Step from Heaven",Anna,기타,,발표 시기 미상,https://library.ltikorea.or.kr/translatedbooks/415874,,"번역서 2종 · 독일어, 일본어 · 예: Im Himmel spricht man Englisch",포함
"지금 사랑하지 않는 자, 모두 유죄",No Heekyung,기타,,발표 시기 미상,https://library.ltikorea.or.kr/translatedbooks/415873,,"번역서 2종 · 일본어, 중국어(번체) · 예: いま愛していない人、全員有罪",포함
내 영혼의 우물,Choi Ihn Suk,기타,,발표 시기 미상,https://library.ltikorea.or.kr/translatedbooks/415872,,번역서 1종 · 프랑스어 · 예: Le puits de mon âme,포함
하늘 호수로 떠난 여행,Shiva RYU,기타,,발표 시기 미상,https://library.ltikorea.or.kr/translatedbooks/415871,,"번역서 3종 · 중국어(번체), 프랑스어 · 예: Voyage au pays du lac céleste",포함
연어,Ahn Do-hyun,기타,,발표 시기 미상,https://library.ltikorea.or.kr/translatedbooks/415870,,"번역서 6종 · 프랑스어, 튀르키예어, 베트남어, 독일어 · 예: Saumon",포함
김보영의 스텔라 오디세이 트릴로지 세트,Bo-yong Kim,기타,,발표 시기 미상,https://library.ltikorea.or.kr/translatedbooks/415863,,"번역서 8종 · 중국어(간체), 이탈리아어, 튀르키예어, 포르투갈어, 독일어 · 예: Odissea stellare",포함
공방의 계절,Yeon Somin,기타,,발표 시기 미상,https://library.ltikorea.or.kr/translatedbooks/415861,,"번역서 8종 · 영어, 스페인어, 헝가리어, 폴란드어, 독일어 · 예: Historias del taller de cerámica Soyo",포함
보테로 가족의 사랑 약국,Lee Sunyoung,기타,,발표 시기 미상,https://library.ltikorea.or.kr/translatedbooks/415860,,"번역서 5종 · 스페인어, 프랑스어, 튀르키예어, 이탈리아어, 러시아어 · 예: La farmacia del amor de la familia Botero",포함
cahiers pour la poétique,,기타,,발표 시기 미상,https://library.ltikorea.or.kr/translatedbooks/415856,,번역서 1종 · 프랑스어 · 예: Résonance générale,포함
소낙비,Kim Yujung,기타,,발표 시기 미상,https://library.ltikorea.or.kr/translatedbooks/415855,,번역서 2종 · 프랑스어 · 예: Une averse,포함
황토 외,Kim Ji-ha,시,,발표 시기 미상,https://library.ltikorea.or.kr/translatedbooks/415854,,번역서 1종 · 독일어 · 예: Die gelbe Erde und andere Gedichte,포함
트렌슬레이션 (가제),Hwang Sun-Won,기타,,발표 시기 미상,https://library.ltikorea.or.kr/translatedbooks/415853,,"번역서 1종 · 영어 · 예: Translation (Vol. 13, Fall 1984)",포함
오대산 상원사 중창 권선문,,기타,,발표 시기 미상,https://library.ltikorea.or.kr/translatedbooks/415852,,번역서 1종 · 독일어 · 예: Das Odaesan-Sangwonsa-chungch'ang-kwonsonmun,포함
1999 한일전쟁,Baek Nakbeom,기타,,발표 시기 미상,https://library.ltikorea.or.kr/translatedbooks/415851,,번역서 2종 · 일본어 · 예: 1999韓日戦争,포함
율곡선생의 금강산시,Yi I,기타,,발표 시기 미상,https://library.ltikorea.or.kr/translatedbooks/415850,,번역서 1종 · 독일어 · 예: Lyrische Reise in das Diamanten-Gebirge Koreas. Keum-gang-san-shi,포함
격몽요결,Yi I,기타,,발표 시기 미상,https://library.ltikorea.or.kr/translatedbooks/415849,,"번역서 3종 · 독일어, 프랑스어, 스페인어 · 예: Wegweiser für die unwissende Jugend",포함
내 영혼의 노래 (가제),LEE Dong-Jin,기타,,발표 시기 미상,https://library.ltikorea.or.kr/translatedbooks/415848,,번역서 1종 · 영어 · 예: Songs of My Soul,포함
저기 도깨비가 간다: 도깨비에 관한 민속학적 탐구,Kim Jongdae,기타,,발표 시기 미상,https://library.ltikorea.or.kr/translatedbooks/415846,,번역서 1종 · 독일어 · 예: Dokkaebi,포함
나무 공예 (나무로 빚은 예술),Son Young-hak,기타,,발표 시기 미상,https://library.ltikorea.or.kr/translatedbooks/415844,,번역서 1종 · 독일어 · 예: Koreas Holzkunsthandwerk,포함
에세이 만드는 법,Lee Yeonsil,수필,,발표 시기 미상,https://library.ltikorea.or.kr/translatedbooks/415843,,번역서 1종 · 일본어 · 예: エッセイ本のつくり方,포함
빗장열기: 보통시민 오씨의 548일 북한체류기 하,Oh Yeongjin,기타,,발표 시기 미상,https://library.ltikorea.or.kr/translatedbooks/415842,,번역서 1종 · 프랑스어 · 예: LE VISITEUR DU SUD,포함
"달려라, 아비",Kim Ae-ran,기타,,발표 시기 미상,https://library.ltikorea.or.kr/translatedbooks/415841,,"번역서 6종 · 프랑스어, 카탈로니아어, 중국어(번체), 일본어, 러시아어 · 예: COURS PAPA, COURS!",포함
"할아버지, 연어를 따라오면 한국입니다",Hahm Kwang-Bok,기타,,발표 시기 미상,https://library.ltikorea.or.kr/translatedbooks/415840,,번역서 1종 · 독일어 · 예: Opa Wenn Du Den Lachsen Folgst Bist Du in Korea,포함
아주 특별한 땅 DMZ의 비밀,Yeong-jae Jeon,기타,,발표 시기 미상,https://library.ltikorea.or.kr/translatedbooks/415838,,번역서 2종 · 독일어 · 예: Koreas entmilitarisierte Zone,포함
한국 서정시 (가제),Chong-ju,시,,발표 시기 미상,https://library.ltikorea.or.kr/translatedbooks/415836,,번역서 1종 · 영어 · 예: Modern Korean Lyric Poems,포함
안수길 소설선,An Sugil,소설,,발표 시기 미상,https://library.ltikorea.or.kr/translatedbooks/415834,,번역서 1종 · 독일어 · 예: EINE UNMÖGLICHE LIEBE,포함
동경대전,Che-U Ch'oe,기타,,발표 시기 미상,https://library.ltikorea.or.kr/translatedbooks/415831,,"번역서 2종 · 독일어, 영어 · 예: Das Grosse Buch des Tonghak",포함
동아시아 문학지 37 (가제),,기타,,발표 시기 미상,https://library.ltikorea.or.kr/translatedbooks/415830,,번역서 1종 · 독일어 · 예: Hefte fur ostasiatische literatur 37,포함
동아시아 문학지 38 (가제),Kim Young-ha,기타,,발표 시기 미상,https://library.ltikorea.or.kr/translatedbooks/415828,,번역서 1종 · 독일어 · 예: Hefte für Ostasiatische Literatur 38,포함
유진과 유진,Lee Geumyi,기타,,발표 시기 미상,https://library.ltikorea.or.kr/translatedbooks/415827,,"번역서 3종 · 일본어, 중국어(간체), 베트남어 · 예: ユジンとユジン",포함
미래의 자리,Moon Jinyoung,기타,,발표 시기 미상,https://library.ltikorea.or.kr/translatedbooks/415826,,번역서 1종 · 일본어 · 예: 未来のいるところ,포함
Kim Yeonsu: Falscher Herzen Rat,Kim Yeonsu,기타,,발표 시기 미상,https://library.ltikorea.or.kr/translatedbooks/415823,,번역서 1종 · 독일어 · 예: Hefte für ostasiatische Literatur (47. Falscher Herzen Rat),포함
마법소녀 복직합니다,Park Seolyeon,기타,,발표 시기 미상,https://library.ltikorea.or.kr/translatedbooks/415822,,번역서 1종 · 영어 · 예: A Magical Girl Rehired,포함
규장각 각신들의 나날,Jung Eun-gwol,기타,,발표 시기 미상,https://library.ltikorea.or.kr/translatedbooks/415820,,"번역서 6종 · 중국어(번체), 일본어, 중국어(간체) · 예: 奎章閣之戀 (上)",포함
무소유,Boep Joeng,기타,,발표 시기 미상,https://library.ltikorea.or.kr/translatedbooks/415819,,"번역서 2종 · 중국어(번체), 일본어 · 예: 無所有",포함
김여정 시선집 (가제),Kim Yeojeong,시,,발표 시기 미상,https://library.ltikorea.or.kr/translatedbooks/415818,,번역서 1종 · 독일어 · 예: Das Meer der Morgendammerung,포함
성균관 유생들의 나날,Jung Eun-gwol,기타,,발표 시기 미상,https://library.ltikorea.or.kr/translatedbooks/415817,,"번역서 7종 · 일본어, 중국어(번체), 태국어 · 예: 成均館羅曼史 (上)",포함
시인,Yi Mun-Yol,기타,,발표 시기 미상,https://library.ltikorea.or.kr/translatedbooks/415815,,"번역서 4종 · 영어, 스페인어, 튀르키예어 · 예: The Poet",포함
20세기 한국문학시리즈3,Kim Yujung,기타,,발표 시기 미상,https://library.ltikorea.or.kr/translatedbooks/415814,,번역서 1종 · 인도네시아어 · 예: Seri Sastra Korea Abad Ke-20 Jilid 3,포함
한국서정시집 (가제),,시,,발표 시기 미상,https://library.ltikorea.or.kr/translatedbooks/415813,,번역서 1종 · 독일어 · 예: Die Feldkamille,포함
나의 삶 나의 길,Kim Daejung,기타,,발표 시기 미상,https://library.ltikorea.or.kr/translatedbooks/415811,,"번역서 1종 · 독일어 · 예: Mein Leben, mein Weg",포함
선 불교 시선 (가제),Cho Ohyun,기타,,발표 시기 미상,https://library.ltikorea.or.kr/translatedbooks/415808,,번역서 1종 · 독일어 · 예: Manak Gathas,포함
나는 나를 파괴할 권리가 있다,Kim Young-ha,기타,,발표 시기 미상,https://library.ltikorea.or.kr/translatedbooks/415807,,"번역서 12종 · 아라비아어, 중국어(간체), 우르두어, 이탈리아어, 프랑스어 · 예: زندگی سے نجات",포함
민들레의 바다 (가제),Yi Hae-in,기타,,발표 시기 미상,https://library.ltikorea.or.kr/translatedbooks/415806,,번역서 1종 · 한국어 · 예: The Sea of Dandelions,포함
야생초편지,Hwang Daekwon,기타,,발표 시기 미상,https://library.ltikorea.or.kr/translatedbooks/415804,,번역서 1종 · 일본어 · 예: 野草手紙,포함
쉬리: 서울 잠입 폭파 지령,정석화,기타,,발표 시기 미상,https://library.ltikorea.or.kr/translatedbooks/415803,,번역서 2종 · 일본어 · 예: シュリ: ソウル潜入爆破指令,포함
서울은 지금 몇시인가,Ju Chiho,기타,,발표 시기 미상,https://library.ltikorea.or.kr/translatedbooks/415802,,번역서 1종 · 일본어 · 예: ソウルはいま何時か,포함
이광수장편소설 연구,Yi Kwang-Su,장편소설,,발표 시기 미상,https://library.ltikorea.or.kr/translatedbooks/415801,,번역서 1종 · 일본어 · 예: 李光洙長編小説硏究,포함
날씨 상점,Thomas Lee,기타,,발표 시기 미상,https://library.ltikorea.or.kr/translatedbooks/415797,,번역서 1종 · 영어 · 예: The Weather Shop,포함
세계여성문학단편집 (가제),Kim Ae-ran,단편소설,,발표 시기 미상,https://library.ltikorea.or.kr/translatedbooks/415789,,번역서 1종 · 중국어(간체) · 예: 她们笔下的她们,포함
저녁의 해후,Park Wansuh,기타,,발표 시기 미상,https://library.ltikorea.or.kr/translatedbooks/415788,,번역서 1종 · 중국어(간체) · 예: 傍晚的邂逅,포함
김사엽전집,Kim Sayup,기타,,발표 시기 미상,https://library.ltikorea.or.kr/translatedbooks/415786,,번역서 1종 · 일본어 · 예: 金思ヨウ全集,포함
그남자그여자,Lee Mina,기타,,발표 시기 미상,https://library.ltikorea.or.kr/translatedbooks/415785,,"번역서 2종 · 일본어, 태국어 · 예: 恋するふたり",포함
배후,Seo Hyeonu,기타,,발표 시기 미상,https://library.ltikorea.or.kr/translatedbooks/415784,,번역서 1종 · 일본어 · 예: 背後 - 金賢姫の真実,포함
해를 품은 달,Jung Eun-gwol,기타,,발표 시기 미상,https://library.ltikorea.or.kr/translatedbooks/415783,,"번역서 9종 · 일본어, 인도네시아어, 태국어, 중국어(간체), 중국어(번체) · 예: 太陽を抱く月 (下)",포함
킬러들의 수다 시리즈,Jang Jin,기타,,발표 시기 미상,https://library.ltikorea.or.kr/translatedbooks/415781,,번역서 1종 · 중국어(간체) · 예: 杀手公司,포함
춘향전,,기타,,발표 시기 미상,https://library.ltikorea.or.kr/translatedbooks/415779,,"번역서 18종 · 독일어, 일본어, 중국어(간체), 러시아어, 영어 · 예: 春香传",포함
"Zola, Germinal, 한국 현대시 28인선",Han Yong-un,기타,,발표 시기 미상,https://library.ltikorea.or.kr/translatedbooks/415778,,번역서 1종 · 프랑스어 · 예: Europe revue littéraire mensuelle,포함
바람의 넋,OH JUNGHEE,기타,,발표 시기 미상,https://library.ltikorea.or.kr/translatedbooks/415776,,"번역서 4종 · 프랑스어, 스페인어, 독일어 · 예: L'a^me du vent",포함
연어,Ahn Do-Hyun,기타,,발표 시기 미상,https://library.ltikorea.or.kr/translatedbooks/415775,,"번역서 7종 · 태국어, 중국어(간체), 중국어(번체), 영어, 독일어 · 예: แซลมอนสอนคน",포함
포도밭 그 사나이,Kim Rang,기타,,발표 시기 미상,https://library.ltikorea.or.kr/translatedbooks/415774,,"번역서 4종 · 태국어, 중국어(간체), 베트남어, 일본어 · 예: หนุ่มบ้านไร่หัวใจปิ๊งรัก",포함
우리들의 일그러진 영웅,Yi Mun-yol,기타,,발표 시기 미상,https://library.ltikorea.or.kr/translatedbooks/415773,,"번역서 13종 · 영어, 독일어, 스페인어, 스웨덴어, 몽골어 · 예: Our Twisted Hero",포함
2016[11] 외국문학지: 한국문학특집호,Kwon Yeongmin,기타,,발표 시기 미상,https://library.ltikorea.or.kr/translatedbooks/415772,,번역서 2종 · 러시아어 · 예: ИНОСТРАННАЯ ПИТЕРАТУРА,포함
세계문학,Hahn Moo-Sook,기타,,발표 시기 미상,https://library.ltikorea.or.kr/translatedbooks/415771,,번역서 1종 · 폴란드어 · 예: Literatura na Świecie,포함
파도,Kang Shin-Jae,기타,,발표 시기 미상,https://library.ltikorea.or.kr/translatedbooks/415770,,번역서 1종 · 영어 · 예: The Waves,포함
만화 바로 보는 세계사,이희수,기타,,발표 시기 미상,https://library.ltikorea.or.kr/translatedbooks/415769,,"번역서 4종 · 중국어(간체), 중국어(번체) · 예: 世界歷史大奇航 1：文明的誕生",포함
태양의 북소리,Chong Ki-Sheok,시,,발표 시기 미상,https://library.ltikorea.or.kr/translatedbooks/415767,,번역서 1종 · 영어 · 예: Black flower in the sky poems of a Korean bridegroom in Hiroshima,포함
마지막 마음이 들리는 공중전화,Lee Su-Yeon,기타,,발표 시기 미상,https://library.ltikorea.or.kr/translatedbooks/415765,,"번역서 4종 · 튀르키예어, 폴란드어, 스페인어, 태국어 · 예: Telefon Kulübesindeki Kız",포함
책들의 부엌,Kim ji hye,기타,,발표 시기 미상,https://library.ltikorea.or.kr/translatedbooks/415764,,"번역서 11종 · 포르투갈어, 영어, 튀르키예어, 독일어, 러시아어 · 예: Soyang-ri'nin Kitap Mutfağı",포함
메모리케어,Jin Bora,기타,,발표 시기 미상,https://library.ltikorea.or.kr/translatedbooks/415763,,번역서 1종 · 튀르키예어 · 예: Hafıza Bakımı,포함
루비나 65,YI Sang,기타,,발표 시기 미상,https://library.ltikorea.or.kr/translatedbooks/415760,,번역서 1종 · 스페인어 · 예: Luvina 65,포함
안녕이라 그랬어,Kim Ae-ran,기타,,발표 시기 미상,https://library.ltikorea.or.kr/translatedbooks/415759,,번역서 1종 · 중국어(번체) · 예: 你好，再見,포함
인간에 대한 예의,Ji-Young Gong,기타,,발표 시기 미상,https://library.ltikorea.or.kr/translatedbooks/415753,,번역서 2종 · 영어 · 예: Human decency,포함
모 이야기,Yeonju Choi,기타,,발표 시기 미상,https://library.ltikorea.or.kr/translatedbooks/415750,,"번역서 9종 · 체코어, 네덜란드어, 독일어, 중국어(번체), 이탈리아어 · 예: Het verhaal van Mo",포함
모 이야기2,Yeonju Choi,기타,,발표 시기 미상,https://library.ltikorea.or.kr/translatedbooks/415749,,"번역서 5종 · 스페인어, 중국어(번체), 프랑스어, 일본어, 체코어 · 예: La historia de Mo",포함
평형추,Djuna,기타,,발표 시기 미상,https://library.ltikorea.or.kr/translatedbooks/415741,,"번역서 3종 · 스페인어, 일본어, 영어 · 예: CONTRAPESO",포함
듀나 단편 및 장편선(가제),Djuna,기타,,발표 시기 미상,https://library.ltikorea.or.kr/translatedbooks/415736,,"번역서 3종 · 영어, 폴란드어 · 예: Memoir of a Joseon Bride",포함
옷소매 붉은 끝동 2,Kang Mikang,기타,,발표 시기 미상,https://library.ltikorea.or.kr/translatedbooks/415724,,"번역서 2종 · 러시아어, 스페인어 · 예: Красные манжеты",포함
호도,Yeong-shin Ma,기타,,발표 시기 미상,https://library.ltikorea.or.kr/translatedbooks/415722,,번역서 1종 · 영어 · 예: HODO,포함
우리가 쓴 것,Cho Nam-ju,단편소설,,발표 시기 미상,https://library.ltikorea.or.kr/translatedbooks/415710,,"번역서 7종 · 튀르키예어, 프랑스어, 폴란드어, 스페인어, 영어 · 예: Bizim Hikayemiz",포함
좋아한다는 거짓말,Heo Jin-hee,기타,,발표 시기 미상,https://library.ltikorea.or.kr/translatedbooks/415705,,번역서 1종 · 프랑스어 · 예: Il neige sur nos coeurs,포함
소년이 온다,Han Kang,기타,,발표 시기 미상,https://library.ltikorea.or.kr/translatedbooks/415703,,"번역서 39종 · 영어, 중국어(번체), 독일어, 핀란드어, 스웨덴어 · 예: Ανθρώπινες πράξεις",포함
눈물을 마시는 새 시리즈,Lee Yeongdo,기타,,발표 시기 미상,https://library.ltikorea.or.kr/translatedbooks/415695,,"번역서 25종 · 중국어(번체), 네덜란드어, 독일어, 일본어, 체코어 · 예: De vogel die tranen drinkt",포함
밝은 밤,Choi Eunyoung,기타,,발표 시기 미상,https://library.ltikorea.or.kr/translatedbooks/415693,,"번역서 6종 · 그리스어, 러시아어, 폴란드어, 중국어(번체), 중국어(간체) · 예: Φωτεινή νύχτα",포함
"식물, 상점",Kang Min Young,기타,,발표 시기 미상,https://library.ltikorea.or.kr/translatedbooks/415692,,"번역서 3종 · 영어, 독일어 · 예: Plant Lady",포함
내 여자의 열매,Han Kang,기타,,발표 시기 미상,https://library.ltikorea.or.kr/translatedbooks/415691,,"번역서 5종 · 일본어, 중국어(간체), 이탈리아어 · 예: 私の女の実",포함
그때도 틀리고 지금도 틀리다,Hong Seungeun,기타,,발표 시기 미상,https://library.ltikorea.or.kr/translatedbooks/415690,,번역서 1종 · 중국어(번체) · 예: 那時錯了，現在也是錯的,포함
저주토끼,Bora Chung,기타,,발표 시기 미상,https://library.ltikorea.or.kr/translatedbooks/415685,,"번역서 18종 · 영어, 말레이어, 일본어, 스웨덴어, 폴란드어 · 예: Cursed Bunny",포함
혼모노,Seong Haena,기타,,발표 시기 미상,https://library.ltikorea.or.kr/translatedbooks/415684,,번역서 1종 · 중국어(번체) · 예: 本物,포함
"아무튼, 데모",Bora Chung,기타,,발표 시기 미상,https://library.ltikorea.or.kr/translatedbooks/415683,,번역서 1종 · 일본어 · 예: とにかく、デモ！,포함
여자 둘이 살고 있습니다,Kim Hana,기타,,발표 시기 미상,https://library.ltikorea.or.kr/translatedbooks/415681,,번역서 1종 · 영어 · 예: Two Women Living Together,포함
풀,Keum Suk Gendry-Kim,기타,,발표 시기 미상,https://library.ltikorea.or.kr/translatedbooks/415680,,"번역서 15종 · 포르투갈어, 독일어, 루마니아어, 갈리시아어, 카탈로니아어 · 예: Gras",포함
이중 하나는 거짓말,Kim Ae-ran,기타,,발표 시기 미상,https://library.ltikorea.or.kr/translatedbooks/415679,,"번역서 3종 · 일본어, 스페인어, 중국어(번체) · 예: どれか一つは嘘",포함
네 번의 노크,Casey,기타,,발표 시기 미상,https://library.ltikorea.or.kr/translatedbooks/415678,,번역서 1종 · 중국어(번체) · 예: 四次敲門聲,포함
야옹이 수영 교실,Shin Hyun Kyoung,기타,,발표 시기 미상,https://library.ltikorea.or.kr/translatedbooks/415677,,"번역서 2종 · 중국어(번체), 태국어 · 예: 喵星人學游泳1",포함
변비 탐정 실룩 1,Lee Na Young,기타,,발표 시기 미상,https://library.ltikorea.or.kr/translatedbooks/415673,,"번역서 2종 · 중국어(번체), 태국어 · 예: 便祕偵探1",포함
제철 행복,Shinji Kim,기타,,발표 시기 미상,https://library.ltikorea.or.kr/translatedbooks/415670,,번역서 1종 · 중국어(번체) · 예: 時令幸福,포함
듀얼,Jeon Gunwoo,기타,,발표 시기 미상,https://library.ltikorea.or.kr/translatedbooks/415668,,"번역서 2종 · 중국어(번체), 러시아어 · 예: 亡命側寫師",포함
셰이커,Lee Heeyoung,기타,,발표 시기 미상,https://library.ltikorea.or.kr/translatedbooks/415665,,"번역서 3종 · 인도네시아어, 태국어, 튀르키예어 · 예: SHAKER",포함
"콩, 너는 죽었다",Kim Yong Taik,기타,,발표 시기 미상,https://library.ltikorea.or.kr/translatedbooks/415653,,번역서 1종 · 중국어(간체) · 예: 豆子，你完蛋了,포함
기억서점,Song Yujeong,기타,,발표 시기 미상,https://library.ltikorea.or.kr/translatedbooks/415648,,"번역서 9종 · 스페인어, 영어, 러시아어, 독일어, 프랑스어 · 예: La librería de la memoria",포함
그저 여명일 뿐 시리즈,Woo Ji-Hye,기타,,발표 시기 미상,https://library.ltikorea.or.kr/translatedbooks/415646,,번역서 2종 · 베트남어 · 예: Chỉ Là Ánh Bình Minh 2,포함
환상서점,So Seorim,기타,,발표 시기 미상,https://library.ltikorea.or.kr/translatedbooks/415644,,"번역서 3종 · 베트남어, 스페인어, 러시아어 · 예: Hiệu sách ma mị",포함
고발,Bandi,기타,,발표 시기 미상,https://library.ltikorea.or.kr/translatedbooks/415639,,"번역서 9종 · 카탈로니아어, 스웨덴어, 포르투갈어, 프랑스어, 일본어 · 예: L'acusació",포함
푸른 사자 와니니2,I Hyeon,기타,,발표 시기 미상,https://library.ltikorea.or.kr/translatedbooks/415637,,번역서 1종 · 튀르키예어 · 예: Yeşil Aslan Wanini 2,포함
오렌지와 빵칼,Cheong Ye,기타,,발표 시기 미상,https://library.ltikorea.or.kr/translatedbooks/415625,,"번역서 3종 · 영어, 튀르키예어, 중국어(번체) · 예: Orange and the Bread Knife",포함
하쿠다 사진관,Huh Taeyeon,기타,,발표 시기 미상,https://library.ltikorea.or.kr/translatedbooks/415615,,"번역서 4종 · 프랑스어, 스페인어, 영어, 러시아어 · 예: Le petit studio photo Hakuda",포함
하고 싶은 대로 살아도 괜찮아,Yun Jungeun,기타,,발표 시기 미상,https://library.ltikorea.or.kr/translatedbooks/415614,,번역서 1종 · 중국어(번체) · 예: 自己的人生，按自己的節奏來，沒關係,포함
품위 있는 삶,Chung So-hyun,기타,,발표 시기 미상,https://library.ltikorea.or.kr/translatedbooks/415610,,"번역서 2종 · 중국어(번체), 스페인어 · 예: 餘燼裡的尊嚴",포함
심여사는 킬러,Kang Jiyoung,기타,,발표 시기 미상,https://library.ltikorea.or.kr/translatedbooks/415609,,"번역서 7종 · 영어, 포르투갈어, 프랑스어, 스웨덴어, 헝가리어 · 예: A SRA. SHIM É UMA ASSASSINA",포함
역병의 바다,Bo-yong Kim,기타,,발표 시기 미상,https://library.ltikorea.or.kr/translatedbooks/415605,,"번역서 2종 · 영어, 이탈리아어 · 예: A Plagued Sea",포함
20세기의 신화,Kim Hakchul,소설,,발표 시기 미상,https://library.ltikorea.or.kr/translatedbooks/415604,,번역서 1종 · 일본어 · 예: 20世紀の神話,포함
가시고기 우리 아빠,Cho Chang-in,기타,,발표 시기 미상,https://library.ltikorea.or.kr/translatedbooks/415602,,번역서 1종 · 베트남어 · 예: Người bố cá gai của tôi,포함
행성어 서점,Kim Choyeop,기타,,발표 시기 미상,https://library.ltikorea.or.kr/translatedbooks/415601,,"번역서 2종 · 일본어, 중국어(번체) · 예: 惑星語書店",포함
잘 자요 엄마,SEO MI-AE,기타,,발표 시기 미상,https://library.ltikorea.or.kr/translatedbooks/415600,,"번역서 12종 · 우크라이나어, 태국어, 베트남어, 중국어(번체), 네덜란드어 · 예: На добраніч, мамо",포함
죽고 싶지만 떡볶이는 먹고 싶어 2,Baek Se Hee,기타,,발표 시기 미상,https://library.ltikorea.or.kr/translatedbooks/415591,,"번역서 7종 · 중국어(번체), 폴란드어, 영어, 태국어, 인도네시아어 · 예: Nie mam ochoty żyć, ale za bardzo lubię tteokbokki",포함
온전히 평등하고 지극히 차별적인,김원영,기타,,발표 시기 미상,https://library.ltikorea.or.kr/translatedbooks/415590,,번역서 1종 · 일본어 · 예: 完全に平等で、非常に差別的な,포함
헬로 베이비,Kim Euigyeong,기타,,발표 시기 미상,https://library.ltikorea.or.kr/translatedbooks/415578,,"번역서 3종 · 영어, 네덜란드어, 독일어 · 예: Hello Baby",포함
아이돌 살인,Lee Somin,기타,,발표 시기 미상,https://library.ltikorea.or.kr/translatedbooks/415575,,번역서 1종 · 포르투갈어 · 예: A morte do idol,포함
별을 스치는 바람,Lee Jung-myung,기타,,발표 시기 미상,https://library.ltikorea.or.kr/translatedbooks/415572,,"번역서 7종 · 튀르키예어, 영어, 중국어(번체), 중국어(간체), 일본어 · 예: Yıldızlara Değen Rüzgar",포함
중고나라 선녀님,Huh Taeyeon,기타,,발표 시기 미상,https://library.ltikorea.or.kr/translatedbooks/415571,,번역서 1종 · 러시아어 · 예: Счастье в добрые руки,포함
재회,Bora Chung,기타,,발표 시기 미상,https://library.ltikorea.or.kr/translatedbooks/415569,,번역서 1종 · 폴란드어 · 예: Ponowne spotkanie,포함
하나의 경우,Lee Dongeun,기타,,발표 시기 미상,https://library.ltikorea.or.kr/translatedbooks/415567,,"번역서 2종 · 폴란드어, 프랑스어 · 예: Przypadek Hany",포함
긴 호흡 (가제),Mun Jeong-in,기타,,발표 시기 미상,https://library.ltikorea.or.kr/translatedbooks/415558,,번역서 1종 · 독일어 · 예: Langer Atem,포함
그 여름의 끝,LEE Seong-Bok,기타,,발표 시기 미상,https://library.ltikorea.or.kr/translatedbooks/415551,,번역서 1종 · 영어 · 예: That Summer's End,포함
그들에게 린디합을,Son BO-MI,기타,,발표 시기 미상,https://library.ltikorea.or.kr/translatedbooks/415546,,번역서 1종 · 영어 · 예: Swell,포함
영웅초한지 5,유기영,기타,,발표 시기 미상,https://library.ltikorea.or.kr/translatedbooks/415543,,번역서 1종 · 중국어(간체) · 예: 楚汉英雄志5：大汉建国,포함
영웅초한지4,유기영,기타,,발표 시기 미상,https://library.ltikorea.or.kr/translatedbooks/415542,,번역서 1종 · 중국어(간체) · 예: 楚汉英雄志4：楚汉争霸,포함
영웅초한지 3,유기영,기타,,발표 시기 미상,https://library.ltikorea.or.kr/translatedbooks/415541,,번역서 1종 · 중국어(간체) · 예: 楚汉英雄志3：暗度陈仓,포함
영웅초한지2,유기영,기타,,발표 시기 미상,https://library.ltikorea.or.kr/translatedbooks/415540,,번역서 3종 · 중국어(간체) · 예: 楚汉英雄志2：鸿门宴,포함
김약국의 딸들,Pak Kyongni,기타,,발표 시기 미상,https://library.ltikorea.or.kr/translatedbooks/415539,,"번역서 4종 · 아라비아어, 중국어(간체), 프랑스어, 러시아어 · 예: ㅇㅇㅇㅇㅇㅇ",포함
제 꿈 꾸세요,Kim Mella,기타,,발표 시기 미상,https://library.ltikorea.or.kr/translatedbooks/415528,,"번역서 4종 · 독일어, 일본어, 스페인어 · 예: Träum von mir",포함
불신시대,PAK Kyongni,기타,,발표 시기 미상,https://library.ltikorea.or.kr/translatedbooks/415525,,"번역서 2종 · 스페인어, 영어 · 예: Tiempos de incertidumbre",포함
토지 2,Pak Kyongni,기타,,발표 시기 미상,https://library.ltikorea.or.kr/translatedbooks/415524,,번역서 1종 · 일본어 · 예: 土地 2,포함
토지 1,Pak Kyongni,기타,,발표 시기 미상,https://library.ltikorea.or.kr/translatedbooks/415521,,번역서 1종 · 일본어 · 예: 土地 １,포함
가라시대,Lee Dooho,기타,,발표 시기 미상,https://library.ltikorea.or.kr/translatedbooks/415518,,번역서 1종 · 체코어 · 예: Indžo a Čočchung / Im Kkok-čong,포함
불타는 작품,Yun Ko Eun,기타,,발표 시기 미상,https://library.ltikorea.or.kr/translatedbooks/415514,,번역서 1종 · 영어 · 예: Art on Fire,포함
삐약이 엄마,Baek Heena,기타,,발표 시기 미상,https://library.ltikorea.or.kr/translatedbooks/415505,,"번역서 5종 · 스웨덴어, 중국어(번체), 일본어, 중국어(간체), 프랑스어 · 예: Pips mamma",포함
육조단경과 마음공부,법상,기타,,발표 시기 미상,https://library.ltikorea.or.kr/translatedbooks/415501,,번역서 1종 · 베트남어 · 예: Lục Tổ Đàn Kinh Huệ Năng,포함
순도 100%의 휴식,Sang Young Park,기타,,발표 시기 미상,https://library.ltikorea.or.kr/translatedbooks/415498,,번역서 1종 · 중국어(번체) · 예: 純度100%的休息,포함
희랍어 시간,Han Kang,기타,,발표 시기 미상,https://library.ltikorea.or.kr/translatedbooks/415496,,"번역서 18종 · 영어, 이탈리아어, 프랑스어, 세르비아어, 튀르키예어 · 예: Časovi starogrčkog",포함
지렁이 울음소리,Park Wansuh,기타,,발표 시기 미상,https://library.ltikorea.or.kr/translatedbooks/415493,,번역서 1종 · 스페인어 · 예: El llanto de la lombriz,포함
홀,PYUN HYE YOUNG,기타,,발표 시기 미상,https://library.ltikorea.or.kr/translatedbooks/415491,,"번역서 17종 · 폴란드어, 스페인어, 영어, 루마니아어, 체코어 · 예: Dół",포함
바람의 화원,Lee Jung-myung,기타,,발표 시기 미상,https://library.ltikorea.or.kr/translatedbooks/415490,,"번역서 6종 · 중국어(번체), 일본어, 이탈리아어, 중국어(간체) · 예: 風之畫師(上)",포함
고수 2,Mun Jeonghu,기타,,발표 시기 미상,https://library.ltikorea.or.kr/translatedbooks/415488,,번역서 1종 · 우크라이나어 · 예: Великий майстер. Том 2,포함
고수 1,Mun Jeonghu,기타,,발표 시기 미상,https://library.ltikorea.or.kr/translatedbooks/415487,,번역서 1종 · 우크라이나어 · 예: Великий майстер. Том 1,포함
빛그물,Choi Jeongrye,기타,,발표 시기 미상,https://library.ltikorea.or.kr/translatedbooks/415485,,번역서 1종 · 영어 · 예: Lightmesh,포함
한강 작품선 (가제),Han Kang,기타,,발표 시기 미상,https://library.ltikorea.or.kr/translatedbooks/415483,,"번역서 2종 · 스페인어, 스웨덴어 · 예: ESTUCHE HAN KANG",포함
흰,Han Kang,기타,,발표 시기 미상,https://library.ltikorea.or.kr/translatedbooks/415480,,"번역서 28종 · 영어, 프랑스어, 포르투갈어, 페르시아어, 노르웨이어 · 예: Blanc",포함
배비장전,,기타,,발표 시기 미상,https://library.ltikorea.or.kr/translatedbooks/415479,,번역서 1종 · 스페인어 · 예: LA TENTACION ED LA GISAENG,중복 제외 (앞 순위 출처에 있음)
마흔에 읽는 니체,장재형,기타,,발표 시기 미상,https://library.ltikorea.or.kr/translatedbooks/415477,,번역서 1종 · 중국어(간체) · 예: 40岁读尼采,포함
3인칭 관찰자 시점,조경아,기타,,발표 시기 미상,https://library.ltikorea.or.kr/translatedbooks/415472,,번역서 1종 · 인도네시아어 · 예: The Third Person Point of View,포함
철도원 삼대,Hwang Sok-yong,기타,,발표 시기 미상,https://library.ltikorea.or.kr/translatedbooks/415467,,"번역서 10종 · 일본어, 프랑스어, 폴란드어, 러시아어, 아제르바이잔어 · 예: Mater 2-10",포함
내 친구 김정은,Keum Suk Gendry-Kim,기타,,발표 시기 미상,https://library.ltikorea.or.kr/translatedbooks/415465,,"번역서 5종 · 루마니아어, 카탈로니아어, 이탈리아어, 프랑스어, 포르투갈어 · 예: Prietenul meu, Kim Jong-un",포함
한국옛날이야기,Seo Jeong Oh,기타,,발표 시기 미상,https://library.ltikorea.or.kr/translatedbooks/415464,,번역서 4종 · 일본어 · 예: 韓国昔ばなし(下),포함
Folklorn,Angela Hur,기타,,발표 시기 미상,https://library.ltikorea.or.kr/translatedbooks/415456,,"번역서 1종 · 한국어 · 예: 우리, 메아리처럼",포함
향수: 최서해 소설집,Choi Seohae,단편소설,,발표 시기 미상,https://library.ltikorea.or.kr/translatedbooks/415453,,번역서 1종 · 스페인어 · 예: DESARRAIGO,포함
불꽃의 인페르노(시리즈),Lim Dall-Young,기타,,발표 시기 미상,https://library.ltikorea.or.kr/translatedbooks/415451,,번역서 4종 · 체코어 · 예: Ohnivý inferno 3,포함
여왕의 기사(시리즈),Kim Kang-Won,기타,,발표 시기 미상,https://library.ltikorea.or.kr/translatedbooks/415448,,"번역서 8종 · 체코어, 독일어 · 예: Královnin rytíř 6",포함
작별하지 않는다,Han Kang,기타,,발표 시기 미상,https://library.ltikorea.or.kr/translatedbooks/415441,,"번역서 21종 · 포르투갈어, 영어, 노르웨이어, 루마니아어, 체코어 · 예: Dette er ikke farvel",포함
나우(시리즈),Park Sung-woo,기타,,발표 시기 미상,https://library.ltikorea.or.kr/translatedbooks/415440,,번역서 2종 · 체코어 · 예: Now 2,포함
리젠드(시리즈),Woo Soo-Jung,기타,,발표 시기 미상,https://library.ltikorea.or.kr/translatedbooks/415438,,번역서 3종 · 체코어 · 예: LEGENDA 2,포함
21세기 마지막 첫사랑,Kim Bbang,기타,,발표 시기 미상,https://library.ltikorea.or.kr/translatedbooks/415435,,번역서 1종 · 러시아어 · 예: Последняя первая любовь 21 века,포함
파도가 바다의 일이라면,Kim Yeonsu,기타,,발표 시기 미상,https://library.ltikorea.or.kr/translatedbooks/415433,,"번역서 4종 · 스페인어, 일본어, 중국어(번체), 프랑스어 · 예: Si el papel del mar es hacer olas",포함
한 권으로 읽는 조선왕조실록,Park Yeong-kyu,기타,,발표 시기 미상,https://library.ltikorea.or.kr/translatedbooks/415430,,번역서 2종 · 중국어(간체) · 예: 海东实录：一本书读懂朝鲜王朝,포함
한국 여성문학 단편선,Kim Ae-ran,단편소설,,발표 시기 미상,https://library.ltikorea.or.kr/translatedbooks/415424,,번역서 1종 · 프랑스어 · 예: COCKTAIL SUGAR ET AUTRES NOUVELLES DE CORÉE,포함
숲속의 담 2,다홍,기타,,발표 시기 미상,https://library.ltikorea.or.kr/translatedbooks/415414,,번역서 1종 · 프랑스어 · 예: Dam of the forest 2,포함
숲속의 담 1,다홍,기타,,발표 시기 미상,https://library.ltikorea.or.kr/translatedbooks/415409,,번역서 1종 · 프랑스어 · 예: Dam of the forest 1,포함
내가 죽기 일주일 전,Seo Eun-Chae,기타,,발표 시기 미상,https://library.ltikorea.or.kr/translatedbooks/415393,,"번역서 2종 · 포르투갈어, 독일어 · 예: Um amor de despedida",포함
연이와 버들도령,Baek Heena,기타,,발표 시기 미상,https://library.ltikorea.or.kr/translatedbooks/415380,,번역서 1종 · 스웨덴어 · 예: Joni och grottans hemlighet,포함
나는 개다,Baek Heena,기타,,발표 시기 미상,https://library.ltikorea.or.kr/translatedbooks/415378,,"번역서 3종 · 스웨덴어, 일본어, 중국어(간체) · 예: Jag är en hund",포함
알사탕 제조법,Baek Heena,기타,,발표 시기 미상,https://library.ltikorea.or.kr/translatedbooks/415377,,"번역서 2종 · 스웨덴어, 포르투갈어 · 예: Hur du gör magiska godiskulor",포함
천둥 꼬마 선녀 번개 꼬마 선녀,Han Kang,기타,,발표 시기 미상,https://library.ltikorea.or.kr/translatedbooks/415371,,"번역서 2종 · 포르투갈어, 스페인어 · 예: A Fadinha Relâmpago e a Fadinha Trovão",포함
천 개의 파랑,Cheon Seonran,기타,,발표 시기 미상,https://library.ltikorea.or.kr/translatedbooks/415368,,"번역서 6종 · 폴란드어, 포르투갈어, 튀르키예어, 영어, 중국어(번체) · 예: Tysiąc odcieni błękitu",포함
여름의 귤을 좋아하세요,Lee Heeyoung,기타,,발표 시기 미상,https://library.ltikorea.or.kr/translatedbooks/415367,,번역서 1종 · 러시아어 · 예: Ты любишь летние мандарины?,포함
백의 그림자,Hwang Jungeun,기타,,발표 시기 미상,https://library.ltikorea.or.kr/translatedbooks/415365,,"번역서 9종 · 폴란드어, 일본어, 그리스어, 스페인어, 프랑스어 · 예: Sto cieni",포함
주해 동초제 고향임 창본 춘향가,Choi Hye-Jin,기타,,발표 시기 미상,https://library.ltikorea.or.kr/translatedbooks/415364,,번역서 1종 · 프랑스어 · 예: Chunhyangga,포함
"아무튼, 디지몬",Cheon Seonran,기타,,발표 시기 미상,https://library.ltikorea.or.kr/translatedbooks/415349,,번역서 1종 · 중국어(번체) · 예: 我，還有我的數碼寶貝,포함
나나,Lee Heeyoung,기타,,발표 시기 미상,https://library.ltikorea.or.kr/translatedbooks/415346,,"번역서 2종 · 프랑스어, 러시아어 · 예: MOI MOI",포함
무정,Yi Kwang-Su,기타,,발표 시기 미상,https://library.ltikorea.or.kr/translatedbooks/415345,,"번역서 6종 · 일본어, 아라비아어, 이탈리아어, 중국어(간체), 튀르키예어 · 예: جفاء",포함
페인트,Lee Heeyoung,기타,,발표 시기 미상,https://library.ltikorea.or.kr/translatedbooks/415344,,"번역서 5종 · 튀르키예어, 스페인어, 일본어, 중국어(간체), 중국어(번체) · 예: Evlatlık",포함
"알로하, 나의 엄마들",Lee Geumyi,기타,,발표 시기 미상,https://library.ltikorea.or.kr/translatedbooks/415342,,"번역서 6종 · 영어, 아라비아어, 독일어, 일본어, 러시아어 · 예: زوجة بالطلب",포함
수이와 하얀 빛,Ginger Ly,기타,,발표 시기 미상,https://library.ltikorea.or.kr/translatedbooks/415328,,번역서 1종 · 영어 · 예: Suee and the Strange White Light,포함
한 사람,Wee Hae-June,기타,,발표 시기 미상,https://library.ltikorea.or.kr/translatedbooks/415326,,번역서 1종 · 영어 · 예: One Person,포함
모두 다 음악,Miran Park,기타,,발표 시기 미상,https://library.ltikorea.or.kr/translatedbooks/415323,,번역서 1종 · 영어 · 예: Everything is Music,포함
달은 어디에 떠 있나?,Chang-hoon Jung,기타,,발표 시기 미상,https://library.ltikorea.or.kr/translatedbooks/415320,,"번역서 2종 · 영어, 프랑스어 · 예: The Moon Tonight",포함
난 엄마가 참 좋아,Lee Su-An,기타,,발표 시기 미상,https://library.ltikorea.or.kr/translatedbooks/415318,,번역서 1종 · 영어 · 예: I Really Like Mom,포함
유령의 마음으로,임선우,기타,,발표 시기 미상,https://library.ltikorea.or.kr/translatedbooks/415313,,"번역서 4종 · 튀르키예어, 영어, 베트남어, 일본어 · 예: Hayaletin Kalbi",포함
우리가 빛의 속도로 갈 수 없다면,Kim Choyeop,기타,,발표 시기 미상,https://library.ltikorea.or.kr/translatedbooks/415312,,"번역서 8종 · 프랑스어, 중국어(번체), 영어, 포르투갈어, 스페인어 · 예: If We Cannot Go at the Speed of Light",포함
스노볼 1,Park So-young,기타,,발표 시기 미상,https://library.ltikorea.or.kr/translatedbooks/415311,,"번역서 3종 · 스페인어, 루마니아어, 영어 · 예: Snowglobe",포함
좁은 방,Choi Sungmin,기타,,발표 시기 미상,https://library.ltikorea.or.kr/translatedbooks/415310,,번역서 1종 · 영어 · 예: Narrow Rooms,포함
비스킷,Kim Sun Mi,기타,,발표 시기 미상,https://library.ltikorea.or.kr/translatedbooks/415304,,"번역서 7종 · 스페인어, 프랑스어, 러시아어, 폴란드어, 인도네시아어 · 예: Les Biscuits",포함
서른의 반격,Sohn Won-pyung,기타,,발표 시기 미상,https://library.ltikorea.or.kr/translatedbooks/415282,,"번역서 6종 · 스페인어, 이탈리아어, 영어, 폴란드어, 일본어 · 예: Contraataque a los 30",포함
편지 가게 글월,Baek Seungyeon,기타,,발표 시기 미상,https://library.ltikorea.or.kr/translatedbooks/415269,,"번역서 5종 · 영어, 독일어, 프랑스어, 포르투갈어, 스페인어 · 예: The Seoul Letter Shop",포함
씨 유 어게인,Kim Jiyun,기타,,발표 시기 미상,https://library.ltikorea.or.kr/translatedbooks/415266,,번역서 1종 · 독일어 · 예: Kimchi zum Frühstück,포함
브로콜리 도서관의 마녀들,Hye-Ryoung Lee,기타,,발표 시기 미상,https://library.ltikorea.or.kr/translatedbooks/415264,,번역서 1종 · 러시아어 · 예: Волшебная библиотека Брокколи,포함
건청궁일기,Park Yeong-kyu,기타,,발표 시기 미상,https://library.ltikorea.or.kr/translatedbooks/415262,,번역서 1종 · 인도네시아어 · 예: Maharani Myeongseong 1,포함
고래,Cheon Myeong-kwan,기타,,발표 시기 미상,https://library.ltikorea.or.kr/translatedbooks/415260,,"번역서 11종 · 영어, 히브리어, 중국어(번체), 스페인어, 폴란드어 · 예: לווייתן",포함
외롭고 높고 쓸쓸한,Ahn Do-Hyun,기타,,발표 시기 미상,https://library.ltikorea.or.kr/translatedbooks/415258,,번역서 1종 · 일본어 · 예: 独り気高く寂しく,포함
달러구트 꿈 백화점,Lee Miye,기타,,발표 시기 미상,https://library.ltikorea.or.kr/translatedbooks/415257,,"번역서 22종 · 스페인어, 영어, 프랑스어, 인도네시아어, 리투아니아어 · 예: Didžioji sapnų krautuvė",포함
그리고 펌킨맨이 나타났다,Yu Sojeong,기타,,발표 시기 미상,https://library.ltikorea.or.kr/translatedbooks/415255,,번역서 1종 · 일본어 · 예: そしてパンプキンマンがあらわれた,포함
하테마테 3,랙,기타,,발표 시기 미상,https://library.ltikorea.or.kr/translatedbooks/415254,,번역서 1종 · 베트남어 · 예: HOW TO HATE MATE,포함
아몬드,Sohn Won-pyung,기타,,발표 시기 미상,https://library.ltikorea.or.kr/translatedbooks/415249,,"번역서 31종 · 스페인어, 페르시아어, 영어, 우크라이나어, 독일어 · 예: Мигдаль",포함
달러구트 꿈 백화점 2,Lee Miye,기타,,발표 시기 미상,https://library.ltikorea.or.kr/translatedbooks/415248,,"번역서 9종 · 영어, 포르투갈어, 프랑스어, 스페인어, 러시아어 · 예: A GRANDE LOJA DE SONHOS - VOL. 2",포함
눈물을 마시는 새 1,Lee Yeongdo,기타,,발표 시기 미상,https://library.ltikorea.or.kr/translatedbooks/415247,,"번역서 1종 · 우크라이나어 · 예: Той птах, що п’є сльози",포함
그럼에도 여기에서,Silkidoodle,기타,,발표 시기 미상,https://library.ltikorea.or.kr/translatedbooks/415246,,"번역서 2종 · 중국어(번체), 프랑스어 · 예: 孤單手記",포함
나 혼자만 레벨업 1,Jang Sung-rak,기타,,발표 시기 미상,https://library.ltikorea.or.kr/translatedbooks/415245,,번역서 1종 · 세르비아어 · 예: Solo Leveling 1,포함
아니 요즘 세상에 누가,Gwak Minji,기타,,발표 시기 미상,https://library.ltikorea.or.kr/translatedbooks/415243,,번역서 1종 · 일본어 · 예: 私の「結婚」について勝手に語らないでください.,포함
혼자와 함께 사이,Choi Yuna,기타,,발표 시기 미상,https://library.ltikorea.or.kr/translatedbooks/415240,,번역서 1종 · 중국어(번체) · 예: 從兩個人到一個人,포함
병역거부의 질문들,LEE YONGSEOK,기타,,발표 시기 미상,https://library.ltikorea.or.kr/translatedbooks/415237,,번역서 1종 · 일본어 · 예: 兵役拒否の問い,포함
그녀를 만나다,Bora Chung,기타,,발표 시기 미상,https://library.ltikorea.or.kr/translatedbooks/415235,,"번역서 6종 · 영어, 스페인어, 아라비아어, 독일어 · 예: يوتوبيا",포함
뉴서울파크 젤리장수 대학살,Cho Yeeun,기타,,발표 시기 미상,https://library.ltikorea.or.kr/translatedbooks/415234,,"번역서 2종 · 중국어(번체), 중국어(간체) · 예: 新首爾公園軟糖嘉年華",포함
한국고대중세시가집 (가제),Sung-Il Lee,시,,발표 시기 미상,https://library.ltikorea.or.kr/translatedbooks/415232,,"번역서 2종 · 영어 · 예: Ancient, Medieval, and Premodern Korean Songs and Poems",포함
죽이고 싶은 아이,lee Kkotnim,기타,,발표 시기 미상,https://library.ltikorea.or.kr/translatedbooks/415231,,"번역서 4종 · 인도네시아어, 스페인어, 이탈리아어, 일본어 · 예: Anak yang Memendam Amarah",포함
나 혼자만 레벨업 2,Jang Sung-rak,기타,,발표 시기 미상,https://library.ltikorea.or.kr/translatedbooks/415230,,번역서 1종 · 세르비아어 · 예: Solo Leveling 2,포함
당신은 결국 무엇이든 해내는 사람,Sang Hyun Kim,기타,,발표 시기 미상,https://library.ltikorea.or.kr/translatedbooks/415227,,번역서 1종 · 인도네시아어 · 예: Apa Saja yang Bisa Kulakukan Selama Aku Hidup?,포함
아가,Yi Mun-Yol,기타,,발표 시기 미상,https://library.ltikorea.or.kr/translatedbooks/415225,,번역서 2종 · 스페인어 · 예: AGA,포함
악마의 일기,Park Kun-Woong,기타,,발표 시기 미상,https://library.ltikorea.or.kr/translatedbooks/415216,,번역서 1종 · 스페인어 · 예: EL DIARIO DEL DEMONIO,포함
여자 둘이 살고 있습니다,Hwang Seonu,기타,,발표 시기 미상,https://library.ltikorea.or.kr/translatedbooks/415207,,"번역서 3종 · 영어, 중국어(번체), 일본어 · 예: Two Women Living Together",포함
두근두근 내 인생,Kim Ae-ran,기타,,발표 시기 미상,https://library.ltikorea.or.kr/translatedbooks/415205,,"번역서 14종 · 영어, 튀르키예어, 루마니아어, 네덜란드어, 페르시아어 · 예: Benim Mükemmel Hayatım",포함
구의 증명,Choi Jin-Young,기타,,발표 시기 미상,https://library.ltikorea.or.kr/translatedbooks/415204,,"번역서 3종 · 튀르키예어, 스페인어, 영어 · 예: Açlık",포함
마지막 테우리,Hyun Ki Young,기타,,발표 시기 미상,https://library.ltikorea.or.kr/translatedbooks/415203,,번역서 1종 · 러시아어 · 예: Последний пастух,포함
블러디 마더,Kim Bohyun,기타,,발표 시기 미상,https://library.ltikorea.or.kr/translatedbooks/415200,,번역서 1종 · 이탈리아어 · 예: Sangue madre,포함
불편한 편의점 2,Kim Ho-yeon,기타,,발표 시기 미상,https://library.ltikorea.or.kr/translatedbooks/415197,,"번역서 2종 · 폴란드어, 독일어 · 예: Jeszcze bardziej nietuzinkowy sklep całodobowy",포함
내가 죽기 일주일 전,SEO EUN-CHAE,기타,,발표 시기 미상,https://library.ltikorea.or.kr/translatedbooks/415196,,"번역서 2종 · 폴란드어, 이탈리아어 · 예: Tydzień, zanim umrę",포함
빛이 이끄는 곳으로,Baek Hee-seong,기타,,발표 시기 미상,https://library.ltikorea.or.kr/translatedbooks/415195,,번역서 1종 · 중국어(간체) · 예: 光指引的地方,포함
게으른 게 아니라 충전 중입니다,Dancingsnail,기타,,발표 시기 미상,https://library.ltikorea.or.kr/translatedbooks/415188,,"번역서 5종 · 스페인어, 영어, 태국어, 인도네시아어, 일본어 · 예: No es flojera, estoy en modo ahorro de energía",포함
프로젝트 브이,Park Seolyeon,기타,,발표 시기 미상,https://library.ltikorea.or.kr/translatedbooks/415184,,번역서 1종 · 영어 · 예: Project V,포함
우리의 밤이 시작되는 곳,Koh Yohan,기타,,발표 시기 미상,https://library.ltikorea.or.kr/translatedbooks/415177,,번역서 1종 · 스페인어 · 예: Donde empieza nuestra noche,포함
악역의 엔딩은 죽음뿐,Gwon Gyeoeul,기타,,발표 시기 미상,https://library.ltikorea.or.kr/translatedbooks/415176,,번역서 1종 · 프랑스어 · 예: Seule la mort attend la vilaine,포함
김혜순 선집 (가제),Kim Hyesoon,기타,,발표 시기 미상,https://library.ltikorea.or.kr/translatedbooks/415170,,번역서 1종 · 영어 · 예: Lady No,포함
탕비실,Lee Miye,기타,,발표 시기 미상,https://library.ltikorea.or.kr/translatedbooks/415159,,"번역서 4종 · 영어, 포르투갈어, 중국어(번체) · 예: Break Room",포함
테디베어는 죽지 않아,Cho Yeeun,기타,,발표 시기 미상,https://library.ltikorea.or.kr/translatedbooks/415156,,번역서 1종 · 영어 · 예: Teddy Bears Never Die,포함
너라는 이름의 숲,Amil,기타,,발표 시기 미상,https://library.ltikorea.or.kr/translatedbooks/415145,,번역서 1종 · 영어 · 예: The Forest Called You,포함
어린이라는 세계,Kim So-Young,기타,,발표 시기 미상,https://library.ltikorea.or.kr/translatedbooks/415143,,번역서 1종 · 중국어 · 예: 人类幼崽观察笔记,포함
친밀한 이방인,Chung Han-Ah,기타,,발표 시기 미상,https://library.ltikorea.or.kr/translatedbooks/415140,,"번역서 2종 · 러시아어, 중국어(간체) · 예: АННА",포함
적당한 사람,Lee ChangSub,기타,,발표 시기 미상,https://library.ltikorea.or.kr/translatedbooks/415133,,번역서 1종 · 영어 · 예: The Right Person,포함
"됐고요, 일단 나부터 행복해지겠습니다",Hadahada,기타,,발표 시기 미상,https://library.ltikorea.or.kr/translatedbooks/415130,,"번역서 1종 · 영어 · 예: IT'S OKAY, I'LL BE HAPPY FIRST",포함
하마터면 열심히 살 뻔했다,Ha Wan,기타,,발표 시기 미상,https://library.ltikorea.or.kr/translatedbooks/415127,,"번역서 3종 · 영어, 태국어, 일본어 · 예: I Almost Worked Too Hard",포함
단순한 진심,Cho Hae-jin,기타,,발표 시기 미상,https://library.ltikorea.or.kr/translatedbooks/415126,,"번역서 3종 · 영어, 중국어(간체), 일본어 · 예: Simple Heart",포함
살인자의 기억법,Kim Young-ha,기타,,발표 시기 미상,https://library.ltikorea.or.kr/translatedbooks/415123,,"번역서 10종 · 아라비아어, 우크라이나어, 중국어(간체), 덴마크어, 페르시아어 · 예: مذكرات قاتل",포함
살인자의 쇼핑몰,Kang Jiyoung,기타,,발표 시기 미상,https://library.ltikorea.or.kr/translatedbooks/415122,,번역서 1종 · 아라비아어 · 예: متجر للقتلة,포함
경청,Kim Hye-jin,기타,,발표 시기 미상,https://library.ltikorea.or.kr/translatedbooks/415119,,"번역서 10종 · 독일어, 스페인어, 중국어(간체), 폴란드어, 루마니아어 · 예: 猫舔过伤口",포함
9번의 일,Kim Hye-jin,기타,,발표 시기 미상,https://library.ltikorea.or.kr/translatedbooks/415118,,"번역서 2종 · 중국어(간체), 중국어(번체) · 예: 9号的工作",포함
뒤로 가는 기차,박현숙,기타,,발표 시기 미상,https://library.ltikorea.or.kr/translatedbooks/415102,,번역서 1종 · 중국어(간체) · 예: 我和奶奶,포함
てとてとてとて,浜田桂子,기타,,발표 시기 미상,https://library.ltikorea.or.kr/translatedbooks/415099,,번역서 1종 · 중국어(간체) · 예: 了不起的小手,포함
뱅상 식탁,Sul Jae-in,기타,,발표 시기 미상,https://library.ltikorea.or.kr/translatedbooks/415095,,번역서 1종 · 러시아어 · 예: Ресторан «У Винсента»,포함
해동 인간,Choi Eunyoung,기타,,발표 시기 미상,https://library.ltikorea.or.kr/translatedbooks/415090,,번역서 1종 · 폴란드어 · 예: Przebudzona,포함
슬픔에 빠진 나를 위해 똑 똑 똑,조미자,기타,,발표 시기 미상,https://library.ltikorea.or.kr/translatedbooks/415087,,번역서 1종 · 중국어(번체) · 예: 當我難過的時候,포함
수평선 시리즈,Jeong Jihoon,기타,,발표 시기 미상,https://library.ltikorea.or.kr/translatedbooks/415075,,번역서 1종 · 세르비아어 · 예: HORIZONT,포함
오늘 아침 단어,Yoo Heekyung,기타,,발표 시기 미상,https://library.ltikorea.or.kr/translatedbooks/415062,,번역서 1종 · 한국어 · 예: Today's Morning Vocabulary,포함
사과는 잘해요,Lee Kiho,기타,,발표 시기 미상,https://library.ltikorea.or.kr/translatedbooks/415060,,"번역서 9종 · 카탈로니아어, 스페인어, 베트남어, 프랑스어, 튀르키예어 · 예: EL QUE FEM BÉ ÉS DEMANAR PERDÓ",포함
모순,Yang Gui-ja,기타,,발표 시기 미상,https://library.ltikorea.or.kr/translatedbooks/415059,,"번역서 5종 · 중국어(번체), 튀르키예어, 체코어, 중국어(간체), 불가리아어 · 예: 矛盾",포함
나혜석 단편집,Na Hye-seok,단편소설,,발표 시기 미상,https://library.ltikorea.or.kr/translatedbooks/415057,,번역서 1종 · 스페인어 · 예: Resentimiento,포함
파도의 아이들,Su-youn Jung,기타,,발표 시기 미상,https://library.ltikorea.or.kr/translatedbooks/415055,,번역서 1종 · 일본어 · 예: 波の子どもたち,포함
돌보는 마음,Kim Yudam,기타,,발표 시기 미상,https://library.ltikorea.or.kr/translatedbooks/415053,,번역서 1종 · 일본어 · 예: ケアする心,포함
거짓말 학교,Jeon Seonghui,기타,,발표 시기 미상,https://library.ltikorea.or.kr/translatedbooks/415051,,번역서 1종 · 일본어 · 예: ウソ學校,포함
종의 기원담,Bo-yong Kim,단편소설,,발표 시기 미상,https://library.ltikorea.or.kr/translatedbooks/415035,,"번역서 4종 · 프랑스어, 튀르키예어, 이탈리아어, 영어 · 예: De l’origine des espèces",포함
"시간이 멈춰 선 화과자점, 화월당입니다",Lee Onhwa,기타,,발표 시기 미상,https://library.ltikorea.or.kr/translatedbooks/415028,,"번역서 3종 · 태국어, 프랑스어, 영어 · 예: ปาฏิหาริย์ร้านขนมเที่ยงคืน ฮวาว็อลดัง",포함
성소년,Lee Hee-joo,기타,,발표 시기 미상,https://library.ltikorea.or.kr/translatedbooks/415026,,"번역서 3종 · 영어, 프랑스어 · 예: Holy Boy",포함
서랍에 저녁을 넣어 두었다,Han Kang,기타,,발표 시기 미상,https://library.ltikorea.or.kr/translatedbooks/415009,,"번역서 5종 · 네덜란드어, 프랑스어, 스페인어, 중국어(간체), 일본어 · 예: Ik leg de avond in een la",포함
김 비서가 왜 그럴까 시리즈,Jeong GyeongYun,기타,,발표 시기 미상,https://library.ltikorea.or.kr/translatedbooks/415008,,번역서 1종 · 프랑스어 · 예: Qu’est-ce qui cloche avec la secrétaire Kim ? – Tome 1,포함
불편한 편의점,Kim Ho-yeon,기타,,발표 시기 미상,https://library.ltikorea.or.kr/translatedbooks/414999,,"번역서 3종 · 튀르키예어, 폴란드어, 포르투갈어 · 예: Rahatsız Market",포함
딸에 대하여,Kim Hye-jin,기타,,발표 시기 미상,https://library.ltikorea.or.kr/translatedbooks/414998,,"번역서 19종 · 영어, 스페인어, 포르투갈어, 폴란드어, 튀르키예어 · 예: O mojej córce",포함
"바람이 분다, 가라",Han Kang,기타,,발표 시기 미상,https://library.ltikorea.or.kr/translatedbooks/414988,,"번역서 3종 · 카탈로니아어, 스페인어, 프랑스어 · 예: Tinta i sang",포함
어느 별의 지옥,Kim Hyesoon,기타,,발표 시기 미상,https://library.ltikorea.or.kr/translatedbooks/414982,,번역서 1종 · 영어 · 예: The Hell of That Star,포함
나목,Park Wansuh,기타,,발표 시기 미상,https://library.ltikorea.or.kr/translatedbooks/414978,,"번역서 5종 · 스페인어, 프랑스어, 영어, 중국어(간체), 스웨덴어 · 예: El Árbol desnudo",포함
식물적 낙관,KIM KEUM HEE,기타,,발표 시기 미상,https://library.ltikorea.or.kr/translatedbooks/414976,,"번역서 2종 · 독일어, 네덜란드어 · 예: Der Garten in meinem Zimmer",포함
옷소매 붉은 끝동 1,Kang Mikang,기타,,발표 시기 미상,https://library.ltikorea.or.kr/translatedbooks/414972,,"번역서 2종 · 러시아어, 스페인어 · 예: Красные манжеты",포함
해피버쓰데이,Baek Heena,기타,,발표 시기 미상,https://library.ltikorea.or.kr/translatedbooks/414958,,번역서 1종 · 중국어(번체) · 예: 生日快樂,포함
소지,Lee Chang-dong,기타,,발표 시기 미상,https://library.ltikorea.or.kr/translatedbooks/414956,,"번역서 3종 · 중국어(간체), 중국어(번체) · 예: 烧纸",포함
하하 하이고,Silkidoodle,기타,,발표 시기 미상,https://library.ltikorea.or.kr/translatedbooks/414955,,번역서 1종 · 프랑스어 · 예: Comme ci comme ça,포함
나 안 괜찮아,Silkidoodle,기타,,발표 시기 미상,https://library.ltikorea.or.kr/translatedbooks/414953,,번역서 1종 · 프랑스어 · 예: Je vais bien ou pas,포함
Beasts of a Little Land,Juhea Kim,기타,,발표 시기 미상,https://library.ltikorea.or.kr/translatedbooks/414924,,"번역서 4종 · 튀르키예어, 포르투갈어, 프랑스어, 러시아어 · 예: Küçük Ülkenin Kaplanları",포함
시프트,Cho Yeeun,기타,,발표 시기 미상,https://library.ltikorea.or.kr/translatedbooks/414914,,번역서 1종 · 영어 · 예: Shift,포함
즐거운 어른,Lee Oksun,기타,,발표 시기 미상,https://library.ltikorea.or.kr/translatedbooks/414909,,"번역서 2종 · 일본어 · 예: 老後ひとり,暮らしています",포함
행운이 너에게 다가오는 중,lee Kkotnim,기타,,발표 시기 미상,https://library.ltikorea.or.kr/translatedbooks/414906,,"번역서 2종 · 인도네시아어, 태국어 · 예: Keberuntungan Sedang Menghampirimu",포함
세계를 건너 너에게 갈게,lee Kkotnim,기타,,발표 시기 미상,https://library.ltikorea.or.kr/translatedbooks/414905,,"번역서 7종 · 인도네시아어, 튀르키예어, 스페인어, 일본어, 러시아어 · 예: Akan Kulintasi Dunia Untukmu",포함
메리골드 마음 세탁소,Yun Jungeun,기타,,발표 시기 미상,https://library.ltikorea.or.kr/translatedbooks/414904,,"번역서 9종 · 프랑스어, 튀르키예어, 베트남어, 폴란드어, 포르투갈어 · 예: TIỆM GIẶT LÀ TÂM HỒN MARIGOLD",포함
시맨틱 에러 시리즈 (가제),J.SOORI,기타,,발표 시기 미상,https://library.ltikorea.or.kr/translatedbooks/414903,,번역서 1종 · 스페인어 · 예: SEMANTIC ERROR 1,포함
목소리들,Lee Seung-U,기타,,발표 시기 미상,https://library.ltikorea.or.kr/translatedbooks/414900,,번역서 1종 · 일본어 · 예: 心の浮力,포함
웨하스 소년,Yi Yuri,기타,,발표 시기 미상,https://library.ltikorea.or.kr/translatedbooks/414898,,번역서 1종 · 일본어 · 예: ウエハース君,포함
둥지의 철학,Park Ynhui,기타,,발표 시기 미상,https://library.ltikorea.or.kr/translatedbooks/414896,,"번역서 2종 · 아라비아어, 영어 · 예: فلسفة العش",포함
한 사람의 닫힌 문,Park Soran,기타,,발표 시기 미상,https://library.ltikorea.or.kr/translatedbooks/414886,,번역서 1종 · 영어 · 예: An Unknown Taste,포함
우리를 닮은 이야기,Choi Sang-sik,기타,,발표 시기 미상,https://library.ltikorea.or.kr/translatedbooks/414876,,번역서 1종 · 일본어 · 예: 韓國の民話傳說,포함
아시아 어린이동화 (가제),아트블루,동화,,발표 시기 미상,https://library.ltikorea.or.kr/translatedbooks/414873,,번역서 1종 · 러시아어 · 예: Сказки народов Азии,포함
한국고전전래동화 (가제),,동화,,발표 시기 미상,https://library.ltikorea.or.kr/translatedbooks/414870,,번역서 1종 · 베트남어 · 예: Truyện cổ Hàn Quốc,포함
한국문학: 이야기와 시 (가제),Kim Keum Hee,시,,발표 시기 미상,https://library.ltikorea.or.kr/translatedbooks/414868,,번역서 1종 · 영어 · 예: KOREAN LITERATURE STORIES & POEMS,포함
"칵테일, 러브, 좀비",Cho Yeeun,기타,,발표 시기 미상,https://library.ltikorea.or.kr/translatedbooks/414858,,"번역서 2종 · 중국어(번체), 일본어 · 예: 雞尾酒，愛情，喪屍",포함
건널 강이 어디 있으랴,Master Daehaeng,기타,,발표 시기 미상,https://library.ltikorea.or.kr/translatedbooks/414852,,번역서 1종 · 아라비아어 · 예: نهر الحياة,포함
조선소설사,Kim Tae Joon,소설,,발표 시기 미상,https://library.ltikorea.or.kr/translatedbooks/414851,,번역서 1종 · 일본어 · 예: 朝鮮小説史,포함
엄마를 부탁해,Kyung-sook Shin,기타,,발표 시기 미상,https://library.ltikorea.or.kr/translatedbooks/414849,,"번역서 2종 · 스페인어, 튀르키예어 · 예: Por favor, cuida de mamá",포함
체스의 모든 것,Kim Keum Hee,기타,,발표 시기 미상,https://library.ltikorea.or.kr/translatedbooks/414848,,번역서 1종 · 영어 · 예: Everything About Chess,포함
"바닷가의 학, 한국 시가 (가제)",Yang Ju-dong,시,,발표 시기 미상,https://library.ltikorea.or.kr/translatedbooks/414843,,번역서 1종 · 독일어 · 예: KRANICH AM MEER KOREANISCHE GEDICHTE,포함
기생 시조선,Hwang Chini,시조,,발표 시기 미상,https://library.ltikorea.or.kr/translatedbooks/414841,,번역서 1종 · 영어 · 예: Songs of the Kisaeng,포함
세계로 나온 한국 단편소설들 (가제),Hyun Jin-geon,단편소설,,발표 시기 미상,https://library.ltikorea.or.kr/translatedbooks/414825,,번역서 1종 · 카자흐어 · 예: ЖАҺАНҒА ШЫҚҚАН КОРЕЙ ӘҢГІМЕЛЕРІ,포함
Le vieil incendie,Elisa Shua Dusapin,기타,,발표 시기 미상,https://library.ltikorea.or.kr/translatedbooks/414812,,번역서 1종 · 영어 · 예: The Old Fire,포함
7년의 밤,Jeong You Jeong,기타,,발표 시기 미상,https://library.ltikorea.or.kr/translatedbooks/414806,,"번역서 16종 · 인도네시아어, 영어, 우크라이나어, 튀르키예어, 아라비아어 · 예: Семирічна ніч",포함
알려지지 않은 밤과 하루,Bae Su-ah,기타,,발표 시기 미상,https://library.ltikorea.or.kr/translatedbooks/414805,,"번역서 9종 · 러시아어, 영어, 스페인어, 폴란드어, 독일어 · 예: НЕПОСТИЖИМАЯ НОЧь, НЕРАЗГАДАННЫЙ ДЕНь",포함
臺灣漫遊錄,양솽쯔,기타,,발표 시기 미상,https://library.ltikorea.or.kr/translatedbooks/414802,,번역서 1종 · 한국어 · 예: 1938 타이완 여행기,포함
Pachinko,Lee Min Jin,기타,,발표 시기 미상,https://library.ltikorea.or.kr/translatedbooks/414794,,"번역서 42종 · 프랑스어, 한국어, 스페인어, 스웨덴어, 일본어 · 예: Pachinko",포함
곰탕2,Kim Yeongtak,기타,,발표 시기 미상,https://library.ltikorea.or.kr/translatedbooks/414793,,"번역서 2종 · 중국어(번체), 독일어 · 예: 牛骨湯",포함
"사랑한다, 나는 사랑을 가졌다",Ra Taejoo,기타,,발표 시기 미상,https://library.ltikorea.or.kr/translatedbooks/414774,,"번역서 1종 · 영어 · 예: I love you, I have loved",포함
매일 읽겠습니다,Hwang Bo-Reum,기타,,발표 시기 미상,https://library.ltikorea.or.kr/translatedbooks/414770,,번역서 1종 · 튀르키예어 · 예: Kitapların İyileştirme Gücü,포함
단순 생활자,Hwang Bo-Reum,기타,,발표 시기 미상,https://library.ltikorea.or.kr/translatedbooks/414769,,번역서 1종 · 튀르키예어 · 예: Sade Bir Hayat,포함
8 Lives of a Century-Old Trickster,Mirinae Lee,기타,,발표 시기 미상,https://library.ltikorea.or.kr/translatedbooks/414762,,"번역서 2종 · 스페인어, 프랑스어 · 예: Les 8 vies d’une mangeuse de terre",포함
아름다운 것은 영원한 기쁨,Kim Yeongrang,기타,,발표 시기 미상,https://library.ltikorea.or.kr/translatedbooks/414758,,번역서 1종 · 영어 · 예: A thing of beauty is a joy for ever,포함
밤에 찾아오는 구원자,Cheon Seonran,기타,,발표 시기 미상,https://library.ltikorea.or.kr/translatedbooks/414755,,번역서 3종 · 영어 · 예: The Midnight Shift,포함
사소한 거짓말,Bak Sulmi,기타,,발표 시기 미상,https://library.ltikorea.or.kr/translatedbooks/414750,,"번역서 3종 · 영어, 이탈리아어 · 예: Piccoli inganni crudeli",포함
City of Night Birds,Juhea Kim,기타,,발표 시기 미상,https://library.ltikorea.or.kr/translatedbooks/414749,,번역서 1종 · 러시아어 · 예: Город ночных птиц,포함
내일의 연인들,Jung Young Su,기타,,발표 시기 미상,https://library.ltikorea.or.kr/translatedbooks/414731,,번역서 1종 · 일본어 · 예: 明日の恋人たち,포함
82년생 김지영,Cho Nam-ju,장편소설,,발표 시기 미상,https://library.ltikorea.or.kr/translatedbooks/414725,,"번역서 33종 · 페르시아어, 영어, 폴란드어, 프랑스어, 아제르바이잔어 · 예: Kim Jiyoung, född 1982",포함
당연하게도 나는 너를,lee Kkotnim,기타,,발표 시기 미상,https://library.ltikorea.or.kr/translatedbooks/414698,,"번역서 2종 · 폴란드어, 튀르키예어 · 예: Oczywiście że cię",포함
새는 날아가면서 뒤돌아보지 않는다,Shiva Ryu,기타,,발표 시기 미상,https://library.ltikorea.or.kr/translatedbooks/414693,,번역서 1종 · 스페인어 · 예: Los pájaros nunca miran atrás mientras vuelan,포함
노랑무늬영원,Han Kang,기타,,발표 시기 미상,https://library.ltikorea.or.kr/translatedbooks/414684,,"번역서 2종 · 중국어(간체), 일본어 · 예: 伤口愈合中",포함
파견자들,Kim Choyeop,기타,,발표 시기 미상,https://library.ltikorea.or.kr/translatedbooks/414673,,"번역서 2종 · 중국어(간체), 일본어 · 예: 派遣者",포함
믿음에 대하여,Sang Young Park,기타,,발표 시기 미상,https://library.ltikorea.or.kr/translatedbooks/414667,,번역서 1종 · 중국어(번체) · 예: 信任的模樣,포함
아주 희미한 빛으로도,Choi Eunyoung,기타,,발표 시기 미상,https://library.ltikorea.or.kr/translatedbooks/414660,,"번역서 2종 · 일본어, 중국어(번체) · 예: ほんのかすかな光でも",포함
통합한국어,손성옥,기타,,발표 시기 미상,https://library.ltikorea.or.kr/translatedbooks/414656,,번역서 2종 · 영어 · 예: (Klear Textbooks In Korean Language) Integrated Korean Beginning 1,포함
검은 기적,Jung Hyunwoo,기타,,발표 시기 미상,https://library.ltikorea.or.kr/translatedbooks/414655,,번역서 1종 · 영어 · 예: Dark Miracle,포함
불편한 편의점,Kim Ho-Yeon,기타,,발표 시기 미상,https://library.ltikorea.or.kr/translatedbooks/414649,,"번역서 12종 · 영어, 불가리아어, 프랑스어, 아라비아어, 러시아어 · 예: Неудобният денонощен магазин",포함
"시간이 멈춰 선 화과자점, 화월당입니다",LEE ONHWA,기타,,발표 시기 미상,https://library.ltikorea.or.kr/translatedbooks/414641,,"번역서 3종 · 독일어, 포르투갈어, 영어 · 예: Kleine Wunder in der Mitternachtskonditorei",포함
원효의 불교 해석의 철학적 기초,Kim Jongin,기타,,발표 시기 미상,https://library.ltikorea.or.kr/translatedbooks/414633,,번역서 1종 · 영어 · 예: Philosophical Contexts for Wonhyo's Interpretation of Buddhism,포함
스노볼 시리즈(가제),Park So-young,기타,,발표 시기 미상,https://library.ltikorea.or.kr/translatedbooks/414613,,"번역서 5종 · 영어, 튀르키예어, 프랑스어, 독일어 · 예: Snow Globe",포함
아마도 아프리카,Lee Jenny,기타,,발표 시기 미상,https://library.ltikorea.or.kr/translatedbooks/414608,,번역서 1종 · 영어 · 예: Pirowa Padowa,포함
우리의 정류장과 필사의 밤,Kim Yi-seol,기타,,발표 시기 미상,https://library.ltikorea.or.kr/translatedbooks/414606,,번역서 1종 · 일본어 · 예: わたしたちの停留所と、書き写す夜,포함
새벽과 음악,Lee Jenny,기타,,발표 시기 미상,https://library.ltikorea.or.kr/translatedbooks/414600,,번역서 1종 · 일본어 · 예: 夜明けと音楽,포함
시뮬레이션 제4139회차,Jo Si-hyen,기타,,발표 시기 미상,https://library.ltikorea.or.kr/translatedbooks/414599,,번역서 1종 · 영어 · 예: Similation No.4139,포함
"어서 오세요, 휴남동 서점입니다",Hwang Bo-Reum,기타,,발표 시기 미상,https://library.ltikorea.or.kr/translatedbooks/414597,,"번역서 4종 · 이탈리아어, 프랑스어, 말레이어, 포르투갈어 · 예: Libreria Hyunam-dong. Rimedi per l'anima",포함
누가 한국을 묻거든,Lee O Young,기타,,발표 시기 미상,https://library.ltikorea.or.kr/translatedbooks/414591,,번역서 1종 · 영어 · 예: Discover Korea [English-Korean],포함
한국현대단편선,Kim Dong-in,단편소설,,발표 시기 미상,https://library.ltikorea.or.kr/translatedbooks/414590,,번역서 1종 · 영어 · 예: Modern Korean short stories,포함
박태진 시선집,Pak Tae-jin,시,,발표 시기 미상,https://library.ltikorea.or.kr/translatedbooks/414589,,"번역서 1종 · 영어 · 예: The hill where-on winds never lull, and others",포함
현대주요시작품선,현봉,시,,발표 시기 미상,https://library.ltikorea.or.kr/translatedbooks/414588,,번역서 1종 · 영어 · 예: Mainstreams of contemporary poetry,포함
현대한국명시선,Joo Yohan,시,,발표 시기 미상,https://library.ltikorea.or.kr/translatedbooks/414587,,번역서 1종 · 영어 · 예: Master poems from modern Korea since 1920,포함
한국현대시인선,Chang Man-Yong,기타,,발표 시기 미상,https://library.ltikorea.or.kr/translatedbooks/414586,,번역서 1종 · 영어 · 예: The contemporary Korean poets,포함
해가 지지 않는 나라에서,,기타,,발표 시기 미상,https://library.ltikorea.or.kr/translatedbooks/414585,,번역서 2종 · 체코어 · 예: Z říše nezapadajcího slunce,포함
시조와 아악,,시조,,발표 시기 미상,https://library.ltikorea.or.kr/translatedbooks/414584,,번역서 1종 · 영어 · 예: Poetry and music of the classic age,포함
한국단편소설전집,An Sugil,단편소설,,발표 시기 미상,https://library.ltikorea.or.kr/translatedbooks/414583,,번역서 1종 · 영어 · 예: Collected Short Stories from Korea 1,포함
애쓰지 않아도,Choi Eunyoung,기타,,발표 시기 미상,https://library.ltikorea.or.kr/translatedbooks/414581,,"번역서 2종 · 일본어, 중국어(간체) · 예: 無理して頑張らなくても",포함
하백의 신부(시리즈),Jun Mi-Kjong,기타,,발표 시기 미상,https://library.ltikorea.or.kr/translatedbooks/414562,,"번역서 12종 · 헝가리어, 러시아어 · 예: A vízisten menyasszonya 12",포함
마고의 숲,Jang Seong-Yu,기타,,발표 시기 미상,https://library.ltikorea.or.kr/translatedbooks/414555,,번역서 1종 · 튀르키예어 · 예: Mago’nun Ormanı,포함
너도 하늘말나리야,Lee Geumyi,기타,,발표 시기 미상,https://library.ltikorea.or.kr/translatedbooks/414552,,"번역서 2종 · 프랑스어, 중국어(간체) · 예: Le Lys du ciel",포함
나의 미친 페미니스트 여자친구,Min Jihyoung,기타,,발표 시기 미상,https://library.ltikorea.or.kr/translatedbooks/414551,,"번역서 6종 · 중국어(간체), 인도네시아어, 베트남어, 러시아어, 일본어 · 예: 她厌男，她是我女友",포함
귀뚜라미 우는 밤,Kang So-chon,기타,,발표 시기 미상,https://library.ltikorea.or.kr/translatedbooks/414542,,번역서 2종 · 중국어(간체) · 예: 蟋蟀来电话了,포함
나는 나를 파괴할 권리가 있다,KIM YOUNG-HA,기타,,발표 시기 미상,https://library.ltikorea.or.kr/translatedbooks/414512,,"번역서 3종 · 스페인어, 네덜란드어 · 예: TENGO DERECHO A DESTRUIRME",포함
클로버,Na Hyerim,기타,,발표 시기 미상,https://library.ltikorea.or.kr/translatedbooks/414509,,번역서 1종 · 일본어 · 예: クローバー,포함
브로콜리 펀치,Yi Yuri,기타,,발표 시기 미상,https://library.ltikorea.or.kr/translatedbooks/414506,,"번역서 4종 · 일본어, 영어, 폴란드어, 독일어 · 예: ブロッコリーパンチ",포함
죽이고 싶은 아이,Lee Kkotnim,기타,,발표 시기 미상,https://library.ltikorea.or.kr/translatedbooks/414492,,"번역서 1종 · 폴란드어 · 예: Dziewczyna, którą chcę zabić",포함
8 Lives of a Century-Old Trickster,이미리내,기타,,발표 시기 미상,https://library.ltikorea.or.kr/translatedbooks/414469,,"번역서 2종 · 영어, 한국어 · 예: 8 Lives of a Century-Old Trickster",포함
내 친구 김정은,KEUM SUK GENDRY-KIM,기타,,발표 시기 미상,https://library.ltikorea.or.kr/translatedbooks/414448,,"번역서 3종 · 독일어, 스페인어, 포르투갈어 · 예: Mein Freund Kim Jong-un",포함
나의 돈키호테,Kim Ho-Yeon,기타,,발표 시기 미상,https://library.ltikorea.or.kr/translatedbooks/414446,,"번역서 2종 · 베트남어, 러시아어 · 예: Chàng Don Quixote Của Tôi",포함
반반 무 많이,Kim So Yeon,기타,,발표 시기 미상,https://library.ltikorea.or.kr/translatedbooks/414437,,번역서 1종 · 일본어 · 예: チキン半々 大根多めで,포함
자본주의의 적,Jeong Ji A,기타,,발표 시기 미상,https://library.ltikorea.or.kr/translatedbooks/414434,,번역서 1종 · 일본어 · 예: 資本主義の敵,포함
송곳. 2,Choi Kyu-sok,기타,,발표 시기 미상,https://library.ltikorea.or.kr/translatedbooks/414432,,"번역서 2종 · 우크라이나어, 프랑스어 · 예: Шило-Том 2",포함
송곳. 1,Choi Kyu-sok,기타,,발표 시기 미상,https://library.ltikorea.or.kr/translatedbooks/414431,,"번역서 2종 · 우크라이나어, 프랑스어 · 예: Шило-Том 1",포함
만질 수 있는 생각,Lee Suzy,기타,,발표 시기 미상,https://library.ltikorea.or.kr/translatedbooks/414430,,번역서 1종 · 이탈리아어 · 예: Pensieri su carta,포함
책과 우연들,Kim Choyeop,기타,,발표 시기 미상,https://library.ltikorea.or.kr/translatedbooks/414428,,번역서 1종 · 일본어 · 예: 本と偶然,포함
100년전 우리가 먹은 음식,Baek Seok,기타,,발표 시기 미상,https://library.ltikorea.or.kr/translatedbooks/414426,,번역서 1종 · 일본어 · 예: 書かずにいられない味がある,포함
해질 무렵,Hwang Sok-yong,기타,,발표 시기 미상,https://library.ltikorea.or.kr/translatedbooks/414409,,"번역서 12종 · 독일어, 불가리아어, 폴란드어, 중국어(간체), 튀르키예어 · 예: По залез слънце",포함
아젤리아 13 (가제),Kim Hoon,기타,,발표 시기 미상,https://library.ltikorea.or.kr/translatedbooks/414406,,번역서 1종 · 영어 · 예: AZALEA Vol.13,포함
가녀장의 시대,Sulla Lee,기타,,발표 시기 미상,https://library.ltikorea.or.kr/translatedbooks/414380,,"번역서 3종 · 이탈리아어, 중국어(번체), 일본어 · 예: L'era del figliarcato",포함
"거기, 당신?",Yoon Sung-hee,기타,,발표 시기 미상,https://library.ltikorea.or.kr/translatedbooks/414378,,"번역서 1종 · 중국어(번체) · 예: 在那裡的, 是你嗎?",포함
나인,Cheon Seonran,기타,,발표 시기 미상,https://library.ltikorea.or.kr/translatedbooks/414376,,"번역서 2종 · 중국어(번체), 튀르키예어 · 예: 第九株新芽",포함
불조 직지심체요절,Reverend Baegun,기타,,발표 시기 미상,https://library.ltikorea.or.kr/translatedbooks/414372,,번역서 1종 · 영어 · 예: The Essential Passages Directly Pointiong at the Essence of the Mind,포함
비가 오면 열리는 상점,You Yeong-Gwang,기타,,발표 시기 미상,https://library.ltikorea.or.kr/translatedbooks/414371,,"번역서 5종 · 독일어, 프랑스어, 포르투갈어, 폴란드어, 영어 · 예: Der Regenzaubermarkt",포함
죽은 자의 집 청소,Kim Wan,기타,,발표 시기 미상,https://library.ltikorea.or.kr/translatedbooks/414370,,"번역서 3종 · 헝가리어, 중국어(간체), 중국어(번체) · 예: Takarítás ​a holtak otthonában",포함
"용감한 홍길동 , 나무그늘을 산 총각",,동화,,발표 시기 미상,https://library.ltikorea.or.kr/translatedbooks/414368,,"번역서 3종 · 영어, 독일어 · 예: Brave Hong Gil-Dong",포함
토끼와 거북,Yang Heeseong,기타,,발표 시기 미상,https://library.ltikorea.or.kr/translatedbooks/414366,,번역서 1종 · 영어 · 예: The rabbit and the turtle,포함
옛날 옛적에,,기타,,발표 시기 미상,https://library.ltikorea.or.kr/translatedbooks/414365,,번역서 2종 · 영어 · 예: Long Long Time Ago,포함
멀고 먼 해후: 현대한국소설선집,Yi Tae Jun,소설,,발표 시기 미상,https://library.ltikorea.or.kr/translatedbooks/414364,,번역서 1종 · 영어 · 예: Reunion so far away,포함
개굴개굴 청개구리,Heo Yumi,기타,,발표 시기 미상,https://library.ltikorea.or.kr/translatedbooks/414363,,번역서 1종 · 영어 · 예: The Green Frogs,포함
연남동 빙굴빙굴 빨래방,Kim Jiyun,기타,,발표 시기 미상,https://library.ltikorea.or.kr/translatedbooks/414361,,"번역서 8종 · 영어, 스페인어, 폴란드어, 러시아어, 프랑스어 · 예: Yeonnam-dong's smiley laundromat",포함
세마리의 염소,Kim Se-shil,기타,,발표 시기 미상,https://library.ltikorea.or.kr/translatedbooks/414360,,번역서 1종 · 영어 · 예: The Three Goats,포함
커다란 순무,Kim Se-shil,기타,,발표 시기 미상,https://library.ltikorea.or.kr/translatedbooks/414359,,번역서 1종 · 영어 · 예: The Big Turnip,포함
빨간 암탉과 여우,Lee Gi Kyung,기타,,발표 시기 미상,https://library.ltikorea.or.kr/translatedbooks/414355,,번역서 2종 · 영어 · 예: The Red Hen and the Fox,포함
기괴한 레스토랑 3,Kim Minjeong,기타,,발표 시기 미상,https://library.ltikorea.or.kr/translatedbooks/414353,,번역서 1종 · 러시아어 · 예: Зловещий ресторан 3,포함
기괴한 레스토랑 2,Kim Minjeong,기타,,발표 시기 미상,https://library.ltikorea.or.kr/translatedbooks/414352,,번역서 1종 · 러시아어 · 예: Зловещий ресторан 2,포함
현대한국소설선(現代韓国小説選) 2,Yoon Jungkyu,소설,,발표 시기 미상,https://library.ltikorea.or.kr/translatedbooks/414336,,번역서 2종 · 일본어 · 예: 現代韓国小説選 2,포함
현대한국소설선(現代韓国小説選) 1,Shin Seoksang,소설,,발표 시기 미상,https://library.ltikorea.or.kr/translatedbooks/414335,,번역서 2종 · 일본어 · 예: 現代韓国小説選 1,포함
현대한국시선 아리랑의 노래,Gim Yongho,기타,,발표 시기 미상,https://library.ltikorea.or.kr/translatedbooks/414333,,번역서 1종 · 일본어 · 예: アリランの歌ごえ,포함
아젤리아 14 (가제),Bruce Fulton,기타,,발표 시기 미상,https://library.ltikorea.or.kr/translatedbooks/414306,,번역서 1종 · 영어 · 예: AZALEA Vol.14,포함
강경애 단편집,Kang Kyung-ae,단편소설,,발표 시기 미상,https://library.ltikorea.or.kr/translatedbooks/414304,,번역서 1종 · 스페인어 · 예: La memoria del río,포함
모더니즘 문학선집,Hyun Jin-geon,기타,,발표 시기 미상,https://library.ltikorea.or.kr/translatedbooks/414303,,번역서 1종 · 스페인어 · 예: Un país de borrachos,포함
소설계 2011.06(가제),Jung Mikyung,소설,,발표 시기 미상,https://library.ltikorea.or.kr/translatedbooks/414299,,번역서 1종 · 중국어(간체) · 예: 小说界 2011.06,포함
소설계 2011.03(가제),Joh Hyun,소설,,발표 시기 미상,https://library.ltikorea.or.kr/translatedbooks/414298,,번역서 1종 · 중국어(간체) · 예: 小说界 2011.03,포함
개,KEUM SUK GENDRY-KIM,기타,,발표 시기 미상,https://library.ltikorea.or.kr/translatedbooks/414297,,"번역서 3종 · 폴란드어, 이탈리아어, 스페인어 · 예: Pieskie szczęście",포함
개마고원,Hwang Geon,기타,,발표 시기 미상,https://library.ltikorea.or.kr/translatedbooks/414293,,번역서 2종 · 일본어 · 예: ケマ高原 下,포함
Native Speaker,이창래,기타,,발표 시기 미상,https://library.ltikorea.or.kr/translatedbooks/414291,,"번역서 2종 · 영어, 한국어 · 예: 영원한 이방인",포함
절연,Chung Serang,기타,,발표 시기 미상,https://library.ltikorea.or.kr/translatedbooks/414283,,번역서 1종 · 중국어(번체) · 예: 絕緣,포함
한국 문학(가제),Kim Ae-ran,기타,,발표 시기 미상,https://library.ltikorea.or.kr/translatedbooks/414279,,번역서 1종 · 프랑스어 · 예: Fictions coréennes,포함
구운몽,Kim Man Jung,장편소설,,발표 시기 미상,https://library.ltikorea.or.kr/translatedbooks/414271,,"번역서 21종 · 영어, 러시아어, 베트남어, 노르웨이어, 튀르키예어 · 예: The Nine Cloud Dream",포함
"다시, 몸으로",Kim Choyeop,기타,,발표 시기 미상,https://library.ltikorea.or.kr/translatedbooks/414266,,"번역서 1종 · 중국어(간체) · 예: 身体, 再来",포함
너를 닮은 사람,Chung So-hyun,기타,,발표 시기 미상,https://library.ltikorea.or.kr/translatedbooks/414259,,번역서 1종 · 프랑스어 · 예: Quelqu’un te ressemble,포함
사서함 110호의 우편물,Lee Do Woo,기타,,발표 시기 미상,https://library.ltikorea.or.kr/translatedbooks/414258,,"번역서 3종 · 프랑스어, 베트남어, 중국어(번체) · 예: Le Courrier de la boîte postale 110",포함
몬스터 차일드,Lee Jaemun,기타,,발표 시기 미상,https://library.ltikorea.or.kr/translatedbooks/414257,,번역서 1종 · 일본어 · 예: モンスター・チャイルド,포함
조선문학시역,,기타,,발표 시기 미상,https://library.ltikorea.or.kr/translatedbooks/414253,,번역서 1종 · 일본어 · 예: 朝鮮文学試訳,포함
나를 사랑했던 사람들,Lee Hong,기타,,발표 시기 미상,https://library.ltikorea.or.kr/translatedbooks/414252,,"번역서 2종 · 프랑스어, 스페인어 · 예: La femme de gangnam",포함
눈물상자,Han Kang,기타,,발표 시기 미상,https://library.ltikorea.or.kr/translatedbooks/414251,,번역서 1종 · 일본어 · 예: 涙の箱,포함
역림,Han Malsook,기타,,발표 시기 미상,https://library.ltikorea.or.kr/translatedbooks/414248,,번역서 1종 · 중국어(간체) · 예: 译林,포함
백일홍,Kwon Jungwoong,기타,,발표 시기 미상,https://library.ltikorea.or.kr/translatedbooks/414245,,번역서 1종 · 중국어(간체) · 예: 百日紅,포함
산령(조선대만단편집),Jang Hyeokju,단편소설,,발표 시기 미상,https://library.ltikorea.or.kr/translatedbooks/414244,,번역서 1종 · 중국어(간체) · 예: 山靈朝鮮台灣短篇集,포함
상사집,Nam Yeongjeon,기타,,발표 시기 미상,https://library.ltikorea.or.kr/translatedbooks/414239,,번역서 1종 · 중국어(간체) · 예: 相思集,포함
스바루 : 2018년 5월호(가제),Park Min-gyu,기타,,발표 시기 미상,https://library.ltikorea.or.kr/translatedbooks/414238,,번역서 1종 · 일본어 · 예: すばる : 2018年 5月号,포함
스바루 : 2017년 10월호(가제),Kim Sok Bom,기타,,발표 시기 미상,https://library.ltikorea.or.kr/translatedbooks/414237,,번역서 1종 · 일본어 · 예: すばる : 2017年 10月号,포함
스바루 : 2015년 10월호(가제),Kang Young-sook,기타,,발표 시기 미상,https://library.ltikorea.or.kr/translatedbooks/414236,,번역서 2종 · 일본어 · 예: すばる : 2015年 10月号,포함
스바루 : 2012년 12월호(가제),Kang Young-sook,기타,,발표 시기 미상,https://library.ltikorea.or.kr/translatedbooks/414233,,번역서 2종 · 일본어 · 예: すばる : 2012年 12月号,포함
스바루 : 1998년 8월호(가제),Kyung-Sook Shin,기타,,발표 시기 미상,https://library.ltikorea.or.kr/translatedbooks/414227,,번역서 2종 · 일본어 · 예: すばる : 1998年 8月号,포함
스바루 : 1997년 8월호(가제),Ro Jeonbop,기타,,발표 시기 미상,https://library.ltikorea.or.kr/translatedbooks/414224,,번역서 2종 · 일본어 · 예: すばる : 1997年 8月号,포함
스바루 : 1994년 3월호(가제),Kim Juyeong,기타,,발표 시기 미상,https://library.ltikorea.or.kr/translatedbooks/414223,,번역서 1종 · 일본어 · 예: すばる : 1994年 3月号,포함
메피스토,Luly,기타,,발표 시기 미상,https://library.ltikorea.or.kr/translatedbooks/414222,,번역서 1종 · 튀르키예어 · 예: Mephisto,포함
귀신 사냥꾼이 간다 2,Cheon Neunggeum,기타,,발표 시기 미상,https://library.ltikorea.or.kr/translatedbooks/414212,,번역서 1종 · 러시아어 · 예: Охотники на призраков. Том 2,포함
귀신 사냥꾼이 간다 1,Cheon Neunggeum,기타,,발표 시기 미상,https://library.ltikorea.or.kr/translatedbooks/414211,,번역서 1종 · 러시아어 · 예: Охотники на призраков. Том 1,포함
스바루 : 1993년 4월호(가제),Yi Mun-yol,기타,,발표 시기 미상,https://library.ltikorea.or.kr/translatedbooks/414207,,번역서 1종 · 일본어 · 예: すばる : 1993年 4 月号,포함
편지 쓰는 법,Moon Juhee,기타,,발표 시기 미상,https://library.ltikorea.or.kr/translatedbooks/414206,,"번역서 2종 · 스페인어, 영어 · 예: El encantador arte coreano de escribir cartas",포함
외국의 문학 2025년 6월호 (가제),Jeon Hayoung,기타,,발표 시기 미상,https://library.ltikorea.or.kr/translatedbooks/414203,,번역서 1종 · 러시아어 · 예: Иностранная литература 2025 Vol.6,포함
시련 속에서,Yoon Se-jung,기타,,발표 시기 미상,https://library.ltikorea.or.kr/translatedbooks/414198,,번역서 1종 · 중국어(간체) · 예: 在考验中,포함
어머니,Hong Suncheol,기타,,발표 시기 미상,https://library.ltikorea.or.kr/translatedbooks/414193,,번역서 1종 · 중국어(간체) · 예: 阿媽妮,포함
이기영단편소설집,Yi Ki-yong,단편소설,,발표 시기 미상,https://library.ltikorea.or.kr/translatedbooks/414189,,번역서 1종 · 중국어(간체) · 예: 李箕永短篇小说集,포함
이별,Han Seolya,기타,,발표 시기 미상,https://library.ltikorea.or.kr/translatedbooks/414188,,번역서 1종 · 중국어(번체) · 예: 離別,포함
구름빵,Baek Heena,기타,,발표 시기 미상,https://library.ltikorea.or.kr/translatedbooks/414186,,"번역서 8종 · 중국어(간체), 영어, 베트남어, 독일어, 프랑스어 · 예: Cloud Bread",포함
황구와 그 밖의 이야기들(가제),,기타,,발표 시기 미상,https://library.ltikorea.or.kr/translatedbooks/414184,,번역서 1종 · 체코어 · 예: Žlutý pes a jiné povídky z Korey,포함
"구룡폭포: 한국신화, 전설집",,소설,,발표 시기 미상,https://library.ltikorea.or.kr/translatedbooks/414174,,번역서 1종 · 체코어 · 예: Vodopád Devíti draků,포함
"조용한 아침의 나라에서: 한국 전래동화, 민담, 속담과 수수께끼",,동화,,발표 시기 미상,https://library.ltikorea.or.kr/translatedbooks/414173,,번역서 2종 · 체코어 · 예: ZE ZEMĚ JITŘNÍ SVĚŽESTI,포함
한국현대중단편선,Hwang Sok-yong,기타,,발표 시기 미상,https://library.ltikorea.or.kr/translatedbooks/414172,,번역서 1종 · 몽골어 · 예: Солонгосын шилдэг зохиолын дээжис,포함
한국시조선집: 국제 펜클럽 한국 대회 기념,King Sungjong,시조,,발표 시기 미상,https://library.ltikorea.or.kr/translatedbooks/414171,,번역서 1종 · 영어 · 예: An anthology of Korean sijo,포함
한국의 전통연극,,기타,,발표 시기 미상,https://library.ltikorea.or.kr/translatedbooks/414170,,번역서 1종 · 영어 · 예: Traditional Korean Theatre,포함
"한국시가집: 신라, 고려, 조선, 20세기",King Mu of Paekche,시,,발표 시기 미상,https://library.ltikorea.or.kr/translatedbooks/414164,,번역서 1종 · 영어 · 예: Poems from Korea,포함
미생 시리즈 (가제),Yoon Tae-ho,기타,,발표 시기 미상,https://library.ltikorea.or.kr/translatedbooks/414163,,번역서 9종 · 중국어(번체) · 예: 未生 8,포함
현대한국문학선집(가제),Kang Yongjun,기타,,발표 시기 미상,https://library.ltikorea.or.kr/translatedbooks/414148,,번역서 1종 · 일본어 · 예: 現代韓国文学選集 4,포함
현대한국문학선집(가제),Kang Shin-Jae,기타,,발표 시기 미상,https://library.ltikorea.or.kr/translatedbooks/414147,,번역서 1종 · 일본어 · 예: 現代韓国文学選集 3,포함
현대한국문학선집(가제),Kim Dongri,기타,,발표 시기 미상,https://library.ltikorea.or.kr/translatedbooks/414146,,번역서 2종 · 일본어 · 예: 現代韓国文学選集 2,포함
현대한국문학선집(가제),Choi In-hun,기타,,발표 시기 미상,https://library.ltikorea.or.kr/translatedbooks/414145,,번역서 1종 · 일본어 · 예: 現代韓国文学選集 1,포함
한국고전문학전집,,기타,,발표 시기 미상,https://library.ltikorea.or.kr/translatedbooks/414144,,번역서 1종 · 일본어 · 예: 韓国古典文学全集 1,포함
렌의 애가,Moh Youn Sook,시,,발표 시기 미상,https://library.ltikorea.or.kr/translatedbooks/414143,,번역서 1종 · 영어 · 예: Twenty-three Poems by Youn Sook Moh,포함
한국 시가의 향연,,시,,발표 시기 미상,https://library.ltikorea.or.kr/translatedbooks/414142,,번역서 1종 · 영어 · 예: A pageant of Korean poetry,포함
사랑이 가기 전에,Cho Byeonghwa,기타,,발표 시기 미상,https://library.ltikorea.or.kr/translatedbooks/414140,,번역서 2종 · 영어 · 예: Before Love Fades Away 1,포함
검은 꽃,Kim Young-ha,기타,,발표 시기 미상,https://library.ltikorea.or.kr/translatedbooks/414139,,"번역서 6종 · 영어, 튀르키예어, 스페인어, 중국어(번체), 중국어(간체) · 예: Kara Çiçek",포함
김남주시집 농부의 밤,Kim Nam Ju,시,,발표 시기 미상,https://library.ltikorea.or.kr/translatedbooks/414138,,번역서 1종 · 일본어 · 예: 農夫の夜,포함
나무와 바람,Kim Nam Jo,기타,,발표 시기 미상,https://library.ltikorea.or.kr/translatedbooks/414137,,번역서 1종 · 일본어 · 예: 風と木々,포함
한국현대시선,Joo Yohan,시,,발표 시기 미상,https://library.ltikorea.or.kr/translatedbooks/414136,,번역서 1종 · 영어 · 예: Contemporary Korean Poetry,포함
설계자들,Kim Un-su,기타,,발표 시기 미상,https://library.ltikorea.or.kr/translatedbooks/414127,,"번역서 15종 · 카탈로니아어, 아라비아어, 루마니아어, 우즈벡어, 인도네시아어 · 예: Complotiștii",포함
마법소녀 은퇴합니다,Park Seolyeon,기타,,발표 시기 미상,https://library.ltikorea.or.kr/translatedbooks/414122,,"번역서 3종 · 스페인어, 포르투갈어, 영어 · 예: Esta magical girl se retira",포함
메모리얼 향수가게,Jin Seolla,기타,,발표 시기 미상,https://library.ltikorea.or.kr/translatedbooks/414120,,"번역서 2종 · 폴란드어, 베트남어 · 예: Perfumeria wspomnień",포함
튜브,Sohn Won-pyung,기타,,발표 시기 미상,https://library.ltikorea.or.kr/translatedbooks/414116,,"번역서 7종 · 스페인어, 폴란드어, 포르투갈어, 일본어, 인도네시아어 · 예: TUBE",포함
한밤의 시간표,Bora Chung,기타,,발표 시기 미상,https://library.ltikorea.or.kr/translatedbooks/414114,,"번역서 3종 · 영어, 폴란드어 · 예: Rozkład północy",포함
"어서 오세요, 휴남동 서점입니다",Hwang Bo-reum,기타,,발표 시기 미상,https://library.ltikorea.or.kr/translatedbooks/414112,,"번역서 8종 · 폴란드어, 러시아어, 인도네시아어, 중국어(번체), 튀르키예어 · 예: Witajcie w księgarni Hyunam-Dong",포함
죽은 자의 꿈,Bora Chung,기타,,발표 시기 미상,https://library.ltikorea.or.kr/translatedbooks/414111,,번역서 1종 · 폴란드어 · 예: Sny umarłych,포함
죽고 싶지만 떡볶이는 먹고 싶어,Baek Se Hee,기타,,발표 시기 미상,https://library.ltikorea.or.kr/translatedbooks/414109,,"번역서 16종 · 스페인어, 영어, 중국어(번체), 폴란드어, 이탈리아어 · 예: Nie mam ochoty żyć, ale za bardzo lubię tteokbokki",포함
빗소리 몽환도,Sue Ja Joo,기타,,발표 시기 미상,https://library.ltikorea.or.kr/translatedbooks/414106,,번역서 1종 · 영어 · 예: Night Picture of Rain Sound,포함
공공공공,Sue Ja Joo,기타,,발표 시기 미상,https://library.ltikorea.or.kr/translatedbooks/414100,,번역서 1종 · 영어 · 예: Zero,포함
꽃이 피는 조건,Lim Deok-Gi,기타,,발표 시기 미상,https://library.ltikorea.or.kr/translatedbooks/414092,,번역서 1종 · 영어 · 예: Homing Instinct,포함
적당히 가까운 사이,Dancingsnail,기타,,발표 시기 미상,https://library.ltikorea.or.kr/translatedbooks/414088,,"번역서 3종 · 영어, 태국어, 일본어 · 예: It’s Okay Not to Get Along With Everyone",포함
당신을 찾아서,Jeong Ho-seung,기타,,발표 시기 미상,https://library.ltikorea.or.kr/translatedbooks/414083,,번역서 1종 · 영어 · 예: Seeking You,포함
北朝鮮大脱出地獄からの生還,도창순,기타,,발표 시기 미상,https://library.ltikorea.or.kr/translatedbooks/414076,,번역서 1종 · 한국어 · 예: 역사의 증언자,포함
책 읽는 책 쓰는 책 만드는,Lee Hayoung,기타,,발표 시기 미상,https://library.ltikorea.or.kr/translatedbooks/414074,,"번역서 1종 · 베트남어 · 예: Đọc Sách, Viết Sách, Làm Sách",포함
北朝鮮大脱出地獄からの生還,Ishikawa Masaji,기타,,발표 시기 미상,https://library.ltikorea.or.kr/translatedbooks/414063,,"번역서 2종 · 포르투갈어, 영어 · 예: Um Rio na Escuridão",포함
아젤리아 15 (가제),Sang Young Park,기타,,발표 시기 미상,https://library.ltikorea.or.kr/translatedbooks/414057,,번역서 1종 · 영어 · 예: AZALEA Vol.15,포함
귀소본능 (가제),Lim Deok-Gi,기타,,발표 시기 미상,https://library.ltikorea.or.kr/translatedbooks/414055,,번역서 1종 · 영어 · 예: Homing Instinct,포함
광장,Choi In-hun,기타,,발표 시기 미상,https://library.ltikorea.or.kr/translatedbooks/414051,,"번역서 7종 · 영어, 아라비아어, 러시아어, 일본어, 힌디어 · 예: The Square",포함
유에서 유,OH EUN,기타,,발표 시기 미상,https://library.ltikorea.or.kr/translatedbooks/414050,,번역서 1종 · 영어 · 예: From Being to Being,포함
Crying in H Mart,Michelle Zauner,기타,,발표 시기 미상,https://library.ltikorea.or.kr/translatedbooks/414043,,"번역서 6종 · 독일어, 일본어, 스페인어, 프랑스어, 페르시아어 · 예: Hマートで泣きながら",포함
중국인 거리,OH JUNGHEE,기타,,발표 시기 미상,https://library.ltikorea.or.kr/translatedbooks/414037,,"번역서 4종 · 영어, 독일어, 프랑스어 · 예: Chinatown",포함
"시선으로부터,",Chung Serang,시,,발표 시기 미상,https://library.ltikorea.or.kr/translatedbooks/414025,,"번역서 8종 · 포르투갈어, 체코어, 인도네시아어, 프랑스어, 핀란드어 · 예: Pelos olhos de Sisun",포함
The Eyes Are the Best Part,Monika Kim,기타,,발표 시기 미상,https://library.ltikorea.or.kr/translatedbooks/414024,,"번역서 3종 · 독일어, 이탈리아어, 스페인어 · 예: Das Beste sind die Augen",포함
구르믈 버서난 달처럼 시리즈,Park Heungyong,기타,,발표 시기 미상,https://library.ltikorea.or.kr/translatedbooks/414019,,번역서 3종 · 영어 · 예: Like the Moon Escaping from the Clouds 1,포함
파과,Gu Byeong-mo,기타,,발표 시기 미상,https://library.ltikorea.or.kr/translatedbooks/414016,,"번역서 2종 · 그리스어, 독일어 · 예: Οι δολοφόνοι δεν παίρνουν σύνταξη ποτέ",포함
Pachinko,이민진,기타,,발표 시기 미상,https://library.ltikorea.or.kr/translatedbooks/414001,,번역서 2종 · 한국어 · 예: 파친코 2,포함
날씨가 좋으면 찾아가겠어요,Lee Do Woo,기타,,발표 시기 미상,https://library.ltikorea.or.kr/translatedbooks/413993,,"번역서 5종 · 프랑스어, 인도네시아어, 태국어, 일본어 · 예: L'odeur des clémentines grillées",포함
보행연습,DOLKI MIN,기타,,발표 시기 미상,https://library.ltikorea.or.kr/translatedbooks/413991,,번역서 1종 · 이탈리아어 · 예: In forme,포함
매일 읽겠습니다,Hwang Bo-reum,기타,,발표 시기 미상,https://library.ltikorea.or.kr/translatedbooks/413987,,"번역서 2종 · 영어, 일본어 · 예: Every Day I Read",포함
한 명,Kim Soom,기타,,발표 시기 미상,https://library.ltikorea.or.kr/translatedbooks/413986,,"번역서 5종 · 영어, 중국어(간체), 중국어(번체), 일본어 · 예: No Hand Held Mine",포함
체공녀 강주룡,Park Seolyeon,기타,,발표 시기 미상,https://library.ltikorea.or.kr/translatedbooks/413984,,"번역서 2종 · 영어, 일본어 · 예: Capitalists Must Starve",포함
치치새가 사는 숲,Jang Jinyeong,기타,,발표 시기 미상,https://library.ltikorea.or.kr/translatedbooks/413981,,번역서 1종 · 영어 · 예: The Crustacean,포함
DMZ Colony,Choi Don-Mee,기타,,발표 시기 미상,https://library.ltikorea.or.kr/translatedbooks/413977,,"번역서 2종 · 독일어, 영어 · 예: DMZ Kolonie",포함
보통의 노을,Lee Heeyoung,기타,,발표 시기 미상,https://library.ltikorea.or.kr/translatedbooks/413975,,"번역서 2종 · 일본어, 중국어(번체) · 예: 普通のノウル",포함
최선의 삶,Lim Solah,기타,,발표 시기 미상,https://library.ltikorea.or.kr/translatedbooks/413974,,"번역서 2종 · 일본어, 중국어(번체) · 예: 最善の人生",포함
벗,Baek Namyong,기타,,발표 시기 미상,https://library.ltikorea.or.kr/translatedbooks/413973,,"번역서 3종 · 일본어, 프랑스어, 영어 · 예: 友",포함
모범생의 생존법,Hwang Yeongmi,기타,,발표 시기 미상,https://library.ltikorea.or.kr/translatedbooks/413972,,번역서 1종 · 일본어 · 예: 優等生サバイバル,포함
컨설턴트,Lim Sung Soon,기타,,발표 시기 미상,https://library.ltikorea.or.kr/translatedbooks/413970,,"번역서 5종 · 일본어, 아라비아어, 스페인어, 영어, 러시아어 · 예: 暗殺コンサル",포함
일곱 해의 마지막,Kim Yeonsu,기타,,발표 시기 미상,https://library.ltikorea.or.kr/translatedbooks/413969,,번역서 1종 · 일본어 · 예: 七年の最後,포함
아젤리아 17 (가제),김선오,기타,,발표 시기 미상,https://library.ltikorea.or.kr/translatedbooks/413968,,번역서 1종 · 영어 · 예: AZALEA Vol.17,포함
"문학, 내 마음의 무늬 읽기",Jin Eun-young,기타,,발표 시기 미상,https://library.ltikorea.or.kr/translatedbooks/413967,,번역서 1종 · 일본어 · 예: 文学カウンセリング入門,포함
길 하나 건너면 벼랑 끝,봄날,기타,,발표 시기 미상,https://library.ltikorea.or.kr/translatedbooks/413964,,"번역서 2종 · 영어, 일본어 · 예: Once You Cross a Street You’re on the Edge of a Cliff",포함
지구 생물체는 항복하라,BORA CHUNG,기타,,발표 시기 미상,https://library.ltikorea.or.kr/translatedbooks/413963,,"번역서 1종 · 폴란드어 · 예: Poddajcie się, Ziemianie!",포함
네 이웃의 식탁,GU BYEONG-MO,기타,,발표 시기 미상,https://library.ltikorea.or.kr/translatedbooks/413961,,번역서 1종 · 튀르키예어 · 예: Dört Komşunun Masası,포함
외계 신장,Lee Suhyeon,기타,,발표 시기 미상,https://library.ltikorea.or.kr/translatedbooks/413959,,번역서 1종 · 영어 · 예: Alien Gods,포함
친구의 부름,Choi JaeHoon,기타,,발표 시기 미상,https://library.ltikorea.or.kr/translatedbooks/413948,,번역서 1종 · 영어 · 예: The Call of the Friend,포함
낮은 곳으로 임하소서,Yi Seoyoung,기타,,발표 시기 미상,https://library.ltikorea.or.kr/translatedbooks/413947,,번역서 1종 · 영어 · 예: Come Down to a Lower Place,포함
한밤의 시간표,BORA CHUNG,기타,,발표 시기 미상,https://library.ltikorea.or.kr/translatedbooks/413945,,번역서 1종 · 프랑스어 · 예: La ronde de nuit,포함
여름에 우리가 먹는 것,Song Jihyun,기타,,발표 시기 미상,https://library.ltikorea.or.kr/translatedbooks/413942,,번역서 1종 · 일본어 · 예: 夏にあたしたちが食べるもの,포함
우상의 눈물 (가제),Jeon Sang-guk,기타,,발표 시기 미상,https://library.ltikorea.or.kr/translatedbooks/413941,,번역서 1종 · 일본어 · 예: 偶像の涙,포함
공항으로 간 낭만의사,Sin Ho Cheol,기타,,발표 시기 미상,https://library.ltikorea.or.kr/translatedbooks/413938,,번역서 1종 · 일본어 · 예: こちら、空港医療センター,포함
한국 민담 (가제),KIM SO-UN,소설,,발표 시기 미상,https://library.ltikorea.or.kr/translatedbooks/413937,,번역서 1종 · 영어 · 예: Korean Folktales,포함
푸른 낙엽,KIM Yu-kyeong,기타,,발표 시기 미상,https://library.ltikorea.or.kr/translatedbooks/413936,,번역서 1종 · 일본어 · 예: 青い落ち葉,포함
퀴어 한국 소설 100년 (가제),Sang Young Park,소설,,발표 시기 미상,https://library.ltikorea.or.kr/translatedbooks/413935,,번역서 1종 · 영어 · 예: A Century of Queer Korean Fiction,포함
A Crane Among Wolves,허주은,기타,,발표 시기 미상,https://library.ltikorea.or.kr/translatedbooks/413931,,번역서 1종 · 한국어 · 예: 늑대 사이의 학,포함
The Silence of Bones,허주은,기타,,발표 시기 미상,https://library.ltikorea.or.kr/translatedbooks/413930,,번역서 1종 · 한국어 · 예: 잃어버린 이름들의 낙원,포함
나는 울 때마다 엄마 얼굴이 된다,Sulla Lee,기타,,발표 시기 미상,https://library.ltikorea.or.kr/translatedbooks/413925,,번역서 1종 · 일본어 · 예: わたしは泣くたびにママの顔になる,포함
안티 사피엔스,Lee Jung-myung,기타,,발표 시기 미상,https://library.ltikorea.or.kr/translatedbooks/413923,,번역서 1종 · 영어 · 예: Artificial Truth,포함
The Silence of Bones,JUNE HUR,기타,,발표 시기 미상,https://library.ltikorea.or.kr/translatedbooks/413921,,번역서 1종 · 독일어 · 예: Das Schweigen der Knochen,포함
A Crane Among Wolves,JUNE HUR,기타,,발표 시기 미상,https://library.ltikorea.or.kr/translatedbooks/413919,,번역서 1종 · 독일어 · 예: Ein Kranich unter Wölfen,포함
달 드링크 서점,Dongwon Seo,기타,,발표 시기 미상,https://library.ltikorea.or.kr/translatedbooks/413916,,"번역서 2종 · 영어, 러시아어 · 예: The Moon Glow Bookshop",포함
메르시아의 별,Kim Seongil,기타,,발표 시기 미상,https://library.ltikorea.or.kr/translatedbooks/413915,,"번역서 3종 · 영어, 스페인어 · 예: Blood for the Undying Throne",포함
윤동주 평전,Song Uhye,기타,,발표 시기 미상,https://library.ltikorea.or.kr/translatedbooks/413911,,"번역서 2종 · 영어, 일본어 · 예: Yun Dong-Ju",포함
오늘도 엄마에게 화를 내고 말았다,Jang Hae Joo,기타,,발표 시기 미상,https://library.ltikorea.or.kr/translatedbooks/413907,,번역서 1종 · 베트남어 · 예: Hôm nay con lại nổi giận với mẹ,포함
완전한 행복,Jeong You Jeong,기타,,발표 시기 미상,https://library.ltikorea.or.kr/translatedbooks/413906,,"번역서 2종 · 영어, 프랑스어 · 예: Perfect Happiness",포함
City of Night Birds,김주혜,기타,,발표 시기 미상,https://library.ltikorea.or.kr/translatedbooks/413886,,번역서 1종 · 한국어 · 예: 밤새들의 도시,포함
Beasts of a Little Land,김주혜,기타,,발표 시기 미상,https://library.ltikorea.or.kr/translatedbooks/413883,,번역서 1종 · 한국어 · 예: 작은 땅의 야수들,포함
홍천기,Jung Eun-gwol,기타,,발표 시기 미상,https://library.ltikorea.or.kr/translatedbooks/413875,,번역서 4종 · 중국어(번체) · 예: 紅天機(肆),포함
고마네치를 위하여,Cho Nam-ju,기타,,발표 시기 미상,https://library.ltikorea.or.kr/translatedbooks/413869,,"번역서 4종 · 일본어, 독일어, 중국어(간체), 중국어(번체) · 예: コマネチのために",포함
묵묵,Ko Byung-kwon,기타,,발표 시기 미상,https://library.ltikorea.or.kr/translatedbooks/413866,,번역서 1종 · 일본어 · 예: 黙々,포함
위저드 베이커리,GU BYEONG-MO,기타,,발표 시기 미상,https://library.ltikorea.or.kr/translatedbooks/413865,,번역서 1종 · 영어 · 예: The Wizard’s Bakery,포함
달까지 가자,JANG RYUJIN,기타,,발표 시기 미상,https://library.ltikorea.or.kr/translatedbooks/413864,,"번역서 7종 · 네덜란드어, 튀르키예어, 영어, 독일어, 일본어 · 예: To the moon",포함
감정 기복이 심한 편입니다만,Park hanpyeong,기타,,발표 시기 미상,https://library.ltikorea.or.kr/translatedbooks/413863,,번역서 1종 · 러시아어 · 예: Тревога,포함
귤의 맛,Cho Nam-ju,기타,,발표 시기 미상,https://library.ltikorea.or.kr/translatedbooks/413846,,"번역서 6종 · 튀르키예어, 인도네시아어, 중국어(간체), 태국어, 중국어(번체) · 예: Mandalina Yeşili",포함
해질 무렵,Hwang Sok-Yong,기타,,발표 시기 미상,https://library.ltikorea.or.kr/translatedbooks/413844,,번역서 1종 · 카탈로니아어 · 예: Al capvespre,포함
괴물이 된 아이들,Lee oksu,기타,,발표 시기 미상,https://library.ltikorea.or.kr/translatedbooks/413843,,번역서 1종 · 중국어(번체) · 예: 成為怪物的孩子們,포함
눈부신 안부,Sou Linne Baik,기타,,발표 시기 미상,https://library.ltikorea.or.kr/translatedbooks/413835,,번역서 1종 · 일본어 · 예: まぶしい便り,포함
우리가 명함이 없지 일을 안 했냐,KyungHyang Gender Team,기타,,발표 시기 미상,https://library.ltikorea.or.kr/translatedbooks/413834,,번역서 1종 · 일본어 · 예: 私たちに名刺がないだけで仕事してこなかったわけじゃない,포함
환상수족,Lee Min ha,기타,,발표 시기 미상,https://library.ltikorea.or.kr/translatedbooks/413829,,번역서 1종 · 영어 · 예: Phantom Limbs,포함
아직 멀었다고 말할 수 있기에,Park Jaesam,기타,,발표 시기 미상,https://library.ltikorea.or.kr/translatedbooks/413825,,번역서 3종 · 영어 · 예: Enough to say it's far,포함
불의 강,OH JUNGHEE,단편소설,,발표 시기 미상,https://library.ltikorea.or.kr/translatedbooks/413823,,"번역서 5종 · 영어, 스페인어, 러시아어 · 예: River of Fire and other stories",포함
작별하지 않는다,HAN KANG,기타,,발표 시기 미상,https://library.ltikorea.or.kr/translatedbooks/413822,,번역서 1종 · 세르비아어 · 예: Ne rastajemo se,포함
누구에게나 친절한 교회오빠 강민호,Lee Kiho,기타,,발표 시기 미상,https://library.ltikorea.or.kr/translatedbooks/413821,,"번역서 3종 · 스페인어, 불가리아어, 일본어 · 예: Changsu Park, sé que me vas a odiar",포함
다른 세상에서 온 새와 다른 이야기들 (가제),Kim Dongri,단편소설,,발표 시기 미상,https://library.ltikorea.or.kr/translatedbooks/413811,,번역서 1종 · 프랑스어 · 예: L’Oiseau «de l’Autre Monde» et autres nouvelles,포함
너는 사람의 길을 가지 말아라 (가제),Jang seok,기타,,발표 시기 미상,https://library.ltikorea.or.kr/translatedbooks/413809,,번역서 1종 · 일본어 · 예: ぬしはひとの道をゆくな,포함
개,Keum Suk Gendry-Kim,기타,,발표 시기 미상,https://library.ltikorea.or.kr/translatedbooks/413806,,"번역서 4종 · 러시아어, 영어, 포르투갈어, 프랑스어 · 예: Собаки",포함
어디선가 눈물은 발원하여,Chong Hyon-jong,기타,,발표 시기 미상,https://library.ltikorea.or.kr/translatedbooks/413805,,번역서 1종 · 일본어 · 예: どこかで涙が湧き出でて,포함
한낮의 시선,Lee Seung-U,기타,,발표 시기 미상,https://library.ltikorea.or.kr/translatedbooks/413803,,"번역서 2종 · 독일어, 일본어 · 예: Der Blick zur Mittagszeit",포함
초보 노인입니다,Kim sunok,기타,,발표 시기 미상,https://library.ltikorea.or.kr/translatedbooks/413802,,번역서 1종 · 중국어(번체) · 예: 花開之後,포함
탄금,Jang Dahye,기타,,발표 시기 미상,https://library.ltikorea.or.kr/translatedbooks/413800,,번역서 1종 · 중국어(번체) · 예: 吞金,포함
위치헌터 4,Cho Jung Man,기타,,발표 시기 미상,https://library.ltikorea.or.kr/translatedbooks/413798,,번역서 1종 · 튀르키예어 · 예: Cadı Avcısı - Witch Hunter Cilt 4,포함
위치헌터 3,Cho Jung Man,기타,,발표 시기 미상,https://library.ltikorea.or.kr/translatedbooks/413796,,번역서 1종 · 튀르키예어 · 예: Cadı Avcısı - Witch Hunter 3,포함
위치헌터 2,Cho Jung Man,기타,,발표 시기 미상,https://library.ltikorea.or.kr/translatedbooks/413794,,번역서 1종 · 튀르키예어 · 예: Cadı Avcısı - Witch Hunter Cilt 2,포함
위치헌터 1,Cho Jung Man,기타,,발표 시기 미상,https://library.ltikorea.or.kr/translatedbooks/413792,,번역서 1종 · 튀르키예어 · 예: Cadı Avcısı 1 - Witch Hunter,포함
보행연습,Dolki Min,기타,,발표 시기 미상,https://library.ltikorea.or.kr/translatedbooks/413782,,"번역서 4종 · 영어, 튀르키예어, 폴란드어 · 예: Yürüyüş Pratiği",포함
벽사아씨전,Park Esther,기타,,발표 시기 미상,https://library.ltikorea.or.kr/translatedbooks/413769,,"번역서 3종 · 포르투갈어, 독일어, 이탈리아어 · 예: A Lenda de Lady Byeoksa",포함
나는 사진이다,Hong-Hee Kim,기타,,발표 시기 미상,https://library.ltikorea.or.kr/translatedbooks/413768,,"번역서 1종 · 영어 · 예: My photography, My voice",포함
오래된 정원,Hwang Sok-Yong,기타,,발표 시기 미상,https://library.ltikorea.or.kr/translatedbooks/413764,,번역서 1종 · 프랑스어 · 예: LE VIEUX JARDIN,포함
고독하다는 건: 보이지 않는곳에 아직도 너를 가지고 있다는 거다,Cho Byeonghwa,기타,,발표 시기 미상,https://library.ltikorea.or.kr/translatedbooks/413763,,번역서 1종 · 영어 · 예: The Fact that I Am Lonely,포함
인간문제,Kang Kyung-ae,기타,,발표 시기 미상,https://library.ltikorea.or.kr/translatedbooks/413762,,"번역서 5종 · 프랑스어, 러시아어, 암하라어, 일본어, 영어 · 예: Le problème humain",포함
실패한 여름휴가,Hur Heui-jung,기타,,발표 시기 미상,https://library.ltikorea.or.kr/translatedbooks/413761,,번역서 1종 · 영어 · 예: Failed Summer Vacation,포함
새벽에 생각하다,Chun Yang Hee,기타,,발표 시기 미상,https://library.ltikorea.or.kr/translatedbooks/413758,,번역서 1종 · 독일어 · 예: In der Morgendämmerung denken,포함
유수암,Hahn Moo-Sook,기타,,발표 시기 미상,https://library.ltikorea.or.kr/translatedbooks/413756,,번역서 1종 · 영어 · 예: The Hermitage of Flowing Water and Nine Others,포함
어느 할아버지의 평범한 이야기,Pak Jung-Ki,단편소설,,발표 시기 미상,https://library.ltikorea.or.kr/translatedbooks/413755,,번역서 1종 · 영어 · 예: Plain stories by a grandpa,포함
고양이 학교 시리즈 (가제),Kim Jinkyung,기타,,발표 시기 미상,https://library.ltikorea.or.kr/translatedbooks/413754,,"번역서 17종 · 프랑스어, 중국어(간체), 영어, 러시아어, 폴란드어 · 예: L'ecole des chats (수정중)",포함
광장,Kim Jinkyung,기타,,발표 시기 미상,https://library.ltikorea.or.kr/translatedbooks/413754,,번역서 1종 · 프랑스어 · 예: L`ecole des chats,포함
바오밥나무와 방랑자,Min Byoung-il,기타,,발표 시기 미상,https://library.ltikorea.or.kr/translatedbooks/413750,,번역서 1종 · 프랑스어 · 예: Le baobab et le vagabond,포함
안도현 시선,Ahn Do-Hyun,기타,,발표 시기 미상,https://library.ltikorea.or.kr/translatedbooks/413738,,번역서 1종 · 일본어 · 예: あさみどりの引っ越し日,포함
불편한 편의점 2,Kim Ho-Yeon,기타,,발표 시기 미상,https://library.ltikorea.or.kr/translatedbooks/413737,,"번역서 2종 · 일본어, 러시아어 · 예: 不便なコンビニ２",포함
시조의 전통,,시조,,발표 시기 미상,https://library.ltikorea.or.kr/translatedbooks/413736,,번역서 1종 · 영어 · 예: The sijo tradition,포함
오늘 밤은 굶고 자야지,Sang Young Park,기타,,발표 시기 미상,https://library.ltikorea.or.kr/translatedbooks/413731,,"번역서 2종 · 중국어(번체), 중국어(간체) · 예: 雖然會胖，但還是想一個人吃完半半炸雞再睡",포함
그 산이 정말 거기 있었을까,Park Wansuh,기타,,발표 시기 미상,https://library.ltikorea.or.kr/translatedbooks/413730,,"번역서 8종 · 일본어, 프랑스어, 우즈벡어, 러시아어, 영어 · 예: Souvenir d'une montagne",포함
지금도 쓸쓸하냐,Lee Hyeon Joo,기타,,발표 시기 미상,https://library.ltikorea.or.kr/translatedbooks/413719,,"번역서 2종 · 프랑스어 · 예: MAÎTRE, POURQUOI?",포함
한국의 시: 비평문을 포함한 앤솔로지 1984년,Ch'oe Ch'i-won,평론,,발표 시기 미상,https://library.ltikorea.or.kr/translatedbooks/413718,,번역서 1종 · 영어 · 예: Korean Poetry,포함
한국문학중편선 3,Jo Jung-Rae,기타,,발표 시기 미상,https://library.ltikorea.or.kr/translatedbooks/413717,,번역서 2종 · 영어 · 예: Anthology of Korean literary Vol.3,포함
한국문학중편선 2,Lee Byeng-Ju,기타,,발표 시기 미상,https://library.ltikorea.or.kr/translatedbooks/413716,,번역서 1종 · 영어 · 예: Anthology of Korean literary Vol.2,포함
한국문학중편선 1,Choi Il-nam,기타,,발표 시기 미상,https://library.ltikorea.or.kr/translatedbooks/413715,,번역서 1종 · 영어 · 예: Anthology of Korean literary Vol.1,포함
한국종교사상사 2,Keum Jangtae,기타,,발표 시기 미상,https://library.ltikorea.or.kr/translatedbooks/413714,,번역서 1종 · 폴란드어 · 예: Historia Koreańskiej Myśli Konfucjańskiej,포함
남남,Cho Byeonghwa,기타,,발표 시기 미상,https://library.ltikorea.or.kr/translatedbooks/413711,,번역서 1종 · 영어 · 예: Strangers,포함
한국민담모음집,,소설,,발표 시기 미상,https://library.ltikorea.or.kr/translatedbooks/413709,,번역서 1종 · 영어 · 예: Hungbu and Nolbu,포함
구름이 지나는 곳,Cho Byeonghwa,기타,,발표 시기 미상,https://library.ltikorea.or.kr/translatedbooks/413708,,번역서 1종 · 영어 · 예: Where Clouds Pass By,포함
해가 지는 곳으로,Choi Jin-Young,기타,,발표 시기 미상,https://library.ltikorea.or.kr/translatedbooks/413706,,"번역서 3종 · 스페인어, 러시아어, 영어 · 예: Hacia donde se pone el sol",포함
대도시의 사랑법,Sang Young Park,기타,,발표 시기 미상,https://library.ltikorea.or.kr/translatedbooks/413695,,"번역서 15종 · 루마니아어, 영어, 중국어(번체), 폴란드어, 베트남어 · 예: 在熙, 燒酒, 我, 還有冰箱裡的藍莓與菸",포함
한국 현대 희곡선(가제),Cha Bumseok,희곡,,발표 시기 미상,https://library.ltikorea.or.kr/translatedbooks/413693,,번역서 2종 · 프랑스어 · 예: Théâtre Coréen Contemporain,포함
알려지지 않은 예술가의 눈물과 자이툰 파스타,Sang Young Park,기타,,발표 시기 미상,https://library.ltikorea.or.kr/translatedbooks/413691,,번역서 1종 · 중국어(번체) · 예: 無人知曉的藝術家之淚與宰桐義大利麵,포함
미쳐있고 괴상하며 오만하고 똑똑한 여자들,Ha Mina,기타,,발표 시기 미상,https://library.ltikorea.or.kr/translatedbooks/413690,,번역서 1종 · 일본어 · 예: このクソみたいな社会で“イカれる”賢い女たち,포함
반국가세력,Byeon Yun-je,기타,,발표 시기 미상,https://library.ltikorea.or.kr/translatedbooks/413679,,번역서 1종 · 영어 · 예: Anti-Nationalist,포함
나의 돈키호테,Kim Ho-yeon,기타,,발표 시기 미상,https://library.ltikorea.or.kr/translatedbooks/413659,,번역서 1종 · 포르투갈어 · 예: Meu Dom Quixote Coreano,포함
죽음의 자서전,Kim Hyesoon,기타,,발표 시기 미상,https://library.ltikorea.or.kr/translatedbooks/413644,,"번역서 5종 · 폴란드어, 독일어, 덴마크어, 일본어, 프랑스어 · 예: Autobiografia śmierci",포함
"여성, 귀신이 되다",Heyjin JEON,기타,,발표 시기 미상,https://library.ltikorea.or.kr/translatedbooks/413641,,번역서 1종 · 폴란드어 · 예: Duchy I Boginie,포함
더 복서 5,Jeong Jihoon,기타,,발표 시기 미상,https://library.ltikorea.or.kr/translatedbooks/413627,,번역서 1종 · 스페인어 · 예: THE BOXER 5,포함
안나라수마나라 2,Ha Ilkwon,기타,,발표 시기 미상,https://library.ltikorea.or.kr/translatedbooks/413621,,번역서 1종 · 스페인어 · 예: Annarasumanara 2,포함
안나라수마나라 1,Ha Ilkwon,기타,,발표 시기 미상,https://library.ltikorea.or.kr/translatedbooks/413620,,번역서 1종 · 스페인어 · 예: Annarasumanara 1,포함
불편한 편의점 2,KIM HO-YEON,기타,,발표 시기 미상,https://library.ltikorea.or.kr/translatedbooks/413615,,"번역서 2종 · 스페인어, 포르투갈어 · 예: Las maravillas de la tienda de Cheongpa-dong",포함
비가 오면 열리는 상점,YOU YEONG-GWANG,기타,,발표 시기 미상,https://library.ltikorea.or.kr/translatedbooks/413614,,번역서 1종 · 스페인어 · 예: La tienda que abre al llover,포함
런어웨이,Jang Se-ah,기타,,발표 시기 미상,https://library.ltikorea.or.kr/translatedbooks/413611,,번역서 1종 · 영어 · 예: A Twist of Fate,포함
아버지에게 갔었어,Kyung-Sook Shin,기타,,발표 시기 미상,https://library.ltikorea.or.kr/translatedbooks/413606,,"번역서 4종 · 폴란드어, 일본어, 리투아니아어, 영어 · 예: Z wizytą u ojca",포함
아침의 피아노,Kim Jinyeong,기타,,발표 시기 미상,https://library.ltikorea.or.kr/translatedbooks/413598,,번역서 1종 · 일본어 · 예: 朝のピアノ,포함
이규보 시선,Yi Kyu-bo,기타,,발표 시기 미상,https://library.ltikorea.or.kr/translatedbooks/413595,,"번역서 1종 · 영어 · 예: Singing like a cricket, hooting like an owl",포함
카스테라,Park Min-gyu,단편소설,,발표 시기 미상,https://library.ltikorea.or.kr/translatedbooks/413592,,"번역서 9종 · 독일어, 포르투갈어, 베트남어, 스페인어, 체코어 · 예: Entenbootweltbürger und andere Erzählungen aus Südkorea",포함
불편한 편의점,KIM HO-YEON,기타,,발표 시기 미상,https://library.ltikorea.or.kr/translatedbooks/413591,,"번역서 4종 · 덴마크어, 네덜란드어, 독일어, 스페인어 · 예: Fru Yeoms butik for små mirakler",포함
밤의 이야기,Cho Byeonghwa,기타,,발표 시기 미상,https://library.ltikorea.or.kr/translatedbooks/413585,,번역서 1종 · 영어 · 예: Night Talk,포함
호,Bora Chung,기타,,발표 시기 미상,https://library.ltikorea.or.kr/translatedbooks/413580,,번역서 1종 · 스페인어 · 예: La zorra,포함
김삿갓 시선,Kim Sakkat,시,,발표 시기 미상,https://library.ltikorea.or.kr/translatedbooks/413568,,"번역서 3종 · 영어, 체코어 · 예: Selected poems of Kim sakkat",포함
고민이 고민입니다,Ha Ji Hyun,기타,,발표 시기 미상,https://library.ltikorea.or.kr/translatedbooks/413567,,번역서 2종 · 일본어 · 예: ムダに惱まない練習,포함
유실몽,Kim Seungok,기타,,발표 시기 미상,https://library.ltikorea.or.kr/translatedbooks/413563,,번역서 1종 · 영어 · 예: A Washed-Out Dream,포함
리진 1,Kyung-Sook Shin,기타,,발표 시기 미상,https://library.ltikorea.or.kr/translatedbooks/413562,,"번역서 9종 · 루마니아어, 아라비아어, 폴란드어, 핀란드어, 영어 · 예: Dansul privighetorii de primăvară",포함
아무도 편지하지 않다,Jang Eun-jin,기타,,발표 시기 미상,https://library.ltikorea.or.kr/translatedbooks/413561,,"번역서 3종 · 스페인어, 튀르키예어, 영어 · 예: Ya nadie escribe cartas",포함
황금동 사람들,Park Kun-Woong,기타,,발표 시기 미상,https://library.ltikorea.or.kr/translatedbooks/413560,,번역서 1종 · 스페인어 · 예: Las personas de los apartamentos dorados,포함
공방의 계절,YEON SOMIN,기타,,발표 시기 미상,https://library.ltikorea.or.kr/translatedbooks/413558,,"번역서 3종 · 프랑스어, 핀란드어, 덴마크어 · 예: Une saison à l'atelier de poterie",포함
한국고전시선,Kim Yeolgyu,시,,발표 시기 미상,https://library.ltikorea.or.kr/translatedbooks/413551,,번역서 1종 · 영어 · 예: The Classical Poetry of Korea,포함
내가 설 땅은 어디냐?,Huh Keun-Ouk,기타,,발표 시기 미상,https://library.ltikorea.or.kr/translatedbooks/413546,,번역서 1종 · 영어 · 예: Where is my country?,포함
아침에 읽는 시,Chungdam,시,,발표 시기 미상,https://library.ltikorea.or.kr/translatedbooks/413545,,번역서 1종 · 영어 · 예: Poems for Breakfast,포함
제왕나비,Choi Dong-Ho,기타,,발표 시기 미상,https://library.ltikorea.or.kr/translatedbooks/413542,,"번역서 2종 · 영어, 스페인어 · 예: Monarch Butterfly",포함
삼국유사,Ilyeon,기타,,발표 시기 미상,https://library.ltikorea.or.kr/translatedbooks/413532,,"번역서 13종 · 영어, 베트남어, 프랑스어, 스페인어, 불가리아어 · 예: Histoires oubliées des Trois Royaumes Samguk Yusa",포함
일할 수 없는 여자들,Choi Seongeun,기타,,발표 시기 미상,https://library.ltikorea.or.kr/translatedbooks/413531,,번역서 1종 · 일본어 · 예: 働きたいのに働けない私たち,포함
종의 기원,Jeong You Jeong,기타,,발표 시기 미상,https://library.ltikorea.or.kr/translatedbooks/413528,,"번역서 19종 · 영어, 러시아어, 아라비아어, 우크라이나어, 크로아티아어 · 예: Походження видів",포함
단어의 여왕,Shin soyoung,기타,,발표 시기 미상,https://library.ltikorea.or.kr/translatedbooks/413526,,번역서 1종 · 중국어(간체) · 예: 会发光的文字,포함
저주토끼,BORA CHUNG,기타,,발표 시기 미상,https://library.ltikorea.or.kr/translatedbooks/413523,,번역서 2종 · 포르투갈어 · 예: Coelhinho Enfeitiçado,포함
저항의 펜,Baek Sin-ae,기타,,발표 시기 미상,https://library.ltikorea.or.kr/translatedbooks/413521,,번역서 1종 · 스페인어 · 예: Como Si No Nos Conociéramos,포함
아가미,Gu Byeong-mo,기타,,발표 시기 미상,https://library.ltikorea.or.kr/translatedbooks/413517,,번역서 1종 · 폴란드어 · 예: Agami,포함
꽃 찢고 열매 나오듯,Jang Okgwan,기타,,발표 시기 미상,https://library.ltikorea.or.kr/translatedbooks/413516,,번역서 1종 · 영어 · 예: Like a Fruit Tearing Its Way Out of a Flower,포함
뒤뜰에 골칫거리가 산다,Sun-mi Hwang,기타,,발표 시기 미상,https://library.ltikorea.or.kr/translatedbooks/413513,,"번역서 4종 · 아라비아어, 그리스어, 네덜란드어, 영어 · 예: معجزة تل الكرز",포함
내 몸속의 새를 꺼내주세요,Moon Chung-hee,기타,,발표 시기 미상,https://library.ltikorea.or.kr/translatedbooks/413502,,번역서 1종 · 스페인어 · 예: El Pájaro Que Llevo Adentro,포함
살인자의 쇼핑목록,Kang Jiyoung,기타,,발표 시기 미상,https://library.ltikorea.or.kr/translatedbooks/413500,,번역서 1종 · 태국어 · 예: ช็อปปิงลิสต์ของฆาตกร,포함
재수사 2,Chang Kang-myoung,기타,,발표 시기 미상,https://library.ltikorea.or.kr/translatedbooks/413499,,번역서 1종 · 일본어 · 예: 罰と罪 下,포함
재수사 1,Chang Kang-myoung,기타,,발표 시기 미상,https://library.ltikorea.or.kr/translatedbooks/413498,,번역서 1종 · 일본어 · 예: 罰と罪 上,포함
나는 나로 살기로 했다,Kim Soohyun,기타,,발표 시기 미상,https://library.ltikorea.or.kr/translatedbooks/413492,,"번역서 12종 · 스페인어, 영어, 포르투갈어, 독일어, 페르시아어 · 예: Decidi Ser Quem Sou",포함
어떤 물질의 사랑,Cheon Seonran,기타,,발표 시기 미상,https://library.ltikorea.or.kr/translatedbooks/413486,,번역서 1종 · 중국어(번체) · 예: 某種物質的愛,포함
시간을 파는 상점2,Kim Sun Young,기타,,발표 시기 미상,https://library.ltikorea.or.kr/translatedbooks/413484,,번역서 1종 · 러시아어 · 예: Магазинчик времени,포함
트렁크,KIM Ryeoryeong,기타,,발표 시기 미상,https://library.ltikorea.or.kr/translatedbooks/413464,,"번역서 3종 · 인도네시아어, 중국어(번체), 영어 · 예: Trunk",포함
직장 상사 악령 퇴치부,Sa-gu Lee,기타,,발표 시기 미상,https://library.ltikorea.or.kr/translatedbooks/413463,,번역서 1종 · 일본어 · 예: 巫女(ムーダン) 配信者シャーマンとハヨンの悪霊事件簿,포함
해가 지는 곳으로,Choi Jin-young,기타,,발표 시기 미상,https://library.ltikorea.or.kr/translatedbooks/413457,,번역서 1종 · 폴란드어 · 예: Gdzie zachodzi słońce,포함
도로시 맨션,GAHEEZY,기타,,발표 시기 미상,https://library.ltikorea.or.kr/translatedbooks/413456,,번역서 1종 · 일본어 · 예: ドロシーマンション,포함
"거기, 내가 가면 안 돼요?",Lee Geumyi,기타,,발표 시기 미상,https://library.ltikorea.or.kr/translatedbooks/413445,,번역서 1종 · 아라비아어 · 예: ألا يمكنني الرحيل,포함
타워,Bae Myung-hoon,기타,,발표 시기 미상,https://library.ltikorea.or.kr/translatedbooks/413444,,"번역서 4종 · 아라비아어, 일본어, 이탈리아어, 영어 · 예: برج",포함
대법원 영문판례집,Supreme Court Library Republic of Korea,기타,,발표 시기 미상,https://library.ltikorea.or.kr/translatedbooks/413442,,번역서 1종 · 영어 · 예: Supreme Court Decisions Vol.1,포함
김지하 작품집,Kim Ji-ha,기타,,발표 시기 미상,https://library.ltikorea.or.kr/translatedbooks/413439,,번역서 2종 · 일본어 · 예: 金芝河作品集 2,포함
국토,Cho Taeil,기타,,발표 시기 미상,https://library.ltikorea.or.kr/translatedbooks/413437,,번역서 1종 · 일본어 · 예: 国土,포함
저 하늘에도 슬픔이,Lee Yoonbok,기타,,발표 시기 미상,https://library.ltikorea.or.kr/translatedbooks/413436,,번역서 2종 · 일본어 · 예: ユンボギの日記,포함
"아시아 문학: 단편, 시, 수필 & 희곡",Choi Seohae,희곡,,발표 시기 미상,https://library.ltikorea.or.kr/translatedbooks/413434,,번역서 1종 · 영어 · 예: Asian Literature,포함
역사,Han Seolya,기타,,발표 시기 미상,https://library.ltikorea.or.kr/translatedbooks/413433,,번역서 1종 · 중국어(간체) · 예: 历史,포함
한국 고대 90 산문선,Gim Il-yeon,기타,,발표 시기 미상,https://library.ltikorea.or.kr/translatedbooks/413429,,번역서 1종 · 러시아어 · 예: ИСТОРИЯ ЦВЕТОВ,포함
"인도, 중국, 한국, 베트남, 일본의 고전시가",King Juri,기타,,발표 시기 미상,https://library.ltikorea.or.kr/translatedbooks/413426,,"번역서 1종 · 러시아어 · 예: Классическая поэзия Индии, Китая, Кореи, Вьетнама, Японии.",포함
"인도, 중국, 한국, 베트남, 일본의 고전시가",,기타,,발표 시기 미상,https://library.ltikorea.or.kr/translatedbooks/413425,,"번역서 1종 · 러시아어 · 예: Классическая поэзия Индии, Китая, Кореи, Вьетнама, Японии.",포함
"아시아 문학: 시, 단편소설 & 수필",Cho Byeonghwa,단편소설,,발표 시기 미상,https://library.ltikorea.or.kr/translatedbooks/413422,,번역서 1종 · 영어 · 예: Asian literature,포함
조선 땅에서: 한국시선집,Gim Jegyu,시,,발표 시기 미상,https://library.ltikorea.or.kr/translatedbooks/413420,,번역서 1종 · 러시아어 · 예: На корейской земле,포함
그대의 차가운 손,Han Kang,기타,,발표 시기 미상,https://library.ltikorea.or.kr/translatedbooks/413419,,"번역서 2종 · 튀르키예어, 독일어 · 예: Sevgilinin Soğuk Elleri",포함
개벽,Yi Ki-yong,기타,,발표 시기 미상,https://library.ltikorea.or.kr/translatedbooks/413418,,번역서 1종 · 러시아어 · 예: Рождение мира,포함
평화를 위하여: 한국시선집 1951-1953,Pak Moonsae,시,,발표 시기 미상,https://library.ltikorea.or.kr/translatedbooks/413414,,번역서 1종 · 러시아어 · 예: На страже мира,포함
서만일 시선집,Seo Manil,시,,발표 시기 미상,https://library.ltikorea.or.kr/translatedbooks/413409,,번역서 1종 · 러시아어 · 예: Стихи и поэмы,포함
금오신화,Kim Siseup,소설,,발표 시기 미상,https://library.ltikorea.or.kr/translatedbooks/413407,,"번역서 7종 · 러시아어, 영어, 스페인어, 포르투갈어, 프랑스어 · 예: Новые рассказы, услышанные на горе Золотой Черепахи",포함
임장군전 (林將君傳),,기타,,발표 시기 미상,https://library.ltikorea.or.kr/translatedbooks/413404,,번역서 1종 · 러시아어 · 예: Ним чангун Джон,포함
옥춘당,Jung-soon Go,기타,,발표 시기 미상,https://library.ltikorea.or.kr/translatedbooks/413401,,번역서 1종 · 영어 · 예: Okchundang Candy,포함
한국전래동화,,동화,,발표 시기 미상,https://library.ltikorea.or.kr/translatedbooks/413398,,번역서 3종 · 러시아어 · 예: Корейские сказки,포함
"아시아 문학: 단편, 희곡",Kim Yujung,희곡,,발표 시기 미상,https://library.ltikorea.or.kr/translatedbooks/413396,,번역서 1종 · 영어 · 예: Asian literature,포함
노랜드,Cheon Seonran,기타,,발표 시기 미상,https://library.ltikorea.or.kr/translatedbooks/413395,,번역서 1종 · 중국어(번체) · 예: 無名之境,포함
우리 고담,,동화,,발표 시기 미상,https://library.ltikorea.or.kr/translatedbooks/413394,,번역서 1종 · 영어 · 예: Folk tales from Korea,포함
(장편서사시) 백두산,Jo Gicheon,기타,,발표 시기 미상,https://library.ltikorea.or.kr/translatedbooks/413393,,번역서 1종 · 체코어 · 예: PÈKTUSAN,포함
White Chrysanthemum,Mary Lynn Bracht,기타,,발표 시기 미상,https://library.ltikorea.or.kr/translatedbooks/413387,,"번역서 2종 · 독일어, 스페인어 · 예: Und über mir das Meer",포함
나는 한국인이 아니다,Song Kyung-dong,기타,,발표 시기 미상,https://library.ltikorea.or.kr/translatedbooks/413383,,번역서 1종 · 영어 · 예: I Am Not Korean,포함
한국 요괴 도감,Go Seong-bae,기타,,발표 시기 미상,https://library.ltikorea.or.kr/translatedbooks/413377,,"번역서 2종 · 베트남어, 러시아어 · 예: Hàn Quốc Bách Quỷ Đồ",포함
벼랑 끝이지만 아직 떨어지진 않았어,So Jaewon,기타,,발표 시기 미상,https://library.ltikorea.or.kr/translatedbooks/413374,,"번역서 1종 · 베트남어 · 예: Dẫu Đang Trên Bờ Vực Thẳm, Nhưng Vẫn Không Gục Ngã",포함
금강산,,기타,,발표 시기 미상,https://library.ltikorea.or.kr/translatedbooks/413373,,번역서 1종 · 체코어 · 예: DÉMANTOVÉ HORY,포함
기분을 관리하면 인생이 관리된다,Kim Da Seul,기타,,발표 시기 미상,https://library.ltikorea.or.kr/translatedbooks/413371,,"번역서 1종 · 베트남어 · 예: Quản Lý Cảm Xúc, Hạnh Phúc Một Đời",포함
적적한 공룡 만화,Bo Sun,기타,,발표 시기 미상,https://library.ltikorea.or.kr/translatedbooks/413367,,"번역서 1종 · 베트남어 · 예: Bình Thản Tĩnh Lặng, Dũng Cảm Cô Đơn",포함
금시조: 한국현대중편소설선,Yi Mun-yol,소설,,발표 시기 미상,https://library.ltikorea.or.kr/translatedbooks/413366,,번역서 1종 · 우르두어 · 예: سنہری ققنس: کوریا کے سات جدید افسانے,포함
녹천에는 똥이 많다,LEE CHANG-DONG,기타,,발표 시기 미상,https://library.ltikorea.or.kr/translatedbooks/413359,,번역서 1종 · 프랑스어 · 예: NOKCHEON,포함
cahiers pour la poétique,Mah Chonggi,기타,,발표 시기 미상,https://library.ltikorea.or.kr/translatedbooks/413352,,번역서 1종 · 프랑스어 · 예: Résonance Générale NUMÉRO 5-ÉTÉ 2012,포함
고향 상. 하,Yi Ki-yong,기타,,발표 시기 미상,https://library.ltikorea.or.kr/translatedbooks/413351,,번역서 1종 · 중국어(간체) · 예: 故乡,포함
한국고전시가집,월명대사,기타,,발표 시기 미상,https://library.ltikorea.or.kr/translatedbooks/413350,,번역서 1종 · 독일어 · 예: Kranich am Meer,포함
그림자 전쟁 1,Kim Jinkyung,기타,,발표 시기 미상,https://library.ltikorea.or.kr/translatedbooks/413349,,"번역서 2종 · 프랑스어 · 예: La guerre des ombres, Tome 2",포함
고구려사 연구,Noh Tae-don,기타,,발표 시기 미상,https://library.ltikorea.or.kr/translatedbooks/413341,,"번역서 3종 · 영어, 중국어(간체), 중국어(번체) · 예: Korea's Ancient Koguryǒ Kingdom",포함
풍선을 샀어,Kyung Ran,기타,,발표 시기 미상,https://library.ltikorea.or.kr/translatedbooks/413340,,"번역서 2종 · 일본어, 스페인어 · 예: He comprado globos",포함
천운영 단편선(가제),Cheon Un-yeong,기타,,발표 시기 미상,https://library.ltikorea.or.kr/translatedbooks/413336,,번역서 1종 · 스페인어 · 예: Aliento + Aguja,포함
옆집 여자,HA SEONG-NAN,기타,,발표 시기 미상,https://library.ltikorea.or.kr/translatedbooks/413334,,번역서 1종 · 스페인어 · 예: La Vecina,포함
시체들,PYUN HYE YOUNG,기타,,발표 시기 미상,https://library.ltikorea.or.kr/translatedbooks/413332,,번역서 1종 · 스페인어 · 예: Cadáveres,포함
국화를 안고,Jeon Sungtae,기타,,발표 시기 미상,https://library.ltikorea.or.kr/translatedbooks/413330,,번역서 1종 · 스페인어 · 예: Abrazando el crisantemo,포함
사육장 쪽으로,PYUN HYE YOUNG,단편소설,,발표 시기 미상,https://library.ltikorea.or.kr/translatedbooks/413328,,"번역서 2종 · 영어, 스페인어 · 예: Hacia el criadero de perros",포함
기린이 아닌 모든 것,Lee Jangwook,기타,,발표 시기 미상,https://library.ltikorea.or.kr/translatedbooks/413327,,번역서 1종 · 스페인어 · 예: Relatos cortos: Lee Jan Wook,포함
내 어머니 이야기 1부,Kim Eun-sung,기타,,발표 시기 미상,https://library.ltikorea.or.kr/translatedbooks/413326,,번역서 1종 · 스페인어 · 예: La historia de mi madre,포함
오발탄,Lee Beomseon,기타,,발표 시기 미상,https://library.ltikorea.or.kr/translatedbooks/413325,,"번역서 2종 · 스페인어, 영어 · 예: Una bala perdida",포함
잃어버린 왕국 3,Choi In-ho,기타,,발표 시기 미상,https://library.ltikorea.or.kr/translatedbooks/413322,,번역서 1종 · 일본어 · 예: 消えた王国 3,포함
잃어버린 왕국 2,Choi In-ho,기타,,발표 시기 미상,https://library.ltikorea.or.kr/translatedbooks/413321,,번역서 1종 · 일본어 · 예: 消えた王国 2,포함
잃어버린 왕국 1,Choi In-ho,기타,,발표 시기 미상,https://library.ltikorea.or.kr/translatedbooks/413320,,번역서 1종 · 일본어 · 예: 消えた王国 1,포함
한국의 민담 전설집,,소설,,발표 시기 미상,https://library.ltikorea.or.kr/translatedbooks/413318,,번역서 2종 · 프랑스어 · 예: CONTES et LÉGENDES de CORÉE,포함
"거울, 불행의 원인",Seu Ring-hai,기타,,발표 시기 미상,https://library.ltikorea.or.kr/translatedbooks/413317,,"번역서 1종 · 프랑스어 · 예: MIROIR, CAUSE DE MALHEUR",포함
절연,Sayaka Murata,기타,,발표 시기 미상,https://library.ltikorea.or.kr/translatedbooks/413315,,번역서 1종 · 일본어 · 예: 絶縁,포함
한국미술사,Eckardt Andreas,기타,,발표 시기 미상,https://library.ltikorea.or.kr/translatedbooks/413313,,번역서 2종 · 독일어 · 예: Geschichte der koreanischen Kunst,포함
토지,Pak Kyongni,기타,,발표 시기 미상,https://library.ltikorea.or.kr/translatedbooks/413311,,"번역서 41종 · 일본어, 독일어, 영어, 중국어(간체), 러시아어 · 예: LAND 3",포함
행복,Gim Jaegyu,기타,,발표 시기 미상,https://library.ltikorea.or.kr/translatedbooks/413309,,번역서 2종 · 러시아어 · 예: Счастье,포함
무기의 그늘,Hwang Sok-yong,기타,,발표 시기 미상,https://library.ltikorea.or.kr/translatedbooks/413308,,"번역서 7종 · 일본어, 영어, 이탈리아어, 프랑스어, 네덜란드어 · 예: 武器の影",포함
Litro 한국문학특집호,Bae Su-ah,기타,,발표 시기 미상,https://library.ltikorea.or.kr/translatedbooks/413306,,번역서 2종 · 영어 · 예: Litro Magazine South Korea,포함
철수,Bae Su-ah,기타,,발표 시기 미상,https://library.ltikorea.or.kr/translatedbooks/413298,,"번역서 4종 · 영어, 스페인어, 폴란드어 · 예: En ninguna parte",포함
어머니와 함께한 900일간의 소풍,Wang Yilmin,기타,,발표 시기 미상,https://library.ltikorea.or.kr/translatedbooks/413278,,번역서 1종 · 일본어 · 예: 母と旅した900日,포함
"시베리아의 딸, 김알렉산드라",Keum Suk Gendry-Kim,기타,,발표 시기 미상,https://library.ltikorea.or.kr/translatedbooks/413277,,"번역서 2종 · 아라비아어, 포르투갈어 · 예: أليكساندرا كيم",포함
빨랫줄 위의 산책,Kim Seung-hee,기타,,발표 시기 미상,https://library.ltikorea.or.kr/translatedbooks/413263,,번역서 1종 · 영어 · 예: Walking on a Washing Line,포함
헬프 미 시스터,Lee Seo Su,기타,,발표 시기 미상,https://library.ltikorea.or.kr/translatedbooks/413230,,번역서 1종 · 일본어 · 예: ヘルプ・ミー・シスター,포함
국경,Gudol,기타,,발표 시기 미상,https://library.ltikorea.or.kr/translatedbooks/413217,,번역서 1종 · 프랑스어 · 예: Qu'est-ce qu'une frontière ?,포함
희랍어 시간,HAN KANG,기타,,발표 시기 미상,https://library.ltikorea.or.kr/translatedbooks/413182,,"번역서 3종 · 프랑스어, 덴마크어, 독일어 · 예: Leçons de Grec",포함
1차원이 되고 싶어,Sang Young Park,기타,,발표 시기 미상,https://library.ltikorea.or.kr/translatedbooks/413170,,"번역서 3종 · 스페인어, 중국어(번체), 네덜란드어 · 예: QUIERO SER UNIDIMENSIONAL",포함
피프티 피플,Chung Serang,기타,,발표 시기 미상,https://library.ltikorea.or.kr/translatedbooks/413156,,"번역서 4종 · 일본어, 베트남어, 중국어(번체) · 예: フィフティ・ピープル",포함
날개 환상통,Kim Hyesoon,기타,,발표 시기 미상,https://library.ltikorea.or.kr/translatedbooks/413151,,번역서 2종 · 영어 · 예: Phantom Pain Wings,포함
"바람이 분다, 가라",HAN KANG,기타,,발표 시기 미상,https://library.ltikorea.or.kr/translatedbooks/413145,,"번역서 1종 · 프랑스어 · 예: PARS, LE VENT SE LÈVE",포함
아버지의 해방일지,Jeong Ji A,기타,,발표 시기 미상,https://library.ltikorea.or.kr/translatedbooks/413110,,"번역서 3종 · 중국어(간체), 일본어, 중국어(번체) · 예: 父亲的解放日志",포함
네 이웃의 식탁,Gu Byeong-mo,기타,,발표 시기 미상,https://library.ltikorea.or.kr/translatedbooks/413091,,"번역서 3종 · 영어, 폴란드어 · 예: Osiedle Sielskiej Przyszłości",포함
마당이 있는 집,Kim Jinyoung,기타,,발표 시기 미상,https://library.ltikorea.or.kr/translatedbooks/413090,,"번역서 3종 · 이탈리아어, 태국어, 중국어(번체) · 예: Le bugie sepolte nel mio giardino",포함
먼 바다,Ji-Young Gong,기타,,발표 시기 미상,https://library.ltikorea.or.kr/translatedbooks/413089,,"번역서 2종 · 러시아어, 중국어(간체) · 예: Далекое море",포함
나목,KEUM SUK GENDRY-KIM,기타,,발표 시기 미상,https://library.ltikorea.or.kr/translatedbooks/413088,,"번역서 2종 · 스페인어, 영어 · 예: El árbol desnudo",포함
홍길동전,Heo Kyun,기타,,발표 시기 미상,https://library.ltikorea.or.kr/translatedbooks/413075,,"번역서 11종 · 영어, 독일어, 베트남어, 튀르키예어, 포르투갈어 · 예: The Story of Hong Gildong",포함
무한화서,Lee Seong-bok,기타,,발표 시기 미상,https://library.ltikorea.or.kr/translatedbooks/413070,,번역서 2종 · 영어 · 예: Indeterminate Inflorescence,포함
김시습 선집,Kim Siseup,단편소설,,발표 시기 미상,https://library.ltikorea.or.kr/translatedbooks/412976,,번역서 1종 · 독일어 · 예: Neue Erzählungen von der goldenen Schildkröte,포함
김유정 단편선,Kim Yujung,단편소설,,발표 시기 미상,https://library.ltikorea.or.kr/translatedbooks/412967,,"번역서 2종 · 베트남어, 영어 · 예: The Greatest Short Stories of Kim Yu-jeong",포함
절망의 구,Gim I-hwan,기타,,발표 시기 미상,https://library.ltikorea.or.kr/translatedbooks/412959,,번역서 2종 · 영어 · 예: The Black Orb,포함
체리새우 : 비밀글입니다,Hwang Yeongmi,기타,,발표 시기 미상,https://library.ltikorea.or.kr/translatedbooks/412752,,"번역서 4종 · 중국어(번체), 중국어(간체), 일본어 · 예: 多賢的祕密貼文：我的真心，僅限本人閱讀",포함
비행운,Kim Ae-ran,기타,,발표 시기 미상,https://library.ltikorea.or.kr/translatedbooks/412745,,"번역서 5종 · 스페인어, 일본어, 베트남어, 중국어(간체), 중국어(번체) · 예: ESTELA DE CONDENSACIÓN",포함
한국고전소설선,,소설,,발표 시기 미상,https://library.ltikorea.or.kr/translatedbooks/412497,,번역서 2종 · 페르시아어 · 예: کتاب افسانه‌هایی از سرزمین گل ختمی (پنسوری ۲),포함
개와 늑대의 시간,Kim Kyung-uk,기타,,발표 시기 미상,https://library.ltikorea.or.kr/translatedbooks/412495,,"번역서 2종 · 이탈리아어, 스페인어 · 예: L'ora tra il lupo e il cane",포함
수평선 1,Jeong Jihoon,기타,,발표 시기 미상,https://library.ltikorea.or.kr/translatedbooks/412492,,번역서 1종 · 우크라이나어 · 예: Крайнебо 1,포함
수평선 2,Jeong Jihoon,기타,,발표 시기 미상,https://library.ltikorea.or.kr/translatedbooks/412491,,번역서 1종 · 우크라이나어 · 예: Крайнебо 2,포함
눈 오는 날,Lee Chang-dong,단편소설,,발표 시기 미상,https://library.ltikorea.or.kr/translatedbooks/412470,,번역서 1종 · 영어 · 예: Snowy Day and Other Stories,포함
"유령, 도둑, 사랑",Han Jisan,기타,,발표 시기 미상,https://library.ltikorea.or.kr/translatedbooks/412370,,"번역서 1종 · 영어 · 예: A Ghost, a Thief, and Love",포함
귀신의 왕,Kim An,기타,,발표 시기 미상,https://library.ltikorea.or.kr/translatedbooks/412367,,번역서 2종 · 영어 · 예: The King of Ghosts,포함
버섯의 노래,Lee Sang-kook,기타,,발표 시기 미상,https://library.ltikorea.or.kr/translatedbooks/412364,,번역서 1종 · 영어 · 예: Song of the Mushroom,포함
콜드 리딩,Kang Hye Bin,기타,,발표 시기 미상,https://library.ltikorea.or.kr/translatedbooks/412362,,번역서 1종 · 영어 · 예: Cold Reading,포함
조명가게,Kang Pool,기타,,발표 시기 미상,https://library.ltikorea.or.kr/translatedbooks/412303,,번역서 3종 · 중국어(간체) · 예: 照明商店 3,포함
편지 쓰는 법,문주희,기타,,발표 시기 미상,https://library.ltikorea.or.kr/translatedbooks/412300,,번역서 1종 · 영어 · 예: The Kind Art of Korean Letter Writing: The Healing Power of the Handwritten Note,포함
복어,Kyung Ran,기타,,발표 시기 미상,https://library.ltikorea.or.kr/translatedbooks/412290,,번역서 1종 · 영어 · 예: Blowfish,포함
붉은 칼,Bora Chung,기타,,발표 시기 미상,https://library.ltikorea.or.kr/translatedbooks/412284,,번역서 1종 · 영어 · 예: Red Sword,포함
봉순이 언니,Ji-Young Gong,기타,,발표 시기 미상,https://library.ltikorea.or.kr/translatedbooks/412072,,"번역서 7종 · 아제르바이잔어, 인도네시아어, 이탈리아어, 프랑스어, 중국어(간체) · 예: Bonqsun bacı",포함
김영하 단편선-엘리베이터에 낀 그 남자는 어떻게 되었나-,Kim Young-ha,기타,,발표 시기 미상,https://library.ltikorea.or.kr/translatedbooks/412069,,"번역서 1종 · 불가리아어 · 예: Какво се случи с мъжа, заклещен в асансьора",포함
아라의 소설,Chung Serang,소설,,발표 시기 미상,https://library.ltikorea.or.kr/translatedbooks/412067,,번역서 1종 · 일본어 · 예: 私たちのテラスで、終わりを迎えようとする世界に乾杯,포함
"한국, 남자",최태섭,기타,,발표 시기 미상,https://library.ltikorea.or.kr/translatedbooks/412027,,"번역서 1종 · 일본어 · 예: 韓國,男子",포함
지구 끝의 온실,Kim Choyeop,기타,,발표 시기 미상,https://library.ltikorea.or.kr/translatedbooks/411979,,"번역서 6종 · 인도네시아어, 프랑스어, 중국어(간체), 러시아어, 일본어 · 예: Rumah Kaca di Ujung Bumi",포함
조선의 민화,이륙,기타,,발표 시기 미상,https://library.ltikorea.or.kr/translatedbooks/411977,,"번역서 3종 · 포르투갈어, 영어 · 예: Contos fantásticos coreanos",포함
조선 민담집,Im Pang,소설,,발표 시기 미상,https://library.ltikorea.or.kr/translatedbooks/411973,,번역서 1종 · 포르투갈어 · 예: Narrativas populares de Joseon,포함
을들의 당나귀 귀,한국여성노동자회,기타,,발표 시기 미상,https://library.ltikorea.or.kr/translatedbooks/411959,,번역서 1종 · 중국어(간체) · 예: 大眾文化的女性主義指南,포함
Die große Heimkehr,Anna Kim,기타,,발표 시기 미상,https://library.ltikorea.or.kr/translatedbooks/411956,,번역서 1종 · 영어 · 예: The Great Homecoming,포함
수상한 초콜릿 가게,Kim Ye Eun,기타,,발표 시기 미상,https://library.ltikorea.or.kr/translatedbooks/411948,,번역서 1종 · 튀르키예어 · 예: Gizemli Çikolata Dükkanı,포함
쇼코의 미소,Choi Eunyoung,기타,,발표 시기 미상,https://library.ltikorea.or.kr/translatedbooks/411940,,"번역서 8종 · 영어, 폴란드어, 아라비아어, 베트남어, 중국어(번체) · 예: Uśmiech Shoko",포함
나의 해방일지 대본집,박해영,기타,,발표 시기 미상,https://library.ltikorea.or.kr/translatedbooks/411935,,번역서 4종 · 중국어(번체) · 예: 我的出走日記4,포함
내일은 또 다른 날,KEUM SUK GENDRY-KIM,기타,,발표 시기 미상,https://library.ltikorea.or.kr/translatedbooks/411929,,번역서 1종 · 스페인어 · 예: Mañana será otro día,포함
퍼즐,KWON Ji-ye,기타,,발표 시기 미상,https://library.ltikorea.or.kr/translatedbooks/411927,,번역서 1종 · 스페인어 · 예: ROMPECABEZAS,포함
인간 연습,Jo Jung-Rae,기타,,발표 시기 미상,https://library.ltikorea.or.kr/translatedbooks/411925,,번역서 1종 · 독일어 · 예: Der lange Weg zum Leben,포함
생물성,Shin Hae-uk,기타,,발표 시기 미상,https://library.ltikorea.or.kr/translatedbooks/411923,,번역서 1종 · 영어 · 예: Biologicity,포함
고령화 가족,Cheon Myeong-kwan,기타,,발표 시기 미상,https://library.ltikorea.or.kr/translatedbooks/411921,,"번역서 8종 · 독일어, 몽골어, 루마니아어, 프랑스어, 러시아어 · 예: Eine Bumerangfamilie",포함
기다림,KEUM SUK GENDRY-KIM,기타,,발표 시기 미상,https://library.ltikorea.or.kr/translatedbooks/411920,,"번역서 4종 · 스페인어, 폴란드어, 카탈로니아어 · 예: Czekanie",포함
한씨연대기,Hwang Sok-yong,기타,,발표 시기 미상,https://library.ltikorea.or.kr/translatedbooks/411916,,"번역서 9종 · 프랑스어, 아라비아어, 그리스어, 이탈리아어, 노르웨이어 · 예: ΤΟ ΧΡΟΝΙΚΟ ΤΟΥ ΚΥΡΙΟΥ ΧΑΝ",포함
연수,JANG RYUJIN,기타,,발표 시기 미상,https://library.ltikorea.or.kr/translatedbooks/411915,,번역서 1종 · 중국어(간체) · 예: 我們都有一顆星星,포함
모두가 헤어지는 하루,Seo Yoo-mi,기타,,발표 시기 미상,https://library.ltikorea.or.kr/translatedbooks/411913,,번역서 1종 · 일본어 · 예: 誰もが別れる一日,포함
0%를 향하여,Seo Ije,기타,,발표 시기 미상,https://library.ltikorea.or.kr/translatedbooks/411911,,"번역서 2종 · 일본어, 영어 · 예: 0％に向かって",포함
타인의 집,Sohn Won-pyung,기타,,발표 시기 미상,https://library.ltikorea.or.kr/translatedbooks/411910,,"번역서 2종 · 일본어, 중국어(간체) · 예: 他人の家",포함
"재인, 재욱, 재훈",Chung Serang,기타,,발표 시기 미상,https://library.ltikorea.or.kr/translatedbooks/411904,,번역서 1종 · 일본어 · 예: Ｊ・Ｊ・Ｊ三姉弟の世にも平凡な超能力,포함
고은 시선집,KO UN,시,,발표 시기 미상,https://library.ltikorea.or.kr/translatedbooks/411869,,"번역서 4종 · 영어, 스웨덴어, 튀르키예어, 스페인어 · 예: The Three Way Tavern",포함
떠도는 땅,Kim Soom,기타,,발표 시기 미상,https://library.ltikorea.or.kr/translatedbooks/411868,,"번역서 2종 · 프랑스어, 일본어 · 예: La terre qui erre",포함
나목,Keum Suk Gendry-Kim,기타,,발표 시기 미상,https://library.ltikorea.or.kr/translatedbooks/411857,,"번역서 4종 · 이탈리아어, 포르투갈어, 프랑스어, 영어 · 예: L’albero nudo",포함
白邨遺稿,Yi Byeongho,기타,,발표 시기 미상,https://library.ltikorea.or.kr/translatedbooks/411831,,번역서 1종 · 영어 · 예: White Village,포함
구봉한시집,Rhee Sukho,시,,발표 시기 미상,https://library.ltikorea.or.kr/translatedbooks/411829,,번역서 1종 · 영어 · 예: Nine Peaks,포함
박용철 시선집,Pak Yongchul,시,,발표 시기 미상,https://library.ltikorea.or.kr/translatedbooks/411826,,번역서 1종 · 영어 · 예: A Boat Ready to Set Sail,포함
단지 살인마,CHOI Jae-hoon,기타,,발표 시기 미상,https://library.ltikorea.or.kr/translatedbooks/411815,,번역서 1종 · 프랑스어 · 예: Dix petits meurtres,포함
호텔 이야기,임경선,기타,,발표 시기 미상,https://library.ltikorea.or.kr/translatedbooks/411814,,번역서 1종 · 일본어 · 예: ホテル物語,포함
푸르른 틈새,Kwon Yeo-sun,기타,,발표 시기 미상,https://library.ltikorea.or.kr/translatedbooks/411797,,번역서 1종 · 프랑스어 · 예: Un éclair bleu azur,포함
한국현대여성문학선집(가제),Chung Serang,기타,,발표 시기 미상,https://library.ltikorea.or.kr/translatedbooks/411763,,번역서 1종 · 스페인어 · 예: LABERINTOS DE NEÓN,포함
멸망의 밤을 듣는 밤,김명기,기타,,발표 시기 미상,https://library.ltikorea.or.kr/translatedbooks/411700,,"번역서 1종 · 영어 · 예: At Night, Listening to the Night of Destruction",포함
싱코페이션,김선오,기타,,발표 시기 미상,https://library.ltikorea.or.kr/translatedbooks/411694,,번역서 1종 · 영어 · 예: Syncopation,포함
판소리 흥보가 (동편제),,기타,,발표 시기 미상,https://library.ltikorea.or.kr/translatedbooks/411686,,번역서 1종 · 프랑스어 · 예: Heungboga,포함
평형추,DJUNA,기타,,발표 시기 미상,https://library.ltikorea.or.kr/translatedbooks/411684,,"번역서 2종 · 포르투갈어, 튀르키예어 · 예: CONTRAPESO",포함
이제야 언니에게,Choi Jin-Young,기타,,발표 시기 미상,https://library.ltikorea.or.kr/translatedbooks/411639,,"번역서 3종 · 일본어, 중국어(간체), 중국어(번체) · 예: ディア・マイ・シスター",포함
"어서 오세요, 휴남동 서점입니다",HWANG BO-REUM,기타,,발표 시기 미상,https://library.ltikorea.or.kr/translatedbooks/411626,,"번역서 2종 · 스페인어, 영어 · 예: Bienvenidos a la librería Hyunam-Dong",포함
메밀꽃 필 무렵,Lee Hyoseok,기타,,발표 시기 미상,https://library.ltikorea.or.kr/translatedbooks/411617,,"번역서 4종 · 아라비아어, 일본어, 베트남어, 스페인어 · 예: عندما تتفتح زهور الحنطة السوداء",포함
한국 한시 선집,Ch'oe Ch'i-won,시,,발표 시기 미상,https://library.ltikorea.or.kr/translatedbooks/411606,,번역서 1종 · 영어 · 예: Korean Sinitic Poetry from Ancient Times to 1945,포함
로드킬,Amil,기타,,발표 시기 미상,https://library.ltikorea.or.kr/translatedbooks/411599,,번역서 1종 · 영어 · 예: Roadkill,포함
서영동 이야기,Cho Nam-ju,기타,,발표 시기 미상,https://library.ltikorea.or.kr/translatedbooks/411596,,번역서 1종 · 일본어 · 예: ソヨンドン物語,포함
If You Leave Me,Crystal Hana Kim,기타,,발표 시기 미상,https://library.ltikorea.or.kr/translatedbooks/411589,,번역서 1종 · 프랑스어 · 예: La déesse qui rêvait du ciel,포함
남편을 죽이는 서른가지 방법,SEO MI-AE,기타,,발표 시기 미상,https://library.ltikorea.or.kr/translatedbooks/411588,,번역서 1종 · 프랑스어 · 예: Les 30 meilleures façons d'assassiner son mari,포함
하얼빈,Kim Hoon,기타,,발표 시기 미상,https://library.ltikorea.or.kr/translatedbooks/411582,,번역서 1종 · 일본어 · 예: ハルビン,포함
새의 선물,Eun Heekyung,기타,,발표 시기 미상,https://library.ltikorea.or.kr/translatedbooks/411579,,"번역서 7종 · 중국어(번체), 베트남어, 일본어, 스페인어, 중국어(간체) · 예: 鳥的禮物",포함
나는 개성공단으로 출근합니다,김민주,기타,,발표 시기 미상,https://library.ltikorea.or.kr/translatedbooks/411578,,번역서 1종 · 일본어 · 예: 北朝鮮に出勤します,포함
BTS 길 위에서,HONG Seok-kyeong,기타,,발표 시기 미상,https://library.ltikorea.or.kr/translatedbooks/411575,,번역서 1종 · 프랑스어 · 예: Sur la route de BTS,포함
사이공 나이트,JUNG MIN,기타,,발표 시기 미상,https://library.ltikorea.or.kr/translatedbooks/411571,,번역서 1종 · 프랑스어 · 예: SAIGON NIGHT,포함
구관조 씻기기,Hwang InChan,기타,,발표 시기 미상,https://library.ltikorea.or.kr/translatedbooks/411569,,번역서 1종 · 영어 · 예: Washing A Myna,포함
경애의 마음,Kim Keum Hee,기타,,발표 시기 미상,https://library.ltikorea.or.kr/translatedbooks/411567,,"번역서 3종 · 일본어, 이탈리아어, 중국어(번체) · 예: 敬愛の心",포함
접으면,김윤정,기타,,발표 시기 미상,https://library.ltikorea.or.kr/translatedbooks/411563,,번역서 1종 · 중국어(간체) · 예: 生命中的折叠,포함
망원동 브라더스,Kim Ho-Yeon,기타,,발표 시기 미상,https://library.ltikorea.or.kr/translatedbooks/411559,,번역서 1종 · 중국어(번체) · 예: 望遠洞兄弟,포함
"괜찮아, 천천히 도마뱀",Yun Yeo-rim,기타,,발표 시기 미상,https://library.ltikorea.or.kr/translatedbooks/411548,,"번역서 1종 · 영어 · 예: It’s OK, Slow Lizard",포함
"어느 날,",Lee Juck,기타,,발표 시기 미상,https://library.ltikorea.or.kr/translatedbooks/411545,,번역서 1종 · 영어 · 예: One Day,포함
나는 지하철입니다,Kim Hyo-eun,기타,,발표 시기 미상,https://library.ltikorea.or.kr/translatedbooks/411532,,번역서 1종 · 영어 · 예: I Am the Subway,포함
달 샤베트,Baek Heena,기타,,발표 시기 미상,https://library.ltikorea.or.kr/translatedbooks/411529,,"번역서 4종 · 영어, 일본어, 중국어(간체), 폴란드어 · 예: Moon Pops",포함
알사탕,Baek Heena,기타,,발표 시기 미상,https://library.ltikorea.or.kr/translatedbooks/411528,,"번역서 5종 · 영어, 스웨덴어, 일본어, 중국어(번체), 중국어(간체) · 예: Magic Candies",포함
마담 타로,이수아,기타,,발표 시기 미상,https://library.ltikorea.or.kr/translatedbooks/411518,,번역서 1종 · 러시아어 · 예: Мадам Таро,포함
선량한 시민,김서진,기타,,발표 시기 미상,https://library.ltikorea.or.kr/translatedbooks/411504,,번역서 1종 · 러시아어 · 예: Обыкновенное зло,포함
식민지 소년,Kim Haki,기타,,발표 시기 미상,https://library.ltikorea.or.kr/translatedbooks/411497,,번역서 1종 · 아제르바이잔어 · 예: Müstəmləkə uşağı scrap,포함
인스타그램에는 절망이 없다,Jeong Jiwoo,기타,,발표 시기 미상,https://library.ltikorea.or.kr/translatedbooks/411495,,번역서 1종 · 베트남어 · 예: KHÔNG CÓ TUYỆT VỌNG TRÊN INSTAGRAM,포함
모기와 왈츠를,JooWook Kim,기타,,발표 시기 미상,https://library.ltikorea.or.kr/translatedbooks/411489,,번역서 1종 · 영어 · 예: Waltzing with Mosquitoes,포함
Plastic Rice(미공개 작품),JooWook Kim,기타,,발표 시기 미상,https://library.ltikorea.or.kr/translatedbooks/411487,,번역서 1종 · 영어 · 예: Plastic Rice,포함
파과,GU BYEONG-MO,기타,,발표 시기 미상,https://library.ltikorea.or.kr/translatedbooks/411483,,"번역서 2종 · 튀르키예어, 폴란드어 · 예: Eli Bicakli Teyze",포함
구미호 식당 2,Park Hyon-suk,기타,,발표 시기 미상,https://library.ltikorea.or.kr/translatedbooks/411482,,"번역서 1종 · 러시아어 · 예: Ресторан ""Кумихо""",포함
바늘과 가죽의 시,GU BYEONG-MO,기타,,발표 시기 미상,https://library.ltikorea.or.kr/translatedbooks/411480,,번역서 1종 · 인도네시아어 · 예: Kisah Jarum dan Kulit,포함
잃어버린 거울,김채린,기타,,발표 시기 미상,https://library.ltikorea.or.kr/translatedbooks/411477,,번역서 1종 · 일본어 · 예: ふしぎな鏡をさがせ,포함
높고 푸른 사다리,Ji-Young Gong,기타,,발표 시기 미상,https://library.ltikorea.or.kr/translatedbooks/411474,,"번역서 2종 · 러시아어, 프랑스어 · 예: Высокая небесная лестница",포함
"진이, 지니",Jeong You Jeong,기타,,발표 시기 미상,https://library.ltikorea.or.kr/translatedbooks/411473,,"번역서 2종 · 인도네시아어, 프랑스어 · 예: Jini, Jinny",포함
마음이 살짝 기운다,Ra Taejoo,기타,,발표 시기 미상,https://library.ltikorea.or.kr/translatedbooks/411472,,번역서 1종 · 일본어 · 예: 心がそっと傾く,포함
그 고양이의 이름은 길다,Lee Juhye,기타,,발표 시기 미상,https://library.ltikorea.or.kr/translatedbooks/411470,,번역서 1종 · 일본어 · 예: その猫の名前は長い,포함
리나,Kang Young-sook,기타,,발표 시기 미상,https://library.ltikorea.or.kr/translatedbooks/411466,,"번역서 2종 · 불가리아어, 영어 · 예: Рина",포함
리볼브 2,Lee Jong-kwan,기타,,발표 시기 미상,https://library.ltikorea.or.kr/translatedbooks/411452,,번역서 1종 · 베트남어 · 예: Viên đạn tái sinh 2,포함
리볼브 1,Lee Jong-kwan,기타,,발표 시기 미상,https://library.ltikorea.or.kr/translatedbooks/411451,,번역서 1종 · 베트남어 · 예: Viên đạn tái sinh 1,포함
최명익 단편선(가제),Choi Myeongik,단편소설,,발표 시기 미상,https://library.ltikorea.or.kr/translatedbooks/411448,,번역서 1종 · 영어 · 예: Patterns of the heart and other stories,포함
20세기 한국문학의 이해,Lee Namho,기타,,발표 시기 미상,https://library.ltikorea.or.kr/translatedbooks/411442,,"번역서 6종 · 베트남어, 중국어(간체), 스페인어, 영어, 독일어 · 예: Tìm Hiểu Văn Học Hàn Quốc Thế Kỷ 20",포함
파쇄,GU Byeong-mo,기타,,발표 시기 미상,https://library.ltikorea.or.kr/translatedbooks/411418,,번역서 1종 · 일본어 · 예: 破砕,포함
서칭 포 허니맨,Hyun-joo Park,기타,,발표 시기 미상,https://library.ltikorea.or.kr/translatedbooks/411409,,번역서 1종 · 영어 · 예: Romancing on Jeju,포함
메르시아의 별,김성일,기타,,발표 시기 미상,https://library.ltikorea.or.kr/translatedbooks/411403,,번역서 1종 · 한국어 · 예: ddd,포함
지상의 노래,LEE Seung-U,기타,,발표 시기 미상,https://library.ltikorea.or.kr/translatedbooks/411400,,번역서 1종 · 프랑스어 · 예: Le chant de la terre,포함
그늘을 산 총각,Lee Suzy,기타,,발표 시기 미상,https://library.ltikorea.or.kr/translatedbooks/411392,,번역서 1종 · 영어 · 예: The Shade Tree,포함
좋은 건 다 네 앞에 있어,Seong Jeon,기타,,발표 시기 미상,https://library.ltikorea.or.kr/translatedbooks/411386,,번역서 1종 · 프랑스어 · 예: TOUTES LES BONNES CHOSES SONT DEVANT TOI,포함
봄으로 가는 지도,Lim Deok-Gi,기타,,발표 시기 미상,https://library.ltikorea.or.kr/translatedbooks/411368,,번역서 1종 · 영어 · 예: A Map to the Spring,포함
운다고 달라지는 일은 아무것도 없겠지만,Park Joon,기타,,발표 시기 미상,https://library.ltikorea.or.kr/translatedbooks/411349,,"번역서 3종 · 일본어, 태국어, 중국어(번체) · 예: 泣いたって変わることは何もないだろうけれど",포함
마치,Lee Sumyeong,기타,,발표 시기 미상,https://library.ltikorea.or.kr/translatedbooks/411348,,번역서 1종 · 영어 · 예: Just Like,포함
Hardly War,Choi Don-Mee,기타,,발표 시기 미상,https://library.ltikorea.or.kr/translatedbooks/411344,,번역서 1종 · 스웨덴어 · 예: Knappt krig,포함
아프니까 청춘이다,Kim Rando,기타,,발표 시기 미상,https://library.ltikorea.or.kr/translatedbooks/411335,,"번역서 3종 · 중국어(간체), 태국어 · 예: 因为痛,所以叫青春:写给独自站在人生路口的你",포함
줄줄이 꿴 호랑이,Gwon Munhui,기타,,발표 시기 미상,https://library.ltikorea.or.kr/translatedbooks/411326,,번역서 1종 · 프랑스어 · 예: Tigres à la queue leu leu,포함
히스테리아,Kim Yi-deum,기타,,발표 시기 미상,https://library.ltikorea.or.kr/translatedbooks/411324,,"번역서 2종 · 폴란드어, 영어 · 예: Histeria",포함
밤의 여행자들,Yun Ko Eun,기타,,발표 시기 미상,https://library.ltikorea.or.kr/translatedbooks/411321,,"번역서 10종 · 영어, 이탈리아어, 스페인어, 일본어, 튀르키예어 · 예: The disaster tourist",포함
천사의 탄식,Mah Chonggi,기타,,발표 시기 미상,https://library.ltikorea.or.kr/translatedbooks/411314,,번역서 1종 · 영어 · 예: The Angel's Lament,포함
손님,Hwang Sok-Yong,기타,,발표 시기 미상,https://library.ltikorea.or.kr/translatedbooks/411301,,번역서 1종 · 영어 · 예: The Guest,포함
역사는 흐른다,Hahn Moo-Sook,기타,,발표 시기 미상,https://library.ltikorea.or.kr/translatedbooks/411300,,"번역서 2종 · 영어, 에스토니아어 · 예: And So Flows History",포함
깨어나지 말 걸 그랬어,Kim Kharim,기타,,발표 시기 미상,https://library.ltikorea.or.kr/translatedbooks/411296,,"번역서 1종 · 러시아어 · 예: День, когда я исчезла",포함
눈사람 자살 사건,Choi Seung-Ho,기타,,발표 시기 미상,https://library.ltikorea.or.kr/translatedbooks/411292,,번역서 1종 · 스페인어 · 예: El suicidio del muñeco de nieve,포함
감자,Kim Dong-in,기타,,발표 시기 미상,https://library.ltikorea.or.kr/translatedbooks/411289,,"번역서 3종 · 영어, 폴란드어 · 예: Sweet Potato",포함
동시존재,Lee JongMin,기타,,발표 시기 미상,https://library.ltikorea.or.kr/translatedbooks/411288,,번역서 1종 · 영어 · 예: Synchronicity,포함
빛의 제국,KIM Young-ha,기타,,발표 시기 미상,https://library.ltikorea.or.kr/translatedbooks/411285,,번역서 1종 · 프랑스어 · 예: L'EMPIRE DES LUMIERES,포함
한국 단편 소설선,OH JUNGHEE,단편소설,,발표 시기 미상,https://library.ltikorea.or.kr/translatedbooks/411284,,번역서 1종 · 프랑스어 · 예: REVUE BREVES n.105,포함
현대 한국단편 문학선,박완서,기타,,발표 시기 미상,https://library.ltikorea.or.kr/translatedbooks/411282,,번역서 1종 · 히브리어 · 예: דלות גנובה: סיפורים קוריאניים,포함
한용운 시선집,Han Yong-un,시,,발표 시기 미상,https://library.ltikorea.or.kr/translatedbooks/411281,,"번역서 2종 · 스페인어, 영어 · 예: Todo cuanto anhelo",포함
조선 여성 첫 세계 일주기,Na Hye-seok,기타,,발표 시기 미상,https://library.ltikorea.or.kr/translatedbooks/411277,,"번역서 1종 · 일본어 · 예: 朝鮮女性,初の世界一周記",포함
기다림,Keum Suk Gendry-Kim,기타,,발표 시기 미상,https://library.ltikorea.or.kr/translatedbooks/411272,,"번역서 8종 · 포르투갈어, 이탈리아어, 보스니아어, 스페인어, 아라비아어 · 예: A Espera",포함
김준태 시집,Kim Jun Tae,시,,발표 시기 미상,https://library.ltikorea.or.kr/translatedbooks/411270,,"번역서 2종 · 독일어, 일본어 · 예: Gesang der Wasserspinnen",포함
한국대표단편소설 3,Hyun Jin-geon,단편소설,,발표 시기 미상,https://library.ltikorea.or.kr/translatedbooks/411242,,번역서 1종 · 베트남어 · 예: KIÊN CƯỜNG TRONG GIAN KHÓ,포함
박상순 시선집 1,Pak Sangsoon,시,,발표 시기 미상,https://library.ltikorea.or.kr/translatedbooks/411240,,번역서 3종 · 프랑스어 · 예: Et c'est pas un problème,포함
당신이 반짝이던 순간,Jinsun Lee,기타,,발표 시기 미상,https://library.ltikorea.or.kr/translatedbooks/411238,,"번역서 2종 · 일본어 · 예: 韓國の今を映す,12人の輝く瞬間",포함
당신을 기다리고 있어,Bo-yong Kim,단편소설,,발표 시기 미상,https://library.ltikorea.or.kr/translatedbooks/411237,,"번역서 4종 · 영어, 프랑스어, 아라비아어 · 예: L'odyssée des étoiles",포함
청혼,Bae Myung-hoon,기타,,발표 시기 미상,https://library.ltikorea.or.kr/translatedbooks/411228,,번역서 1종 · 영어 · 예: The Proposal,포함
노동의 새벽,PARK NOHAE,기타,,발표 시기 미상,https://library.ltikorea.or.kr/translatedbooks/411226,,번역서 2종 · 영어 · 예: Dawn of Labor,포함
소와 함께 여행하는 법,Kim Doyeon,기타,,발표 시기 미상,https://library.ltikorea.or.kr/translatedbooks/411201,,번역서 1종 · 러시아어 · 예: Как путешествовать с коровой,포함
The Forest of Stolen Girls,June Hur,기타,,발표 시기 미상,https://library.ltikorea.or.kr/translatedbooks/411198,,번역서 1종 · 프랑스어 · 예: La Forêt des disparues,포함
흔들리지 않고 피는 꽃이 어디 있으랴,Do Jonghwan,기타,,발표 시기 미상,https://library.ltikorea.or.kr/translatedbooks/411194,,"번역서 2종 · 프랑스어, 페르시아어 · 예: Nulle fleur n'eclot sans trembler",포함
작별인사,Kim Young-ha,기타,,발표 시기 미상,https://library.ltikorea.or.kr/translatedbooks/411180,,"번역서 2종 · 중국어(번체), 튀르키예어 · 예: 告別",포함
고요할수록 밝아지는 것들,HAEMIN,기타,,발표 시기 미상,https://library.ltikorea.or.kr/translatedbooks/411170,,"번역서 2종 · 영어, 독일어 · 예: When Things Don't Go Your Way",포함
긴긴밤,Luly,기타,,발표 시기 미상,https://library.ltikorea.or.kr/translatedbooks/411168,,번역서 1종 · 튀르키예어 · 예: En uzun gece,포함
빙글빙글 우주군,Bae Myung-hoon,기타,,발표 시기 미상,https://library.ltikorea.or.kr/translatedbooks/411163,,"번역서 2종 · 이탈리아어, 영어 · 예: In orbita!",포함
나의 가장 나종 지니인 것,Park Wansuh,단편소설,,발표 시기 미상,https://library.ltikorea.or.kr/translatedbooks/411159,,번역서 2종 · 영어 · 예: My Very Last Possession and Other Stories,포함
날개,Yi Sang,기타,,발표 시기 미상,https://library.ltikorea.or.kr/translatedbooks/411156,,"번역서 4종 · 페르시아어, 영어, 아라비아어, 노르웨이어 · 예: بال",포함
허균 시선집: 성소부부고,Heo Kyun,시,,발표 시기 미상,https://library.ltikorea.or.kr/translatedbooks/411155,,번역서 1종 · 영어 · 예: Borderland Roads,포함
내가 죽인 남자가 돌아왔다,Hwang Seyoun,기타,,발표 시기 미상,https://library.ltikorea.or.kr/translatedbooks/411144,,"번역서 3종 · 중국어(간체), 태국어, 중국어(번체) · 예: 我杀死的男人回来了",포함
도가니,Ji-Young Gong,기타,,발표 시기 미상,https://library.ltikorea.or.kr/translatedbooks/411142,,"번역서 5종 · 중국어(번체), 영어, 프랑스어, 중국어(간체), 러시아어 · 예: 熔爐",포함
지하촌,Kang Kyung-ae,기타,,발표 시기 미상,https://library.ltikorea.or.kr/translatedbooks/411138,,번역서 3종 · 영어 · 예: The underground village,포함
압록강은 흐른다,Yi Mi-Ruk,기타,,발표 시기 미상,https://library.ltikorea.or.kr/translatedbooks/411131,,"번역서 4종 · 독일어, 프랑스어 · 예: Der Yalu fließt",포함
엄마를 부탁해,Kyung-Sook Shin,기타,,발표 시기 미상,https://library.ltikorea.or.kr/translatedbooks/411129,,"번역서 58종 · 영어, 중국어(간체), 이탈리아어, 프랑스어, 헝가리어 · 예: 尋找母親",포함
귀를 기울이면,Cho Nam-ju,기타,,발표 시기 미상,https://library.ltikorea.or.kr/translatedbooks/411127,,"번역서 2종 · 일본어, 중국어(번체) · 예: 耳をすませば",포함
은마는 오지 않는다,Ahn Junghyo,기타,,발표 시기 미상,https://library.ltikorea.or.kr/translatedbooks/411126,,번역서 1종 · 튀르키예어 · 예: Gümüş Aygır,포함
퇴근길의 마음,Lee Dahye,기타,,발표 시기 미상,https://library.ltikorea.or.kr/translatedbooks/411124,,번역서 1종 · 일본어 · 예: 仕事帰りの心,포함
코리안 티처,Seo Su-Jin,기타,,발표 시기 미상,https://library.ltikorea.or.kr/translatedbooks/411119,,"번역서 3종 · 영어, 튀르키예어 · 예: Korece Öğretmeni",포함
이국에서,Lee Seung-U,기타,,발표 시기 미상,https://library.ltikorea.or.kr/translatedbooks/411118,,번역서 1종 · 우크라이나어 · 예: На чужині,포함
부서진 여름,Lee Jung-myung,기타,,발표 시기 미상,https://library.ltikorea.or.kr/translatedbooks/411116,,"번역서 3종 · 영어, 아라비아어 · 예: صيف ملعون",포함
청년 주부 구운몽,Gang Seon-woo,기타,,발표 시기 미상,https://library.ltikorea.or.kr/translatedbooks/411109,,"번역서 1종 · 인도네시아어 · 예: Unmong, a Youngman Became a Homemaker",포함
앨리스 앨리스 하고 부르면,Woo Da Young,기타,,발표 시기 미상,https://library.ltikorea.or.kr/translatedbooks/411094,,"번역서 1종 · 일본어 · 예: アリス,アリスと呼べば",포함
영화는 질문을 멈추지 않는다,Jeonju International Film Festival,기타,,발표 시기 미상,https://library.ltikorea.or.kr/translatedbooks/411091,,번역서 1종 · 중국어(번체) · 예: 電影從不停止質問,포함
오리 부리 이야기,Hwang Seon-ae,기타,,발표 시기 미상,https://library.ltikorea.or.kr/translatedbooks/411086,,번역서 2종 · 중국어(간체) · 예: 话匣子鸭大嘴,포함
유년의 뜰,OH JUNGHEE,기타,,발표 시기 미상,https://library.ltikorea.or.kr/translatedbooks/411078,,"번역서 2종 · 일본어, 독일어 · 예: 幼年の庭",포함
우리가 다시 만날 세계,Hwang Mogwa,기타,,발표 시기 미상,https://library.ltikorea.or.kr/translatedbooks/411075,,"번역서 2종 · 중국어(번체), 중국어(간체) · 예: 我們，再次重逢的世界",포함
우리의 소원은 전쟁,Chang Kang-myoung,기타,,발표 시기 미상,https://library.ltikorea.or.kr/translatedbooks/411072,,"번역서 2종 · 프랑스어, 일본어 · 예: Qui veut la guerre",포함
아젤리아,,기타,,발표 시기 미상,https://library.ltikorea.or.kr/translatedbooks/411056,,번역서 5종 · 영어 · 예: AZALEA (Journal of Korean Literature & Culture),포함
연년세세,Hwang Jungeun,기타,,발표 시기 미상,https://library.ltikorea.or.kr/translatedbooks/411043,,"번역서 2종 · 프랑스어, 일본어 · 예: Une bonne fille",포함
비단꽃 넘세,Kim Keum-hwa,기타,,발표 시기 미상,https://library.ltikorea.or.kr/translatedbooks/411040,,번역서 1종 · 영어 · 예: I have come on a lonely path,포함
기괴한 레스토랑.1,Kim Minjeong,기타,,발표 시기 미상,https://library.ltikorea.or.kr/translatedbooks/411036,,번역서 2종 · 러시아어 · 예: Зловещий ресторан,포함
구미호 식당,Park Hyon-suk,기타,,발표 시기 미상,https://library.ltikorea.or.kr/translatedbooks/411033,,번역서 2종 · 러시아어 · 예: Ресторан Кумихо,포함
엄마들,Yeong-shin Ma,기타,,발표 시기 미상,https://library.ltikorea.or.kr/translatedbooks/411018,,"번역서 4종 · 스페인어, 폴란드어, 프랑스어, 영어 · 예: Mamás",포함
프롤레타리아 문학 선집,Choi Seohae,기타,,발표 시기 미상,https://library.ltikorea.or.kr/translatedbooks/411007,,번역서 1종 · 스페인어 · 예: LLAMAS ROJAS,포함
님의 침묵,Han Yong-un,시,,발표 시기 미상,https://library.ltikorea.or.kr/translatedbooks/410993,,"번역서 11종 · 베트남어, 프랑스어, 히브리어, 일본어, 중국어(간체) · 예: SỰ IM LẶNG CỦA TÌNH YÊU",포함
탐라 이야기: 제주도문학선,Hyun Ki Young,기타,,발표 시기 미상,https://library.ltikorea.or.kr/translatedbooks/410992,,번역서 1종 · 일본어 · 예: 耽羅の国の物語,포함
누군가를 위하여,Kim Kwang-Kyu,기타,,발표 시기 미상,https://library.ltikorea.or.kr/translatedbooks/410991,,번역서 1종 · 베트남어 · 예: EM ĐÃ SỐNG VÌ AI,포함
김남조 시선집,Kim Nam Jo,시,,발표 시기 미상,https://library.ltikorea.or.kr/translatedbooks/410989,,번역서 1종 · 영어 · 예: Selected poems of Kim Namjo,포함
그리는 세계 있기에,Kim Daljin,기타,,발표 시기 미상,https://library.ltikorea.or.kr/translatedbooks/410986,,번역서 1종 · 일본어 · 예: 慕わしい世界があるから,포함
가랑잎으로 눈가리고,Choi Seungbeom,기타,,발표 시기 미상,https://library.ltikorea.or.kr/translatedbooks/410984,,번역서 1종 · 일본어 · 예: 伴侶,포함
이 시대의 사랑,Choi Seung-ja,기타,,발표 시기 미상,https://library.ltikorea.or.kr/translatedbooks/410982,,번역서 1종 · 영어 · 예: Phone bells keep ringing for me,포함
너를 위한 마음,An Seonmo,기타,,발표 시기 미상,https://library.ltikorea.or.kr/translatedbooks/410979,,번역서 1종 · 중국어(번체) · 예: 為你著想的心,포함
네가 부러워,Kim Hyang-Yi,기타,,발표 시기 미상,https://library.ltikorea.or.kr/translatedbooks/410975,,번역서 1종 · 중국어(번체) · 예: 金豬最愛吃美食,포함
밤나무 밑 알밤 다섯 알,Yu Hyojin,기타,,발표 시기 미상,https://library.ltikorea.or.kr/translatedbooks/410973,,번역서 1종 · 중국어(번체) · 예: 說夢話的老鼠,포함
되돌아온 착한 마음,Ham Yeongyeon,기타,,발표 시기 미상,https://library.ltikorea.or.kr/translatedbooks/410970,,번역서 1종 · 중국어(번체) · 예: 蟬的感謝曲,포함
토리의 거짓말,Ko Susanna,기타,,발표 시기 미상,https://library.ltikorea.or.kr/translatedbooks/410967,,번역서 1종 · 중국어(번체) · 예: 搶錢的妖怪,포함
걱정으로 채워진 욕심 항아리,I Bung,기타,,발표 시기 미상,https://library.ltikorea.or.kr/translatedbooks/410964,,번역서 1종 · 중국어(번체) · 예: 裝著幸福的罐子,포함
시골로 간 뚱보 아저씨,Park Anna,기타,,발표 시기 미상,https://library.ltikorea.or.kr/translatedbooks/410956,,번역서 1종 · 중국어(번체) · 예: 胖叔叔的鄉村日記,포함
고집쟁이 올리,Kim Namjoong,기타,,발표 시기 미상,https://library.ltikorea.or.kr/translatedbooks/410952,,번역서 1종 · 중국어(번체) · 예: 不聽話的奧利,포함
곰탕1,Kim Yeongtak,기타,,발표 시기 미상,https://library.ltikorea.or.kr/translatedbooks/410948,,"번역서 2종 · 독일어, 중국어(번체) · 예: KNOCHENSUPPE",포함
지난밤 내 꿈에,Chung Han-ah,기타,,발표 시기 미상,https://library.ltikorea.or.kr/translatedbooks/410943,,"번역서 1종 · 영어 · 예: Last Night, In My Dream",포함
1인용 식탁,Yun Ko Eun,기타,,발표 시기 미상,https://library.ltikorea.or.kr/translatedbooks/410933,,번역서 1종 · 영어 · 예: TABLE for ONE,포함
이번 생은 나 혼자 산다,Ellie,기타,,발표 시기 미상,https://library.ltikorea.or.kr/translatedbooks/410930,,"번역서 1종 · 베트남어 · 예: Sống Đời Tự Do, Tự Lo Tự Quản",포함
뉴서울파크 젤리장수 대학살,CHO YEEUN,기타,,발표 시기 미상,https://library.ltikorea.or.kr/translatedbooks/410929,,번역서 1종 · 영어 · 예: THE NEW SEOUL PARK JELLY MASSACRE,포함
백만장자를 위한 공짜 음식. 1-2,Lee Min Jin,기타,,발표 시기 미상,https://library.ltikorea.or.kr/translatedbooks/410924,,"번역서 3종 · 영어, 독일어 · 예: Gratisessen für Millionäre",포함
조선시대 서울도시사,Ko Donghwan,기타,,발표 시기 미상,https://library.ltikorea.or.kr/translatedbooks/410919,,번역서 1종 · 일본어 · 예: 朝鮮時代ソウル都市史,포함
The Red Palace,,기타,,발표 시기 미상,https://library.ltikorea.or.kr/translatedbooks/410917,,"번역서 2종 · 한국어, 독일어 · 예: 붉은 궁",포함
달가림,DANBI EO,기타,,발표 시기 미상,https://library.ltikorea.or.kr/translatedbooks/410912,,번역서 1종 · 독일어 · 예: Der Wald der verlorenen Schatten,포함
"봉주르, 뚜르",Han Yunseop,기타,,발표 시기 미상,https://library.ltikorea.or.kr/translatedbooks/410908,,번역서 1종 · 일본어 · 예: ボンジュール，トゥール,포함
"어둠의 변주, 중국인 거리 (가제)",Kim Won il,기타,,발표 시기 미상,https://library.ltikorea.or.kr/translatedbooks/410900,,번역서 1종 · 아라비아어 · 예: لوان الظالم وتليها احلي الصيني,포함
비 오는 날,Ji Ha-ryun,기타,,발표 시기 미상,https://library.ltikorea.or.kr/translatedbooks/410897,,번역서 1종 · 일본어 · 예: 雨日和,포함
대불호텔의 유령,Kang hwa gil,기타,,발표 시기 미상,https://library.ltikorea.or.kr/translatedbooks/410889,,번역서 1종 · 일본어 · 예: 大仏ホテルの幽霊,포함
세상에 나쁜 사람은 없다,Won Jae-hun,기타,,발표 시기 미상,https://library.ltikorea.or.kr/translatedbooks/410879,,"번역서 3종 · 인도네시아어, 영어, 일본어 · 예: Tidak Ada Manusia Jahat di Dunia Ini",포함
나는 나의 어머니가 되어,TANYA KO HONG,기타,,발표 시기 미상,https://library.ltikorea.or.kr/translatedbooks/410878,,번역서 1종 · 알바니아어 · 예: Nënë e vetvetes,포함
오직 두 사람,Kim Young-ha,기타,,발표 시기 미상,https://library.ltikorea.or.kr/translatedbooks/410872,,"번역서 2종 · 중국어(번체), 프랑스어 · 예: 只有兩個人",포함
김소월의 시 100수,Kim Sowol,시,,발표 시기 미상,https://library.ltikorea.or.kr/translatedbooks/410871,,번역서 1종 · 벵골어 · 예: কিম সওলের শত কবিতা,포함
디디의 우산,HWANG JUNGEUN,기타,,발표 시기 미상,https://library.ltikorea.or.kr/translatedbooks/410865,,번역서 2종 · 영어 · 예: DD's Umbrella,포함
시간을 파는 상점,Kim Sun Young,기타,,발표 시기 미상,https://library.ltikorea.or.kr/translatedbooks/410856,,"번역서 3종 · 러시아어, 태국어, 중국어(번체) · 예: Магазинчик времени",포함
나의 완벽한 남자친구와 그의 연인,Min Jihyoung,기타,,발표 시기 미상,https://library.ltikorea.or.kr/translatedbooks/410855,,"번역서 2종 · 일본어, 중국어(번체) · 예: 私の最高の彼氏とその彼女",포함
너의 하루가 따숩길 바라,Eun-ji Go,기타,,발표 시기 미상,https://library.ltikorea.or.kr/translatedbooks/410854,,번역서 1종 · 베트남어 · 예: Chúc Bạn Một Ngày Ấm Áp,포함
로기완을 만났다,Cho Hae-jin,기타,,발표 시기 미상,https://library.ltikorea.or.kr/translatedbooks/410846,,"번역서 3종 · 일본어, 영어, 러시아어 · 예: ロ・ギワンに会った",포함
시,Lee Chang-dong,시,,발표 시기 미상,https://library.ltikorea.or.kr/translatedbooks/410838,,번역서 1종 · 중국어(간체) · 예: 诗：原创剧本,포함
방금 떠나온 세계,Kim Choyeop,기타,,발표 시기 미상,https://library.ltikorea.or.kr/translatedbooks/410834,,"번역서 2종 · 일본어, 중국어(번체) · 예: この世界からは出ていくけれど",포함
우리들의 행복한 시간,Ji-Young Gong,기타,,발표 시기 미상,https://library.ltikorea.or.kr/translatedbooks/410813,,"번역서 20종 · 영어, 폴란드어, 중국어(번체), 페르시아어, 인도네시아어 · 예: OUR HAPPY TIME",포함
연년세세,HWANG JUNGEUN,기타,,발표 시기 미상,https://library.ltikorea.or.kr/translatedbooks/410793,,번역서 1종 · 영어 · 예: YEARS AND YEARS,포함
리나,KANG YOUNG-SOOK,기타,,발표 시기 미상,https://library.ltikorea.or.kr/translatedbooks/410792,,번역서 1종 · 영어 · 예: RINA,포함
웨하스,HA SEONG-NAN,기타,,발표 시기 미상,https://library.ltikorea.or.kr/translatedbooks/410791,,번역서 1종 · 영어 · 예: WAFERS,포함
하늘과 바람과 별과 시,Yun Tong-Ju,시,,발표 시기 미상,https://library.ltikorea.or.kr/translatedbooks/410784,,"번역서 16종 · 일본어, 중국어(간체), 러시아어, 포르투갈어, 독일어 · 예: Céu, vento, estrelas e poesia",포함
후레자식 2,Kim Carnby,기타,,발표 시기 미상,https://library.ltikorea.or.kr/translatedbooks/410774,,번역서 2종 · 세르비아어 · 예: KOPILE2,포함
침이 고인다,Kim Ae-ran,기타,,발표 시기 미상,https://library.ltikorea.or.kr/translatedbooks/410767,,"번역서 4종 · 일본어, 중국어(간체), 중국어(번체), 러시아어 · 예: 唾がたまる",포함
어금니 깨물기,Kim So Yeon,기타,,발표 시기 미상,https://library.ltikorea.or.kr/translatedbooks/410766,,번역서 1종 · 일본어 · 예: 奥歯を噛みしめる,포함
낯익은 세상,Hwang Sok-yong,기타,,발표 시기 미상,https://library.ltikorea.or.kr/translatedbooks/410763,,"번역서 11종 · 아제르바이잔어, 페르시아어, 독일어, 이탈리아어, 튀르키예어 · 예: Tanış şeylər",포함
초롱이의 욕심,Yoon Miyoung,기타,,발표 시기 미상,https://library.ltikorea.or.kr/translatedbooks/410762,,번역서 1종 · 중국어(번체) · 예: 小隆搬橡果,포함
내일 다시 쓰겠습니다,Song Kyung-dong,기타,,발표 시기 미상,https://library.ltikorea.or.kr/translatedbooks/410758,,번역서 1종 · 영어 · 예: I'll Write Again Tomorrow,포함
바이올렛,Kyung-Sook Shin,기타,,발표 시기 미상,https://library.ltikorea.or.kr/translatedbooks/410756,,"번역서 5종 · 폴란드어, 알바니아어, 영어, 인도네시아어, 중국어(간체) · 예: Fiołki",포함
몸으로 부르는 연가,Kim Byung-ho,기타,,발표 시기 미상,https://library.ltikorea.or.kr/translatedbooks/410752,,번역서 1종 · 영어 · 예: Love Songs Sung with the Body,포함
무엇이든 선물은행,Kim Yeonga,기타,,발표 시기 미상,https://library.ltikorea.or.kr/translatedbooks/410749,,"번역서 1종 · 중국어(간체) · 예: 快乐要分享, 分享更快乐",포함
곱빼기로 땡큐 땡큐,Kang Yongsuk,기타,,발표 시기 미상,https://library.ltikorea.or.kr/translatedbooks/410747,,"번역서 1종 · 중국어(간체) · 예: 谢谢你, 我真幸福",포함
꼴찌여도 괜찮아,Kang Yeoul,기타,,발표 시기 미상,https://library.ltikorea.or.kr/translatedbooks/410744,,"번역서 1종 · 중국어(간체) · 예: 这次没考好, 我会再努力",포함
나 하나 쯤이야,Lee Sang-bae,기타,,발표 시기 미상,https://library.ltikorea.or.kr/translatedbooks/410739,,번역서 1종 · 중국어(간체) · 예: 有规则才够好,포함
세상에서 제일 잘난 나,Kim Jung-Shin,기타,,발표 시기 미상,https://library.ltikorea.or.kr/translatedbooks/410737,,번역서 1종 · 중국어(간체) · 예: 我是最棒的,포함
내 사랑 도토리,Go Sungwook,기타,,발표 시기 미상,https://library.ltikorea.or.kr/translatedbooks/410734,,"번역서 1종 · 중국어(간체) · 예: 我爱你, 狗狗",포함
비욘드 더 스토리,강명석,기타,,발표 시기 미상,https://library.ltikorea.or.kr/translatedbooks/410730,,번역서 1종 · 영어 · 예: BEYOND THE STORY,포함
파란 구슬의 비밀,Jo Eunseol,기타,,발표 시기 미상,https://library.ltikorea.or.kr/translatedbooks/410719,,번역서 1종 · 중국어(간체) · 예: 我也可以很勇敢,포함
우리 반 암행어사,Jeong Jin,기타,,발표 시기 미상,https://library.ltikorea.or.kr/translatedbooks/410716,,번역서 1종 · 중국어(간체) · 예: 不一样的班干部,포함
달라진 내가 좋아,Jang Seongja,기타,,발표 시기 미상,https://library.ltikorea.or.kr/translatedbooks/410713,,번역서 1종 · 중국어(간체) · 예: 好习惯让我变超人,포함
"그래, 결심했어!",Kim Kyunghee,기타,,발표 시기 미상,https://library.ltikorea.or.kr/translatedbooks/410710,,"번역서 1종 · 중국어(간체) · 예: 管好自己, 我能行",포함
이산 정조대왕 1,Rju Ungjon,기타,,발표 시기 미상,https://library.ltikorea.or.kr/translatedbooks/410708,,번역서 1종 · 태국어 · 예: ลีซาน จอมบัลลังก์พลิกแผ่นดิน เล่ม 1,포함
"이산, 정조대왕2",Kim Ee young,기타,,발표 시기 미상,https://library.ltikorea.or.kr/translatedbooks/410707,,번역서 1종 · 태국어 · 예: ลีซาน จอมบัลลังก์พลิกแผ่นดิน เล่ม 2,포함
거울,Wonseong,기타,,발표 시기 미상,https://library.ltikorea.or.kr/translatedbooks/410702,,번역서 1종 · 중국어(번체) · 예: 鏡子,포함
화염 속의 샘: 고은 시선,Ko Un,기타,,발표 시기 미상,https://library.ltikorea.or.kr/translatedbooks/410699,,번역서 1종 · 스페인어 · 예: Fuente en llamas,포함
풀,KEUM SUK GENDRY-KIM,기타,,발표 시기 미상,https://library.ltikorea.or.kr/translatedbooks/410691,,"번역서 2종 · 알바니아어, 프랑스어 · 예: BARI",포함
신이 쉼표를 넣은 곳에 마침표를 찍지 말라,Shiva Ryu,기타,,발표 시기 미상,https://library.ltikorea.or.kr/translatedbooks/410690,,번역서 1종 · 독일어 · 예: Geschichten sind das Kleid der Wahrheit,포함
만인보,Ko Un,기타,,발표 시기 미상,https://library.ltikorea.or.kr/translatedbooks/410680,,"번역서 3종 · 스웨덴어, 러시아어, 아라비아어 · 예: Maninbo",포함
한국인의 사랑: 한국현대시선집,Han Yong-Un,시,,발표 시기 미상,https://library.ltikorea.or.kr/translatedbooks/410679,,번역서 1종 · 히브리어 · 예: אהבה קוריאנית,포함
"8월의 저편 상, 하",Yu Miri,기타,,발표 시기 미상,https://library.ltikorea.or.kr/translatedbooks/410678,,번역서 2종 · 영어 · 예: The End of August,포함
한국의 고전문학,Woo Hanyong,기타,,발표 시기 미상,https://library.ltikorea.or.kr/translatedbooks/410673,,번역서 1종 · 베트남어 · 예: Văn học cổ điển Hàn Quốc,포함
완득이,KIM Ryeoryeong,기타,,발표 시기 미상,https://library.ltikorea.or.kr/translatedbooks/410606,,"번역서 3종 · 러시아어, 베트남어, 독일어 · 예: Удар",포함
이별 후의 이별,Jang Seokwon,기타,,발표 시기 미상,https://library.ltikorea.or.kr/translatedbooks/410605,,번역서 1종 · 영어 · 예: Parting After Parting,포함
돌이 천둥이다,Lee Jae Hoon,기타,,발표 시기 미상,https://library.ltikorea.or.kr/translatedbooks/410603,,번역서 1종 · 영어 · 예: Rock Is Thunder,포함
고래 눈이 내리다,Bo-yong Kim,기타,,발표 시기 미상,https://library.ltikorea.or.kr/translatedbooks/410581,,번역서 1종 · 영어 · 예: Whale Snows Down,포함
천하무적의 정의로운 무법자,Kang Minsoo,기타,,발표 시기 미상,https://library.ltikorea.or.kr/translatedbooks/410577,,번역서 1종 · 영어 · 예: Invincible and Righteous Outlaw,포함
일곱 개의 고양이 눈,CHOI Jae-hoon,기타,,발표 시기 미상,https://library.ltikorea.or.kr/translatedbooks/410560,,"번역서 2종 · 튀르키예어, 프랑스어 · 예: 7 kedi gözü",포함
개 다섯 마리의 밤,Chae Youngsin,기타,,발표 시기 미상,https://library.ltikorea.or.kr/translatedbooks/410557,,번역서 1종 · 러시아어 · 예: Ночь пяти псов,포함
마법소녀는 왜 세상을 구하지 못했을까?,Baek Seolhee,기타,,발표 시기 미상,https://library.ltikorea.or.kr/translatedbooks/410554,,번역서 1종 · 일본어 · 예: 魔法少女はなぜ世界を救えなかったのか？,포함
사이코지만 괜찮아 2,JoYong,기타,,발표 시기 미상,https://library.ltikorea.or.kr/translatedbooks/410546,,번역서 1종 · 일본어 · 예: サイコだけど大丈夫 下,포함
청구야담,Lee Kangok,기타,,발표 시기 미상,https://library.ltikorea.or.kr/translatedbooks/410544,,번역서 1종 · 체코어 · 예: Podivné historky ze staré Koreje,포함
삼국지,Jeong Bi-seok,기타,,발표 시기 미상,https://library.ltikorea.or.kr/translatedbooks/410535,,번역서 1종 · 중국어(번체) · 예: (小説) 三国志 . 上-下,포함
키스 키스 뱅 뱅!,Cho Jinguk,기타,,발표 시기 미상,https://library.ltikorea.or.kr/translatedbooks/410533,,번역서 1종 · 중국어(간체) · 예: 曾经炽热爱着的 恋人们,포함
수학자의 아침,Kim So Yeon,기타,,발표 시기 미상,https://library.ltikorea.or.kr/translatedbooks/410530,,번역서 1종 · 일본어 · 예: 数学者の朝,포함
외국어 학습담,Robert J. Fouser,기타,,발표 시기 미상,https://library.ltikorea.or.kr/translatedbooks/410529,,번역서 1종 · 일본어 · 예: 僕はなぜ一生外国語を学ぶのか,포함
한국현대문학: 1945-1990,Choi Dong-Ho,기타,,발표 시기 미상,https://library.ltikorea.or.kr/translatedbooks/410509,,번역서 1종 · 영어 · 예: Modern Korean Literature,포함
끊어진 다리,Chung Han-Sook,기타,,발표 시기 미상,https://library.ltikorea.or.kr/translatedbooks/410508,,번역서 1종 · 영어 · 예: Bridge,포함
한국현대문학소설,Kim Yujung,소설,,발표 시기 미상,https://library.ltikorea.or.kr/translatedbooks/410507,,번역서 1종 · 영어 · 예: Modern Korean Literature,포함
두 계절,Cecep Syamsul Hari,기타,,발표 시기 미상,https://library.ltikorea.or.kr/translatedbooks/410505,,번역서 1종 · 인도네시아어 · 예: Two seasons,포함
이청준 소설선: 예언자 외,Yi Chong-Jun,소설,,발표 시기 미상,https://library.ltikorea.or.kr/translatedbooks/410502,,"번역서 2종 · 독일어, 영어 · 예: DIE FEUERFRAU",포함
한국문학 만들기,Kim Yong-jik,기타,,발표 시기 미상,https://library.ltikorea.or.kr/translatedbooks/410500,,번역서 1종 · 영어 · 예: Making of Korean literature,포함
고래,CHEON MYEONG-KWAN,기타,,발표 시기 미상,https://library.ltikorea.or.kr/translatedbooks/410495,,"번역서 2종 · 이탈리아어, 튀르키예어 · 예: Whale",포함
한국 고대조각사의 원리,Kang Woobang,기타,,발표 시기 미상,https://library.ltikorea.or.kr/translatedbooks/410494,,번역서 1종 · 영어 · 예: Korean Buddhist sculpture,포함
일지매,Heo Sujeong,기타,,발표 시기 미상,https://library.ltikorea.or.kr/translatedbooks/410491,,번역서 2종 · 태국어 · 예: อิลจีแม,포함
올해의 미숙,Cheong Won,기타,,발표 시기 미상,https://library.ltikorea.or.kr/translatedbooks/410480,,번역서 2종 · 스페인어 · 예: MISUK LA CHICA DEL AÑO,포함
바리데기,Hwang Sok-Yong,기타,,발표 시기 미상,https://library.ltikorea.or.kr/translatedbooks/410476,,"번역서 2종 · 폴란드어, 루마니아어 · 예: Księżniczka Bari",포함
멈추지 않는 도전,Park Ji-Sung,기타,,발표 시기 미상,https://library.ltikorea.or.kr/translatedbooks/410475,,번역서 1종 · 일본어 · 예: 信じるチカラ,포함
한국 가면극,Jeon Kyung-wook,희곡,,발표 시기 미상,https://library.ltikorea.or.kr/translatedbooks/410376,,"번역서 3종 · 영어, 일본어 · 예: Korean Mask Dance Dramas",포함
한국단편선집,Chong-ju,기타,,발표 시기 미상,https://library.ltikorea.or.kr/translatedbooks/410374,,번역서 1종 · 스페인어 · 예: Por la escalera del arco iris,포함
하늘 아이 땅 아이,Choi Sook Hee,기타,,발표 시기 미상,https://library.ltikorea.or.kr/translatedbooks/410373,,번역서 1종 · 중국어(간체) · 예: 天孩子，地孩子,포함
한국 현대시,KU SANG,기타,,발표 시기 미상,https://library.ltikorea.or.kr/translatedbooks/410371,,번역서 1종 · 프랑스어 · 예: DOUZE POÈTES CORÉENS CONTEMPORAINS,포함
한국고전문학입문서,Ko Mi Sook,기타,,발표 시기 미상,https://library.ltikorea.or.kr/translatedbooks/410366,,"번역서 3종 · 베트남어, 이탈리아어, 스페인어 · 예: vĂn Hoc Su Hàn quôc",포함
빛의 제국,Kim Young-ha,기타,,발표 시기 미상,https://library.ltikorea.or.kr/translatedbooks/410365,,"번역서 6종 · 러시아어, 중국어(번체), 불가리아어, 체코어, 일본어 · 예: Империя света",포함
한국현대소설선: 바다와 나비,Ha Keun-chan,소설,,발표 시기 미상,https://library.ltikorea.or.kr/translatedbooks/410363,,번역서 1종 · 베트남어 · 예: truyện ngắn hiện đại Hàn Quốc,포함
이상단편선,Yi Sang,기타,,발표 시기 미상,https://library.ltikorea.or.kr/translatedbooks/410362,,"번역서 2종 · 베트남어, 프랑스어 · 예: Tuyển tập truyện ngắn",포함
귀머거리 너구리와 백석 동화나라,Baek Seok,동화,,발표 시기 미상,https://library.ltikorea.or.kr/translatedbooks/410361,,"번역서 2종 · 독일어, 프랑스어 · 예: Reiseintopf beim frosch",포함
국토와 민족생활사,Choi Young Joon,기타,,발표 시기 미상,https://library.ltikorea.or.kr/translatedbooks/410359,,번역서 2종 · 영어 · 예: Land and Life,포함
삼대,Yom Sang-seop,기타,,발표 시기 미상,https://library.ltikorea.or.kr/translatedbooks/410358,,"번역서 4종 · 베트남어, 일본어, 중국어(간체), 아라비아어 · 예: Ba thễ hệ",포함
미스 사이공,Lee Dong Soon,기타,,발표 시기 미상,https://library.ltikorea.or.kr/translatedbooks/410357,,번역서 2종 · 베트남어 · 예: Miss Sài gòn,포함
한국문학 단편선,Gong Sun-Ok,기타,,발표 시기 미상,https://library.ltikorea.or.kr/translatedbooks/410355,,번역서 1종 · 벵골어 · 예: কোরিয়ার গল্প,포함
바깥은 여름,Kim Ae-ran,기타,,발표 시기 미상,https://library.ltikorea.or.kr/translatedbooks/410341,,"번역서 6종 · 우크라이나어, 러시아어, 스페인어, 중국어(번체), 일본어 · 예: А надворі — літо",포함
숙향전·숙영낭자전,Lee Sanggu,기타,,발표 시기 미상,https://library.ltikorea.or.kr/translatedbooks/410340,,"번역서 4종 · 스페인어, 이탈리아어, 베트남어, 몽골어 · 예: La historia de Sukhyang y la joven Sugyeong",포함
심청전,,기타,,발표 시기 미상,https://library.ltikorea.or.kr/translatedbooks/410339,,"번역서 2종 · 베트남어, 프랑스어 · 예: Truyện Thấm Thanh",중복 제외 (앞 순위 출처에 있음)
하이킹 걸즈,Kim Hyejung,기타,,발표 시기 미상,https://library.ltikorea.or.kr/translatedbooks/410338,,번역서 2종 · 베트남어 · 예: Gió Ơi Cứ Thổi,포함
"더블 A, B",PARK MIN-GYU,기타,,발표 시기 미상,https://library.ltikorea.or.kr/translatedbooks/410337,,번역서 1종 · 스페인어 · 예: Aspirina,포함
위풍당당,Song Sokze,기타,,발표 시기 미상,https://library.ltikorea.or.kr/translatedbooks/410330,,"번역서 3종 · 독일어, 프랑스어 · 예: Erhobenen Hauptes",포함
사하맨션,Cho Nam-ju,기타,,발표 시기 미상,https://library.ltikorea.or.kr/translatedbooks/410328,,"번역서 7종 · 영어, 프랑스어, 일본어, 인도네시아어, 중국어(번체) · 예: RÉSIDENCE SAHA",포함
작은 동네,Son BO-MI,기타,,발표 시기 미상,https://library.ltikorea.or.kr/translatedbooks/410327,,번역서 1종 · 일본어 · 예: 小さな町,포함
괄호가 많은 편지,Kim Ryeong-hwa,기타,,발표 시기 미상,https://library.ltikorea.or.kr/translatedbooks/410325,,번역서 1종 · 일본어 · 예: カッコの多い手紙,포함
라우틀리지 한국 문학 동반자,Heekyoung Cho,기타,,발표 시기 미상,https://library.ltikorea.or.kr/translatedbooks/410317,,번역서 1종 · 영어 · 예: The Routledge Companion to Korean Literature,포함
지상 최대의 내기,Jaesik Kwak,기타,,발표 시기 미상,https://library.ltikorea.or.kr/translatedbooks/410310,,번역서 1종 · 영어 · 예: The Greatest Gamble On Earth,포함
"중국산 모조 비아그라와 제제, 어디에도 고이지 못하는 소변에 대한 짧은 농담",Sang Young Park,기타,,발표 시기 미상,https://library.ltikorea.or.kr/translatedbooks/410309,,번역서 1종 · 영어 · 예: Knockoff Viagra & Jeje,포함
여신과의 산책,Lee Jimin,기타,,발표 시기 미상,https://library.ltikorea.or.kr/translatedbooks/410308,,번역서 1종 · 영어 · 예: Walk With A Goddess,포함
복원되지 못한 것들을 위하여,Park Wansuh,기타,,발표 시기 미상,https://library.ltikorea.or.kr/translatedbooks/410307,,번역서 1종 · 영어 · 예: For That Which Cannot Be Restored,포함
쿄코와 쿄지,Han Junghyun,기타,,발표 시기 미상,https://library.ltikorea.or.kr/translatedbooks/410305,,번역서 1종 · 영어 · 예: Kyoko & Kyoji,포함
바비의 분위기,Park Min-Jung,기타,,발표 시기 미상,https://library.ltikorea.or.kr/translatedbooks/410304,,번역서 1종 · 영어 · 예: Like A Barbie,포함
나는 기생이다,Jung Byungsul,기타,,발표 시기 미상,https://library.ltikorea.or.kr/translatedbooks/410303,,번역서 1종 · 프랑스어 · 예: Je suis une Kisaeng,포함
만다라,Kim Seong-Dong,기타,,발표 시기 미상,https://library.ltikorea.or.kr/translatedbooks/410290,,"번역서 5종 · 러시아어, 영어, 스페인어, 프랑스어, 불가리아어 · 예: Мандала",포함
목소리를 드릴게요,Chung Serang,기타,,발표 시기 미상,https://library.ltikorea.or.kr/translatedbooks/410286,,"번역서 2종 · 영어, 일본어 · 예: Take My Voice",포함
후레자식 1,Kim Carnby,기타,,발표 시기 미상,https://library.ltikorea.or.kr/translatedbooks/410283,,번역서 1종 · 세르비아어 · 예: KOPILE 1,포함
빛의 호위,Cho Hae-jin,기타,,발표 시기 미상,https://library.ltikorea.or.kr/translatedbooks/410279,,"번역서 2종 · 중국어(간체), 일본어 · 예: 光之护卫",포함
"진, 진",Lee Dongeun,기타,,발표 시기 미상,https://library.ltikorea.or.kr/translatedbooks/410278,,번역서 1종 · 프랑스어 · 예: Jin & Jin,포함
공간의 미래,Yoo Hyunjoon,기타,,발표 시기 미상,https://library.ltikorea.or.kr/translatedbooks/410271,,번역서 1종 · 일본어 · 예: 空間の未来,포함
덧니가 보고 싶어,Chung Serang,기타,,발표 시기 미상,https://library.ltikorea.or.kr/translatedbooks/410268,,번역서 1종 · 일본어 · 예: 八重歯が見たい,포함
법화영험전,YOWŎN,기타,,발표 시기 미상,https://library.ltikorea.or.kr/translatedbooks/410265,,번역서 1종 · 이탈리아어 · 예: STORIE DI MIRACOLI BUDDHISTI,포함
사랑과 시작,Kwon Park,기타,,발표 시기 미상,https://library.ltikorea.or.kr/translatedbooks/410251,,번역서 1종 · 영어 · 예: Love and the Beginning,포함
라디오 데이즈,Ha Jaeyoun,기타,,발표 시기 미상,https://library.ltikorea.or.kr/translatedbooks/410242,,번역서 1종 · 영어 · 예: Radio Days,포함
깊은 일,An Heon-mi,기타,,발표 시기 미상,https://library.ltikorea.or.kr/translatedbooks/410236,,번역서 1종 · 영어 · 예: Deep Work,포함
이상 선집 (가제),Yi Sang,기타,,발표 시기 미상,https://library.ltikorea.or.kr/translatedbooks/410234,,번역서 1종 · 프랑스어 · 예: L'Inscription de la terreur,포함
異常ナ可逆反應,이상,기타,,발표 시기 미상,https://library.ltikorea.or.kr/translatedbooks/410225,,번역서 1종 · 한국어 · 예: 이상한 가역반응,포함
우리 김치 백가지,Han Bok-ryeo,기타,,발표 시기 미상,https://library.ltikorea.or.kr/translatedbooks/410212,,번역서 1종 · 일본어 · 예: キムチ百科 韓國傳統のキムチ100,포함
신의 나라 인간 나라,Lee Wonbok,기타,,발표 시기 미상,https://library.ltikorea.or.kr/translatedbooks/410209,,번역서 3종 · 일본어 · 예: 世界の神話,포함
동네에서 제일 싼 프랑스,SEO JUNG HAK,기타,,발표 시기 미상,https://library.ltikorea.or.kr/translatedbooks/410205,,번역서 1종 · 영어 · 예: The Cheapest France In Town,포함
한국동화,,동화,,발표 시기 미상,https://library.ltikorea.or.kr/translatedbooks/410200,,"번역서 3종 · 독일어, 러시아어 · 예: Корейские сказки",포함
감자,kim dong-in,기타,,발표 시기 미상,https://library.ltikorea.or.kr/translatedbooks/410199,,번역서 1종 · 튀르키예어 · 예: Patates ve Diger Öyküler,포함
일주일,KIM Ryeoryeong,기타,,발표 시기 미상,https://library.ltikorea.or.kr/translatedbooks/410198,,번역서 1종 · 베트남어 · 예: Một Tuần,포함
전지적 독자 시점 PART 1 - 04,singNsong,기타,,발표 시기 미상,https://library.ltikorea.or.kr/translatedbooks/410197,,번역서 1종 · 태국어 · 예: มุมมองนักอ่านพระเจ้า เล่ม 4,포함
전지적 독자 시점 PART 1 - 03,singNsong,기타,,발표 시기 미상,https://library.ltikorea.or.kr/translatedbooks/410196,,번역서 1종 · 태국어 · 예: มุมมองนักอ่านพระเจ้า เล่ม 3,포함
전지적 독자 시점 PART 1 - 02,singNsong,기타,,발표 시기 미상,https://library.ltikorea.or.kr/translatedbooks/410195,,번역서 1종 · 태국어 · 예: มุมมองนักอ่านพระเจ้า เล่ม 2,포함
전지적 독자 시점 PART 1 - 01,singNsong,기타,,발표 시기 미상,https://library.ltikorea.or.kr/translatedbooks/410194,,번역서 1종 · 태국어 · 예: มุมมองนักอ่านพระเจ้า เล่ม 1,포함
엄마는 되지 않기로 했습니다,Choi Ji-eun,기타,,발표 시기 미상,https://library.ltikorea.or.kr/translatedbooks/410177,,번역서 1종 · 일본어 · 예: ママにはならないことにしました,포함
아시아의 전래동화,,동화,,발표 시기 미상,https://library.ltikorea.or.kr/translatedbooks/410174,,번역서 1종 · 러시아어 · 예: Сказки народов Азии,포함
신중한 사람,Lee Seung-U,기타,,발표 시기 미상,https://library.ltikorea.or.kr/translatedbooks/410169,,번역서 1종 · 독일어 · 예: Die Messer,포함
날개,YI Sang,기타,,발표 시기 미상,https://library.ltikorea.or.kr/translatedbooks/410157,,번역서 1종 · 독일어 · 예: Die Flügel,포함
세계의 악당으로부터 나를 구하는 법,Soyeon Jeong,기타,,발표 시기 미상,https://library.ltikorea.or.kr/translatedbooks/410153,,번역서 1종 · 일본어 · 예: #発言する女性として生きるということ,포함
미래 산책 연습,Bak Solmay,기타,,발표 시기 미상,https://library.ltikorea.or.kr/translatedbooks/410146,,번역서 1종 · 일본어 · 예: 未来散歩練習,포함
선을 넘는 한국인 선을 긋는 일본인,Hanmin,기타,,발표 시기 미상,https://library.ltikorea.or.kr/translatedbooks/410142,,번역서 1종 · 중국어(번체) · 예: 越線的韓國人，劃線的日本人,포함
웬만해선 아무렇지 않다,Lee Kiho,기타,,발표 시기 미상,https://library.ltikorea.or.kr/translatedbooks/410139,,"번역서 1종 · 스페인어 · 예: PASE LO QUE PASE, TODO VA A ESTAR BIEN",포함
에디 혹은 애슐리,Kim Seong Joong,기타,,발표 시기 미상,https://library.ltikorea.or.kr/translatedbooks/410134,,번역서 2종 · 일본어 · 예: エディ、あるいはアシュリー,포함
위풍당당 여우 꼬리 2,Sohn Won-pyung,기타,,발표 시기 미상,https://library.ltikorea.or.kr/translatedbooks/410132,,"번역서 3종 · 일본어, 러시아어 · 예: wipungdangdang yeou kkoli 2",포함
가난은 유지되어야 한다,Kim Sayi,기타,,발표 시기 미상,https://library.ltikorea.or.kr/translatedbooks/410125,,번역서 1종 · 영어 · 예: Poverty Must Persist,포함
당신의 죄는 내가 아닙니까,Choi Ji-In,기타,,발표 시기 미상,https://library.ltikorea.or.kr/translatedbooks/410122,,번역서 1종 · 영어 · 예: Am I Not Your Sin,포함
녹천에는 똥이 많다,Lee Chang-dong,기타,,발표 시기 미상,https://library.ltikorea.or.kr/translatedbooks/410119,,"번역서 2종 · 일본어, 중국어(간체) · 예: 鹿川（ノクチョン）は糞に塗（まみ）れて",포함
세 여자2,Cho Sun-Hee,기타,,발표 시기 미상,https://library.ltikorea.or.kr/translatedbooks/410118,,번역서 1종 · 일본어 · 예: 三人の女 (下),포함
세 여자1,Cho Sun-Hee,기타,,발표 시기 미상,https://library.ltikorea.or.kr/translatedbooks/410116,,번역서 1종 · 일본어 · 예: 三人の女 (上),포함
까대기,Lee Jongcheol,기타,,발표 시기 미상,https://library.ltikorea.or.kr/translatedbooks/410113,,번역서 1종 · 일본어 · 예: カデギ,포함
옥상에서 만나요,Chung Serang,기타,,발표 시기 미상,https://library.ltikorea.or.kr/translatedbooks/410094,,"번역서 2종 · 중국어(간체), 일본어 · 예: 孝尽",포함
나의 루마니아어 수업,Jang Eun-Jin,기타,,발표 시기 미상,https://library.ltikorea.or.kr/translatedbooks/410089,,번역서 1종 · 일본어 · 예: 僕のルーマニア語の授業,포함
한국 단편소설 선집 (가제),Lee Hyoseok,단편소설,,발표 시기 미상,https://library.ltikorea.or.kr/translatedbooks/410079,,번역서 1종 · 영어 · 예: The Penguin Book of Korean Short Stories,포함
화장,Kim Hoon,기타,,발표 시기 미상,https://library.ltikorea.or.kr/translatedbooks/410066,,번역서 1종 · 일본어 · 예: 火葬,포함
"거기, 내가 가면 안 돼요? 1-2",Lee Geumyi,기타,,발표 시기 미상,https://library.ltikorea.or.kr/translatedbooks/410063,,"번역서 7종 · 영어, 알바니아어, 카탈로니아어, 핀란드어, 바스크어 · 예: Can't I Go Instead",포함
위풍당당 여우 꼬리 3,Sohn Won-pyung,기타,,발표 시기 미상,https://library.ltikorea.or.kr/translatedbooks/410057,,번역서 1종 · 일본어 · 예: 威風堂々 キツネの尻尾,포함
위풍당당 여우 꼬리 1,Sohn Won-pyung,기타,,발표 시기 미상,https://library.ltikorea.or.kr/translatedbooks/410053,,"번역서 2종 · 일본어, 러시아어 · 예: 威風堂々 キツネの尻尾",포함
서쪽 숲에 갔다,PYUN HYE YOUNG,기타,,발표 시기 미상,https://library.ltikorea.or.kr/translatedbooks/410035,,"번역서 3종 · 프랑스어, 영어 · 예: The Owl Cries",포함
아령 하는 밤,Kang Young-sook,기타,,발표 시기 미상,https://library.ltikorea.or.kr/translatedbooks/410029,,번역서 1종 · 영어 · 예: At Night He Lifts Weights,포함
네가 어떤 삶을 살든 나는 너를 응원할 것이다,Ji-Young Gong,기타,,발표 시기 미상,https://library.ltikorea.or.kr/translatedbooks/410011,,"번역서 2종 · 중국어(간체), 베트남어 · 예: 无论你选择什么样的人生，我都为你加油",포함
이산 정조대왕 1,Kim Ee young,기타,,발표 시기 미상,https://library.ltikorea.or.kr/translatedbooks/410010,,번역서 1종 · 태국어 · 예: ลีซาน จอมบัลลังก์พลิกแผ่นดิน เล่ม 1,포함
스타일,Baek Young ok,기타,,발표 시기 미상,https://library.ltikorea.or.kr/translatedbooks/410006,,"번역서 4종 · 태국어, 일본어, 베트남어, 중국어(간체) · 예: รักปรุงรส",포함
일지매,Go Uyeong,기타,,발표 시기 미상,https://library.ltikorea.or.kr/translatedbooks/410005,,"번역서 3종 · 중국어(간체), 태국어 · 예: อิลจีแม จอมโจรพลิกแผ่นดิน",포함
한국 생활사 박물관 시리즈,Jeong Jae-Hun,기타,,발표 시기 미상,https://library.ltikorea.or.kr/translatedbooks/409996,,번역서 1종 · 영어 · 예: Living in Joseon,포함
한국 생활사 박물관 시리즈,Jeong Sung-Gyo,기타,,발표 시기 미상,https://library.ltikorea.or.kr/translatedbooks/409988,,번역서 1종 · 영어 · 예: Living in Joseon,포함
구르믈 버서난 달처럼,Park Heungyong,기타,,발표 시기 미상,https://library.ltikorea.or.kr/translatedbooks/409985,,번역서 1종 · 영어 · 예: Like the Moon Escaping from the Clouds,포함
뭐냐,Ko Un,시,,발표 시기 미상,https://library.ltikorea.or.kr/translatedbooks/409977,,"번역서 1종 · 독일어 · 예: Zen-Gedichte, was'n das?",포함
한국고전선집,Lim Hyung Taek,기타,,발표 시기 미상,https://library.ltikorea.or.kr/translatedbooks/409973,,"번역서 2종 · 러시아어, 베트남어 · 예: Музыканты и мстители",포함
기기인 도로,Gim I-hwan,기타,,발표 시기 미상,https://library.ltikorea.or.kr/translatedbooks/409969,,번역서 1종 · 일본어 · 예: 蒸気駆動の男,포함
해피빌라,Cho Chang-in,기타,,발표 시기 미상,https://library.ltikorea.or.kr/translatedbooks/409950,,번역서 1종 · 베트남어 · 예: KHU TẬP THỂ HẠNH PHÚC,포함
봉준호를 읽다,Kim Si mu,기타,,발표 시기 미상,https://library.ltikorea.or.kr/translatedbooks/409944,,번역서 1종 · 이탈리아어 · 예: Leggere Bong Joon Ho,포함
어제는 봄,Choi Eunmi,기타,,발표 시기 미상,https://library.ltikorea.or.kr/translatedbooks/409940,,번역서 1종 · 튀르키예어 · 예: Dün Bahardı,포함
뜨거운 피,Kim Un-su,기타,,발표 시기 미상,https://library.ltikorea.or.kr/translatedbooks/409938,,"번역서 2종 · 일본어, 독일어 · 예: 野獣の血",포함
월요일이 없는 소년,Hwang Hee,기타,,발표 시기 미상,https://library.ltikorea.or.kr/translatedbooks/409933,,번역서 1종 · 러시아어 · 예: Парень без понедельника,포함
천 개의 파랑,천선란,기타,,발표 시기 미상,https://library.ltikorea.or.kr/translatedbooks/409918,,번역서 1종 · 독일어 · 예: Tausend Arten von Blau,포함
레즈비언의 산부인과,Lee eun hae,기타,,발표 시기 미상,https://library.ltikorea.or.kr/translatedbooks/409915,,번역서 1종 · 일본어 · 예: ​産婦人科＃MeToo,포함
시,LEE Chang-dong,시,,발표 시기 미상,https://library.ltikorea.or.kr/translatedbooks/409912,,번역서 1종 · 중국어(번체) · 예: 生命之詩,포함
"거기, 당신?",YOON SUNG-HEE,기타,,발표 시기 미상,https://library.ltikorea.or.kr/translatedbooks/409910,,번역서 1종 · 중국어(간체) · 예: 孤独的义务,포함
울지도 못했다,Kim Joong-sik,기타,,발표 시기 미상,https://library.ltikorea.or.kr/translatedbooks/409908,,번역서 1종 · 페르시아어 · 예: کتاب حتی نتوانستم گریه کنم,포함
돌담에 속삭이는,Lim Chulwoo,기타,,발표 시기 미상,https://library.ltikorea.or.kr/translatedbooks/409905,,번역서 1종 · 독일어 · 예: Ein Flüstern aus der Mauer,포함
강산제 심청가 · 유관순 열사가,Kim Kyungah,기타,,발표 시기 미상,https://library.ltikorea.or.kr/translatedbooks/409903,,번역서 1종 · 프랑스어 · 예: Simcheongga,포함
심해수,Lee Kyung Tak,기타,,발표 시기 미상,https://library.ltikorea.or.kr/translatedbooks/409899,,번역서 2종 · 프랑스어 · 예: Léviathan - Deep Water Tome 2,포함
더 셜리 클럽,Park Seolyeon,기타,,발표 시기 미상,https://library.ltikorea.or.kr/translatedbooks/409896,,번역서 1종 · 일본어 · 예: シャーリー・クラブ,포함
얼마나 닮았는가,Bo-yong Kim,기타,,발표 시기 미상,https://library.ltikorea.or.kr/translatedbooks/409894,,번역서 1종 · 일본어 · 예: どれほど似ているか,포함
탈향: 이호철단편소설집,Lee Ho-cheol,단편소설,,발표 시기 미상,https://library.ltikorea.or.kr/translatedbooks/409892,,"번역서 2종 · 러시아어, 중국어(간체) · 예: Уйти и не вернуться",포함
인플루언서 엄마를 고발합니다,Je Seong eun,기타,,발표 시기 미상,https://library.ltikorea.or.kr/translatedbooks/409889,,번역서 1종 · 일본어 · 예: インフルエンサーのママを告発します,포함
나는 이름이 있었다,Oh Eun,기타,,발표 시기 미상,https://library.ltikorea.or.kr/translatedbooks/409886,,번역서 1종 · 일본어 · 예: 僕には名前があった,포함
남자들의 방,Hwang Yuna,기타,,발표 시기 미상,https://library.ltikorea.or.kr/translatedbooks/409884,,번역서 1종 · 일본어 · 예: 男たちの部屋,포함
오래된 것들을 생각할 때에는,Ko Hyeong-ryeol,기타,,발표 시기 미상,https://library.ltikorea.or.kr/translatedbooks/409877,,번역서 1종 · 인도네시아어 · 예: Ikan Adalah Pertapa,포함
식물들의 사생활,Lee Seung-U,기타,,발표 시기 미상,https://library.ltikorea.or.kr/translatedbooks/409856,,"번역서 6종 · 튀르키예어, 노르웨이어, 중국어(간체), 러시아어, 독일어 · 예: Bitkilerin Özel Hayatı",포함
소설가 구보씨의 일일,Pak Taewon,소설,,발표 시기 미상,https://library.ltikorea.or.kr/translatedbooks/409855,,"번역서 3종 · 스페인어, 영어, 폴란드어 · 예: Un día en la vida del novelista Kubo",포함
조선단편소설선,Lee Hyoseok,단편소설,,발표 시기 미상,https://library.ltikorea.or.kr/translatedbooks/409853,,번역서 1종 · 일본어 · 예: 朝鮮短篇小説選,포함
한국고시조,Jeong Mongju,시조,,발표 시기 미상,https://library.ltikorea.or.kr/translatedbooks/409848,,번역서 1종 · 스페인어 · 예: AROMA DEL ESTE,포함
인간의 법정,Cho Kwanghee,기타,,발표 시기 미상,https://library.ltikorea.or.kr/translatedbooks/409845,,번역서 1종 · 독일어 · 예: Human Court,포함
북촌,Shin dalja,기타,,발표 시기 미상,https://library.ltikorea.or.kr/translatedbooks/409844,,번역서 1종 · 영어 · 예: BUKCHON,포함
엄원태 시선집(가제),Eom Won-tae,시,,발표 시기 미상,https://library.ltikorea.or.kr/translatedbooks/409837,,번역서 1종 · 프랑스어 · 예: Dans une région obscure,포함
내 여자친구와 여자친구들,Jo Woori,기타,,발표 시기 미상,https://library.ltikorea.or.kr/translatedbooks/409829,,번역서 1종 · 일본어 · 예: 私の彼女と女友達,포함
나쁜 친구,Ancco,기타,,발표 시기 미상,https://library.ltikorea.or.kr/translatedbooks/409825,,"번역서 3종 · 포르투갈어, 영어, 이탈리아어 · 예: Más Companhias",포함
엄마의 집,Jon Kyongnin,기타,,발표 시기 미상,https://library.ltikorea.or.kr/translatedbooks/409811,,번역서 1종 · 베트남어 · 예: NHÀ CỦA MẸ,포함
벌새,김원영,기타,,발표 시기 미상,https://library.ltikorea.or.kr/translatedbooks/409797,,번역서 1종 · 일본어 · 예: はちどり,포함
여인들과 진화하는 적들,Kim Soom,기타,,발표 시기 미상,https://library.ltikorea.or.kr/translatedbooks/409791,,번역서 1종 · 중국어(번체) · 예: 女人與她們進化的天敵,포함
다른 사람,Kang hwa gil,기타,,발표 시기 미상,https://library.ltikorea.or.kr/translatedbooks/409774,,"번역서 4종 · 영어, 이탈리아어, 중국어(번체), 일본어 · 예: Another Person",포함
너는,Kwak Hyo Hwan,기타,,발표 시기 미상,https://library.ltikorea.or.kr/translatedbooks/409768,,번역서 1종 · 프랑스어 · 예: Et toi...,포함
성소복부고,Heo Kyun,기타,,발표 시기 미상,https://library.ltikorea.or.kr/translatedbooks/409760,,번역서 1종 · 한국어 · 예: Borderland Roads,포함
평강공주 2,Choi Sa-gyu,기타,,발표 시기 미상,https://library.ltikorea.or.kr/translatedbooks/409758,,"번역서 1종 · 러시아어 · 예: Река, где восходит луна",포함
나의 영혼을 풀어주어라!,Kim Ji-ha,기타,,발표 시기 미상,https://library.ltikorea.or.kr/translatedbooks/409753,,번역서 1종 · 일본어 · 예: 我が魂を解き放せ,포함
불새,Choi In-ho,기타,,발표 시기 미상,https://library.ltikorea.or.kr/translatedbooks/409741,,번역서 1종 · 중국어(간체) · 예: 火鸟,포함
감옥으로부터의 사색,Shin Young-bok,기타,,발표 시기 미상,https://library.ltikorea.or.kr/translatedbooks/409739,,번역서 1종 · 영어 · 예: Reflections from Prison,포함
내 마음의 장대로,Yoo Taeseung,기타,,발표 시기 미상,https://library.ltikorea.or.kr/translatedbooks/409733,,번역서 1종 · 영어 · 예: With The Pole Of My Heart,포함
엄마의 말뚝,Park Wansuh,기타,,발표 시기 미상,https://library.ltikorea.or.kr/translatedbooks/409730,,"번역서 5종 · 프랑스어, 폴란드어, 헝가리어, 네덜란드어 · 예: Matczyna droga",포함
할머니 엄마,Lee Gee-Eun,기타,,발표 시기 미상,https://library.ltikorea.or.kr/translatedbooks/409729,,번역서 1종 · 영어 · 예: My GrandMom,포함
기생충 스토리보드북,Bong Joon Ho,기타,,발표 시기 미상,https://library.ltikorea.or.kr/translatedbooks/409718,,번역서 1종 · 영어 · 예: PARASITE,포함
글로리홀,Kim Hyun,기타,,발표 시기 미상,https://library.ltikorea.or.kr/translatedbooks/409714,,번역서 1종 · 영어 · 예: Glory Hole,포함
On Such a Full Sea,Lee Chang-rae,기타,,발표 시기 미상,https://library.ltikorea.or.kr/translatedbooks/409711,,번역서 1종 · 한국어 · 예: 만조의 바다 위에서,포함
운명의 턴넬,김형차,기타,,발표 시기 미상,https://library.ltikorea.or.kr/translatedbooks/409708,,번역서 1종 · 영어 · 예: THE TUNNEL OF DESTINY,포함
그래도 나는 피었습니다,Moon Young-Sook,기타,,발표 시기 미상,https://library.ltikorea.or.kr/translatedbooks/409705,,번역서 1종 · 영어 · 예: Trampled Blossoms,포함
진주의 탄생,황인경,기타,,발표 시기 미상,https://library.ltikorea.or.kr/translatedbooks/409702,,번역서 1종 · 영어 · 예: The Birth of Pearl,포함
김미경의 리부트,Kim Mi-kyung,기타,,발표 시기 미상,https://library.ltikorea.or.kr/translatedbooks/409698,,번역서 1종 · 영어 · 예: Reboot,포함
"100℃ : 뜨거운 기억, 6월민주항쟁",Choi Kyu-sok,기타,,발표 시기 미상,https://library.ltikorea.or.kr/translatedbooks/409691,,번역서 1종 · 영어 · 예: 100°C: South Korea's 1987 Democracy Movement,포함
얼음나무 숲,Ha Jieun,기타,,발표 시기 미상,https://library.ltikorea.or.kr/translatedbooks/409675,,"번역서 2종 · 러시아어, 일본어 · 예: ледяной лес",포함
앙코르,Shin Dong-ok,기타,,발표 시기 미상,https://library.ltikorea.or.kr/translatedbooks/409673,,번역서 1종 · 영어 · 예: Encore,포함
방한림전,,기타,,발표 시기 미상,https://library.ltikorea.or.kr/translatedbooks/409653,,번역서 1종 · 스페인어 · 예: La Guerrera Bang Gwanju,포함
소록도 천국으로의 여행,Gang Seonbong,기타,,발표 시기 미상,https://library.ltikorea.or.kr/translatedbooks/409651,,번역서 1종 · 일본어 · 예: 小鹿島 賤国への旅,포함
시와 산책,Han Jeongwon,시,,발표 시기 미상,https://library.ltikorea.or.kr/translatedbooks/409650,,번역서 1종 · 일본어 · 예: 詩と散策,포함
멀리 있다 우루는 늦을 것이다,Bae Su-ah,기타,,발표 시기 미상,https://library.ltikorea.or.kr/translatedbooks/409649,,번역서 1종 · 일본어 · 예: 遠きにありて、ウルは遅れるだろう,포함
아무도 편지하지 않다,Jang Eun-Jin,기타,,발표 시기 미상,https://library.ltikorea.or.kr/translatedbooks/409647,,"번역서 2종 · 폴란드어, 페르시아어 · 예: Nikt nie odpisuje",포함
어디선가 나를 찾는 전화벨이 울리고,Kyung-Sook Shin,기타,,발표 시기 미상,https://library.ltikorea.or.kr/translatedbooks/409642,,"번역서 13종 · 아제르바이잔어, 크로아티아어, 중국어(간체), 아라비아어, 핀란드어 · 예: Çağırdığın yerdə olacağam",포함
지금 장미를 따라,Moon Chung-hee,기타,,발표 시기 미상,https://library.ltikorea.or.kr/translatedbooks/409641,,"번역서 3종 · 중국어(간체), 일본어, 러시아어 · 예: 我们去摘玫瑰花",포함
레몬,Kwon Yeo-sun,기타,,발표 시기 미상,https://library.ltikorea.or.kr/translatedbooks/409637,,"번역서 7종 · 프랑스어, 중국어(간체), 이탈리아어, 중국어(번체), 영어 · 예: Lemon",포함
나는 나를 파괴할 권리가 있다,Kim Young-Ha,기타,,발표 시기 미상,https://library.ltikorea.or.kr/translatedbooks/409344,,"번역서 8종 · 프랑스어, 독일어, 튀르키예어, 스페인어 · 예: La Mort à demi-mots",포함
상냥한 폭력의 시대,Jeong Yi Hyun,기타,,발표 시기 미상,https://library.ltikorea.or.kr/translatedbooks/409228,,"번역서 2종 · 러시아어, 일본어 · 예: Когда причиняют добро",포함
심청전 운영전,,기타,,발표 시기 미상,https://library.ltikorea.or.kr/translatedbooks/409226,,번역서 1종 · 체코어 · 예: Vyprávění o Sim Čchŏng Vyprávění o Unjŏng,포함
인간의 시간(가제),Kim Haengsook,기타,,발표 시기 미상,https://library.ltikorea.or.kr/translatedbooks/409176,,번역서 1종 · 영어 · 예: Human Time,포함
안중근전,Park Eun Sik,기타,,발표 시기 미상,https://library.ltikorea.or.kr/translatedbooks/408986,,번역서 1종 · 일본어 · 예: 安重根,포함
채만식 단편선,Ch`ae Man-Sik,단편소설,,발표 시기 미상,https://library.ltikorea.or.kr/translatedbooks/408983,,"번역서 2종 · 튀르키예어, 이탈리아어 · 예: “Benim Saf Amcam” ve Diğer Öyküler",포함
내일을 여는 집,Bang Hyun-seok,기타,,발표 시기 미상,https://library.ltikorea.or.kr/translatedbooks/408884,,번역서 1종 · 러시아어 · 예: Дом нашего будущего,포함
내가 가진 산책길을 다 줄게,Jeong Woo-shin,기타,,발표 시기 미상,https://library.ltikorea.or.kr/translatedbooks/408882,,번역서 1종 · 영어 · 예: I'll Give You All My Promenade,포함
심청전,Jeong Ji A,기타,,발표 시기 미상,https://library.ltikorea.or.kr/translatedbooks/408879,,번역서 1종 · 튀르키예어 · 예: Hayırlı Evlat,포함
파과,GU Byeong-mo,기타,,발표 시기 미상,https://library.ltikorea.or.kr/translatedbooks/408877,,"번역서 6종 · 영어, 일본어, 프랑스어, 이탈리아어, 중국어(번체) · 예: 破果",포함
평강공주. 1,Choi Sa-gyu,기타,,발표 시기 미상,https://library.ltikorea.or.kr/translatedbooks/408876,,"번역서 2종 · 러시아어 · 예: Река, где восходит луна Юная принцесса",포함
하늘과 바람과 별과 시: 윤동주. 이육사 시선,Yun Tong-Ju,기타,,발표 시기 미상,https://library.ltikorea.or.kr/translatedbooks/408875,,번역서 1종 · 페르시아어 · 예: آسمان و باد و ستاره و شعر,포함
권력과 인간,Jung Byungsul,기타,,발표 시기 미상,https://library.ltikorea.or.kr/translatedbooks/408873,,번역서 1종 · 중국어(간체) · 예: 权力与人,포함
알제리의 유령들,Hwang Yeo Jung,기타,,발표 시기 미상,https://library.ltikorea.or.kr/translatedbooks/408868,,번역서 1종 · 영어 · 예: The Specters of Algeria,포함
전쟁과 사회,Dong-Choon Kim,기타,,발표 시기 미상,https://library.ltikorea.or.kr/translatedbooks/408866,,"번역서 3종 · 한국어, 영어, 일본어 · 예: A social history of the korean war",포함
"심청전, 춘향전",,기타,,발표 시기 미상,https://library.ltikorea.or.kr/translatedbooks/408864,,번역서 1종 · 베트남어 · 예: THẨM THANH TRUYỆN VÀ XUÂN HƯƠNG TRUYỆN,포함
한국현대시인시선집,Kwak Hyo Hwan,시,,발표 시기 미상,https://library.ltikorea.or.kr/translatedbooks/408862,,번역서 1종 · 프랑스어 · 예: C’est l’heure où le monde s’agrandit,포함
생강,Cheon Un-yeong,기타,,발표 시기 미상,https://library.ltikorea.or.kr/translatedbooks/408860,,"번역서 3종 · 스페인어, 영어, 일본어 · 예: El Hombre Del Desván",포함
이별하는 골짜기,Lim Chulwoo,기타,,발표 시기 미상,https://library.ltikorea.or.kr/translatedbooks/408859,,"번역서 4종 · 영어, 중국어(간체), 일본어, 독일어 · 예: Farewell valley",포함
소,Kim Ki-taek,기타,,발표 시기 미상,https://library.ltikorea.or.kr/translatedbooks/408858,,번역서 1종 · 스페인어 · 예: LA VACA,포함
세계인이 알아야 할 한국의 시조,U Tak,시조,,발표 시기 미상,https://library.ltikorea.or.kr/translatedbooks/408857,,번역서 1종 · 독일어 · 예: 150 Sijo-Gedichte,포함
당분간 인간,Seo Yoo-mi,기타,,발표 시기 미상,https://library.ltikorea.or.kr/translatedbooks/408853,,번역서 1종 · 스페인어 · 예: Temporalmente humanos,포함
붉은 돼지들,Song Chanho,기타,,발표 시기 미상,https://library.ltikorea.or.kr/translatedbooks/408852,,번역서 1종 · 일본어 · 예: 赤い豚たち,포함
외로우니까 사람이다,Jeong Ho-seung,기타,,발표 시기 미상,https://library.ltikorea.or.kr/translatedbooks/408850,,"번역서 3종 · 중국어(간체), 러시아어, 그루지야어 · 예: 孤独，所以才是人",포함
그 많던 싱아는 누가 다 먹었을까,Park Wansuh,기타,,발표 시기 미상,https://library.ltikorea.or.kr/translatedbooks/408849,,"번역서 12종 · 프랑스어, 우즈벡어, 튀르키예어, 중국어(번체), 일본어 · 예: Шунча шингани ким еган?",포함
괴괴한 날씨와 착한 사람들,Lim Solah,기타,,발표 시기 미상,https://library.ltikorea.or.kr/translatedbooks/408848,,번역서 1종 · 영어 · 예: Grotesque weather and good people,포함
자전거 도둑,Park Wansuh,기타,,발표 시기 미상,https://library.ltikorea.or.kr/translatedbooks/408846,,"번역서 2종 · 몽골어, 베트남어 · 예: Унадаг дугуйны хулгайч",포함
장수탕 선녀님,Baek Heena,기타,,발표 시기 미상,https://library.ltikorea.or.kr/translatedbooks/408842,,"번역서 4종 · 스웨덴어, 일본어, 중국어(번체), 중국어(간체) · 예: En fe på badhuset",포함
캉탕 : 이승우 소설,LEE Seung-U,소설,,발표 시기 미상,https://library.ltikorea.or.kr/translatedbooks/408806,,번역서 1종 · 프랑스어 · 예: Voyage à Cantant,포함
"Welterusten, mama",,기타,,발표 시기 미상,,,"번역서 1종 · 예: Welterusten, mama",포함
"INK Literary Montly No.198, February 2020",,기타,,발표 시기 미상,,,"번역서 1종 · 예: INK Literary Montly No.198, February 2020",포함
"Хороший сын, или Происхождение видов",,기타,,발표 시기 미상,,,"번역서 1종 · 예: Хороший сын, или Происхождение видов",포함
My Brilliant Life,,기타,,발표 시기 미상,,,번역서 1종 · 예: My Brilliant Life,포함
屋上で会いましょう,,기타,,발표 시기 미상,,,번역서 1종 · 예: 屋上で会いましょう,포함
"Написанное в печали ""Мемуары госпожи Хон""",,기타,,발표 시기 미상,,,"번역서 1종 · 예: Написанное в печали ""Мемуары госпожи Хон""",포함
七只猫眼,,기타,,발표 시기 미상,,,번역서 1종 · 예: 七只猫眼,포함
1982 təvəllüdlü Kim Ci Yon,,기타,,발표 시기 미상,,,번역서 1종 · 예: 1982 təvəllüdlü Kim Ci Yon,포함
Antología del canto coreano Sijo,,기타,,발표 시기 미상,,,번역서 1종 · 예: Antología del canto coreano Sijo,포함
Человеческие поступки,,기타,,발표 시기 미상,,,번역서 1종 · 예: Человеческие поступки,포함
ウジョとソナ 独立運動家夫婦の子育て日記,,기타,,발표 시기 미상,,,번역서 1종 · 예: ウジョとソナ 独立運動家夫婦の子育て日記,포함
Buckle Down,,기타,,발표 시기 미상,,,번역서 1종 · 예: Buckle Down,포함
Saha Mansion,,기타,,발표 시기 미상,,,번역서 1종 · 예: Saha Mansion,포함
請照顧好我媽媽,,기타,,발표 시기 미상,,,번역서 1종 · 예: 請照顧好我媽媽,포함
二度の自画像,,기타,,발표 시기 미상,,,번역서 1종 · 예: 二度の自画像,포함
別の人,,기타,,발표 시기 미상,,,번역서 1종 · 예: 別の人,포함
JEDINÁČEK,,기타,,발표 시기 미상,,,번역서 1종 · 예: JEDINÁČEK,포함
Në muzg,,기타,,발표 시기 미상,,,번역서 1종 · 예: Në muzg,포함
走出韩国,,기타,,발표 시기 미상,,,번역서 1종 · 예: 走出韩国,포함
"Molim te, pazi na mamu",,기타,,발표 시기 미상,,,"번역서 1종 · 예: Molim te, pazi na mamu",포함
Tales of the strange by a Korean Confucian monk = Kŭmo sinhwa by Kim Sisŭp,,기타,,발표 시기 미상,,,번역서 1종 · 예: Tales of the strange by a Korean Confucian monk = Kŭmo sinhwa by Kim Sisŭp,포함
Human Acts,,기타,,발표 시기 미상,,,번역서 1종 · 예: Human Acts,포함
Η ΚΟΤΑ ΠΟΥ ΟΝΕΙΡΕΥΟΤΑΝ ΝΑ ΠΕΤΑΞΕΙ,,기타,,발표 시기 미상,,,번역서 1종 · 예: Η ΚΟΤΑ ΠΟΥ ΟΝΕΙΡΕΥΟΤΑΝ ΝΑ ΠΕΤΑΞΕΙ,포함
有院子的家,,기타,,발표 시기 미상,,,번역서 1종 · 예: 有院子的家,포함
City of Ash and Red,,기타,,발표 시기 미상,,,번역서 1종 · 예: City of Ash and Red,포함
隧道,,기타,,발표 시기 미상,,,번역서 1종 · 예: 隧道,포함
僵尸村,,기타,,발표 시기 미상,,,번역서 1종 · 예: 僵尸村,포함
朝鮮國君的一生,,기타,,발표 시기 미상,,,번역서 1종 · 예: 朝鮮國君的一生,포함
Turbid Rivers,,기타,,발표 시기 미상,,,번역서 1종 · 예: Turbid Rivers,포함
韩国城市设计,,기타,,발표 시기 미상,,,번역서 1종 · 예: 韩国城市设计,포함
肮脏的书桌,,기타,,발표 시기 미상,,,번역서 1종 · 예: 肮脏的书桌,포함
Прогулка во сне по персиковому саду,,기타,,발표 시기 미상,,,번역서 1종 · 예: Прогулка во сне по персиковому саду,포함
網軍部隊,,기타,,발표 시기 미상,,,번역서 1종 · 예: 網軍部隊,포함
我爱劳劳,,기타,,발표 시기 미상,,,번역서 1종 · 예: 我爱劳劳,포함
What Makes a City,,기타,,발표 시기 미상,,,번역서 1종 · 예: What Makes a City,포함
你的夏天还好吗?,,기타,,발표 시기 미상,,,번역서 1종 · 예: 你的夏天还好吗?,포함
Досужие беседы на постоялом дворе,,기타,,발표 시기 미상,,,번역서 1종 · 예: Досужие беседы на постоялом дворе,포함
Les Cahiers de Corée,,기타,,발표 시기 미상,,,번역서 1종 · 예: Les Cahiers de Corée,포함
Dein Schatten ist ein Montag,,기타,,발표 시기 미상,,,번역서 1종 · 예: Dein Schatten ist ein Montag,포함
星をかすめる風,,기타,,발표 시기 미상,,,번역서 1종 · 예: 星をかすめる風,포함
Manken,,기타,,발표 시기 미상,,,번역서 1종 · 예: Manken,포함
小さな心の同好会,,기타,,발표 시기 미상,,,번역서 1종 · 예: 小さな心の同好会,포함
きみは知らない,,기타,,발표 시기 미상,,,번역서 1종 · 예: きみは知らない,포함
四月のミ、七月のソ,,기타,,발표 시기 미상,,,번역서 1종 · 예: 四月のミ、七月のソ,포함
海浪本為海,,기타,,발표 시기 미상,,,번역서 1종 · 예: 海浪本為海,포함
"Ich, B und Buch",,기타,,발표 시기 미상,,,"번역서 1종 · 예: Ich, B und Buch",포함
覚醒するシスターフッド,,기타,,발표 시기 미상,,,번역서 1종 · 예: 覚醒するシスターフッド,포함
"河正宇, 有感觉",,기타,,발표 시기 미상,,,"번역서 1종 · 예: 河正宇, 有感觉",포함
You Arrived in the Season of Perennial Summer,,기타,,발표 시기 미상,,,번역서 1종 · 예: You Arrived in the Season of Perennial Summer,포함
Xứ sở Bánh mì mây,,기타,,발표 시기 미상,,,번역서 1종 · 예: Xứ sở Bánh mì mây,포함
怠けてるのではなく、充電中です。,,기타,,발표 시기 미상,,,번역서 1종 · 예: 怠けてるのではなく、充電中です。,포함
الشعير,,기타,,발표 시기 미상,,,번역서 1종 · 예: الشعير,포함
優しい暴力の時代,,기타,,발표 시기 미상,,,번역서 1종 · 예: 優しい暴力の時代,포함
ثلاث قصص كورية,,기타,,발표 시기 미상,,,번역서 1종 · 예: ثلاث قصص كورية,포함
نجم المساء,,기타,,발표 시기 미상,,,번역서 1종 · 예: نجم المساء,포함
La Loi des lignes,,기타,,발표 시기 미상,,,번역서 1종 · 예: La Loi des lignes,포함
Valkoinen kirja,,기타,,발표 시기 미상,,,번역서 1종 · 예: Valkoinen kirja,포함
TUTTE LE COSE DELLA NOSTRA VITA,,기타,,발표 시기 미상,,,번역서 1종 · 예: TUTTE LE COSE DELLA NOSTRA VITA,포함
СПОМЕНИТЕ НА ЕДНА КОРЕЙСКА ПРИНЦЕСА,,기타,,발표 시기 미상,,,번역서 1종 · 예: СПОМЕНИТЕ НА ЕДНА КОРЕЙСКА ПРИНЦЕСА,포함
Badem,,기타,,발표 시기 미상,,,번역서 1종 · 예: Badem,포함
世界書店紀行,,기타,,발표 시기 미상,,,번역서 1종 · 예: 世界書店紀行,포함
月に聞かせたい話,,기타,,발표 시기 미상,,,번역서 1종 · 예: 月に聞かせたい話,포함
小雪,,기타,,발표 시기 미상,,,번역서 1종 · 예: 小雪,포함
职场定位,,기타,,발표 시기 미상,,,번역서 1종 · 예: 职场定位,포함
The Society for Studies in Matryoshka and Basting Pins,,기타,,발표 시기 미상,,,번역서 1종 · 예: The Society for Studies in Matryoshka and Basting Pins,포함
Forty Two Greens,,기타,,발표 시기 미상,,,번역서 1종 · 예: Forty Two Greens,포함
أفعال بشرية,,기타,,발표 시기 미상,,,번역서 1종 · 예: أفعال بشرية,포함
Aquello que solo ves al detenerte,,기타,,발표 시기 미상,,,번역서 1종 · 예: Aquello que solo ves al detenerte,포함
INSECTES,,기타,,발표 시기 미상,,,번역서 1종 · 예: INSECTES,포함
恨中录,,기타,,발표 시기 미상,,,번역서 1종 · 예: 恨中录,포함
28,,기타,,발표 시기 미상,,,번역서 1종 · 예: 28,포함
Uçabileceğini Hayal Eden Tavuk,,기타,,발표 시기 미상,,,번역서 1종 · 예: Uçabileceğini Hayal Eden Tavuk,포함
Зомби,,기타,,발표 시기 미상,,,번역서 1종 · 예: Зомби,포함
FIABE E STORIE COREANE,,기타,,발표 시기 미상,,,번역서 1종 · 예: FIABE E STORIE COREANE,포함
"仪轨, 朝鲜王室记录文化之花",,기타,,발표 시기 미상,,,"번역서 1종 · 예: 仪轨, 朝鲜王室记录文化之花",포함
Weiß,,기타,,발표 시기 미상,,,번역서 1종 · 예: Weiß,포함
Наше счастливое время,,기타,,발표 시기 미상,,,번역서 1종 · 예: Наше счастливое время,포함
韩国人的餐桌,,기타,,발표 시기 미상,,,번역서 1종 · 예: 韩国人的餐桌,포함
HỐ ĐEN SÂU THẲM,,기타,,발표 시기 미상,,,번역서 1종 · 예: HỐ ĐEN SÂU THẲM,포함
CON NGƯỜI HỠI ÔI,,기타,,발표 시기 미상,,,번역서 1종 · 예: CON NGƯỜI HỠI ÔI,포함
JETAIME_RIAH,,기타,,발표 시기 미상,,,번역서 1종 · 예: JETAIME_RIAH,포함
Al atardecer,,기타,,발표 시기 미상,,,번역서 1종 · 예: Al atardecer,포함
晚安，媽媽,,기타,,발표 시기 미상,,,번역서 1종 · 예: 晚安，媽媽,포함
MADE IN GANGNAM,,기타,,발표 시기 미상,,,번역서 1종 · 예: MADE IN GANGNAM,포함
Məşğul ailə,,기타,,발표 시기 미상,,,번역서 1종 · 예: Məşğul ailə,포함
Суровое испытание,,기타,,발표 시기 미상,,,번역서 1종 · 예: Суровое испытание,포함
Evening Proposal,,기타,,발표 시기 미상,,,번역서 1종 · 예: Evening Proposal,포함
Two Stories by Yi Chong-Jun,,단편소설,,발표 시기 미상,,,번역서 1종 · 예: Two Stories by Yi Chong-Jun,포함
青邱野譚,,기타,,발표 시기 미상,,,번역서 1종 · 예: 青邱野譚,포함
Ateina Berniukas,,기타,,발표 시기 미상,,,번역서 1종 · 예: Ateina Berniukas,포함
MIRACLES EN CORÉE,,기타,,발표 시기 미상,,,번역서 1종 · 예: MIRACLES EN CORÉE,포함
La mythologie coreenne et son expression artistique,,기타,,발표 시기 미상,,,번역서 1종 · 예: La mythologie coreenne et son expression artistique,포함
LA MORT A DEMI-MOTS,,기타,,발표 시기 미상,,,번역서 1종 · 예: LA MORT A DEMI-MOTS,포함
La Mort à demi-mots,,기타,,발표 시기 미상,,,번역서 1종 · 예: La Mort à demi-mots,포함
Uma garota mágica se aposenta,,기타,,발표 시기 미상,,,번역서 1종 · 예: Uma garota mágica se aposenta,포함
八重歯が見たい,,기타,,발표 시기 미상,,,번역서 1종 · 예: 八重歯が見たい,포함
空間の未来,,기타,,발표 시기 미상,,,번역서 1종 · 예: 空間の未来,포함
La dame de L'Anémone,,기타,,발표 시기 미상,,,번역서 1종 · 예: La dame de L'Anémone,포함
Alerte à la neige,,기타,,발표 시기 미상,,,번역서 1종 · 예: Alerte à la neige,포함
A loja de cartas de Seul,,기타,,발표 시기 미상,,,번역서 1종 · 예: A loja de cartas de Seul,포함
ビスケット,,기타,,발표 시기 미상,,,번역서 1종 · 예: ビスケット,포함
"Прачечная, стирающая печали",,기타,,발표 시기 미상,,,"번역서 1종 · 예: Прачечная, стирающая печали",포함
La noche y el día de Ayami,,기타,,발표 시기 미상,,,번역서 1종 · 예: La noche y el día de Ayami,포함
百の影,,기타,,발표 시기 미상,,,번역서 1종 · 예: 百の影,포함
Tuyển tập truyện ngắn,,기타,,발표 시기 미상,,,번역서 1종 · 예: Tuyển tập truyện ngắn,포함
Ma mère est une menteuse,,기타,,발표 시기 미상,,,번역서 1종 · 예: Ma mère est une menteuse,포함
La mangouste dure d'oreille,,기타,,발표 시기 미상,,,번역서 1종 · 예: La mangouste dure d'oreille,포함
Human decency,,기타,,발표 시기 미상,,,번역서 1종 · 예: Human decency,포함
罪人645號,,기타,,발표 시기 미상,,,번역서 1종 · 예: 罪人645號,포함
Hydromène,,기타,,발표 시기 미상,,,번역서 1종 · 예: Hydromène,포함
L'eau et le feu,,기타,,발표 시기 미상,,,번역서 1종 · 예: L'eau et le feu,포함
Le Bol de riz du Maître,,기타,,발표 시기 미상,,,번역서 1종 · 예: Le Bol de riz du Maître,포함
L'Histoire des douze signes,,기타,,발표 시기 미상,,,번역서 1종 · 예: L'Histoire des douze signes,포함
"La Corée, le voyage vers l'est",,기타,,발표 시기 미상,,,"번역서 1종 · 예: La Corée, le voyage vers l'est",포함
The Depths of a Clam,,기타,,발표 시기 미상,,,번역서 1종 · 예: The Depths of a Clam,포함
Gas Light,,기타,,발표 시기 미상,,,번역서 1종 · 예: Gas Light,포함
"My love, my star",,기타,,발표 시기 미상,,,"번역서 1종 · 예: My love, my star",포함
Willkommen in meiner Buchhandlung,,기타,,발표 시기 미상,,,번역서 1종 · 예: Willkommen in meiner Buchhandlung,포함
O impulso,,기타,,발표 시기 미상,,,번역서 1종 · 예: O impulso,포함
A Hummingbird's dance,,기타,,발표 시기 미상,,,번역서 1종 · 예: A Hummingbird's dance,포함
The sound of my waves,,기타,,발표 시기 미상,,,번역서 1종 · 예: The sound of my waves,포함
อิลจีแม จอมโจรพลิกแผ่นดิน,,기타,,발표 시기 미상,,,번역서 1종 · 예: อิลจีแม จอมโจรพลิกแผ่นดิน,포함
Il neige des couleursun livre coréen,,기타,,발표 시기 미상,,,번역서 1종 · 예: Il neige des couleursun livre coréen,포함
La pie le tigre et le lapin,,기타,,발표 시기 미상,,,번역서 1종 · 예: La pie le tigre et le lapin,포함
"Surtout, ne sors pas, n'ouvre pas !",,기타,,발표 시기 미상,,,"번역서 1종 · 예: Surtout, ne sors pas, n'ouvre pas !",포함
Ils sont affreux les monstres !,,기타,,발표 시기 미상,,,번역서 1종 · 예: Ils sont affreux les monstres !,포함
消えた王国 4,,기타,,발표 시기 미상,,,번역서 1종 · 예: 消えた王国 4,포함
The Owl Cries,,기타,,발표 시기 미상,,,번역서 1종 · 예: The Owl Cries,포함
再次重逢的世界,,기타,,발표 시기 미상,,,번역서 1종 · 예: 再次重逢的世界,포함
CINQUANTE POEMES LES AILES,,기타,,발표 시기 미상,,,번역서 1종 · 예: CINQUANTE POEMES LES AILES,포함
PASSEPORT POUR SÉOUL,,기타,,발표 시기 미상,,,번역서 1종 · 예: PASSEPORT POUR SÉOUL,포함
What the spider said,,기타,,발표 시기 미상,,,번역서 1종 · 예: What the spider said,포함
L'art de gouverner,,기타,,발표 시기 미상,,,번역서 1종 · 예: L'art de gouverner,포함
AUBERGINES MAGIQUES,,기타,,발표 시기 미상,,,번역서 1종 · 예: AUBERGINES MAGIQUES,포함
CONTES POPULAIRES de CORÉE,,동화,,발표 시기 미상,,,번역서 1종 · 예: CONTES POPULAIRES de CORÉE,포함
消えた王国 5,,기타,,발표 시기 미상,,,번역서 1종 · 예: 消えた王国 5,포함
Contes de Corée,,동화,,발표 시기 미상,,,번역서 1종 · 예: Contes de Corée,포함
"La montagne, le vent, Dieu et moi",,기타,,발표 시기 미상,,,"번역서 1종 · 예: La montagne, le vent, Dieu et moi",포함
La Fleur de l'infini,,기타,,발표 시기 미상,,,번역서 1종 · 예: La Fleur de l'infini,포함
Chants pour le Nymphea,,기타,,발표 시기 미상,,,번역서 1종 · 예: Chants pour le Nymphea,포함
la mort à vie,,기타,,발표 시기 미상,,,번역서 1종 · 예: la mort à vie,포함
le sel à vie,,기타,,발표 시기 미상,,,번역서 1종 · 예: le sel à vie,포함
Jours de colère en Corée,,기타,,발표 시기 미상,,,번역서 1종 · 예: Jours de colère en Corée,포함
A Livraria das Memórias,,기타,,발표 시기 미상,,,번역서 1종 · 예: A Livraria das Memórias,포함
第二个安娜,,기타,,발표 시기 미상,,,번역서 1종 · 예: 第二个安娜,포함
别人家,,기타,,발표 시기 미상,,,번역서 1종 · 예: 别人家,포함
L'ECUREUIL,,기타,,발표 시기 미상,,,번역서 1종 · 예: L'ECUREUIL,포함
LE PANSORI,,기타,,발표 시기 미상,,,번역서 1종 · 예: LE PANSORI,포함
Le Chant de la Lune se reflétant dans mille fleuves,,기타,,발표 시기 미상,,,번역서 1종 · 예: Le Chant de la Lune se reflétant dans mille fleuves,포함
PAROLES D'UN SAGE CORÉEN À SES PETITS-ENFANTS,,기타,,발표 시기 미상,,,번역서 1종 · 예: PAROLES D'UN SAGE CORÉEN À SES PETITS-ENFANTS,포함
"Raffinement, élégance et vertu",,기타,,발표 시기 미상,,,"번역서 1종 · 예: Raffinement, élégance et vertu",포함
DIE FEUERFRAU,,기타,,발표 시기 미상,,,번역서 1종 · 예: DIE FEUERFRAU,포함
Two seasons,,기타,,발표 시기 미상,,,번역서 1종 · 예: Two seasons,포함
LES BOÎTES DE MA FEMME,,기타,,발표 시기 미상,,,번역서 1종 · 예: LES BOÎTES DE MA FEMME,포함
Am Ende der Zeit,,기타,,발표 시기 미상,,,번역서 1종 · 예: Am Ende der Zeit,포함
Land 1,,기타,,발표 시기 미상,,,번역서 1종 · 예: Land 1,포함
Modern Korean Literature,,기타,,발표 시기 미상,,,번역서 1종 · 예: Modern Korean Literature,포함
Bridge,,기타,,발표 시기 미상,,,번역서 1종 · 예: Bridge,포함
Рассказы героев Кореи,,기타,,발표 시기 미상,,,번역서 1종 · 예: Рассказы героев Кореи,포함
Самые любимые,,기타,,발표 시기 미상,,,번역서 1종 · 예: Самые любимые,포함
Моя Корея,,기타,,발표 시기 미상,,,번역서 1종 · 예: Моя Корея,포함
Современная корейская поэзия,,기타,,발표 시기 미상,,,번역서 1종 · 예: Современная корейская поэзия,포함
Мальчик из села Бо Сен,,기타,,발표 시기 미상,,,번역서 1종 · 예: Мальчик из села Бо Сен,포함
Перепутье,,기타,,발표 시기 미상,,,번역서 1종 · 예: Перепутье,포함
Счастье,,기타,,발표 시기 미상,,,번역서 1종 · 예: Счастье,포함
歲月之石 : 卷一,,기타,,발표 시기 미상,,,번역서 1종 · 예: 歲月之石 : 卷一,포함
Хунмин чонъым,,기타,,발표 시기 미상,,,번역서 1종 · 예: Хунмин чонъым,포함
Четыре желания,,기타,,발표 시기 미상,,,번역서 1종 · 예: Четыре желания,포함
Люди борющейся деревни,,기타,,발표 시기 미상,,,번역서 1종 · 예: Люди борющейся деревни,포함
Эссе,,기타,,발표 시기 미상,,,번역서 1종 · 예: Эссе,포함
"Корейские сказки, записанные осенью",,기타,,발표 시기 미상,,,"번역서 1종 · 예: Корейские сказки, записанные осенью",포함
Душистая весна,,기타,,발표 시기 미상,,,번역서 1종 · 예: Душистая весна,포함
Огонек,,기타,,발표 시기 미상,,,번역서 1종 · 예: Огонек,포함
Радостное письмо,,기타,,발표 시기 미상,,,번역서 1종 · 예: Радостное письмо,포함
Цветы зимы,,기타,,발표 시기 미상,,,번역서 1종 · 예: Цветы зимы,포함
Расставания и встречи,,기타,,발표 시기 미상,,,번역서 1종 · 예: Расставания и встречи,포함
歲月之石 : 卷二,,기타,,발표 시기 미상,,,번역서 1종 · 예: 歲月之石 : 卷二,포함
歲月之石 : 卷三,,기타,,발표 시기 미상,,,번역서 1종 · 예: 歲月之石 : 卷三,포함
Рассвет,,기타,,발표 시기 미상,,,번역서 1종 · 예: Рассвет,포함
Корейские лирики,,기타,,발표 시기 미상,,,번역서 1종 · 예: Корейские лирики,포함
Nowhere to be found,,기타,,발표 시기 미상,,,번역서 1종 · 예: Nowhere to be found,포함
LES GENS DU SUD,,기타,,발표 시기 미상,,,번역서 1종 · 예: LES GENS DU SUD,포함
DOUZE POÈTES CORÉENS CONTEMPORAINS,,기타,,발표 시기 미상,,,번역서 1종 · 예: DOUZE POÈTES CORÉENS CONTEMPORAINS,포함
天孩子，地孩子,,기타,,발표 시기 미상,,,번역서 1종 · 예: 天孩子，地孩子,포함
Taekwondo,,기타,,발표 시기 미상,,,번역서 1종 · 예: Taekwondo,포함
L'Art bouddhique,,기타,,발표 시기 미상,,,번역서 1종 · 예: L'Art bouddhique,포함
Ay'a Gidelim,,기타,,발표 시기 미상,,,번역서 1종 · 예: Ay'a Gidelim,포함
Yürüyüş Pratiği,,기타,,발표 시기 미상,,,번역서 1종 · 예: Yürüyüş Pratiği,포함
Книжная кухня,,기타,,발표 시기 미상,,,번역서 1종 · 예: Книжная кухня,포함
Fugitive Dreams,,기타,,발표 시기 미상,,,번역서 1종 · 예: Fugitive Dreams,포함
Unforgettable love,,기타,,발표 시기 미상,,,번역서 1종 · 예: Unforgettable love,포함
La montagne des dix mille bouddhas,,기타,,발표 시기 미상,,,번역서 1종 · 예: La montagne des dix mille bouddhas,포함
Фотостудия Таккуда,,기타,,발표 시기 미상,,,번역서 1종 · 예: Фотостудия Таккуда,포함
In case you may drop by,,기타,,발표 시기 미상,,,번역서 1종 · 예: In case you may drop by,포함
Life within an egg,,기타,,발표 시기 미상,,,번역서 1종 · 예: Life within an egg,포함
L'art de la pierre dans la culture coréenne la beauté à son apogée,,기타,,발표 시기 미상,,,번역서 1종 · 예: L'art de la pierre dans la culture coréenne la beauté à son apogée,포함
Femmes de réconforte Esclaves sexuelles de l'armée japonaise,,기타,,발표 시기 미상,,,번역서 1종 · 예: Femmes de réconforte Esclaves sexuelles de l'armée japonaise,포함
The floating island,,기타,,발표 시기 미상,,,번역서 1종 · 예: The floating island,포함
The Middle Hour,,기타,,발표 시기 미상,,,번역서 1종 · 예: The Middle Hour,포함
Heart's agony,,기타,,발표 시기 미상,,,번역서 1종 · 예: Heart's agony,포함
The Snow Falling on Chagall's Village,,기타,,발표 시기 미상,,,번역서 1종 · 예: The Snow Falling on Chagall's Village,포함
DIX MILLE VIES,,기타,,발표 시기 미상,,,번역서 1종 · 예: DIX MILLE VIES,포함
Koreanische moderne Gedichte,,시,,발표 시기 미상,,,번역서 1종 · 예: Koreanische moderne Gedichte,포함
Moderne Koreanische Erzählungen,,단편소설,,발표 시기 미상,,,번역서 1종 · 예: Moderne Koreanische Erzählungen,포함
Por la escalera del arco iris,,기타,,발표 시기 미상,,,번역서 1종 · 예: Por la escalera del arco iris,포함
L'EMPIRE DES LUMIÈRES,,기타,,발표 시기 미상,,,번역서 1종 · 예: L'EMPIRE DES LUMIÈRES,포함
Korean Mask Dance Dramas,,희곡,,발표 시기 미상,,,번역서 1종 · 예: Korean Mask Dance Dramas,포함
信じるチカラ,,기타,,발표 시기 미상,,,번역서 1종 · 예: 信じるチカラ,포함
Księżniczka Bari,,기타,,발표 시기 미상,,,번역서 1종 · 예: Księżniczka Bari,포함
Anthologie de la sagesse extrême-orientale,,기타,,발표 시기 미상,,,번역서 1종 · 예: Anthologie de la sagesse extrême-orientale,포함
LE ROMAN CORÉEN,,장편소설,,발표 시기 미상,,,번역서 1종 · 예: LE ROMAN CORÉEN,포함
Étude de la sagesse en dix diagrammes,,기타,,발표 시기 미상,,,번역서 1종 · 예: Étude de la sagesse en dix diagrammes,포함
Tausend Arten von Blau,,기타,,발표 시기 미상,,,번역서 1종 · 예: Tausend Arten von Blau,포함
LA MÈRE,,기타,,발표 시기 미상,,,번역서 1종 · 예: LA MÈRE,포함
Matar a Una Amiga,,기타,,발표 시기 미상,,,번역서 1종 · 예: Matar a Una Amiga,포함
ユ・ウォン,,기타,,발표 시기 미상,,,번역서 1종 · 예: ユ・ウォン,포함
La Mousson,,기타,,발표 시기 미상,,,번역서 1종 · 예: La Mousson,포함
Le cadeau de l'oiseau,,기타,,발표 시기 미상,,,번역서 1종 · 예: Le cadeau de l'oiseau,포함
L' autre côté d'un souvenir obscur,,기타,,발표 시기 미상,,,번역서 1종 · 예: L' autre côté d'un souvenir obscur,포함
"L'hiver, cette année-là",,기타,,발표 시기 미상,,,"번역서 1종 · 예: L'hiver, cette année-là",포함
A social history of the korean war,,기타,,발표 시기 미상,,,번역서 1종 · 예: A social history of the korean war,포함
The Specters of Algeria,,기타,,발표 시기 미상,,,번역서 1종 · 예: The Specters of Algeria,포함
Дом нашего будущего,,기타,,발표 시기 미상,,,번역서 1종 · 예: Дом нашего будущего,포함
L'Oiseau aux ailes d'or,,기타,,발표 시기 미상,,,번역서 1종 · 예: L'Oiseau aux ailes d'or,포함
Chant sous une forteresse,,기타,,발표 시기 미상,,,번역서 1종 · 예: Chant sous une forteresse,포함
LE FILS DE L'HOMME,,기타,,발표 시기 미상,,,번역서 1종 · 예: LE FILS DE L'HOMME,포함
Notre héros défiguré,,기타,,발표 시기 미상,,,번역서 1종 · 예: Notre héros défiguré,포함
明るい夜,,기타,,발표 시기 미상,,,번역서 1종 · 예: 明るい夜,포함
L'île anonyme,,기타,,발표 시기 미상,,,번역서 1종 · 예: L'île anonyme,포함
POUR L'EMPEREUR,,기타,,발표 시기 미상,,,번역서 1종 · 예: POUR L'EMPEREUR,포함
Когда причиняют добро,,기타,,발표 시기 미상,,,번역서 1종 · 예: Когда причиняют добро,포함
Walking Practice,,기타,,발표 시기 미상,,,번역서 1종 · 예: Walking Practice,포함
Les Ailes,,기타,,발표 시기 미상,,,번역서 1종 · 예: Les Ailes,포함
L'ENVERS DE LA VIE,,기타,,발표 시기 미상,,,번역서 1종 · 예: L'ENVERS DE LA VIE,포함
La cabina de los últimos pensamientos,,기타,,발표 시기 미상,,,번역서 1종 · 예: La cabina de los últimos pensamientos,포함
Meu Dom Quixote Coreano,,기타,,발표 시기 미상,,,번역서 1종 · 예: Meu Dom Quixote Coreano,포함
The Star and Other Korean Short Stories,,단편소설,,발표 시기 미상,,,번역서 1종 · 예: The Star and Other Korean Short Stories,포함
The fisherman's calendar,,기타,,발표 시기 미상,,,번역서 1종 · 예: The fisherman's calendar,포함
BLESSURES D’AVRIL,,기타,,발표 시기 미상,,,번역서 1종 · 예: BLESSURES D’AVRIL,포함
SAISONS D'EXIL,,기타,,발표 시기 미상,,,번역서 1종 · 예: SAISONS D'EXIL,포함
L'ETERNEL EMPIRE,,기타,,발표 시기 미상,,,번역서 1종 · 예: L'ETERNEL EMPIRE,포함
Çağırdığın yerdə olacağam,,기타,,발표 시기 미상,,,번역서 1종 · 예: Çağırdığın yerdə olacağam,포함
L'Amour de Dunhuang,,기타,,발표 시기 미상,,,번역서 1종 · 예: L'Amour de Dunhuang,포함
LOS ANGELES D'UN RÊVEUR,,기타,,발표 시기 미상,,,번역서 1종 · 예: LOS ANGELES D'UN RÊVEUR,포함
MANDALA,,기타,,발표 시기 미상,,,번역서 1종 · 예: MANDALA,포함
遺物整理師,,기타,,발표 시기 미상,,,번역서 1종 · 예: 遺物整理師,포함
美術館的老鼠,,기타,,발표 시기 미상,,,번역서 1종 · 예: 美術館的老鼠,포함
LA SURPRODUCTIVITÉ,,기타,,발표 시기 미상,,,번역서 1종 · 예: LA SURPRODUCTIVITÉ,포함
LE VOYAGE DE MONSIEUR LEE,,기타,,발표 시기 미상,,,번역서 1종 · 예: LE VOYAGE DE MONSIEUR LEE,포함
UNE AVERSE,,기타,,발표 시기 미상,,,번역서 1종 · 예: UNE AVERSE,포함
LE PÊCHEUR NE CUEILLE PAS DE ROSEAUX,,기타,,발표 시기 미상,,,번역서 1종 · 예: LE PÊCHEUR NE CUEILLE PAS DE ROSEAUX,포함
La Manga Roja 2,,기타,,발표 시기 미상,,,번역서 1종 · 예: La Manga Roja 2,포함
Broccoli Punch,,기타,,발표 시기 미상,,,번역서 1종 · 예: Broccoli Punch,포함
LE CHANT DU SABRE,,기타,,발표 시기 미상,,,번역서 1종 · 예: LE CHANT DU SABRE,포함
LES FILLES DU PHARMACIEN KIM,,기타,,발표 시기 미상,,,번역서 1종 · 예: LES FILLES DU PHARMACIEN KIM,포함
LE MARCHÉ ET LE CHAMP DE BATAILLE,,기타,,발표 시기 미상,,,번역서 1종 · 예: LE MARCHÉ ET LE CHAMP DE BATAILLE,포함
LA TERRE,,기타,,발표 시기 미상,,,번역서 1종 · 예: LA TERRE,포함
Korean poetry today,,시,,발표 시기 미상,,,번역서 1종 · 예: Korean poetry today,포함
The Stars and Other Korean Short Stories,,단편소설,,발표 시기 미상,,,번역서 1종 · 예: The Stars and Other Korean Short Stories,포함
村上春树·美食,,기타,,발표 시기 미상,,,번역서 1종 · 예: 村上春树·美食,포함
TALGUNG,,기타,,발표 시기 미상,,,번역서 1종 · 예: TALGUNG,포함
défilé,,기타,,발표 시기 미상,,,번역서 1종 · 예: défilé,포함
les coréens,,기타,,발표 시기 미상,,,번역서 1종 · 예: les coréens,포함
La Chambre Solitaire,,기타,,발표 시기 미상,,,번역서 1종 · 예: La Chambre Solitaire,포함
唯獨留下愛,,기타,,발표 시기 미상,,,번역서 1종 · 예: 唯獨留下愛,포함
诅咒兔,,기타,,발표 시기 미상,,,번역서 1종 · 예: 诅咒兔,포함
LA PIERRE TOMBALE,,기타,,발표 시기 미상,,,번역서 1종 · 예: LA PIERRE TOMBALE,포함
Le Chaant du pèlerin,,기타,,발표 시기 미상,,,번역서 1종 · 예: Le Chaant du pèlerin,포함
L'OISEAU,,기타,,발표 시기 미상,,,번역서 1종 · 예: L'OISEAU,포함
VOLEUR D'ŒUFS,,기타,,발표 시기 미상,,,번역서 1종 · 예: VOLEUR D'ŒUFS,포함
土地 15,,기타,,발표 시기 미상,,,번역서 1종 · 예: 土地 15,포함
土地 16,,기타,,발표 시기 미상,,,번역서 1종 · 예: 土地 16,포함
AMOUR,,기타,,발표 시기 미상,,,번역서 1종 · 예: AMOUR,포함
Mater 2-10,,기타,,발표 시기 미상,,,번역서 1종 · 예: Mater 2-10,포함
Les sombres feux du passé,,기타,,발표 시기 미상,,,번역서 1종 · 예: Les sombres feux du passé,포함
je ne peux plus chanter cette chanson,,기타,,발표 시기 미상,,,번역서 1종 · 예: je ne peux plus chanter cette chanson,포함
どれほど似ているか,,기타,,발표 시기 미상,,,번역서 1종 · 예: どれほど似ているか,포함
シャーリー・クラブ,,기타,,발표 시기 미상,,,번역서 1종 · 예: シャーリー・クラブ,포함
LA PLACE,,기타,,발표 시기 미상,,,번역서 1종 · 예: LA PLACE,포함
Une nuit bleue et profonde,,기타,,발표 시기 미상,,,번역서 1종 · 예: Une nuit bleue et profonde,포함
Réflexions sur les masques,,기타,,발표 시기 미상,,,번역서 1종 · 예: Réflexions sur les masques,포함
LA PLAIE,,기타,,발표 시기 미상,,,번역서 1종 · 예: LA PLAIE,포함
無人知曉的藝術家之淚與宰桐義大利麵,,기타,,발표 시기 미상,,,번역서 1종 · 예: 無人知曉的藝術家之淚與宰桐義大利麵,포함
Simcheongga,,기타,,발표 시기 미상,,,번역서 1종 · 예: Simcheongga,포함
Ein Flüstern aus der Mauer,,기타,,발표 시기 미상,,,번역서 1종 · 예: Ein Flüstern aus der Mauer,포함
Rencontre,,기타,,발표 시기 미상,,,번역서 1종 · 예: Rencontre,포함
OÙ EST DONC MA PATRIE?,,기타,,발표 시기 미상,,,번역서 1종 · 예: OÙ EST DONC MA PATRIE?,포함
Les Terres étrangères,,기타,,발표 시기 미상,,,번역서 1종 · 예: Les Terres étrangères,포함
L'Invité,,기타,,발표 시기 미상,,,번역서 1종 · 예: L'Invité,포함
LA ROUTE DE SAMPO,,기타,,발표 시기 미상,,,번역서 1종 · 예: LA ROUTE DE SAMPO,포함
MONSIEUR HAN,,기타,,발표 시기 미상,,,번역서 1종 · 예: MONSIEUR HAN,포함
Les arbres sur la falaise,,기타,,발표 시기 미상,,,번역서 1종 · 예: Les arbres sur la falaise,포함
Flowers of a moment poems,,시,,발표 시기 미상,,,번역서 1종 · 예: Flowers of a moment poems,포함
La Chienne de Moknomi,,기타,,발표 시기 미상,,,번역서 1종 · 예: La Chienne de Moknomi,포함
La Petite Ourse,,기타,,발표 시기 미상,,,번역서 1종 · 예: La Petite Ourse,포함
Plain stories by a grandpa,,단편소설,,발표 시기 미상,,,번역서 1종 · 예: Plain stories by a grandpa,포함
The Hermitage of Flowing Water and Nine Others,,기타,,발표 시기 미상,,,번역서 1종 · 예: The Hermitage of Flowing Water and Nine Others,포함
کتاب حتی نتوانستم گریه کنم,,기타,,발표 시기 미상,,,번역서 1종 · 예: کتاب حتی نتوانستم گریه کنم,포함
孤独的义务,,기타,,발표 시기 미상,,,번역서 1종 · 예: 孤独的义务,포함
生命之詩,,시,,발표 시기 미상,,,번역서 1종 · 예: 生命之詩,포함
Les Descendants de Caïn,,기타,,발표 시기 미상,,,번역서 1종 · 예: Les Descendants de Caïn,포함
A Lenda de Lady Byeoksa,,기타,,발표 시기 미상,,,번역서 1종 · 예: A Lenda de Lady Byeoksa,포함
A incrível Lavanderia dos Corações,,기타,,발표 시기 미상,,,번역서 1종 · 예: A incrível Lavanderia dos Corações,포함
​産婦人科＃MeToo,,기타,,발표 시기 미상,,,번역서 1종 · 예: ​産婦人科＃MeToo,포함
"LÀ-BAS, SANS BRUIT, TOMBE UN PÉTALE",,기타,,발표 시기 미상,,,"번역서 1종 · 예: LÀ-BAS, SANS BRUIT, TOMBE UN PÉTALE",포함
POÉTIQUE DE LA SOIF,,기타,,발표 시기 미상,,,번역서 1종 · 예: POÉTIQUE DE LA SOIF,포함
Ce paradis qui est le vôtre,,기타,,발표 시기 미상,,,번역서 1종 · 예: Ce paradis qui est le vôtre,포함
Anti-Nationalist,,기타,,발표 시기 미상,,,번역서 1종 · 예: Anti-Nationalist,포함
NHÀ CỦA MẸ,,기타,,발표 시기 미상,,,번역서 1종 · 예: NHÀ CỦA MẸ,포함
Un día en la vida del novelista Kubo,,기타,,발표 시기 미상,,,번역서 1종 · 예: Un día en la vida del novelista Kubo,포함
Más Companhias,,기타,,발표 시기 미상,,,번역서 1종 · 예: Más Companhias,포함
L'ÎLE D'IŎ,,기타,,발표 시기 미상,,,번역서 1종 · 예: L'ÎLE D'IŎ,포함
L'HARMONIUM,,기타,,발표 시기 미상,,,번역서 1종 · 예: L'HARMONIUM,포함
La fabuleuse laverie de Marigold,,기타,,발표 시기 미상,,,번역서 1종 · 예: La fabuleuse laverie de Marigold,포함
このクソみたいな社会で“イカれる”賢い女たち,,기타,,발표 시기 미상,,,번역서 1종 · 예: このクソみたいな社会で“イカれる”賢い女たち,포함
Prințesa Bari,,기타,,발표 시기 미상,,,번역서 1종 · 예: Prințesa Bari,포함
男たちの部屋,,기타,,발표 시기 미상,,,번역서 1종 · 예: 男たちの部屋,포함
僕には名前があった,,기타,,발표 시기 미상,,,번역서 1종 · 예: 僕には名前があった,포함
"Gens du Sud, gens du Nord quand la Corée s'est divisée...",,기타,,발표 시기 미상,,,"번역서 1종 · 예: Gens du Sud, gens du Nord quand la Corée s'est divisée...",포함
La Vallée vide,,기타,,발표 시기 미상,,,번역서 1종 · 예: La Vallée vide,포함
LA FEMME À LA CHÈVRE,,기타,,발표 시기 미상,,,번역서 1종 · 예: LA FEMME À LA CHÈVRE,포함
インフルエンサーのママを告発します,,기타,,발표 시기 미상,,,번역서 1종 · 예: インフルエンサーのママを告発します,포함
Les deux épouses,,기타,,발표 시기 미상,,,번역서 1종 · 예: Les deux épouses,포함
JOUER AVEC LE FEU,,기타,,발표 시기 미상,,,번역서 1종 · 예: JOUER AVEC LE FEU,포함
"The hill where-on winds never lull, and others",,기타,,발표 시기 미상,,,"번역서 1종 · 예: The hill where-on winds never lull, and others",포함
不便なコンビニ,,기타,,발표 시기 미상,,,번역서 1종 · 예: 不便なコンビニ,포함
アロハ、私のママたち,,기타,,발표 시기 미상,,,번역서 1종 · 예: アロハ、私のママたち,포함
"SOUS LE CIEL, LA PAIX",,기타,,발표 시기 미상,,,"번역서 1종 · 예: SOUS LE CIEL, LA PAIX",포함
le père chien,,기타,,발표 시기 미상,,,번역서 1종 · 예: le père chien,포함
La Petite balle lancée par un nain,,기타,,발표 시기 미상,,,번역서 1종 · 예: La Petite balle lancée par un nain,포함
LE NAIN,,기타,,발표 시기 미상,,,번역서 1종 · 예: LE NAIN,포함
Уйти и не вернуться,,기타,,발표 시기 미상,,,번역서 1종 · 예: Уйти и не вернуться,포함
TERRE D'EXIL,,기타,,발표 시기 미상,,,번역서 1종 · 예: TERRE D'EXIL,포함
ARIRANG (Volume 1),,기타,,발표 시기 미상,,,번역서 1종 · 예: ARIRANG (Volume 1),포함
Летописи Пэкче,,기타,,발표 시기 미상,,,번역서 1종 · 예: Летописи Пэкче,포함
Зеленые горы,,기타,,발표 시기 미상,,,번역서 1종 · 예: Зеленые горы,포함
Чхунхян,,기타,,발표 시기 미상,,,번역서 1종 · 예: Чхунхян,포함
Корейские предания и легенды из средневековых книг,,기타,,발표 시기 미상,,,번역서 1종 · 예: Корейские предания и легенды из средневековых книг,포함
Корейские шестистишия,,기타,,발표 시기 미상,,,번역서 1종 · 예: Корейские шестистишия,포함
Земля,,기타,,발표 시기 미상,,,번역서 1종 · 예: Земля,포함
Судьба одной женщины,,기타,,발표 시기 미상,,,번역서 1종 · 예: Судьба одной женщины,포함
Ченлима корейского народ,,기타,,발표 시기 미상,,,번역서 1종 · 예: Ченлима корейского народ,포함
Серебряный колокольчик,,기타,,발표 시기 미상,,,번역서 1종 · 예: Серебряный колокольчик,포함
Вечный спутни,,기타,,발표 시기 미상,,,번역서 1종 · 예: Вечный спутни,포함
春子的南京,,기타,,발표 시기 미상,,,번역서 1종 · 예: 春子的南京,포함
Tiger Swallowtail,,기타,,발표 시기 미상,,,번역서 1종 · 예: Tiger Swallowtail,포함
謊言,,기타,,발표 시기 미상,,,번역서 1종 · 예: 謊言,포함
На повороте истории,,기타,,발표 시기 미상,,,번역서 1종 · 예: На повороте истории,포함
Современная восточная новелла,,기타,,발표 시기 미상,,,번역서 1종 · 예: Современная восточная новелла,포함
Поэзия Республики Корея во второй половине XX века,,기타,,발표 시기 미상,,,번역서 1종 · 예: Поэзия Республики Корея во второй половине XX века,포함
Телефонист,,기타,,발표 시기 미상,,,번역서 1종 · 예: Телефонист,포함
Отечество,,기타,,발표 시기 미상,,,번역서 1종 · 예: Отечество,포함
Песня над озером,,기타,,발표 시기 미상,,,번역서 1종 · 예: Песня над озером,포함
慟哭,,기타,,발표 시기 미상,,,번역서 1종 · 예: 慟哭,포함
魔人,,기타,,발표 시기 미상,,,번역서 1종 · 예: 魔人,포함
金来成探偵小説選 (論創ミステリ叢書),,기타,,발표 시기 미상,,,번역서 1종 · 예: 金来成探偵小説選 (論創ミステリ叢書),포함
風の絵師 1 (宮廷絵師への道),,기타,,발표 시기 미상,,,번역서 1종 · 예: 風の絵師 1 (宮廷絵師への道),포함
我要活下去,,기타,,발표 시기 미상,,,번역서 1종 · 예: 我要活下去,포함
刑警吳炳浩,,기타,,발표 시기 미상,,,번역서 1종 · 예: 刑警吳炳浩,포함
白凡逸志,,기타,,발표 시기 미상,,,번역서 1종 · 예: 白凡逸志,포함
風の絵師 2 (運命の絵画対決),,기타,,발표 시기 미상,,,번역서 1종 · 예: 風の絵師 2 (運命の絵画対決),포함
美術館の鼠,,기타,,발표 시기 미상,,,번역서 1종 · 예: 美術館の鼠,포함
コーヒープリンス1号店,,기타,,발표 시기 미상,,,번역서 1종 · 예: コーヒープリンス1号店,포함
В дороге,,기타,,발표 시기 미상,,,번역서 1종 · 예: В дороге,포함
Эхо,,기타,,발표 시기 미상,,,번역서 1종 · 예: Эхо,포함
舟,,기타,,발표 시기 미상,,,번역서 1종 · 예: 舟,포함
Kim Su Bang and Other Stories of Korea,,단편소설,,발표 시기 미상,,,번역서 1종 · 예: Kim Su Bang and Other Stories of Korea,포함
The Orchid Door,,기타,,발표 시기 미상,,,번역서 1종 · 예: The Orchid Door,포함
Geschichte der koreanischen Kunst,,기타,,발표 시기 미상,,,번역서 1종 · 예: Geschichte der koreanischen Kunst,포함
1945，鉄原,,기타,,발표 시기 미상,,,번역서 1종 · 예: 1945，鉄原,포함
Huei-ch'ao's Pilgerreise durch Nordwest-Indien u. Zentral-Asien um 726,,기타,,발표 시기 미상,,,번역서 1종 · 예: Huei-ch'ao's Pilgerreise durch Nordwest-Indien u. Zentral-Asien um 726,포함
Der Kristallring,,기타,,발표 시기 미상,,,번역서 1종 · 예: Der Kristallring,포함
THE FACE IN THE MIST,,기타,,발표 시기 미상,,,번역서 1종 · 예: THE FACE IN THE MIST,포함
Korean Fairy Tales,,동화,,발표 시기 미상,,,번역서 1종 · 예: Korean Fairy Tales,포함
Корейских Народных Сказок\,,기타,,발표 시기 미상,,,번역서 2종 · 예: Корейских Народных Сказок\,포함
朝鮮民俗誌,,기타,,발표 시기 미상,,,번역서 1종 · 예: 朝鮮民俗誌,포함
詩と創造 Vol.69,,시,,발표 시기 미상,,,번역서 1종 · 예: 詩と創造 Vol.69,포함
あの山は、本当にそこにあったのだろうか,,기타,,발표 시기 미상,,,번역서 1종 · 예: あの山は、本当にそこにあったのだろうか,포함
花を見るように君を見る,,기타,,발표 시기 미상,,,번역서 1종 · 예: 花を見るように君を見る,포함
詩と創造 Vol.71,,시,,발표 시기 미상,,,번역서 1종 · 예: 詩と創造 Vol.71,포함
詩と創造 Vol.70,,시,,발표 시기 미상,,,번역서 1종 · 예: 詩と創造 Vol.70,포함
Literature on Screen,,기타,,발표 시기 미상,,,번역서 1종 · 예: Literature on Screen,포함
她的名字是,,기타,,발표 시기 미상,,,번역서 1종 · 예: 她的名字是,포함
熔炉,,기타,,발표 시기 미상,,,번역서 1종 · 예: 熔炉,포함
Happy Together,,기타,,발표 시기 미상,,,번역서 1종 · 예: Happy Together,포함
속초에서의 겨울,,기타,,발표 시기 미상,,,번역서 1종 · 예: 속초에서의 겨울,포함
MODERNIZATION on SCREEN,,기타,,발표 시기 미상,,,번역서 1종 · 예: MODERNIZATION on SCREEN,포함
Vertraute Welt,,기타,,발표 시기 미상,,,번역서 1종 · 예: Vertraute Welt,포함
サハマンション,,기타,,발표 시기 미상,,,번역서 1종 · 예: サハマンション,포함
文藝 2021 秋,,기타,,발표 시기 미상,,,번역서 1종 · 예: 文藝 2021 秋,포함
师任堂的红色包袱,,기타,,발표 시기 미상,,,번역서 1종 · 예: 师任堂的红色包袱,포함
懂也沒用的神祕旅行,,기타,,발표 시기 미상,,,번역서 1종 · 예: 懂也沒用的神祕旅行,포함
ファン・ジニ (上巻),,기타,,발표 시기 미상,,,번역서 1종 · 예: ファン・ジニ (上巻),포함
Blue Meditation of the Clocks,,기타,,발표 시기 미상,,,번역서 1종 · 예: Blue Meditation of the Clocks,포함
ファン・ジニ (下巻),,기타,,발표 시기 미상,,,번역서 1종 · 예: ファン・ジニ (下巻),포함
あいつ、かっこよかった (下),,기타,,발표 시기 미상,,,번역서 1종 · 예: あいつ、かっこよかった (下),포함
ハル,,기타,,발표 시기 미상,,,번역서 1종 · 예: ハル,포함
白夜,,기타,,발표 시기 미상,,,번역서 1종 · 예: 白夜,포함
アントニオ・コレア,,기타,,발표 시기 미상,,,번역서 1종 · 예: アントニオ・コレア,포함
留まりたかった瞬間の数々,,기타,,발표 시기 미상,,,번역서 1종 · 예: 留まりたかった瞬間の数々,포함
風と石と菜の花と,,기타,,발표 시기 미상,,,번역서 1종 · 예: 風と石と菜の花と,포함
朝鮮のジャンヌダルク論介,,기타,,발표 시기 미상,,,번역서 1종 · 예: 朝鮮のジャンヌダルク論介,포함
空と風と星と詩,,시,,발표 시기 미상,,,번역서 1종 · 예: 空と風と星と詩,포함
"One Day, Then Another",,기타,,발표 시기 미상,,,"번역서 1종 · 예: One Day, Then Another",포함
詩魂,,시,,발표 시기 미상,,,번역서 1종 · 예: 詩魂,포함
君の心で花は咲く,,기타,,발표 시기 미상,,,번역서 1종 · 예: 君の心で花は咲く,포함
Obras de mujeres en la dinastia Choson,,기타,,발표 시기 미상,,,번역서 1종 · 예: Obras de mujeres en la dinastia Choson,포함
Giada,,기타,,발표 시기 미상,,,번역서 1종 · 예: Giada,포함
Byun Shiji,,기타,,발표 시기 미상,,,번역서 1종 · 예: Byun Shiji,포함
Ottchil,,기타,,발표 시기 미상,,,번역서 1종 · 예: Ottchil,포함
玄鹿,,기타,,발표 시기 미상,,,번역서 1종 · 예: 玄鹿,포함
Koreanische Volkserzählungen,,단편소설,,발표 시기 미상,,,번역서 1종 · 예: Koreanische Volkserzählungen,포함
Lietuvaitė,,기타,,발표 시기 미상,,,번역서 1종 · 예: Lietuvaitė,포함
Szkoła Kotów,,기타,,발표 시기 미상,,,번역서 1종 · 예: Szkoła Kotów,포함
Truyện Hồng Cát Dồng,,기타,,발표 시기 미상,,,번역서 1종 · 예: Truyện Hồng Cát Dồng,포함
走向陌生的时光,,기타,,발표 시기 미상,,,번역서 1종 · 예: 走向陌生的时光,포함
西洋人の見た朝鮮,,기타,,발표 시기 미상,,,번역서 1종 · 예: 西洋人の見た朝鮮,포함
AZALEA (Journal of Korean Literature & Culture),,기타,,발표 시기 미상,,,번역서 1종 · 예: AZALEA (Journal of Korean Literature & Culture),포함
ダブル サイドA,,기타,,발표 시기 미상,,,번역서 1종 · 예: ダブル サイドA,포함
ダブル サイドB,,기타,,발표 시기 미상,,,번역서 1종 · 예: ダブル サイドB,포함
悲しくてかっこいい人,,기타,,발표 시기 미상,,,번역서 1종 · 예: 悲しくてかっこいい人,포함
As I Walk Alone,,기타,,발표 시기 미상,,,번역서 1종 · 예: As I Walk Alone,포함
Whale and Vapor,,기타,,발표 시기 미상,,,번역서 1종 · 예: Whale and Vapor,포함
あいつ、かっこよかった (上),,기타,,발표 시기 미상,,,번역서 1종 · 예: あいつ、かっこよかった (上),포함
オオカミの誘惑 (2),,기타,,발표 시기 미상,,,번역서 1종 · 예: オオカミの誘惑 (2),포함
わたしの娘を一〇〇ウォンで売ります,,기타,,발표 시기 미상,,,번역서 1종 · 예: わたしの娘を一〇〇ウォンで売ります,포함
ファン・ジニ (上),,기타,,발표 시기 미상,,,번역서 1종 · 예: ファン・ジニ (上),포함
L'Âme du vent,,기타,,발표 시기 미상,,,번역서 1종 · 예: L'Âme du vent,포함
ファン・ジニ (中),,기타,,발표 시기 미상,,,번역서 1종 · 예: ファン・ジニ (中),포함
ファン・ジニ (下),,기타,,발표 시기 미상,,,번역서 1종 · 예: ファン・ジニ (下),포함
中国が北朝鮮を呑みこむ日,,기타,,발표 시기 미상,,,번역서 1종 · 예: 中国が北朝鮮を呑みこむ日,포함
ぶどう畑のあの男,,기타,,발표 시기 미상,,,번역서 1종 · 예: ぶどう畑のあの男,포함
Drei Tage unterwegs,,기타,,발표 시기 미상,,,번역서 1종 · 예: Drei Tage unterwegs,포함
Die Gerüchtemauer,,기타,,발표 시기 미상,,,번역서 1종 · 예: Die Gerüchtemauer,포함
ファン・ジニ,,기타,,발표 시기 미상,,,번역서 1종 · 예: ファン・ジニ,포함
ファン・ジニ (2),,기타,,발표 시기 미상,,,번역서 1종 · 예: ファン・ジニ (2),포함
Nuestro frustado héroe,,기타,,발표 시기 미상,,,번역서 1종 · 예: Nuestro frustado héroe,포함
韓国服飾文化事典,,기타,,발표 시기 미상,,,번역서 1종 · 예: 韓国服飾文化事典,포함
INSIDE CLOUD CUCKOO LAND,,기타,,발표 시기 미상,,,번역서 1종 · 예: INSIDE CLOUD CUCKOO LAND,포함
韓国近現代戱曲選,,기타,,발표 시기 미상,,,번역서 1종 · 예: 韓国近現代戱曲選,포함
Дом c глyбoким двором,,기타,,발표 시기 미상,,,번역서 1종 · 예: Дом c глyбoким двором,포함
いま、私たちの隣りに誰がいるのか,,기타,,발표 시기 미상,,,번역서 1종 · 예: いま、私たちの隣りに誰がいるのか,포함
私の名前はキム・サムスン (上),,기타,,발표 시기 미상,,,번역서 1종 · 예: 私の名前はキム・サムスン (上),포함
И ЧЕРНЫЙ ЖУРАВЛЬ СПУСКАЛСЯ С НЕБЕС,,기타,,발표 시기 미상,,,번역서 1종 · 예: И ЧЕРНЫЙ ЖУРАВЛЬ СПУСКАЛСЯ С НЕБЕС,포함
"Chongmyo, der königliche ahnenschrein",,기타,,발표 시기 미상,,,"번역서 1종 · 예: Chongmyo, der königliche ahnenschrein",포함
私の名前はキム・サムスン (下),,기타,,발표 시기 미상,,,번역서 1종 · 예: 私の名前はキム・サムスン (下),포함
ルーンの子供たち 1 (冬の剣),,기타,,발표 시기 미상,,,번역서 1종 · 예: ルーンの子供たち 1 (冬の剣),포함
ルーンの子供たち 2 (冬の剣 消えることのない血),,기타,,발표 시기 미상,,,번역서 1종 · 예: ルーンの子供たち 2 (冬の剣 消えることのない血),포함
ルーンの子供たち 3 (冬の剣 夜明けを選べ),,기타,,발표 시기 미상,,,번역서 1종 · 예: ルーンの子供たち 3 (冬の剣 夜明けを選べ),포함
ソウル - 逃亡の果てに,,기타,,발표 시기 미상,,,번역서 1종 · 예: ソウル - 逃亡の果てに,포함
コックリさん,,기타,,발표 시기 미상,,,번역서 1종 · 예: コックリさん,포함
一如草芥的尘世,,기타,,발표 시기 미상,,,번역서 1종 · 예: 一如草芥的尘世,포함
オオカミの誘惑 (1),,기타,,발표 시기 미상,,,번역서 1종 · 예: オオカミの誘惑 (1),포함
そっと静かに,,기타,,발표 시기 미상,,,번역서 1종 · 예: そっと静かに,포함
黒い砂,,기타,,발표 시기 미상,,,번역서 1종 · 예: 黒い砂,포함
Modern short stories from Korea,,단편소설,,발표 시기 미상,,,번역서 1종 · 예: Modern short stories from Korea,포함
Black Crane,,기타,,발표 시기 미상,,,번역서 1종 · 예: Black Crane,포함
The shaking division system,,기타,,발표 시기 미상,,,번역서 1종 · 예: The shaking division system,포함
水是从哪儿来的?,,기타,,발표 시기 미상,,,번역서 2종 · 예: 水是从哪儿来的?,포함
勇敢说出我不要,,기타,,발표 시기 미상,,,번역서 1종 · 예: 勇敢说出我不要,포함
EN UN LIEU SECRET,,기타,,발표 시기 미상,,,번역서 1종 · 예: EN UN LIEU SECRET,포함
La nuit de la chenille arpenteuse,,기타,,발표 시기 미상,,,번역서 1종 · 예: La nuit de la chenille arpenteuse,포함
SOUFFLE DES MERS,,기타,,발표 시기 미상,,,번역서 1종 · 예: SOUFFLE DES MERS,포함
A MON FILS,,기타,,발표 시기 미상,,,번역서 1종 · 예: A MON FILS,포함
Das Kaufhaus Sampoong,,기타,,발표 시기 미상,,,번역서 1종 · 예: Das Kaufhaus Sampoong,포함
Die Salzsäcke,,기타,,발표 시기 미상,,,번역서 1종 · 예: Die Salzsäcke,포함
冒险五人组 第2集：救援队在行动,,기타,,발표 시기 미상,,,번역서 1종 · 예: 冒险五人组 第2集：救援队在行动,포함
金龟子，我为你骄傲,,기타,,발표 시기 미상,,,번역서 2종 · 예: 金龟子，我为你骄傲,포함
动物吃些什么呢?,,기타,,발표 시기 미상,,,번역서 2종 · 예: 动物吃些什么呢?,포함
Die Nachbarin,,기타,,발표 시기 미상,,,번역서 1종 · 예: Die Nachbarin,포함
Der Wald der Existenz,,기타,,발표 시기 미상,,,번역서 1종 · 예: Der Wald der Existenz,포함
仲夏夜的萤火虫,,기타,,발표 시기 미상,,,번역서 1종 · 예: 仲夏夜的萤火虫,포함
Portrait of a Suburbanite,,기타,,발표 시기 미상,,,번역서 1종 · 예: Portrait of a Suburbanite,포함
BUGIGANGAS,,기타,,발표 시기 미상,,,번역서 1종 · 예: BUGIGANGAS,포함
QUANDO MAMAE ERA PEQUENA,,기타,,발표 시기 미상,,,번역서 1종 · 예: QUANDO MAMAE ERA PEQUENA,포함
Der Pieper,,기타,,발표 시기 미상,,,번역서 1종 · 예: Der Pieper,포함
韓国現代詩小論集―新たな時代の予感,,시,,발표 시기 미상,,,번역서 1종 · 예: 韓国現代詩小論集―新たな時代の予感,포함
申東曄詩集-脱殼は立ち去れ,,시,,발표 시기 미상,,,번역서 1종 · 예: 申東曄詩集-脱殼は立ち去れ,포함
ファン・ジニ (1),,기타,,발표 시기 미상,,,번역서 1종 · 예: ファン・ジニ (1),포함
ソウル,,기타,,발표 시기 미상,,,번역서 1종 · 예: ソウル,포함
僕は「五体不満足」のお医者さん,,기타,,발표 시기 미상,,,번역서 1종 · 예: 僕は「五体不満足」のお医者さん,포함
Şahzadə Bari,,기타,,발표 시기 미상,,,번역서 1종 · 예: Şahzadə Bari,포함
Jasná luna v prázdných horách,,기타,,발표 시기 미상,,,번역서 1종 · 예: Jasná luna v prázdných horách,포함
影子是我的好朋友,,기타,,발표 시기 미상,,,번역서 1종 · 예: 影子是我的好朋友,포함
我喜欢你,,기타,,발표 시기 미상,,,번역서 1종 · 예: 我喜欢你,포함
Довольно так жить,,기타,,발표 시기 미상,,,번역서 1종 · 예: Довольно так жить,포함
歲月之石 : 卷四,,기타,,발표 시기 미상,,,번역서 1종 · 예: 歲月之石 : 卷四,포함
Мангёндэ,,기타,,발표 시기 미상,,,번역서 1종 · 예: Мангёндэ,포함
Молодость в пути,,기타,,발표 시기 미상,,,번역서 1종 · 예: Молодость в пути,포함
Мы живем на одной планете,,기타,,발표 시기 미상,,,번역서 1종 · 예: Мы живем на одной планете,포함
На переправе,,기타,,발표 시기 미상,,,번역서 1종 · 예: На переправе,포함
Победа,,기타,,발표 시기 미상,,,번역서 1종 · 예: Победа,포함
Приветствуя солнце,,기타,,발표 시기 미상,,,번역서 1종 · 예: Приветствуя солнце,포함
Сборник корейской поэзии,,기타,,발표 시기 미상,,,번역서 1종 · 예: Сборник корейской поэзии,포함
Сказание о девушке Чхун Хян,,기타,,발표 시기 미상,,,번역서 1종 · 예: Сказание о девушке Чхун Хян,포함
Современные поэты Китая и Кореи,,기타,,발표 시기 미상,,,번역서 1종 · 예: Современные поэты Китая и Кореи,포함
Страницы лунного календаря,,기타,,발표 시기 미상,,,번역서 1종 · 예: Страницы лунного календаря,포함
Тайное письмо,,기타,,발표 시기 미상,,,번역서 1종 · 예: Тайное письмо,포함
すばる,,기타,,발표 시기 미상,,,번역서 1종 · 예: すばる,포함
老老鼠、老爷爷,,기타,,발표 시기 미상,,,번역서 1종 · 예: 老老鼠、老爷爷,포함
我不玩了,,기타,,발표 시기 미상,,,번역서 1종 · 예: 我不玩了,포함
葡萄田的男人,,기타,,발표 시기 미상,,,번역서 1종 · 예: 葡萄田的男人,포함
韓國現代小說選,,기타,,발표 시기 미상,,,번역서 1종 · 예: 韓國現代小說選,포함
美室,,기타,,발표 시기 미상,,,번역서 1종 · 예: 美室,포함
失去的你,,기타,,발표 시기 미상,,,번역서 1종 · 예: 失去的你,포함
我的父亲,,기타,,발표 시기 미상,,,번역서 1종 · 예: 我的父亲,포함
我很丑,,기타,,발표 시기 미상,,,번역서 1종 · 예: 我很丑,포함
煤炭路 1,,기타,,발표 시기 미상,,,번역서 1종 · 예: 煤炭路 1,포함
外出,,기타,,발표 시기 미상,,,번역서 1종 · 예: 外出,포함
大米饭麦饭,,기타,,발표 시기 미상,,,번역서 1종 · 예: 大米饭麦饭,포함
"我们身体里的 ""洞""",,기타,,발표 시기 미상,,,"번역서 2종 · 예: 我们身体里的 ""洞""",포함
幸福的世界 2,,기타,,발표 시기 미상,,,번역서 1종 · 예: 幸福的世界 2,포함
幸福的世界 3： 永恒的思念，一生的初恋,,기타,,발표 시기 미상,,,번역서 1종 · 예: 幸福的世界 3： 永恒的思念，一生的初恋,포함
种子嘟嘟想变成什么呢？,,기타,,발표 시기 미상,,,번역서 2종 · 예: 种子嘟嘟想变成什么呢？,포함
きょうも幸せです,,기타,,발표 시기 미상,,,번역서 1종 · 예: きょうも幸せです,포함
韓国笑話集,,기타,,발표 시기 미상,,,번역서 1종 · 예: 韓国笑話集,포함
"Singing like a cricket, hooting like an owl",,기타,,발표 시기 미상,,,"번역서 1종 · 예: Singing like a cricket, hooting like an owl",포함
"Korean Literature Today Volume No 3, Winter, 1996",,기타,,발표 시기 미상,,,"번역서 1종 · 예: Korean Literature Today Volume No 3, Winter, 1996",포함
詩と思想 1997年 4月号,,시,,발표 시기 미상,,,번역서 1종 · 예: 詩と思想 1997年 4月号,포함
Koreanische Liebe,,기타,,발표 시기 미상,,,번역서 1종 · 예: Koreanische Liebe,포함
Das Grosse Buch des Tonghak,,기타,,발표 시기 미상,,,번역서 1종 · 예: Das Grosse Buch des Tonghak,포함
未生 1,,기타,,발표 시기 미상,,,번역서 1종 · 예: 未生 1,포함
詩と思想 2006年 7月号,,시,,발표 시기 미상,,,번역서 1종 · 예: 詩と思想 2006年 7月号,포함
詩と創造 Vol.46,,시,,발표 시기 미상,,,번역서 1종 · 예: 詩と創造 Vol.46,포함
Hefte für Ostasiatische Literatur 38,,기타,,발표 시기 미상,,,번역서 1종 · 예: Hefte für Ostasiatische Literatur 38,포함
詩と創造 Vol.41,,시,,발표 시기 미상,,,번역서 1종 · 예: 詩と創造 Vol.41,포함
詩と創造 Vol.40,,시,,발표 시기 미상,,,번역서 1종 · 예: 詩と創造 Vol.40,포함
詩と創造 Vol.37,,시,,발표 시기 미상,,,번역서 1종 · 예: 詩と創造 Vol.37,포함
詩と創造 Vol.49,,시,,발표 시기 미상,,,번역서 1종 · 예: 詩と創造 Vol.49,포함
詩と創造 Vol.50,,시,,발표 시기 미상,,,번역서 1종 · 예: 詩と創造 Vol.50,포함
詩と創造 Vol.51,,시,,발표 시기 미상,,,번역서 1종 · 예: 詩と創造 Vol.51,포함
Fairy Tales of Old Korea,,동화,,발표 시기 미상,,,번역서 1종 · 예: Fairy Tales of Old Korea,포함
金思ヨウ全集,,기타,,발표 시기 미상,,,번역서 1종 · 예: 金思ヨウ全集,포함
恋するふたり,,기타,,발표 시기 미상,,,번역서 1종 · 예: 恋するふたり,포함
太陽を抱く月 (上),,기타,,발표 시기 미상,,,번역서 1종 · 예: 太陽を抱く月 (上),포함
Nam Hán Sơn Thành,,기타,,발표 시기 미상,,,번역서 1종 · 예: Nam Hán Sơn Thành,포함
DER KRISTALL RING,,기타,,발표 시기 미상,,,번역서 1종 · 예: DER KRISTALL RING,포함
靑丘雜記,,기타,,발표 시기 미상,,,번역서 1종 · 예: 靑丘雜記,포함
Huei-chào's Pilgerreise durch Nordwest-Indien und Zentral-Asien um 726,,기타,,발표 시기 미상,,,번역서 1종 · 예: Huei-chào's Pilgerreise durch Nordwest-Indien und Zentral-Asien um 726,포함
SANDAE,,기타,,발표 시기 미상,,,번역서 1종 · 예: SANDAE,포함
ダニー,,기타,,발표 시기 미상,,,번역서 1종 · 예: ダニー,포함
殺人の品格,,기타,,발표 시기 미상,,,번역서 1종 · 예: 殺人の品格,포함
COAL SACK,,기타,,발표 시기 미상,,,번역서 1종 · 예: COAL SACK,포함
時調抄譯,,기타,,발표 시기 미상,,,번역서 1종 · 예: 時調抄譯,포함
韓国の古時調,,기타,,발표 시기 미상,,,번역서 1종 · 예: 韓国の古時調,포함
Облачный сон девяти,,기타,,발표 시기 미상,,,번역서 1종 · 예: Облачный сон девяти,포함
未生 7,,기타,,발표 시기 미상,,,번역서 1종 · 예: 未生 7,포함
КОРЕЙСКИЕ НАРОДНЫЕ СКАЗКИ,,기타,,발표 시기 미상,,,번역서 1종 · 예: КОРЕЙСКИЕ НАРОДНЫЕ СКАЗКИ,포함
Ukradené jméno,,기타,,발표 시기 미상,,,번역서 1종 · 예: Ukradené jméno,포함
未生 8,,기타,,발표 시기 미상,,,번역서 1종 · 예: 未生 8,포함
沈清传,,기타,,발표 시기 미상,,,번역서 1종 · 예: 沈清传,포함
Borderland Roads,,기타,,발표 시기 미상,,,번역서 1종 · 예: Borderland Roads,포함
Something 4,,기타,,발표 시기 미상,,,번역서 1종 · 예: Something 4,포함
La mort du corbeau,,기타,,발표 시기 미상,,,번역서 1종 · 예: La mort du corbeau,포함
LA MAISON DANS LA COUR DU BAS,,기타,,발표 시기 미상,,,번역서 1종 · 예: LA MAISON DANS LA COUR DU BAS,포함
VOYAGE À MUJIN,,기타,,발표 시기 미상,,,번역서 1종 · 예: VOYAGE À MUJIN,포함
SUSAEK,,기타,,발표 시기 미상,,,번역서 1종 · 예: SUSAEK,포함
性格说明书：职场和恋爱中的性格秘密,,기타,,발표 시기 미상,,,번역서 1종 · 예: 性格说明书：职场和恋爱中的性格秘密,포함
圣火,,기타,,발표 시기 미상,,,번역서 1종 · 예: 圣火,포함
客人,,기타,,발표 시기 미상,,,번역서 1종 · 예: 客人,포함
宋子选集,,기타,,발표 시기 미상,,,번역서 1종 · 예: 宋子选集,포함
未生 6,,기타,,발표 시기 미상,,,번역서 1종 · 예: 未生 6,포함
Unyŏng-jŏn,,기타,,발표 시기 미상,,,번역서 1종 · 예: Unyŏng-jŏn,포함
The Reverse Side of Life,,기타,,발표 시기 미상,,,번역서 1종 · 예: The Reverse Side of Life,포함
The General's Beard,,기타,,발표 시기 미상,,,번역서 1종 · 예: The General's Beard,포함
Your paradise,,기타,,발표 시기 미상,,,번역서 1종 · 예: Your paradise,포함
The prophet and other stories,,단편소설,,발표 시기 미상,,,번역서 1종 · 예: The prophet and other stories,포함
Our Twisted Hero,,기타,,발표 시기 미상,,,번역서 1종 · 예: Our Twisted Hero,포함
Poems for Breakfast,,시,,발표 시기 미상,,,번역서 1종 · 예: Poems for Breakfast,포함
"Дом из прошлого, Рассказы современных корейских авторов",,기타,,발표 시기 미상,,,"번역서 1종 · 예: Дом из прошлого, Рассказы современных корейских авторов",포함
ARIRANG (Volume 8),,기타,,발표 시기 미상,,,번역서 1종 · 예: ARIRANG (Volume 8),포함
一枝梅,,기타,,발표 시기 미상,,,번역서 1종 · 예: 一枝梅,포함
青春肖像,,기타,,발표 시기 미상,,,번역서 1종 · 예: 青春肖像,포함
乡愁,,기타,,발표 시기 미상,,,번역서 1종 · 예: 乡愁,포함
ARIRANG (Volume 4),,기타,,발표 시기 미상,,,번역서 1종 · 예: ARIRANG (Volume 4),포함
Panmunjom And Other Stories,,단편소설,,발표 시기 미상,,,번역서 1종 · 예: Panmunjom And Other Stories,포함
The Preview and Other Stories,,단편소설,,발표 시기 미상,,,번역서 1종 · 예: The Preview and Other Stories,포함
朝鲜民族故事硏究,,기타,,발표 시기 미상,,,번역서 1종 · 예: 朝鲜民族故事硏究,포함
朝鲜小说史,,기타,,발표 시기 미상,,,번역서 1종 · 예: 朝鲜小说史,포함
ARIRANG (Volume 7),,기타,,발표 시기 미상,,,번역서 1종 · 예: ARIRANG (Volume 7),포함
ARIRANG (Volume 9),,기타,,발표 시기 미상,,,번역서 1종 · 예: ARIRANG (Volume 9),포함
Playing With Fire,,기타,,발표 시기 미상,,,번역서 1종 · 예: Playing With Fire,포함
Trees on a Slope,,기타,,발표 시기 미상,,,번역서 1종 · 예: Trees on a Slope,포함
Hail to the Emperor!,,기타,,발표 시기 미상,,,번역서 1종 · 예: Hail to the Emperor!,포함
THE POET,,기타,,발표 시기 미상,,,번역서 1종 · 예: THE POET,포함
鐵道家族,,기타,,발표 시기 미상,,,번역서 1종 · 예: 鐵道家族,포함
Походження видів,,기타,,발표 시기 미상,,,번역서 1종 · 예: Походження видів,포함
働きたいのに働けない私たち,,기타,,발표 시기 미상,,,번역서 1종 · 예: 働きたいのに働けない私たち,포함
窮人的幸福,,기타,,발표 시기 미상,,,번역서 1종 · 예: 窮人的幸福,포함
石油，不見了啦！---如果這世界上沒有石油的話？,,기타,,발표 시기 미상,,,번역서 1종 · 예: 石油，不見了啦！---如果這世界上沒有石油的話？,포함
一个无政府主义者的爱情,,기타,,발표 시기 미상,,,번역서 1종 · 예: 一个无政府主义者的爱情,포함
给孩子们的礼物,,기타,,발표 시기 미상,,,번역서 1종 · 예: 给孩子们的礼物,포함
龍族 11,,기타,,발표 시기 미상,,,번역서 1종 · 예: 龍族 11,포함
龍族 12,,기타,,발표 시기 미상,,,번역서 1종 · 예: 龍族 12,포함
A distant and beautiful place,,기타,,발표 시기 미상,,,번역서 1종 · 예: A distant and beautiful place,포함
CONTRADICTIONS,,기타,,발표 시기 미상,,,번역서 1종 · 예: CONTRADICTIONS,포함
Histoires oubliées des Trois Royaumes Samguk Yusa,,기타,,발표 시기 미상,,,번역서 1종 · 예: Histoires oubliées des Trois Royaumes Samguk Yusa,포함
Monarch Butterfly,,기타,,발표 시기 미상,,,번역서 1종 · 예: Monarch Butterfly,포함
UZAK VE GÜZEL MAHALLE,,기타,,발표 시기 미상,,,번역서 1종 · 예: UZAK VE GÜZEL MAHALLE,포함
永恒的母亲,,기타,,발표 시기 미상,,,번역서 1종 · 예: 永恒的母亲,포함
Чүнхянг бүсгүйн домог,,기타,,발표 시기 미상,,,번역서 1종 · 예: Чүнхянг бүсгүйн домог,포함
老井,,기타,,발표 시기 미상,,,번역서 1종 · 예: 老井,포함
故园,,기타,,발표 시기 미상,,,번역서 1종 · 예: 故园,포함
Strength from sorrow,,기타,,발표 시기 미상,,,번역서 1종 · 예: Strength from sorrow,포함
Three Generations,,기타,,발표 시기 미상,,,번역서 1종 · 예: Three Generations,포함
Mujǒng,,기타,,발표 시기 미상,,,번역서 1종 · 예: Mujǒng,포함
单人房,,기타,,발표 시기 미상,,,번역서 1종 · 예: 单人房,포함
韩国传统民俗酒,,기타,,발표 시기 미상,,,번역서 1종 · 예: 韩国传统民俗酒,포함
ГАЛТ ТОРГОН ЦОХ,,기타,,발표 시기 미상,,,번역서 1종 · 예: ГАЛТ ТОРГОН ЦОХ,포함
远美村的人们,,기타,,발표 시기 미상,,,번역서 1종 · 예: 远美村的人们,포함
乙火,,기타,,발표 시기 미상,,,번역서 1종 · 예: 乙火,포함
我的現代生涯,,기타,,발표 시기 미상,,,번역서 1종 · 예: 我的現代生涯,포함
Shrapnel and Other Stories,,단편소설,,발표 시기 미상,,,번역서 1종 · 예: Shrapnel and Other Stories,포함
The snowy road,,기타,,발표 시기 미상,,,번역서 1종 · 예: The snowy road,포함
Where is my country?,,기타,,발표 시기 미상,,,번역서 1종 · 예: Where is my country?,포함
ARIRANG (Volume 10),,기타,,발표 시기 미상,,,번역서 1종 · 예: ARIRANG (Volume 10),포함
中国朝鲜族文学作品精粹,,기타,,발표 시기 미상,,,번역서 1종 · 예: 中国朝鲜族文学作品精粹,포함
Ukradené jméno,,기타,,발표 시기 미상,,,번역서 1종 · 예: Ukradené jméno,포함
The Voice of the Governor General and Other Stories of Modern Korea,,단편소설,,발표 시기 미상,,,번역서 1종 · 예: The Voice of the Governor General and Other Stories of Modern Korea,포함
The Book of Masks,,기타,,발표 시기 미상,,,번역서 1종 · 예: The Book of Masks,포함
The Mirror of Zen,,기타,,발표 시기 미상,,,번역서 1종 · 예: The Mirror of Zen,포함
Seasons in another world,,기타,,발표 시기 미상,,,번역서 1종 · 예: Seasons in another world,포함
The toad bridegroom & other fantastic tales retold,,기타,,발표 시기 미상,,,번역서 1종 · 예: The toad bridegroom & other fantastic tales retold,포함
Because I was bored,,기타,,발표 시기 미상,,,번역서 1종 · 예: Because I was bored,포함
Prázdné hory jsou plné větru a deště,,기타,,발표 시기 미상,,,번역서 1종 · 예: Prázdné hory jsou plné větru a deště,포함
KVĚTY OKAMŽIKU,,기타,,발표 시기 미상,,,번역서 1종 · 예: KVĚTY OKAMŽIKU,포함
Světlo vyhasnutí,,기타,,발표 시기 미상,,,번역서 1종 · 예: Světlo vyhasnutí,포함
Tvoje mlčení,,기타,,발표 시기 미상,,,번역서 1종 · 예: Tvoje mlčení,포함
Písně z druhého břehu,,기타,,발표 시기 미상,,,번역서 1종 · 예: Písně z druhého břehu,포함
Kainovi potomci,,기타,,발표 시기 미상,,,번역서 1종 · 예: Kainovi potomci,포함
秦始皇陵大探险2,,기타,,발표 시기 미상,,,번역서 1종 · 예: 秦始皇陵大探险2,포함
KOREJSKÉ POHÁDKY,,기타,,발표 시기 미상,,,번역서 1종 · 예: KOREJSKÉ POHÁDKY,포함
Early Korean Literature,,기타,,발표 시기 미상,,,번역서 1종 · 예: Early Korean Literature,포함
The Tiger and the Persimmon,,기타,,발표 시기 미상,,,번역서 1종 · 예: The Tiger and the Persimmon,포함
Korean folk & fairy tales,,동화,,발표 시기 미상,,,번역서 1종 · 예: Korean folk & fairy tales,포함
Brokułowy cios,,기타,,발표 시기 미상,,,번역서 1종 · 예: Brokułowy cios,포함
一起做書來玩吧！,,기타,,발표 시기 미상,,,번역서 1종 · 예: 一起做書來玩吧！,포함
惊天雷声,,기타,,발표 시기 미상,,,번역서 1종 · 예: 惊天雷声,포함
廣場,,기타,,발표 시기 미상,,,번역서 1종 · 예: 廣場,포함
春香传,,기타,,발표 시기 미상,,,번역서 1종 · 예: 春香传,포함
猜谜秀,,기타,,발표 시기 미상,,,번역서 1종 · 예: 猜谜秀,포함
土地,,기타,,발표 시기 미상,,,번역서 1종 · 예: 土地,포함
尘缘未了,,기타,,발표 시기 미상,,,번역서 1종 · 예: 尘缘未了,포함
公主養成魔法書：快樂當公主，何必爭女王,,기타,,발표 시기 미상,,,번역서 1종 · 예: 公主養成魔法書：快樂當公主，何必爭女王,포함
钢琴杀人事件,,기타,,발표 시기 미상,,,번역서 1종 · 예: 钢琴杀人事件,포함
Stanu-Li se Kamenem,,기타,,발표 시기 미상,,,번역서 1종 · 예: Stanu-Li se Kamenem,포함
Tváře a osudy,,기타,,발표 시기 미상,,,번역서 1종 · 예: Tváře a osudy,포함
禽兽的日子,,기타,,발표 시기 미상,,,번역서 1종 · 예: 禽兽的日子,포함
A Ready-Made Life,,기타,,발표 시기 미상,,,번역서 1종 · 예: A Ready-Made Life,포함
Ya nadie escribe cartas,,기타,,발표 시기 미상,,,번역서 1종 · 예: Ya nadie escribe cartas,포함
Dansul privighetorii de primăvară,,기타,,발표 시기 미상,,,번역서 1종 · 예: Dansul privighetorii de primăvară,포함
黑暗之魂,,기타,,발표 시기 미상,,,번역서 1종 · 예: 黑暗之魂,포함
韩国古典文学精华,,기타,,발표 시기 미상,,,번역서 1종 · 예: 韩国古典文学精华,포함
ARIRANG (Volume 12),,기타,,발표 시기 미상,,,번역서 1종 · 예: ARIRANG (Volume 12),포함
韩国小说名著鉴赏,,기타,,발표 시기 미상,,,번역서 1종 · 예: 韩国小说名著鉴赏,포함
韩国女作家作品选,,기타,,발표 시기 미상,,,번역서 1종 · 예: 韩国女作家作品选,포함
韩国现代名诗选读,,시,,발표 시기 미상,,,번역서 1종 · 예: 韩国现代名诗选读,포함
韩国现代文学史,,기타,,발표 시기 미상,,,번역서 1종 · 예: 韩国现代文学史,포함
There a Petal Silently Falls,,기타,,발표 시기 미상,,,번역서 1종 · 예: There a Petal Silently Falls,포함
Father and Son,,기타,,발표 시기 미상,,,번역서 1종 · 예: Father and Son,포함
The Shadow Of Arms Cornell East Asia Series No. 73,,기타,,발표 시기 미상,,,번역서 1종 · 예: The Shadow Of Arms Cornell East Asia Series No. 73,포함
韩国现代文学作品选,,기타,,발표 시기 미상,,,번역서 1종 · 예: 韩国现代文学作品选,포함
韓國古小說史稿,,기타,,발표 시기 미상,,,번역서 1종 · 예: 韓國古小說史稿,포함
恭敬的暴力,,기타,,발표 시기 미상,,,번역서 1종 · 예: 恭敬的暴力,포함
洪魚,,기타,,발표 시기 미상,,,번역서 1종 · 예: 洪魚,포함
黄真伊,,기타,,발표 시기 미상,,,번역서 1종 · 예: 黄真伊,포함
模糊的旧爱之影,,기타,,발표 시기 미상,,,번역서 1종 · 예: 模糊的旧爱之影,포함
月亮冰激凌,,기타,,발표 시기 미상,,,번역서 1종 · 예: 月亮冰激凌,포함
Unspoken Voices,,기타,,발표 시기 미상,,,번역서 1종 · 예: Unspoken Voices,포함
A Washed-Out Dream,,기타,,발표 시기 미상,,,번역서 1종 · 예: A Washed-Out Dream,포함
ムダに惱まない練習,,기타,,발표 시기 미상,,,번역서 1종 · 예: ムダに惱まない練習,포함
Selected poems of Kim sakkat,,시,,발표 시기 미상,,,번역서 1종 · 예: Selected poems of Kim sakkat,포함
Diary of a Vagabond,,기타,,발표 시기 미상,,,번역서 1종 · 예: Diary of a Vagabond,포함
爸爸,,기타,,발표 시기 미상,,,번역서 1종 · 예: 爸爸,포함
美的灵歌,,기타,,발표 시기 미상,,,번역서 1종 · 예: 美的灵歌,포함
蛆虫喜欢粪便,,기타,,발표 시기 미상,,,번역서 1종 · 예: 蛆虫喜欢粪便,포함
Boy Toon เรียนรู้เรื่องเพศของเด็กผู้ชาย,,기타,,발표 시기 미상,,,번역서 1종 · 예: Boy Toon เรียนรู้เรื่องเพศของเด็กผู้ชาย,포함
那个男孩的家,,기타,,발표 시기 미상,,,번역서 1종 · 예: 那个男孩的家,포함
نهر الحياة,,기타,,발표 시기 미상,,,번역서 1종 · 예: نهر الحياة,포함
金鳌新话,,기타,,발표 시기 미상,,,번역서 1종 · 예: 金鳌新话,포함
"River of Life, River of Hope",,기타,,발표 시기 미상,,,"번역서 1종 · 예: River of Life, River of Hope",포함
Málaga Milenaria,,기타,,발표 시기 미상,,,번역서 1종 · 예: Málaga Milenaria,포함
Woman on the terrace,,기타,,발표 시기 미상,,,번역서 1종 · 예: Woman on the terrace,포함
罰と罪 下,,기타,,발표 시기 미상,,,번역서 1종 · 예: 罰と罪 下,포함
Please Look After Mom,,기타,,발표 시기 미상,,,번역서 1종 · 예: Please Look After Mom,포함
金药局家的女儿们,,기타,,발표 시기 미상,,,번역서 1종 · 예: 金药局家的女儿们,포함
Seri Sastra Korea Abad Ke-20 Jilid 1,,기타,,발표 시기 미상,,,번역서 1종 · 예: Seri Sastra Korea Abad Ke-20 Jilid 1,포함
花的 智慧植物王国的生存故事,,기타,,발표 시기 미상,,,번역서 1종 · 예: 花的 智慧植物王国的生存故事,포함
过客,,기타,,발표 시기 미상,,,번역서 1종 · 예: 过客,포함
我有破坏自己的权利,,기타,,발표 시기 미상,,,번역서 1종 · 예: 我有破坏自己的权利,포함
龍族 9,,기타,,발표 시기 미상,,,번역서 1종 · 예: 龍族 9,포함
Selected poems of Pak Mogwol,,시,,발표 시기 미상,,,번역서 1종 · 예: Selected poems of Pak Mogwol,포함
Sending the ship out to the stars,,기타,,발표 시기 미상,,,번역서 1종 · 예: Sending the ship out to the stars,포함
The Poor Fisherman,,기타,,발표 시기 미상,,,번역서 1종 · 예: The Poor Fisherman,포함
The Guiltless,,기타,,발표 시기 미상,,,번역서 1종 · 예: The Guiltless,포함
Being alone,,기타,,발표 시기 미상,,,번역서 1종 · 예: Being alone,포함
Sunrise over the East Sea,,기타,,발표 시기 미상,,,번역서 1종 · 예: Sunrise over the East Sea,포함
Saint Andrew Kim Dae-gon,,기타,,발표 시기 미상,,,번역서 1종 · 예: Saint Andrew Kim Dae-gon,포함
Poems of a wanderer,,시,,발표 시기 미상,,,번역서 1종 · 예: Poems of a wanderer,포함
The early lyrics 1941~1960,,기타,,발표 시기 미상,,,번역서 1종 · 예: The early lyrics 1941~1960,포함
Unforgettable Things,,기타,,발표 시기 미상,,,번역서 1종 · 예: Unforgettable Things,포함
"My photography, My voice",,기타,,발표 시기 미상,,,"번역서 1종 · 예: My photography, My voice",포함
কোরিয়ার গল্প,,기타,,발표 시기 미상,,,번역서 1종 · 예: কোরিয়ার গল্প,포함
龍族 10,,기타,,발표 시기 미상,,,번역서 1종 · 예: 龍族 10,포함
描咪魔法学校 5,,기타,,발표 시기 미상,,,번역서 1종 · 예: 描咪魔法学校 5,포함
描咪魔法学校4,,기타,,발표 시기 미상,,,번역서 1종 · 예: 描咪魔法学校4,포함
职业规划,,기타,,발표 시기 미상,,,번역서 1종 · 예: 职业规划,포함
九刺鱼,,기타,,발표 시기 미상,,,번역서 1종 · 예: 九刺鱼,포함
未选择的路,,기타,,발표 시기 미상,,,번역서 1종 · 예: 未选择的路,포함
Voices in Diversity,,기타,,발표 시기 미상,,,번역서 1종 · 예: Voices in Diversity,포함
The rainy spell and other Korean stories,,단편소설,,발표 시기 미상,,,번역서 1종 · 예: The rainy spell and other Korean stories,포함
The golden phoenix,,기타,,발표 시기 미상,,,번역서 1종 · 예: The golden phoenix,포함
จันทราโอบอาทิตย์,,기타,,발표 시기 미상,,,번역서 1종 · 예: จันทราโอบอาทิตย์,포함
A vízisten menyasszonya I Volume 12,,기타,,발표 시기 미상,,,번역서 1종 · 예: A vízisten menyasszonya I Volume 12,포함
钢铁之王朴泰俊,,기타,,발표 시기 미상,,,번역서 1종 · 예: 钢铁之王朴泰俊,포함
20幾歲女孩必做的36件事,,기타,,발표 시기 미상,,,번역서 1종 · 예: 20幾歲女孩必做的36件事,포함
Looking for the cow,,기타,,발표 시기 미상,,,번역서 1종 · 예: Looking for the cow,포함
Modern Korean Verse in Sijo Form,,기타,,발표 시기 미상,,,번역서 1종 · 예: Modern Korean Verse in Sijo Form,포함
Корейские сказки,,기타,,발표 시기 미상,,,번역서 1종 · 예: Корейские сказки,포함
Mirrored Minds,,기타,,발표 시기 미상,,,번역서 1종 · 예: Mirrored Minds,포함
The Book of Korean Poetry,,시,,발표 시기 미상,,,번역서 1종 · 예: The Book of Korean Poetry,포함
金芝河作品集 2,,기타,,발표 시기 미상,,,번역서 1종 · 예: 金芝河作品集 2,포함
Supreme Court Decisions Vol.1,,기타,,발표 시기 미상,,,번역서 1종 · 예: Supreme Court Decisions Vol.1,포함
龍族 6,,기타,,발표 시기 미상,,,번역서 1종 · 예: 龍族 6,포함
龍族 7,,기타,,발표 시기 미상,,,번역서 1종 · 예: 龍族 7,포함
龍族 8,,기타,,발표 시기 미상,,,번역서 1종 · 예: 龍族 8,포함
Mommy Must be a Fountain of Feathers,,기타,,발표 시기 미상,,,번역서 1종 · 예: Mommy Must be a Fountain of Feathers,포함
What is Darkening,,기타,,발표 시기 미상,,,번역서 1종 · 예: What is Darkening,포함
Eyes of dew,,기타,,발표 시기 미상,,,번역서 1종 · 예: Eyes of dew,포함
Galeria Snów DallerGuta,,기타,,발표 시기 미상,,,번역서 1종 · 예: Galeria Snów DallerGuta,포함
罰と罪 上,,기타,,발표 시기 미상,,,번역서 1종 · 예: 罰と罪 上,포함
高句麗史研究,,기타,,발표 시기 미상,,,번역서 1종 · 예: 高句麗史研究,포함
描咪魔法学校 1,,기타,,발표 시기 미상,,,번역서 1종 · 예: 描咪魔法学校 1,포함
描咪魔法学校 2,,기타,,발표 시기 미상,,,번역서 1종 · 예: 描咪魔法学校 2,포함
描咪魔法学校 3,,기타,,발표 시기 미상,,,번역서 1종 · 예: 描咪魔法学校 3,포함
Invisible mountains,,기타,,발표 시기 미상,,,번역서 1종 · 예: Invisible mountains,포함
"Sky, wind, and stars",,기타,,발표 시기 미상,,,"번역서 1종 · 예: Sky, wind, and stars",포함
Crow's eye view,,기타,,발표 시기 미상,,,번역서 1종 · 예: Crow's eye view,포함
春雨一袋子,,기타,,발표 시기 미상,,,번역서 1종 · 예: 春雨一袋子,포함
人的儿子,,기타,,발표 시기 미상,,,번역서 1종 · 예: 人的儿子,포함
三國遺事,,기타,,발표 시기 미상,,,번역서 1종 · 예: 三國遺事,포함
三代,,기타,,발표 시기 미상,,,번역서 1종 · 예: 三代,포함
札幌旅店,,기타,,발표 시기 미상,,,번역서 1종 · 예: 札幌旅店,포함
Allegory of survival,,기타,,발표 시기 미상,,,번역서 1종 · 예: Allegory of survival,포함
The Valley Nearby,,기타,,발표 시기 미상,,,번역서 1종 · 예: The Valley Nearby,포함
Little pilgrim,,기타,,발표 시기 미상,,,번역서 1종 · 예: Little pilgrim,포함
擁抱太陽的月亮 (上),,기타,,발표 시기 미상,,,번역서 1종 · 예: 擁抱太陽的月亮 (上),포함
鸟的礼物,,기타,,발표 시기 미상,,,번역서 1종 · 예: 鸟的礼物,포함
擁抱太陽的月亮 (下),,기타,,발표 시기 미상,,,번역서 1종 · 예: 擁抱太陽的月亮 (下),포함
秦始皇陵大探险1,,기타,,발표 시기 미상,,,번역서 1종 · 예: 秦始皇陵大探险1,포함
未生 2,,기타,,발표 시기 미상,,,번역서 1종 · 예: 未生 2,포함
未生 3,,기타,,발표 시기 미상,,,번역서 1종 · 예: 未生 3,포함
未生 4,,기타,,발표 시기 미상,,,번역서 1종 · 예: 未生 4,포함
未生 5,,기타,,발표 시기 미상,,,번역서 1종 · 예: 未生 5,포함
Evening Glow,,기타,,발표 시기 미상,,,번역서 1종 · 예: Evening Glow,포함
Land,,기타,,발표 시기 미상,,,번역서 1종 · 예: Land,포함
The Ma Rok biographies,,기타,,발표 시기 미상,,,번역서 1종 · 예: The Ma Rok biographies,포함
Como Si No Nos Conociéramos,,기타,,발표 시기 미상,,,번역서 1종 · 예: Como Si No Nos Conociéramos,포함
Svět podle Sison,,기타,,발표 시기 미상,,,번역서 1종 · 예: Svět podle Sison,포함
Coelhinho Enfeitiçado,,기타,,발표 시기 미상,,,번역서 1종 · 예: Coelhinho Enfeitiçado,포함
会发光的文字,,기타,,발표 시기 미상,,,번역서 1종 · 예: 会发光的文字,포함
诗人,,시,,발표 시기 미상,,,번역서 1종 · 예: 诗人,포함
設計師的家,,기타,,발표 시기 미상,,,번역서 1종 · 예: 設計師的家,포함
未生 9,,기타,,발표 시기 미상,,,번역서 1종 · 예: 未生 9,포함
美丽的日子,,기타,,발표 시기 미상,,,번역서 1종 · 예: 美丽的日子,포함
美妙的幽会,,기타,,발표 시기 미상,,,번역서 1종 · 예: 美妙的幽会,포함
冒险15人组,,기타,,발표 시기 미상,,,번역서 1종 · 예: 冒险15人组,포함
科學發明王2,,기타,,발표 시기 미상,,,번역서 1종 · 예: 科學發明王2,포함
Echoing Song,,기타,,발표 시기 미상,,,번역서 1종 · 예: Echoing Song,포함
ช็อปปิงลิสต์ของฆาตกร,,기타,,발표 시기 미상,,,번역서 1종 · 예: ช็อปปิงลิสต์ของฆาตกร,포함
裸木,,기타,,발표 시기 미상,,,번역서 1종 · 예: 裸木,포함
南边的人北边的人,,기타,,발표 시기 미상,,,번역서 1종 · 예: 南边的人北边的人,포함
孤独的你,,기타,,발표 시기 미상,,,번역서 1종 · 예: 孤独的你,포함
黄雨伞,,기타,,발표 시기 미상,,,번역서 1종 · 예: 黄雨伞,포함
鳄鱼招聘牙齿清洁工,,기타,,발표 시기 미상,,,번역서 1종 · 예: 鳄鱼招聘牙齿清洁工,포함
情人的 沉默,,기타,,발표 시기 미상,,,번역서 1종 · 예: 情人的 沉默,포함
你们的天国,,기타,,발표 시기 미상,,,번역서 1종 · 예: 你们的天国,포함
Black Flower in the Sky,,기타,,발표 시기 미상,,,번역서 1종 · 예: Black Flower in the Sky,포함
Distant Valleys,,기타,,발표 시기 미상,,,번역서 1종 · 예: Distant Valleys,포함
Day-Shine,,기타,,발표 시기 미상,,,번역서 1종 · 예: Day-Shine,포함
El Pájaro Que Llevo Adentro,,기타,,발표 시기 미상,,,번역서 1종 · 예: El Pájaro Que Llevo Adentro,포함
Contemporary Korean poetry,,시,,발표 시기 미상,,,번역서 1종 · 예: Contemporary Korean poetry,포함
Flowers in the Toilet Bowl,,기타,,발표 시기 미상,,,번역서 1종 · 예: Flowers in the Toilet Bowl,포함
12 contemporary Korean poetesses,,기타,,발표 시기 미상,,,번역서 1종 · 예: 12 contemporary Korean poetesses,포함
敦煌之爱,,기타,,발표 시기 미상,,,번역서 1종 · 예: 敦煌之爱,포함
东亚的厕所,,기타,,발표 시기 미상,,,번역서 1종 · 예: 东亚的厕所,포함
鼹鼠小姐的花园,,기타,,발표 시기 미상,,,번역서 1종 · 예: 鼹鼠小姐的花园,포함
跟着炒年糕的人体旅行,,기타,,발표 시기 미상,,,번역서 1종 · 예: 跟着炒年糕的人体旅行,포함
汉城兄弟,,기타,,발표 시기 미상,,,번역서 1종 · 예: 汉城兄弟,포함
矛盾,,기타,,발표 시기 미상,,,번역서 1종 · 예: 矛盾,포함
巫女图,,기타,,발표 시기 미상,,,번역서 1종 · 예: 巫女图,포함
美兰,,기타,,발표 시기 미상,,,번역서 1종 · 예: 美兰,포함
少女的肖像,,기타,,발표 시기 미상,,,번역서 1종 · 예: 少女的肖像,포함
Love's Silence & Other Poems,,시,,발표 시기 미상,,,번역서 1종 · 예: Love's Silence & Other Poems,포함
Because of the rain,,기타,,발표 시기 미상,,,번역서 1종 · 예: Because of the rain,포함
The metacultural theater of Oh T'ae-sŏk,,기타,,발표 시기 미상,,,번역서 1종 · 예: The metacultural theater of Oh T'ae-sŏk,포함
全球化时代的文学与人,,기타,,발표 시기 미상,,,번역서 1종 · 예: 全球化时代的文学与人,포함
Tales of a Korean grandmother,,기타,,발표 시기 미상,,,번역서 1종 · 예: Tales of a Korean grandmother,포함
Korean Classical Literature,,기타,,발표 시기 미상,,,번역서 1종 · 예: Korean Classical Literature,포함
Poésie coréenne contemporaine,,기타,,발표 시기 미상,,,번역서 1종 · 예: Poésie coréenne contemporaine,포함
THÉÂTRES CORÉENS,,기타,,발표 시기 미상,,,번역서 1종 · 예: THÉÂTRES CORÉENS,포함
Poésie sud-coréenne,,기타,,발표 시기 미상,,,번역서 1종 · 예: Poésie sud-coréenne,포함
Une femme à la recherche d'une illusion,,기타,,발표 시기 미상,,,번역서 1종 · 예: Une femme à la recherche d'une illusion,포함
ANTHOLOGIE DE NOUVELLES CORÉENNES CONTEMPORAINES.,,단편소설,,발표 시기 미상,,,번역서 1종 · 예: ANTHOLOGIE DE NOUVELLES CORÉENNES CONTEMPORAINES.,포함
UNE FILLE NOMMÉE DEUXIÈME GARÇON,,기타,,발표 시기 미상,,,번역서 1종 · 예: UNE FILLE NOMMÉE DEUXIÈME GARÇON,포함
L'OISEAU DE MOLGYEWOL,,기타,,발표 시기 미상,,,번역서 1종 · 예: L'OISEAU DE MOLGYEWOL,포함
DE L'HIVER-DE-L'ARBRE AU PRINTEMPS-DE-L'ARBRE,,기타,,발표 시기 미상,,,번역서 1종 · 예: DE L'HIVER-DE-L'ARBRE AU PRINTEMPS-DE-L'ARBRE,포함
평양의 영어 선생님,,기타,,발표 시기 미상,,,번역서 1종 · 예: 평양의 영어 선생님,포함
여우소녀,,기타,,발표 시기 미상,,,번역서 1종 · 예: 여우소녀,포함
요주의 인물,,기타,,발표 시기 미상,,,번역서 1종 · 예: 요주의 인물,포함
살아있는 갈대 -상,,기타,,발표 시기 미상,,,번역서 1종 · 예: 살아있는 갈대 -상,포함
살아있는 갈대 -하,,기타,,발표 시기 미상,,,번역서 1종 · 예: 살아있는 갈대 -하,포함
Fleurs d'azalée,,기타,,발표 시기 미상,,,번역서 1종 · 예: Fleurs d'azalée,포함
CENT POÈMES,,시,,발표 시기 미상,,,번역서 1종 · 예: CENT POÈMES,포함
Las maravillas de la tienda de Cheongpa-dong,,기타,,발표 시기 미상,,,번역서 1종 · 예: Las maravillas de la tienda de Cheongpa-dong,포함
[test] test,,기타,,발표 시기 미상,,,번역서 1종 · 예: [test] test,포함
Solo las mujeres desaparecen,,기타,,발표 시기 미상,,,번역서 1종 · 예: Solo las mujeres desaparecen,포함
"Ivresse de brumes, griserie de nuages",,기타,,발표 시기 미상,,,"번역서 1종 · 예: Ivresse de brumes, griserie de nuages",포함
Sous un poirier sauvage,,기타,,발표 시기 미상,,,번역서 1종 · 예: Sous un poirier sauvage,포함
AUJOURD'HUI L'ÉTERNITÉ,,기타,,발표 시기 미상,,,번역서 1종 · 예: AUJOURD'HUI L'ÉTERNITÉ,포함
Annarasumanara 1,,기타,,발표 시기 미상,,,번역서 1종 · 예: Annarasumanara 1,포함
遠足,,기타,,발표 시기 미상,,,번역서 1종 · 예: 遠足,포함
あの夏の修辞法,,기타,,발표 시기 미상,,,번역서 1종 · 예: あの夏の修辞法,포함
L'Accordéon de la mer et autres poémes,,기타,,발표 시기 미상,,,번역서 1종 · 예: L'Accordéon de la mer et autres poémes,포함
Cent Pétales d'amour,,기타,,발표 시기 미상,,,번역서 1종 · 예: Cent Pétales d'amour,포함
Mère,,기타,,발표 시기 미상,,,번역서 1종 · 예: Mère,포함
Prélude au poème pour une fleur,,기타,,발표 시기 미상,,,번역서 1종 · 예: Prélude au poème pour une fleur,포함
LA CHANTEUSE DE P'ANSORI,,기타,,발표 시기 미상,,,번역서 1종 · 예: LA CHANTEUSE DE P'ANSORI,포함
Poésie coréenne,,기타,,발표 시기 미상,,,번역서 1종 · 예: Poésie coréenne,포함
The Korean Alphabet of 1446,,기타,,발표 시기 미상,,,번역서 1종 · 예: The Korean Alphabet of 1446,포함
Atlas of Korean History,,기타,,발표 시기 미상,,,번역서 1종 · 예: Atlas of Korean History,포함
A history of Korea,,기타,,발표 시기 미상,,,번역서 1종 · 예: A history of Korea,포함
Overlooked historical records of the three Korean kingdoms,,기타,,발표 시기 미상,,,번역서 1종 · 예: Overlooked historical records of the three Korean kingdoms,포함
A history of contemporary Korea,,기타,,발표 시기 미상,,,번역서 1종 · 예: A history of contemporary Korea,포함
A Short History of the Donghak Peasant Revolution,,기타,,발표 시기 미상,,,번역서 1종 · 예: A Short History of the Donghak Peasant Revolution,포함
The Artistry of Early Korean Cartography,,기타,,발표 시기 미상,,,번역서 1종 · 예: The Artistry of Early Korean Cartography,포함
Lives of Eminent Korean Monks,,기타,,발표 시기 미상,,,번역서 1종 · 예: Lives of Eminent Korean Monks,포함
"Ancient Korea and the dawn of human history on the pamirsA linguistic, Historic and anthropological approach",,기타,,발표 시기 미상,,,"번역서 1종 · 예: Ancient Korea and the dawn of human history on the pamirsA linguistic, Historic and anthropological approach",포함
文藝 2021 冬,,기타,,발표 시기 미상,,,번역서 1종 · 예: 文藝 2021 冬,포함
オリオンと林檎 (韓国文学の源流 短編選2),,기타,,발표 시기 미상,,,번역서 1종 · 예: オリオンと林檎 (韓国文学の源流 短編選2),포함
CHONDOGYO SCRIPTURE,,기타,,발표 시기 미상,,,번역서 1종 · 예: CHONDOGYO SCRIPTURE,포함
The poetic world of classic Korean women writers,,기타,,발표 시기 미상,,,번역서 1종 · 예: The poetic world of classic Korean women writers,포함
La tienda que abre al llover,,기타,,발표 시기 미상,,,번역서 1종 · 예: La tienda que abre al llover,포함
(A Field Guide to History) GYEONGJU,,기타,,발표 시기 미상,,,번역서 1종 · 예: (A Field Guide to History) GYEONGJU,포함
A philosopher's journey into Rehe,,기타,,발표 시기 미상,,,번역서 1종 · 예: A philosopher's journey into Rehe,포함
The Love of Dunhuang,,기타,,발표 시기 미상,,,번역서 1종 · 예: The Love of Dunhuang,포함
I have the right to destroy myself,,기타,,발표 시기 미상,,,번역서 1종 · 예: I have the right to destroy myself,포함
When my name was KEOKO,,기타,,발표 시기 미상,,,번역서 1종 · 예: When my name was KEOKO,포함
むくいぬ,,기타,,발표 시기 미상,,,번역서 1종 · 예: むくいぬ,포함
คิดถูกก็สุขใจ,,기타,,발표 시기 미상,,,번역서 1종 · 예: คิดถูกก็สุขใจ,포함
The unending Korean War,,기타,,발표 시기 미상,,,번역서 1종 · 예: The unending Korean War,포함
Living in Joseon,,기타,,발표 시기 미상,,,번역서 1종 · 예: Living in Joseon,포함
The Dwarf,,기타,,발표 시기 미상,,,번역서 1종 · 예: The Dwarf,포함
Scale & stairs,,기타,,발표 시기 미상,,,번역서 1종 · 예: Scale & stairs,포함
Hospital room 205 and other Korean short stories,,단편소설,,발표 시기 미상,,,번역서 1종 · 예: Hospital room 205 and other Korean short stories,포함
Songs for Tomorrow,,기타,,발표 시기 미상,,,번역서 1종 · 예: Songs for Tomorrow,포함
One human family and other stories,,단편소설,,발표 시기 미상,,,번역서 1종 · 예: One human family and other stories,포함
原州通信,,기타,,발표 시기 미상,,,번역서 1종 · 예: 原州通信,포함
LE PASSANT,,기타,,발표 시기 미상,,,번역서 1종 · 예: LE PASSANT,포함
POÈMES DU VAGABOND,,시,,발표 시기 미상,,,번역서 1종 · 예: POÈMES DU VAGABOND,포함
Brother Enemy,,기타,,발표 시기 미상,,,번역서 1종 · 예: Brother Enemy,포함
The Fact that I Am Lonely,,기타,,발표 시기 미상,,,번역서 1종 · 예: The Fact that I Am Lonely,포함
TROIS,,기타,,발표 시기 미상,,,번역서 1종 · 예: TROIS,포함
CHAOS ET ORDRE DANS UN MUSEE,,기타,,발표 시기 미상,,,번역서 1종 · 예: CHAOS ET ORDRE DANS UN MUSEE,포함
Comme si on voyait des fleurs au coeur de l'hiver,,기타,,발표 시기 미상,,,번역서 1종 · 예: Comme si on voyait des fleurs au coeur de l'hiver,포함
YÔNSAN,,기타,,발표 시기 미상,,,번역서 1종 · 예: YÔNSAN,포함
"Une trilogie de Yi Yunt'aek -Ogu, Masque de feu, Pabogaksi-",,기타,,발표 시기 미상,,,"번역서 1종 · 예: Une trilogie de Yi Yunt'aek -Ogu, Masque de feu, Pabogaksi-",포함
Following Birds,,기타,,발표 시기 미상,,,번역서 1종 · 예: Following Birds,포함
"Even After Making Several Rounds in The Temple Yard, I Feel Bitter, As If I Have Completed My Life",,기타,,발표 시기 미상,,,"번역서 1종 · 예: Even After Making Several Rounds in The Temple Yard, I Feel Bitter, As If I Have Completed My Life",포함
Thinking Less about Sad Things,,기타,,발표 시기 미상,,,번역서 1종 · 예: Thinking Less about Sad Things,포함
"Un possible, impossible",,기타,,발표 시기 미상,,,"번역서 1종 · 예: Un possible, impossible",포함
Théâtre de CH'OE INHUN,,기타,,발표 시기 미상,,,번역서 1종 · 예: Théâtre de CH'OE INHUN,포함
QUAND LE PRINTEMPS ARRIVE A LA MONTAGNE ET AUX CHAMPS,,기타,,발표 시기 미상,,,번역서 1종 · 예: QUAND LE PRINTEMPS ARRIVE A LA MONTAGNE ET AUX CHAMPS,포함
Muldoridong,,기타,,발표 시기 미상,,,번역서 1종 · 예: Muldoridong,포함
La Manga Roja 1,,기타,,발표 시기 미상,,,번역서 1종 · 예: La Manga Roja 1,포함
Ten Korean Short Stories,,단편소설,,발표 시기 미상,,,번역서 1종 · 예: Ten Korean Short Stories,포함
SOBRE MINHA FILHA,,기타,,발표 시기 미상,,,번역서 1종 · 예: SOBRE MINHA FILHA,포함
Théâtre coréen d'hier et d'aujourd'hui,,희곡,,발표 시기 미상,,,번역서 1종 · 예: Théâtre coréen d'hier et d'aujourd'hui,포함
LE SONGE DES NEUF NUAGES,,기타,,발표 시기 미상,,,번역서 1종 · 예: LE SONGE DES NEUF NUAGES,포함
"HISTOIRE DE DAME PAK, HISTOIRE DE SUK-HYANG",,기타,,발표 시기 미상,,,"번역서 1종 · 예: HISTOIRE DE DAME PAK, HISTOIRE DE SUK-HYANG",포함
چیزهای آشنا,,기타,,발표 시기 미상,,,번역서 1종 · 예: چیزهای آشنا,포함
L'histoire de Hong Kiltong,,기타,,발표 시기 미상,,,번역서 1종 · 예: L'histoire de Hong Kiltong,포함
La Croix de Schaphan,,기타,,발표 시기 미상,,,번역서 1종 · 예: La Croix de Schaphan,포함
FLEUR NOIRE,,기타,,발표 시기 미상,,,번역서 1종 · 예: FLEUR NOIRE,포함
Reading Korea,,기타,,발표 시기 미상,,,번역서 1종 · 예: Reading Korea,포함
La Chamane,,기타,,발표 시기 미상,,,번역서 1종 · 예: La Chamane,포함
MYTHE 1900,,기타,,발표 시기 미상,,,번역서 1종 · 예: MYTHE 1900,포함
Tertre,,기타,,발표 시기 미상,,,번역서 1종 · 예: Tertre,포함
Dans le tombeau de lumière,,기타,,발표 시기 미상,,,번역서 1종 · 예: Dans le tombeau de lumière,포함
Le rêve d'un homme abattu,,기타,,발표 시기 미상,,,번역서 1종 · 예: Le rêve d'un homme abattu,포함
Annarasumanara 2,,기타,,발표 시기 미상,,,번역서 1종 · 예: Annarasumanara 2,포함
本当に大切な君だから,,기타,,발표 시기 미상,,,번역서 1종 · 예: 本当に大切な君だから,포함
ワタリガニの墓,,기타,,발표 시기 미상,,,번역서 1종 · 예: ワタリガニの墓,포함
"Ciel, Vent, Etoiles et Poèmes",,시,,발표 시기 미상,,,"번역서 1종 · 예: Ciel, Vent, Etoiles et Poèmes",포함
LE FRONT CONTRE LA FENÊTRE,,기타,,발표 시기 미상,,,번역서 1종 · 예: LE FRONT CONTRE LA FENÊTRE,포함
Perspective à vol de corneille,,기타,,발표 시기 미상,,,번역서 1종 · 예: Perspective à vol de corneille,포함
DES CHOSES QUI VIENNENT APRÈS LA DOULEUR,,기타,,발표 시기 미상,,,번역서 1종 · 예: DES CHOSES QUI VIENNENT APRÈS LA DOULEUR,포함
The wind and the waves,,기타,,발표 시기 미상,,,번역서 1종 · 예: The wind and the waves,포함
The Snowy Road and Other Stories,,단편소설,,발표 시기 미상,,,번역서 1종 · 예: The Snowy Road and Other Stories,포함
The Cruel City and Other Korean Short Stories,,단편소설,,발표 시기 미상,,,번역서 1종 · 예: The Cruel City and Other Korean Short Stories,포함
UN SOLEIL INFINI,,기타,,발표 시기 미상,,,번역서 1종 · 예: UN SOLEIL INFINI,포함
LE VOEU DU PEUPLE CORÉEN,,기타,,발표 시기 미상,,,번역서 1종 · 예: LE VOEU DU PEUPLE CORÉEN,포함
NOSTALGIE,,기타,,발표 시기 미상,,,번역서 1종 · 예: NOSTALGIE,포함
Une tombe au sommet,,기타,,발표 시기 미상,,,번역서 1종 · 예: Une tombe au sommet,포함
我是谁,,기타,,발표 시기 미상,,,번역서 1종 · 예: 我是谁,포함
我去上学了,,기타,,발표 시기 미상,,,번역서 1종 · 예: 我去上学了,포함
说脏话一点儿也不帅,,기타,,발표 시기 미상,,,번역서 1종 · 예: 说脏话一点儿也不帅,포함
和伤心说再见,,기타,,발표 시기 미상,,,번역서 1종 · 예: 和伤心说再见,포함
La Grue,,기타,,발표 시기 미상,,,번역서 1종 · 예: La Grue,포함
RETOUR AU CIEL,,기타,,발표 시기 미상,,,번역서 1종 · 예: RETOUR AU CIEL,포함
THE BOXER 5,,기타,,발표 시기 미상,,,번역서 1종 · 예: THE BOXER 5,포함
Cracking the shell,,기타,,발표 시기 미상,,,번역서 1종 · 예: Cracking the shell,포함
Pacsinkó,,기타,,발표 시기 미상,,,번역서 1종 · 예: Pacsinkó,포함
Un pays Aussi lointain que le ciel,,기타,,발표 시기 미상,,,번역서 1종 · 예: Un pays Aussi lointain que le ciel,포함
Le silence de Nim,,기타,,발표 시기 미상,,,번역서 1종 · 예: Le silence de Nim,포함
Les racines d'amour,,기타,,발표 시기 미상,,,번역서 1종 · 예: Les racines d'amour,포함
Monsieur Maeng marie sa fille,,기타,,발표 시기 미상,,,번역서 1종 · 예: Monsieur Maeng marie sa fille,포함
(Korean Films Directors) LEE Myung-Se,,기타,,발표 시기 미상,,,번역서 1종 · 예: (Korean Films Directors) LEE Myung-Se,포함
The History of Korean Cinema,,기타,,발표 시기 미상,,,번역서 1종 · 예: The History of Korean Cinema,포함
張吉山 10,,기타,,발표 시기 미상,,,번역서 1종 · 예: 張吉山 10,포함
A hundred love poems from old Korea,,시,,발표 시기 미상,,,번역서 1종 · 예: A hundred love poems from old Korea,포함
Shijo Rhythms,,기타,,발표 시기 미상,,,번역서 1종 · 예: Shijo Rhythms,포함
Shadows in the Water: Shijo,,기타,,발표 시기 미상,,,번역서 1종 · 예: Shadows in the Water: Shijo,포함
Korean literature,,기타,,발표 시기 미상,,,번역서 1종 · 예: Korean literature,포함
The silent sin,,기타,,발표 시기 미상,,,번역서 1종 · 예: The silent sin,포함
Old dog,,기타,,발표 시기 미상,,,번역서 1종 · 예: Old dog,포함
A History of Korean literature,,기타,,발표 시기 미상,,,번역서 1종 · 예: A History of Korean literature,포함
"Interrelated issues in Korean, East Asian and world literature",,기타,,발표 시기 미상,,,"번역서 1종 · 예: Interrelated issues in Korean, East Asian and world literature",포함
Korean poetry in classical Chinese,,시,,발표 시기 미상,,,번역서 1종 · 예: Korean poetry in classical Chinese,포함
Simcheongga Heungboga,,기타,,발표 시기 미상,,,번역서 1종 · 예: Simcheongga Heungboga,포함
"Sugungga, Jeokbyeokga",,기타,,발표 시기 미상,,,"번역서 1종 · 예: Sugungga, Jeokbyeokga",포함
New Translations from Korea,,기타,,발표 시기 미상,,,번역서 1종 · 예: New Translations from Korea,포함
Love in Mid-winter Night,,기타,,발표 시기 미상,,,번역서 1종 · 예: Love in Mid-winter Night,포함
Abiding places,,기타,,발표 시기 미상,,,번역서 1종 · 예: Abiding places,포함
The Three Way Tabern,,기타,,발표 시기 미상,,,번역서 1종 · 예: The Three Way Tabern,포함
To the Moon,,기타,,발표 시기 미상,,,번역서 1종 · 예: To the Moon,포함
La zorra,,기타,,발표 시기 미상,,,번역서 1종 · 예: La zorra,포함
Pine River and Lone Peak,,기타,,발표 시기 미상,,,번역서 1종 · 예: Pine River and Lone Peak,포함
A Shijo poet at the court of king Sonjo,,기타,,발표 시기 미상,,,번역서 1종 · 예: A Shijo poet at the court of king Sonjo,포함
The book of Korean Shijo,,기타,,발표 시기 미상,,,번역서 1종 · 예: The book of Korean Shijo,포함
澡堂里的仙女,,기타,,발표 시기 미상,,,번역서 1종 · 예: 澡堂里的仙女,포함
梦里尝到的苍蝇,,기타,,발표 시기 미상,,,번역서 1종 · 예: 梦里尝到的苍蝇,포함
Four contemporary Korean plays,,희곡,,발표 시기 미상,,,번역서 1종 · 예: Four contemporary Korean plays,포함
A Journey to Seoul,,기타,,발표 시기 미상,,,번역서 1종 · 예: A Journey to Seoul,포함
I Want to Hijack an Airplane,,기타,,발표 시기 미상,,,번역서 1종 · 예: I Want to Hijack an Airplane,포함
Night Talk,,기타,,발표 시기 미상,,,번역서 1종 · 예: Night Talk,포함
The moonlit pond,,기타,,발표 시기 미상,,,번역서 1종 · 예: The moonlit pond,포함
Among the flowering reeds,,기타,,발표 시기 미상,,,번역서 1종 · 예: Among the flowering reeds,포함
Where Clouds Pass By,,기타,,발표 시기 미상,,,번역서 1종 · 예: Where Clouds Pass By,포함
LE VIEUX JARDIN,,기타,,발표 시기 미상,,,번역서 1종 · 예: LE VIEUX JARDIN,포함
Life and misty road,,기타,,발표 시기 미상,,,번역서 1종 · 예: Life and misty road,포함
Mu-ga,,기타,,발표 시기 미상,,,번역서 1종 · 예: Mu-ga,포함
L'Ombre des armes,,기타,,발표 시기 미상,,,번역서 1종 · 예: L'Ombre des armes,포함
Encyklopedie mytologie Japonska a Koreje,,기타,,발표 시기 미상,,,번역서 1종 · 예: Encyklopedie mytologie Japonska a Koreje,포함
奇怪的客人,,기타,,발표 시기 미상,,,번역서 1종 · 예: 奇怪的客人,포함
我是狗,,기타,,발표 시기 미상,,,번역서 1종 · 예: 我是狗,포함
奇怪的妈妈,,기타,,발표 시기 미상,,,번역서 1종 · 예: 奇怪的妈妈,포함
Myths of Korea,,기타,,발표 시기 미상,,,번역서 1종 · 예: Myths of Korea,포함
Korean folktales,,동화,,발표 시기 미상,,,번역서 1종 · 예: Korean folktales,포함
Modern Korean Fiction,,기타,,발표 시기 미상,,,번역서 1종 · 예: Modern Korean Fiction,포함
Life on the edge of the DMZ,,기타,,발표 시기 미상,,,번역서 1종 · 예: Life on the edge of the DMZ,포함
Oral literature of Korea,,기타,,발표 시기 미상,,,번역서 1종 · 예: Oral literature of Korea,포함
Understanding Korean literature,,기타,,발표 시기 미상,,,번역서 1종 · 예: Understanding Korean literature,포함
ИСТОРИЯ НА СЪВРЕМЕННАТА КОРЕЙСКА ЛИТЕРАТУРА,,기타,,발표 시기 미상,,,번역서 1종 · 예: ИСТОРИЯ НА СЪВРЕМЕННАТА КОРЕЙСКА ЛИТЕРАТУРА,포함
Солонгосын шилдэг зохиолын дээжис,,기타,,발표 시기 미상,,,번역서 1종 · 예: Солонгосын шилдэг зохиолын дээжис,포함
Traditional Korean verse since the 1900s,,기타,,발표 시기 미상,,,번역서 1종 · 예: Traditional Korean verse since the 1900s,포함
Korea in Czchoslovakia(Czech Republic) Bibliography,,기타,,발표 시기 미상,,,번역서 1종 · 예: Korea in Czchoslovakia(Czech Republic) Bibliography,포함
糖球,,기타,,발표 시기 미상,,,번역서 1종 · 예: 糖球,포함
Twentieth Century Korean Literature,,기타,,발표 시기 미상,,,번역서 1종 · 예: Twentieth Century Korean Literature,포함
Die träumende Brutmaschine,,기타,,발표 시기 미상,,,번역서 1종 · 예: Die träumende Brutmaschine,포함
Asian and Pacific Short Stories,,단편소설,,발표 시기 미상,,,번역서 1종 · 예: Asian and Pacific Short Stories,포함
LAND 1,,기타,,발표 시기 미상,,,번역서 1종 · 예: LAND 1,포함
Zrcadlo zenu,,기타,,발표 시기 미상,,,번역서 1종 · 예: Zrcadlo zenu,포함
Mapa říše skutečnosti dle Avatamsaka sútry,,기타,,발표 시기 미상,,,번역서 1종 · 예: Mapa říše skutečnosti dle Avatamsaka sútry,포함
Virtuous Women,,기타,,발표 시기 미상,,,번역서 1종 · 예: Virtuous Women,포함
Poems from Korea,,시,,발표 시기 미상,,,번역서 1종 · 예: Poems from Korea,포함
In search of Klingsor,,기타,,발표 시기 미상,,,번역서 1종 · 예: In search of Klingsor,포함
Han Yong-Un & Yi Kwang-Su,,기타,,발표 시기 미상,,,번역서 1종 · 예: Han Yong-Un & Yi Kwang-Su,포함
"Hyangga, Oldest Korean Songs",,기타,,발표 시기 미상,,,"번역서 1종 · 예: Hyangga, Oldest Korean Songs",포함
"Tilting the jar, spilling the moon",,기타,,발표 시기 미상,,,"번역서 1종 · 예: Tilting the jar, spilling the moon",포함
The Dream of things,,기타,,발표 시기 미상,,,번역서 1종 · 예: The Dream of things,포함
Weathered blossom,,기타,,발표 시기 미상,,,번역서 1종 · 예: Weathered blossom,포함
Fru Yeoms butik for små mirakler,,기타,,발표 시기 미상,,,번역서 1종 · 예: Fru Yeoms butik for små mirakler,포함
Korea's pastimes and customs,,기타,,발표 시기 미상,,,번역서 1종 · 예: Korea's pastimes and customs,포함
懐かしの庭,,기타,,발표 시기 미상,,,번역서 1종 · 예: 懐かしの庭,포함
The Traditional Education of Korea,,기타,,발표 시기 미상,,,번역서 1종 · 예: The Traditional Education of Korea,포함
The Lives of Korean Women in History,,기타,,발표 시기 미상,,,번역서 1종 · 예: The Lives of Korean Women in History,포함
Festive Occasions,,기타,,발표 시기 미상,,,번역서 1종 · 예: Festive Occasions,포함
Korean Myths and Folk Legends,,기타,,발표 시기 미상,,,번역서 1종 · 예: Korean Myths and Folk Legends,포함
Folk-religion,,기타,,발표 시기 미상,,,번역서 1종 · 예: Folk-religion,포함
Z wizytą u ojca,,기타,,발표 시기 미상,,,번역서 1종 · 예: Z wizytą u ojca,포함
Think no evil,,기타,,발표 시기 미상,,,번역서 1종 · 예: Think no evil,포함
CEO,,기타,,발표 시기 미상,,,번역서 1종 · 예: CEO,포함
Comforting an orphaned nationRepresentations of international adoption and adopted koreans in korean popular culture,,기타,,발표 시기 미상,,,번역서 1종 · 예: Comforting an orphaned nationRepresentations of international adoption and adopted koreans in korean popular culture,포함
Astronomy,,기타,,발표 시기 미상,,,번역서 1종 · 예: Astronomy,포함
The Traditional Ships of Korea,,기타,,발표 시기 미상,,,번역서 1종 · 예: The Traditional Ships of Korea,포함
The royal palaces of korea,,기타,,발표 시기 미상,,,번역서 1종 · 예: The royal palaces of korea,포함
Gardens of Korea,,기타,,발표 시기 미상,,,번역서 1종 · 예: Gardens of Korea,포함
Interior Space and Furniture of Joseon Upper-lass Houses,,기타,,발표 시기 미상,,,번역서 1종 · 예: Interior Space and Furniture of Joseon Upper-lass Houses,포함
A Twist of Fate,,기타,,발표 시기 미상,,,번역서 1종 · 예: A Twist of Fate,포함
張吉山 2,,기타,,발표 시기 미상,,,번역서 1종 · 예: 張吉山 2,포함
張吉山 3,,기타,,발표 시기 미상,,,번역서 1종 · 예: 張吉山 3,포함
張吉山 4,,기타,,발표 시기 미상,,,번역서 1종 · 예: 張吉山 4,포함
張吉山 5,,기타,,발표 시기 미상,,,번역서 1종 · 예: 張吉山 5,포함
張吉山 6,,기타,,발표 시기 미상,,,번역서 1종 · 예: 張吉山 6,포함
Pottery,,기타,,발표 시기 미상,,,번역서 1종 · 예: Pottery,포함
Dining Tables,,기타,,발표 시기 미상,,,번역서 1종 · 예: Dining Tables,포함
The Dangsan tree,,기타,,발표 시기 미상,,,번역서 1종 · 예: The Dangsan tree,포함
張吉山 7,,기타,,발표 시기 미상,,,번역서 1종 · 예: 張吉山 7,포함
張吉山 8,,기타,,발표 시기 미상,,,번역서 1종 · 예: 張吉山 8,포함
張吉山 9,,기타,,발표 시기 미상,,,번역서 1종 · 예: 張吉山 9,포함
A topography of Confucian discourse,,기타,,발표 시기 미상,,,번역서 1종 · 예: A topography of Confucian discourse,포함
Money,,기타,,발표 시기 미상,,,번역서 1종 · 예: Money,포함
Toy City,,기타,,발표 시기 미상,,,번역서 1종 · 예: Toy City,포함
Dead Silence and Other Stories of the Jeju massacre,,단편소설,,발표 시기 미상,,,번역서 1종 · 예: Dead Silence and Other Stories of the Jeju massacre,포함
The cutting edge,,기타,,발표 시기 미상,,,번역서 1종 · 예: The cutting edge,포함
Words of farewell,,기타,,발표 시기 미상,,,번역서 1종 · 예: Words of farewell,포함
Postwar Korean short stories,,단편소설,,발표 시기 미상,,,번역서 1종 · 예: Postwar Korean short stories,포함
Variations,,기타,,발표 시기 미상,,,번역서 1종 · 예: Variations,포함
昨天晚上,,기타,,발표 시기 미상,,,번역서 1종 · 예: 昨天晚上,포함
云朵面包,,기타,,발표 시기 미상,,,번역서 1종 · 예: 云朵面包,포함
Look! a frog has laid its eggs,,기타,,발표 시기 미상,,,번역서 1종 · 예: Look! a frog has laid its eggs,포함
The zoo,,기타,,발표 시기 미상,,,번역서 1종 · 예: The zoo,포함
영원한 이방인,,기타,,발표 시기 미상,,,번역서 1종 · 예: 영원한 이방인,포함
Whither Path for the Two Koreans in the 21st Century,,기타,,발표 시기 미상,,,번역서 1종 · 예: Whither Path for the Two Koreans in the 21st Century,포함
Selected Bibliography of Korean Studies,,기타,,발표 시기 미상,,,번역서 1종 · 예: Selected Bibliography of Korean Studies,포함
East and West,,기타,,발표 시기 미상,,,번역서 1종 · 예: East and West,포함
"Early Spring, Mid-Summer",,기타,,발표 시기 미상,,,"번역서 1종 · 예: Early Spring, Mid-Summer",포함
Wayfarer,,기타,,발표 시기 미상,,,번역서 1종 · 예: Wayfarer,포함
Cross-Cultural Review#4: South Korean Poets of Resistance,,기타,,발표 시기 미상,,,번역서 1종 · 예: Cross-Cultural Review#4: South Korean Poets of Resistance,포함
Anxiety of words,,기타,,발표 시기 미상,,,번역서 1종 · 예: Anxiety of words,포함
It's hard to say,,기타,,발표 시기 미상,,,번역서 1종 · 예: It's hard to say,포함
Buddhism,,기타,,발표 시기 미상,,,번역서 1종 · 예: Buddhism,포함
Opening the Eye,,기타,,발표 시기 미상,,,번역서 1종 · 예: Opening the Eye,포함
Philosophical Contexts for Wonhyo's Interpretation of Buddhism,,기타,,발표 시기 미상,,,번역서 1종 · 예: Philosophical Contexts for Wonhyo's Interpretation of Buddhism,포함
Korean nationalism betrayed,,기타,,발표 시기 미상,,,번역서 1종 · 예: Korean nationalism betrayed,포함
Developmental dictatorship and the Park Chung-hee era,,기타,,발표 시기 미상,,,번역서 1종 · 예: Developmental dictatorship and the Park Chung-hee era,포함
Art of success,,기타,,발표 시기 미상,,,번역서 1종 · 예: Art of success,포함
Modes of TransportationTraditional Korean Society,,기타,,발표 시기 미상,,,번역서 1종 · 예: Modes of TransportationTraditional Korean Society,포함
Markets,,기타,,발표 시기 미상,,,번역서 1종 · 예: Markets,포함
ひとつの星を歌おう,,기타,,발표 시기 미상,,,번역서 1종 · 예: ひとつの星を歌おう,포함
ครูพยาบาลแปลกและโรงเรียนพิศวง,,기타,,발표 시기 미상,,,번역서 1종 · 예: ครูพยาบาลแปลกและโรงเรียนพิศวง,포함
Сын человека,,기타,,발표 시기 미상,,,번역서 1종 · 예: Сын человека,포함
Disecție,,기타,,발표 시기 미상,,,번역서 1종 · 예: Disecție,포함
Vegetarijanka,,기타,,발표 시기 미상,,,번역서 1종 · 예: Vegetarijanka,포함
Jään luoksesi,,기타,,발표 시기 미상,,,번역서 1종 · 예: Jään luoksesi,포함
蘇志燮的每一天,,기타,,발표 시기 미상,,,번역서 1종 · 예: 蘇志燮的每一天,포함
韓国出版発展史 (1945~2010),,기타,,발표 시기 미상,,,번역서 1종 · 예: 韓国出版発展史 (1945~2010),포함
Принцеса Бари,,기타,,발표 시기 미상,,,번역서 1종 · 예: Принцеса Бари,포함
朝鮮東学農民戦争を知っていますか?,,기타,,발표 시기 미상,,,번역서 1종 · 예: 朝鮮東学農民戦争を知っていますか?,포함
不穏なるものたちの存在論,,기타,,발표 시기 미상,,,번역서 1종 · 예: 不穏なるものたちの存在論,포함
坛子,,기타,,발표 시기 미상,,,번역서 1종 · 예: 坛子,포함
"ცა, ქარი, ვარსკვლავი და ლექსი",,기타,,발표 시기 미상,,,"번역서 1종 · 예: ცა, ქარი, ვარსკვლავი და ლექსი",포함
あまりにも真昼の恋愛,,기타,,발표 시기 미상,,,번역서 1종 · 예: あまりにも真昼の恋愛,포함
Эрхэсийн хайр,,기타,,발표 시기 미상,,,번역서 1종 · 예: Эрхэсийн хайр,포함
关系,,기타,,발표 시기 미상,,,번역서 1종 · 예: 关系,포함
Death in Asia,,기타,,발표 시기 미상,,,번역서 1종 · 예: Death in Asia,포함
乐器图书馆,,기타,,발표 시기 미상,,,번역서 1종 · 예: 乐器图书馆,포함
Забытый вкус кислички,,기타,,발표 시기 미상,,,번역서 1종 · 예: Забытый вкус кислички,포함
Séoul zone interdite,,기타,,발표 시기 미상,,,번역서 1종 · 예: Séoul zone interdite,포함
Уйтгар гунигийн учиг,,기타,,발표 시기 미상,,,번역서 1종 · 예: Уйтгар гунигийн учиг,포함
野蛮なアリスさん,,기타,,발표 시기 미상,,,번역서 1종 · 예: 野蛮なアリスさん,포함
Land of Tears,,기타,,발표 시기 미상,,,번역서 1종 · 예: Land of Tears,포함
Chuyện pape và popo- Sống Chậm,,기타,,발표 시기 미상,,,번역서 1종 · 예: Chuyện pape và popo- Sống Chậm,포함
Abschiedstal,,기타,,발표 시기 미상,,,번역서 1종 · 예: Abschiedstal,포함
"Neunzehn, einundzwanzig 1",,기타,,발표 시기 미상,,,"번역서 1종 · 예: Neunzehn, einundzwanzig 1",포함
"Neunzehn, einundzwanzig 2",,기타,,발표 시기 미상,,,"번역서 1종 · 예: Neunzehn, einundzwanzig 2",포함
幸福的人不看钟,,기타,,발표 시기 미상,,,번역서 1종 · 예: 幸福的人不看钟,포함
AMOURS FANTOMES,,기타,,발표 시기 미상,,,번역서 1종 · 예: AMOURS FANTOMES,포함
Whisper of Splendor,,기타,,발표 시기 미상,,,번역서 1종 · 예: Whisper of Splendor,포함
Con chính là điều kì diệu,,기타,,발표 시기 미상,,,번역서 1종 · 예: Con chính là điều kì diệu,포함
War & Exile,,기타,,발표 시기 미상,,,번역서 1종 · 예: War & Exile,포함
Willkommen,,기타,,발표 시기 미상,,,번역서 1종 · 예: Willkommen,포함
AUTOBIOGRAPHIE DE LA MORT,,기타,,발표 시기 미상,,,번역서 1종 · 예: AUTOBIOGRAPHIE DE LA MORT,포함
Trois générations,,기타,,발표 시기 미상,,,번역서 1종 · 예: Trois générations,포함
All Walks of Life,,기타,,발표 시기 미상,,,번역서 1종 · 예: All Walks of Life,포함
Lives of Women,,기타,,발표 시기 미상,,,번역서 1종 · 예: Lives of Women,포함
Gendered Landscapes,,기타,,발표 시기 미상,,,번역서 1종 · 예: Gendered Landscapes,포함
Докхе ончжу-последняя принцесса династии Чосон,,기타,,발표 시기 미상,,,번역서 1종 · 예: Докхе ончжу-последняя принцесса династии Чосон,포함
Упрекът на тигъра,,기타,,발표 시기 미상,,,번역서 1종 · 예: Упрекът на тигъра,포함
Ich bin ein Phantom schriftsteller,,기타,,발표 시기 미상,,,번역서 1종 · 예: Ich bin ein Phantom schriftsteller,포함
Le pansori,,기타,,발표 시기 미상,,,번역서 1종 · 예: Le pansori,포함
Fleurs de l'instant,,기타,,발표 시기 미상,,,번역서 1종 · 예: Fleurs de l'instant,포함
La Végétarienne,,기타,,발표 시기 미상,,,번역서 1종 · 예: La Végétarienne,포함
戦争ごっこ,,기타,,발표 시기 미상,,,번역서 1종 · 예: 戦争ごっこ,포함
Actes Humans,,기타,,발표 시기 미상,,,번역서 1종 · 예: Actes Humans,포함
Actos Humanos,,기타,,발표 시기 미상,,,번역서 1종 · 예: Actos Humanos,포함
The White Book,,기타,,발표 시기 미상,,,번역서 1종 · 예: The White Book,포함
"We, Day by Day",,기타,,발표 시기 미상,,,"번역서 1종 · 예: We, Day by Day",포함
War der Berg wirklich dort?,,기타,,발표 시기 미상,,,번역서 1종 · 예: War der Berg wirklich dort?,포함
En Beauté,,기타,,발표 시기 미상,,,번역서 1종 · 예: En Beauté,포함
画影图形,,기타,,발표 시기 미상,,,번역서 1종 · 예: 画影图形,포함
"ПРOЩAЙ, ЦИPK",,기타,,발표 시기 미상,,,"번역서 1종 · 예: ПРOЩAЙ, ЦИPK",포함
Cá thu,,기타,,발표 시기 미상,,,번역서 1종 · 예: Cá thu,포함
Вегетерианка,,기타,,발표 시기 미상,,,번역서 1종 · 예: Вегетерианка,포함
Zvuk groma,,기타,,발표 시기 미상,,,번역서 1종 · 예: Zvuk groma,포함
How to Read Eastern Art,,기타,,발표 시기 미상,,,번역서 1종 · 예: How to Read Eastern Art,포함
The Night of the Cat's Return,,기타,,발표 시기 미상,,,번역서 1종 · 예: The Night of the Cat's Return,포함
CHEER UP FEMME FATALE,,기타,,발표 시기 미상,,,번역서 1종 · 예: CHEER UP FEMME FATALE,포함
此時此刻,,기타,,발표 시기 미상,,,번역서 1종 · 예: 此時此刻,포함
这是我的,,기타,,발표 시기 미상,,,번역서 1종 · 예: 这是我的,포함
Dust and Other Stories,,단편소설,,발표 시기 미상,,,번역서 1종 · 예: Dust and Other Stories,포함
Mẹ nổi giận,,기타,,발표 시기 미상,,,번역서 1종 · 예: Mẹ nổi giận,포함
自省録,,기타,,발표 시기 미상,,,번역서 1종 · 예: 自省録,포함
春の宵,,기타,,발표 시기 미상,,,번역서 1종 · 예: 春の宵,포함
LA PORTE DES SECRETS,,기타,,발표 시기 미상,,,번역서 1종 · 예: LA PORTE DES SECRETS,포함
"COREE DES VILLES, COREE DES CHAMPS",,기타,,발표 시기 미상,,,"번역서 1종 · 예: COREE DES VILLES, COREE DES CHAMPS",포함
CLASSIC KOREAN TALES with commentaries,,기타,,발표 시기 미상,,,번역서 1종 · 예: CLASSIC KOREAN TALES with commentaries,포함
خواب زیر شکوفههای هلو,,기타,,발표 시기 미상,,,번역서 1종 · 예: خواب زیر شکوفههای هلو,포함
Time Difference,,기타,,발표 시기 미상,,,번역서 1종 · 예: Time Difference,포함
Ok-hwa,,기타,,발표 시기 미상,,,번역서 1종 · 예: Ok-hwa,포함
Fired,,기타,,발표 시기 미상,,,번역서 1종 · 예: Fired,포함
Where Would You Like To Go?,,기타,,발표 시기 미상,,,번역서 1종 · 예: Where Would You Like To Go?,포함
Request Line at Noon,,기타,,발표 시기 미상,,,번역서 1종 · 예: Request Line at Noon,포함
Gedankenspiele,,기타,,발표 시기 미상,,,번역서 1종 · 예: Gedankenspiele,포함
Memorie di un assassino,,기타,,발표 시기 미상,,,번역서 1종 · 예: Memorie di un assassino,포함
Я встретила Ро Кивана,,기타,,발표 시기 미상,,,번역서 1종 · 예: Я встретила Ро Кивана,포함
Night-Sky Checkerboard,,기타,,발표 시기 미상,,,번역서 1종 · 예: Night-Sky Checkerboard,포함
Reading Colonial Korea Through Fiction,,기타,,발표 시기 미상,,,번역서 1종 · 예: Reading Colonial Korea Through Fiction,포함
"Gökyüzü, Rüzgâr, Yýldýzlar ve Þiir",,기타,,발표 시기 미상,,,"번역서 1종 · 예: Gökyüzü, Rüzgâr, Yýldýzlar ve Þiir",포함
オオカミは目玉から育つ,,기타,,발표 시기 미상,,,번역서 1종 · 예: オオカミは目玉から育つ,포함
Хашаанаасаа гарсан эм тахиа,,기타,,발표 시기 미상,,,번역서 1종 · 예: Хашаанаасаа гарсан эм тахиа,포함
Toutes les choses de notre vie,,기타,,발표 시기 미상,,,번역서 1종 · 예: Toutes les choses de notre vie,포함
Principes essentiels pour éduquer les jeunes gens,,기타,,발표 시기 미상,,,번역서 1종 · 예: Principes essentiels pour éduquer les jeunes gens,포함
鯨,,기타,,발표 시기 미상,,,번역서 1종 · 예: 鯨,포함
L'ENFANT ULTIME,,기타,,발표 시기 미상,,,번역서 1종 · 예: L'ENFANT ULTIME,포함
Алсад бэдрэх зам мөрийн дуулал,,기타,,발표 시기 미상,,,번역서 1종 · 예: Алсад бэдрэх зам мөрийн дуулал,포함
走れ、ヒョンジン!,,기타,,발표 시기 미상,,,번역서 1종 · 예: 走れ、ヒョンジン!,포함
82年生的金智英,,기타,,발표 시기 미상,,,번역서 1종 · 예: 82年生的金智英,포함
Chanson d'ailleurs,,기타,,발표 시기 미상,,,번역서 1종 · 예: Chanson d'ailleurs,포함
La Baignoire,,기타,,발표 시기 미상,,,번역서 1종 · 예: La Baignoire,포함
L'ETOILE DU CHIEN QUI ATTEND SON REPAS,,기타,,발표 시기 미상,,,번역서 1종 · 예: L'ETOILE DU CHIEN QUI ATTEND SON REPAS,포함
Was that Mountain Really There?,,기타,,발표 시기 미상,,,번역서 1종 · 예: Was that Mountain Really There?,포함
小説 大院君 雲峴宮の春,,기타,,발표 시기 미상,,,번역서 1종 · 예: 小説 大院君 雲峴宮の春,포함
The Scorpion,,기타,,발표 시기 미상,,,번역서 1종 · 예: The Scorpion,포함
Combi,,기타,,발표 시기 미상,,,번역서 1종 · 예: Combi,포함
Nàng công chúa giả vờ không biết mọi chuyện,,기타,,발표 시기 미상,,,번역서 1종 · 예: Nàng công chúa giả vờ không biết mọi chuyện,포함
Con là hạt giống nào vậy nhỉ?,,기타,,발표 시기 미상,,,번역서 1종 · 예: Con là hạt giống nào vậy nhỉ?,포함
村上春樹先生，一起用餐吧,,기타,,발표 시기 미상,,,번역서 1종 · 예: 村上春樹先生，一起用餐吧,포함
儿子的冬天,,기타,,발표 시기 미상,,,번역서 1종 · 예: 儿子的冬天,포함
喜歡小日子,,기타,,발표 시기 미상,,,번역서 1종 · 예: 喜歡小日子,포함
Wanderer zwischen zwei Welten,,기타,,발표 시기 미상,,,번역서 1종 · 예: Wanderer zwischen zwei Welten,포함
Как она использует свои слезы,,기타,,발표 시기 미상,,,번역서 1종 · 예: Как она использует свои слезы,포함
Никто не узнает,,기타,,발표 시기 미상,,,번역서 1종 · 예: Никто не узнает,포함
LES PLANIFICATEURS,,기타,,발표 시기 미상,,,번역서 1종 · 예: LES PLANIFICATEURS,포함
Dentifricetristesse crèmemiroir,,기타,,발표 시기 미상,,,번역서 1종 · 예: Dentifricetristesse crèmemiroir,포함
Baek Seok: Poems of the North,,시,,발표 시기 미상,,,번역서 1종 · 예: Baek Seok: Poems of the North,포함
GENEALOGIE DU MAL,,기타,,발표 시기 미상,,,번역서 1종 · 예: GENEALOGIE DU MAL,포함
"La guardia, il poeta e l'investigatore",,기타,,발표 시기 미상,,,"번역서 1종 · 예: La guardia, il poeta e l'investigatore",포함
"Беги,папа",,기타,,발표 시기 미상,,,"번역서 1종 · 예: Беги,папа",포함
Rina,,기타,,발표 시기 미상,,,번역서 1종 · 예: Rina,포함
Son of Man,,기타,,발표 시기 미상,,,번역서 1종 · 예: Son of Man,포함
The Private Life of Plants,,기타,,발표 시기 미상,,,번역서 1종 · 예: The Private Life of Plants,포함
Những chú ngựa của mẹ,,기타,,발표 시기 미상,,,번역서 1종 · 예: Những chú ngựa của mẹ,포함
Tuyển tập văn học cổ điển Hàn Quốc,,기타,,발표 시기 미상,,,번역서 1종 · 예: Tuyển tập văn học cổ điển Hàn Quốc,포함
Korean Travel Literature,,기타,,발표 시기 미상,,,번역서 1종 · 예: Korean Travel Literature,포함
Ola Azul,,기타,,발표 시기 미상,,,번역서 1종 · 예: Ola Azul,포함
A Good Family,,기타,,발표 시기 미상,,,번역서 1종 · 예: A Good Family,포함
Poèmes coréens,,시,,발표 시기 미상,,,번역서 1종 · 예: Poèmes coréens,포함
I Am a Season That Does Not Exist in the World,,기타,,발표 시기 미상,,,번역서 1종 · 예: I Am a Season That Does Not Exist in the World,포함
Город знакомых незнакомцев,,기타,,발표 시기 미상,,,번역서 1종 · 예: Город знакомых незнакомцев,포함
目の眩んだ者たちの国家,,기타,,발표 시기 미상,,,번역서 1종 · 예: 目の眩んだ者たちの国家,포함
少數意見,,기타,,발표 시기 미상,,,번역서 1종 · 예: 少數意見,포함
"¡Corre, papá, corre!",,기타,,발표 시기 미상,,,"번역서 1종 · 예: ¡Corre, papá, corre!",포함
Confucians in Love,,기타,,발표 시기 미상,,,번역서 1종 · 예: Confucians in Love,포함
Avengers & Artists,,기타,,발표 시기 미상,,,번역서 1종 · 예: Avengers & Artists,포함
植物的私生活,,기타,,발표 시기 미상,,,번역서 1종 · 예: 植物的私生活,포함
通过世界遗产了解韩国历史,,기타,,발표 시기 미상,,,번역서 1종 · 예: 通过世界遗产了解韩国历史,포함
Explorando la historia de Corea a través de sus Patrimonios de la Humanidad,,기타,,발표 시기 미상,,,번역서 1종 · 예: Explorando la historia de Corea a través de sus Patrimonios de la Humanidad,포함
الحياة داخل بيضة,,기타,,발표 시기 미상,,,번역서 1종 · 예: الحياة داخل بيضة,포함
小狐狸說話了,,기타,,발표 시기 미상,,,번역서 1종 · 예: 小狐狸說話了,포함
Premodern Korean Literary Prose,,기타,,발표 시기 미상,,,번역서 1종 · 예: Premodern Korean Literary Prose,포함
Món quà từ cánh chim - Gift of the bird,,기타,,발표 시기 미상,,,번역서 1종 · 예: Món quà từ cánh chim - Gift of the bird,포함
Изучение истории Кореи через,,기타,,발표 시기 미상,,,번역서 1종 · 예: Изучение истории Кореи через,포함
Культурная панорама Кореи,,기타,,발표 시기 미상,,,번역서 1종 · 예: Культурная панорама Кореи,포함
韩国文化景观,,기타,,발표 시기 미상,,,번역서 1종 · 예: 韩国文化景观,포함
Paisajes Culturales De Coreaa,,기타,,발표 시기 미상,,,번역서 1종 · 예: Paisajes Culturales De Coreaa,포함
Cultural landscapes of Korea,,기타,,발표 시기 미상,,,번역서 1종 · 예: Cultural landscapes of Korea,포함
Postmodern Art in Korea,,기타,,발표 시기 미상,,,번역서 1종 · 예: Postmodern Art in Korea,포함
Sieben Jahre Nacht,,기타,,발표 시기 미상,,,번역서 1종 · 예: Sieben Jahre Nacht,포함
越えてくる者、迎えいれる者,,기타,,발표 시기 미상,,,번역서 1종 · 예: 越えてくる者、迎えいれる者,포함
森林照相館,,기타,,발표 시기 미상,,,번역서 1종 · 예: 森林照相館,포함
النباتية,,기타,,발표 시기 미상,,,번역서 1종 · 예: النباتية,포함
走れ、オヤジ殿,,기타,,발표 시기 미상,,,번역서 1종 · 예: 走れ、オヤジ殿,포함
A Black Kite,,기타,,발표 시기 미상,,,번역서 1종 · 예: A Black Kite,포함
Poems by Huh Sukyung,,시,,발표 시기 미상,,,번역서 1종 · 예: Poems by Huh Sukyung,포함
ゾンビたち,,기타,,발표 시기 미상,,,번역서 1종 · 예: ゾンビたち,포함
Někde zvoní telefon,,기타,,발표 시기 미상,,,번역서 1종 · 예: Někde zvoní telefon,포함
Принцесса Пари,,기타,,발표 시기 미상,,,번역서 1종 · 예: Принцесса Пари,포함
想要说给月亮听的故事,,기타,,발표 시기 미상,,,번역서 1종 · 예: 想要说给月亮听的故事,포함
深藍帝國：海洋爭霸的時代1400-1900,,기타,,발표 시기 미상,,,번역서 1종 · 예: 深藍帝國：海洋爭霸的時代1400-1900,포함
séoul/port-au-prince,,기타,,발표 시기 미상,,,번역서 1종 · 예: séoul/port-au-prince,포함
鼴鼠的煩惱,,기타,,발표 시기 미상,,,번역서 1종 · 예: 鼴鼠的煩惱,포함
Poems by Baek Seok,,시,,발표 시기 미상,,,번역서 1종 · 예: Poems by Baek Seok,포함
寻觅王者,,기타,,발표 시기 미상,,,번역서 1종 · 예: 寻觅王者,포함
茶马古道,,기타,,발표 시기 미상,,,번역서 1종 · 예: 茶马古道,포함
香港パク,,기타,,발표 시기 미상,,,번역서 1종 · 예: 香港パク,포함
其實是數位在傷害孩子,,기타,,발표 시기 미상,,,번역서 1종 · 예: 其實是數位在傷害孩子,포함
Как великодушие привело к праведности,,기타,,발표 시기 미상,,,번역서 1종 · 예: Как великодушие привело к праведности,포함
Un balcon sur la lune,,기타,,발표 시기 미상,,,번역서 1종 · 예: Un balcon sur la lune,포함
Wandeuk - CẬU HỌC TRÕ NỐI LOẠN,,기타,,발표 시기 미상,,,번역서 1종 · 예: Wandeuk - CẬU HỌC TRÕ NỐI LOẠN,포함
跟自己的孩子聊得來,,기타,,발표 시기 미상,,,번역서 1종 · 예: 跟自己的孩子聊得來,포함
我為什麼愛上露營？,,기타,,발표 시기 미상,,,번역서 1종 · 예: 我為什麼愛上露營？,포함
Der Menschensohn,,기타,,발표 시기 미상,,,번역서 1종 · 예: Der Menschensohn,포함
因為討厭韓國,,기타,,발표 시기 미상,,,번역서 1종 · 예: 因為討厭韓國,포함
満ち潮の時間,,기타,,발표 시기 미상,,,번역서 1종 · 예: 満ち潮の時間,포함
三美スーパースターズ 最後のファンクラブ,,기타,,발표 시기 미상,,,번역서 1종 · 예: 三美スーパースターズ 最後のファンクラブ,포함
LÝ LUÂN VỀ VĂN MINH ĐÔNG Á,,기타,,발표 시기 미상,,,번역서 1종 · 예: LÝ LUÂN VỀ VĂN MINH ĐÔNG Á,포함
Songs of Thorns and Flowers Vol. 5,,기타,,발표 시기 미상,,,번역서 1종 · 예: Songs of Thorns and Flowers Vol. 5,포함
"Partager le Bonheur, Dénouer la Rancœur",,기타,,발표 시기 미상,,,"번역서 1종 · 예: Partager le Bonheur, Dénouer la Rancœur",포함
飲食のくにではピビムパプが民主主義だーおいしい詩を添えて,,시,,발표 시기 미상,,,번역서 1종 · 예: 飲食のくにではピビムパプが民主主義だーおいしい詩を添えて,포함
像他們一樣工作,,기타,,발표 시기 미상,,,번역서 1종 · 예: 像他們一樣工作,포함
El Diario del Ano del Buey Negro(1613) GUECHUK ILGUI,,기타,,발표 시기 미상,,,번역서 1종 · 예: El Diario del Ano del Buey Negro(1613) GUECHUK ILGUI,포함
Η εγκαταλειμμένη πριγκίπισσα,,기타,,발표 시기 미상,,,번역서 1종 · 예: Η εγκαταλειμμένη πριγκίπισσα,포함
アンダー、サンダー、テンダー,,기타,,발표 시기 미상,,,번역서 1종 · 예: アンダー、サンダー、テンダー,포함
椅子取りゲーム,,기타,,발표 시기 미상,,,번역서 1종 · 예: 椅子取りゲーム,포함
The Girl Who Wrote Loneliness,,기타,,발표 시기 미상,,,번역서 1종 · 예: The Girl Who Wrote Loneliness,포함
Онамни ўз паноҳингда асра,,기타,,발표 시기 미상,,,번역서 1종 · 예: Онамни ўз паноҳингда асра,포함
Great Soul of Siberia,,기타,,발표 시기 미상,,,번역서 1종 · 예: Great Soul of Siberia,포함
夏天最後的日記,,기타,,발표 시기 미상,,,번역서 1종 · 예: 夏天最後的日記,포함
KORE ÖYKÜLERİ,,기타,,발표 시기 미상,,,번역서 1종 · 예: KORE ÖYKÜLERİ,포함
Ông chúa Đức Huệ,,기타,,발표 시기 미상,,,번역서 1종 · 예: Ông chúa Đức Huệ,포함
I Hear Your Voice,,기타,,발표 시기 미상,,,번역서 1종 · 예: I Hear Your Voice,포함
ソウル1964年 冬 ―金承鈺短編集―,,기타,,발표 시기 미상,,,번역서 1종 · 예: ソウル1964年 冬 ―金承鈺短編集―,포함
Khám phá thiết kế đô thị Hàn Quốc,,기타,,발표 시기 미상,,,번역서 1종 · 예: Khám phá thiết kế đô thị Hàn Quốc,포함
妖怪的脸最大,,기타,,발표 시기 미상,,,번역서 1종 · 예: 妖怪的脸最大,포함
肚子餓的小青蛙,,기타,,발표 시기 미상,,,번역서 1종 · 예: 肚子餓的小青蛙,포함
自发进化心理学,,기타,,발표 시기 미상,,,번역서 1종 · 예: 自发进化心理学,포함
最新韩国语语法. 1、体系篇,,기타,,발표 시기 미상,,,번역서 1종 · 예: 最新韩国语语法. 1、体系篇,포함
神奇的虫子世界,,기타,,발표 시기 미상,,,번역서 1종 · 예: 神奇的虫子世界,포함
J'ENTENDS TA VOIX,,기타,,발표 시기 미상,,,번역서 1종 · 예: J'ENTENDS TA VOIX,포함
Voi fi acolo,,기타,,발표 시기 미상,,,번역서 1종 · 예: Voi fi acolo,포함
La panadería encantada,,기타,,발표 시기 미상,,,번역서 1종 · 예: La panadería encantada,포함
Winternacht 0Uhr 5Minuten,,기타,,발표 시기 미상,,,번역서 1종 · 예: Winternacht 0Uhr 5Minuten,포함
房子的健康等于你的健康！：別讓不好的房子害了你,,기타,,발표 시기 미상,,,번역서 1종 · 예: 房子的健康等于你的健康！：別讓不好的房子害了你,포함
男孩的科学冒险书1：征服无人岛绝境,,기타,,발표 시기 미상,,,번역서 1종 · 예: 男孩的科学冒险书1：征服无人岛绝境,포함
印第安大冒险,,기타,,발표 시기 미상,,,번역서 1종 · 예: 印第安大冒险,포함
古埃及大冒险,,기타,,발표 시기 미상,,,번역서 1종 · 예: 古埃及大冒险,포함
Dans l’antre d’Aoï Garden,,기타,,발표 시기 미상,,,번역서 1종 · 예: Dans l’antre d’Aoï Garden,포함
亲亲,,기타,,발표 시기 미상,,,번역서 1종 · 예: 亲亲,포함
Comment se passe ton été ?,,기타,,발표 시기 미상,,,번역서 1종 · 예: Comment se passe ton été ?,포함
原始人大冒险,,기타,,발표 시기 미상,,,번역서 1종 · 예: 原始人大冒险,포함
楚汉英雄志1：秦帝国崩溃,,기타,,발표 시기 미상,,,번역서 1종 · 예: 楚汉英雄志1：秦帝国崩溃,포함
韩国文化遗产之旅,,기타,,발표 시기 미상,,,번역서 1종 · 예: 韩国文化遗产之旅,포함
"НЕБО, ВЕТЕР, ЗВЕЗДА И ПОЭЗИЯ",,기타,,발표 시기 미상,,,"번역서 2종 · 예: НЕБО, ВЕТЕР, ЗВЕЗДА И ПОЭЗИЯ",포함
100年不變的育兒智慧,,기타,,발표 시기 미상,,,번역서 1종 · 예: 100年不變的育兒智慧,포함
L'échelle de Jacob,,기타,,발표 시기 미상,,,번역서 1종 · 예: L'échelle de Jacob,포함
Trilingual Renshi,,기타,,발표 시기 미상,,,번역서 1종 · 예: Trilingual Renshi,포함
Creative Hand Art,,기타,,발표 시기 미상,,,번역서 1종 · 예: Creative Hand Art,포함
彩虹原理,,기타,,발표 시기 미상,,,번역서 1종 · 예: 彩虹原理,포함
孩子的心理报告书,,기타,,발표 시기 미상,,,번역서 1종 · 예: 孩子的心理报告书,포함
101個環境疑問,,기타,,발표 시기 미상,,,번역서 1종 · 예: 101個環境疑問,포함
誰でもない,,기타,,발표 시기 미상,,,번역서 1종 · 예: 誰でもない,포함
少年來了,,기타,,발표 시기 미상,,,번역서 1종 · 예: 少年來了,포함
啊哈！圖解影響世界的21場戰爭,,기타,,발표 시기 미상,,,번역서 1종 · 예: 啊哈！圖解影響世界的21場戰爭,포함
生病的地球：环境的报复,,기타,,발표 시기 미상,,,번역서 1종 · 예: 生病的地球：环境的报复,포함
绿色的地球：可再生能源,,기타,,발표 시기 미상,,,번역서 1종 · 예: 绿色的地球：可再生能源,포함
七年の夜,,기타,,발표 시기 미상,,,번역서 1종 · 예: 七年の夜,포함
二十问侦探和魔术师,,기타,,발표 시기 미상,,,번역서 1종 · 예: 二十问侦探和魔术师,포함
猫咪遭袭事件,,기타,,발표 시기 미상,,,번역서 1종 · 예: 猫咪遭袭事件,포함
Traduire la vie,,기타,,발표 시기 미상,,,번역서 1종 · 예: Traduire la vie,포함
鳥,,기타,,발표 시기 미상,,,번역서 1종 · 예: 鳥,포함
The Hen Who Dreamed She Could Fly,,기타,,발표 시기 미상,,,번역서 1종 · 예: The Hen Who Dreamed She Could Fly,포함
ภาษาติดเชื้อ,,기타,,발표 시기 미상,,,번역서 1종 · 예: ภาษาติดเชื้อ,포함
UNAS HORAS CON LOS POETAS MUERTOS,,기타,,발표 시기 미상,,,번역서 1종 · 예: UNAS HORAS CON LOS POETAS MUERTOS,포함
Nostalgia,,기타,,발표 시기 미상,,,번역서 1종 · 예: Nostalgia,포함
Dół,,기타,,발표 시기 미상,,,번역서 1종 · 예: Dół,포함
Măcar ne pricepem la scuze,,기타,,발표 시기 미상,,,번역서 1종 · 예: Măcar ne pricepem la scuze,포함
土地 4巻,,기타,,발표 시기 미상,,,번역서 1종 · 예: 土地 4巻,포함
The Vegetarian,,기타,,발표 시기 미상,,,번역서 1종 · 예: The Vegetarian,포함
Se viene el tifón,,기타,,발표 시기 미상,,,번역서 1종 · 예: Se viene el tifón,포함
Nhật ký trong gian lao,,기타,,발표 시기 미상,,,번역서 1종 · 예: Nhật ký trong gian lao,포함
Poèmes de l'Himalaya,,시,,발표 시기 미상,,,번역서 1종 · 예: Poèmes de l'Himalaya,포함
Khê Tây dã đàm,,기타,,발표 시기 미상,,,번역서 1종 · 예: Khê Tây dã đàm,포함
這樣一點都不公平!,,기타,,발표 시기 미상,,,번역서 1종 · 예: 這樣一點都不公平!,포함
殺人者の記憶法,,기타,,발표 시기 미상,,,번역서 1종 · 예: 殺人者の記憶法,포함
人生不是單程旅行在世界名画中体悟 幸福的真意,,기타,,발표 시기 미상,,,번역서 1종 · 예: 人生不是單程旅行在世界名画中体悟 幸福的真意,포함
这样喝水最健康,,기타,,발표 시기 미상,,,번역서 1종 · 예: 这样喝水最健康,포함
恋人,,기타,,발표 시기 미상,,,번역서 1종 · 예: 恋人,포함
Ta druhá strana života,,기타,,발표 시기 미상,,,번역서 1종 · 예: Ta druhá strana života,포함
Lịch sử lập quốc Cao Câu Ly,,기타,,발표 시기 미상,,,번역서 1종 · 예: Lịch sử lập quốc Cao Câu Ly,포함
千萬不要跟孩子這樣說話,,기타,,발표 시기 미상,,,번역서 1종 · 예: 千萬不要跟孩子這樣說話,포함
Beating on Iron,,기타,,발표 시기 미상,,,번역서 1종 · 예: Beating on Iron,포함
谁也不该将就生活-海鸥食堂里的暖心故事,,기타,,발표 시기 미상,,,번역서 1종 · 예: 谁也不该将就生活-海鸥食堂里的暖心故事,포함
不一樣的人體使用手冊,,기타,,발표 시기 미상,,,번역서 1종 · 예: 不一樣的人體使用手冊,포함
ANH ĐÃ TRỞ VỀ,,기타,,발표 시기 미상,,,번역서 1종 · 예: ANH ĐÃ TRỞ VỀ,포함
Das Viertel der Clowns,,기타,,발표 시기 미상,,,번역서 1종 · 예: Das Viertel der Clowns,포함
母と旅した900日,,기타,,발표 시기 미상,,,번역서 1종 · 예: 母と旅した900日,포함
風船を買った,,기타,,발표 시기 미상,,,번역서 1종 · 예: 風船を買った,포함
夜よ、ひらけ,,기타,,발표 시기 미상,,,번역서 1종 · 예: 夜よ、ひらけ,포함
Un verre de miroir rouge,,기타,,발표 시기 미상,,,번역서 1종 · 예: Un verre de miroir rouge,포함
ある作為の世界,,기타,,발표 시기 미상,,,번역서 1종 · 예: ある作為の世界,포함
Des flocons de neige rouge,,기타,,발표 시기 미상,,,번역서 1종 · 예: Des flocons de neige rouge,포함
Time to Eat Lobster,,기타,,발표 시기 미상,,,번역서 1종 · 예: Time to Eat Lobster,포함
Восьмая комната,,기타,,발표 시기 미상,,,번역서 1종 · 예: Восьмая комната,포함
The Tale Of CHO UNG,,기타,,발표 시기 미상,,,번역서 1종 · 예: The Tale Of CHO UNG,포함
韩国神话研究,,기타,,발표 시기 미상,,,번역서 1종 · 예: 韩国神话研究,포함
La végétarienne,,기타,,발표 시기 미상,,,번역서 1종 · 예: La végétarienne,포함
Phiếu bé hư,,기타,,발표 시기 미상,,,번역서 1종 · 예: Phiếu bé hư,포함
"SEOUL, VITE, VITE!",,기타,,발표 시기 미상,,,"번역서 1종 · 예: SEOUL, VITE, VITE!",포함
Mar de Karma,,기타,,발표 시기 미상,,,번역서 1종 · 예: Mar de Karma,포함
Nhung Nguoi Ban O Thung Lung Mat Troi Moc,,기타,,발표 시기 미상,,,번역서 1종 · 예: Nhung Nguoi Ban O Thung Lung Mat Troi Moc,포함
私人信箱一一零號的郵件,,기타,,발표 시기 미상,,,번역서 1종 · 예: 私人信箱一一零號的郵件,포함
フィフティ・ピープル,,기타,,발표 시기 미상,,,번역서 1종 · 예: フィフティ・ピープル,포함
Bad Friends,,기타,,발표 시기 미상,,,번역서 1종 · 예: Bad Friends,포함
Chó Xanh Lông Dài,,기타,,발표 시기 미상,,,번역서 1종 · 예: Chó Xanh Lông Dài,포함
Krabi,,기타,,발표 시기 미상,,,번역서 1종 · 예: Krabi,포함
Le chant des cordes,,기타,,발표 시기 미상,,,번역서 1종 · 예: Le chant des cordes,포함
焼肉の文化史,,기타,,발표 시기 미상,,,번역서 1종 · 예: 焼肉の文化史,포함
文藝 2016 秋,,기타,,발표 시기 미상,,,번역서 1종 · 예: 文藝 2016 秋,포함
Le mystère de Jeju,,기타,,발표 시기 미상,,,번역서 1종 · 예: Le mystère de Jeju,포함
Pepino de Aluminio,,기타,,발표 시기 미상,,,번역서 1종 · 예: Pepino de Aluminio,포함
Réveillé au milieu de la nuit,,기타,,발표 시기 미상,,,번역서 1종 · 예: Réveillé au milieu de la nuit,포함
チャチュンビ伝説 ― 済州島のシャーマン神話,,기타,,발표 시기 미상,,,번역서 1종 · 예: チャチュンビ伝説 ― 済州島のシャーマン神話,포함
Die Vegetarierin,,기타,,발표 시기 미상,,,번역서 1종 · 예: Die Vegetarierin,포함
世界の中のハングル,,기타,,발표 시기 미상,,,번역서 1종 · 예: 世界の中のハングル,포함
Meditation über Frauen,,기타,,발표 시기 미상,,,번역서 1종 · 예: Meditation über Frauen,포함
Au soleil couchant,,기타,,발표 시기 미상,,,번역서 1종 · 예: Au soleil couchant,포함
The Hole,,기타,,발표 시기 미상,,,번역서 1종 · 예: The Hole,포함
韓国の文化遺産巡礼,,기타,,발표 시기 미상,,,번역서 1종 · 예: 韓国の文化遺産巡礼,포함
"Ordures de tous les pays, unissez-vous !",,기타,,발표 시기 미상,,,"번역서 1종 · 예: Ordures de tous les pays, unissez-vous !",포함
喜马拉雅诗篇,,시,,발표 시기 미상,,,번역서 1종 · 예: 喜马拉雅诗篇,포함
Les nuits de sept ans,,기타,,발표 시기 미상,,,번역서 1종 · 예: Les nuits de sept ans,포함
Jab !,,기타,,발표 시기 미상,,,번역서 1종 · 예: Jab !,포함
Море в бутылке,,기타,,발표 시기 미상,,,번역서 1종 · 예: Море в бутылке,포함
Bred from the Eyes of a Wolf,,기타,,발표 시기 미상,,,번역서 1종 · 예: Bred from the Eyes of a Wolf,포함
Au Lotus d'Or,,기타,,발표 시기 미상,,,번역서 1종 · 예: Au Lotus d'Or,포함
Vạn đời người,,기타,,발표 시기 미상,,,번역서 1종 · 예: Vạn đời người,포함
mina,,기타,,발표 시기 미상,,,번역서 1종 · 예: mina,포함
A vegetariana,,기타,,발표 시기 미상,,,번역서 1종 · 예: A vegetariana,포함
The Dog Who Dared to Dream,,기타,,발표 시기 미상,,,번역서 1종 · 예: The Dog Who Dared to Dream,포함
Fifteen Seconds Without Sorrow,,기타,,발표 시기 미상,,,번역서 1종 · 예: Fifteen Seconds Without Sorrow,포함
"Der Hund, der zu träumen wagte",,기타,,발표 시기 미상,,,"번역서 1종 · 예: Der Hund, der zu träumen wagte",포함
Saisons d’exil,,기타,,발표 시기 미상,,,번역서 1종 · 예: Saisons d’exil,포함
朝鮮儒学の巨匠たち,,기타,,발표 시기 미상,,,번역서 1종 · 예: 朝鮮儒学の巨匠たち,포함
Bonjour Pansori !,,기타,,발표 시기 미상,,,번역서 1종 · 예: Bonjour Pansori !,포함
Os cinco bandidos,,기타,,발표 시기 미상,,,번역서 1종 · 예: Os cinco bandidos,포함
The Court Dancer,,기타,,발표 시기 미상,,,번역서 1종 · 예: The Court Dancer,포함
一起抓小偷！,,기타,,발표 시기 미상,,,번역서 1종 · 예: 一起抓小偷！,포함
PING-PONG,,기타,,발표 시기 미상,,,번역서 1종 · 예: PING-PONG,포함
Timp cu poeți morți,,기타,,발표 시기 미상,,,번역서 1종 · 예: Timp cu poeți morți,포함
Mit einem Bild auf Reisen gehen Der achttägige Umzug nach Hwasong unter König Chongjo,,기타,,발표 시기 미상,,,번역서 1종 · 예: Mit einem Bild auf Reisen gehen Der achttägige Umzug nach Hwasong unter König Chongjo,포함
の日韓史,,기타,,발표 시기 미상,,,번역서 1종 · 예: の日韓史,포함
亲切的福姬,,기타,,발표 시기 미상,,,번역서 1종 · 예: 亲切的福姬,포함
LA REGOLA DEL QUADRO,,기타,,발표 시기 미상,,,번역서 1종 · 예: LA REGOLA DEL QUADRO,포함
Someone Always in the Corner of My Eye,,기타,,발표 시기 미상,,,번역서 1종 · 예: Someone Always in the Corner of My Eye,포함
La vegetariana,,기타,,발표 시기 미상,,,번역서 1종 · 예: La vegetariana,포함
Though flowers fall I have never forgotten you,,기타,,발표 시기 미상,,,번역서 1종 · 예: Though flowers fall I have never forgotten you,포함
Krása mnou pohrdá,,기타,,발표 시기 미상,,,번역서 1종 · 예: Krása mnou pohrdá,포함
A Greater Music,,기타,,발표 시기 미상,,,번역서 1종 · 예: A Greater Music,포함
Хөгширсөн гэр бүл,,기타,,발표 시기 미상,,,번역서 1종 · 예: Хөгширсөн гэр бүл,포함
别抢，我*科学：宠物带我探秘昆虫王国,,기타,,발표 시기 미상,,,번역서 1종 · 예: 别抢，我*科学：宠物带我探秘昆虫王国,포함
"别抢，我*科学：古怪的发明家""又来了""",,기타,,발표 시기 미상,,,"번역서 1종 · 예: 别抢，我*科学：古怪的发明家""又来了""",포함
别抢，我*科学,,기타,,발표 시기 미상,,,번역서 1종 · 예: 别抢，我*科学,포함
The Muslim Butcher,,기타,,발표 시기 미상,,,번역서 1종 · 예: The Muslim Butcher,포함
相会,,기타,,발표 시기 미상,,,번역서 1종 · 예: 相会,포함
Pišem v zrak,,기타,,발표 시기 미상,,,번역서 1종 · 예: Pišem v zrak,포함
The Paintings of Korean Shaman Gods,,기타,,발표 시기 미상,,,번역서 1종 · 예: The Paintings of Korean Shaman Gods,포함
Ta hand om min mor,,기타,,발표 시기 미상,,,번역서 1종 · 예: Ta hand om min mor,포함
"А, у вас нет рта",,기타,,발표 시기 미상,,,"번역서 1종 · 예: А, у вас нет рта",포함
鲑鱼,,기타,,발표 시기 미상,,,번역서 1종 · 예: 鲑鱼,포함
一百个影子,,기타,,발표 시기 미상,,,번역서 1종 · 예: 一百个影子,포함
MANGER CENT FAÇONS,,기타,,발표 시기 미상,,,번역서 1종 · 예: MANGER CENT FAÇONS,포함
Love for Imperfect Things,,기타,,발표 시기 미상,,,번역서 1종 · 예: Love for Imperfect Things,포함
库勒巴尔男爵的城堡,,기타,,발표 시기 미상,,,번역서 1종 · 예: 库勒巴尔男爵的城堡,포함
泰奧多爾24號,,기타,,발표 시기 미상,,,번역서 1종 · 예: 泰奧多爾24號,포함
Popiół i czerwień,,기타,,발표 시기 미상,,,번역서 1종 · 예: Popiół i czerwień,포함
Boire cent façons,,기타,,발표 시기 미상,,,번역서 1종 · 예: Boire cent façons,포함
白仮面,,기타,,발표 시기 미상,,,번역서 1종 · 예: 白仮面,포함
三十歲的反擊,,기타,,발표 시기 미상,,,번역서 1종 · 예: 三十歲的反擊,포함
Nana im Morgengrauen,,기타,,발표 시기 미상,,,번역서 1종 · 예: Nana im Morgengrauen,포함
Der gute Sohn,,기타,,발표 시기 미상,,,번역서 1종 · 예: Der gute Sohn,포함
Hoàng hậu Inhyeon Truyện,,기타,,발표 시기 미상,,,번역서 1종 · 예: Hoàng hậu Inhyeon Truyện,포함
ホール,,기타,,발표 시기 미상,,,번역서 1종 · 예: ホール,포함
殺人者的記憶法,,기타,,발표 시기 미상,,,번역서 1종 · 예: 殺人者的記憶法,포함
82年生まれ、キム・ジヨン,,기타,,발표 시기 미상,,,번역서 1종 · 예: 82年生まれ、キム・ジヨン,포함
小鹿島の松籟,,기타,,발표 시기 미상,,,번역서 1종 · 예: 小鹿島の松籟,포함
Prywatne życie roślin,,기타,,발표 시기 미상,,,번역서 1종 · 예: Prywatne życie roślin,포함
The Human Jungle,,기타,,발표 시기 미상,,,번역서 1종 · 예: The Human Jungle,포함
又是誰呀？,,기타,,발표 시기 미상,,,번역서 1종 · 예: 又是誰呀？,포함
Скумбрия,,기타,,발표 시기 미상,,,번역서 1종 · 예: Скумбрия,포함
すべての、白いものたちの,,기타,,발표 시기 미상,,,번역서 1종 · 예: すべての、白いものたちの,포함
Tanıdık Şeyler,,기타,,발표 시기 미상,,,번역서 1종 · 예: Tanıdık Şeyler,포함
ショウコの微笑,,기타,,발표 시기 미상,,,번역서 1종 · 예: ショウコの微笑,포함
娘について,,기타,,발표 시기 미상,,,번역서 1종 · 예: 娘について,포함
MA VIE DANS LA SUPÉRETTE,,기타,,발표 시기 미상,,,번역서 1종 · 예: MA VIE DANS LA SUPÉRETTE,포함
East Goes West,,기타,,발표 시기 미상,,,번역서 1종 · 예: East Goes West,포함
Silvery World and Other Stories,,단편소설,,발표 시기 미상,,,번역서 1종 · 예: Silvery World and Other Stories,포함
The Underground Village,,기타,,발표 시기 미상,,,번역서 1종 · 예: The Underground Village,포함
法国寻宝记,,기타,,발표 시기 미상,,,번역서 1종 · 예: 法国寻宝记,포함
印度寻宝记,,기타,,발표 시기 미상,,,번역서 1종 · 예: 印度寻宝记,포함
埃及寻宝记,,기타,,발표 시기 미상,,,번역서 1종 · 예: 埃及寻宝记,포함
伊拉克寻宝记,,기타,,발표 시기 미상,,,번역서 1종 · 예: 伊拉克寻宝记,포함
思想の月夜,,기타,,발표 시기 미상,,,번역서 1종 · 예: 思想の月夜,포함
VITA PRIVATA DI UNA NAZIONE,,기타,,발표 시기 미상,,,번역서 1종 · 예: VITA PRIVATA DI UNA NAZIONE,포함
少年が来る,,기타,,발표 시기 미상,,,번역서 1종 · 예: 少年が来る,포함
海東高僧伝,,기타,,발표 시기 미상,,,번역서 1종 · 예: 海東高僧伝,포함
Каиново семя,,기타,,발표 시기 미상,,,번역서 1종 · 예: Каиново семя,포함
BIANCA COME LA LUNA,,기타,,발표 시기 미상,,,번역서 1종 · 예: BIANCA COME LA LUNA,포함
A Letter Not Sent,,기타,,발표 시기 미상,,,번역서 1종 · 예: A Letter Not Sent,포함
我有破壞自己的權利,,기타,,발표 시기 미상,,,번역서 1종 · 예: 我有破壞自己的權利,포함
別れの谷,,기타,,발표 시기 미상,,,번역서 1종 · 예: 別れの谷,포함
UNE FAMILLE A L'ANCIENNE,,기타,,발표 시기 미상,,,번역서 1종 · 예: UNE FAMILLE A L'ANCIENNE,포함
NOUVELLES DE COREE,,단편소설,,발표 시기 미상,,,번역서 1종 · 예: NOUVELLES DE COREE,포함
今、バラを摘め,,기타,,발표 시기 미상,,,번역서 1종 · 예: 今、バラを摘め,포함
Nemes Teremtmények,,기타,,발표 시기 미상,,,번역서 1종 · 예: Nemes Teremtmények,포함
DEUX FEMMES,,기타,,발표 시기 미상,,,번역서 1종 · 예: DEUX FEMMES,포함
Hanok,,기타,,발표 시기 미상,,,번역서 1종 · 예: Hanok,포함
ADIEU LE CIRQUE!,,기타,,발표 시기 미상,,,번역서 1종 · 예: ADIEU LE CIRQUE!,포함
La pagode sans ombre,,기타,,발표 시기 미상,,,번역서 1종 · 예: La pagode sans ombre,포함
Celui qui revient,,기타,,발표 시기 미상,,,번역서 1종 · 예: Celui qui revient,포함
ウォンミドンの人々,,기타,,발표 시기 미상,,,번역서 1종 · 예: ウォンミドンの人々,포함
Des amis,,기타,,발표 시기 미상,,,번역서 1종 · 예: Des amis,포함
すいかのプール,,기타,,발표 시기 미상,,,번역서 1종 · 예: すいかのプール,포함
Hva,,기타,,발표 시기 미상,,,번역서 1종 · 예: Hva,포함
Seri Sastra Korea Abad Ke-20 Jilid 4,,기타,,발표 시기 미상,,,번역서 1종 · 예: Seri Sastra Korea Abad Ke-20 Jilid 4,포함
Seri Sastra Korea Abad Ke-20 Jilid 2,,기타,,발표 시기 미상,,,번역서 1종 · 예: Seri Sastra Korea Abad Ke-20 Jilid 2,포함
路上的家,,기타,,발표 시기 미상,,,번역서 1종 · 예: 路上的家,포함
她的眼泪使用法,,기타,,발표 시기 미상,,,번역서 1종 · 예: 她的眼泪使用法,포함
Philosophy of The Nest,,기타,,발표 시기 미상,,,번역서 1종 · 예: Philosophy of The Nest,포함
Prinsesse Bari,,기타,,발표 시기 미상,,,번역서 1종 · 예: Prinsesse Bari,포함
TA VARE PÅ MAMMA,,기타,,발표 시기 미상,,,번역서 1종 · 예: TA VARE PÅ MAMMA,포함
The Future of Silence,,기타,,발표 시기 미상,,,번역서 1종 · 예: The Future of Silence,포함
Levende og døde,,기타,,발표 시기 미상,,,번역서 1종 · 예: Levende og døde,포함
Jeg kommer med en gang,,기타,,발표 시기 미상,,,번역서 1종 · 예: Jeg kommer med en gang,포함
Historien om den trofaste Ch'unhyang,,기타,,발표 시기 미상,,,번역서 1종 · 예: Historien om den trofaste Ch'unhyang,포함
La République d'Užupis,,기타,,발표 시기 미상,,,번역서 1종 · 예: La République d'Užupis,포함
Lịch sử Hàn Quốc trên bàn ăn,,기타,,발표 시기 미상,,,번역서 1종 · 예: Lịch sử Hàn Quốc trên bàn ăn,포함
De Vegetariër,,기타,,발표 시기 미상,,,번역서 1종 · 예: De Vegetariër,포함
L'ART DE LA CONTROVERSE,,기타,,발표 시기 미상,,,번역서 1종 · 예: L'ART DE LA CONTROVERSE,포함
Le Phare,,기타,,발표 시기 미상,,,번역서 1종 · 예: Le Phare,포함
UN JOUR DE CHANCE,,기타,,발표 시기 미상,,,번역서 1종 · 예: UN JOUR DE CHANCE,포함
No Flower Blooms Without Wavering,,기타,,발표 시기 미상,,,번역서 1종 · 예: No Flower Blooms Without Wavering,포함
やさしい韓国文化の話52,,기타,,발표 시기 미상,,,번역서 1종 · 예: やさしい韓国文化の話52,포함
The Story of Hong Gildong,,기타,,발표 시기 미상,,,번역서 1종 · 예: The Story of Hong Gildong,포함
Kde kvete tráva,,기타,,발표 시기 미상,,,번역서 1종 · 예: Kde kvete tráva,포함
Прекрасное меня презирает,,기타,,발표 시기 미상,,,번역서 1종 · 예: Прекрасное меня презирает,포함
Breve historia de la literatura coreana,,기타,,발표 시기 미상,,,번역서 1종 · 예: Breve historia de la literatura coreana,포함
A GALAXY OF WHALE POEMS,,시,,발표 시기 미상,,,번역서 1종 · 예: A GALAXY OF WHALE POEMS,포함
Kwon Sun-chan and Nice People,,기타,,발표 시기 미상,,,번역서 1종 · 예: Kwon Sun-chan and Nice People,포함
The World's Most Expensive Novel,,장편소설,,발표 시기 미상,,,번역서 1종 · 예: The World's Most Expensive Novel,포함
Zápisky za hranicí uvěřitelného,,기타,,발표 시기 미상,,,번역서 1종 · 예: Zápisky za hranicí uvěřitelného,포함
LA FORÊT DE L’OUEST,,기타,,발표 시기 미상,,,번역서 1종 · 예: LA FORÊT DE L’OUEST,포함
If my tongue refuses to remain in my mouth,,기타,,발표 시기 미상,,,번역서 1종 · 예: If my tongue refuses to remain in my mouth,포함
INTRODUCTION À LA LiTTÉRATURE CORÉENNE du XXe siècle,,기타,,발표 시기 미상,,,번역서 1종 · 예: INTRODUCTION À LA LiTTÉRATURE CORÉENNE du XXe siècle,포함
Le bois sec refleuri,,기타,,발표 시기 미상,,,번역서 1종 · 예: Le bois sec refleuri,포함
やいばと陽射し,,기타,,발표 시기 미상,,,번역서 1종 · 예: やいばと陽射し,포함
漢京識略,,기타,,발표 시기 미상,,,번역서 1종 · 예: 漢京識略,포함
文藝 2018 秋,,기타,,발표 시기 미상,,,번역서 1종 · 예: 文藝 2018 秋,포함
ONADA BLAVA,,기타,,발표 시기 미상,,,번역서 1종 · 예: ONADA BLAVA,포함
你好，保羅,,기타,,발표 시기 미상,,,번역서 1종 · 예: 你好，保羅,포함
是誰呀？,,기타,,발표 시기 미상,,,번역서 1종 · 예: 是誰呀？,포함
特別的朋友們,,기타,,발표 시기 미상,,,번역서 1종 · 예: 特別的朋友們,포함
Thành phố với những người quen xa lạ,,기타,,발표 시기 미상,,,번역서 1종 · 예: Thành phố với những người quen xa lạ,포함
"Der Fisch, der zu den sternen schwimmen wollte",,기타,,발표 시기 미상,,,"번역서 1종 · 예: Der Fisch, der zu den sternen schwimmen wollte",포함
今天与明天的歌,,기타,,발표 시기 미상,,,번역서 1종 · 예: 今天与明天的歌,포함
Cine a mâncat toată shinga?,,기타,,발표 시기 미상,,,번역서 1종 · 예: Cine a mâncat toată shinga?,포함
RELATOS,,기타,,발표 시기 미상,,,번역서 1종 · 예: RELATOS,포함
電梯,,기타,,발표 시기 미상,,,번역서 1종 · 예: 電梯,포함
ENCOURAGEZ DONC LES GARCONS,,기타,,발표 시기 미상,,,번역서 1종 · 예: ENCOURAGEZ DONC LES GARCONS,포함
Mensenwerk,,기타,,발표 시기 미상,,,번역서 1종 · 예: Mensenwerk,포함
من کیهستم؟,,기타,,발표 시기 미상,,,번역서 1종 · 예: من کیهستم؟,포함
سرزمین ققنوس,,기타,,발표 시기 미상,,,번역서 1종 · 예: سرزمین ققنوس,포함
口碑文学概论,,기타,,발표 시기 미상,,,번역서 1종 · 예: 口碑文学概论,포함
Кит,,기타,,발표 시기 미상,,,번역서 1종 · 예: Кит,포함
ENDLESS BLUE SKY,,기타,,발표 시기 미상,,,번역서 1종 · 예: ENDLESS BLUE SKY,포함
Han in the upper left,,기타,,발표 시기 미상,https://library.ltikorea.or.kr/translatedbooks/22589,,번역서 2종 · 영어 · 예: Han in the upper left,포함
文学ムック たべるのがおそい,,기타,,발표 시기 미상,,,번역서 1종 · 예: 文学ムック たべるのがおそい,포함
李光洙- 韓国近代文学の祖と「親日」の烙印,,기타,,발표 시기 미상,,,번역서 1종 · 예: 李光洙- 韓国近代文学の祖と「親日」の烙印,포함
Бахтли инсон соатга қарамайди,,기타,,발표 시기 미상,,,번역서 1종 · 예: Бахтли инсон соатга қарамайди,포함
СЫН ЧЕЛОВЕКА,,기타,,발표 시기 미상,,,번역서 1종 · 예: СЫН ЧЕЛОВЕКА,포함
Сборник стихов Сонгана (Поэзия Сосновой Реки),,기타,,발표 시기 미상,,,번역서 1종 · 예: Сборник стихов Сонгана (Поэзия Сосновой Реки),포함
Asia Literary Review,,기타,,발표 시기 미상,,,번역서 1종 · 예: Asia Literary Review,포함
丁若镛,,기타,,발표 시기 미상,,,번역서 1종 · 예: 丁若镛,포함
Poems by Kim Hyun,,시,,발표 시기 미상,,,번역서 1종 · 예: Poems by Kim Hyun,포함
Poems by Ahn Sang-Hak,,시,,발표 시기 미상,,,번역서 1종 · 예: Poems by Ahn Sang-Hak,포함
ДЕЙСТВИТЕЛЬНО ЛИ БЫЛА ТА ГОРА?,,기타,,발표 시기 미상,,,번역서 1종 · 예: ДЕЙСТВИТЕЛЬНО ЛИ БЫЛА ТА ГОРА?,포함
La Porta,,기타,,발표 시기 미상,,,번역서 1종 · 예: La Porta,포함
ひとり,,기타,,발표 시기 미상,,,번역서 1종 · 예: ひとり,포함
Torz Hösünk,,기타,,발표 시기 미상,,,번역서 1종 · 예: Torz Hösünk,포함
現代詩手帖 2015年 9月号,,시,,발표 시기 미상,,,번역서 1종 · 예: 現代詩手帖 2015年 9月号,포함
羞恥,,기타,,발표 시기 미상,,,번역서 1종 · 예: 羞恥,포함
Chemins de méditation,,기타,,발표 시기 미상,,,번역서 1종 · 예: Chemins de méditation,포함
物種起源,,기타,,발표 시기 미상,,,번역서 1종 · 예: 物種起源,포함
Я - Виктор Цой,,기타,,발표 시기 미상,,,번역서 1종 · 예: Я - Виктор Цой,포함
Parodymai,,기타,,발표 시기 미상,,,번역서 1종 · 예: Parodymai,포함
At dusk,,기타,,발표 시기 미상,,,번역서 1종 · 예: At dusk,포함
A Contrived World,,기타,,발표 시기 미상,,,번역서 1종 · 예: A Contrived World,포함
La belleza me desprecia,,기타,,발표 시기 미상,,,번역서 1종 · 예: La belleza me desprecia,포함
Poor Love Machine,,기타,,발표 시기 미상,,,번역서 1종 · 예: Poor Love Machine,포함
پیرزن و ببر,,기타,,발표 시기 미상,,,번역서 1종 · 예: پیرزن و ببر,포함
"Тот жил, кто одинок бывал",,기타,,발표 시기 미상,,,"번역서 1종 · 예: Тот жил, кто одинок бывал",포함
HƏYATIMI MƏHV ETMƏYA HAQQIM VAR,,기타,,발표 시기 미상,,,번역서 1종 · 예: HƏYATIMI MƏHV ETMƏYA HAQQIM VAR,포함
The good son,,기타,,발표 시기 미상,,,번역서 1종 · 예: The good son,포함
承孝相建筑档案,,기타,,발표 시기 미상,,,번역서 1종 · 예: 承孝相建筑档案,포함
The Colors of Dawn,,기타,,발표 시기 미상,,,번역서 1종 · 예: The Colors of Dawn,포함
قصه نقطه,,기타,,발표 시기 미상,,,번역서 1종 · 예: قصه نقطه,포함
لباس سال نو,,기타,,발표 시기 미상,,,번역서 1종 · 예: لباس سال نو,포함
現代詩手帖 2015年 10月号,,시,,발표 시기 미상,,,번역서 1종 · 예: 現代詩手帖 2015年 10月号,포함
LES OMBRES DU LUNDI,,기타,,발표 시기 미상,,,번역서 1종 · 예: LES OMBRES DU LUNDI,포함
生姜,,기타,,발표 시기 미상,,,번역서 1종 · 예: 生姜,포함
某天 早晨,,기타,,발표 시기 미상,,,번역서 1종 · 예: 某天 早晨,포함
夏天，尸體到底在哪裡？,,기타,,발표 시기 미상,,,번역서 1종 · 예: 夏天，尸體到底在哪裡？,포함
死者的審判,,기타,,발표 시기 미상,,,번역서 1종 · 예: 死者的審判,포함
A LION AT THREE IN THE MORNING,,기타,,발표 시기 미상,,,번역서 1종 · 예: A LION AT THREE IN THE MORNING,포함
Sunset,,기타,,발표 시기 미상,,,번역서 1종 · 예: Sunset,포함
时光扁舟,,기타,,발표 시기 미상,,,번역서 1종 · 예: 时光扁舟,포함
Эгшинд найдах үе ч бий,,기타,,발표 시기 미상,,,번역서 1종 · 예: Эгшинд найдах үе ч бий,포함
Vaseline Buddha,,기타,,발표 시기 미상,,,번역서 2종 · 예: Vaseline Buddha,포함
Olympic Boulevard,,기타,,발표 시기 미상,,,번역서 1종 · 예: Olympic Boulevard,포함
HISTORIA DE LA LITERATURA COREANA DE LA EDAD ANTIGUA AL SIGLO XIX,,기타,,발표 시기 미상,,,번역서 1종 · 예: HISTORIA DE LA LITERATURA COREANA DE LA EDAD ANTIGUA AL SIGLO XIX,포함
ワンダーボーイ,,기타,,발표 시기 미상,,,번역서 1종 · 예: ワンダーボーイ,포함
La Remontrance du tigre,,기타,,발표 시기 미상,,,번역서 1종 · 예: La Remontrance du tigre,포함
АМЬДАРНА ГЭДЭГ НЬ,,기타,,발표 시기 미상,,,번역서 1종 · 예: АМЬДАРНА ГЭДЭГ НЬ,포함
Un monde dénaturé,,기타,,발표 시기 미상,,,번역서 1종 · 예: Un monde dénaturé,포함
CON LA SED ARDIENTE,,기타,,발표 시기 미상,,,번역서 1종 · 예: CON LA SED ARDIENTE,포함
"Ah, Mouthless Things",,기타,,발표 시기 미상,,,"번역서 1종 · 예: Ah, Mouthless Things",포함
Paysage d'hiver,,기타,,발표 시기 미상,,,번역서 1종 · 예: Paysage d'hiver,포함
喜歡小房子：我家不是豪宅，但很舒服,,기타,,발표 시기 미상,,,번역서 1종 · 예: 喜歡小房子：我家不是豪宅，但很舒服,포함
印度團團轉,,기타,,발표 시기 미상,,,번역서 1종 · 예: 印度團團轉,포함
In der Natur Pungryu genießen,,기타,,발표 시기 미상,,,번역서 1종 · 예: In der Natur Pungryu genießen,포함
总想逃家的孩子,,기타,,발표 시기 미상,,,번역서 1종 · 예: 总想逃家的孩子,포함
The Book of Korean Poetry: Chosŏn Dynasty,,시,,발표 시기 미상,,,번역서 1종 · 예: The Book of Korean Poetry: Chosŏn Dynasty,포함
Kënga e shigjetave,,기타,,발표 시기 미상,,,번역서 1종 · 예: Kënga e shigjetave,포함
"El guardia, el poeta y el prisionero",,기타,,발표 시기 미상,,,"번역서 1종 · 예: El guardia, el poeta y el prisionero",포함
哥哥回来了,,기타,,발표 시기 미상,,,번역서 1종 · 예: 哥哥回来了,포함
7 năm bóng tối,,기타,,발표 시기 미상,,,번역서 1종 · 예: 7 năm bóng tối,포함
Über den Arirang-Hügel,,기타,,발표 시기 미상,,,번역서 1종 · 예: Über den Arirang-Hügel,포함
ピンポン,,기타,,발표 시기 미상,,,번역서 1종 · 예: ピンポン,포함
PAVANA PER UNA PRINCIPESSA DEFUNTA,,기타,,발표 시기 미상,,,번역서 1종 · 예: PAVANA PER UNA PRINCIPESSA DEFUNTA,포함
Comment ma femme s'est mariée,,기타,,발표 시기 미상,,,번역서 1종 · 예: Comment ma femme s'est mariée,포함
آدابکرهای چای,,기타,,발표 시기 미상,,,번역서 1종 · 예: آدابکرهای چای,포함
被遺忘的疑問,,기타,,발표 시기 미상,,,번역서 1종 · 예: 被遺忘的疑問,포함
Mumiengrab,,기타,,발표 시기 미상,,,번역서 1종 · 예: Mumiengrab,포함
Nossas Horas Felizes,,기타,,발표 시기 미상,,,번역서 1종 · 예: Nossas Horas Felizes,포함
Prenditi cura di lei,,기타,,발표 시기 미상,,,번역서 1종 · 예: Prenditi cura di lei,포함
京城のダダ、東京のダダ,,기타,,발표 시기 미상,,,번역서 1종 · 예: 京城のダダ、東京のダダ,포함
30年后你拿什么養活自己 3,,기타,,발표 시기 미상,,,번역서 1종 · 예: 30年后你拿什么養活自己 3,포함
Histoire de Sukhyang Dame Vertueuse,,기타,,발표 시기 미상,,,번역서 1종 · 예: Histoire de Sukhyang Dame Vertueuse,포함
Nhàn Trung Lục,,기타,,발표 시기 미상,,,번역서 1종 · 예: Nhàn Trung Lục,포함
Солонгосоор баясахуй,,기타,,발표 시기 미상,,,번역서 1종 · 예: Солонгосоор баясахуй,포함
Vår förvridne hjälte,,기타,,발표 시기 미상,,,번역서 1종 · 예: Vår förvridne hjälte,포함
韓国の自然主義文学,,기타,,발표 시기 미상,,,번역서 1종 · 예: 韓国の自然主義文学,포함
從不相信到相信,,기타,,발표 시기 미상,,,번역서 1종 · 예: 從不相信到相信,포함
「在日朝鮮人文学史」のために,,기타,,발표 시기 미상,,,번역서 1종 · 예: 「在日朝鮮人文学史」のために,포함
Flores Mias Que Nunca Las He Visto,,기타,,발표 시기 미상,,,번역서 1종 · 예: Flores Mias Que Nunca Las He Visto,포함
ガラス体を貫通する,,기타,,발표 시기 미상,,,번역서 1종 · 예: ガラス体を貫通する,포함
関釜連絡船 (下),,기타,,발표 시기 미상,,,번역서 1종 · 예: 関釜連絡船 (下),포함
"Tu m'aimes donc, Sonyong?",,기타,,발표 시기 미상,,,"번역서 1종 · 예: Tu m'aimes donc, Sonyong?",포함
"因为痛, 所以叫青春",,기타,,발표 시기 미상,,,"번역서 1종 · 예: 因为痛, 所以叫青春",포함
CRÉPUSCULES,,기타,,발표 시기 미상,,,번역서 1종 · 예: CRÉPUSCULES,포함
韩国第一美魔女的逆龄神技,,기타,,발표 시기 미상,,,번역서 1종 · 예: 韩国第一美魔女的逆龄神技,포함
Una flor de loto en el ojo de un cangrejo,,기타,,발표 시기 미상,,,번역서 1종 · 예: Una flor de loto en el ojo de un cangrejo,포함
К НАРЦИССУ,,기타,,발표 시기 미상,,,번역서 1종 · 예: К НАРЦИССУ,포함
Les recherches du professeur K et autres nouvelles,,단편소설,,발표 시기 미상,,,번역서 1종 · 예: Les recherches du professeur K et autres nouvelles,포함
満州夫人,,기타,,발표 시기 미상,,,번역서 1종 · 예: 満州夫人,포함
Familiar Things,,기타,,발표 시기 미상,,,번역서 1종 · 예: Familiar Things,포함
Vejetaryen,,기타,,발표 시기 미상,,,번역서 1종 · 예: Vejetaryen,포함
植民地の腹話術師たち,,기타,,발표 시기 미상,,,번역서 1종 · 예: 植民地の腹話術師たち,포함
Моя Бонсун,,기타,,발표 시기 미상,,,번역서 1종 · 예: Моя Бонсун,포함
Девушка конец света,,기타,,발표 시기 미상,,,번역서 1종 · 예: Девушка конец света,포함
I Must Be the Wind,,기타,,발표 시기 미상,,,번역서 1종 · 예: I Must Be the Wind,포함
Grasshoppers's Eyes: Poems,,시,,발표 시기 미상,,,번역서 1종 · 예: Grasshoppers's Eyes: Poems,포함
Tong,,기타,,발표 시기 미상,,,번역서 1종 · 예: Tong,포함
土地 2,,기타,,발표 시기 미상,,,번역서 1종 · 예: 土地 2,포함
土地 3,,기타,,발표 시기 미상,,,번역서 1종 · 예: 土地 3,포함
土地 6,,기타,,발표 시기 미상,,,번역서 1종 · 예: 土地 6,포함
土地 7,,기타,,발표 시기 미상,,,번역서 1종 · 예: 土地 7,포함
土地 8,,기타,,발표 시기 미상,,,번역서 1종 · 예: 土地 8,포함
CUENTOS DE LA NOCHE ESCALOFRIANTE,,단편소설,,발표 시기 미상,,,번역서 1종 · 예: CUENTOS DE LA NOCHE ESCALOFRIANTE,포함
Korean Buddhism,,기타,,발표 시기 미상,,,번역서 1종 · 예: Korean Buddhism,포함
Чудо мальчик,,기타,,발표 시기 미상,,,번역서 1종 · 예: Чудо мальчик,포함
韩国的传统戏剧,,희곡,,발표 시기 미상,,,번역서 1종 · 예: 韩国的传统戏剧,포함
Au paradis,,기타,,발표 시기 미상,,,번역서 1종 · 예: Au paradis,포함
Vegetarian,,기타,,발표 시기 미상,,,번역서 1종 · 예: Vegetarian,포함
韓国古小説の女たち,,기타,,발표 시기 미상,,,번역서 1종 · 예: 韓国古小説の女たち,포함
日本の中の朝鮮をゆく 1,,기타,,발표 시기 미상,,,번역서 1종 · 예: 日本の中の朝鮮をゆく 1,포함
BỐ CON CÁ GAI,,기타,,발표 시기 미상,,,번역서 1종 · 예: BỐ CON CÁ GAI,포함
Free Food for Millionaires,,기타,,발표 시기 미상,,,번역서 1종 · 예: Free Food for Millionaires,포함
Hefte für Ostasiatische Literatur 60,,기타,,발표 시기 미상,,,번역서 1종 · 예: Hefte für Ostasiatische Literatur 60,포함
你的夢想是什麼,,기타,,발표 시기 미상,,,번역서 1종 · 예: 你的夢想是什麼,포함
"沒試100次,別說你有夢想",,기타,,발표 시기 미상,,,"번역서 1종 · 예: 沒試100次,別說你有夢想",포함
需要哲學陪伴的時間,,기타,,발표 시기 미상,,,번역서 1종 · 예: 需要哲學陪伴的時間,포함
Stille der Blüten,,기타,,발표 시기 미상,,,번역서 1종 · 예: Stille der Blüten,포함
Trưởng thành sau ngàn lần tranh đấu,,기타,,발표 시기 미상,,,번역서 1종 · 예: Trưởng thành sau ngàn lần tranh đấu,포함
Chàng trai vườn nho,,기타,,발표 시기 미상,,,번역서 1종 · 예: Chàng trai vườn nho,포함
Flor Negra,,기타,,발표 시기 미상,,,번역서 1종 · 예: Flor Negra,포함
Nasz skrzywiony bohater,,기타,,발표 시기 미상,,,번역서 1종 · 예: Nasz skrzywiony bohater,포함
浪漫之爱与社会,,기타,,발표 시기 미상,,,번역서 1종 · 예: 浪漫之爱与社会,포함
A Korean Poet's Songs of the Motherland's Reunification,,기타,,발표 시기 미상,,,번역서 1종 · 예: A Korean Poet's Songs of the Motherland's Reunification,포함
Lịch sử triết học phương Đông viết cho thanh thiếu niên,,기타,,발표 시기 미상,,,번역서 1종 · 예: Lịch sử triết học phương Đông viết cho thanh thiếu niên,포함
"Dù con sống thế nào, mẹ cũng luôn ủng hộ",,기타,,발표 시기 미상,,,"번역서 1종 · 예: Dù con sống thế nào, mẹ cũng luôn ủng hộ",포함
Cá hồi,,기타,,발표 시기 미상,,,번역서 1종 · 예: Cá hồi,포함
Korean Short Stories,,단편소설,,발표 시기 미상,,,번역서 1종 · 예: Korean Short Stories,포함
Lost Names,,기타,,발표 시기 미상,,,번역서 1종 · 예: Lost Names,포함
Eerie Tales from Old Korea,,기타,,발표 시기 미상,,,번역서 1종 · 예: Eerie Tales from Old Korea,포함
The Korean Way of Tea,,기타,,발표 시기 미상,,,번역서 1종 · 예: The Korean Way of Tea,포함
MẸ XẤU,,기타,,발표 시기 미상,,,번역서 1종 · 예: MẸ XẤU,포함
Cô Gái Viết Nỗi Cô Đơn,,기타,,발표 시기 미상,,,번역서 1종 · 예: Cô Gái Viết Nỗi Cô Đơn,포함
Những tháng năm rực rỡ,,기타,,발표 시기 미상,,,번역서 1종 · 예: Những tháng năm rực rỡ,포함
CÁ VOI ĐỈNH NÚI,,기타,,발표 시기 미상,,,번역서 1종 · 예: CÁ VOI ĐỈNH NÚI,포함
LAND 4,,기타,,발표 시기 미상,,,번역서 1종 · 예: LAND 4,포함
Chuyện Kể Trăng Nghe,,기타,,발표 시기 미상,,,번역서 1종 · 예: Chuyện Kể Trăng Nghe,포함
Abendrot,,기타,,발표 시기 미상,,,번역서 1종 · 예: Abendrot,포함
Разговор с непознат,,기타,,발표 시기 미상,,,번역서 1종 · 예: Разговор с непознат,포함
파친코,,기타,,발표 시기 미상,,,번역서 1종 · 예: 파친코,포함
"Le garde, le poète et le prisonnier",,기타,,발표 시기 미상,,,"번역서 1종 · 예: Le garde, le poète et le prisonnier",포함
Il poeta e il negromante,,기타,,발표 시기 미상,,,번역서 1종 · 예: Il poeta e il negromante,포함
Dvärgen som sköt upp en liten kula,,기타,,발표 시기 미상,,,번역서 1종 · 예: Dvärgen som sköt upp en liten kula,포함
A Unique Banchado,,기타,,발표 시기 미상,,,번역서 1종 · 예: A Unique Banchado,포함
Le dernier témoin,,기타,,발표 시기 미상,,,번역서 1종 · 예: Le dernier témoin,포함
Sansa,,기타,,발표 시기 미상,,,번역서 1종 · 예: Sansa,포함
L' autre côté d'un souvenir obscur(2002),,기타,,발표 시기 미상,,,번역서 1종 · 예: L' autre côté d'un souvenir obscur(2002),포함
Транссибирские ночи,,기타,,발표 시기 미상,,,번역서 1종 · 예: Транссибирские ночи,포함
Secrets,,기타,,발표 시기 미상,,,번역서 1종 · 예: Secrets,포함
La fiesta,,기타,,발표 시기 미상,,,번역서 1종 · 예: La fiesta,포함
皇太子妃,,기타,,발표 시기 미상,,,번역서 1종 · 예: 皇太子妃,포함
優しい嘘,,기타,,발표 시기 미상,,,번역서 1종 · 예: 優しい嘘,포함
Vegetariánka,,기타,,발표 시기 미상,,,번역서 1종 · 예: Vegetariánka,포함
噗通噗通我的人生,,기타,,발표 시기 미상,,,번역서 1종 · 예: 噗通噗通我的人生,포함
Io ci sarò,,기타,,발표 시기 미상,,,번역서 1종 · 예: Io ci sarò,포함
Freude am Leben,,기타,,발표 시기 미상,,,번역서 1종 · 예: Freude am Leben,포함
The boy who escaped paradise,,기타,,발표 시기 미상,,,번역서 1종 · 예: The boy who escaped paradise,포함
Ce que l’on voit en s’arrêtant,,기타,,발표 시기 미상,,,번역서 1종 · 예: Ce que l’on voit en s’arrêtant,포함
Modern Family,,기타,,발표 시기 미상,,,번역서 1종 · 예: Modern Family,포함
ЦААС,,기타,,발표 시기 미상,,,번역서 1종 · 예: ЦААС,포함
LAND 2,,기타,,발표 시기 미상,,,번역서 1종 · 예: LAND 2,포함
Contos da Tartaruga Dourada,,기타,,발표 시기 미상,,,번역서 1종 · 예: Contos da Tartaruga Dourada,포함
СҮВОН ХОТЫН ӨМНӨД ХААЛГАНЫ ТОЛГОД,,기타,,발표 시기 미상,,,번역서 1종 · 예: СҮВОН ХОТЫН ӨМНӨД ХААЛГАНЫ ТОЛГОД,포함
Beauty Looks Down on Me,,기타,,발표 시기 미상,,,번역서 1종 · 예: Beauty Looks Down on Me,포함
Vegetarianen,,기타,,발표 시기 미상,,,번역서 1종 · 예: Vegetarianen,포함
Levande och döda,,기타,,발표 시기 미상,,,번역서 1종 · 예: Levande och döda,포함
Ihre Art des Weinens,,기타,,발표 시기 미상,,,번역서 1종 · 예: Ihre Art des Weinens,포함
Loď pokladů,,기타,,발표 시기 미상,,,번역서 1종 · 예: Loď pokladů,포함
いまは静かな時 韓国現代文学選集,,기타,,발표 시기 미상,,,번역서 1종 · 예: いまは静かな時 韓国現代文学選集,포함
土地 1,,기타,,발표 시기 미상,,,번역서 1종 · 예: 土地 1,포함
Windbestattung,,기타,,발표 시기 미상,,,번역서 1종 · 예: Windbestattung,포함
Một Trăm Cái Bóng,,기타,,발표 시기 미상,,,번역서 1종 · 예: Một Trăm Cái Bóng,포함
CHIẾC THANG CAO MÀU XANH,,기타,,발표 시기 미상,,,번역서 1종 · 예: CHIẾC THANG CAO MÀU XANH,포함
СОЛОНГОС АРДЫН ШИЛМЭЛ ЗУУН ҮЛГЭР (I дэвтэр),,기타,,발표 시기 미상,,,번역서 1종 · 예: СОЛОНГОС АРДЫН ШИЛМЭЛ ЗУУН ҮЛГЭР (I дэвтэр),포함
Kirchenarchitekt Alwin Schmid,,기타,,발표 시기 미상,,,번역서 1종 · 예: Kirchenarchitekt Alwin Schmid,포함
こびとが打ち上げた小さなボール,,기타,,발표 시기 미상,,,번역서 1종 · 예: こびとが打ち上げた小さなボール,포함
祥子的微笑,,기타,,발표 시기 미상,,,번역서 1종 · 예: 祥子的微笑,포함
種の起源,,기타,,발표 시기 미상,,,번역서 1종 · 예: 種の起源,포함
Anam sənə əmanət,,기타,,발표 시기 미상,,,번역서 1종 · 예: Anam sənə əmanət,포함
The Impossible Fairy Tale,,동화,,발표 시기 미상,,,번역서 1종 · 예: The Impossible Fairy Tale,포함
"Poems of Kim Yideum, Kim Haengsook, & Kim Min Jeong",,시,,발표 시기 미상,,,"번역서 1종 · 예: Poems of Kim Yideum, Kim Haengsook, & Kim Min Jeong",포함
Cảm ơn tất cả,,기타,,발표 시기 미상,,,번역서 1종 · 예: Cảm ơn tất cả,포함
Im Schatten der Stille,,기타,,발표 시기 미상,,,번역서 1종 · 예: Im Schatten der Stille,포함
La Gallina Que Soñaba Con Volar,,기타,,발표 시기 미상,,,번역서 1종 · 예: La Gallina Que Soñaba Con Volar,포함
Wolves,,기타,,발표 시기 미상,,,번역서 1종 · 예: Wolves,포함
The Amusing Life,,기타,,발표 시기 미상,,,번역서 1종 · 예: The Amusing Life,포함
Die Lotos Blüte,,기타,,발표 시기 미상,,,번역서 1종 · 예: Die Lotos Blüte,포함
"Prašau, pasirūpink mama",,기타,,발표 시기 미상,,,"번역서 1종 · 예: Prašau, pasirūpink mama",포함
El hombre gris,,기타,,발표 시기 미상,,,번역서 1종 · 예: El hombre gris,포함
Gümüş Somon’Un Büyük Yolculuğu,,기타,,발표 시기 미상,,,번역서 1종 · 예: Gümüş Somon’Un Büyük Yolculuğu,포함
Истории и легенди за Трите корейски царства,,기타,,발표 시기 미상,,,번역서 1종 · 예: Истории и легенди за Трите корейски царства,포함
Una Vita ready-made e altri racconti,,단편소설,,발표 시기 미상,,,번역서 1종 · 예: Una Vita ready-made e altri racconti,포함
Hunden som vågade drömma,,기타,,발표 시기 미상,,,번역서 1종 · 예: Hunden som vågade drömma,포함
Nana à l'aube,,기타,,발표 시기 미상,,,번역서 1종 · 예: Nana à l'aube,포함
I'll Go On,,기타,,발표 시기 미상,,,번역서 1종 · 예: I'll Go On,포함
DIE PLOTTER,,기타,,발표 시기 미상,,,번역서 1종 · 예: DIE PLOTTER,포함
星期天日式火锅餐厅,,기타,,발표 시기 미상,,,번역서 1종 · 예: 星期天日式火锅餐厅,포함
Thác mặt trời,,기타,,발표 시기 미상,,,번역서 1종 · 예: Thác mặt trời,포함
韓国人のこころとくらし,,기타,,발표 시기 미상,,,번역서 1종 · 예: 韓国人のこころとくらし,포함
サパにて,,기타,,발표 시기 미상,,,번역서 1종 · 예: サパにて,포함
Hefte für Ostasiatische Literatur 43,,기타,,발표 시기 미상,,,번역서 1종 · 예: Hefte für Ostasiatische Literatur 43,포함
モレ村の子どもたち,,기타,,발표 시기 미상,,,번역서 1종 · 예: モレ村の子どもたち,포함
Hefte für ostasiatische Literatur (51.Die Langsamkeit der Literatur in einer schnellen Zeit),,기타,,발표 시기 미상,,,번역서 1종 · 예: Hefte für ostasiatische Literatur (51.Die Langsamkeit der Literatur in einer schnellen Zeit),포함
Hefte für ostasiatische Literatur 52,,기타,,발표 시기 미상,,,번역서 1종 · 예: Hefte für ostasiatische Literatur 52,포함
キジのかあさん,,기타,,발표 시기 미상,,,번역서 1종 · 예: キジのかあさん,포함
ハル哲学する犬,,기타,,발표 시기 미상,,,번역서 1종 · 예: ハル哲学する犬,포함
おばけのウンチ (いま読もう!韓国ベスト読みもの),,기타,,발표 시기 미상,,,번역서 1종 · 예: おばけのウンチ (いま読もう!韓国ベスト読みもの),포함
こだぬきさんちのはるむかえ,,기타,,발표 시기 미상,,,번역서 1종 · 예: こだぬきさんちのはるむかえ,포함
Hefte für ostasiatische Literatur 61,,기타,,발표 시기 미상,,,번역서 1종 · 예: Hefte für ostasiatische Literatur 61,포함
Hefte für ostasiatische Literatur NR. 63,,기타,,발표 시기 미상,,,번역서 1종 · 예: Hefte für ostasiatische Literatur NR. 63,포함
黄牛のおくりもの,,기타,,발표 시기 미상,,,번역서 1종 · 예: 黄牛のおくりもの,포함
庭を出ためんどり,,기타,,발표 시기 미상,,,번역서 1종 · 예: 庭を出ためんどり,포함
こいぬのうんち,,기타,,발표 시기 미상,,,번역서 1종 · 예: こいぬのうんち,포함
あなぐまさんちのはなばたけ,,기타,,발표 시기 미상,,,번역서 1종 · 예: あなぐまさんちのはなばたけ,포함
رسائل إلى صديق شاب,,기타,,발표 시기 미상,,,번역서 1종 · 예: رسائل إلى صديق شاب,포함
الأمل وحيدا,,기타,,발표 시기 미상,,,번역서 1종 · 예: الأمل وحيدا,포함
わたしたちが光の速さで進めないなら,,기타,,발표 시기 미상,,,번역서 1종 · 예: わたしたちが光の速さで進めないなら,포함
追爱症候群 2,,기타,,발표 시기 미상,,,번역서 1종 · 예: 追爱症候群 2,포함
追爱症候群 3,,기타,,발표 시기 미상,,,번역서 1종 · 예: 追爱症候群 3,포함
ホモセパラトス,,기타,,발표 시기 미상,,,번역서 1종 · 예: ホモセパラトス,포함
The Library of Musical Instruments,,기타,,발표 시기 미상,,,번역서 1종 · 예: The Library of Musical Instruments,포함
Mannequin,,기타,,발표 시기 미상,,,번역서 1종 · 예: Mannequin,포함
Ein Fischer bricht das Schilfrohr nicht,,기타,,발표 시기 미상,,,번역서 1종 · 예: Ein Fischer bricht das Schilfrohr nicht,포함
冠村随筆,,기타,,발표 시기 미상,,,번역서 1종 · 예: 冠村随筆,포함
Histoires insolites de Corée,,기타,,발표 시기 미상,,,번역서 1종 · 예: Histoires insolites de Corée,포함
関釜連絡船 (上),,기타,,발표 시기 미상,,,번역서 1종 · 예: 関釜連絡船 (上),포함
不平靜的半島：海洋與大陸勢力的五百年競逐,,기타,,발표 시기 미상,,,번역서 1종 · 예: 不平靜的半島：海洋與大陸勢力的五百年競逐,포함
韓国映画100年史,,기타,,발표 시기 미상,,,번역서 1종 · 예: 韓国映画100年史,포함
乾浄筆譚 1,,기타,,발표 시기 미상,,,번역서 1종 · 예: 乾浄筆譚 1,포함
乾浄筆譚 2,,기타,,발표 시기 미상,,,번역서 1종 · 예: 乾浄筆譚 2,포함
Autobiography of Death,,기타,,발표 시기 미상,,,번역서 1종 · 예: Autobiography of Death,포함
Ma mémoire assassine,,기타,,발표 시기 미상,,,번역서 1종 · 예: Ma mémoire assassine,포함
The Worm Poet,,기타,,발표 시기 미상,,,번역서 1종 · 예: The Worm Poet,포함
SF-Consensus,,소설,,발표 시기 미상,,,번역서 1종 · 예: SF-Consensus,포함
СТУДИИ ПО КОРЕИСТИКА КНИГА 10,,기타,,발표 시기 미상,,,번역서 1종 · 예: СТУДИИ ПО КОРЕИСТИКА КНИГА 10,포함
2014 ПАРОВОЗЪ,,기타,,발표 시기 미상,,,번역서 1종 · 예: 2014 ПАРОВОЗЪ,포함
絶望書店,,기타,,발표 시기 미상,,,번역서 1종 · 예: 絶望書店,포함
Yakıcı Susuzlukla,,기타,,발표 시기 미상,,,번역서 1종 · 예: Yakıcı Susuzlukla,포함
经营在人,,기타,,발표 시기 미상,,,번역서 1종 · 예: 经营在人,포함
クモンカゲ 韓国の小さなよろず屋,,기타,,발표 시기 미상,,,번역서 1종 · 예: クモンカゲ 韓国の小さなよろず屋,포함
Pieśń ziemi,,기타,,발표 시기 미상,,,번역서 1종 · 예: Pieśń ziemi,포함
Nana za úsvitu,,기타,,발표 시기 미상,,,번역서 1종 · 예: Nana za úsvitu,포함
Hundert Sonnen,,기타,,발표 시기 미상,,,번역서 1종 · 예: Hundert Sonnen,포함
アンニョン、エレナ,,기타,,발표 시기 미상,,,번역서 1종 · 예: アンニョン、エレナ,포함
离家,,기타,,발표 시기 미상,,,번역서 1종 · 예: 离家,포함
吸血鬼的新棺材,,기타,,발표 시기 미상,,,번역서 1종 · 예: 吸血鬼的新棺材,포함
巫婆校长的神奇魔药,,기타,,발표 시기 미상,,,번역서 1종 · 예: 巫婆校长的神奇魔药,포함
爱吃菜的吸血鬼,,기타,,발표 시기 미상,,,번역서 1종 · 예: 爱吃菜的吸血鬼,포함
跷跷板上的幽灵,,기타,,발표 시기 미상,,,번역서 1종 · 예: 跷跷板上的幽灵,포함
魔鬼学校的露营日,,기타,,발표 시기 미상,,,번역서 1종 · 예: 魔鬼学校的露营日,포함
最新韓國語語法2,,기타,,발표 시기 미상,,,번역서 1종 · 예: 最新韓國語語法2,포함
El último club de fans de los Sammi Superstars,,기타,,발표 시기 미상,,,번역서 1종 · 예: El último club de fans de los Sammi Superstars,포함
Somewhere in the Sky,,기타,,발표 시기 미상,,,번역서 1종 · 예: Somewhere in the Sky,포함
なぜ書きつづけてきたかなぜ沈黙してきたか,,기타,,발표 시기 미상,,,번역서 1종 · 예: なぜ書きつづけてきたかなぜ沈黙してきたか,포함
〈戦後〉の誕生―戦後日本と「朝鮮」の境界,,기타,,발표 시기 미상,,,번역서 1종 · 예: 〈戦後〉の誕生―戦後日本と「朝鮮」の境界,포함
Снег на холме сончангдонг,,기타,,발표 시기 미상,,,번역서 1종 · 예: Снег на холме сончангдонг,포함
Mein pochendes Leben,,기타,,발표 시기 미상,,,번역서 1종 · 예: Mein pochendes Leben,포함
Hönan som drömde om att flyga,,기타,,발표 시기 미상,,,번역서 1종 · 예: Hönan som drömde om att flyga,포함
Un impossible conte de fées,,기타,,발표 시기 미상,,,번역서 1종 · 예: Un impossible conte de fées,포함
Retracing the Ancient Korean Sky and Its Myths,,기타,,발표 시기 미상,,,번역서 1종 · 예: Retracing the Ancient Korean Sky and Its Myths,포함
БИБЛИОТЕКА МУЗЫКАЛЬНЫХ ИНСТРУМЕНТОВ,,기타,,발표 시기 미상,,,번역서 1종 · 예: БИБЛИОТЕКА МУЗЫКАЛЬНЫХ ИНСТРУМЕНТОВ,포함
Recitation,,기타,,발표 시기 미상,,,번역서 1종 · 예: Recitation,포함
Blanc,,기타,,발표 시기 미상,,,번역서 1종 · 예: Blanc,포함
高句麗建国物語,,기타,,발표 시기 미상,,,번역서 1종 · 예: 高句麗建国物語,포함
O familie modernă,,기타,,발표 시기 미상,,,번역서 1종 · 예: O familie modernă,포함
КИМ ДАЛЖИН НАЙРАГЧИЙН ШИЛМЭЛ ТҮҮВЭР,,기타,,발표 시기 미상,,,번역서 1종 · 예: КИМ ДАЛЖИН НАЙРАГЧИЙН ШИЛМЭЛ ТҮҮВЭР,포함
The Things You Can See Only When You Slow Down,,기타,,발표 시기 미상,,,번역서 1종 · 예: The Things You Can See Only When You Slow Down,포함
哲学者と下女―日々を生きていくマイノリティの哲学,,기타,,발표 시기 미상,,,번역서 1종 · 예: 哲学者と下女―日々を生きていくマイノリティの哲学,포함
ЗЕМЛЯ,,기타,,발표 시기 미상,,,번역서 1종 · 예: ЗЕМЛЯ,포함
無謀なるものたちの共同体―コミューン主義の方へ,,기타,,발표 시기 미상,,,번역서 1종 · 예: 無謀なるものたちの共同体―コミューン主義の方へ,포함
Buk Gan Do,,기타,,발표 시기 미상,,,번역서 1종 · 예: Buk Gan Do,포함
The Nine Cloud Dream,,기타,,발표 시기 미상,,,번역서 1종 · 예: The Nine Cloud Dream,포함
Espectadores,,기타,,발표 시기 미상,,,번역서 1종 · 예: Espectadores,포함
One Hundred Shadows,,기타,,발표 시기 미상,,,번역서 1종 · 예: One Hundred Shadows,포함
Meeting with My Brother,,기타,,발표 시기 미상,,,번역서 1종 · 예: Meeting with My Brother,포함
Der Riss,,기타,,발표 시기 미상,,,번역서 1종 · 예: Der Riss,포함
Chiclete,,기타,,발표 시기 미상,,,번역서 1종 · 예: Chiclete,포함
朝鮮王朝面面觀,,기타,,발표 시기 미상,,,번역서 1종 · 예: 朝鮮王朝面面觀,포함
トラウマ文学館,,기타,,발표 시기 미상,,,번역서 1종 · 예: トラウマ文学館,포함
Hefte für ostasiatische Literatur (55. Schwarzweiß-Fotograf),,기타,,발표 시기 미상,,,번역서 1종 · 예: Hefte für ostasiatische Literatur (55. Schwarzweiß-Fotograf),포함
"The Cloud Dream of the Nine, a Korean Novel",,장편소설,,발표 시기 미상,,,"번역서 1종 · 예: The Cloud Dream of the Nine, a Korean Novel",포함
Növényevő,,기타,,발표 시기 미상,,,번역서 1종 · 예: Növényevő,포함
Империя на светлината,,기타,,발표 시기 미상,,,번역서 1종 · 예: Империя на светлината,포함
Cửa tiệm thời gian,,기타,,발표 시기 미상,,,번역서 1종 · 예: Cửa tiệm thời gian,포함
Le Château du Baron de Quirval,,기타,,발표 시기 미상,,,번역서 1종 · 예: Le Château du Baron de Quirval,포함
さらば峠,,기타,,발표 시기 미상,,,번역서 1종 · 예: さらば峠,포함
Trăng Có Biết Không,,기타,,발표 시기 미상,,,번역서 1종 · 예: Trăng Có Biết Không,포함
Dành Cho Nỗi Nhớ,,기타,,발표 시기 미상,,,번역서 1종 · 예: Dành Cho Nỗi Nhớ,포함
Vit fjäril,,기타,,발표 시기 미상,,,번역서 1종 · 예: Vit fjäril,포함
Ngôi nhà vui vẻ,,기타,,발표 시기 미상,,,번역서 1종 · 예: Ngôi nhà vui vẻ,포함
Princess Bari,,기타,,발표 시기 미상,,,번역서 1종 · 예: Princess Bari,포함
黑色花,,기타,,발표 시기 미상,,,번역서 1종 · 예: 黑色花,포함
ATOS HUMANOS,,기타,,발표 시기 미상,,,번역서 1종 · 예: ATOS HUMANOS,포함
Jenta som skrev ensomhet,,기타,,발표 시기 미상,,,번역서 1종 · 예: Jenta som skrev ensomhet,포함
Czarny kwiat,,기타,,발표 시기 미상,,,번역서 1종 · 예: Czarny kwiat,포함
"Bari, la princesa abandonada",,기타,,발표 시기 미상,,,"번역서 1종 · 예: Bari, la princesa abandonada",포함
Por Favor Cuida da Mamã,,기타,,발표 시기 미상,,,번역서 1종 · 예: Por Favor Cuida da Mamã,포함
Una dolce voluttà,,기타,,발표 시기 미상,,,번역서 1종 · 예: Una dolce voluttà,포함
Nobody Checks the Time When They’re Happy,,기타,,발표 시기 미상,,,번역서 1종 · 예: Nobody Checks the Time When They’re Happy,포함
Poems by Ko Un,,시,,발표 시기 미상,,,번역서 1종 · 예: Poems by Ko Un,포함
Poems by Ahn Do-Hyun,,시,,발표 시기 미상,,,번역서 1종 · 예: Poems by Ahn Do-Hyun,포함
故郷,,기타,,발표 시기 미상,,,번역서 1종 · 예: 故郷,포함
Si le rôle de la mer est de faire des vagues...,,기타,,발표 시기 미상,,,번역서 1종 · 예: Si le rôle de la mer est de faire des vagues...,포함
Nowhere to Be Found,,기타,,발표 시기 미상,,,번역서 1종 · 예: Nowhere to Be Found,포함
情感的48種面貌,,기타,,발표 시기 미상,,,번역서 1종 · 예: 情感的48種面貌,포함
Sång till gryningen,,기타,,발표 시기 미상,,,번역서 1종 · 예: Sång till gryningen,포함
วุ่นนักรักของบัณฑิต 2,,기타,,발표 시기 미상,,,번역서 1종 · 예: วุ่นนักรักของบัณฑิต 2,포함
"Por Favor, Cuide da Mamãe",,기타,,발표 시기 미상,,,"번역서 1종 · 예: Por Favor, Cuide da Mamãe",포함
داستان ھای گره ای,,기타,,발표 시기 미상,,,번역서 1종 · 예: داستان ھای گره ای,포함
この世でいちばん美しい別れ,,기타,,발표 시기 미상,,,번역서 1종 · 예: この世でいちばん美しい別れ,포함
North Station,,기타,,발표 시기 미상,,,번역서 1종 · 예: North Station,포함
The Annals of King T'aejo,,기타,,발표 시기 미상,,,번역서 1종 · 예: The Annals of King T'aejo,포함
Korean Folk Songs,,기타,,발표 시기 미상,,,번역서 1종 · 예: Korean Folk Songs,포함
Am I small?,,기타,,발표 시기 미상,,,번역서 1종 · 예: Am I small?,포함
朝鮮時代の女性の歴史,,기타,,발표 시기 미상,,,번역서 1종 · 예: 朝鮮時代の女性の歴史,포함
七年之夜,,기타,,발표 시기 미상,,,번역서 1종 · 예: 七年之夜,포함
The Investigation,,기타,,발표 시기 미상,,,번역서 1종 · 예: The Investigation,포함
Mandala,,기타,,발표 시기 미상,,,번역서 1종 · 예: Mandala,포함
МАНАЙ БҮДЭРСЭН БААТАР,,기타,,발표 시기 미상,,,번역서 1종 · 예: МАНАЙ БҮДЭРСЭН БААТАР,포함
Ожившая тень,,기타,,발표 시기 미상,,,번역서 1종 · 예: Ожившая тень,포함
"Курочка, которая мечтала летать",,기타,,발표 시기 미상,,,"번역서 1종 · 예: Курочка, которая мечтала летать",포함
Корейский язык. Вводный курс,,기타,,발표 시기 미상,,,번역서 1종 · 예: Корейский язык. Вводный курс,포함
Тайна Флоры,,기타,,발표 시기 미상,,,번역서 1종 · 예: Тайна Флоры,포함
亡き王女のためのパヴァーヌ,,기타,,발표 시기 미상,,,번역서 1종 · 예: 亡き王女のためのパヴァーヌ,포함
Comme dans un conte,,기타,,발표 시기 미상,,,번역서 1종 · 예: Comme dans un conte,포함
Budismo coreano,,기타,,발표 시기 미상,,,번역서 1종 · 예: Budismo coreano,포함
The Centry of Korean Photography,,기타,,발표 시기 미상,,,번역서 1종 · 예: The Centry of Korean Photography,포함
Lời nói dối hoa mỹ,,기타,,발표 시기 미상,,,번역서 1종 · 예: Lời nói dối hoa mỹ,포함
Тысячелетний сон,,기타,,발표 시기 미상,,,번역서 1종 · 예: Тысячелетний сон,포함
Pidä huolta äidistä,,기타,,발표 시기 미상,,,번역서 1종 · 예: Pidä huolta äidistä,포함
Maninbo,,기타,,발표 시기 미상,,,번역서 1종 · 예: Maninbo,포함
Tôi Của Mùa Hè Năm Ấy,,기타,,발표 시기 미상,,,번역서 1종 · 예: Tôi Của Mùa Hè Năm Ấy,포함
Atti umani,,기타,,발표 시기 미상,,,번역서 1종 · 예: Atti umani,포함
A Stray Bullet,,기타,,발표 시기 미상,,,번역서 1종 · 예: A Stray Bullet,포함
我和我那離婚三次的老媽,,기타,,발표 시기 미상,,,번역서 1종 · 예: 我和我那離婚三次的老媽,포함
韓国・朝鮮の知を読む,,기타,,발표 시기 미상,,,번역서 1종 · 예: 韓国・朝鮮の知を読む,포함
降りられない船 セウォル号沈没事故からみた韓国,,기타,,발표 시기 미상,,,번역서 1종 · 예: 降りられない船 セウォル号沈没事故からみた韓国,포함
Un désir de littérature coréenne,,기타,,발표 시기 미상,,,번역서 1종 · 예: Un désir de littérature coréenne,포함
The Accusation,,기타,,발표 시기 미상,,,번역서 1종 · 예: The Accusation,포함
La première personne est triste,,기타,,발표 시기 미상,,,번역서 1종 · 예: La première personne est triste,포함
Photo Mania 專業攝影好好玩：31種攝影模式輕松上手！,,기타,,발표 시기 미상,,,번역서 1종 · 예: Photo Mania 專業攝影好好玩：31種攝影模式輕松上手！,포함
Mẹ ơi con sẽ lại về,,기타,,발표 시기 미상,,,번역서 1종 · 예: Mẹ ơi con sẽ lại về,포함
Ỡ đâu đó có điện thoại gọi tôi,,기타,,발표 시기 미상,,,번역서 1종 · 예: Ỡ đâu đó có điện thoại gọi tôi,포함
DES FILLES DE MA CONNAISSANCE,,기타,,발표 시기 미상,,,번역서 1종 · 예: DES FILLES DE MA CONNAISSANCE,포함
Вслед за ветром,,기타,,발표 시기 미상,,,번역서 1종 · 예: Вслед за ветром,포함
世界の宗教―ユダヤ教・キリスト教・イスラム教・ヒンズー教・仏教・儒教・その他,,기타,,발표 시기 미상,,,번역서 1종 · 예: 世界の宗教―ユダヤ教・キリスト教・イスラム教・ヒンズー教・仏教・儒教・その他,포함
Kẻ Sát Nhân,,기타,,발표 시기 미상,,,번역서 1종 · 예: Kẻ Sát Nhân,포함
"Die schönen Dinge siehst du nur, wenn du langsam gehst",,기타,,발표 시기 미상,,,"번역서 1종 · 예: Die schönen Dinge siehst du nur, wenn du langsam gehst",포함
Menschenwerk,,기타,,발표 시기 미상,,,번역서 1종 · 예: Menschenwerk,포함
Hefte für Ostasiatische Literatur 40,,기타,,발표 시기 미상,,,번역서 1종 · 예: Hefte für Ostasiatische Literatur 40,포함
Рисунки тушью,,기타,,발표 시기 미상,,,번역서 1종 · 예: Рисунки тушью,포함
"Séoul, Visages d'une Ville",,기타,,발표 시기 미상,,,"번역서 1종 · 예: Séoul, Visages d'une Ville",포함
Vádirat,,기타,,발표 시기 미상,,,번역서 1종 · 예: Vádirat,포함
韓国の伝統芸能と東アジア,,기타,,발표 시기 미상,,,번역서 1종 · 예: 韓国の伝統芸能と東アジア,포함
閃亮亮的小銀,,기타,,발표 시기 미상,,,번역서 1종 · 예: 閃亮亮的小銀,포함
Acht Leben,,기타,,발표 시기 미상,,,번역서 1종 · 예: Acht Leben,포함
DENUNZIATION,,기타,,발표 시기 미상,,,번역서 1종 · 예: DENUNZIATION,포함
Le ver à soie marqué d'un point noir,,기타,,발표 시기 미상,,,번역서 1종 · 예: Le ver à soie marqué d'un point noir,포함
Ma très chère grande sœur,,기타,,발표 시기 미상,,,번역서 1종 · 예: Ma très chère grande sœur,포함
Wild Apple,,기타,,발표 시기 미상,,,번역서 1종 · 예: Wild Apple,포함
Old Man River,,기타,,발표 시기 미상,,,번역서 1종 · 예: Old Man River,포함
Корейская классическая поэзия,,기타,,발표 시기 미상,,,번역서 1종 · 예: Корейская классическая поэзия,포함
Sự lý thú của Hàn Quốc học,,기타,,발표 시기 미상,,,번역서 1종 · 예: Sự lý thú của Hàn Quốc học,포함
รอให้จบมหา'ลัย ก็(เกือบ)สายเสียแล้ว,,기타,,발표 시기 미상,,,번역서 1종 · 예: รอให้จบมหา'ลัย ก็(เกือบ)สายเสียแล้ว,포함
Paisagem de Pássaros,,기타,,발표 시기 미상,,,번역서 1종 · 예: Paisagem de Pássaros,포함
Bugigangas,,기타,,발표 시기 미상,,,번역서 1종 · 예: Bugigangas,포함
Quando Mamãe Era Pequena,,기타,,발표 시기 미상,,,번역서 1종 · 예: Quando Mamãe Era Pequena,포함
Apostando com o Monstro,,기타,,발표 시기 미상,,,번역서 1종 · 예: Apostando com o Monstro,포함
खलनायक,,기타,,발표 시기 미상,,,번역서 1종 · 예: खलनायक,포함
Monsieur Han,,기타,,발표 시기 미상,,,번역서 1종 · 예: Monsieur Han,포함
A saia da vovó,,기타,,발표 시기 미상,,,번역서 1종 · 예: A saia da vovó,포함
O Metrô Vem Correndo,,기타,,발표 시기 미상,,,번역서 2종 · 예: O Metrô Vem Correndo,포함
De Anklacht,,기타,,발표 시기 미상,,,번역서 1종 · 예: De Anklacht,포함
"Ngoài kia dông bão, lòng mẹ bình yên",,기타,,발표 시기 미상,,,"번역서 1종 · 예: Ngoài kia dông bão, lòng mẹ bình yên",포함
Republika Užupis,,기타,,발표 시기 미상,,,번역서 1종 · 예: Republika Užupis,포함
Struktura świadomości Koreańczyków,,기타,,발표 시기 미상,,,번역서 1종 · 예: Struktura świadomości Koreańczyków,포함
Parce que je déteste la Corée,,기타,,발표 시기 미상,,,번역서 1종 · 예: Parce que je déteste la Corée,포함
Mr Tutti y las 100 gotas de agua,,기타,,발표 시기 미상,,,번역서 1종 · 예: Mr Tutti y las 100 gotas de agua,포함
韩国风俗画,,기타,,발표 시기 미상,,,번역서 1종 · 예: 韩国风俗画,포함
LA PISCINA,,기타,,발표 시기 미상,,,번역서 1종 · 예: LA PISCINA,포함
TODAS LAS COSAS DE NUESTRA VIDA,,기타,,발표 시기 미상,,,번역서 1종 · 예: TODAS LAS COSAS DE NUESTRA VIDA,포함
খুলির নীরবতা,,기타,,발표 시기 미상,,,번역서 1종 · 예: খুলির নীরবতা,포함
去倫敦街頭上創意課,,기타,,발표 시기 미상,,,번역서 1종 · 예: 去倫敦街頭上創意課,포함
起風時 我愛你,,기타,,발표 시기 미상,,,번역서 1종 · 예: 起風時 我愛你,포함
Одой хүний хөөргөсөн бяцхан бөмбөлөг,,기타,,발표 시기 미상,,,번역서 1종 · 예: Одой хүний хөөргөсөн бяцхан бөмбөлөг,포함
Ý niệm về tính chủ thể liên đối,,기타,,발표 시기 미상,,,번역서 1종 · 예: Ý niệm về tính chủ thể liên đối,포함
ギリシャ語の時間,,기타,,발표 시기 미상,,,번역서 1종 · 예: ギリシャ語の時間,포함
Площадь,,기타,,발표 시기 미상,,,번역서 1종 · 예: Площадь,포함
Награда царя птиц,,기타,,발표 시기 미상,,,번역서 1종 · 예: Награда царя птиц,포함
The Moving Fortress,,기타,,발표 시기 미상,,,번역서 1종 · 예: The Moving Fortress,포함
장장추야 = 長長秋夜,,기타,,발표 시기 미상,,,번역서 1종 · 예: 장장추야 = 長長秋夜,포함
朴正大詩集,,시,,발표 시기 미상,,,번역서 1종 · 예: 朴正大詩集,포함
Potatoes,,기타,,발표 시기 미상,,,번역서 1종 · 예: Potatoes,포함
"Жизнеописания достойных монахов Страны, что к востоку от моря",,기타,,발표 시기 미상,,,"번역서 1종 · 예: Жизнеописания достойных монахов Страны, что к востоку от моря",포함
Alone Over There,,기타,,발표 시기 미상,,,번역서 1종 · 예: Alone Over There,포함
Sakmae and Jami,,기타,,발표 시기 미상,,,번역서 1종 · 예: Sakmae and Jami,포함
The Forgotten and the Unforgattable,,기타,,발표 시기 미상,,,번역서 1종 · 예: The Forgotten and the Unforgattable,포함
ШИНЬ ГЁНРИМ НАЙРАГЧИДТАЙ ХӨӨРӨЛДСӨН НЬ 1,,기타,,발표 시기 미상,,,번역서 1종 · 예: ШИНЬ ГЁНРИМ НАЙРАГЧИДТАЙ ХӨӨРӨЛДСӨН НЬ 1,포함
Leçons de Grec,,기타,,발표 시기 미상,,,번역서 1종 · 예: Leçons de Grec,포함
28天,,기타,,발표 시기 미상,,,번역서 1종 · 예: 28天,포함
ШИНЬ ГЁНРИМ НАЙРАГЧИДТАЙ ХӨӨРӨЛДСӨН НЬ 2,,기타,,발표 시기 미상,,,번역서 1종 · 예: ШИНЬ ГЁНРИМ НАЙРАГЧИДТАЙ ХӨӨРӨЛДСӨН НЬ 2,포함
The Salmon Who Dared to Leap Higher,,기타,,발표 시기 미상,,,번역서 1종 · 예: The Salmon Who Dared to Leap Higher,포함
Tuesday River,,기타,,발표 시기 미상,,,번역서 1종 · 예: Tuesday River,포함
Insult,,기타,,발표 시기 미상,,,번역서 1종 · 예: Insult,포함
Relics,,기타,,발표 시기 미상,,,번역서 1종 · 예: Relics,포함
Милый мой город,,기타,,발표 시기 미상,,,번역서 1종 · 예: Милый мой город,포함
The Impossible Fairytale,,동화,,발표 시기 미상,,,번역서 1종 · 예: The Impossible Fairytale,포함
アオイガーデン,,기타,,발표 시기 미상,,,번역서 1종 · 예: アオイガーデン,포함
Gấu Koda - CÁI MŨI ĐEN,,기타,,발표 시기 미상,,,번역서 1종 · 예: Gấu Koda - CÁI MŨI ĐEN,포함
Khu Vườn Bí Mật,,기타,,발표 시기 미상,,,번역서 1종 · 예: Khu Vườn Bí Mật,포함
Мне здесь нравится,,기타,,발표 시기 미상,,,번역서 1종 · 예: Мне здесь нравится,포함
Grand Master,,기타,,발표 시기 미상,,,번역서 1종 · 예: Grand Master,포함
朝鮮引揚げと日本人,,기타,,발표 시기 미상,,,번역서 1종 · 예: 朝鮮引揚げと日本人,포함
山中花开,,기타,,발표 시기 미상,,,번역서 1종 · 예: 山中花开,포함
玻璃船,,기타,,발표 시기 미상,,,번역서 1종 · 예: 玻璃船,포함
Walking in the Rain,,기타,,발표 시기 미상,,,번역서 1종 · 예: Walking in the Rain,포함
A Day in the Life of Kubo the Novelist,,기타,,발표 시기 미상,,,번역서 1종 · 예: A Day in the Life of Kubo the Novelist,포함
Lecturer Kim and Professor T,,기타,,발표 시기 미상,,,번역서 1종 · 예: Lecturer Kim and Professor T,포함
Wings,,기타,,발표 시기 미상,,,번역서 1종 · 예: Wings,포함
Into the Light,,기타,,발표 시기 미상,,,번역서 1종 · 예: Into the Light,포함
"Spring, Spring",,기타,,발표 시기 미상,,,"번역서 1종 · 예: Spring, Spring",포함
運命に流されて,,기타,,발표 시기 미상,,,번역서 1종 · 예: 運命に流されて,포함
奎章閣閣臣たちの日々 (上),,기타,,발표 시기 미상,,,번역서 1종 · 예: 奎章閣閣臣たちの日々 (上),포함
許浚,,기타,,발표 시기 미상,,,번역서 1종 · 예: 許浚,포함
労働組合リーダー論,,기타,,발표 시기 미상,,,번역서 1종 · 예: 労働組合リーダー論,포함
Contemplations de l'arbre,,기타,,발표 시기 미상,,,번역서 1종 · 예: Contemplations de l'arbre,포함
Samnyong the Mute,,기타,,발표 시기 미상,,,번역서 1종 · 예: Samnyong the Mute,포함
Faces of the Festival,,기타,,발표 시기 미상,,,번역서 1종 · 예: Faces of the Festival,포함
Le chant de la terre,,기타,,발표 시기 미상,,,번역서 1종 · 예: Le chant de la terre,포함
Transition,,기타,,발표 시기 미상,,,번역서 1종 · 예: Transition,포함
Escape,,기타,,발표 시기 미상,,,번역서 1종 · 예: Escape,포함
A Lucky Day,,기타,,발표 시기 미상,,,번역서 1종 · 예: A Lucky Day,포함
"Корейские сказки, записанные осенью 1898 года",,기타,,발표 시기 미상,,,"번역서 1종 · 예: Корейские сказки, записанные осенью 1898 года",포함
LAND 3,,기타,,발표 시기 미상,,,번역서 1종 · 예: LAND 3,포함
寻爱天使 2,,기타,,발표 시기 미상,,,번역서 1종 · 예: 寻爱天使 2,포함
局外人 2,,기타,,발표 시기 미상,,,번역서 1종 · 예: 局外人 2,포함
Избранные корейские рассказы нового времени,,기타,,발표 시기 미상,,,번역서 1종 · 예: Избранные корейские рассказы нового времени,포함
Looking for a Horse,,기타,,발표 시기 미상,,,번역서 1종 · 예: Looking for a Horse,포함
Song of Everlasting Spring,,기타,,발표 시기 미상,,,번역서 1종 · 예: Song of Everlasting Spring,포함
Hefte für Ostasiatische Literatur 62,,기타,,발표 시기 미상,,,번역서 1종 · 예: Hefte für Ostasiatische Literatur 62,포함
Kapitan Ri,,기타,,발표 시기 미상,,,번역서 1종 · 예: Kapitan Ri,포함
Корейские новеллы,,기타,,발표 시기 미상,,,번역서 1종 · 예: Корейские новеллы,포함
Я буду рядом,,기타,,발표 시기 미상,,,번역서 1종 · 예: Я буду рядом,포함
The Cloudburst,,기타,,발표 시기 미상,,,번역서 1종 · 예: The Cloudburst,포함
Tungsin-bul,,기타,,발표 시기 미상,,,번역서 1종 · 예: Tungsin-bul,포함
The Poetry of John,,시,,발표 시기 미상,,,번역서 1종 · 예: The Poetry of John,포함
Rainy Days,,기타,,발표 시기 미상,,,번역서 1종 · 예: Rainy Days,포함
"Пожалуйста, позаботься о маме",,기타,,발표 시기 미상,,,"번역서 1종 · 예: Пожалуйста, позаботься о маме",포함
Отправляясь снова,,기타,,발표 시기 미상,,,번역서 1종 · 예: Отправляясь снова,포함
Чудес не бывает,,기타,,발표 시기 미상,,,번역서 1종 · 예: Чудес не бывает,포함
Золотые слова корейского народа,,기타,,발표 시기 미상,,,번역서 1종 · 예: Золотые слова корейского народа,포함
太王四神記 (上),,기타,,발표 시기 미상,,,번역서 1종 · 예: 太王四神記 (上),포함
神の器,,기타,,발표 시기 미상,,,번역서 1종 · 예: 神の器,포함
Kong's Garden,,기타,,발표 시기 미상,,,번역서 1종 · 예: Kong's Garden,포함
Homecoming,,기타,,발표 시기 미상,,,번역서 1종 · 예: Homecoming,포함
Danny,,기타,,발표 시기 미상,,,번역서 1종 · 예: Danny,포함
Korean Children's Favorite Stories,,단편소설,,발표 시기 미상,,,번역서 1종 · 예: Korean Children's Favorite Stories,포함
Wave,,기타,,발표 시기 미상,,,번역서 1종 · 예: Wave,포함
生きとし生けるものに幸あれ,,기타,,발표 시기 미상,,,번역서 1종 · 예: 生きとし生けるものに幸あれ,포함
失われた記憶を求めて,,기타,,발표 시기 미상,,,번역서 1종 · 예: 失われた記憶を求めて,포함
(愛より残酷) ロシアン珈琲,,기타,,발표 시기 미상,,,번역서 1종 · 예: (愛より残酷) ロシアン珈琲,포함
清く香しく,,기타,,발표 시기 미상,,,번역서 1종 · 예: 清く香しく,포함
光州の五月,,기타,,발표 시기 미상,,,번역서 1종 · 예: 光州の五月,포함
月の街 山の街,,기타,,발표 시기 미상,,,번역서 1종 · 예: 月の街 山の街,포함
端宗哀史,,기타,,발표 시기 미상,,,번역서 1종 · 예: 端宗哀史,포함
Losing a Sister,,기타,,발표 시기 미상,,,번역서 1종 · 예: Losing a Sister,포함
An Idiot's Delight,,기타,,발표 시기 미상,,,번역서 1종 · 예: An Idiot's Delight,포함
Mama and the Boarder,,기타,,발표 시기 미상,,,번역서 1종 · 예: Mama and the Boarder,포함
Seaside Village,,기타,,발표 시기 미상,,,번역서 1종 · 예: Seaside Village,포함
Juvesenility,,기타,,발표 시기 미상,,,번역서 1종 · 예: Juvesenility,포함
Flores de un momento,,기타,,발표 시기 미상,,,번역서 1종 · 예: Flores de un momento,포함
Новое начало,,기타,,발표 시기 미상,,,번역서 1종 · 예: Новое начало,포함
ライティングクラブ,,기타,,발표 시기 미상,,,번역서 1종 · 예: ライティングクラブ,포함
TAM QUỐC SỬ KÝ I,,기타,,발표 시기 미상,,,번역서 1종 · 예: TAM QUỐC SỬ KÝ I,포함
В любви и бизнесе нет границ,,기타,,발표 시기 미상,,,번역서 1종 · 예: В любви и бизнесе нет границ,포함
Two Bankruptcies,,기타,,발표 시기 미상,,,번역서 1종 · 예: Two Bankruptcies,포함
Chants des saisons,,기타,,발표 시기 미상,,,번역서 1종 · 예: Chants des saisons,포함
Leaves of Grass,,기타,,발표 시기 미상,,,번역서 1종 · 예: Leaves of Grass,포함
PRIMAVERA HELADA,,기타,,발표 시기 미상,,,번역서 1종 · 예: PRIMAVERA HELADA,포함
Mong Mong - Chú cún ham đọc sách,,기타,,발표 시기 미상,,,번역서 1종 · 예: Mong Mong - Chú cún ham đọc sách,포함
Gấu Koda - Làn hơi ấm,,기타,,발표 시기 미상,,,번역서 1종 · 예: Gấu Koda - Làn hơi ấm,포함
корейски разкази,,기타,,발표 시기 미상,,,번역서 1종 · 예: корейски разкази,포함
西便制,,기타,,발표 시기 미상,,,번역서 1종 · 예: 西便制,포함
化身九双鞋的男人,,기타,,발표 시기 미상,,,번역서 1종 · 예: 化身九双鞋的男人,포함
Tôi Đã Chết Vào Một Ngày Nào Đó,,기타,,발표 시기 미상,,,번역서 1종 · 예: Tôi Đã Chết Vào Một Ngày Nào Đó,포함
Barley,,기타,,발표 시기 미상,,,번역서 1종 · 예: Barley,포함
Style Kinh tụng thời trang,,기타,,발표 시기 미상,,,번역서 1종 · 예: Style Kinh tụng thời trang,포함
Bước Chậm Lại Giữa Thế Gian Vội Vã,,기타,,발표 시기 미상,,,번역서 1종 · 예: Bước Chậm Lại Giữa Thế Gian Vội Vã,포함
L'altra faccia di un ricordo oscuro,,기타,,발표 시기 미상,,,번역서 1종 · 예: L'altra faccia di un ricordo oscuro,포함
Korean folk dance,,기타,,발표 시기 미상,,,번역서 1종 · 예: Korean folk dance,포함
Korean ceramics,,기타,,발표 시기 미상,,,번역서 1종 · 예: Korean ceramics,포함
『無情』の硏究,,기타,,발표 시기 미상,,,번역서 1종 · 예: 『無情』の硏究,포함
La Baleine,,기타,,발표 시기 미상,,,번역서 1종 · 예: La Baleine,포함
朝鮮前期仏像納入織物の研究,,기타,,발표 시기 미상,,,번역서 1종 · 예: 朝鮮前期仏像納入織物の研究,포함
マッコリの正体 - その歴史と文化,,기타,,발표 시기 미상,,,번역서 1종 · 예: マッコリの正体 - その歴史と文化,포함
Exploring the National Museum of Korea,,기타,,발표 시기 미상,,,번역서 1종 · 예: Exploring the National Museum of Korea,포함
面条之路,,기타,,발표 시기 미상,,,번역서 1종 · 예: 面条之路,포함
رحلة إلى سيول,,기타,,발표 시기 미상,,,번역서 1종 · 예: رحلة إلى سيول,포함
The Ancient Garden,,기타,,발표 시기 미상,,,번역서 1종 · 예: The Ancient Garden,포함
Zaopiekuj się moją mamą,,기타,,발표 시기 미상,,,번역서 1종 · 예: Zaopiekuj się moją mamą,포함
La ville grise,,기타,,발표 시기 미상,,,번역서 1종 · 예: La ville grise,포함
QUI A TENDU UN PIÈGE DANS LA PINÈDE PAR UNE JOURNÉE FLEURIE DE PRINTEMPS ?,,기타,,발표 시기 미상,,,번역서 1종 · 예: QUI A TENDU UN PIÈGE DANS LA PINÈDE PAR UNE JOURNÉE FLEURIE DE PRINTEMPS ?,포함
A Moment's Grace,,기타,,발표 시기 미상,,,번역서 1종 · 예: A Moment's Grace,포함
An Anthlolgy of Korean Sijo,,기타,,발표 시기 미상,,,번역서 1종 · 예: An Anthlolgy of Korean Sijo,포함
On An Autumn Night,,기타,,발표 시기 미상,,,번역서 1종 · 예: On An Autumn Night,포함
LES CERISIERS DU JAPON,,기타,,발표 시기 미상,,,번역서 1종 · 예: LES CERISIERS DU JAPON,포함
THÀNH PHỐ ĐỒ CHƠI,,기타,,발표 시기 미상,,,번역서 1종 · 예: THÀNH PHỐ ĐỒ CHƠI,포함
白頭大幹,,기타,,발표 시기 미상,,,번역서 1종 · 예: 白頭大幹,포함
山のある家井戸のある家,,기타,,발표 시기 미상,,,번역서 1종 · 예: 山のある家井戸のある家,포함
Республика корея,,기타,,발표 시기 미상,,,번역서 1종 · 예: Республика корея,포함
Korea Müüt,,기타,,발표 시기 미상,,,번역서 1종 · 예: Korea Müüt,포함
La Confesión,,기타,,발표 시기 미상,,,번역서 1종 · 예: La Confesión,포함
Cat School,,기타,,발표 시기 미상,,,번역서 1종 · 예: Cat School,포함
Nasze Szczęśliwe Czasy,,기타,,발표 시기 미상,,,번역서 1종 · 예: Nasze Szczęśliwe Czasy,포함
Ce n'est pas la faute de Dieu,,기타,,발표 시기 미상,,,번역서 1종 · 예: Ce n'est pas la faute de Dieu,포함
Long long time ago,,기타,,발표 시기 미상,,,번역서 1종 · 예: Long long time ago,포함
ЭЖИЙГЭЭ ДААТГАЯ,,기타,,발표 시기 미상,,,번역서 1종 · 예: ЭЖИЙГЭЭ ДААТГАЯ,포함
With the Love for the Stars,,기타,,발표 시기 미상,,,번역서 1종 · 예: With the Love for the Stars,포함
Deset tisíc životů,,기타,,발표 시기 미상,,,번역서 1종 · 예: Deset tisíc životů,포함
Admonitions on governing the people,,기타,,발표 시기 미상,,,번역서 1종 · 예: Admonitions on governing the people,포함
ANTHOLOGIE DE LA POÉSIE CORÉENNE DU ⅩⅥ SIÈCLE,,기타,,발표 시기 미상,,,번역서 1종 · 예: ANTHOLOGIE DE LA POÉSIE CORÉENNE DU ⅩⅥ SIÈCLE,포함
Contos Contemporâneos Coreanos,,기타,,발표 시기 미상,,,번역서 1종 · 예: Contos Contemporâneos Coreanos,포함
素食主义者,,기타,,발표 시기 미상,,,번역서 1종 · 예: 素食主义者,포함
BIENVENUE,,기타,,발표 시기 미상,,,번역서 1종 · 예: BIENVENUE,포함
木刻八万大藏经的秘密,,기타,,발표 시기 미상,,,번역서 1종 · 예: 木刻八万大藏经的秘密,포함
À LA SOUPE !,,기타,,발표 시기 미상,,,번역서 1종 · 예: À LA SOUPE !,포함
あなたが愛しいだけです,,기타,,발표 시기 미상,,,번역서 1종 · 예: あなたが愛しいだけです,포함
Enough to say it's far,,기타,,발표 시기 미상,,,번역서 1종 · 예: Enough to say it's far,포함
MINA,,기타,,발표 시기 미상,,,번역서 1종 · 예: MINA,포함
LI CHIN,,기타,,발표 시기 미상,,,번역서 1종 · 예: LI CHIN,포함
代理市长,,기타,,발표 시기 미상,https://library.ltikorea.or.kr/translatedbooks/10839,,번역서 2종 · 중국어(간체) · 예: 代理市长,포함
金银岛,,기타,,발표 시기 미상,,,번역서 1종 · 예: 金银岛,포함
Heimatlos,,기타,,발표 시기 미상,,,번역서 1종 · 예: Heimatlos,포함
Die Geschichte der Unyŏng,,기타,,발표 시기 미상,,,번역서 1종 · 예: Die Geschichte der Unyŏng,포함
Schwarze Blume,,기타,,발표 시기 미상,,,번역서 1종 · 예: Schwarze Blume,포함
Der Sohn des Dieners und andere Erzählungen,,단편소설,,발표 시기 미상,,,번역서 1종 · 예: Der Sohn des Dieners und andere Erzählungen,포함
Frog’s tears and other stories,,단편소설,,발표 시기 미상,,,번역서 1종 · 예: Frog’s tears and other stories,포함
Je veux aller dans cette île,,기타,,발표 시기 미상,,,번역서 1종 · 예: Je veux aller dans cette île,포함
À QUI MIEUX MIEUX,,기타,,발표 시기 미상,,,번역서 1종 · 예: À QUI MIEUX MIEUX,포함
L'impero delle luci,,기타,,발표 시기 미상,,,번역서 1종 · 예: L'impero delle luci,포함
LES ROMANS MEURTRIERS,,기타,,발표 시기 미상,,,번역서 1종 · 예: LES ROMANS MEURTRIERS,포함
钱的战争,,기타,,발표 시기 미상,,,번역서 1종 · 예: 钱的战争,포함
白色人间,,기타,,발표 시기 미상,,,번역서 1종 · 예: 白色人间,포함
失迷背后,,기타,,발표 시기 미상,,,번역서 1종 · 예: 失迷背后,포함
山茶花,,기타,,발표 시기 미상,,,번역서 1종 · 예: 山茶花,포함
Please look after mother,,기타,,발표 시기 미상,,,번역서 1종 · 예: Please look after mother,포함
韓国演劇史—伝統と現代,,기타,,발표 시기 미상,,,번역서 1종 · 예: 韓国演劇史—伝統と現代,포함
朝鮮文学の知性 金起林,,기타,,발표 시기 미상,,,번역서 1종 · 예: 朝鮮文学の知性 金起林,포함
朝鮮民譚集,,기타,,발표 시기 미상,,,번역서 1종 · 예: 朝鮮民譚集,포함
光の帝国,,기타,,발표 시기 미상,,,번역서 1종 · 예: 光の帝国,포함
マイスウィートソウル,,기타,,발표 시기 미상,,,번역서 1종 · 예: マイスウィートソウル,포함
小新郎的栗子树,,기타,,발표 시기 미상,,,번역서 1종 · 예: 小新郎的栗子树,포함
荆棘冠冕的画像,,기타,,발표 시기 미상,,,번역서 1종 · 예: 荆棘冠冕的画像,포함
薯童谣,,기타,,발표 시기 미상,,,번역서 1종 · 예: 薯童谣,포함
謀略の半島,,기타,,발표 시기 미상,,,번역서 1종 · 예: 謀略の半島,포함
京城トロイカ,,기타,,발표 시기 미상,,,번역서 1종 · 예: 京城トロイカ,포함
风之画员,,기타,,발표 시기 미상,,,번역서 1종 · 예: 风之画员,포함
那男那女,,기타,,발표 시기 미상,,,번역서 1종 · 예: 那男那女,포함
もうひとり夫が欲しい,,기타,,발표 시기 미상,,,번역서 1종 · 예: もうひとり夫が欲しい,포함
つつじの花,,기타,,발표 시기 미상,,,번역서 1종 · 예: つつじの花,포함
韓國時調選集 古時調ㆍ現代時調,,기타,,발표 시기 미상,,,번역서 1종 · 예: 韓國時調選集 古時調ㆍ現代時調,포함
韓国の古典小說,,기타,,발표 시기 미상,,,번역서 1종 · 예: 韓国の古典小說,포함
おり姫の日記帳,,기타,,발표 시기 미상,,,번역서 1종 · 예: おり姫の日記帳,포함
凤顺姐姐,,기타,,발표 시기 미상,,,번역서 1종 · 예: 凤顺姐姐,포함
浩哲的魔力眼镜,,기타,,발표 시기 미상,,,번역서 1종 · 예: 浩哲的魔力眼镜,포함
阿娘はなぜ,,기타,,발표 시기 미상,,,번역서 1종 · 예: 阿娘はなぜ,포함
Myths and Legends from Korea,,기타,,발표 시기 미상,,,번역서 1종 · 예: Myths and Legends from Korea,포함
"Southerners, northerners",,기타,,발표 시기 미상,,,"번역서 1종 · 예: Southerners, northerners",포함
13号橱柜,,기타,,발표 시기 미상,,,번역서 1종 · 예: 13号橱柜,포함
妈妈的酱汤馆,,기타,,발표 시기 미상,,,번역서 1종 · 예: 妈妈的酱汤馆,포함
Měsíc mysli úplně kulatý,,기타,,발표 시기 미상,,,번역서 1종 · 예: Měsíc mysli úplně kulatý,포함
Unkraut und andere Prosa,,기타,,발표 시기 미상,,,번역서 1종 · 예: Unkraut und andere Prosa,포함
"DÉLIEK, ÉSZAKIAK",,기타,,발표 시기 미상,,,"번역서 1종 · 예: DÉLIEK, ÉSZAKIAK",포함
لانه آسمان,,기타,,발표 시기 미상,,,번역서 1종 · 예: لانه آسمان,포함
La vie rêvée des plantes,,기타,,발표 시기 미상,,,번역서 1종 · 예: La vie rêvée des plantes,포함
我心中的风琴声,,기타,,발표 시기 미상,,,번역서 1종 · 예: 我心中的风琴声,포함
公无渡河,,기타,,발표 시기 미상,,,번역서 1종 · 예: 公无渡河,포함
初恋,,기타,,발표 시기 미상,,,번역서 1종 · 예: 初恋,포함
韓国昔ばなし,,기타,,발표 시기 미상,,,번역서 1종 · 예: 韓国昔ばなし,포함
Until peonies bloom,,기타,,발표 시기 미상,,,번역서 1종 · 예: Until peonies bloom,포함
The long road,,기타,,발표 시기 미상,,,번역서 1종 · 예: The long road,포함
Tempelklokken,,기타,,발표 시기 미상,,,번역서 1종 · 예: Tempelklokken,포함
Himalaya Poems,,시,,발표 시기 미상,,,번역서 1종 · 예: Himalaya Poems,포함
"Levante um pouquinho, por favor!",,기타,,발표 시기 미상,,,"번역서 1종 · 예: Levante um pouquinho, por favor!",포함
"Achem meu pai, por favor!",,기타,,발표 시기 미상,,,"번역서 1종 · 예: Achem meu pai, por favor!",포함
"The sound of water, the sound of wind and other early works by a mountain monk",,기타,,발표 시기 미상,,,"번역서 1종 · 예: The sound of water, the sound of wind and other early works by a mountain monk",포함
The red room,,기타,,발표 시기 미상,,,번역서 1종 · 예: The red room,포함
"Você se lembra, Andorinha?",,기타,,발표 시기 미상,,,"번역서 1종 · 예: Você se lembra, Andorinha?",포함
O castelo da bruxa confusa,,기타,,발표 시기 미상,,,번역서 1종 · 예: O castelo da bruxa confusa,포함
O sonho de Dam-Dam e do sr. Gom-Gom,,기타,,발표 시기 미상,,,번역서 1종 · 예: O sonho de Dam-Dam e do sr. Gom-Gom,포함
鬼神のすむ家,,기타,,발표 시기 미상,,,번역서 1종 · 예: 鬼神のすむ家,포함
流苏树,,기타,,발표 시기 미상,,,번역서 1종 · 예: 流苏树,포함
The old garden,,기타,,발표 시기 미상,,,번역서 1종 · 예: The old garden,포함
Blütenneid,,기타,,발표 시기 미상,,,번역서 1종 · 예: Blütenneid,포함
为爱疯狂,,기타,,발표 시기 미상,,,번역서 1종 · 예: 为爱疯狂,포함
船歌,,기타,,발표 시기 미상,,,번역서 1종 · 예: 船歌,포함
Traditional performing arts of Korea,,기타,,발표 시기 미상,,,번역서 1종 · 예: Traditional performing arts of Korea,포함
Korea style,,기타,,발표 시기 미상,,,번역서 1종 · 예: Korea style,포함
Heimat,,기타,,발표 시기 미상,,,번역서 1종 · 예: Heimat,포함
ДОЧЕРИ АПТЕКАРЯ КИМА,,기타,,발표 시기 미상,,,번역서 1종 · 예: ДОЧЕРИ АПТЕКАРЯ КИМА,포함
The Clowns,,기타,,발표 시기 미상,,,번역서 1종 · 예: The Clowns,포함
Understanding Korean American Literature,,기타,,발표 시기 미상,,,번역서 1종 · 예: Understanding Korean American Literature,포함
玩偶之城,,기타,,발표 시기 미상,,,번역서 1종 · 예: 玩偶之城,포함
"Điều Gì Xảy Ra, Ai Biết…",,기타,,발표 시기 미상,,,"번역서 1종 · 예: Điều Gì Xảy Ra, Ai Biết…",포함
"Ода о драконах, летяших к небу",,기타,,발표 시기 미상,,,"번역서 1종 · 예: Ода о драконах, летяших к небу",포함
The Requiem for Peace,,기타,,발표 시기 미상,,,번역서 1종 · 예: The Requiem for Peace,포함
韓国科學史,,기타,,발표 시기 미상,,,번역서 1종 · 예: 韓国科學史,포함
韓國道敎思想,,기타,,발표 시기 미상,,,번역서 1종 · 예: 韓國道敎思想,포함
深林之屋,,기타,,발표 시기 미상,,,번역서 1종 · 예: 深林之屋,포함
The Crane in the Clouds: Shijo,,기타,,발표 시기 미상,,,번역서 1종 · 예: The Crane in the Clouds: Shijo,포함
Geheimnisse und Lügen,,기타,,발표 시기 미상,,,번역서 1종 · 예: Geheimnisse und Lügen,포함
朝鮮王宮の樹木,,기타,,발표 시기 미상,,,번역서 1종 · 예: 朝鮮王宮の樹木,포함
Gyeongju Namsan,,기타,,발표 시기 미상,,,번역서 1종 · 예: Gyeongju Namsan,포함
"Communautés villageoises, réseaux urbains",,기타,,발표 시기 미상,,,"번역서 1종 · 예: Communautés villageoises, réseaux urbains",포함
"Traditions, rituels, croyances",,기타,,발표 시기 미상,,,"번역서 1종 · 예: Traditions, rituels, croyances",포함
Je suis un écrivain fantôme,,기타,,발표 시기 미상,,,번역서 1종 · 예: Je suis un écrivain fantôme,포함
Ein Frühlingstag im Paradies,,기타,,발표 시기 미상,,,번역서 1종 · 예: Ein Frühlingstag im Paradies,포함
柏林狂想曲,,기타,,발표 시기 미상,,,번역서 1종 · 예: 柏林狂想曲,포함
The Great Retreat and Other Plays,,희곡,,발표 시기 미상,,,번역서 1종 · 예: The Great Retreat and Other Plays,포함
Buddha,,기타,,발표 시기 미상,,,번역서 1종 · 예: Buddha,포함
Das metallkunsthandwerk des alten Korea,,기타,,발표 시기 미상,,,번역서 1종 · 예: Das metallkunsthandwerk des alten Korea,포함
La hoja negra dentro de la boca,,기타,,발표 시기 미상,,,번역서 1종 · 예: La hoja negra dentro de la boca,포함
世界的尽头，我的女友,,기타,,발표 시기 미상,,,번역서 1종 · 예: 世界的尽头，我的女友,포함
Kamelien,,기타,,발표 시기 미상,,,번역서 1종 · 예: Kamelien,포함
Wolkenträume,,기타,,발표 시기 미상,,,번역서 1종 · 예: Wolkenträume,포함
Říše světla,,기타,,발표 시기 미상,,,번역서 1종 · 예: Říše světla,포함
SUR LES TRACES du SERPENT BLANT,,기타,,발표 시기 미상,,,번역서 1종 · 예: SUR LES TRACES du SERPENT BLANT,포함
"A Most Ambiguous Sunday, and Other Stories",,단편소설,,발표 시기 미상,,,"번역서 1종 · 예: A Most Ambiguous Sunday, and Other Stories",포함
My Son's Girlfriend,,기타,,발표 시기 미상,,,번역서 1종 · 예: My Son's Girlfriend,포함
When Adam Opens His Eyes,,기타,,발표 시기 미상,,,번역서 1종 · 예: When Adam Opens His Eyes,포함
КΛУБ ФАНТАЗИЙ,,기타,,발표 시기 미상,,,번역서 1종 · 예: КΛУБ ФАНТАЗИЙ,포함
"Истории, записанные на горе Золотая Черепаха",,기타,,발표 시기 미상,,,"번역서 1종 · 예: Истории, записанные на горе Золотая Черепаха",포함
BLÜTEN DES AUGENBLICKS,,기타,,발표 시기 미상,,,번역서 1종 · 예: BLÜTEN DES AUGENBLICKS,포함
One Spoon on This Earth,,기타,,발표 시기 미상,,,번역서 1종 · 예: One Spoon on This Earth,포함
Kim Ki-Duk Barbar oder Sündenbock?,,기타,,발표 시기 미상,,,번역서 1종 · 예: Kim Ki-Duk Barbar oder Sündenbock?,포함
Betriebsferien und andere Umstände,,기타,,발표 시기 미상,,,번역서 1종 · 예: Betriebsferien und andere Umstände,포함
Stingray,,기타,,발표 시기 미상,,,번역서 1종 · 예: Stingray,포함
LES PIQUETS DE MA MÈRE,,기타,,발표 시기 미상,,,번역서 1종 · 예: LES PIQUETS DE MA MÈRE,포함
LES RATS DE MUSÉE,,기타,,발표 시기 미상,,,번역서 1종 · 예: LES RATS DE MUSÉE,포함
"女人, 因画而幸福",,기타,,발표 시기 미상,,,"번역서 1종 · 예: 女人, 因画而幸福",포함
占领果园,,기타,,발표 시기 미상,,,번역서 1종 · 예: 占领果园,포함
La Letteratura Coreana,,기타,,발표 시기 미상,,,번역서 1종 · 예: La Letteratura Coreana,포함
菜食主義者,,기타,,발표 시기 미상,,,번역서 1종 · 예: 菜食主義者,포함
Ghostface,,기타,,발표 시기 미상,,,번역서 1종 · 예: Ghostface,포함
讓倒數第一變成第一名的神奇力量,,기타,,발표 시기 미상,,,번역서 1종 · 예: 讓倒數第一變成第一名的神奇力量,포함
Annyira kisaly vagy!,,기타,,발표 시기 미상,,,번역서 1종 · 예: Annyira kisaly vagy!,포함
A VEGETARIANA,,기타,,발표 시기 미상,,,번역서 1종 · 예: A VEGETARIANA,포함
La douce main du temps,,기타,,발표 시기 미상,,,번역서 1종 · 예: La douce main du temps,포함
KOREANISCHE LITERATUR DES 20. JAHRHUNDERTS,,기타,,발표 시기 미상,,,번역서 1종 · 예: KOREANISCHE LITERATUR DES 20. JAHRHUNDERTS,포함
Autobiographie aus Eis,,기타,,발표 시기 미상,,,번역서 1종 · 예: Autobiographie aus Eis,포함
На краю жизни,,기타,,발표 시기 미상,,,번역서 1종 · 예: На краю жизни,포함
请到玉米地来,,기타,,발표 시기 미상,,,번역서 1종 · 예: 请到玉米地来,포함
Setkání,,기타,,발표 시기 미상,,,번역서 1종 · 예: Setkání,포함
碎嘴男孩的一地鸡毛,,기타,,발표 시기 미상,,,번역서 1종 · 예: 碎嘴男孩的一地鸡毛,포함
我不是绯闻女生,,기타,,발표 시기 미상,,,번역서 1종 · 예: 我不是绯闻女生,포함
傻傻孩的幸福时光,,기타,,발표 시기 미상,,,번역서 1종 · 예: 傻傻孩的幸福时光,포함
MigayaLa dernière princesse chauve-souris,,기타,,발표 시기 미상,,,번역서 1종 · 예: MigayaLa dernière princesse chauve-souris,포함
Caves,,기타,,발표 시기 미상,,,번역서 1종 · 예: Caves,포함
Toegye and Gobong Write Letters,,기타,,발표 시기 미상,,,번역서 1종 · 예: Toegye and Gobong Write Letters,포함
Ðường biển - cao tốc phát triển văn hóa,,기타,,발표 시기 미상,,,번역서 1종 · 예: Ðường biển - cao tốc phát triển văn hóa,포함
Die Kleine Echse Stummelschwanz,,기타,,발표 시기 미상,,,번역서 1종 · 예: Die Kleine Echse Stummelschwanz,포함
Cô Gà Mái Xổng Chuồng,,기타,,발표 시기 미상,,,번역서 1종 · 예: Cô Gà Mái Xổng Chuồng,포함
histoire d'un couple,,기타,,발표 시기 미상,,,번역서 1종 · 예: histoire d'un couple,포함
Tradycyjne malarstwo koreańskie,,기타,,발표 시기 미상,,,번역서 1종 · 예: Tradycyjne malarstwo koreańskie,포함
Наставление царю цветов,,기타,,발표 시기 미상,,,번역서 1종 · 예: Наставление царю цветов,포함
THE HEN WHO DREAMED SHE COULD FLY,,기타,,발표 시기 미상,,,번역서 1종 · 예: THE HEN WHO DREAMED SHE COULD FLY,포함
Choreographers in Motion,,기타,,발표 시기 미상,,,번역서 1종 · 예: Choreographers in Motion,포함
Le Vieux Journal,,기타,,발표 시기 미상,,,번역서 1종 · 예: Le Vieux Journal,포함
Тайна и ложь,,기타,,발표 시기 미상,,,번역서 1종 · 예: Тайна и ложь,포함
Сон в зAоблачных высях,,기타,,발표 시기 미상,,,번역서 1종 · 예: Сон в зAоблачных высях,포함
Песни Западного края,,기타,,발표 시기 미상,,,번역서 1종 · 예: Песни Западного края,포함
白樂晴： 分斷體制 · 民族文學,,기타,,발표 시기 미상,,,번역서 1종 · 예: 白樂晴： 分斷體制 · 民族文學,포함
Тайная жизнь растений,,기타,,발표 시기 미상,,,번역서 1종 · 예: Тайная жизнь растений,포함
PIERROT EN MAL DE LUNE,,기타,,발표 시기 미상,,,번역서 1종 · 예: PIERROT EN MAL DE LUNE,포함
La vida secreta de las plantas,,기타,,발표 시기 미상,,,번역서 1종 · 예: La vida secreta de las plantas,포함
Espejismos de otoño,,기타,,발표 시기 미상,,,번역서 1종 · 예: Espejismos de otoño,포함
Cinco Poetas Contemporáneos de Corea,,기타,,발표 시기 미상,,,번역서 1종 · 예: Cinco Poetas Contemporáneos de Corea,포함
Cesta k probuzeni v tradici korejskeho buddhismu,,기타,,발표 시기 미상,,,번역서 1종 · 예: Cesta k probuzeni v tradici korejskeho buddhismu,포함
丁若镛哲学思想研究,,기타,,발표 시기 미상,,,번역서 1종 · 예: 丁若镛哲学思想研究,포함
寻找不会唠叨的父母大人,,기타,,발표 시기 미상,,,번역서 1종 · 예: 寻找不会唠叨的父母大人,포함
土鸡插班生遇上了完美男生,,기타,,발표 시기 미상,,,번역서 1종 · 예: 土鸡插班生遇上了完美男生,포함
Science and technology in Korean history,,기타,,발표 시기 미상,,,번역서 1종 · 예: Science and technology in Korean history,포함
Land and Life,,기타,,발표 시기 미상,,,번역서 1종 · 예: Land and Life,포함
Putain de pupitres!,,기타,,발표 시기 미상,,,번역서 1종 · 예: Putain de pupitres!,포함
Невеста речного,,기타,,발표 시기 미상,,,번역서 1종 · 예: Невеста речного,포함
Светлый источник,,기타,,발표 시기 미상,,,번역서 1종 · 예: Светлый источник,포함
Recherche sur les fresques tombales du royaume Coréen de Koguryo,,기타,,발표 시기 미상,,,번역서 1종 · 예: Recherche sur les fresques tombales du royaume Coréen de Koguryo,포함
韓國近代哲學の成立と展開,,기타,,발표 시기 미상,,,번역서 1종 · 예: 韓國近代哲學の成立と展開,포함
Im Gasthof,,기타,,발표 시기 미상,,,번역서 1종 · 예: Im Gasthof,포함
Kerker der Liebe,,기타,,발표 시기 미상,,,번역서 1종 · 예: Kerker der Liebe,포함
「玆山漁譜」を訪ねて,,기타,,발표 시기 미상,,,번역서 1종 · 예: 「玆山漁譜」を訪ねて,포함
Joudori,,기타,,발표 시기 미상,,,번역서 1종 · 예: Joudori,포함
"Banjjogi, der Halbling",,기타,,발표 시기 미상,,,"번역서 1종 · 예: Banjjogi, der Halbling",포함
ทะเลและผีเสื้อ,,기타,,발표 시기 미상,,,번역서 1종 · 예: ทะเลและผีเสื้อ,포함
PRINCESSE BARI,,기타,,발표 시기 미상,,,번역서 1종 · 예: PRINCESSE BARI,포함
El regalo del ave,,기타,,발표 시기 미상,,,번역서 1종 · 예: El regalo del ave,포함
Hacia la hora ajena,,기타,,발표 시기 미상,,,번역서 1종 · 예: Hacia la hora ajena,포함
リー ウェイドの韓国料理,,기타,,발표 시기 미상,,,번역서 1종 · 예: リー ウェイドの韓国料理,포함
早起的鸟儿有虫吃,,기타,,발표 시기 미상,,,번역서 1종 · 예: 早起的鸟儿有虫吃,포함
小不点儿们的拯救行动,,기타,,발표 시기 미상,,,번역서 1종 · 예: 小不点儿们的拯救行动,포함
坐着时光机来的老师,,기타,,발표 시기 미상,,,번역서 1종 · 예: 坐着时光机来的老师,포함
海上游轮之旅,,기타,,발표 시기 미상,,,번역서 1종 · 예: 海上游轮之旅,포함
Moderne koreanische Architektur eine kritische betrachtung,,기타,,발표 시기 미상,,,번역서 1종 · 예: Moderne koreanische Architektur eine kritische betrachtung,포함
Nietzche,,기타,,발표 시기 미상,,,번역서 1종 · 예: Nietzche,포함
The Secrets Behind the Number 64,,기타,,발표 시기 미상,,,번역서 1종 · 예: The Secrets Behind the Number 64,포함
Un jour de pluie,,기타,,발표 시기 미상,,,번역서 1종 · 예: Un jour de pluie,포함
我和我的野兔同桌,,기타,,발표 시기 미상,,,번역서 1종 · 예: 我和我的野兔同桌,포함
韓国現代詩選 -茨木のり子訳編-,,시,,발표 시기 미상,,,번역서 1종 · 예: 韓国現代詩選 -茨木のり子訳編-,포함
鄭喜成詩選集 詩を探し求めて,,시,,발표 시기 미상,,,번역서 1종 · 예: 鄭喜成詩選集 詩を探し求めて,포함
Ung pilgrim,,기타,,발표 시기 미상,,,번역서 1종 · 예: Ung pilgrim,포함
L`ecole des chats,,기타,,발표 시기 미상,,,번역서 2종 · 예: L`ecole des chats,포함
Stundens blomma,,기타,,발표 시기 미상,,,번역서 1종 · 예: Stundens blomma,포함
Fråga månskenet om vägen,,기타,,발표 시기 미상,,,번역서 1종 · 예: Fråga månskenet om vägen,포함
Poeten,,기타,,발표 시기 미상,,,번역서 1종 · 예: Poeten,포함
Det Kala trädet,,기타,,발표 시기 미상,,,번역서 1종 · 예: Det Kala trädet,포함
BLACK FLOWER,,기타,,발표 시기 미상,,,번역서 1종 · 예: BLACK FLOWER,포함
Truyện cố Hàn Quốc thòi Tam Quốc dành cho thiếu nhi .,,기타,,발표 시기 미상,,,번역서 1종 · 예: Truyện cố Hàn Quốc thòi Tam Quốc dành cho thiếu nhi .,포함
光之帝国,,기타,,발표 시기 미상,,,번역서 1종 · 예: 光之帝国,포함
冠村随笔,,수필,,발표 시기 미상,,,번역서 1종 · 예: 冠村随笔,포함
Murmullos de gloria,,기타,,발표 시기 미상,,,번역서 1종 · 예: Murmullos de gloria,포함
Det Eviga Livet,,기타,,발표 시기 미상,,,번역서 1종 · 예: Det Eviga Livet,포함
El pequeño inventor,,기타,,발표 시기 미상,,,번역서 1종 · 예: El pequeño inventor,포함
¿De quién es esa sombra?,,기타,,발표 시기 미상,,,번역서 1종 · 예: ¿De quién es esa sombra?,포함
JI-DO,,기타,,발표 시기 미상,,,번역서 1종 · 예: JI-DO,포함
白石詩集,,시,,발표 시기 미상,,,번역서 1종 · 예: 白石詩集,포함
Бари гүнж,,기타,,발표 시기 미상,,,번역서 1종 · 예: Бари гүнж,포함
"СЕУЛ, ЗИМА 1964 ГОДА",,기타,,발표 시기 미상,,,"번역서 1종 · 예: СЕУЛ, ЗИМА 1964 ГОДА",포함
我们神奇的衣服——皮肤,,기타,,발표 시기 미상,,,번역서 1종 · 예: 我们神奇的衣服——皮肤,포함
地球的情节小卫士是谁呢？,,기타,,발표 시기 미상,,,번역서 1종 · 예: 地球的情节小卫士是谁呢？,포함
猜猜我是谁？,,기타,,발표 시기 미상,,,번역서 1종 · 예: 猜猜我是谁？,포함
谁吃了苍蝇？,,기타,,발표 시기 미상,,,번역서 1종 · 예: 谁吃了苍蝇？,포함
El pungniudo y el pensamiento religioso de Corea,,기타,,발표 시기 미상,,,번역서 1종 · 예: El pungniudo y el pensamiento religioso de Corea,포함
En busca del elefante,,기타,,발표 시기 미상,,,번역서 1종 · 예: En busca del elefante,포함
AÇELYA ÇiCEĞi,,기타,,발표 시기 미상,,,번역서 1종 · 예: AÇELYA ÇiCEĞi,포함
GÖĞE DÖNÜŞ,,기타,,발표 시기 미상,,,번역서 1종 · 예: GÖĞE DÖNÜŞ,포함
Regnperioden,,기타,,발표 시기 미상,,,번역서 1종 · 예: Regnperioden,포함
From Wonso Pond,,기타,,발표 시기 미상,,,번역서 1종 · 예: From Wonso Pond,포함
懂得幽默,,기타,,발표 시기 미상,,,번역서 1종 · 예: 懂得幽默,포함
(一个小学五年級女生的奇妙之旅) 带着老爸去巴黎,,기타,,발표 시기 미상,,,번역서 1종 · 예: (一个小学五年級女生的奇妙之旅) 带着老爸去巴黎,포함
ПΛАЧ СОРОКИ,,기타,,발표 시기 미상,,,번역서 1종 · 예: ПΛАЧ СОРОКИ,포함
Mahaй aнгийн овгоp,,기타,,발표 시기 미상,,,번역서 1종 · 예: Mahaй aнгийн овгоp,포함
Magnolia & Lotus,,기타,,발표 시기 미상,,,번역서 1종 · 예: Magnolia & Lotus,포함
LA VEGETARIANA,,기타,,발표 시기 미상,,,번역서 1종 · 예: LA VEGETARIANA,포함
The Columbia anthology of traditional Korean poetry,,시,,발표 시기 미상,,,번역서 1종 · 예: The Columbia anthology of traditional Korean poetry,포함
Understanding Modern Korean Literature,,기타,,발표 시기 미상,,,번역서 1종 · 예: Understanding Modern Korean Literature,포함
MANUAL DE TRADUCCIÓN,,기타,,발표 시기 미상,,,번역서 1종 · 예: MANUAL DE TRADUCCIÓN,포함
ДАМАРИ ЖИВОТА,,기타,,발표 시기 미상,,,번역서 1종 · 예: ДАМАРИ ЖИВОТА,포함
Who ate up all the shinga?,,기타,,발표 시기 미상,,,번역서 1종 · 예: Who ate up all the shinga?,포함
The Columbia anthology of modern Korean poetry,,시,,발표 시기 미상,,,번역서 1종 · 예: The Columbia anthology of modern Korean poetry,포함
韓国文化シンボル事典,,기타,,발표 시기 미상,,,번역서 1종 · 예: 韓国文化シンボル事典,포함
Les lettres du secret,,기타,,발표 시기 미상,,,번역서 1종 · 예: Les lettres du secret,포함
CHUCHOTEMENT,,기타,,발표 시기 미상,,,번역서 1종 · 예: CHUCHOTEMENT,포함
ICI COMME AILLEURS,,기타,,발표 시기 미상,,,번역서 1종 · 예: ICI COMME AILLEURS,포함
Mong Sil,,기타,,발표 시기 미상,,,번역서 1종 · 예: Mong Sil,포함
Feminist Eleştiri,,기타,,발표 시기 미상,,,번역서 1종 · 예: Feminist Eleştiri,포함
Türk EdebiyatΙnda Kore SavaşΙ,,기타,,발표 시기 미상,,,번역서 1종 · 예: Türk EdebiyatΙnda Kore SavaşΙ,포함
Korea Öyküleri,,기타,,발표 시기 미상,,,번역서 1종 · 예: Korea Öyküleri,포함
Io Adasi,,기타,,발표 시기 미상,,,번역서 1종 · 예: Io Adasi,포함
Les Amants du Coca-Cola Club,,기타,,발표 시기 미상,,,번역서 1종 · 예: Les Amants du Coca-Cola Club,포함
RÉGIME VÉGÉTARIEN,,기타,,발표 시기 미상,,,번역서 1종 · 예: RÉGIME VÉGÉTARIEN,포함
HISTORIA DE LA LITERATURA COREANA,,기타,,발표 시기 미상,,,번역서 1종 · 예: HISTORIA DE LA LITERATURA COREANA,포함
欢迎到我的神秘花园来参观,,기타,,발표 시기 미상,,,번역서 1종 · 예: 欢迎到我的神秘花园来参观,포함
Guía de comida coreana en español,,기타,,발표 시기 미상,,,번역서 1종 · 예: Guía de comida coreana en español,포함
搶救地球能源再生能源 vs 原子核能源,,기타,,발표 시기 미상,,,번역서 1종 · 예: 搶救地球能源再生能源 vs 原子核能源,포함
Będę tam,,기타,,발표 시기 미상,,,번역서 1종 · 예: Będę tam,포함
L'Ombre du vide,,기타,,발표 시기 미상,,,번역서 1종 · 예: L'Ombre du vide,포함
Coffee Prince,,기타,,발표 시기 미상,,,번역서 1종 · 예: Coffee Prince,포함
Mitos coreanos,,기타,,발표 시기 미상,,,번역서 1종 · 예: Mitos coreanos,포함
La otra cara de la vida,,기타,,발표 시기 미상,,,번역서 1종 · 예: La otra cara de la vida,포함
QUI ÊTES-VOUS ?,,기타,,발표 시기 미상,,,번역서 1종 · 예: QUI ÊTES-VOUS ?,포함
"Água, visível e invisível",,기타,,발표 시기 미상,,,"번역서 1종 · 예: Água, visível e invisível",포함
CUENTOS Y LEYENDAS TRADICIONALES DE COREA,,단편소설,,발표 시기 미상,,,번역서 1종 · 예: CUENTOS Y LEYENDAS TRADICIONALES DE COREA,포함
Ilueve Ilueve Ilueve…,,기타,,발표 시기 미상,,,번역서 1종 · 예: Ilueve Ilueve Ilueve…,포함
Como flutuam os barcos,,기타,,발표 시기 미상,,,번역서 1종 · 예: Como flutuam os barcos,포함
O ar está em todo lugar,,기타,,발표 시기 미상,,,번역서 1종 · 예: O ar está em todo lugar,포함
O que é DNA?,,기타,,발표 시기 미상,,,번역서 1종 · 예: O que é DNA?,포함
Korea's golden poems = 한국의 명시,,시,,발표 시기 미상,,,번역서 1종 · 예: Korea's golden poems = 한국의 명시,포함
PAPEL,,기타,,발표 시기 미상,,,번역서 1종 · 예: PAPEL,포함
都市は何によってできているのか,,기타,,발표 시기 미상,,,번역서 1종 · 예: 都市は何によってできているのか,포함
Cuentos coreanos del siglo XX,,단편소설,,발표 시기 미상,,,번역서 1종 · 예: Cuentos coreanos del siglo XX,포함
IM REICH DER LICHTER,,기타,,발표 시기 미상,,,번역서 1종 · 예: IM REICH DER LICHTER,포함
Le bruit du tonnerre,,기타,,발표 시기 미상,,,번역서 1종 · 예: Le bruit du tonnerre,포함
The color of water,,기타,,발표 시기 미상,,,번역서 1종 · 예: The color of water,포함
El anciano y el ratón,,기타,,발표 시기 미상,,,번역서 1종 · 예: El anciano y el ratón,포함
Surrealismo y Budismo Zen convergencias y divergencias,,기타,,발표 시기 미상,,,번역서 1종 · 예: Surrealismo y Budismo Zen convergencias y divergencias,포함
El Invierno de Aquel Año,,기타,,발표 시기 미상,,,번역서 1종 · 예: El Invierno de Aquel Año,포함
The color of heaven,,기타,,발표 시기 미상,,,번역서 1종 · 예: The color of heaven,포함
改变世界的50位诺贝尔奖得主,,기타,,발표 시기 미상,,,번역서 1종 · 예: 改变世界的50位诺贝尔奖得主,포함
"La familia de tal palo, tal astilla",,기타,,발표 시기 미상,,,"번역서 1종 · 예: La familia de tal palo, tal astilla",포함
Los árboles en la cuesta,,기타,,발표 시기 미상,,,번역서 1종 · 예: Los árboles en la cuesta,포함
माँ का ध्यान रखना,,기타,,발표 시기 미상,,,번역서 1종 · 예: माँ का ध्यान रखना,포함
為自己的夢想掌舵,,기타,,발표 시기 미상,,,번역서 1종 · 예: 為自己的夢想掌舵,포함
Samguk Yusa,,기타,,발표 시기 미상,,,번역서 1종 · 예: Samguk Yusa,포함
척하는 삶,,기타,,발표 시기 미상,,,번역서 1종 · 예: 척하는 삶,포함
Seoul-1964-Winter,,기타,,발표 시기 미상,,,번역서 1종 · 예: Seoul-1964-Winter,포함
Memorias de una niña de la guerra,,기타,,발표 시기 미상,,,번역서 1종 · 예: Memorias de una niña de la guerra,포함
"Los del Sur, los del Norte",,기타,,발표 시기 미상,,,"번역서 1종 · 예: Los del Sur, los del Norte",포함
Ohnivý Inferno,,기타,,발표 시기 미상,,,번역서 1종 · 예: Ohnivý Inferno,포함
Královnin rytíř,,기타,,발표 시기 미상,,,번역서 1종 · 예: Královnin rytíř,포함
LEGENDA,,기타,,발표 시기 미상,,,번역서 1종 · 예: LEGENDA,포함
EL CHICLE,,기타,,발표 시기 미상,,,번역서 1종 · 예: EL CHICLE,포함
CRÓNICA DE UN LAMENTO,,기타,,발표 시기 미상,,,번역서 1종 · 예: CRÓNICA DE UN LAMENTO,포함
Razón de las sinrazones,,기타,,발표 시기 미상,,,번역서 1종 · 예: Razón de las sinrazones,포함
Ya queda poca luz del día,,기타,,발표 시기 미상,,,번역서 1종 · 예: Ya queda poca luz del día,포함
¿Seguirá soñando?,,기타,,발표 시기 미상,,,번역서 1종 · 예: ¿Seguirá soñando?,포함
HERR HAN,,기타,,발표 시기 미상,,,번역서 1종 · 예: HERR HAN,포함
必玩!首爾地鐵通,,기타,,발표 시기 미상,,,번역서 1종 · 예: 必玩!首爾地鐵通,포함
零用錢理財日記,,기타,,발표 시기 미상,,,번역서 1종 · 예: 零用錢理財日記,포함
不靠降壓藥，高血壓才會好！高血壓名醫傳授自然痊癒的整合療法,,기타,,발표 시기 미상,,,번역서 1종 · 예: 不靠降壓藥，高血壓才會好！高血壓名醫傳授自然痊癒的整合療法,포함
La familia itinerante,,기타,,발표 시기 미상,,,번역서 1종 · 예: La familia itinerante,포함
El huésped,,기타,,발표 시기 미상,,,번역서 1종 · 예: El huésped,포함
Czarny ptak,,기타,,발표 시기 미상,,,번역서 1종 · 예: Czarny ptak,포함
"一个人, 也要活得性感",,기타,,발표 시기 미상,,,"번역서 1종 · 예: 一个人, 也要活得性感",포함
世界如此险恶你要看透人心全世界心理学家都在用的秒杀识人术,,기타,,발표 시기 미상,,,번역서 1종 · 예: 世界如此险恶你要看透人心全世界心理学家都在用的秒杀识人术,포함
Cuando florece el alforfón,,기타,,발표 시기 미상,,,번역서 1종 · 예: Cuando florece el alforfón,포함
魅惑的技巧,,기타,,발표 시기 미상,,,번역서 1종 · 예: 魅惑的技巧,포함
大酱女 Style,,기타,,발표 시기 미상,,,번역서 1종 · 예: 大酱女 Style,포함
我们的幸福的时光,,기타,,발표 시기 미상,,,번역서 1종 · 예: 我们的幸福的时光,포함
鳀鱼,,기타,,발표 시기 미상,,,번역서 1종 · 예: 鳀鱼,포함
Nokcheon,,기타,,발표 시기 미상,,,번역서 1종 · 예: Nokcheon,포함
Translucency,,기타,,발표 시기 미상,,,번역서 1종 · 예: Translucency,포함
Walking on a Washing Line,,기타,,발표 시기 미상,,,번역서 1종 · 예: Walking on a Washing Line,포함
"Als der Hahn im Dorf am Fluβ krähte, hing der Mond noch im Dachgesims",,기타,,발표 시기 미상,,,"번역서 1종 · 예: Als der Hahn im Dorf am Fluβ krähte, hing der Mond noch im Dachgesims",포함
Как их много!,,기타,,발표 시기 미상,,,번역서 1종 · 예: Как их много!,포함
Sweet Potato,,기타,,발표 시기 미상,,,번역서 1종 · 예: Sweet Potato,포함
LE TERRORISTE ET AUTRES NOUVELLES,,단편소설,,발표 시기 미상,,,번역서 1종 · 예: LE TERRORISTE ET AUTRES NOUVELLES,포함
I heard life calling me,,기타,,발표 시기 미상,,,번역서 1종 · 예: I heard life calling me,포함
Chơi Quiz Show,,기타,,발표 시기 미상,,,번역서 1종 · 예: Chơi Quiz Show,포함
Grotesco,,기타,,발표 시기 미상,,,번역서 1종 · 예: Grotesco,포함
Menschenduft,,기타,,발표 시기 미상,,,번역서 1종 · 예: Menschenduft,포함
Traveler Maps,,기타,,발표 시기 미상,,,번역서 1종 · 예: Traveler Maps,포함
真昼の視線,,기타,,발표 시기 미상,,,번역서 1종 · 예: 真昼の視線,포함
Der Gedenkstein,,기타,,발표 시기 미상,,,번역서 1종 · 예: Der Gedenkstein,포함
This side of time,,기타,,발표 시기 미상,,,번역서 1종 · 예: This side of time,포함
On the eve of the uprising and other stories from colonial Korea,,단편소설,,발표 시기 미상,,,번역서 2종 · 예: On the eve of the uprising and other stories from colonial Korea,포함
Trauer über einen Schmetterling und andere,,기타,,발표 시기 미상,,,번역서 1종 · 예: Trauer über einen Schmetterling und andere,포함
Das Haus auf dem Weg,,기타,,발표 시기 미상,,,번역서 1종 · 예: Das Haus auf dem Weg,포함
El camino andado con mi hijo,,기타,,발표 시기 미상,,,번역서 1종 · 예: El camino andado con mi hijo,포함
L'Isola che canta,,기타,,발표 시기 미상,,,번역서 2종 · 예: L'Isola che canta,포함
L'AMORE POSSIBLE,,기타,,발표 시기 미상,,,번역서 1종 · 예: L'AMORE POSSIBLE,포함
История фазана КОРЕЙСКИЕ ПОВЕСТИ 19 века,,기타,,발표 시기 미상,,,번역서 1종 · 예: История фазана КОРЕЙСКИЕ ПОВЕСТИ 19 века,포함
"Viaje a Muyin, ciudad de la niebla",,기타,,발표 시기 미상,,,"번역서 1종 · 예: Viaje a Muyin, ciudad de la niebla",포함
Songe de la falaise,,기타,,발표 시기 미상,,,번역서 1종 · 예: Songe de la falaise,포함
金洙暎詩集,,시,,발표 시기 미상,,,번역서 1종 · 예: 金洙暎詩集,포함
La Chamane à l'éventail,,기타,,발표 시기 미상,,,번역서 1종 · 예: La Chamane à l'éventail,포함
罗锅爷爷去了哪里,,기타,,발표 시기 미상,,,번역서 1종 · 예: 罗锅爷爷去了哪里,포함
松伊的黃雨伞,,기타,,발표 시기 미상,,,번역서 1종 · 예: 松伊的黃雨伞,포함
"石油, 不見了啦如果這世界上沒有石油的話",,기타,,발표 시기 미상,,,"번역서 1종 · 예: 石油, 不見了啦如果這世界上沒有石油的話",포함
有一天世界上都沒有食物的話？咦~漢堡通通不見了！,,기타,,발표 시기 미상,,,번역서 1종 · 예: 有一天世界上都沒有食物的話？咦~漢堡通通不見了！,포함
母よ ヘギョンの愛した家族,,기타,,발표 시기 미상,,,번역서 1종 · 예: 母よ ヘギョンの愛した家族,포함
天際の彼方に,,기타,,발표 시기 미상,,,번역서 1종 · 예: 天際の彼方に,포함
Zaproszenie na kimchi?,,기타,,발표 시기 미상,https://library.ltikorea.or.kr/translatedbooks/10558,,번역서 2종 · 폴란드어 · 예: Zaproszenie na kimchi?,포함
Das Zimmer im Abseits,,기타,,발표 시기 미상,,,번역서 1종 · 예: Das Zimmer im Abseits,포함
Nagelspuren,,기타,,발표 시기 미상,,,번역서 1종 · 예: Nagelspuren,포함
"爸爸, 加油",,기타,,발표 시기 미상,,,"번역서 1종 · 예: 爸爸, 加油",포함
日记图书馆,,기타,,발표 시기 미상,,,번역서 1종 · 예: 日记图书馆,포함
兴夫传,,기타,,발표 시기 미상,,,번역서 1종 · 예: 兴夫传,포함
洪吉童传,,기타,,발표 시기 미상,,,번역서 1종 · 예: 洪吉童传,포함
韩国现代小说选,,기타,,발표 시기 미상,,,번역서 1종 · 예: 韩国现代小说选,포함
"VA, NE TE RETOURNE PAS",,기타,,발표 시기 미상,,,"번역서 1종 · 예: VA, NE TE RETOURNE PAS",포함
FLORECIMIENTO,,기타,,발표 시기 미상,,,번역서 1종 · 예: FLORECIMIENTO,포함
分身人,,기타,,발표 시기 미상,,,번역서 1종 · 예: 分身人,포함
Qu'est-ce?,,기타,,발표 시기 미상,,,번역서 1종 · 예: Qu'est-ce?,포함
Blue stallion,,기타,,발표 시기 미상,,,번역서 1종 · 예: Blue stallion,포함
像犀牛独角一样只身前行,,기타,,발표 시기 미상,,,번역서 1종 · 예: 像犀牛独角一样只身前行,포함
快乐我家,,기타,,발표 시기 미상,,,번역서 1종 · 예: 快乐我家,포함
鲭鱼,,기타,,발표 시기 미상,,,번역서 1종 · 예: 鲭鱼,포함
兔子传,,기타,,발표 시기 미상,,,번역서 1종 · 예: 兔子传,포함
我的甜蜜都市,,기타,,발표 시기 미상,,,번역서 1종 · 예: 我的甜蜜都市,포함
Vom Yalu bis zur Isar Erzählungen,,기타,,발표 시기 미상,,,번역서 1종 · 예: Vom Yalu bis zur Isar Erzählungen,포함
高句麗好太王,,기타,,발표 시기 미상,,,번역서 1종 · 예: 高句麗好太王,포함
深院大宅,,기타,,발표 시기 미상,,,번역서 1종 · 예: 深院大宅,포함
Die Geschichte vom Beamten Pae,,기타,,발표 시기 미상,,,번역서 1종 · 예: Die Geschichte vom Beamten Pae,포함
СКАЗАНИЕ О НОВЪIХ КИСЭН,,기타,,발표 시기 미상,,,번역서 1종 · 예: СКАЗАНИЕ О НОВЪIХ КИСЭН,포함
Adieu le cirque!,,기타,,발표 시기 미상,,,번역서 1종 · 예: Adieu le cirque!,포함
Als Mutter verschwand,,기타,,발표 시기 미상,,,번역서 1종 · 예: Als Mutter verschwand,포함
跘跚的午后,,기타,,발표 시기 미상,,,번역서 1종 · 예: 跘跚的午后,포함
非常久遠的玩笑,,기타,,발표 시기 미상,,,번역서 1종 · 예: 非常久遠的玩笑,포함
The Jehol Diary,,기타,,발표 시기 미상,,,번역서 1종 · 예: The Jehol Diary,포함
Lost Souls,,기타,,발표 시기 미상,,,번역서 1종 · 예: Lost Souls,포함
"All the Garbage of the World, Unite!",,기타,,발표 시기 미상,,,"번역서 1종 · 예: All the Garbage of the World, Unite!",포함
怀着天才一样的梦想像傻瓜一样学习,,기타,,발표 시기 미상,,,번역서 1종 · 예: 怀着天才一样的梦想像傻瓜一样学习,포함
Record of a Journey to Mujin,,기타,,발표 시기 미상,,,번역서 1종 · 예: Record of a Journey to Mujin,포함
Básně Kima Klobouka,,기타,,발표 시기 미상,,,번역서 1종 · 예: Básně Kima Klobouka,포함
ИСТОРИЯ НА КОРЕЙСКАТА КЛАСИЧЕСКА ЛИТЕРАТУРА,,기타,,발표 시기 미상,,,번역서 1종 · 예: ИСТОРИЯ НА КОРЕЙСКАТА КЛАСИЧЕСКА ЛИТЕРАТУРА,포함
TRUYỆN HỒNG CÁT ĐỒNG,,기타,,발표 시기 미상,,,번역서 1종 · 예: TRUYỆN HỒNG CÁT ĐỒNG,포함
"SHIM CHONG, FILLE VENDUE",,기타,,발표 시기 미상,,,"번역서 1종 · 예: SHIM CHONG, FILLE VENDUE",포함
體質飮食東醫寶鑑,,기타,,발표 시기 미상,,,번역서 1종 · 예: 體質飮食東醫寶鑑,포함
上初中前必读的 数学漫画.,,기타,,발표 시기 미상,,,번역서 1종 · 예: 上初中前必读的 数学漫画.,포함
名醫的飲食對症療法,,기타,,발표 시기 미상,,,번역서 1종 · 예: 名醫的飲食對症療法,포함
改變世界的建築,,기타,,발표 시기 미상,,,번역서 1종 · 예: 改變世界的建築,포함
Değişen Kahramanimiz,,기타,,발표 시기 미상,,,번역서 1종 · 예: Değişen Kahramanimiz,포함
MERHAMETSIZ YAŞAM,,기타,,발표 시기 미상,,,번역서 1종 · 예: MERHAMETSIZ YAŞAM,포함
十几岁真好,,기타,,발표 시기 미상,,,번역서 1종 · 예: 十几岁真好,포함
爸爸的对话革命孩子请听我说,,기타,,발표 시기 미상,,,번역서 1종 · 예: 爸爸的对话革命孩子请听我说,포함
60個大開眼界的創意搞怪藝術不搞怪就不叫藝術,,기타,,발표 시기 미상,,,번역서 1종 · 예: 60個大開眼界的創意搞怪藝術不搞怪就不叫藝術,포함
寶寶最愛吃的斷乳食譜,,기타,,발표 시기 미상,,,번역서 1종 · 예: 寶寶最愛吃的斷乳食譜,포함
La Raya,,기타,,발표 시기 미상,,,번역서 1종 · 예: La Raya,포함
El sonido del silencio,,기타,,발표 시기 미상,,,번역서 1종 · 예: El sonido del silencio,포함
What?,,기타,,발표 시기 미상,,,번역서 1종 · 예: What?,포함
Aunt Suni,,기타,,발표 시기 미상,,,번역서 1종 · 예: Aunt Suni,포함
HISTOIRE DE BYON GANGSOÉ,,기타,,발표 시기 미상,,,번역서 1종 · 예: HISTOIRE DE BYON GANGSOÉ,포함
最後の証人,,기타,,발표 시기 미상,,,번역서 1종 · 예: 最後の証人,포함
黃真伊,,기타,,발표 시기 미상,,,번역서 1종 · 예: 黃真伊,포함
Woodcutter and Tiger Brother,,기타,,발표 시기 미상,,,번역서 1종 · 예: Woodcutter and Tiger Brother,포함
朱蒙-チュモン 上,,기타,,발표 시기 미상,,,번역서 1종 · 예: 朱蒙-チュモン 上,포함
金正日最後の賭け,,기타,,발표 시기 미상,,,번역서 1종 · 예: 金正日最後の賭け,포함
Ved Lotus-Kulpen,,기타,,발표 시기 미상,,,번역서 1종 · 예: Ved Lotus-Kulpen,포함
КОРЕЈСКЕ НАРОДНЕ ПРИПОВЕТКЕ,,기타,,발표 시기 미상,,,번역서 1종 · 예: КОРЕЈСКЕ НАРОДНЕ ПРИПОВЕТКЕ,포함
Dschingis Khan als CEO Führungsstrategien für das 21. Jahrhundert,,기타,,발표 시기 미상,,,번역서 1종 · 예: Dschingis Khan als CEO Führungsstrategien für das 21. Jahrhundert,포함
Cry of the Harp,,기타,,발표 시기 미상,,,번역서 1종 · 예: Cry of the Harp,포함
THÉÂTRE CORÉEN CONTEMPORAIN,,희곡,,발표 시기 미상,,,번역서 1종 · 예: THÉÂTRE CORÉEN CONTEMPORAIN,포함
Tam Quốc Di Sự,,기타,,발표 시기 미상,,,번역서 1종 · 예: Tam Quốc Di Sự,포함
Sept méandres pour une île,,기타,,발표 시기 미상,,,번역서 1종 · 예: Sept méandres pour une île,포함
قصائد من كوريا الجنوبية,,기타,,발표 시기 미상,,,번역서 1종 · 예: قصائد من كوريا الجنوبية,포함
韓国三人詩選,,시,,발표 시기 미상,,,번역서 1종 · 예: 韓国三人詩選,포함
Cuentos coreanos de tradición oral,,단편소설,,발표 시기 미상,,,번역서 1종 · 예: Cuentos coreanos de tradición oral,포함
Nuestros tiempos felices,,기타,,발표 시기 미상,,,번역서 1종 · 예: Nuestros tiempos felices,포함
KENDIMI YIKMAYA HAKKIM VAR,,기타,,발표 시기 미상,,,번역서 1종 · 예: KENDIMI YIKMAYA HAKKIM VAR,포함
Могила,,기타,,발표 시기 미상,,,번역서 1종 · 예: Могила,포함
ностальгия,,기타,,발표 시기 미상,,,번역서 1종 · 예: ностальгия,포함
Leafie,,기타,,발표 시기 미상,,,번역서 1종 · 예: Leafie,포함
"Shim Chong, La niña vendida",,기타,,발표 시기 미상,,,"번역서 1종 · 예: Shim Chong, La niña vendida",포함
金洙暎 全詩集,,시,,발표 시기 미상,,,번역서 1종 · 예: 金洙暎 全詩集,포함
LA TOUR DES FOURMIS,,기타,,발표 시기 미상,,,번역서 1종 · 예: LA TOUR DES FOURMIS,포함
No One Writes Back,,기타,,발표 시기 미상,,,번역서 1종 · 예: No One Writes Back,포함
Der Sterbehelfer,,기타,,발표 시기 미상,,,번역서 1종 · 예: Der Sterbehelfer,포함
Der silberne Hengst,,기타,,발표 시기 미상,,,번역서 1종 · 예: Der silberne Hengst,포함
Silberlachs,,기타,,발표 시기 미상,,,번역서 1종 · 예: Silberlachs,포함
الأرنب الملعون,,기타,,발표 시기 미상,,,번역서 1종 · 예: الأرنب الملعون,포함
ابتسامة شيوكو,,기타,,발표 시기 미상,,,번역서 1종 · 예: ابتسامة شيوكو,포함
Versammelte Lichter,,기타,,발표 시기 미상,,,번역서 1종 · 예: Versammelte Lichter,포함
Bauerntanz,,기타,,발표 시기 미상,,,번역서 1종 · 예: Bauerntanz,포함
Der Präventivkrieg Amerikas in Korea 1950,,기타,,발표 시기 미상,,,번역서 1종 · 예: Der Präventivkrieg Amerikas in Korea 1950,포함
Das Familienregister,,기타,,발표 시기 미상,,,번역서 1종 · 예: Das Familienregister,포함
MARKT UND KRIEG,,기타,,발표 시기 미상,,,번역서 1종 · 예: MARKT UND KRIEG,포함
Die Töchter des Apothekers Kim,,기타,,발표 시기 미상,,,번역서 1종 · 예: Die Töchter des Apothekers Kim,포함
Schwertgesang,,기타,,발표 시기 미상,,,번역서 1종 · 예: Schwertgesang,포함
Wintervision,,기타,,발표 시기 미상,,,번역서 1종 · 예: Wintervision,포함
Sardellen,,기타,,발표 시기 미상,,,번역서 1종 · 예: Sardellen,포함
Nachtkerze,,기타,,발표 시기 미상,,,번역서 1종 · 예: Nachtkerze,포함
الساحة,,기타,,발표 시기 미상,,,번역서 1종 · 예: الساحة,포함
لوز,,기타,,발표 시기 미상,,,번역서 1종 · 예: لوز,포함
Das Gottesspiel,,기타,,발표 시기 미상,,,번역서 1종 · 예: Das Gottesspiel,포함
DIE WEISSEN KLEIDER,,기타,,발표 시기 미상,,,번역서 1종 · 예: DIE WEISSEN KLEIDER,포함
Warum das Mädchen Sim-Tscheong zweimal ins Wasser ging,,기타,,발표 시기 미상,,,번역서 1종 · 예: Warum das Mädchen Sim-Tscheong zweimal ins Wasser ging,포함
Die Schatten der Fische,,기타,,발표 시기 미상,,,번역서 1종 · 예: Die Schatten der Fische,포함
"Ulhwa, die schamanin",,기타,,발표 시기 미상,,,"번역서 1종 · 예: Ulhwa, die schamanin",포함
SỰ IM LẶNG CỦA TÌNH YÊU,,기타,,발표 시기 미상,,,번역서 1종 · 예: SỰ IM LẶNG CỦA TÌNH YÊU,포함
耽羅の国の物語,,기타,,발표 시기 미상,,,번역서 1종 · 예: 耽羅の国の物語,포함
EM ĐÃ SỐNG VÌ AI,,기타,,발표 시기 미상,,,번역서 1종 · 예: EM ĐÃ SỐNG VÌ AI,포함
Selected poems of Kim Namjo,,시,,발표 시기 미상,,,번역서 1종 · 예: Selected poems of Kim Namjo,포함
Die Seele des Windes,,기타,,발표 시기 미상,,,번역서 1종 · 예: Die Seele des Windes,포함
Der Hof meiner Kindheit,,기타,,발표 시기 미상,,,번역서 1종 · 예: Der Hof meiner Kindheit,포함
我的出走日記4,,기타,,발표 시기 미상,,,번역서 1종 · 예: 我的出走日記4,포함
我們都有一顆星星,,기타,,발표 시기 미상,,,번역서 1종 · 예: 我們都有一顆星星,포함
ハルビン,,기타,,발표 시기 미상,,,번역서 1종 · 예: ハルビン,포함
ふしぎな鏡をさがせ,,기타,,발표 시기 미상,,,번역서 1종 · 예: ふしぎな鏡をさがせ,포함
Kurve und Gerade. Erzählungen,,단편소설,,발표 시기 미상,,,번역서 1종 · 예: Kurve und Gerade. Erzählungen,포함
Vermutungen über das Labyrinth,,기타,,발표 시기 미상,,,번역서 1종 · 예: Vermutungen über das Labyrinth,포함
父のところに行ってきた,,기타,,발표 시기 미상,,,번역서 1종 · 예: 父のところに行ってきた,포함
Die Rückseite des Lebens,,기타,,발표 시기 미상,,,번역서 1종 · 예: Die Rückseite des Lebens,포함
Die Sympathie der Goldfisch,,기타,,발표 시기 미상,,,번역서 1종 · 예: Die Sympathie der Goldfisch,포함
破砕,,기타,,발표 시기 미상,,,번역서 1종 · 예: 破砕,포함
Anthology of contemporary Korean poetry Vol.2,,시,,발표 시기 미상,,,번역서 1종 · 예: Anthology of contemporary Korean poetry Vol.2,포함
Ahbes Familie,,기타,,발표 시기 미상,,,번역서 1종 · 예: Ahbes Familie,포함
Menschen aus dem Norden Menschen aus dem Süden,,기타,,발표 시기 미상,,,번역서 2종 · 예: Menschen aus dem Norden Menschen aus dem Süden,포함
Dem kaiser!,,기타,,발표 시기 미상,,,번역서 1종 · 예: Dem kaiser!,포함
My Very Last Possession and Other Stories,,단편소설,,발표 시기 미상,,,번역서 1종 · 예: My Very Last Possession and Other Stories,포함
Dokuz Bulut Rüyası,,기타,,발표 시기 미상,,,번역서 1종 · 예: Dokuz Bulut Rüyası,포함
Soy toda oídos,,기타,,발표 시기 미상,,,번역서 1종 · 예: Soy toda oídos,포함
Der entstellte Held,,기타,,발표 시기 미상,,,번역서 1종 · 예: Der entstellte Held,포함
Ein Geschenk des Vogels,,기타,,발표 시기 미상,,,번역서 1종 · 예: Ein Geschenk des Vogels,포함
بال,,기타,,발표 시기 미상,,,번역서 1종 · 예: بال,포함
幼年の庭,,기타,,발표 시기 미상,,,번역서 1종 · 예: 幼年の庭,포함
LLAMAS ROJAS,,기타,,발표 시기 미상,,,번역서 1종 · 예: LLAMAS ROJAS,포함
"Der Mann, der neun Paar Schuhe hinterließ",,기타,,발표 시기 미상,,,"번역서 1종 · 예: Der Mann, der neun Paar Schuhe hinterließ",포함
"Meine Mutter war eine ""Korea-Nutte""",,기타,,발표 시기 미상,,,"번역서 1종 · 예: Meine Mutter war eine ""Korea-Nutte""",포함
Sündhafte Sehnsucht,,기타,,발표 시기 미상,,,번역서 1종 · 예: Sündhafte Sehnsucht,포함
僕はなぜ一生外国語を学ぶのか,,기타,,발표 시기 미상,,,번역서 1종 · 예: 僕はなぜ一生外国語を学ぶのか,포함
世界圖書館紀行,,기타,,발표 시기 미상,,,번역서 1종 · 예: 世界圖書館紀行,포함
Ajalugu voolab,,기타,,발표 시기 미상,,,번역서 1종 · 예: Ajalugu voolab,포함
鏡の中の天使 -金春洙詩集,,시,,발표 시기 미상,,,번역서 1종 · 예: 鏡の中の天使 -金春洙詩集,포함
韓国国立中央博物館の至宝,,기타,,발표 시기 미상,,,번역서 1종 · 예: 韓国国立中央博物館の至宝,포함
SUGGUNGGA,,기타,,발표 시기 미상,,,번역서 1종 · 예: SUGGUNGGA,포함
Τί; 108 ζεν ποιήματα,,기타,,발표 시기 미상,,,번역서 1종 · 예: Τί; 108 ζεν ποιήματα,포함
Pavane for a Dead Princess,,기타,,발표 시기 미상,,,번역서 1종 · 예: Pavane for a Dead Princess,포함
The Republic of Užupis,,기타,,발표 시기 미상,,,번역서 1종 · 예: The Republic of Užupis,포함
ОСЕННИЕ КЛЁНЫ,,기타,,발표 시기 미상,,,번역서 1종 · 예: ОСЕННИЕ КЛЁНЫ,포함
Scenes from the Enlightenment,,기타,,발표 시기 미상,,,번역서 1종 · 예: Scenes from the Enlightenment,포함
Another Man's City,,기타,,발표 시기 미상,,,번역서 1종 · 예: Another Man's City,포함
J'ÉTAIS UN MAQUEREAU,,기타,,발표 시기 미상,,,번역서 1종 · 예: J'ÉTAIS UN MAQUEREAU,포함
The Wind and Landscape of Yenang,,기타,,발표 시기 미상,,,번역서 1종 · 예: The Wind and Landscape of Yenang,포함
Dishonored,,기타,,발표 시기 미상,,,번역서 1종 · 예: Dishonored,포함
My Clint Eastwood,,기타,,발표 시기 미상,,,번역서 1종 · 예: My Clint Eastwood,포함
Arpan,,기타,,발표 시기 미상,,,번역서 1종 · 예: Arpan,포함
生の裏面,,기타,,발표 시기 미상,,,번역서 1종 · 예: 生の裏面,포함
金达莱,,기타,,발표 시기 미상,,,번역서 1종 · 예: 金达莱,포함
Mondestrunken,,기타,,발표 시기 미상,,,번역서 1종 · 예: Mondestrunken,포함
"問天, 路怎麼走?",,기타,,발표 시기 미상,,,"번역서 1종 · 예: 問天, 路怎麼走?",포함
耳を葬る,,기타,,발표 시기 미상,,,번역서 1종 · 예: 耳を葬る,포함
Patterns,,기타,,발표 시기 미상,,,번역서 1종 · 예: Patterns,포함
Le Quartier chinois,,기타,,발표 시기 미상,,,번역서 1종 · 예: Le Quartier chinois,포함
数学者の朝,,기타,,발표 시기 미상,,,번역서 1종 · 예: 数学者の朝,포함
LE CHANT DE LA FIDÈLE CHUNHYANG,,기타,,발표 시기 미상,,,번역서 1종 · 예: LE CHANT DE LA FIDÈLE CHUNHYANG,포함
Das Schweigen des Geliebten,,기타,,발표 시기 미상,,,번역서 1종 · 예: Das Schweigen des Geliebten,포함
Eine andere Sonne,,기타,,발표 시기 미상,,,번역서 1종 · 예: Eine andere Sonne,포함
"Kafka, mein Kafka",,기타,,발표 시기 미상,,,"번역서 1종 · 예: Kafka, mein Kafka",포함
Das ferne Du,,기타,,발표 시기 미상,,,번역서 1종 · 예: Das ferne Du,포함
Himmelsnetz,,기타,,발표 시기 미상,,,번역서 1종 · 예: Himmelsnetz,포함
慕わしい世界があるから,,기타,,발표 시기 미상,,,번역서 1종 · 예: 慕わしい世界があるから,포함
伴侶,,기타,,발표 시기 미상,,,번역서 1종 · 예: 伴侶,포함
Phone bells keep ringing for me,,기타,,발표 시기 미상,,,번역서 1종 · 예: Phone bells keep ringing for me,포함
我也可以很勇敢,,기타,,발표 시기 미상,,,번역서 1종 · 예: 我也可以很勇敢,포함
不一样的班干部,,기타,,발표 시기 미상,,,번역서 1종 · 예: 不一样的班干部,포함
Tanz der Worte,,기타,,발표 시기 미상,,,번역서 1종 · 예: Tanz der Worte,포함
Jenseits des Rausches,,기타,,발표 시기 미상,,,번역서 1종 · 예: Jenseits des Rausches,포함
Die Tiefe der Muschel,,기타,,발표 시기 미상,,,번역서 1종 · 예: Die Tiefe der Muschel,포함
Auf der Bank von Dreyfus,,기타,,발표 시기 미상,,,번역서 1종 · 예: Auf der Bank von Dreyfus,포함
"Zen-Gedichte, was'n das?",,시,,발표 시기 미상,,,"번역서 1종 · 예: Zen-Gedichte, was'n das?",포함
Ночь пяти псов,,기타,,발표 시기 미상,,,번역서 1종 · 예: Ночь пяти псов,포함
魔法少女はなぜ世界を救えなかったのか？,,기타,,발표 시기 미상,,,번역서 1종 · 예: 魔法少女はなぜ世界を救えなかったのか？,포함
Beim Erwachen aus dem Schlaf,,기타,,발표 시기 미상,,,번역서 1종 · 예: Beim Erwachen aus dem Schlaf,포함
Mogelperspektive Gedichte,,시,,발표 시기 미상,,,번역서 1종 · 예: Mogelperspektive Gedichte,포함
Wind und Gras,,기타,,발표 시기 미상,,,번역서 1종 · 예: Wind und Gras,포함
Koreanische Erzählungen,,단편소설,,발표 시기 미상,,,번역서 1종 · 예: Koreanische Erzählungen,포함
Hay Là Cứ Xin Lỗi,,기타,,발표 시기 미상,,,번역서 1종 · 예: Hay Là Cứ Xin Lỗi,포함
(小説) 三国志 . 上-下,,기타,,발표 시기 미상,,,번역서 1종 · 예: (小説) 三国志 . 上-下,포함
曾经炽热爱着的 恋人们,,기타,,발표 시기 미상,,,번역서 1종 · 예: 曾经炽热爱着的 恋人们,포함
Pansori,,기타,,발표 시기 미상,,,번역서 1종 · 예: Pansori,포함
Mon atelier des couleurs,,기타,,발표 시기 미상,,,번역서 1종 · 예: Mon atelier des couleurs,포함
ヘルプ・ミー・シスター,,기타,,발표 시기 미상,,,번역서 1종 · 예: ヘルプ・ミー・シスター,포함
罗密欧与朱丽叶,,기타,,발표 시기 미상,,,번역서 1종 · 예: 罗密欧与朱丽叶,포함
悲惨世界,,기타,,발표 시기 미상,,,번역서 1종 · 예: 悲惨世界,포함
Искам да попитам Луната - Корейска пейзажна лирика,,기타,,발표 시기 미상,,,번역서 1종 · 예: Искам да попитам Луната - Корейска пейзажна лирика,포함
Морска комка,,기타,,발표 시기 미상,,,번역서 1종 · 예: Морска комка,포함
МАНДАЛА,,기타,,발표 시기 미상,,,번역서 1종 · 예: МАНДАЛА,포함
"Малката топка, хвърлена от джуджето",,기타,,발표 시기 미상,,,"번역서 1종 · 예: Малката топка, хвърлена от джуджето",포함
KAKA ПOHCУHИ,,기타,,발표 시기 미상,,,번역서 1종 · 예: KAKA ПOHCУHИ,포함
ШАМАНКАТА ОТ КАРТИНАTA,,기타,,발표 시기 미상,,,번역서 1종 · 예: ШАМАНКАТА ОТ КАРТИНАTA,포함
КОСМОСЪТ НА ВОДНАТА КАПКА,,기타,,발표 시기 미상,,,번역서 1종 · 예: КОСМОСЪТ НА ВОДНАТА КАПКА,포함
春日之犬,,기타,,발표 시기 미상,,,번역서 1종 · 예: 春日之犬,포함
找尋最真實的臉孔,,기타,,발표 시기 미상,,,번역서 1종 · 예: 找尋最真實的臉孔,포함
Шиджо,,기타,,발표 시기 미상,,,번역서 1종 · 예: Шиджо,포함
पहाड़ में फूल – कोरियाई कविता संग्रह,,기타,,발표 시기 미상,,,번역서 1종 · 예: पहाड़ में फूल – कोरियाई कविता संग्रह,포함
صوت الرعد,,기타,,발표 시기 미상,,,번역서 1종 · 예: صوت الرعد,포함
الأجيال الثلاثة,,기타,,발표 시기 미상,,,번역서 1종 · 예: الأجيال الثلاثة,포함
العشب العائم,,기타,,발표 시기 미상,,,번역서 1종 · 예: العشب العائم,포함
أمي والحب الراحل وقصص أخرى من الأدب الكوري,,기타,,발표 시기 미상,,,번역서 1종 · 예: أمي والحب الراحل وقصص أخرى من الأدب الكوري,포함
环游世界八十天,,기타,,발표 시기 미상,,,번역서 1종 · 예: 环游世界八十天,포함
Förbannad kanin,,기타,,발표 시기 미상,,,번역서 1종 · 예: Förbannad kanin,포함
奎章阁之恋,,기타,,발표 시기 미상,,,번역서 1종 · 예: 奎章阁之恋,포함
En ninguna parte,,기타,,발표 시기 미상,,,번역서 1종 · 예: En ninguna parte,포함
毎日読みます,,기타,,발표 시기 미상,,,번역서 1종 · 예: 毎日読みます,포함
歲月之石 : 卷五,,기타,,발표 시기 미상,,,번역서 1종 · 예: 歲月之石 : 卷五,포함
ตู้โทรศัพท์รับฝากความรู้สึกสุดท้าย,,기타,,발표 시기 미상,,,번역서 1종 · 예: ตู้โทรศัพท์รับฝากความรู้สึกสุดท้าย,포함
鲁滨孙漂流记,,기타,,발표 시기 미상,,,번역서 1종 · 예: 鲁滨孙漂流记,포함
韩国现代文化,,기타,,발표 시기 미상,,,번역서 1종 · 예: 韩国现代文化,포함
(影印標點) 韓國文集叢刊 續 42,,기타,,발표 시기 미상,,,번역서 1종 · 예: (影印標點) 韓國文集叢刊 續 42,포함
训民正音,,기타,,발표 시기 미상,,,번역서 1종 · 예: 训民正音,포함
海底两万里,,기타,,발표 시기 미상,,,번역서 1종 · 예: 海底两万里,포함
呼啸山庄,,기타,,발표 시기 미상,,,번역서 1종 · 예: 呼啸山庄,포함
罪与罚,,기타,,발표 시기 미상,,,번역서 1종 · 예: 罪与罚,포함
简·爱,,기타,,발표 시기 미상,,,번역서 1종 · 예: 简·爱,포함
少年维特之烦恼,,기타,,발표 시기 미상,,,번역서 1종 · 예: 少年维特之烦恼,포함
A Respite and Other Korean Short Stories Modern Korean Short Stories No. 6,,단편소설,,발표 시기 미상,,,번역서 1종 · 예: A Respite and Other Korean Short Stories Modern Korean Short Stories No. 6,포함
Modern Korean Poetry [P.E.N],,시,,발표 시기 미상,,,번역서 1종 · 예: Modern Korean Poetry [P.E.N],포함
The anthology of modern Korean poetry,,시,,발표 시기 미상,,,번역서 1종 · 예: The anthology of modern Korean poetry,포함
Friends: Korean Modern Poetry,,시,,발표 시기 미상,,,번역서 1종 · 예: Friends: Korean Modern Poetry,포함
Best loved poems of Korea,,시,,발표 시기 미상,,,번역서 1종 · 예: Best loved poems of Korea,포함
手，琵琶魚,,기타,,발표 시기 미상,,,번역서 1종 · 예: 手，琵琶魚,포함
小王子,,기타,,발표 시기 미상,,,번역서 1종 · 예: 小王子,포함
西顿动物记,,기타,,발표 시기 미상,,,번역서 1종 · 예: 西顿动物记,포함
莎士比亚故事集,,기타,,발표 시기 미상,,,번역서 1종 · 예: 莎士比亚故事集,포함
秘密花园,,기타,,발표 시기 미상,,,번역서 1종 · 예: 秘密花园,포함
DÉMANTOVÉ HORY,,기타,,발표 시기 미상,,,번역서 1종 · 예: DÉMANTOVÉ HORY,포함
"Quản Lý Cảm Xúc, Hạnh Phúc Một Đời",,기타,,발표 시기 미상,,,"번역서 1종 · 예: Quản Lý Cảm Xúc, Hạnh Phúc Một Đời",포함
La historia de mi madre,,기타,,발표 시기 미상,,,번역서 1종 · 예: La historia de mi madre,포함
Modern Korean fiction,,기타,,발표 시기 미상,,,번역서 1종 · 예: Modern Korean fiction,포함
我想活得像個人,,기타,,발표 시기 미상,,,번역서 1종 · 예: 我想活得像個人,포함
灰色人,,기타,,발표 시기 미상,,,번역서 1종 · 예: 灰色人,포함
卡斯提拉,,기타,,발표 시기 미상,,,번역서 1종 · 예: 卡斯提拉,포함
"Por favor, cuida de mamá",,기타,,발표 시기 미상,,,"번역서 1종 · 예: Por favor, cuida de mamá",포함
No Brilla la Luz Verdadera,,기타,,발표 시기 미상,,,번역서 1종 · 예: No Brilla la Luz Verdadera,포함
Hefte für Ostasiatische Literatur (42. Der dritte Busen),,기타,,발표 시기 미상,,,번역서 1종 · 예: Hefte für Ostasiatische Literatur (42. Der dritte Busen),포함
Hefte für Ostasiatische Literatur (45. Korean Soldier),,기타,,발표 시기 미상,,,번역서 1종 · 예: Hefte für Ostasiatische Literatur (45. Korean Soldier),포함
Princesse Bari,,기타,,발표 시기 미상,,,번역서 1종 · 예: Princesse Bari,포함
"Toi, mon chat",,기타,,발표 시기 미상,,,"번역서 1종 · 예: Toi, mon chat",포함
EL TIEMPO HUMANO,,기타,,발표 시기 미상,,,번역서 1종 · 예: EL TIEMPO HUMANO,포함
MISSION PYONG YANG,,기타,,발표 시기 미상,,,번역서 1종 · 예: MISSION PYONG YANG,포함
"Час, коли цвіте гречка",,기타,,발표 시기 미상,,,"번역서 1종 · 예: Час, коли цвіте гречка",포함
为了皇帝,,기타,,발표 시기 미상,,,번역서 1종 · 예: 为了皇帝,포함
歲月,,기타,,발표 시기 미상,,,번역서 1종 · 예: 歲月,포함
Военный Дневник,,기타,,발표 시기 미상,,,번역서 1종 · 예: Военный Дневник,포함
Rat Fire,,기타,,발표 시기 미상,,,번역서 1종 · 예: Rat Fire,포함
泥土,,기타,,발표 시기 미상,,,번역서 1종 · 예: 泥土,포함
浊流,,기타,,발표 시기 미상,,,번역서 1종 · 예: 浊流,포함
金裕贞短篇小说选,,단편소설,,발표 시기 미상,,,번역서 1종 · 예: 金裕贞短篇小说选,포함
天风星星与诗,,시,,발표 시기 미상,,,번역서 1종 · 예: 天风星星与诗,포함
a titokzatos menyasszony,,기타,,발표 시기 미상,,,번역서 1종 · 예: a titokzatos menyasszony,포함
Celui qui garde ses rêves,,기타,,발표 시기 미상,,,번역서 1종 · 예: Celui qui garde ses rêves,포함
安慰少年,,기타,,발표 시기 미상,,,번역서 1종 · 예: 安慰少年,포함
狐狸呀，你在干什么？,,기타,,발표 시기 미상,,,번역서 1종 · 예: 狐狸呀，你在干什么？,포함
زهور الأزاليا,,기타,,발표 시기 미상,,,번역서 1종 · 예: زهور الأزاليا,포함
馋了吗? 想发脾气吗? 去旅行吧!,,기타,,발표 시기 미상,,,번역서 1종 · 예: 馋了吗? 想发脾气吗? 去旅行吧!,포함
Trois jours en automne,,기타,,발표 시기 미상,,,번역서 1종 · 예: Trois jours en automne,포함
ÉCRITS DE SANG,,기타,,발표 시기 미상,,,번역서 1종 · 예: ÉCRITS DE SANG,포함
"TE ROG, AI GRIJĂ DE MAMA",,기타,,발표 시기 미상,,,"번역서 1종 · 예: TE ROG, AI GRIJĂ DE MAMA",포함
中学生必读的图解科学漫画.,,기타,,발표 시기 미상,,,번역서 1종 · 예: 中学生必读的图解科学漫画.,포함
LA VIE RÊVÉE DES PLANTES,,기타,,발표 시기 미상,,,번역서 1종 · 예: LA VIE RÊVÉE DES PLANTES,포함
Historia de la literatura coreana del siglo XX,,기타,,발표 시기 미상,,,번역서 1종 · 예: Historia de la literatura coreana del siglo XX,포함
The budding tree,,기타,,발표 시기 미상,,,번역서 1종 · 예: The budding tree,포함
金東仁作品集 - 朝鮮近代文学選集5,,기타,,발표 시기 미상,,,번역서 1종 · 예: 金東仁作品集 - 朝鮮近代文学選集5,포함
徒步玩首尔在世界名画中体悟 幸福的真意,,기타,,발표 시기 미상,,,번역서 1종 · 예: 徒步玩首尔在世界名画中体悟 幸福的真意,포함
兄弟の江,,기타,,발표 시기 미상,,,번역서 1종 · 예: 兄弟の江,포함
世界の果て、彼女,,기타,,발표 시기 미상,,,번역서 1종 · 예: 世界の果て、彼女,포함
"So Far, and Yet So Near",,기타,,발표 시기 미상,,,"번역서 1종 · 예: So Far, and Yet So Near",포함
拯救地球大作戰.環境荷爾蒙,,기타,,발표 시기 미상,,,번역서 1종 · 예: 拯救地球大作戰.環境荷爾蒙,포함
DĚJINY KOREJSKÉ KLASICKÉ LITERATURY,,기타,,발표 시기 미상,,,번역서 1종 · 예: DĚJINY KOREJSKÉ KLASICKÉ LITERATURY,포함
云岘宫之春,,기타,,발표 시기 미상,,,번역서 1종 · 예: 云岘宫之春,포함
脱乡-李浩哲短篇小说集,,단편소설,,발표 시기 미상,,,번역서 1종 · 예: 脱乡-李浩哲短篇小说集,포함
Convalescence,,기타,,발표 시기 미상,,,번역서 1종 · 예: Convalescence,포함
Straight Lines and Poison Gas - At the Hospital Wards,,기타,,발표 시기 미상,,,번역서 1종 · 예: Straight Lines and Poison Gas - At the Hospital Wards,포함
"我的男人，你究竟在想什么一本幸福女人必渎的 ""男子书""",,기타,,발표 시기 미상,,,"번역서 1종 · 예: 我的男人，你究竟在想什么一本幸福女人必渎的 ""男子书""",포함
走出院子的母鸡,,기타,,발표 시기 미상,,,번역서 1종 · 예: 走出院子的母鸡,포함
Kas gi nutiko lifte įstrigusiam vyriškiui,,기타,,발표 시기 미상,,,번역서 1종 · 예: Kas gi nutiko lifte įstrigusiam vyriškiui,포함
"Das Huhn, das vom Fliegen träumte",,기타,,발표 시기 미상,,,"번역서 1종 · 예: Das Huhn, das vom Fliegen träumte",포함
SHADOWS of the VOID,,기타,,발표 시기 미상,,,번역서 1종 · 예: SHADOWS of the VOID,포함
Happy New Year to Everyone,,기타,,발표 시기 미상,,,번역서 1종 · 예: Happy New Year to Everyone,포함
La pensée Coréenne,,기타,,발표 시기 미상,,,번역서 1종 · 예: La pensée Coréenne,포함
Hefte für Ostasiatische Literatur (41. Der Junge),,기타,,발표 시기 미상,,,번역서 1종 · 예: Hefte für Ostasiatische Literatur (41. Der Junge),포함
Féline,,기타,,발표 시기 미상,,,번역서 1종 · 예: Féline,포함
成功养育 孩子必做的 46 件事,,기타,,발표 시기 미상,,,번역서 1종 · 예: 成功养育 孩子必做的 46 件事,포함
将宠坏的孩子培养成领袖人物,,기타,,발표 시기 미상,,,번역서 1종 · 예: 将宠坏的孩子培养成领袖人物,포함
ПРИХОДИТЕ НА ПОЛЕ ГАОЛЯНА,,기타,,발표 시기 미상,,,번역서 1종 · 예: ПРИХОДИТЕ НА ПОЛЕ ГАОЛЯНА,포함
A Matemática no Museu de Arte,,기타,,발표 시기 미상,,,번역서 1종 · 예: A Matemática no Museu de Arte,포함
超有效室內空氣淨化植物,,기타,,발표 시기 미상,,,번역서 1종 · 예: 超有效室內空氣淨化植物,포함
The Day Breaks,,기타,,발표 시기 미상,,,번역서 1종 · 예: The Day Breaks,포함
La chaîne des monts Taebaek Tome 9,,기타,,발표 시기 미상,,,번역서 1종 · 예: La chaîne des monts Taebaek Tome 9,포함
The Deer and the Woodcutter,,기타,,발표 시기 미상,,,번역서 1종 · 예: The Deer and the Woodcutter,포함
完美 Photoshop,,기타,,발표 시기 미상,,,번역서 1종 · 예: 完美 Photoshop,포함
呼叫超人老爸!,,기타,,발표 시기 미상,,,번역서 1종 · 예: 呼叫超人老爸!,포함
古巴尋寶記,,기타,,발표 시기 미상,,,번역서 1종 · 예: 古巴尋寶記,포함
大廚也想學的料理難題 400 問Solving Your Cuisine Questions,,기타,,발표 시기 미상,,,번역서 1종 · 예: 大廚也想學的料理難題 400 問Solving Your Cuisine Questions,포함
属于我的星座风水装修,,기타,,발표 시기 미상,,,번역서 1종 · 예: 属于我的星座风水装修,포함
连女性也不知道的-女性身体说明书,,기타,,발표 시기 미상,,,번역서 1종 · 예: 连女性也不知道的-女性身体说明书,포함
真神奇!我是圖解英交2000單字書從英文子母形狀A to Z中看懂單子,,기타,,발표 시기 미상,,,번역서 1종 · 예: 真神奇!我是圖解英交2000單字書從英文子母形狀A to Z中看懂單子,포함
Jumong,,기타,,발표 시기 미상,,,번역서 1종 · 예: Jumong,포함
Wegetarianka,,기타,,발표 시기 미상,,,번역서 1종 · 예: Wegetarianka,포함
美しさが僕をさげすむ,,기타,,발표 시기 미상,,,번역서 1종 · 예: 美しさが僕をさげすむ,포함
闹闹腾腾蔚蓝小区,,기타,,발표 시기 미상,,,번역서 1종 · 예: 闹闹腾腾蔚蓝小区,포함
"Ah, les choses sans bouche",,기타,,발표 시기 미상,,,"번역서 1종 · 예: Ah, les choses sans bouche",포함
Saumon,,기타,,발표 시기 미상,,,번역서 1종 · 예: Saumon,포함
The Soil,,기타,,발표 시기 미상,,,번역서 1종 · 예: The Soil,포함
Lonesome You,,기타,,발표 시기 미상,,,번역서 1종 · 예: Lonesome You,포함
At Least We Can Apologize,,기타,,발표 시기 미상,,,번역서 1종 · 예: At Least We Can Apologize,포함
The House with a Sunken Courtyard,,기타,,발표 시기 미상,,,번역서 1종 · 예: The House with a Sunken Courtyard,포함
La Solitude absolue,,기타,,발표 시기 미상,,,번역서 1종 · 예: La Solitude absolue,포함
INTERDIT DE FOLIE,,기타,,발표 시기 미상,,,번역서 1종 · 예: INTERDIT DE FOLIE,포함
別让你的 坏习惯 毁了孩子,,기타,,발표 시기 미상,,,번역서 1종 · 예: 別让你的 坏习惯 毁了孩子,포함
Modern Korean Poetry,,시,,발표 시기 미상,,,번역서 1종 · 예: Modern Korean Poetry,포함
读懂 孩子的 內心世界,,기타,,발표 시기 미상,,,번역서 1종 · 예: 读懂 孩子的 內心世界,포함
El secreto para desterrar la ignorancia,,기타,,발표 시기 미상,,,번역서 1종 · 예: El secreto para desterrar la ignorancia,포함
Jahreszeiten des Exils,,기타,,발표 시기 미상,,,번역서 1종 · 예: Jahreszeiten des Exils,포함
カステラ,,기타,,발표 시기 미상,,,번역서 1종 · 예: カステラ,포함
断尾巴的小家鼠,,기타,,발표 시기 미상,,,번역서 1종 · 예: 断尾巴的小家鼠,포함
爱顶嘴的小女孩儿,,기타,,발표 시기 미상,,,번역서 1종 · 예: 爱顶嘴的小女孩儿,포함
艺术哲学,,기타,,발표 시기 미상,,,번역서 1종 · 예: 艺术哲学,포함
"NOTRE HÉROS DÉFIGURÉ L'OISEAU AUX AILES D'OR L'HIVER, CETTE ANNÉE-LÀ (Poche)",,기타,,발표 시기 미상,,,"번역서 1종 · 예: NOTRE HÉROS DÉFIGURÉ L'OISEAU AUX AILES D'OR L'HIVER, CETTE ANNÉE-LÀ (Poche)",포함
韩国世界文化遗产 ≪东医宝鉴≫ 中医养生,,기타,,발표 시기 미상,,,번역서 1종 · 예: 韩国世界文化遗产 ≪东医宝鉴≫ 中医养生,포함
Les petits pains de la pleine lune,,기타,,발표 시기 미상,,,번역서 1종 · 예: Les petits pains de la pleine lune,포함
Le dit de Sichuan,,기타,,발표 시기 미상,,,번역서 1종 · 예: Le dit de Sichuan,포함
Classical Korean Poetry,,시,,발표 시기 미상,,,번역서 1종 · 예: Classical Korean Poetry,포함
爱丽斯漫游奇境,,기타,,발표 시기 미상,,,번역서 1종 · 예: 爱丽斯漫游奇境,포함
Ratem deszcz,,기타,,발표 시기 미상,,,번역서 1종 · 예: Ratem deszcz,포함
第一次跨越从建筑教育到设计实践.,,기타,,발표 시기 미상,,,번역서 1종 · 예: 第一次跨越从建筑教育到设计实践.,포함
安妮日记,,기타,,발표 시기 미상,,,번역서 1종 · 예: 安妮日记,포함
Back to heaven,,기타,,발표 시기 미상,,,번역서 1종 · 예: Back to heaven,포함
Narradoras coreanas contemporáneas,,기타,,발표 시기 미상,,,번역서 1종 · 예: Narradoras coreanas contemporáneas,포함
ŞAIR,,기타,,발표 시기 미상,,,번역서 1종 · 예: ŞAIR,포함
Suro,,기타,,발표 시기 미상,,,번역서 1종 · 예: Suro,포함
The Fifth Wheel,,기타,,발표 시기 미상,,,번역서 1종 · 예: The Fifth Wheel,포함
The Love of Two Stars,,기타,,발표 시기 미상,,,번역서 1종 · 예: The Love of Two Stars,포함
Visul învolburat al celor nouă,,기타,,발표 시기 미상,,,번역서 1종 · 예: Visul învolburat al celor nouă,포함
Bäume am Abhang,,기타,,발표 시기 미상,,,번역서 1종 · 예: Bäume am Abhang,포함
Instances,,기타,,발표 시기 미상,,,번역서 1종 · 예: Instances,포함
Дзен поезия от Корея,,기타,,발표 시기 미상,,,번역서 1종 · 예: Дзен поезия от Корея,포함
Everyday Life in Joseon-Era Korea,,기타,,발표 시기 미상,,,번역서 1종 · 예: Everyday Life in Joseon-Era Korea,포함
TXORIA,,기타,,발표 시기 미상,,,번역서 1종 · 예: TXORIA,포함
有梦想的妻子不会变老,,기타,,발표 시기 미상,,,번역서 1종 · 예: 有梦想的妻子不会变老,포함
棒棒女巫喜欢10,,기타,,발표 시기 미상,,,번역서 1종 · 예: 棒棒女巫喜欢10,포함
噙满口水,,기타,,발표 시기 미상,,,번역서 1종 · 예: 噙满口水,포함
坚牙机器人的方形牙齿,,기타,,발표 시기 미상,,,번역서 1종 · 예: 坚牙机器人的方形牙齿,포함
我的忐忑人生,,기타,,발표 시기 미상,,,번역서 1종 · 예: 我的忐忑人生,포함
"私の愛, ナムジュン・パイク",,기타,,발표 시기 미상,,,"번역서 1종 · 예: 私の愛, ナムジュン・パイク",포함
大蒜养生法,,기타,,발표 시기 미상,,,번역서 1종 · 예: 大蒜养生法,포함
土豆养生法,,기타,,발표 시기 미상,,,번역서 1종 · 예: 土豆养生法,포함
Modern Korean Drama,,희곡,,발표 시기 미상,,,번역서 1종 · 예: Modern Korean Drama,포함
Công chúa Bari,,기타,,발표 시기 미상,,,번역서 1종 · 예: Công chúa Bari,포함
Pavane pour une infante défunte,,기타,,발표 시기 미상,,,번역서 1종 · 예: Pavane pour une infante défunte,포함
PRENDS SOIN DE MAMAN,,기타,,발표 시기 미상,,,번역서 1종 · 예: PRENDS SOIN DE MAMAN,포함
孩子这样教最聪明妈妈 自主孝育 验经谈,,기타,,발표 시기 미상,,,번역서 1종 · 예: 孩子这样教最聪明妈妈 自主孝育 验经谈,포함
khi hoa kiêu mạch nở,,기타,,발표 시기 미상,,,번역서 1종 · 예: khi hoa kiêu mạch nở,포함
LE REGARD DE MIDI,,기타,,발표 시기 미상,,,번역서 1종 · 예: LE REGARD DE MIDI,포함
Nocturne d'un chauffeur de taxi,,기타,,발표 시기 미상,,,번역서 1종 · 예: Nocturne d'un chauffeur de taxi,포함
從谷底攀上巔峰韓國經營之神 史蒂夫ㆍ金,,기타,,발표 시기 미상,,,번역서 1종 · 예: 從谷底攀上巔峰韓國經營之神 史蒂夫ㆍ金,포함
楽器たちの 図書館,,기타,,발표 시기 미상,,,번역서 1종 · 예: 楽器たちの 図書館,포함
韩国文化的 理解,,기타,,발표 시기 미상,,,번역서 1종 · 예: 韩国文化的 理解,포함
Seopyeonje,,기타,,발표 시기 미상,,,번역서 1종 · 예: Seopyeonje,포함
Den gamla trädgården,,기타,,발표 시기 미상,,,번역서 1종 · 예: Den gamla trädgården,포함
LE PLACARD,,기타,,발표 시기 미상,,,번역서 1종 · 예: LE PLACARD,포함
在我生命中唯一的特殊日子,,기타,,발표 시기 미상,,,번역서 1종 · 예: 在我生命中唯一的特殊日子,포함
Гэрээ орхисон минь,,기타,,발표 시기 미상,,,번역서 1종 · 예: Гэрээ орхисон минь,포함
LA HISTORIA DE LA SEÑORA SA LA VIDA DE LA REINA INJYON,,기타,,발표 시기 미상,,,번역서 1종 · 예: LA HISTORIA DE LA SEÑORA SA LA VIDA DE LA REINA INJYON,포함
逝去公主的孔雀舞,,기타,,발표 시기 미상,,,번역서 1종 · 예: 逝去公主的孔雀舞,포함
叶落彼岸,,기타,,발표 시기 미상,,,번역서 1종 · 예: 叶落彼岸,포함
高龄化家族,,기타,,발표 시기 미상,,,번역서 1종 · 예: 高龄化家族,포함
Perempuan yang Membuat Air,,기타,,발표 시기 미상,,,번역서 1종 · 예: Perempuan yang Membuat Air,포함
The Alchemist,,기타,,발표 시기 미상,,,번역서 1종 · 예: The Alchemist,포함
The Growth of a Shadow,,기타,,발표 시기 미상,,,번역서 1종 · 예: The Growth of a Shadow,포함
Сто цветов,,기타,,발표 시기 미상,,,번역서 1종 · 예: Сто цветов,포함
Добрая Покхи,,기타,,발표 시기 미상,,,번역서 1종 · 예: Добрая Покхи,포함
YARIN DESTANI,,기타,,발표 시기 미상,,,번역서 1종 · 예: YARIN DESTANI,포함
LE POÈTE,,기타,,발표 시기 미상,,,번역서 1종 · 예: LE POÈTE,포함
ANTOLOGÍA POÉTICA DE KIM SU-YOUNG,,기타,,발표 시기 미상,,,번역서 1종 · 예: ANTOLOGÍA POÉTICA DE KIM SU-YOUNG,포함
第八个房子,,기타,,발표 시기 미상,,,번역서 1종 · 예: 第八个房子,포함
Наш испроченный герой / Встреча с братом,,기타,,발표 시기 미상,,,번역서 1종 · 예: Наш испроченный герой / Встреча с братом,포함
蘇志燮的只有你：一個演員進入角色之路,,기타,,발표 시기 미상,,,번역서 1종 · 예: 蘇志燮的只有你：一個演員進入角色之路,포함
韩国儒学思想史,,기타,,발표 시기 미상,,,번역서 1종 · 예: 韩国儒学思想史,포함
二十世纪韩国现代文学入门,,기타,,발표 시기 미상,,,번역서 1종 · 예: 二十世纪韩国现代文学入门,포함
"O Kurze, Która opuściła podwórze",,기타,,발표 시기 미상,,,"번역서 1종 · 예: O Kurze, Która opuściła podwórze",포함
Yêu người tử tù,,기타,,발표 시기 미상,,,번역서 1종 · 예: Yêu người tử tù,포함
そしてまた霧がかかった,,기타,,발표 시기 미상,,,번역서 1종 · 예: そしてまた霧がかかった,포함
Das verborgene Leben der Pflanzen,,기타,,발표 시기 미상,,,번역서 1종 · 예: Das verborgene Leben der Pflanzen,포함
Dinner with Buffett,,기타,,발표 시기 미상,,,번역서 1종 · 예: Dinner with Buffett,포함
BUS ERRANT,,기타,,발표 시기 미상,,,번역서 1종 · 예: BUS ERRANT,포함
Special Lecture on Korean Paintings,,기타,,발표 시기 미상,,,번역서 1종 · 예: Special Lecture on Korean Paintings,포함
"ZOMBIES, LA DESCENTE AUX ENFERS",,기타,,발표 시기 미상,,,"번역서 1종 · 예: ZOMBIES, LA DESCENTE AUX ENFERS",포함
Южане и Северяне,,기타,,발표 시기 미상,,,번역서 1종 · 예: Южане и Северяне,포함
Como fugir do gato assustador,,기타,,발표 시기 미상,,,번역서 1종 · 예: Como fugir do gato assustador,포함
O porco mais elegante do mundo,,기타,,발표 시기 미상,,,번역서 1종 · 예: O porco mais elegante do mundo,포함
Quem será que tem mais ovos?,,기타,,발표 시기 미상,,,번역서 1종 · 예: Quem será que tem mais ovos?,포함
A família de ursos e os monstros agitados,,기타,,발표 시기 미상,,,번역서 1종 · 예: A família de ursos e os monstros agitados,포함
Por dentro da música,,기타,,발표 시기 미상,,,번역서 1종 · 예: Por dentro da música,포함
River of Fire and Other Stories,,단편소설,,발표 시기 미상,,,번역서 1종 · 예: River of Fire and Other Stories,포함
Minha viagem arquitetônica com o vovô,,기타,,발표 시기 미상,,,번역서 1종 · 예: Minha viagem arquitetônica com o vovô,포함
料理公主.,,기타,,발표 시기 미상,,,번역서 1종 · 예: 料理公主.,포함
我的第一輛腳踏車,,기타,,발표 시기 미상,,,번역서 1종 · 예: 我的第一輛腳踏車,포함
我會整理,,기타,,발표 시기 미상,,,번역서 1종 · 예: 我會整理,포함
充滿樂趣的DSLR單眼人物風景攝影,,기타,,발표 시기 미상,,,번역서 1종 · 예: 充滿樂趣的DSLR單眼人物風景攝影,포함
讓好男人自動靠過來總明戀愛的49種方法.,,기타,,발표 시기 미상,,,번역서 1종 · 예: 讓好男人自動靠過來總明戀愛的49種方法.,포함
Une feuille noire dans la bouche,,기타,,발표 시기 미상,,,번역서 1종 · 예: Une feuille noire dans la bouche,포함
在梵高的星空下岁月流转,,기타,,발표 시기 미상,,,번역서 1종 · 예: 在梵高的星空下岁月流转,포함
蒙娜丽莎的眼泪在世界名画中,,기타,,발표 시기 미상,,,번역서 1종 · 예: 蒙娜丽莎的眼泪在世界名画中,포함
A Força dos ímãs,,기타,,발표 시기 미상,,,번역서 1종 · 예: A Força dos ímãs,포함
Versos del río de viento,,기타,,발표 시기 미상,,,번역서 1종 · 예: Versos del río de viento,포함
Vinger,,기타,,발표 시기 미상,,,번역서 1종 · 예: Vinger,포함
近代朝鮮における天主教弾圧と抵抗,,기타,,발표 시기 미상,,,번역서 1종 · 예: 近代朝鮮における天主教弾圧と抵抗,포함
ゴーストばあちゃん,,기타,,발표 시기 미상,,,번역서 1종 · 예: ゴーストばあちゃん,포함
Como voam os aviões,,기타,,발표 시기 미상,,,번역서 1종 · 예: Como voam os aviões,포함
A força da grvidade,,기타,,발표 시기 미상,,,번역서 1종 · 예: A força da grvidade,포함
Por que caio quando paro de repente?,,기타,,발표 시기 미상,,,번역서 1종 · 예: Por que caio quando paro de repente?,포함
A aranha e a loja de balas,,기타,,발표 시기 미상,,,번역서 1종 · 예: A aranha e a loja de balas,포함
LƯỠI,,기타,,발표 시기 미상,,,번역서 1종 · 예: LƯỠI,포함
Morgendämmerung,,기타,,발표 시기 미상,,,번역서 1종 · 예: Morgendämmerung,포함
朝鮮王朝儀軌,,기타,,발표 시기 미상,,,번역서 1종 · 예: 朝鮮王朝儀軌,포함
Come l'acqua sul fiore di loto,,기타,,발표 시기 미상,,,번역서 1종 · 예: Come l'acqua sul fiore di loto,포함
Чудесная жемчужина. Рассказы о необычном,,기타,,발표 시기 미상,,,번역서 1종 · 예: Чудесная жемчужина. Рассказы о необычном,포함
Tengo Derecho a Destruirme,,기타,,발표 시기 미상,,,번역서 1종 · 예: Tengo Derecho a Destruirme,포함
恩实啊，别害怕,,기타,,발표 시기 미상,,,번역서 1종 · 예: 恩实啊，别害怕,포함
纸饭,,기타,,발표 시기 미상,,,번역서 1종 · 예: 纸饭,포함
便宜卖我弟弟,,기타,,발표 시기 미상,,,번역서 1종 · 예: 便宜卖我弟弟,포함
CANTOS CLÁSICOS DE COREA,,기타,,발표 시기 미상,,,번역서 1종 · 예: CANTOS CLÁSICOS DE COREA,포함
Mise en bouche,,기타,,발표 시기 미상,,,번역서 1종 · 예: Mise en bouche,포함
Impressions papier hanji,,기타,,발표 시기 미상,,,번역서 1종 · 예: Impressions papier hanji,포함
Le dernier événement,,기타,,발표 시기 미상,,,번역서 1종 · 예: Le dernier événement,포함
BÁSNÍK,,기타,,발표 시기 미상,,,번역서 1종 · 예: BÁSNÍK,포함
植物妻子,,기타,,발표 시기 미상,,,번역서 1종 · 예: 植物妻子,포함
"Rain, Sky, Wind, Port: Poems",,시,,발표 시기 미상,,,"번역서 1종 · 예: Rain, Sky, Wind, Port: Poems",포함
谁来到了空房子,,기타,,발표 시기 미상,,,번역서 1종 · 예: 谁来到了空房子,포함
我不玩儿了,,기타,,발표 시기 미상,,,번역서 1종 · 예: 我不玩儿了,포함
珠子丢了,,기타,,발표 시기 미상,,,번역서 1종 · 예: 珠子丢了,포함
小蜜蜂的礼物,,기타,,발표 시기 미상,,,번역서 1종 · 예: 小蜜蜂的礼物,포함
A new season approaching devour it,,기타,,발표 시기 미상,,,번역서 1종 · 예: A new season approaching devour it,포함
COCKTAIL SUGAR ET AUTRES NOUVELLES DE CORÉE,,단편소설,,발표 시기 미상,,,번역서 1종 · 예: COCKTAIL SUGAR ET AUTRES NOUVELLES DE CORÉE,포함
SEPT YEUX DE CHATS,,기타,,발표 시기 미상,,,번역서 1종 · 예: SEPT YEUX DE CHATS,포함
LA TIERRA FORASTERA,,기타,,발표 시기 미상,,,번역서 1종 · 예: LA TIERRA FORASTERA,포함
改变世界的50位全球领袖,,기타,,발표 시기 미상,,,번역서 1종 · 예: 改变世界的50位全球领袖,포함
改变世界的50位科学家,,기타,,발표 시기 미상,,,번역서 1종 · 예: 改变世界的50位科学家,포함
做個好父母吧!你的性格影響孩子的一生,,기타,,발표 시기 미상,,,번역서 1종 · 예: 做個好父母吧!你的性格影響孩子的一生,포함
Gdzie zachodzi słońce,,기타,,발표 시기 미상,,,번역서 1종 · 예: Gdzie zachodzi słońce,포함
ドロシーマンション,,기타,,발표 시기 미상,,,번역서 1종 · 예: ドロシーマンション,포함
L’emporio dell’amore della famiglia Botero,,기타,,발표 시기 미상,,,번역서 1종 · 예: L’emporio dell’amore della famiglia Botero,포함
ألا يمكنني الرحيل,,기타,,발표 시기 미상,,,번역서 1종 · 예: ألا يمكنني الرحيل,포함
برج,,기타,,발표 시기 미상,,,번역서 1종 · 예: برج,포함
متجر دالوجوت للأحلام,,기타,,발표 시기 미상,,,번역서 1종 · 예: متجر دالوجوت للأحلام,포함
"Классическая поэзия Индии, Китая, Кореи, Вьетнама, Японии.",,기타,,발표 시기 미상,,,"번역서 1종 · 예: Классическая поэзия Индии, Китая, Кореи, Вьетнама, Японии.",포함
Asian literature,,기타,,발표 시기 미상,,,번역서 1종 · 예: Asian literature,포함
На корейской земле,,기타,,발표 시기 미상,,,번역서 1종 · 예: На корейской земле,포함
Sevgilinin Soğuk Elleri,,기타,,발표 시기 미상,,,번역서 1종 · 예: Sevgilinin Soğuk Elleri,포함
Рождение мира,,기타,,발표 시기 미상,,,번역서 1종 · 예: Рождение мира,포함
На страже мира,,기타,,발표 시기 미상,,,번역서 1종 · 예: На страже мира,포함
The Wizard’s Bakery,,기타,,발표 시기 미상,,,번역서 1종 · 예: The Wizard’s Bakery,포함
Стихи и поэмы,,시,,발표 시기 미상,,,번역서 1종 · 예: Стихи и поэмы,포함
"Новые рассказы, услышанные на горе Золотой Черепахи",,기타,,발표 시기 미상,,,"번역서 1종 · 예: Новые рассказы, услышанные на горе Золотой Черепахи",포함
Ним чангун Джон,,기타,,발표 시기 미상,,,번역서 1종 · 예: Ним чангун Джон,포함
ПРОБЛЕМА ЧЕЛОВЕЧЕСТВА,,기타,,발표 시기 미상,,,번역서 1종 · 예: ПРОБЛЕМА ЧЕЛОВЕЧЕСТВА,포함
Okchundang Candy,,기타,,발표 시기 미상,,,번역서 1종 · 예: Okchundang Candy,포함
為我傾聽,,기타,,발표 시기 미상,,,번역서 1종 · 예: 為我傾聽,포함
無名之境,,기타,,발표 시기 미상,,,번역서 1종 · 예: 無名之境,포함
Folk tales from Korea,,동화,,발표 시기 미상,,,번역서 1종 · 예: Folk tales from Korea,포함
故乡,,기타,,발표 시기 미상,,,번역서 1종 · 예: 故乡,포함
Kranich am Meer,,기타,,발표 시기 미상,,,번역서 1종 · 예: Kranich am Meer,포함
"La guerre des ombres, Tome 2",,기타,,발표 시기 미상,,,"번역서 1종 · 예: La guerre des ombres, Tome 2",포함
Il mio amico Kim Jong-Un,,기타,,발표 시기 미상,,,번역서 1종 · 예: Il mio amico Kim Jong-Un,포함
Gwiezdna Odyseja,,기타,,발표 시기 미상,,,번역서 1종 · 예: Gwiezdna Odyseja,포함
Miłość w wielkim mieście,,기타,,발표 시기 미상,,,번역서 1종 · 예: Miłość w wielkim mieście,포함
Pieni korealainen keramiikkapaja,,기타,,발표 시기 미상,,,번역서 1종 · 예: Pieni korealainen keramiikkapaja,포함
Agami,,기타,,발표 시기 미상,,,번역서 1종 · 예: Agami,포함
Like a Fruit Tearing Its Way Out of a Flower,,기타,,발표 시기 미상,,,번역서 1종 · 예: Like a Fruit Tearing Its Way Out of a Flower,포함
معجزة تل الكرز,,기타,,발표 시기 미상,,,번역서 1종 · 예: معجزة تل الكرز,포함
Книжный магазин воспоминаний,,기타,,발표 시기 미상,,,번역서 1종 · 예: Книжный магазин воспоминаний,포함
A Midnight Pastry Shop Called Hwawoldang,,기타,,발표 시기 미상,,,번역서 1종 · 예: A Midnight Pastry Shop Called Hwawoldang,포함
金芝河作品集 1,,기타,,발표 시기 미상,,,번역서 1종 · 예: 金芝河作品集 1,포함
国土,,기타,,발표 시기 미상,,,번역서 1종 · 예: 国土,포함
ユンボギの日記,,기타,,발표 시기 미상,,,번역서 1종 · 예: ユンボギの日記,포함
Tình Yêu Ở Thành Phố Lớn,,기타,,발표 시기 미상,,,번역서 1종 · 예: Tình Yêu Ở Thành Phố Lớn,포함
Asian Literature,,기타,,발표 시기 미상,,,번역서 1종 · 예: Asian Literature,포함
历史,,기타,,발표 시기 미상,,,번역서 1종 · 예: 历史,포함
ИСТОРИЯ ЦВЕТОВ,,기타,,발표 시기 미상,,,번역서 1종 · 예: ИСТОРИЯ ЦВЕТОВ,포함
Decidi Ser Quem Sou,,기타,,발표 시기 미상,,,번역서 1종 · 예: Decidi Ser Quem Sou,포함
某種物質的愛,,기타,,발표 시기 미상,,,번역서 1종 · 예: 某種物質的愛,포함
Bis zum Mond,,기타,,발표 시기 미상,,,번역서 1종 · 예: Bis zum Mond,포함
Магазинчик времени,,기타,,발표 시기 미상,,,번역서 1종 · 예: Магазинчик времени,포함
Книжный бар «Переплет судьбы»,,기타,,발표 시기 미상,,,번역서 1종 · 예: Книжный бар «Переплет судьбы»,포함
Le magasin qui n'ouvre que les jours de pluie,,기타,,발표 시기 미상,,,번역서 1종 · 예: Le magasin qui n'ouvre que les jours de pluie,포함
Lekcje greki,,기타,,발표 시기 미상,,,번역서 1종 · 예: Lekcje greki,포함
O eroare umană,,기타,,발표 시기 미상,,,번역서 1종 · 예: O eroare umană,포함
カウンターウェイト,,기타,,발표 시기 미상,,,번역서 1종 · 예: カウンターウェイト,포함
Trunk,,기타,,발표 시기 미상,,,번역서 1종 · 예: Trunk,포함
巫女(ムーダン) 配信者シャーマンとハヨンの悪霊事件簿,,기타,,발표 시기 미상,,,번역서 1종 · 예: 巫女(ムーダン) 配信者シャーマンとハヨンの悪霊事件簿,포함
"La guerre des ombres, Tome 1",,기타,,발표 시기 미상,,,"번역서 1종 · 예: La guerre des ombres, Tome 1",포함
PÈKTUSAN,,기타,,발표 시기 미상,,,번역서 1종 · 예: PÈKTUSAN,포함
Phantom Pain Wings,,기타,,발표 시기 미상,,,번역서 1종 · 예: Phantom Pain Wings,포함
Decido Vivir Como Soy,,기타,,발표 시기 미상,,,번역서 1종 · 예: Decido Vivir Como Soy,포함
CONTES et LÉGENDES de CORÉE,,동화,,발표 시기 미상,,,번역서 1종 · 예: CONTES et LÉGENDES de CORÉE,포함
"MIROIR, CAUSE DE MALHEUR",,기타,,발표 시기 미상,,,"번역서 1종 · 예: MIROIR, CAUSE DE MALHEUR",포함
絶縁,,기타,,발표 시기 미상,,,번역서 1종 · 예: 絶縁,포함
武器の影,,기타,,발표 시기 미상,,,번역서 1종 · 예: 武器の影,포함
Litro Magazine South Korea,,기타,,발표 시기 미상,,,번역서 1종 · 예: Litro Magazine South Korea,포함
أليكساندرا كيم,,기타,,발표 시기 미상,,,번역서 1종 · 예: أليكساندرا كيم,포함
L'odeur des clémentines grillées,,기타,,발표 시기 미상,,,번역서 1종 · 예: L'odeur des clémentines grillées,포함
Qu'est-ce qu'une frontière ?,,기타,,발표 시기 미상,,,번역서 1종 · 예: Qu'est-ce qu'une frontière ?,포함
L'Étoile de Mo,,기타,,발표 시기 미상,,,번역서 1종 · 예: L'Étoile de Mo,포함
月まで行こう,,기타,,발표 시기 미상,,,번역서 1종 · 예: 月まで行こう,포함
La maravillosa tienda de Seúl,,기타,,발표 시기 미상,,,번역서 1종 · 예: La maravillosa tienda de Seúl,포함
A loja dos dias de chuva,,기타,,발표 시기 미상,,,번역서 1종 · 예: A loja dos dias de chuva,포함
"PARS, LE VENT SE LÈVE",,기타,,발표 시기 미상,,,"번역서 1종 · 예: PARS, LE VENT SE LÈVE",포함
Ces soirs rangés dans mon tiroir,,기타,,발표 시기 미상,,,번역서 1종 · 예: Ces soirs rangés dans mon tiroir,포함
Wenn es Nacht wird in Frau Yeoms kleinem Laden,,기타,,발표 시기 미상,,,번역서 1종 · 예: Wenn es Nacht wird in Frau Yeoms kleinem Laden,포함
Я не прощаюсь,,기타,,발표 시기 미상,,,번역서 1종 · 예: Я не прощаюсь,포함
Autobiographie des Todes,,기타,,발표 시기 미상,,,번역서 1종 · 예: Autobiographie des Todes,포함
父亲的解放日志,,기타,,발표 시기 미상,,,번역서 1종 · 예: 父亲的解放日志,포함
Guardé el anochecer en el cajón,,기타,,발표 시기 미상,,,번역서 1종 · 예: Guardé el anochecer en el cajón,포함
QUIERO SER UNIDIMENSIONAL,,기타,,발표 시기 미상,,,번역서 1종 · 예: QUIERO SER UNIDIMENSIONAL,포함
Und über mir das Meer,,기타,,발표 시기 미상,,,번역서 1종 · 예: Und über mir das Meer,포함
Marigold Kalp Çamaşırhanesi,,기타,,발표 시기 미상,,,번역서 1종 · 예: Marigold Kalp Çamaşırhanesi,포함
I Am Not Korean,,기타,,발표 시기 미상,,,번역서 1종 · 예: I Am Not Korean,포함
Hàn Quốc Bách Quỷ Đồ,,기타,,발표 시기 미상,,,번역서 1종 · 예: Hàn Quốc Bách Quỷ Đồ,포함
The Dallergut Dream-Making District,,기타,,발표 시기 미상,,,번역서 1종 · 예: The Dallergut Dream-Making District,포함
"Dẫu Đang Trên Bờ Vực Thẳm, Nhưng Vẫn Không Gục Ngã",,기타,,발표 시기 미상,,,"번역서 1종 · 예: Dẫu Đang Trên Bờ Vực Thẳm, Nhưng Vẫn Không Gục Ngã",포함
"Bình Thản Tĩnh Lặng, Dũng Cảm Cô Đơn",,기타,,발표 시기 미상,,,"번역서 1종 · 예: Bình Thản Tĩnh Lặng, Dũng Cảm Cô Đơn",포함
سنہری ققنس: کوریا کے سات جدید افسانے,,기타,,발표 시기 미상,,,번역서 1종 · 예: سنہری ققنس: کوریا کے سات جدید افسانے,포함
Lágrimas en H Mart,,기타,,발표 시기 미상,,,번역서 1종 · 예: Lágrimas en H Mart,포함
NOKCHEON,,기타,,발표 시기 미상,,,번역서 1종 · 예: NOKCHEON,포함
Résonance Générale NUMÉRO 5-ÉTÉ 2012,,기타,,발표 시기 미상,,,번역서 1종 · 예: Résonance Générale NUMÉRO 5-ÉTÉ 2012,포함
Korea's Ancient Koguryǒ Kingdom,,기타,,발표 시기 미상,,,번역서 1종 · 예: Korea's Ancient Koguryǒ Kingdom,포함
He comprado globos,,기타,,발표 시기 미상,,,번역서 1종 · 예: He comprado globos,포함
Hello Baby,,기타,,발표 시기 미상,,,번역서 1종 · 예: Hello Baby,포함
Aliento + Aguja,,기타,,발표 시기 미상,,,번역서 1종 · 예: Aliento + Aguja,포함
La Vecina,,기타,,발표 시기 미상,,,번역서 1종 · 예: La Vecina,포함
Cadáveres,,기타,,발표 시기 미상,,,번역서 1종 · 예: Cadáveres,포함
Abrazando el crisantemo,,기타,,발표 시기 미상,,,번역서 1종 · 예: Abrazando el crisantemo,포함
Hacia el criadero de perros,,기타,,발표 시기 미상,,,번역서 1종 · 예: Hacia el criadero de perros,포함
Relatos cortos: Lee Jan Wook,,기타,,발표 시기 미상,,,번역서 1종 · 예: Relatos cortos: Lee Jan Wook,포함
Una bala perdida,,기타,,발표 시기 미상,,,번역서 1종 · 예: Una bala perdida,포함
消えた王国 3,,기타,,발표 시기 미상,,,번역서 1종 · 예: 消えた王国 3,포함
消えた王国 2,,기타,,발표 시기 미상,,,번역서 1종 · 예: 消えた王国 2,포함
消えた王国 1,,기타,,발표 시기 미상,,,번역서 1종 · 예: 消えた王国 1,포함
即使只是微弱的光芒,,기타,,발표 시기 미상,,,번역서 1종 · 예: 即使只是微弱的光芒,포함
The Classical Poetry of Korea,,시,,발표 시기 미상,,,번역서 1종 · 예: The Classical Poetry of Korea,포함
ファム・ファタル妖婦伝,,기타,,발표 시기 미상,,,번역서 1종 · 예: ファム・ファタル妖婦伝,포함
韓國の民家,,기타,,발표 시기 미상,,,번역서 1종 · 예: 韓國の民家,포함
韓国の食,,기타,,발표 시기 미상,,,번역서 1종 · 예: 韓国の食,포함
韓国温泉物語,,기타,,발표 시기 미상,,,번역서 1종 · 예: 韓国温泉物語,포함
=東アジア農業の構造問題,,기타,,발표 시기 미상,,,번역서 1종 · 예: =東アジア農業の構造問題,포함
韓國が 死んでも 日本に 追いつけない 18の 理由,,기타,,발표 시기 미상,,,번역서 1종 · 예: 韓國が 死んでも 日本に 追いつけない 18の 理由,포함
朝鮮半島の平和と統一,,기타,,발표 시기 미상,,,번역서 1종 · 예: 朝鮮半島の平和と統一,포함
ソンビとサムライ,,기타,,발표 시기 미상,,,번역서 1종 · 예: ソンビとサムライ,포함
ソウルにダンスホールを,,기타,,발표 시기 미상,,,번역서 1종 · 예: ソウルにダンスホールを,포함
人物でみる韓国哲学の系譜,,기타,,발표 시기 미상,,,번역서 1종 · 예: 人物でみる韓国哲学の系譜,포함
事件の哲学,,기타,,발표 시기 미상,,,번역서 1종 · 예: 事件の哲学,포함
世界の哲学,,기타,,발표 시기 미상,,,번역서 1종 · 예: 世界の哲学,포함
早わかり韓国を知る事典暮らしから歴史まで厳選500キーワード.,,기타,,발표 시기 미상,,,번역서 1종 · 예: 早わかり韓国を知る事典暮らしから歴史まで厳選500キーワード.,포함
「アジア」の渚で 日韓詩人の対話,,시,,발표 시기 미상,,,번역서 1종 · 예: 「アジア」の渚で 日韓詩人の対話,포함
民話で知る韓国,,기타,,발표 시기 미상,,,번역서 1종 · 예: 民話で知る韓国,포함
烈女成春香物語,,기타,,발표 시기 미상,,,번역서 1종 · 예: 烈女成春香物語,포함
於于野譚,,기타,,발표 시기 미상,,,번역서 1종 · 예: 於于野譚,포함
にわとりを鳳凰だといって売ったキムソンダル,,기타,,발표 시기 미상,,,번역서 1종 · 예: にわとりを鳳凰だといって売ったキムソンダル,포함
対訳 ピ チョンドゥク 隨筆集,,기타,,발표 시기 미상,,,번역서 1종 · 예: 対訳 ピ チョンドゥク 隨筆集,포함
小さく、低く、ゆっくりと,,기타,,발표 시기 미상,,,번역서 1종 · 예: 小さく、低く、ゆっくりと,포함
韓国現代随筆選集,,기타,,발표 시기 미상,,,번역서 1종 · 예: 韓国現代随筆選集,포함
自由の淚,,기타,,발표 시기 미상,,,번역서 1종 · 예: 自由の淚,포함
朝鮮短篇小說選集,,단편소설,,발표 시기 미상,,,번역서 1종 · 예: 朝鮮短篇小說選集,포함
スンウ 12歳の明日,,기타,,발표 시기 미상,,,번역서 1종 · 예: スンウ 12歳の明日,포함
アイランド 6,,기타,,발표 시기 미상,,,번역서 1종 · 예: アイランド 6,포함
韓国映画俳優事典,,기타,,발표 시기 미상,,,번역서 1종 · 예: 韓国映画俳優事典,포함
朝鮮の 建築 と 藝術,,기타,,발표 시기 미상,,,번역서 1종 · 예: 朝鮮の 建築 と 藝術,포함
太平天下,,기타,,발표 시기 미상,,,번역서 1종 · 예: 太平天下,포함
太平閑話 滑稽伝,,기타,,발표 시기 미상,,,번역서 1종 · 예: 太平閑話 滑稽伝,포함
板門店,,기타,,발표 시기 미상,,,번역서 1종 · 예: 板門店,포함
パリデギ,,기타,,발표 시기 미상,,,번역서 1종 · 예: パリデギ,포함
尹東柱 評伝,,기타,,발표 시기 미상,,,번역서 1종 · 예: 尹東柱 評伝,포함
朝鮮戦争の社会史,,기타,,발표 시기 미상,,,번역서 1종 · 예: 朝鮮戦争の社会史,포함
閔妃は誰に殺されたのか見えざる日露戦争の序曲,,기타,,발표 시기 미상,,,번역서 1종 · 예: 閔妃は誰に殺されたのか見えざる日露戦争の序曲,포함
韓國,,기타,,발표 시기 미상,,,번역서 1종 · 예: 韓國,포함
朝鮮通信使,,기타,,발표 시기 미상,,,번역서 1종 · 예: 朝鮮通信使,포함
36人の 日本人,,기타,,발표 시기 미상,,,번역서 1종 · 예: 36人の 日本人,포함
私の 文化遺産沓査記,,기타,,발표 시기 미상,,,번역서 1종 · 예: 私の 文化遺産沓査記,포함
実錄東学農民革命史,,기타,,발표 시기 미상,,,번역서 1종 · 예: 実錄東学農民革命史,포함
百濟金銅大香爐,,기타,,발표 시기 미상,,,번역서 1종 · 예: 百濟金銅大香爐,포함
入門 韓國の 歷史,,기타,,발표 시기 미상,,,번역서 1종 · 예: 入門 韓國の 歷史,포함
完訳三国遺事,,기타,,발표 시기 미상,,,번역서 1종 · 예: 完訳三国遺事,포함
わかりやすい韓国の歴史,,기타,,발표 시기 미상,,,번역서 1종 · 예: わかりやすい韓国の歴史,포함
朝鮮王朝史,,기타,,발표 시기 미상,,,번역서 1종 · 예: 朝鮮王朝史,포함
韓國の 歷史,,기타,,발표 시기 미상,,,번역서 1종 · 예: 韓國の 歷史,포함
完訳 三国史記,,기타,,발표 시기 미상,,,번역서 1종 · 예: 完訳 三国史記,포함
ゼロから始める韓国語,,기타,,발표 시기 미상,,,번역서 1종 · 예: ゼロから始める韓国語,포함
韓國語の 初步,,기타,,발표 시기 미상,,,번역서 1종 · 예: 韓國語の 初步,포함
しっかり身につく韓国語トレーニングブック,,기타,,발표 시기 미상,,,번역서 1종 · 예: しっかり身につく韓国語トレーニングブック,포함
實用韓國語,,기타,,발표 시기 미상,,,번역서 1종 · 예: 實用韓國語,포함
書聖 金正喜評伝,,기타,,발표 시기 미상,,,번역서 1종 · 예: 書聖 金正喜評伝,포함
水彩畵 冬 の ソナタの 風景を 描く,,기타,,발표 시기 미상,,,번역서 1종 · 예: 水彩畵 冬 の ソナタの 風景を 描く,포함
美しいポジャギ韓国のパッチワーク,,기타,,발표 시기 미상,,,번역서 1종 · 예: 美しいポジャギ韓国のパッチワーク,포함
アイランド 5,,기타,,발표 시기 미상,,,번역서 1종 · 예: アイランド 5,포함
アイランド 4,,기타,,발표 시기 미상,,,번역서 1종 · 예: アイランド 4,포함
Souvenir d'une montagne,,기타,,발표 시기 미상,,,번역서 1종 · 예: Souvenir d'une montagne,포함
밤새들의 도시,,기타,,발표 시기 미상,,,번역서 1종 · 예: 밤새들의 도시,포함
"MAÎTRE, POURQUOI?",,기타,,발표 시기 미상,,,"번역서 1종 · 예: MAÎTRE, POURQUOI?",포함
Korean Poetry,,시,,발표 시기 미상,,,번역서 1종 · 예: Korean Poetry,포함
Anthology of Korean literary Vol.3,,기타,,발표 시기 미상,,,번역서 1종 · 예: Anthology of Korean literary Vol.3,포함
Anthology of Korean literary Vol.2,,기타,,발표 시기 미상,,,번역서 1종 · 예: Anthology of Korean literary Vol.2,포함
Anthology of Korean literary Vol.1,,기타,,발표 시기 미상,,,번역서 1종 · 예: Anthology of Korean literary Vol.1,포함
Historia Koreańskiej Myśli Konfucjańskiej,,기타,,발표 시기 미상,,,번역서 1종 · 예: Historia Koreańskiej Myśli Konfucjańskiej,포함
Strangers,,기타,,발표 시기 미상,,,번역서 1종 · 예: Strangers,포함
奎章閣之戀 (下),,기타,,발표 시기 미상,,,번역서 1종 · 예: 奎章閣之戀 (下),포함
Hungbu and Nolbu,,기타,,발표 시기 미상,,,번역서 1종 · 예: Hungbu and Nolbu,포함
奎章閣閣臣たちの日々 (下),,기타,,발표 시기 미상,,,번역서 1종 · 예: 奎章閣閣臣たちの日々 (下),포함
Hacia donde se pone el sol,,기타,,발표 시기 미상,,,번역서 1종 · 예: Hacia donde se pone el sol,포함
拥抱太阳的月亮（下),,기타,,발표 시기 미상,,,번역서 1종 · 예: 拥抱太阳的月亮（下),포함
"在熙, 燒酒, 我, 還有冰箱裡的藍莓與菸",,기타,,발표 시기 미상,,,"번역서 1종 · 예: 在熙, 燒酒, 我, 還有冰箱裡的藍莓與菸",포함
Théâtre Coréen Contemporain,,희곡,,발표 시기 미상,,,번역서 1종 · 예: Théâtre Coréen Contemporain,포함
A extraordinária cozinha dos livros,,기타,,발표 시기 미상,,,번역서 1종 · 예: A extraordinária cozinha dos livros,포함
朝のピアノ,,기타,,발표 시기 미상,,,번역서 1종 · 예: 朝のピアノ,포함
朗夜,,기타,,발표 시기 미상,,,번역서 1종 · 예: 朗夜,포함
Nauka chodzenia,,기타,,발표 시기 미상,,,번역서 1종 · 예: Nauka chodzenia,포함
Entenbootweltbürger und andere Erzählungen aus Südkorea,,단편소설,,발표 시기 미상,,,번역서 1종 · 예: Entenbootweltbürger und andere Erzählungen aus Südkorea,포함
Las personas de los apartamentos dorados,,기타,,발표 시기 미상,,,번역서 1종 · 예: Las personas de los apartamentos dorados,포함
Une saison à l'atelier de poterie,,기타,,발표 시기 미상,,,번역서 1종 · 예: Une saison à l'atelier de poterie,포함
明亮的夜晚,,기타,,발표 시기 미상,,,번역서 1종 · 예: 明亮的夜晚,포함
雖然會胖，但還是想一個人吃完半半炸雞再睡,,기타,,발표 시기 미상,,,번역서 1종 · 예: 雖然會胖，但還是想一個人吃完半半炸雞再睡,포함
Çelişkiler,,기타,,발표 시기 미상,,,번역서 1종 · 예: Çelişkiler,포함
アイランド 3,,기타,,발표 시기 미상,,,번역서 1종 · 예: アイランド 3,포함
アイランド ２,,기타,,발표 시기 미상,,,번역서 1종 · 예: アイランド ２,포함
アイランド 1,,기타,,발표 시기 미상,,,번역서 1종 · 예: アイランド 1,포함
孤将,,기타,,발표 시기 미상,,,번역서 1종 · 예: 孤将,포함
TENGO DERECHO A DESTRUIRME,,기타,,발표 시기 미상,,,번역서 1종 · 예: TENGO DERECHO A DESTRUIRME,포함
Gangnam Lady,,기타,,발표 시기 미상,,,번역서 1종 · 예: Gangnam Lady,포함
Le problème humain,,기타,,발표 시기 미상,,,번역서 1종 · 예: Le problème humain,포함
Failed Summer Vacation,,기타,,발표 시기 미상,,,번역서 1종 · 예: Failed Summer Vacation,포함
Le Vagabond de Séoul,,기타,,발표 시기 미상,,,번역서 1종 · 예: Le Vagabond de Séoul,포함
In der Morgendämmerung denken,,기타,,발표 시기 미상,,,번역서 1종 · 예: In der Morgendämmerung denken,포함
Le baobab et le vagabond,,기타,,발표 시기 미상,,,번역서 1종 · 예: Le baobab et le vagabond,포함
あさみどりの引っ越し日,,기타,,발표 시기 미상,,,번역서 1종 · 예: あさみどりの引っ越し日,포함
不便なコンビニ２,,기타,,발표 시기 미상,,,번역서 1종 · 예: 不便なコンビニ２,포함
The sijo tradition,,기타,,발표 시기 미상,,,번역서 1종 · 예: The sijo tradition,포함
Магазин шаговой недоступности,,기타,,발표 시기 미상,,,번역서 1종 · 예: Магазин шаговой недоступности,포함
Loyiha Chilar,,기타,,발표 시기 미상,,,번역서 1종 · 예: Loyiha Chilar,포함
Sem despedidas,,기타,,발표 시기 미상,,,번역서 1종 · 예: Sem despedidas,포함
Autobiografia śmierci,,기타,,발표 시기 미상,,,번역서 1종 · 예: Autobiografia śmierci,포함
MATER 2-10,,기타,,발표 시기 미상,,,번역서 1종 · 예: MATER 2-10,포함
Sen Válečníka,,기타,,발표 시기 미상,,,번역서 1종 · 예: Sen Válečníka,포함
Duchy I Boginie,,기타,,발표 시기 미상,,,번역서 1종 · 예: Duchy I Boginie,포함
Цагаан хоолтон,,기타,,발표 시기 미상,,,번역서 1종 · 예: Цагаан хоолтон,포함
عندما تتفتح زهور الحنطة السوداء,,기타,,발표 시기 미상,,,번역서 1종 · 예: عندما تتفتح زهور الحنطة السوداء,포함
MOONBOUND,,기타,,발표 시기 미상,,,번역서 1종 · 예: MOONBOUND,포함
"Vreau să mor, dar vreau să mănânc tteokbokki",,기타,,발표 시기 미상,,,"번역서 1종 · 예: Vreau să mor, dar vreau să mănânc tteokbokki",포함
ผู้ชาย เขา ผู้หญิง เธอ,,기타,,발표 시기 미상,,,번역서 1종 · 예: ผู้ชาย เขา ผู้หญิง เธอ,포함
이름 없는 여자의 여덟 가지 인생,,기타,,발표 시기 미상,,,번역서 1종 · 예: 이름 없는 여자의 여덟 가지 인생,포함
想成為一次元,,기타,,발표 시기 미상,,,번역서 1종 · 예: 想成為一次元,포함
At Night He Lifts Weights,,기타,,발표 시기 미상,,,번역서 1종 · 예: At Night He Lifts Weights,포함
Miss Kim Knows and Other Stories,,단편소설,,발표 시기 미상,,,번역서 1종 · 예: Miss Kim Knows and Other Stories,포함
Counterweight,,기타,,발표 시기 미상,,,번역서 1종 · 예: Counterweight,포함
Mandel,,기타,,발표 시기 미상,,,번역서 1종 · 예: Mandel,포함
Korean Sinitic Poetry from Ancient Times to 1945,,시,,발표 시기 미상,,,번역서 1종 · 예: Korean Sinitic Poetry from Ancient Times to 1945,포함
The Naked Tree,,기타,,발표 시기 미상,,,번역서 1종 · 예: The Naked Tree,포함
ค้นหาร้านนายอินทร์ที่มีสินค้านี้,,기타,,발표 시기 미상,,,번역서 1종 · 예: ค้นหาร้านนายอินทร์ที่มีสินค้านี้,포함
无论你选择什么样的人生，我都为你加油,,기타,,발표 시기 미상,,,번역서 1종 · 예: 无论你选择什么样的人生，我都为你加油,포함
ลีซาน จอมบัลลังก์พลิกแผ่นดิน เล่ม 1,,기타,,발표 시기 미상,,,번역서 1종 · 예: ลีซาน จอมบัลลังก์พลิกแผ่นดิน เล่ม 1,포함
รักปรุงรส,,기타,,발표 시기 미상,,,번역서 1종 · 예: รักปรุงรส,포함
La espera,,기타,,발표 시기 미상,,,번역서 1종 · 예: La espera,포함
Asansör,,기타,,발표 시기 미상,,,번역서 1종 · 예: Asansör,포함
Panna Kim wie,,기타,,발표 시기 미상,,,번역서 1종 · 예: Panna Kim wie,포함
Музыканты и мстители,,기타,,발표 시기 미상,,,번역서 1종 · 예: Музыканты и мстители,포함
Impossibles adieux,,기타,,발표 시기 미상,,,번역서 1종 · 예: Impossibles adieux,포함
"Ten, którego szukam",,기타,,발표 시기 미상,,,"번역서 1종 · 예: Ten, którego szukam",포함
蒸気駆動の男,,기타,,발표 시기 미상,,,번역서 1종 · 예: 蒸気駆動の男,포함
GREEK LESSONS,,기타,,발표 시기 미상,,,번역서 1종 · 예: GREEK LESSONS,포함
Roadkill,,기타,,발표 시기 미상,,,번역서 1종 · 예: Roadkill,포함
"Vorrei farla finita, ma anche mangiare toppokki",,기타,,발표 시기 미상,,,"번역서 1종 · 예: Vorrei farla finita, ma anche mangiare toppokki",포함
Tangerine Green,,기타,,발표 시기 미상,,,번역서 1종 · 예: Tangerine Green,포함
孝尽,,기타,,발표 시기 미상,,,번역서 1종 · 예: 孝尽,포함
杀人犯的记忆法,,기타,,발표 시기 미상,,,번역서 1종 · 예: 杀人犯的记忆法,포함
僕のルーマニア語の授業,,기타,,발표 시기 미상,,,번역서 1종 · 예: 僕のルーマニア語の授業,포함
Saha,,기타,,발표 시기 미상,,,번역서 1종 · 예: Saha,포함
CONTRAPESO,,기타,,발표 시기 미상,,,번역서 1종 · 예: CONTRAPESO,포함
Anklagelsen,,기타,,발표 시기 미상,,,번역서 1종 · 예: Anklagelsen,포함
The Penguin Book of Korean Short Stories,,단편소설,,발표 시기 미상,,,번역서 1종 · 예: The Penguin Book of Korean Short Stories,포함
火葬,,기타,,발표 시기 미상,,,번역서 1종 · 예: 火葬,포함
あんなにあった酸葉をだれがみんな食べたのか／あの山は本当にそこにあったのか,,기타,,발표 시기 미상,,,번역서 1종 · 예: あんなにあった酸葉をだれがみんな食べたのか／あの山は本当にそこにあったのか,포함
Can't I Go Instead,,기타,,발표 시기 미상,,,번역서 1종 · 예: Can't I Go Instead,포함
Contos de fadas coreanos,,기타,,발표 시기 미상,,,번역서 1종 · 예: Contos de fadas coreanos,포함
مستشار,,기타,,발표 시기 미상,,,번역서 1종 · 예: مستشار,포함
Tabi ki Senden Hoşlanıyorum,,기타,,발표 시기 미상,,,번역서 1종 · 예: Tabi ki Senden Hoşlanıyorum,포함
Like the Moon Escaping from the Clouds,,기타,,발표 시기 미상,,,번역서 1종 · 예: Like the Moon Escaping from the Clouds,포함
The naked tree,,기타,,발표 시기 미상,,,번역서 1종 · 예: The naked tree,포함
Disaster Tourist,,기타,,발표 시기 미상,,,번역서 1종 · 예: Disaster Tourist,포함
ディア・マイ・シスター,,기타,,발표 시기 미상,,,번역서 1종 · 예: ディア・マイ・シスター,포함
Die Legende vom Tränenvogel 2,,기타,,발표 시기 미상,,,번역서 1종 · 예: Die Legende vom Tränenvogel 2,포함
Bienvenidos a la librería Hyunam-Dong,,기타,,발표 시기 미상,,,번역서 1종 · 예: Bienvenidos a la librería Hyunam-Dong,포함
威風堂々 キツネの尻尾,,기타,,발표 시기 미상,,,번역서 1종 · 예: 威風堂々 キツネの尻尾,포함
KHU TẬP THỂ HẠNH PHÚC,,기타,,발표 시기 미상,,,번역서 1종 · 예: KHU TẬP THỂ HẠNH PHÚC,포함
Whale,,기타,,발표 시기 미상,,,번역서 1종 · 예: Whale,포함
Моя безумная бывшая,,기타,,발표 시기 미상,,,번역서 1종 · 예: Моя безумная бывшая,포함
SAIGON NIGHT,,기타,,발표 시기 미상,,,번역서 1종 · 예: SAIGON NIGHT,포함
Washing A Myna,,기타,,발표 시기 미상,,,번역서 1종 · 예: Washing A Myna,포함
朝鮮短篇小説選,,단편소설,,발표 시기 미상,,,번역서 1종 · 예: 朝鮮短篇小説選,포함
敬愛の心,,기타,,발표 시기 미상,,,번역서 1종 · 예: 敬愛の心,포함
生命中的折叠,,기타,,발표 시기 미상,,,번역서 1종 · 예: 生命中的折叠,포함
望遠洞兄弟,,기타,,발표 시기 미상,,,번역서 1종 · 예: 望遠洞兄弟,포함
"It’s OK, Slow Lizard",,기타,,발표 시기 미상,,,"번역서 1종 · 예: It’s OK, Slow Lizard",포함
One Day,,기타,,발표 시기 미상,,,번역서 1종 · 예: One Day,포함
I Am the Subway,,기타,,발표 시기 미상,,,번역서 1종 · 예: I Am the Subway,포함
Moon Pops,,기타,,발표 시기 미상,,,번역서 1종 · 예: Moon Pops,포함
Magic Candies,,기타,,발표 시기 미상,,,번역서 1종 · 예: Magic Candies,포함
Human Court,,기타,,발표 시기 미상,,,번역서 1종 · 예: Human Court,포함
BUKCHON,,기타,,발표 시기 미상,,,번역서 1종 · 예: BUKCHON,포함
Оранжерея на краю света,,기타,,발표 시기 미상,,,번역서 1종 · 예: Оранжерея на краю света,포함
Мадам Таро,,기타,,발표 시기 미상,,,번역서 1종 · 예: Мадам Таро,포함
Настоящий я,,기타,,발표 시기 미상,,,번역서 1종 · 예: Настоящий я,포함
Девочка с лисьим хвостом. Том 1,,기타,,발표 시기 미상,,,번역서 1종 · 예: Девочка с лисьим хвостом. Том 1,포함
Dans une région obscure,,기타,,발표 시기 미상,,,번역서 1종 · 예: Dans une région obscure,포함
私の彼女と女友達,,기타,,발표 시기 미상,,,번역서 1종 · 예: 私の彼女と女友達,포함
Cães,,기타,,발표 시기 미상,,,번역서 1종 · 예: Cães,포함
Аптека сердечных дел семьи Ботеро,,기타,,발표 시기 미상,,,번역서 1종 · 예: Аптека сердечных дел семьи Ботеро,포함
Прачечная души Мэриголд,,기타,,발표 시기 미상,,,번역서 1종 · 예: Прачечная души Мэриголд,포함
殺したい子,,기타,,발표 시기 미상,,,번역서 1종 · 예: 殺したい子,포함
Bitkilerin Özel Hayatı,,기타,,발표 시기 미상,,,번역서 1종 · 예: Bitkilerin Özel Hayatı,포함
Leggere Bong Joon Ho,,기타,,발표 시기 미상,,,번역서 1종 · 예: Leggere Bong Joon Ho,포함
ソヨンドン物語,,기타,,발표 시기 미상,,,번역서 1종 · 예: ソヨンドン物語,포함
Tube,,기타,,발표 시기 미상,,,번역서 1종 · 예: Tube,포함
S’aimer dans la grande ville,,기타,,발표 시기 미상,,,번역서 1종 · 예: S’aimer dans la grande ville,포함
Dün Bahardı,,기타,,발표 시기 미상,,,번역서 1종 · 예: Dün Bahardı,포함
野獣の血,,기타,,발표 시기 미상,,,번역서 1종 · 예: 野獣の血,포함
來小書廚房住一晚,,기타,,발표 시기 미상,,,번역서 1종 · 예: 來小書廚房住一晚,포함
Парень без понедельника,,기타,,발표 시기 미상,,,번역서 1종 · 예: Парень без понедельника,포함
Río de fuego y otros relatos,,기타,,발표 시기 미상,,,번역서 1종 · 예: Río de fuego y otros relatos,포함
Créatures du petit pays,,기타,,발표 시기 미상,,,번역서 1종 · 예: Créatures du petit pays,포함
La déesse qui rêvait du ciel,,기타,,발표 시기 미상,,,번역서 1종 · 예: La déesse qui rêvait du ciel,포함
Les 30 meilleures façons d'assassiner son mari,,기타,,발표 시기 미상,,,번역서 1종 · 예: Les 30 meilleures façons d'assassiner son mari,포함
AROMA DEL ESTE,,기타,,발표 시기 미상,,,번역서 1종 · 예: AROMA DEL ESTE,포함
Iarba,,기타,,발표 시기 미상,,,번역서 1종 · 예: Iarba,포함
鳥的禮物,,기타,,발표 시기 미상,,,번역서 1종 · 예: 鳥的禮物,포함
ΕΚΑΤΟ ΣΚΙΕΣ,,기타,,발표 시기 미상,,,번역서 1종 · 예: ΕΚΑΤΟ ΣΚΙΕΣ,포함
Kızım Hakkında Her Şey,,기타,,발표 시기 미상,,,번역서 1종 · 예: Kızım Hakkında Her Şey,포함
Il Grande Magazzino dei Sogni,,기타,,발표 시기 미상,,,번역서 1종 · 예: Il Grande Magazzino dei Sogni,포함
Léviathan - Deep Water Tome 2,,기타,,발표 시기 미상,,,번역서 1종 · 예: Léviathan - Deep Water Tome 2,포함
Léviathan - Deep Water Tome 1,,기타,,발표 시기 미상,,,번역서 1종 · 예: Léviathan - Deep Water Tome 1,포함
Indragostiti la Seoul,,기타,,발표 시기 미상,,,번역서 1종 · 예: Indragostiti la Seoul,포함
北朝鮮に出勤します,,기타,,발표 시기 미상,,,번역서 1종 · 예: 北朝鮮に出勤します,포함
Sur la route de BTS,,기타,,발표 시기 미상,,,번역서 1종 · 예: Sur la route de BTS,포함
cruzaré el tiempo por ti,,기타,,발표 시기 미상,,,번역서 1종 · 예: cruzaré el tiempo por ti,포함
Ikan Adalah Pertapa,,기타,,발표 시기 미상,,,번역서 1종 · 예: Ikan Adalah Pertapa,포함
El impulso,,기타,,발표 시기 미상,,,번역서 1종 · 예: El impulso,포함
Heungboga,,기타,,발표 시기 미상,,,번역서 1종 · 예: Heungboga,포함
L'arbre nu,,기타,,발표 시기 미상,,,번역서 1종 · 예: L'arbre nu,포함
The Legend of Lady Byeoksa,,기타,,발표 시기 미상,,,번역서 1종 · 예: The Legend of Lady Byeoksa,포함
کتاب افسانه‌هایی از سرزمین گل ختمی (پنسوری ۲),,기타,,발표 시기 미상,,,번역서 1종 · 예: کتاب افسانه‌هایی از سرزمین گل ختمی (پنسوری ۲),포함
L'ora tra il lupo e il cane,,기타,,발표 시기 미상,,,번역서 1종 · 예: L'ora tra il lupo e il cane,포함
MIT ÅR MED KERAMIK OG KÆRLIGHED,,기타,,발표 시기 미상,,,번역서 1종 · 예: MIT ÅR MED KERAMIK OG KÆRLIGHED,포함
Крайнебо 1,,기타,,발표 시기 미상,,,번역서 1종 · 예: Крайнебо 1,포함
Крайнебо 2,,기타,,발표 시기 미상,,,번역서 1종 · 예: Крайнебо 2,포함
"I'm Not Lazy, I'm on Energy Saving Mode",,기타,,발표 시기 미상,,,"번역서 1종 · 예: I'm Not Lazy, I'm on Energy Saving Mode",포함
Hong Gil Dong,,기타,,발표 시기 미상,,,번역서 1종 · 예: Hong Gil Dong,포함
Snowy Day and Other Stories,,단편소설,,발표 시기 미상,,,번역서 1종 · 예: Snowy Day and Other Stories,포함
行李箱,,기타,,발표 시기 미상,,,번역서 1종 · 예: 行李箱,포함
La lavandería de almas de Marigold,,기타,,발표 시기 미상,,,번역서 1종 · 예: La lavandería de almas de Marigold,포함
La leggenda della Cacciatrice di Spiriti,,기타,,발표 시기 미상,,,번역서 1종 · 예: La leggenda della Cacciatrice di Spiriti,포함
El pájaro que bebe lágrimas,,기타,,발표 시기 미상,,,번역서 1종 · 예: El pájaro que bebe lágrimas,포함
Amor na Grande Cidade,,기타,,발표 시기 미상,,,번역서 1종 · 예: Amor na Grande Cidade,포함
The King of Ghosts,,기타,,발표 시기 미상,,,번역서 1종 · 예: The King of Ghosts,포함
Song of the Mushroom,,기타,,발표 시기 미상,,,번역서 1종 · 예: Song of the Mushroom,포함
Cold Reading,,기타,,발표 시기 미상,,,번역서 1종 · 예: Cold Reading,포함
Despedidas Impossíveis,,기타,,발표 시기 미상,,,번역서 1종 · 예: Despedidas Impossíveis,포함
متجر البقالة المزعج,,기타,,발표 시기 미상,,,번역서 1종 · 예: متجر البقالة المزعج,포함
照明商店 3,,기타,,발표 시기 미상,,,번역서 1종 · 예: 照明商店 3,포함
照明商店 2,,기타,,발표 시기 미상,,,번역서 1종 · 예: 照明商店 2,포함
照明商店 1,,기타,,발표 시기 미상,,,번역서 1종 · 예: 照明商店 1,포함
Groapa,,기타,,발표 시기 미상,,,번역서 1종 · 예: Groapa,포함
Bonqsun bacı,,기타,,발표 시기 미상,,,번역서 1종 · 예: Bonqsun bacı,포함
Günbatımında,,기타,,발표 시기 미상,,,번역서 1종 · 예: Günbatımında,포함
"A Ghost, a Thief, and Love",,기타,,발표 시기 미상,,,"번역서 1종 · 예: A Ghost, a Thief, and Love",포함
Le bugie sepolte nel mio giardino,,기타,,발표 시기 미상,,,번역서 1종 · 예: Le bugie sepolte nel mio giardino,포함
Indeterminate Inflorescence,,기타,,발표 시기 미상,,,번역서 1종 · 예: Indeterminate Inflorescence,포함
The Tale of Chun Hyang,,기타,,발표 시기 미상,,,번역서 1종 · 예: The Tale of Chun Hyang,포함
The Second Chance Convenience Store,,기타,,발표 시기 미상,,,번역서 1종 · 예: The Second Chance Convenience Store,포함
素食者,,기타,,발표 시기 미상,,,번역서 1종 · 예: 素食者,포함
Dunia Sisun,,기타,,발표 시기 미상,,,번역서 1종 · 예: Dunia Sisun,포함
A Inconveniente Loja de Conveniência 2,,기타,,발표 시기 미상,,,번역서 1종 · 예: A Inconveniente Loja de Conveniência 2,포함
Osiedle Sielskiej Przyszłości,,기타,,발표 시기 미상,,,번역서 1종 · 예: Osiedle Sielskiej Przyszłości,포함
Далекое море,,기타,,발표 시기 미상,,,번역서 1종 · 예: Далекое море,포함
El árbol desnudo,,기타,,발표 시기 미상,,,번역서 1종 · 예: El árbol desnudo,포함
La ragazza da odiare,,기타,,발표 시기 미상,,,번역서 1종 · 예: La ragazza da odiare,포함
Keramik för nybörjare,,기타,,발표 시기 미상,,,번역서 1종 · 예: Keramik för nybörjare,포함
Mon ami Kim Jong-Un,,기타,,발표 시기 미상,,,번역서 1종 · 예: Mon ami Kim Jong-Un,포함
Neue Erzählungen von der goldenen Schildkröte,,단편소설,,발표 시기 미상,,,번역서 1종 · 예: Neue Erzählungen von der goldenen Schildkröte,포함
The Greatest Short Stories of Kim Yu-jeong,,단편소설,,발표 시기 미상,,,번역서 1종 · 예: The Greatest Short Stories of Kim Yu-jeong,포함
The Black Orb,,기타,,발표 시기 미상,,,번역서 1종 · 예: The Black Orb,포함
Your Neighbour's Table,,기타,,발표 시기 미상,,,번역서 1종 · 예: Your Neighbour's Table,포함
Return to the DallerGut Dream Department Store,,기타,,발표 시기 미상,,,번역서 1종 · 예: Return to the DallerGut Dream Department Store,포함
多賢的祕密貼文：我的真心,,기타,,발표 시기 미상,,,번역서 1종 · 예: 多賢的祕密貼文：我的真心,포함
La cocina de los libros de Soyangri,,기타,,발표 시기 미상,,,번역서 1종 · 예: La cocina de los libros de Soyangri,포함
ESTELA DE CONDENSACIÓN,,기타,,발표 시기 미상,,,번역서 1종 · 예: ESTELA DE CONDENSACIÓN,포함
Quiero morir pero quiero comer tteokbokki,,기타,,발표 시기 미상,,,번역서 1종 · 예: Quiero morir pero quiero comer tteokbokki,포함
Meu Amigo Kim Jong-un,,기타,,발표 시기 미상,,,번역서 1종 · 예: Meu Amigo Kim Jong-un,포함
The Kind Art of Korean Letter Writing: The Healing Power of the Handwritten Note,,기타,,발표 시기 미상,,,번역서 1종 · 예: The Kind Art of Korean Letter Writing: The Healing Power of the Handwritten Note,포함
Snowglobe 2,,기타,,발표 시기 미상,,,번역서 1종 · 예: Snowglobe 2,포함
エディ、あるいはアシュリー,,기타,,발표 시기 미상,,,번역서 1종 · 예: エディ、あるいはアシュリー,포함
エディ、あるいはアシュリ,,기타,,발표 시기 미상,,,번역서 1종 · 예: エディ、あるいはアシュリ,포함
Девочка с лисьим хвостом. Том 2,,기타,,발표 시기 미상,,,번역서 1종 · 예: Девочка с лисьим хвостом. Том 2,포함
Dix petits meurtres,,기타,,발표 시기 미상,,,번역서 1종 · 예: Dix petits meurtres,포함
ホテル物語,,기타,,발표 시기 미상,,,번역서 1종 · 예: ホテル物語,포함
MOI MOI,,기타,,발표 시기 미상,,,번역서 1종 · 예: MOI MOI,포함
一千種藍,,기타,,발표 시기 미상,,,번역서 1종 · 예: 一千種藍,포함
Poverty Must Persist,,기타,,발표 시기 미상,,,번역서 1종 · 예: Poverty Must Persist,포함
Kuchnia książek,,기타,,발표 시기 미상,,,번역서 1종 · 예: Kuchnia książek,포함
Mañana será otro día,,기타,,발표 시기 미상,,,번역서 1종 · 예: Mañana será otro día,포함
Un éclair bleu azur,,기타,,발표 시기 미상,,,번역서 1종 · 예: Un éclair bleu azur,포함
Am I Not Your Sin,,기타,,발표 시기 미상,,,번역서 1종 · 예: Am I Not Your Sin,포함
LABERINTOS DE NEÓN,,기타,,발표 시기 미상,,,번역서 1종 · 예: LABERINTOS DE NEÓN,포함
L'espera,,기타,,발표 시기 미상,,,번역서 1종 · 예: L'espera,포함
鹿川（ノクチョン）は糞に塗（まみ）れて,,기타,,발표 시기 미상,,,번역서 1종 · 예: 鹿川（ノクチョン）は糞に塗（まみ）れて,포함
三人の女 (下),,기타,,발표 시기 미상,,,번역서 1종 · 예: 三人の女 (下),포함
三人の女 (上),,기타,,발표 시기 미상,,,번역서 1종 · 예: 三人の女 (上),포함
カデギ,,기타,,발표 시기 미상,,,번역서 1종 · 예: カデギ,포함
أنا في انتظارك,,기타,,발표 시기 미상,,,번역서 1종 · 예: أنا في انتظارك,포함
"At Night, Listening to the Night of Destruction",,기타,,발표 시기 미상,,,"번역서 1종 · 예: At Night, Listening to the Night of Destruction",포함
カクテル、ラブ、ゾンビ,,기타,,발표 시기 미상,,,번역서 1종 · 예: カクテル、ラブ、ゾンビ,포함
Syncopation,,기타,,발표 시기 미상,,,번역서 1종 · 예: Syncopation,포함
ＴＵＢＥ,,기타,,발표 시기 미상,,,번역서 1종 · 예: ＴＵＢＥ,포함
A acusação,,기타,,발표 시기 미상,,,번역서 1종 · 예: A acusação,포함
Kai nuvykau pas tėvą,,기타,,발표 시기 미상,,,번역서 1종 · 예: Kai nuvykau pas tėvą,포함
wipungdangdang yeou kkoli 2,,기타,,발표 시기 미상,,,번역서 1종 · 예: wipungdangdang yeou kkoli 2,포함
To the Kennels: And Other Stories,,단편소설,,발표 시기 미상,,,번역서 1종 · 예: To the Kennels: And Other Stories,포함
Blowfish,,기타,,발표 시기 미상,,,번역서 1종 · 예: Blowfish,포함
Counterattacks at Thirty,,기타,,발표 시기 미상,,,번역서 1종 · 예: Counterattacks at Thirty,포함
The Midnight Shift,,기타,,발표 시기 미상,,,번역서 1종 · 예: The Midnight Shift,포함
A Thousand Blues,,기타,,발표 시기 미상,,,번역서 1종 · 예: A Thousand Blues,포함
Red Sword,,기타,,발표 시기 미상,,,번역서 1종 · 예: Red Sword,포함
单纯的真心,,기타,,발표 시기 미상,,,번역서 1종 · 예: 单纯的真心,포함
"Какво се случи с мъжа, заклещен в асансьора",,기타,,발표 시기 미상,,,"번역서 1종 · 예: Какво се случи с мъжа, заклещен в асансьора",포함
We Do Not Part,,기타,,발표 시기 미상,,,번역서 1종 · 예: We Do Not Part,포함
私たちのテラスで、終わりを迎えようとする世界に乾杯,,기타,,발표 시기 미상,,,번역서 1종 · 예: 私たちのテラスで、終わりを迎えようとする世界に乾杯,포함
涙を呑む鳥 1,,기타,,발표 시기 미상,,,번역서 1종 · 예: 涙を呑む鳥 1,포함
Die Legende vom Tränenvogel 3,,기타,,발표 시기 미상,,,번역서 1종 · 예: Die Legende vom Tränenvogel 3,포함
La Librería de las ilusiones,,기타,,발표 시기 미상,,,번역서 1종 · 예: La Librería de las ilusiones,포함
Pottenbakken voor geluk,,기타,,발표 시기 미상,,,번역서 1종 · 예: Pottenbakken voor geluk,포함
Wieloryb,,기타,,발표 시기 미상,,,번역서 1종 · 예: Wieloryb,포함
Η ακρόαση,,기타,,발표 시기 미상,,,번역서 1종 · 예: Η ακρόαση,포함
黙々,,기타,,발표 시기 미상,,,번역서 1종 · 예: 黙々,포함
Els adeus impossibles,,기타,,발표 시기 미상,,,번역서 1종 · 예: Els adeus impossibles,포함
"韓國,男子",,기타,,발표 시기 미상,,,"번역서 1종 · 예: 韓國,男子",포함
派遣者たち,,기타,,발표 시기 미상,,,번역서 1종 · 예: 派遣者たち,포함
The Trunk,,기타,,발표 시기 미상,,,번역서 1종 · 예: The Trunk,포함
光っていません,,기타,,발표 시기 미상,,,번역서 1종 · 예: 光っていません,포함
I decided to live as me,,기타,,발표 시기 미상,,,번역서 1종 · 예: I decided to live as me,포함
Korėjos mitai,,기타,,발표 시기 미상,,,번역서 1종 · 예: Korėjos mitai,포함
KISAH CINTA ANADI,,기타,,발표 시기 미상,,,번역서 1종 · 예: KISAH CINTA ANADI,포함
Perjalanan Ke Samp'o,,기타,,발표 시기 미상,,,번역서 1종 · 예: Perjalanan Ke Samp'o,포함
КОКОШКАТА БЕГЛЕЦ,,기타,,발표 시기 미상,,,번역서 1종 · 예: КОКОШКАТА БЕГЛЕЦ,포함
Jak se prodavač papíru stal buddhou,,기타,,발표 시기 미상,,,번역서 1종 · 예: Jak se prodavač papíru stal buddhou,포함
WUTURI LE BÉBÉ GÉANT,,기타,,발표 시기 미상,,,번역서 1종 · 예: WUTURI LE BÉBÉ GÉANT,포함
TERRE DES ANCÊTRES,,기타,,발표 시기 미상,,,번역서 1종 · 예: TERRE DES ANCÊTRES,포함
NOS JOURS HEUREUX,,기타,,발표 시기 미상,,,번역서 1종 · 예: NOS JOURS HEUREUX,포함
L'azalée blanche,,기타,,발표 시기 미상,,,번역서 1종 · 예: L'azalée blanche,포함
植物たちの私生活,,기타,,발표 시기 미상,,,번역서 1종 · 예: 植物たちの私生活,포함
Korean War In Color,,기타,,발표 시기 미상,,,번역서 1종 · 예: Korean War In Color,포함
Země mlh,,기타,,발표 시기 미상,,,번역서 1종 · 예: Země mlh,포함
ai đã ặn hết những cây sing-a ngày ấy?,,기타,,발표 시기 미상,,,번역서 1종 · 예: ai đã ặn hết những cây sing-a ngày ấy?,포함
Traditional Korean painting,,기타,,발표 시기 미상,,,번역서 1종 · 예: Traditional Korean painting,포함
Mám právo se zničit,,기타,,발표 시기 미상,,,번역서 1종 · 예: Mám právo se zničit,포함
A Warm Family,,기타,,발표 시기 미상,,,번역서 1종 · 예: A Warm Family,포함
ОГНЕННАЯ РЕКА,,기타,,발표 시기 미상,,,번역서 1종 · 예: ОГНЕННАЯ РЕКА,포함
逃亡神偷,,기타,,발표 시기 미상,,,번역서 1종 · 예: 逃亡神偷,포함
从平凡走向辉煌,,기타,,발표 시기 미상,,,번역서 1종 · 예: 从平凡走向辉煌,포함
无情,,기타,,발표 시기 미상,,,번역서 1종 · 예: 无情,포함
สังเวยแค้นจักรพรรดิ,,기타,,발표 시기 미상,,,번역서 1종 · 예: สังเวยแค้นจักรพรรดิ,포함
秘密の花園,,기타,,발표 시기 미상,,,번역서 1종 · 예: 秘密の花園,포함
ミシル - 新羅後宮秘録,,기타,,발표 시기 미상,,,번역서 1종 · 예: ミシル - 新羅後宮秘録,포함
私たちの幸せな時間,,기타,,발표 시기 미상,,,번역서 1종 · 예: 私たちの幸せな時間,포함
愛のあとにくるもの,,기타,,발표 시기 미상,,,번역서 1종 · 예: 愛のあとにくるもの,포함
恨のものがたり,,기타,,발표 시기 미상,,,번역서 1종 · 예: 恨のものがたり,포함
ユートピアを飲んで眠る,,기타,,발표 시기 미상,,,번역서 1종 · 예: ユートピアを飲んで眠る,포함
日韓詩人アソンロジー 海峡を渡る声,,시,,발표 시기 미상,,,번역서 1종 · 예: 日韓詩人アソンロジー 海峡を渡る声,포함
AUTOBIOGRAFIA DE HIELO,,기타,,발표 시기 미상,,,번역서 1종 · 예: AUTOBIOGRAFIA DE HIELO,포함
El Restaurante de Sukiyaki,,기타,,발표 시기 미상,,,번역서 1종 · 예: El Restaurante de Sukiyaki,포함
光と風と香り,,기타,,발표 시기 미상,,,번역서 1종 · 예: 光と風と香り,포함
Flora Hen,,기타,,발표 시기 미상,,,번역서 1종 · 예: Flora Hen,포함
小泉村的千年約定,,기타,,발표 시기 미상,,,번역서 1종 · 예: 小泉村的千年約定,포함
不说话的天使,,기타,,발표 시기 미상,,,번역서 1종 · 예: 不说话的天使,포함
ПЕСНИ СЕГОДНЯШНЕГО И ЗАВТРАШНЕГО ДНЯ,,기타,,발표 시기 미상,,,번역서 1종 · 예: ПЕСНИ СЕГОДНЯШНЕГО И ЗАВТРАШНЕГО ДНЯ,포함
分心大王的袱密特訓班,,기타,,발표 시기 미상,,,번역서 1종 · 예: 分心大王的袱密特訓班,포함
人見人愛的17個受歡迎秘訣,,기타,,발표 시기 미상,,,번역서 1종 · 예: 人見人愛的17個受歡迎秘訣,포함
美术课,,기타,,발표 시기 미상,,,번역서 1종 · 예: 美术课,포함
少年科學偵探 CSI 1 --- 成立CSI小組,,기타,,발표 시기 미상,,,번역서 1종 · 예: 少年科學偵探 CSI 1 --- 成立CSI小組,포함
Bán em giá rẻ,,기타,,발표 시기 미상,,,번역서 1종 · 예: Bán em giá rẻ,포함
TRUYỆN CÁI CHUM,,기타,,발표 시기 미상,,,번역서 1종 · 예: TRUYỆN CÁI CHUM,포함
飞向天堂的风筝,,기타,,발표 시기 미상,,,번역서 1종 · 예: 飞向天堂的风筝,포함
Morir después de amar,,기타,,발표 시기 미상,,,번역서 1종 · 예: Morir después de amar,포함
MA VIE PALPITANTE,,기타,,발표 시기 미상,,,번역서 1종 · 예: MA VIE PALPITANTE,포함
『ラクダに乗って』申庚林詩選集,,시,,발표 시기 미상,,,번역서 1종 · 예: 『ラクダに乗って』申庚林詩選集,포함
A trilogia da margem,,기타,,발표 시기 미상,,,번역서 1종 · 예: A trilogia da margem,포함
Hors les murs,,기타,,발표 시기 미상,,,번역서 1종 · 예: Hors les murs,포함
Tản Mạn Xứ Kim Chi,,기타,,발표 시기 미상,,,번역서 1종 · 예: Tản Mạn Xứ Kim Chi,포함
"O slepici, která snila o létání",,기타,,발표 시기 미상,,,"번역서 1종 · 예: O slepici, která snila o létání",포함
野良猫姫,,기타,,발표 시기 미상,,,번역서 1종 · 예: 野良猫姫,포함
我和爸爸的蓝色秘密,,기타,,발표 시기 미상,,,번역서 1종 · 예: 我和爸爸的蓝色秘密,포함
Day One,,기타,,발표 시기 미상,,,번역서 1종 · 예: Day One,포함
(从小爱科学)科学侦察队谋,,기타,,발표 시기 미상,,,번역서 1종 · 예: (从小爱科学)科学侦察队谋,포함
(从小爱科学) 科学侦察队秘密,,기타,,발표 시기 미상,,,번역서 1종 · 예: (从小爱科学) 科学侦察队秘密,포함
三十、宴は終わった,,기타,,발표 시기 미상,,,번역서 1종 · 예: 三十、宴は終わった,포함
李箱詩集,,시,,발표 시기 미상,,,번역서 1종 · 예: 李箱詩集,포함
セーヌは左右を分かち、漢江は南北を隔てる,,기타,,발표 시기 미상,,,번역서 1종 · 예: セーヌは左右を分かち、漢江は南北を隔てる,포함
スパイと北の女優,,기타,,발표 시기 미상,,,번역서 1종 · 예: スパイと北の女優,포함
北朝鮮亡命工作員,,기타,,발표 시기 미상,,,번역서 1종 · 예: 北朝鮮亡命工作員,포함
飛翔へのバラード,,기타,,발표 시기 미상,,,번역서 1종 · 예: 飛翔へのバラード,포함
順伊おばさん,,기타,,발표 시기 미상,,,번역서 1종 · 예: 順伊おばさん,포함
塔,,기타,,발표 시기 미상,,,번역서 1종 · 예: 塔,포함
El niño de la pegatina amarilla,,기타,,발표 시기 미상,,,번역서 1종 · 예: El niño de la pegatina amarilla,포함
項羽と劉邦. 上,,기타,,발표 시기 미상,,,번역서 1종 · 예: 項羽と劉邦. 上,포함
小說秦の始皇帝,,기타,,발표 시기 미상,,,번역서 1종 · 예: 小說秦の始皇帝,포함
無情,,기타,,발표 시기 미상,,,번역서 1종 · 예: 無情,포함
ソウル・スケツチブック,,기타,,발표 시기 미상,,,번역서 1종 · 예: ソウル・スケツチブック,포함
離れ部屋,,기타,,발표 시기 미상,,,번역서 1종 · 예: 離れ部屋,포함
遠ぃあなた,,기타,,발표 시기 미상,,,번역서 1종 · 예: 遠ぃあなた,포함
川辺の風景,,기타,,발표 시기 미상,,,번역서 1종 · 예: 川辺の風景,포함
新女性を生きよ,,기타,,발표 시기 미상,,,번역서 1종 · 예: 新女性を生きよ,포함
人間問題,,기타,,발표 시기 미상,,,번역서 1종 · 예: 人間問題,포함
韓国語対訳叢書2 小説偏：金東仁短篇集,,단편소설,,발표 시기 미상,,,번역서 1종 · 예: 韓国語対訳叢書2 小説偏：金東仁短篇集,포함
海綿の社会,,기타,,발표 시기 미상,,,번역서 1종 · 예: 海綿の社会,포함
雲の笛,,기타,,발표 시기 미상,,,번역서 1종 · 예: 雲の笛,포함
旅,,기타,,발표 시기 미상,,,번역서 1종 · 예: 旅,포함
李陸史詩集,,시,,발표 시기 미상,,,번역서 1종 · 예: 李陸史詩集,포함
李盛夫詩集-我等の糧他,,시,,발표 시기 미상,,,번역서 1종 · 예: 李盛夫詩集-我等の糧他,포함
風の洗礼,,기타,,발표 시기 미상,,,번역서 1종 · 예: 風の洗礼,포함
世界詩人業書5- キム・クヮンリム(金光林)詩集,,시,,발표 시기 미상,,,번역서 1종 · 예: 世界詩人業書5- キム・クヮンリム(金光林)詩集,포함
張吉山 1,,기타,,발표 시기 미상,,,번역서 1종 · 예: 張吉山 1,포함
天と風と星と詩,,시,,발표 시기 미상,,,번역서 1종 · 예: 天と風と星と詩,포함
氷蝉 21世紀世界詩人選書,,시,,발표 시기 미상,,,번역서 1종 · 예: 氷蝉 21世紀世界詩人選書,포함
忠正路の人々,,기타,,발표 시기 미상,,,번역서 1종 · 예: 忠正路の人々,포함
韓·日 戰後世代100人詩選集世界時人叢書 4,,시,,발표 시기 미상,,,번역서 1종 · 예: 韓·日 戰後世代100人詩選集世界時人叢書 4,포함
君がそばにいても僕は君が恋しい,,기타,,발표 시기 미상,,,번역서 1종 · 예: 君がそばにいても僕は君が恋しい,포함
神のランプ,,기타,,발표 시기 미상,,,번역서 1종 · 예: 神のランプ,포함
(続) キム・クヮンリム詩集 108選,,시,,발표 시기 미상,,,번역서 1종 · 예: (続) キム・クヮンリム詩集 108選,포함
詩集 火の鳥,,시,,발표 시기 미상,,,번역서 2종 · 예: 詩集 火の鳥,포함
リトルボーイ,,기타,,발표 시기 미상,,,번역서 1종 · 예: リトルボーイ,포함
いま、君に詩が来たのか,,시,,발표 시기 미상,,,번역서 1종 · 예: いま、君に詩が来たのか,포함
キムサッカ 金笠詩選,,시,,발표 시기 미상,,,번역서 1종 · 예: キムサッカ 金笠詩選,포함
季節の恋人,,기타,,발표 시기 미상,,,번역서 1종 · 예: 季節の恋人,포함
TRUYỆN NGẮN Kim Dong In,,기타,,발표 시기 미상,,,번역서 1종 · 예: TRUYỆN NGẮN Kim Dong In,포함
飯・活人,,기타,,발표 시기 미상,,,번역서 1종 · 예: 飯・活人,포함
駑馬萬理,,기타,,발표 시기 미상,,,번역서 1종 · 예: 駑馬萬理,포함
"Coree, espace et societe",,기타,,발표 시기 미상,,,"번역서 1종 · 예: Coree, espace et societe",포함
青ぶどう イユクサ詩文集,,시,,발표 시기 미상,,,번역서 1종 · 예: 青ぶどう イユクサ詩文集,포함
星うたう詩人,,시,,발표 시기 미상,,,번역서 1종 · 예: 星うたう詩人,포함
笑いの三千里 朝鮮ユーモア文学傑作選,,기타,,발표 시기 미상,,,번역서 1종 · 예: 笑いの三千里 朝鮮ユーモア文学傑作選,포함
天国の階段,,기타,,발표 시기 미상,,,번역서 1종 · 예: 天国の階段,포함
金芝河 生を語る,,기타,,발표 시기 미상,,,번역서 1종 · 예: 金芝河 生を語る,포함
Cantico di frontiera,,기타,,발표 시기 미상,,,번역서 1종 · 예: Cantico di frontiera,포함
韓国風流小ばなし,,기타,,발표 시기 미상,,,번역서 1종 · 예: 韓国風流小ばなし,포함
子どもたちの朝鮮戰爭,,기타,,발표 시기 미상,,,번역서 1종 · 예: 子どもたちの朝鮮戰爭,포함
東アジア 文学空間 の創造,,기타,,발표 시기 미상,,,번역서 1종 · 예: 東アジア 文学空間 の創造,포함
スカートの風,,기타,,발표 시기 미상,,,번역서 1종 · 예: スカートの風,포함
Женьшеневый вкус одиночества,,기타,,발표 시기 미상,,,번역서 1종 · 예: Женьшеневый вкус одиночества,포함
СТРАСТИ СТРАНЫ УТРЕННЕЙ СВЕЖЕСТИ,,기타,,발표 시기 미상,,,번역서 1종 · 예: СТРАСТИ СТРАНЫ УТРЕННЕЙ СВЕЖЕСТИ,포함
Blanket travel,,기타,,발표 시기 미상,,,번역서 1종 · 예: Blanket travel,포함
El poeta,,기타,,발표 시기 미상,,,번역서 1종 · 예: El poeta,포함
El Poeta,,기타,,발표 시기 미상,,,번역서 1종 · 예: El Poeta,포함
Lluvias,,기타,,발표 시기 미상,,,번역서 1종 · 예: Lluvias,포함
冒险15人组 第1集：无人岛生存大考验,,기타,,발표 시기 미상,,,번역서 1종 · 예: 冒险15人组 第1集：无人岛生存大考验,포함
那些有伤的女人,,기타,,발표 시기 미상,,,번역서 1종 · 예: 那些有伤的女人,포함
ЛЮЪОВЪ В ДУНЪХУAНЕ,,기타,,발표 시기 미상,,,번역서 1종 · 예: ЛЮЪОВЪ В ДУНЪХУAНЕ,포함
Am Fluss,,기타,,발표 시기 미상,,,번역서 1종 · 예: Am Fluss,포함
Free on the Inside,,기타,,발표 시기 미상,,,번역서 1종 · 예: Free on the Inside,포함
EL ESPÍRITU DEL VIENTO y otros relatos,,기타,,발표 시기 미상,,,번역서 1종 · 예: EL ESPÍRITU DEL VIENTO y otros relatos,포함
La hoguera,,기타,,발표 시기 미상,,,번역서 1종 · 예: La hoguera,포함
Aquella montaña tan lejana,,기타,,발표 시기 미상,,,번역서 1종 · 예: Aquella montaña tan lejana,포함
15 CÓDIGOS DE LA CULTURA COREANA,,기타,,발표 시기 미상,,,번역서 1종 · 예: 15 CÓDIGOS DE LA CULTURA COREANA,포함
"Canto bajo una fortaleza, El pájaro de las alas de oro",,기타,,발표 시기 미상,,,"번역서 1종 · 예: Canto bajo una fortaleza, El pájaro de las alas de oro",포함
El canto de la espada,,기타,,발표 시기 미상,,,번역서 1종 · 예: El canto de la espada,포함
El pescador no tala,,기타,,발표 시기 미상,,,번역서 1종 · 예: El pescador no tala,포함
Das Schöne verschmäht mich,,기타,,발표 시기 미상,,,번역서 1종 · 예: Das Schöne verschmäht mich,포함
CHWASTY,,기타,,발표 시기 미상,,,번역서 1종 · 예: CHWASTY,포함
Samguk jusa,,기타,,발표 시기 미상,,,번역서 1종 · 예: Samguk jusa,포함
Ein seltsamer Verein,,기타,,발표 시기 미상,,,번역서 1종 · 예: Ein seltsamer Verein,포함
La Plaza,,기타,,발표 시기 미상,,,번역서 1종 · 예: La Plaza,포함
ÉL VIGILA A SU PADRE,,기타,,발표 시기 미상,,,번역서 1종 · 예: ÉL VIGILA A SU PADRE,포함
La historia de Hong Kiltong,,기타,,발표 시기 미상,,,번역서 1종 · 예: La historia de Hong Kiltong,포함
Su silencio,,기타,,발표 시기 미상,,,번역서 1종 · 예: Su silencio,포함
出门在外我会小心,,기타,,발표 시기 미상,,,번역서 1종 · 예: 出门在外我会小心,포함
今天是会下雨还是会下雪？,,기타,,발표 시기 미상,,,번역서 1종 · 예: 今天是会下雨还是会下雪？,포함
干净的手和洁白的牙齿,,기타,,발표 시기 미상,,,번역서 1종 · 예: 干净的手和洁白的牙齿,포함
韓國還可以這樣玩,,기타,,발표 시기 미상,,,번역서 1종 · 예: 韓國還可以這樣玩,포함
La cuchara en la tierra,,기타,,발표 시기 미상,,,번역서 1종 · 예: La cuchara en la tierra,포함
Dokąd iść? Mapy mówią do nas,,기타,,발표 시기 미상,,,번역서 1종 · 예: Dokąd iść? Mapy mówią do nas,포함
紫罗兰,,기타,,발표 시기 미상,,,번역서 1종 · 예: 紫罗兰,포함
LA BIBLIOTHÈQUE DES INSTRUMENTS DE MUSIQUE,,기타,,발표 시기 미상,,,번역서 1종 · 예: LA BIBLIOTHÈQUE DES INSTRUMENTS DE MUSIQUE,포함
Tres obras de teatro coreano,,희곡,,발표 시기 미상,,,번역서 1종 · 예: Tres obras de teatro coreano,포함
Maniquí,,기타,,발표 시기 미상,,,번역서 1종 · 예: Maniquí,포함
LA FAMILIA DE ABE,,기타,,발표 시기 미상,,,번역서 1종 · 예: LA FAMILIA DE ABE,포함
La habitación roja y otros cuentos,,단편소설,,발표 시기 미상,,,번역서 1종 · 예: La habitación roja y otros cuentos,포함
深深的忧伤,,기타,,발표 시기 미상,,,번역서 1종 · 예: 深深的忧伤,포함
李真,,기타,,발표 시기 미상,,,번역서 1종 · 예: 李真,포함
A vízisten menyasszonya,,기타,,발표 시기 미상,,,번역서 1종 · 예: A vízisten menyasszonya,포함
Schatten der Leere,,기타,,발표 시기 미상,,,번역서 1종 · 예: Schatten der Leere,포함
El ciudadano pequeño,,기타,,발표 시기 미상,,,번역서 1종 · 예: El ciudadano pequeño,포함
Paraíso cercado,,기타,,발표 시기 미상,,,번역서 1종 · 예: Paraíso cercado,포함
El Imperio Eterno,,기타,,발표 시기 미상,,,번역서 1종 · 예: El Imperio Eterno,포함
独島/竹島韓国の論理,,기타,,발표 시기 미상,,,번역서 1종 · 예: 独島/竹島韓国の論理,포함
ความไม่เรียบของความรัก,,기타,,발표 시기 미상,,,번역서 1종 · 예: ความไม่เรียบของความรัก,포함
Modern Korean Short Stories,,단편소설,,발표 시기 미상,,,번역서 1종 · 예: Modern Korean Short Stories,포함
Celle qui mangeait le riz froid,,기타,,발표 시기 미상,,,번역서 1종 · 예: Celle qui mangeait le riz froid,포함
Reflexiones sobre una medusa,,기타,,발표 시기 미상,,,번역서 1종 · 예: Reflexiones sobre una medusa,포함
Flores de Fuego,,기타,,발표 시기 미상,,,번역서 1종 · 예: Flores de Fuego,포함
不得贪胜人生如棋,,기타,,발표 시기 미상,,,번역서 1종 · 예: 不得贪胜人生如棋,포함
朝鲜王朝仪轨,,기타,,발표 시기 미상,,,번역서 1종 · 예: 朝鲜王朝仪轨,포함
一个人在家我不怕,,기타,,발표 시기 미상,,,번역서 1종 · 예: 一个人在家我不怕,포함
上学我会守纪律,,기타,,발표 시기 미상,,,번역서 1종 · 예: 上学我会守纪律,포함
針穴の中の嵐,,기타,,발표 시기 미상,,,번역서 1종 · 예: 針穴の中の嵐,포함
New Sprouts within You,,기타,,발표 시기 미상,,,번역서 1종 · 예: New Sprouts within You,포함
Hur gick det för mannen som satt fast i hissen?,,기타,,발표 시기 미상,,,번역서 1종 · 예: Hur gick det för mannen som satt fast i hissen?,포함
El camino a Soradan,,기타,,발표 시기 미상,,,번역서 1종 · 예: El camino a Soradan,포함
One Hundred Years of Solitude,,기타,,발표 시기 미상,,,번역서 1종 · 예: One Hundred Years of Solitude,포함
LA TRILOGIA DEL LIMITE,,기타,,발표 시기 미상,,,번역서 1종 · 예: LA TRILOGIA DEL LIMITE,포함
Korean tea classics by Hanjae Yi Mok and the venerable Cho-ui,,기타,,발표 시기 미상,,,번역서 1종 · 예: Korean tea classics by Hanjae Yi Mok and the venerable Cho-ui,포함
Psia Kupa,,기타,,발표 시기 미상,,,번역서 1종 · 예: Psia Kupa,포함
Korean Shamanism and cultural nationalism,,기타,,발표 시기 미상,,,번역서 1종 · 예: Korean Shamanism and cultural nationalism,포함
很久很久以前,,기타,,발표 시기 미상,,,번역서 1종 · 예: 很久很久以前,포함
Die Malerei des Reiches Goguryeo,,기타,,발표 시기 미상,,,번역서 1종 · 예: Die Malerei des Reiches Goguryeo,포함
DIALOGUE AVEC UN VIEIL ARBRE GÉANT,,기타,,발표 시기 미상,,,번역서 1종 · 예: DIALOGUE AVEC UN VIEIL ARBRE GÉANT,포함
带母语回家,,기타,,발표 시기 미상,,,번역서 1종 · 예: 带母语回家,포함
Wann Kommt Mama?,,기타,,발표 시기 미상,,,번역서 1종 · 예: Wann Kommt Mama?,포함
Bà lão cháo đậu đỏ và con hổ,,기타,,발표 시기 미상,,,번역서 1종 · 예: Bà lão cháo đậu đỏ và con hổ,포함
Yo soy Moon,,기타,,발표 시기 미상,,,번역서 1종 · 예: Yo soy Moon,포함
BAŞKA TOPRAKLARDA RÜZGÂR SERT ESER,,기타,,발표 시기 미상,,,번역서 1종 · 예: BAŞKA TOPRAKLARDA RÜZGÂR SERT ESER,포함
我的叔叔李小龙,,기타,,발표 시기 미상,,,번역서 1종 · 예: 我的叔叔李小龙,포함
DER GROßE STROM,,기타,,발표 시기 미상,,,번역서 1종 · 예: DER GROßE STROM,포함
Sermon of one hundred days,,기타,,발표 시기 미상,,,번역서 1종 · 예: Sermon of one hundred days,포함
Sukiyaki de domingo,,기타,,발표 시기 미상,,,번역서 1종 · 예: Sukiyaki de domingo,포함
"Lauf, Vater, lauf",,기타,,발표 시기 미상,,,"번역서 1종 · 예: Lauf, Vater, lauf",포함
Korean Mythology,,기타,,발표 시기 미상,,,번역서 1종 · 예: Korean Mythology,포함
(A Field Guide to History) Seoul,,기타,,발표 시기 미상,,,번역서 1종 · 예: (A Field Guide to History) Seoul,포함
Vögel Korea,,기타,,발표 시기 미상,,,번역서 1종 · 예: Vögel Korea,포함
はじめてもらった賞状,,기타,,발표 시기 미상,,,번역서 1종 · 예: はじめてもらった賞状,포함
FUGLEN,,기타,,발표 시기 미상,,,번역서 1종 · 예: FUGLEN,포함
老爸，快跑,,기타,,발표 시기 미상,,,번역서 1종 · 예: 老爸，快跑,포함
La casona de los patios,,기타,,발표 시기 미상,,,번역서 1종 · 예: La casona de los patios,포함
"ULHWA, la exorcista",,기타,,발표 시기 미상,,,"번역서 1종 · 예: ULHWA, la exorcista",포함
Monsil,,기타,,발표 시기 미상,,,번역서 1종 · 예: Monsil,포함
Nueve Pares de zapatos,,기타,,발표 시기 미상,,,번역서 1종 · 예: Nueve Pares de zapatos,포함
The Square,,기타,,발표 시기 미상,,,번역서 1종 · 예: The Square,포함
"Yo que soy nada, lo soy todo",,기타,,발표 시기 미상,,,"번역서 1종 · 예: Yo que soy nada, lo soy todo",포함
Regreso al cielo,,기타,,발표 시기 미상,,,번역서 1종 · 예: Regreso al cielo,포함
El sueño de las nueve nubes,,기타,,발표 시기 미상,,,번역서 1종 · 예: El sueño de las nueve nubes,포함
他人の部屋,,기타,,발표 시기 미상,,,번역서 1종 · 예: 他人の部屋,포함
夢遊桃源図,,기타,,발표 시기 미상,,,번역서 1종 · 예: 夢遊桃源図,포함
Our Happy Time,,기타,,발표 시기 미상,,,번역서 1종 · 예: Our Happy Time,포함
The bird,,기타,,발표 시기 미상,,,번역서 1종 · 예: The bird,포함
THE MAGIC JUICE,,기타,,발표 시기 미상,,,번역서 1종 · 예: THE MAGIC JUICE,포함
NEW COFFINS FOR A GROWING VAMPIRE!,,기타,,발표 시기 미상,,,번역서 1종 · 예: NEW COFFINS FOR A GROWING VAMPIRE!,포함
MIRROR,,기타,,발표 시기 미상,,,번역서 1종 · 예: MIRROR,포함
我們的幸福時光,,기타,,발표 시기 미상,,,번역서 1종 · 예: 我們的幸福時光,포함
QUIZ SHOW,,기타,,발표 시기 미상,,,번역서 1종 · 예: QUIZ SHOW,포함
"这些年, 我们忽略的事",,기타,,발표 시기 미상,,,"번역서 1종 · 예: 这些年, 我们忽略的事",포함
AUGEN AUS TAU,,기타,,발표 시기 미상,,,번역서 1종 · 예: AUGEN AUS TAU,포함
上半身窈窕的祕密,,기타,,발표 시기 미상,,,번역서 1종 · 예: 上半身窈窕的祕密,포함
VAMPIRE VEGETABLES,,기타,,발표 시기 미상,,,번역서 1종 · 예: VAMPIRE VEGETABLES,포함
A SPECTRE AT THE SEE-SAW,,기타,,발표 시기 미상,,,번역서 1종 · 예: A SPECTRE AT THE SEE-SAW,포함
CREEPY CAMP,,기타,,발표 시기 미상,,,번역서 1종 · 예: CREEPY CAMP,포함
Би эмээтэйгээ амьдардаг,,기타,,발표 시기 미상,,,번역서 1종 · 예: Би эмээтэйгээ амьдардаг,포함
CENDRES ET ROUGE,,기타,,발표 시기 미상,,,번역서 1종 · 예: CENDRES ET ROUGE,포함
金光圭詩集,,시,,발표 시기 미상,,,번역서 1종 · 예: 金光圭詩集,포함
ソウルのイエス,,기타,,발표 시기 미상,,,번역서 1종 · 예: ソウルのイエス,포함
詩集 時間の丸木舟,,시,,발표 시기 미상,,,번역서 1종 · 예: 詩集 時間の丸木舟,포함
La ciudad inmortal,,기타,,발표 시기 미상,,,번역서 1종 · 예: La ciudad inmortal,포함
Canto del oeste coreano,,기타,,발표 시기 미상,,,번역서 1종 · 예: Canto del oeste coreano,포함
La canción de Chun-hiang,,기타,,발표 시기 미상,,,번역서 1종 · 예: La canción de Chun-hiang,포함
Posada de Nubes y Otros Poemas,,기타,,발표 시기 미상,,,번역서 1종 · 예: Posada de Nubes y Otros Poemas,포함
"Cielo, viento, estrellas y poesía",,시,,발표 시기 미상,,,"번역서 1종 · 예: Cielo, viento, estrellas y poesía",포함
Imágenes del tiempo,,기타,,발표 시기 미상,,,번역서 1종 · 예: Imágenes del tiempo,포함
Sueños del barranco,,기타,,발표 시기 미상,,,번역서 1종 · 예: Sueños del barranco,포함
Más allá del amor,,기타,,발표 시기 미상,,,번역서 1종 · 예: Más allá del amor,포함
EPÍTOME DE SIL-LA,,기타,,발표 시기 미상,,,번역서 1종 · 예: EPÍTOME DE SIL-LA,포함
Poemas,,기타,,발표 시기 미상,,,번역서 1종 · 예: Poemas,포함
Poemas de un niño vagabundo de ochenta anõs y otros poemas escogidos,,기타,,발표 시기 미상,,,번역서 1종 · 예: Poemas de un niño vagabundo de ochenta anõs y otros poemas escogidos,포함
Junto al crisantemo,,기타,,발표 시기 미상,,,번역서 1종 · 예: Junto al crisantemo,포함
La Canción del dragón y otros poemas,,기타,,발표 시기 미상,,,번역서 1종 · 예: La Canción del dragón y otros poemas,포함
ANTOLOGIA POETICA DE SOWOL KIM,,기타,,발표 시기 미상,,,번역서 1종 · 예: ANTOLOGIA POETICA DE SOWOL KIM,포함
Antología poética,,기타,,발표 시기 미상,,,번역서 1종 · 예: Antología poética,포함
Tenues sombras del viejo amor,,기타,,발표 시기 미상,,,번역서 1종 · 예: Tenues sombras del viejo amor,포함
Una piedra en el límite de los campos,,기타,,발표 시기 미상,,,번역서 1종 · 예: Una piedra en el límite de los campos,포함
A vista de cuervo y otros poemas,,기타,,발표 시기 미상,,,번역서 1종 · 예: A vista de cuervo y otros poemas,포함
COMPRENSIÓN DE LA LITERATURA COREANA,,기타,,발표 시기 미상,,,번역서 1종 · 예: COMPRENSIÓN DE LA LITERATURA COREANA,포함
Poesía Zen,,시,,발표 시기 미상,,,번역서 1종 · 예: Poesía Zen,포함
Ananda,,기타,,발표 시기 미상,,,번역서 1종 · 예: Ananda,포함
Diez mil vidas,,기타,,발표 시기 미상,,,번역서 1종 · 예: Diez mil vidas,포함
El Tiempo Transparente,,기타,,발표 시기 미상,,,번역서 1종 · 예: El Tiempo Transparente,포함
Yi Sang y otros narradores coreanos (RELATOS),,기타,,발표 시기 미상,,,번역서 1종 · 예: Yi Sang y otros narradores coreanos (RELATOS),포함
Zeit zum Toastbacken,,기타,,발표 시기 미상,,,번역서 1종 · 예: Zeit zum Toastbacken,포함
Wie kommt der Elefant in mein Schlafzimmer?,,기타,,발표 시기 미상,,,번역서 1종 · 예: Wie kommt der Elefant in mein Schlafzimmer?,포함
Der Axtdieb,,기타,,발표 시기 미상,,,번역서 1종 · 예: Der Axtdieb,포함
Die Geschichte der Sukhyang,,기타,,발표 시기 미상,,,번역서 1종 · 예: Die Geschichte der Sukhyang,포함
Zerbrochene Wörter,,기타,,발표 시기 미상,,,번역서 1종 · 예: Zerbrochene Wörter,포함
Die Mohnblume im Haar Ausgewählte Gedichte,,시,,발표 시기 미상,,,번역서 1종 · 예: Die Mohnblume im Haar Ausgewählte Gedichte,포함
Kriegspack,,기타,,발표 시기 미상,,,번역서 1종 · 예: Kriegspack,포함
Vögel,,기타,,발표 시기 미상,,,번역서 1종 · 예: Vögel,포함
Koreanische Literatur in Deutschland,,기타,,발표 시기 미상,,,번역서 1종 · 예: Koreanische Literatur in Deutschland,포함
Das Tagebuch von Baekbeom,,기타,,발표 시기 미상,,,번역서 1종 · 예: Das Tagebuch von Baekbeom,포함
SAMGUK YUSA,,기타,,발표 시기 미상,,,번역서 1종 · 예: SAMGUK YUSA,포함
MÄRCHEN aus Korea,,동화,,발표 시기 미상,,,번역서 1종 · 예: MÄRCHEN aus Korea,포함
Immer Ärger mit Jonko,,기타,,발표 시기 미상,,,번역서 1종 · 예: Immer Ärger mit Jonko,포함
Migaya,,기타,,발표 시기 미상,,,번역서 1종 · 예: Migaya,포함
"Der tapfere Hong Gil-Dong. Der junge Mann, der einen Schatten kaufte.",,기타,,발표 시기 미상,,,"번역서 1종 · 예: Der tapfere Hong Gil-Dong. Der junge Mann, der einen Schatten kaufte.",포함
Der Himmelsprinz und die Bärin,,기타,,발표 시기 미상,,,번역서 1종 · 예: Der Himmelsprinz und die Bärin,포함
Grenzerfahrungen,,기타,,발표 시기 미상,,,번역서 1종 · 예: Grenzerfahrungen,포함
Die unverkaufte Brautein autobiographischer Essay aus Südkorea,,수필,,발표 시기 미상,,,번역서 1종 · 예: Die unverkaufte Brautein autobiographischer Essay aus Südkorea,포함
BRENNENDE WIRKLICHKEIT - Literaturkritische Aufsätze zur koreanischen Literatur,,기타,,발표 시기 미상,,,번역서 1종 · 예: BRENNENDE WIRKLICHKEIT - Literaturkritische Aufsätze zur koreanischen Literatur,포함
Die Geschichte des Herrn Han,,기타,,발표 시기 미상,,,번역서 1종 · 예: Die Geschichte des Herrn Han,포함
Der Gast,,기타,,발표 시기 미상,,,번역서 1종 · 예: Der Gast,포함
KRIEGER UND SÄNGER,,기타,,발표 시기 미상,,,번역서 1종 · 예: KRIEGER UND SÄNGER,포함
Ende einer Vorstellung,,기타,,발표 시기 미상,,,번역서 1종 · 예: Ende einer Vorstellung,포함
Über alle mauern,,기타,,발표 시기 미상,,,번역서 1종 · 예: Über alle mauern,포함
Der ferne Garten,,기타,,발표 시기 미상,,,번역서 1종 · 예: Der ferne Garten,포함
Lautlos fällt eine Blüte,,기타,,발표 시기 미상,,,번역서 1종 · 예: Lautlos fällt eine Blüte,포함
Das Spiel mit dem Feuer,,기타,,발표 시기 미상,,,번역서 1종 · 예: Das Spiel mit dem Feuer,포함
Der Zwerg,,기타,,발표 시기 미상,,,번역서 1종 · 예: Der Zwerg,포함
Cuentos coreanos,,단편소설,,발표 시기 미상,,,번역서 1종 · 예: Cuentos coreanos,포함
La cárcel del corazón y otros relatos,,기타,,발표 시기 미상,,,번역서 1종 · 예: La cárcel del corazón y otros relatos,포함
Верная Чхунхян,,기타,,발표 시기 미상,,,번역서 1종 · 예: Верная Чхунхян,포함
Tiotusen fotspår och andra dikter,,기타,,발표 시기 미상,,,번역서 1종 · 예: Tiotusen fotspår och andra dikter,포함
TIGRUL CU URECHI ALBE,,기타,,발표 시기 미상,,,번역서 1종 · 예: TIGRUL CU URECHI ALBE,포함
Nuvele alese,,기타,,발표 시기 미상,,,번역서 1종 · 예: Nuvele alese,포함
ÎNTOARCEREA ÎN CER,,기타,,발표 시기 미상,,,번역서 1종 · 예: ÎNTOARCEREA ÎN CER,포함
Aripi,,기타,,발표 시기 미상,,,번역서 1종 · 예: Aripi,포함
Poeme alese,,기타,,발표 시기 미상,,,번역서 1종 · 예: Poeme alese,포함
Poezii alese,,기타,,발표 시기 미상,,,번역서 1종 · 예: Poezii alese,포함
Wampir i inne opowiadania,,기타,,발표 시기 미상,,,번역서 1종 · 예: Wampir i inne opowiadania,포함
Dzień z życia pisarza Kubo,,기타,,발표 시기 미상,,,번역서 1종 · 예: Dzień z życia pisarza Kubo,포함
Filiżanka kawy,,기타,,발표 시기 미상,,,번역서 1종 · 예: Filiżanka kawy,포함
Komungo,,기타,,발표 시기 미상,,,번역서 1종 · 예: Komungo,포함
Poszukując boga,,기타,,발표 시기 미상,,,번역서 1종 · 예: Poszukując boga,포함
Sen ulotny jak oblok,,기타,,발표 시기 미상,,,번역서 1종 · 예: Sen ulotny jak oblok,포함
Dramaty,,희곡,,발표 시기 미상,,,번역서 1종 · 예: Dramaty,포함
Mgła jedwabna,,기타,,발표 시기 미상,,,번역서 1종 · 예: Mgła jedwabna,포함
Barwy miłości,,기타,,발표 시기 미상,,,번역서 1종 · 예: Barwy miłości,포함
HANEN HAR GALT HELTEN HAR GJORT ALT HAN MÅTTE GJØRE,,기타,,발표 시기 미상,,,번역서 1종 · 예: HANEN HAR GALT HELTEN HAR GJORT ALT HAN MÅTTE GJØRE,포함
Een huis in Seoel,,기타,,발표 시기 미상,,,번역서 1종 · 예: Een huis in Seoel,포함
Herfstheuvels,,기타,,발표 시기 미상,,,번역서 1종 · 예: Herfstheuvels,포함
De dichter,,기타,,발표 시기 미상,,,번역서 1종 · 예: De dichter,포함
VOGEL,,기타,,발표 시기 미상,,,번역서 1종 · 예: VOGEL,포함
De schaduw van de wapens,,기타,,발표 시기 미상,,,번역서 1종 · 예: De schaduw van de wapens,포함
Puisi buat Rakyat Indonesia,,기타,,발표 시기 미상,,,번역서 1종 · 예: Puisi buat Rakyat Indonesia,포함
Laut dan Kupu-Kupu,,기타,,발표 시기 미상,,,번역서 1종 · 예: Laut dan Kupu-Kupu,포함
Le saule aux dix mille rameaux,,기타,,발표 시기 미상,,,번역서 1종 · 예: Le saule aux dix mille rameaux,포함
Избранные кopeйcкиe paccкaзы нoвого времени,,기타,,발표 시기 미상,,,번역서 1종 · 예: Избранные кopeйcкиe paccкaзы нoвого времени,포함
Flor y oro de la poesía coreana,,시,,발표 시기 미상,,,번역서 1종 · 예: Flor y oro de la poesía coreana,포함
POESIA COREANA ACTUAL,,시,,발표 시기 미상,,,번역서 1종 · 예: POESIA COREANA ACTUAL,포함
Пљусак и друге приче,,기타,,발표 시기 미상,,,번역서 1종 · 예: Пљусак и друге приче,포함
ПОВРАТАК НА НЕБО,,기타,,발표 시기 미상,,,번역서 1종 · 예: ПОВРАТАК НА НЕБО,포함
ОСТРВО ИО,,기타,,발표 시기 미상,,,번역서 1종 · 예: ОСТРВО ИО,포함
ПECMA XOДOЧACHИЦE,,기타,,발표 시기 미상,,,번역서 1종 · 예: ПECMA XOДOЧACHИЦE,포함
NA BRIJEGU U PODNE,,기타,,발표 시기 미상,,,번역서 1종 · 예: NA BRIJEGU U PODNE,포함
Одинокий журавль,,기타,,발표 시기 미상,,,번역서 1종 · 예: Одинокий журавль,포함
Корейские повести ⅩⅨ в.,,기타,,발표 시기 미상,,,번역서 1종 · 예: Корейские повести ⅩⅨ в.,포함
Лисий перевал,,기타,,발표 시기 미상,,,번역서 1종 · 예: Лисий перевал,포함
Корейский Язык,,기타,,발표 시기 미상,,,번역서 1종 · 예: Корейский Язык,포함
Современная литература Кореи,,기타,,발표 시기 미상,,,번역서 1종 · 예: Современная литература Кореи,포함
НЕИЗВЕСТНЫЙ АВТОРT ФЕИ С АЛМАЗНЫХ ГОР,,기타,,발표 시기 미상,,,번역서 1종 · 예: НЕИЗВЕСТНЫЙ АВТОРT ФЕИ С АЛМАЗНЫХ ГОР,포함
Волшебная кисточка,,기타,,발표 시기 미상,,,번역서 1종 · 예: Волшебная кисточка,포함
Рыбак не помает камышей,,기타,,발표 시기 미상,,,번역서 1종 · 예: Рыбак не помает камышей,포함
The Plotters,,기타,,발표 시기 미상,,,번역서 1종 · 예: The Plotters,포함
Kaрma,,기타,,발표 시기 미상,,,번역서 1종 · 예: Kaрma,포함
Kagylóhéjak,,기타,,발표 시기 미상,,,번역서 1종 · 예: Kagylóhéjak,포함
СКАЗАНИЕ О ЧХУНЯН,,기타,,발표 시기 미상,,,번역서 1종 · 예: СКАЗАНИЕ О ЧХУНЯН,포함
A Tigris Intelme,,기타,,발표 시기 미상,,,번역서 1종 · 예: A Tigris Intelme,포함
История на класическата корейска литература,,기타,,발표 시기 미상,,,번역서 1종 · 예: История на класическата корейска литература,포함
Избранные кopeйcкиe рассказы новейшего времени,,기타,,발표 시기 미상,,,번역서 1종 · 예: Избранные кopeйcкиe рассказы новейшего времени,포함
LE CHANT MÉLODIEUX DES ÂMES,,기타,,발표 시기 미상,,,번역서 1종 · 예: LE CHANT MÉLODIEUX DES ÂMES,포함
Avec cette neige grise et sale,,기타,,발표 시기 미상,,,번역서 1종 · 예: Avec cette neige grise et sale,포함
СЕЗОН ДОЖДЕЙ,,기타,,발표 시기 미상,,,번역서 1종 · 예: СЕЗОН ДОЖДЕЙ,포함
Золотая Птица Гаруда,,기타,,발표 시기 미상,,,번역서 1종 · 예: Золотая Птица Гаруда,포함
Die Sonne und der Mond,,기타,,발표 시기 미상,,,번역서 1종 · 예: Die Sonne und der Mond,포함
Jikji,,기타,,발표 시기 미상,,,번역서 1종 · 예: Jikji,포함
L'ombra delle armi,,기타,,발표 시기 미상,,,번역서 1종 · 예: L'ombra delle armi,포함
ENIGMI COREANI,,기타,,발표 시기 미상,,,번역서 1종 · 예: ENIGMI COREANI,포함
IL POETA,,기타,,발표 시기 미상,,,번역서 1종 · 예: IL POETA,포함
LA STANZA DI MIA MOGLIE,,기타,,발표 시기 미상,,,번역서 1종 · 예: LA STANZA DI MIA MOGLIE,포함
La sciamana di Chatsil,,기타,,발표 시기 미상,,,번역서 1종 · 예: La sciamana di Chatsil,포함
Il signor Han,,기타,,발표 시기 미상,,,번역서 1종 · 예: Il signor Han,포함
Hong Kiltong,,기타,,발표 시기 미상,,,번역서 1종 · 예: Hong Kiltong,포함
"MOGLI, MARITI E CONCUBINE",,기타,,발표 시기 미상,,,"번역서 1종 · 예: MOGLI, MARITI E CONCUBINE",포함
Il sogno delle nove nuvole,,기타,,발표 시기 미상,,,번역서 1종 · 예: Il sogno delle nove nuvole,포함
Fiori d'un istante,,기타,,발표 시기 미상,,,번역서 1종 · 예: Fiori d'un istante,포함
Il fiume di cristoforo,,기타,,발표 시기 미상,,,번역서 1종 · 예: Il fiume di cristoforo,포함
CANTI DAL PADIGLIONE AZZURRO,,기타,,발표 시기 미상,,,번역서 1종 · 예: CANTI DAL PADIGLIONE AZZURRO,포함
Annak az ősznek három napja,,기타,,발표 시기 미상,,,번역서 1종 · 예: Annak az ősznek három napja,포함
A törpe,,기타,,발표 시기 미상,,,번역서 1종 · 예: A törpe,포함
रंगमंच,,기타,,발표 시기 미상,,,번역서 1종 · 예: रंगमंच,포함
श्रेष्ठ कोरियाई कथाएँ,,기타,,발표 시기 미상,,,번역서 1종 · 예: श्रेष्ठ कोरियाई कथाएँ,포함
Die koreanische Sprache,,기타,,발표 시기 미상,,,번역서 1종 · 예: Die koreanische Sprache,포함
Die Schelte des Tigers,,기타,,발표 시기 미상,,,번역서 1종 · 예: Die Schelte des Tigers,포함
Mujin im Nebel,,기타,,발표 시기 미상,,,번역서 1종 · 예: Mujin im Nebel,포함
Euer Paradies,,기타,,발표 시기 미상,,,번역서 1종 · 예: Euer Paradies,포함
Unter Pfirsichblüten eingeschlafen,,기타,,발표 시기 미상,,,번역서 1종 · 예: Unter Pfirsichblüten eingeschlafen,포함
Die letzten viereinhalb Sekunden meines,,기타,,발표 시기 미상,,,번역서 1종 · 예: Die letzten viereinhalb Sekunden meines,포함
Frauen in Koreaeine Kulturgeschichte,,기타,,발표 시기 미상,,,번역서 1종 · 예: Frauen in Koreaeine Kulturgeschichte,포함
Bibimtoon,,기타,,발표 시기 미상,,,번역서 1종 · 예: Bibimtoon,포함
Priest Vol.1,,기타,,발표 시기 미상,,,번역서 1종 · 예: Priest Vol.1,포함
Warcraft,,기타,,발표 시기 미상,,,번역서 1종 · 예: Warcraft,포함
L'ospite,,기타,,발표 시기 미상,,,번역서 1종 · 예: L'ospite,포함
再訳 朝鮮詩集,,시,,발표 시기 미상,,,번역서 1종 · 예: 再訳 朝鮮詩集,포함
現代韓国小説選 3,,기타,,발표 시기 미상,,,번역서 1종 · 예: 現代韓国小説選 3,포함
6 stories 現代韓国女性作家短編,,단편소설,,발표 시기 미상,,,번역서 1종 · 예: 6 stories 現代韓国女性作家短編,포함
韓国近現代時調選集,,기타,,발표 시기 미상,,,번역서 1종 · 예: 韓国近現代時調選集,포함
現代韓国短篇選 下,,단편소설,,발표 시기 미상,,,번역서 1종 · 예: 現代韓国短篇選 下,포함
韓国の現代文学,,기타,,발표 시기 미상,,,번역서 1종 · 예: 韓国の現代文学,포함
李箱作品集成,,기타,,발표 시기 미상,,,번역서 1종 · 예: 李箱作品集成,포함
世界現代詩文庫 II 韓國現代詩集,,시,,발표 시기 미상,,,번역서 1종 · 예: 世界現代詩文庫 II 韓國現代詩集,포함
朝鮮幻想小說傑作選,,기타,,발표 시기 미상,,,번역서 1종 · 예: 朝鮮幻想小說傑作選,포함
現代韓国小説選 1,,기타,,발표 시기 미상,,,번역서 1종 · 예: 現代韓国小説選 1,포함
現代韓国短篇選 上,,단편소설,,발표 시기 미상,,,번역서 1종 · 예: 現代韓国短篇選 上,포함
韓国現代文学13人集,,기타,,발표 시기 미상,,,번역서 1종 · 예: 韓国現代文学13人集,포함
小説家仇甫氏の一日 : ほか十三編,,기타,,발표 시기 미상,,,번역서 1종 · 예: 小説家仇甫氏の一日 : ほか十三編,포함
現代韓国小説選 2,,기타,,발표 시기 미상,,,번역서 1종 · 예: 現代韓国小説選 2,포함
韓国の現代文学. 4,,기타,,발표 시기 미상,,,번역서 1종 · 예: 韓国の現代文学. 4,포함
韓国の現代文学. 2,,기타,,발표 시기 미상,,,번역서 1종 · 예: 韓国の現代文学. 2,포함
韓国現代短編小説,,기타,,발표 시기 미상,,,번역서 1종 · 예: 韓国現代短編小説,포함
韓国短篇小説選,,단편소설,,발표 시기 미상,,,번역서 1종 · 예: 韓国短篇小説選,포함
韓国詩35人選,,시,,발표 시기 미상,,,번역서 1종 · 예: 韓国詩35人選,포함
韓国古典文学選集3 春香伝・秋風感別曲・洪吉童伝,,기타,,발표 시기 미상,,,번역서 1종 · 예: 韓国古典文学選集3 春香伝・秋風感別曲・洪吉童伝,포함
Il Figlio dell'Uomo,,기타,,발표 시기 미상,,,번역서 1종 · 예: Il Figlio dell'Uomo,포함
Le nostre ore felici,,기타,,발표 시기 미상,,,번역서 1종 · 예: Le nostre ore felici,포함
Gente di Wŏnmidong,,기타,,발표 시기 미상,,,번역서 1종 · 예: Gente di Wŏnmidong,포함
DIVAGAZIONI DELL'ESILIO,,기타,,발표 시기 미상,,,번역서 1종 · 예: DIVAGAZIONI DELL'ESILIO,포함
Snow Drop Vol.1,,기타,,발표 시기 미상,,,번역서 1종 · 예: Snow Drop Vol.1,포함
Kumiho,,기타,,발표 시기 미상,,,번역서 1종 · 예: Kumiho,포함
The Legend of the Sword Vol.1,,기타,,발표 시기 미상,,,번역서 1종 · 예: The Legend of the Sword Vol.1,포함
Island Vol.6,,기타,,발표 시기 미상,,,번역서 1종 · 예: Island Vol.6,포함
Island Vol.5,,기타,,발표 시기 미상,,,번역서 1종 · 예: Island Vol.5,포함
Island Vol.4,,기타,,발표 시기 미상,,,번역서 1종 · 예: Island Vol.4,포함
Island Vol.3,,기타,,발표 시기 미상,,,번역서 1종 · 예: Island Vol.3,포함
Island Vol.2,,기타,,발표 시기 미상,,,번역서 1종 · 예: Island Vol.2,포함
Island Vol.1,,기타,,발표 시기 미상,,,번역서 1종 · 예: Island Vol.1,포함
I Wish Vol.1,,기타,,발표 시기 미상,,,번역서 1종 · 예: I Wish Vol.1,포함
Das Tarot Café Vol.2,,기타,,발표 시기 미상,,,번역서 1종 · 예: Das Tarot Café Vol.2,포함
Das Tarot Café Vol.1,,기타,,발표 시기 미상,,,번역서 1종 · 예: Das Tarot Café Vol.1,포함
Love Virus Vol.1,,기타,,발표 시기 미상,,,번역서 1종 · 예: Love Virus Vol.1,포함
Ritter der Königin Vol.1,,기타,,발표 시기 미상,,,번역서 1종 · 예: Ritter der Königin Vol.1,포함
Biscuit Vol.4,,기타,,발표 시기 미상,,,번역서 1종 · 예: Biscuit Vol.4,포함
Biscuit Vol.3,,기타,,발표 시기 미상,,,번역서 1종 · 예: Biscuit Vol.3,포함
Biscuit Vol.2,,기타,,발표 시기 미상,,,번역서 1종 · 예: Biscuit Vol.2,포함
Biscuit Vol.1,,기타,,발표 시기 미상,,,번역서 1종 · 예: Biscuit Vol.1,포함
Redrum 327 Vol.1,,기타,,발표 시기 미상,,,번역서 1종 · 예: Redrum 327 Vol.1,포함
Under the Glassmoon Vol.1,,기타,,발표 시기 미상,,,번역서 1종 · 예: Under the Glassmoon Vol.1,포함
Scar Vol.1,,기타,,발표 시기 미상,,,번역서 1종 · 예: Scar Vol.1,포함
Handbuch der koreanischen kunst,,기타,,발표 시기 미상,,,번역서 1종 · 예: Handbuch der koreanischen kunst,포함
Bauen als Zeichen des Denkens,,기타,,발표 시기 미상,,,번역서 1종 · 예: Bauen als Zeichen des Denkens,포함
Koreanische Ästhetik,,기타,,발표 시기 미상,,,번역서 1종 · 예: Koreanische Ästhetik,포함
"Frauen, erstanden aus dem KriegKoreakrieg und Gender",,기타,,발표 시기 미상,,,"번역서 1종 · 예: Frauen, erstanden aus dem KriegKoreakrieg und Gender",포함
Kultur des koreanischen schamanismus,,기타,,발표 시기 미상,,,번역서 1종 · 예: Kultur des koreanischen schamanismus,포함
Dharma Sammlung,,기타,,발표 시기 미상,,,번역서 1종 · 예: Dharma Sammlung,포함
The Legend of the Sword Vol.2,,기타,,발표 시기 미상,,,번역서 1종 · 예: The Legend of the Sword Vol.2,포함
Rebirth Vol.1,,기타,,발표 시기 미상,,,번역서 1종 · 예: Rebirth Vol.1,포함
Bibi Vol.1,,기타,,발표 시기 미상,,,번역서 1종 · 예: Bibi Vol.1,포함
Ami,,기타,,발표 시기 미상,,,번역서 1종 · 예: Ami,포함
Demon Diary Vol.1,,기타,,발표 시기 미상,,,번역서 1종 · 예: Demon Diary Vol.1,포함
Yodongs Vmpirin,,기타,,발표 시기 미상,,,번역서 1종 · 예: Yodongs Vmpirin,포함
K2,,기타,,발표 시기 미상,,,번역서 1종 · 예: K2,포함
Spring,,기타,,발표 시기 미상,,,번역서 1종 · 예: Spring,포함
Check Vol.1,,기타,,발표 시기 미상,,,번역서 1종 · 예: Check Vol.1,포함
Arcana Vol.1,,기타,,발표 시기 미상,,,번역서 1종 · 예: Arcana Vol.1,포함
Model Vol.2,,기타,,발표 시기 미상,,,번역서 1종 · 예: Model Vol.2,포함
Model Vol.1,,기타,,발표 시기 미상,,,번역서 1종 · 예: Model Vol.1,포함
Crazy Love Story Vol.1,,기타,,발표 시기 미상,,,번역서 1종 · 예: Crazy Love Story Vol.1,포함
Ragnarök Vol.9,,기타,,발표 시기 미상,,,번역서 1종 · 예: Ragnarök Vol.9,포함
Ragnarök Vol.8,,기타,,발표 시기 미상,,,번역서 1종 · 예: Ragnarök Vol.8,포함
Ragnarök Vol.7,,기타,,발표 시기 미상,,,번역서 1종 · 예: Ragnarök Vol.7,포함
Ragnarök Vol.6,,기타,,발표 시기 미상,,,번역서 1종 · 예: Ragnarök Vol.6,포함
Ragnarök Vol.5,,기타,,발표 시기 미상,,,번역서 1종 · 예: Ragnarök Vol.5,포함
Ragnarök Vol.4,,기타,,발표 시기 미상,,,번역서 1종 · 예: Ragnarök Vol.4,포함
Ragnarök Vol.1,,기타,,발표 시기 미상,,,번역서 1종 · 예: Ragnarök Vol.1,포함
Rebirth Vol.8,,기타,,발표 시기 미상,,,번역서 1종 · 예: Rebirth Vol.8,포함
Rebirth Vol.7,,기타,,발표 시기 미상,,,번역서 1종 · 예: Rebirth Vol.7,포함
Rebirth Vol.6,,기타,,발표 시기 미상,,,번역서 1종 · 예: Rebirth Vol.6,포함
Rebirth Vol.5,,기타,,발표 시기 미상,,,번역서 1종 · 예: Rebirth Vol.5,포함
Rebirth Vol.4,,기타,,발표 시기 미상,,,번역서 1종 · 예: Rebirth Vol.4,포함
Rebirth Vol.3,,기타,,발표 시기 미상,,,번역서 1종 · 예: Rebirth Vol.3,포함
Rebirth Vol.2,,기타,,발표 시기 미상,,,번역서 1종 · 예: Rebirth Vol.2,포함
はちどり,,기타,,발표 시기 미상,,,번역서 1종 · 예: はちどり,포함
女人與她們進化的天敵,,기타,,발표 시기 미상,,,번역서 1종 · 예: 女人與她們進化的天敵,포함
Monarquía de mariposa,,기타,,발표 시기 미상,,,번역서 1종 · 예: Monarquía de mariposa,포함
Skříň #13,,기타,,발표 시기 미상,,,번역서 1종 · 예: Skříň #13,포함
School Nurse Ahn Eunyoung,,기타,,발표 시기 미상,,,번역서 1종 · 예: School Nurse Ahn Eunyoung,포함
韓国の小説家たちII,,기타,,발표 시기 미상,,,번역서 1종 · 예: 韓国の小説家たちII,포함
韓国の小説家たちI,,기타,,발표 시기 미상,,,번역서 1종 · 예: 韓国の小説家たちI,포함
韓国文学を旅する60章,,기타,,발표 시기 미상,,,번역서 1종 · 예: 韓国文学を旅する60章,포함
Вибрані поезії,,기타,,발표 시기 미상,,,번역서 1종 · 예: Вибрані поезії,포함
Heißes Blut,,기타,,발표 시기 미상,,,번역서 1종 · 예: Heißes Blut,포함
舎弟たちの世界史,,기타,,발표 시기 미상,,,번역서 1종 · 예: 舎弟たちの世界史,포함
土地 12,,기타,,발표 시기 미상,,,번역서 1종 · 예: 土地 12,포함
文藝 2020 冬,,기타,,발표 시기 미상,,,번역서 1종 · 예: 文藝 2020 冬,포함
Очень одинокий человек,,기타,,발표 시기 미상,,,번역서 1종 · 예: Очень одинокий человек,포함
Readymade Bodhisattva,,기타,,발표 시기 미상,,,번역서 1종 · 예: Readymade Bodhisattva,포함
Hope is Lonely,,기타,,발표 시기 미상,,,번역서 1종 · 예: Hope is Lonely,포함
HappyLand,,기타,,발표 시기 미상,,,번역서 1종 · 예: HappyLand,포함
Feeling Never Stops,,기타,,발표 시기 미상,,,번역서 1종 · 예: Feeling Never Stops,포함
Como un cuento de hadas,,기타,,발표 시기 미상,,,번역서 1종 · 예: Como un cuento de hadas,포함
Bari's Love Song,,기타,,발표 시기 미상,,,번역서 1종 · 예: Bari's Love Song,포함
قِدِّيسٌ يُحَلقُ بَعيدًا,,기타,,발표 시기 미상,,,번역서 1종 · 예: قِدِّيسٌ يُحَلقُ بَعيدًا,포함
Született 1982-ben,,기타,,발표 시기 미상,,,번역서 1종 · 예: Született 1982-ben,포함
La única en la tierra,,기타,,발표 시기 미상,,,번역서 1종 · 예: La única en la tierra,포함
A história de Hong Gildong,,기타,,발표 시기 미상,,,번역서 1종 · 예: A história de Hong Gildong,포함
The dog who dared to dream,,기타,,발표 시기 미상,,,번역서 1종 · 예: The dog who dared to dream,포함
外は夏,,기타,,발표 시기 미상,,,번역서 1종 · 예: 外は夏,포함
回復する人間,,기타,,발표 시기 미상,,,번역서 1종 · 예: 回復する人間,포함
عطايا الخلايا الجذعية | قصة العلم واليقين,,기타,,발표 시기 미상,,,번역서 1종 · 예: عطايا الخلايا الجذعية | قصة العلم واليقين,포함
DIE KLEINE INSEL,,기타,,발표 시기 미상,,,번역서 1종 · 예: DIE KLEINE INSEL,포함
Carnets d'enquête d'un beau gosse nécromant,,기타,,발표 시기 미상,,,번역서 1종 · 예: Carnets d'enquête d'un beau gosse nécromant,포함
Znajomy świat,,기타,,발표 시기 미상,,,번역서 1종 · 예: Znajomy świat,포함
El buen hijo,,기타,,발표 시기 미상,,,번역서 1종 · 예: El buen hijo,포함
Một Góc Nhìn Đông Á cận Hiện Đại,,기타,,발표 시기 미상,,,번역서 1종 · 예: Một Góc Nhìn Đông Á cận Hiện Đại,포함
Berkeley’sches Liebeslied,,기타,,발표 시기 미상,,,번역서 1종 · 예: Berkeley’sches Liebeslied,포함
Beautiful and Useless,,기타,,발표 시기 미상,,,번역서 1종 · 예: Beautiful and Useless,포함
作家,,기타,,발표 시기 미상,,,번역서 1종 · 예: 作家,포함
"Langit, Angin, Bintang, dan Puisi",,기타,,발표 시기 미상,,,"번역서 1종 · 예: Langit, Angin, Bintang, dan Puisi",포함
うわさの壁,,기타,,발표 시기 미상,,,번역서 1종 · 예: うわさの壁,포함
ألف حياة وحياة,,기타,,발표 시기 미상,,,번역서 1종 · 예: ألف حياة وحياة,포함
Джастисмен,,기타,,발표 시기 미상,,,번역서 1종 · 예: Джастисмен,포함
O livro branco,,기타,,발표 시기 미상,,,번역서 1종 · 예: O livro branco,포함
惨憺たる光,,기타,,발표 시기 미상,,,번역서 1종 · 예: 惨憺たる光,포함
A Bird in Flight Leaves No Trace,,기타,,발표 시기 미상,,,번역서 1종 · 예: A Bird in Flight Leaves No Trace,포함
Nuevos cuentos del Monte Geumo,,단편소설,,발표 시기 미상,,,번역서 1종 · 예: Nuevos cuentos del Monte Geumo,포함
PORQUE ODIO COREA,,기타,,발표 시기 미상,,,번역서 1종 · 예: PORQUE ODIO COREA,포함
織女へ・一九八〇年五月光州ほか―文炳蘭詩集,,시,,발표 시기 미상,,,번역서 1종 · 예: 織女へ・一九八〇年五月光州ほか―文炳蘭詩集,포함
朝鮮と日本に生きる,,기타,,발표 시기 미상,,,번역서 1종 · 예: 朝鮮と日本に生きる,포함
幼少年期の記憶から―「クレメンタインの歌」ほか文集 (2),,기타,,발표 시기 미상,,,번역서 1종 · 예: 幼少年期の記憶から―「クレメンタインの歌」ほか文集 (2),포함
O bom filho,,기타,,발표 시기 미상,,,번역서 1종 · 예: O bom filho,포함
Yi Sang: Selected Works,,기타,,발표 시기 미상,,,번역서 1종 · 예: Yi Sang: Selected Works,포함
Unexpected Vanilla,,기타,,발표 시기 미상,,,번역서 1종 · 예: Unexpected Vanilla,포함
HỢP TUYỂN VĂN HỌC CỔ ĐIỂN HÀN QUỐC,,기타,,발표 시기 미상,https://library.ltikorea.or.kr/translatedbooks/27615,,번역서 3종 · 베트남어 · 예: HỢP TUYỂN VĂN HỌC CỔ ĐIỂN HÀN QUỐC,포함
GIÁO TRÌNH VĂN HỌC HÀN QUỐC,,기타,,발표 시기 미상,,,번역서 1종 · 예: GIÁO TRÌNH VĂN HỌC HÀN QUỐC,포함
Lonesome Jar,,기타,,발표 시기 미상,,,번역서 1종 · 예: Lonesome Jar,포함
Loving,,기타,,발표 시기 미상,,,번역서 1종 · 예: Loving,포함
活著的圖書館,,기타,,발표 시기 미상,,,번역서 1종 · 예: 活著的圖書館,포함
世界的盡頭我的女友,,기타,,발표 시기 미상,,,번역서 1종 · 예: 世界的盡頭我的女友,포함
Flowers of Mold,,기타,,발표 시기 미상,,,번역서 1종 · 예: Flowers of Mold,포함
Nineteen,,기타,,발표 시기 미상,,,번역서 1종 · 예: Nineteen,포함
Blood Sisters,,기타,,발표 시기 미상,,,번역서 1종 · 예: Blood Sisters,포함
The Rabbit's Tale 2020,,기타,,발표 시기 미상,,,번역서 1종 · 예: The Rabbit's Tale 2020,포함
猜迷秀,,기타,,발표 시기 미상,,,번역서 1종 · 예: 猜迷秀,포함
Moms,,기타,,발표 시기 미상,,,번역서 1종 · 예: Moms,포함
Напишу роман,,장편소설,,발표 시기 미상,,,번역서 1종 · 예: Напишу роман,포함
茶房と画家と朝鮮戦争,,기타,,발표 시기 미상,,,번역서 1종 · 예: 茶房と画家と朝鮮戦争,포함
Théâtre de résistance (1970-1974),,희곡,,발표 시기 미상,,,번역서 1종 · 예: Théâtre de résistance (1970-1974),포함
Eu și Marilyn,,기타,,발표 시기 미상,,,번역서 1종 · 예: Eu și Marilyn,포함
Världen i kartan,,기타,,발표 시기 미상,,,번역서 1종 · 예: Världen i kartan,포함
Liking in Silence,,기타,,발표 시기 미상,,,번역서 1종 · 예: Liking in Silence,포함
La moglie coreana,,기타,,발표 시기 미상,,,번역서 1종 · 예: La moglie coreana,포함
五十人,,기타,,발표 시기 미상,,,번역서 1종 · 예: 五十人,포함
ディディの傘,,기타,,발표 시기 미상,,,번역서 1종 · 예: ディディの傘,포함
彼女の名前は,,기타,,발표 시기 미상,,,번역서 1종 · 예: 彼女の名前は,포함
たべるのがおそい,,기타,,발표 시기 미상,,,번역서 1종 · 예: たべるのがおそい,포함
Have You Been Feeling Blue These Days?,,기타,,발표 시기 미상,,,번역서 1종 · 예: Have You Been Feeling Blue These Days?,포함
LE JOUR DU CHIEN NOIR,,기타,,발표 시기 미상,,,번역서 1종 · 예: LE JOUR DU CHIEN NOIR,포함
パチンコ. 上,,기타,,발표 시기 미상,,,번역서 1종 · 예: パチンコ. 上,포함
Тебе ли знать,,기타,,발표 시기 미상,,,번역서 1종 · 예: Тебе ли знать,포함
Ragazze cattive,,기타,,발표 시기 미상,,,번역서 1종 · 예: Ragazze cattive,포함
ヒョンナムオッパへ,,기타,,발표 시기 미상,,,번역서 1종 · 예: ヒョンナムオッパへ,포함
Tam Quốc Sử Ký II,,기타,,발표 시기 미상,,,번역서 1종 · 예: Tam Quốc Sử Ký II,포함
In der Stille findet das Glück dich leichter,,기타,,발표 시기 미상,,,번역서 1종 · 예: In der Stille findet das Glück dich leichter,포함
失花 (韓国文学の源流 短編選3),,기타,,발표 시기 미상,,,번역서 1종 · 예: 失花 (韓国文学の源流 短編選3),포함
Tower,,기타,,발표 시기 미상,,,번역서 1종 · 예: Tower,포함
السيد هان,,기타,,발표 시기 미상,,,번역서 1종 · 예: السيد هان,포함
В эпоху великого спокойствия,,기타,,발표 시기 미상,,,번역서 1종 · 예: В эпоху великого спокойствия,포함
SEOUL COPYCAT,,기타,,발표 시기 미상,,,번역서 1종 · 예: SEOUL COPYCAT,포함
滞空女 屋根の上のモダンガール,,기타,,발표 시기 미상,,,번역서 1종 · 예: 滞空女 屋根の上のモダンガール,포함
第九の波,,기타,,발표 시기 미상,,,번역서 1종 · 예: 第九の波,포함
Catatan Harian Sang Pembunuh,,기타,,발표 시기 미상,,,번역서 1종 · 예: Catatan Harian Sang Pembunuh,포함
文藝 2021 夏,,기타,,발표 시기 미상,,,번역서 1종 · 예: 文藝 2021 夏,포함
文藝 2021 春,,기타,,발표 시기 미상,,,번역서 1종 · 예: 文藝 2021 春,포함
朝鲜两班的一生,,기타,,발표 시기 미상,,,번역서 1종 · 예: 朝鲜两班的一生,포함
Коврижка,,기타,,발표 시기 미상,,,번역서 1종 · 예: Коврижка,포함
I racconti di Ou,,단편소설,,발표 시기 미상,,,번역서 1종 · 예: I racconti di Ou,포함
Freundin vom Ende der Welt,,기타,,발표 시기 미상,,,번역서 1종 · 예: Freundin vom Ende der Welt,포함
Shine,,기타,,발표 시기 미상,,,번역서 1종 · 예: Shine,포함
Парідеґі,,기타,,발표 시기 미상,,,번역서 1종 · 예: Парідеґі,포함
VEGETARiAN,,기타,,발표 시기 미상,,,번역서 1종 · 예: VEGETARiAN,포함
Οι κερασιές που ήθελαν να ανθίσουν,,기타,,발표 시기 미상,,,번역서 1종 · 예: Οι κερασιές που ήθελαν να ανθίσουν,포함
"Notti invisibili, giorni sconosciuti",,기타,,발표 시기 미상,,,"번역서 1종 · 예: Notti invisibili, giorni sconosciuti",포함
光之帝國,,기타,,발표 시기 미상,,,번역서 1종 · 예: 光之帝國,포함
‫الدجاجة التي حلمت بالطيران‬,,기타,,발표 시기 미상,,,번역서 1종 · 예: ‫الدجاجة التي حلمت بالطيران‬,포함
One Left,,기타,,발표 시기 미상,,,번역서 1종 · 예: One Left,포함
"Kim Jiyoung, geboren in 1982",,기타,,발표 시기 미상,,,"번역서 1종 · 예: Kim Jiyoung, geboren in 1982",포함
Korean Poems Printed by Letterpress,,시,,발표 시기 미상,,,번역서 1종 · 예: Korean Poems Printed by Letterpress,포함
CONVALESCENZA,,기타,,발표 시기 미상,,,번역서 1종 · 예: CONVALESCENZA,포함
Mucize Cocuk,,기타,,발표 시기 미상,,,번역서 1종 · 예: Mucize Cocuk,포함
DMZ Colony,,기타,,발표 시기 미상,,,번역서 1종 · 예: DMZ Colony,포함
Nadchodzi chłopiec,,기타,,발표 시기 미상,,,번역서 1종 · 예: Nadchodzi chłopiec,포함
続於于野譚,,기타,,발표 시기 미상,,,번역서 1종 · 예: 続於于野譚,포함
La Sonrisa de Shoko,,기타,,발표 시기 미상,,,번역서 1종 · 예: La Sonrisa de Shoko,포함
Lecturas Peligrosas,,기타,,발표 시기 미상,,,번역서 1종 · 예: Lecturas Peligrosas,포함
The Starlet and the Spy,,기타,,발표 시기 미상,,,번역서 1종 · 예: The Starlet and the Spy,포함
marilyn und ich,,기타,,발표 시기 미상,,,번역서 1종 · 예: marilyn und ich,포함
МИНИМАЛ АЯЛАЛ,,기타,,발표 시기 미상,,,번역서 1종 · 예: МИНИМАЛ АЯЛАЛ,포함
Küller ve Kızıl,,기타,,발표 시기 미상,,,번역서 1종 · 예: Küller ve Kızıl,포함
"ETE, QUELQUE PART, DES CADAVRES",,기타,,발표 시기 미상,,,"번역서 1종 · 예: ETE, QUELQUE PART, DES CADAVRES",포함
Sultan ve İmparator,,기타,,발표 시기 미상,,,번역서 1종 · 예: Sultan ve İmparator,포함
Plan à vol de corbeau,,기타,,발표 시기 미상,,,번역서 1종 · 예: Plan à vol de corbeau,포함
I Gave the Sun a Long Look,,기타,,발표 시기 미상,,,번역서 1종 · 예: I Gave the Sun a Long Look,포함
Casa de correos celestial,,기타,,발표 시기 미상,,,번역서 1종 · 예: Casa de correos celestial,포함
ИСКРЫ ПЛАМЕНИ Востоуный альманах,,기타,,발표 시기 미상,,,번역서 1종 · 예: ИСКРЫ ПЛАМЕНИ Востоуный альманах,포함
Сон в Нефритовом павильоне,,기타,,발표 시기 미상,,,번역서 1종 · 예: Сон в Нефритовом павильоне,포함
Записки о добрых деяниях и благородных сердцах,,기타,,발표 시기 미상,,,번역서 1종 · 예: Записки о добрых деяниях и благородных сердцах,포함
Quién sabe si mañana seguiremos aquí,,기타,,발표 시기 미상,,,번역서 1종 · 예: Quién sabe si mañana seguiremos aquí,포함
الكتاب الأبيض,,기타,,발표 시기 미상,,,번역서 1종 · 예: الكتاب الأبيض,포함
Le Jardin,,기타,,발표 시기 미상,,,번역서 1종 · 예: Le Jardin,포함
История о верности Чхун Хян. Средневековые корейские повести.,,기타,,발표 시기 미상,,,번역서 1종 · 예: История о верности Чхун Хян. Средневековые корейские повести.,포함
Птица,,기타,,발표 시기 미상,,,번역서 1종 · 예: Птица,포함
Le Jardin Interdit,,기타,,발표 시기 미상,,,번역서 1종 · 예: Le Jardin Interdit,포함
中央駅,,기타,,발표 시기 미상,,,번역서 1종 · 예: 中央駅,포함
となりのヨンヒさん,,기타,,발표 시기 미상,,,번역서 1종 · 예: となりのヨンヒさん,포함
Жили такие люди,,기타,,발표 시기 미상,,,번역서 1종 · 예: Жили такие люди,포함
ЗОПОТАЯ ПТИЦА ГАУДА,,기타,,발표 시기 미상,,,번역서 1종 · 예: ЗОПОТАЯ ПТИЦА ГАУДА,포함
La hora entre e perro y el lobo,,기타,,발표 시기 미상,,,번역서 1종 · 예: La hora entre e perro y el lobo,포함
Земля. Том 2,,기타,,발표 시기 미상,,,번역서 1종 · 예: Земля. Том 2,포함
M-am săturat de tine,,기타,,발표 시기 미상,,,번역서 1종 · 예: M-am săturat de tine,포함
KNIHOVNA NÁJEMNÝCH VRAHŮ,,기타,,발표 시기 미상,,,번역서 1종 · 예: KNIHOVNA NÁJEMNÝCH VRAHŮ,포함
Те Ги Чен Избранное,,기타,,발표 시기 미상,,,번역서 1종 · 예: Те Ги Чен Избранное,포함
O Pássaro Que Comeu O Sol,,기타,,발표 시기 미상,,,번역서 1종 · 예: O Pássaro Que Comeu O Sol,포함
Ipsa,,기타,,발표 시기 미상,,,번역서 1종 · 예: Ipsa,포함
A Few Days on Earth,,기타,,발표 시기 미상,,,번역서 1종 · 예: A Few Days on Earth,포함
Bukchon,,기타,,발표 시기 미상,,,번역서 1종 · 예: Bukchon,포함
North Korean Art,,기타,,발표 시기 미상,,,번역서 1종 · 예: North Korean Art,포함
A Ghost Poet,,기타,,발표 시기 미상,,,번역서 1종 · 예: A Ghost Poet,포함
قصائد الهيمالايا,,기타,,발표 시기 미상,,,번역서 1종 · 예: قصائد الهيمالايا,포함
Ba thễ hệ,,기타,,발표 시기 미상,,,번역서 1종 · 예: Ba thễ hệ,포함
Cây thường xanh,,기타,,발표 시기 미상,,,번역서 1종 · 예: Cây thường xanh,포함
VÁN BÁI LÚC HOÀNH HÔN,,기타,,발표 시기 미상,,,번역서 1종 · 예: VÁN BÁI LÚC HOÀNH HÔN,포함
Thời Gian Ăn Tôm Hùm,,기타,,발표 시기 미상,,,번역서 1종 · 예: Thời Gian Ăn Tôm Hùm,포함
Miss Sài gòn,,기타,,발표 시기 미상,,,번역서 1종 · 예: Miss Sài gòn,포함
VĂN HỌC HÀN QUỖC THỄKỶ 20,,기타,,발표 시기 미상,,,번역서 1종 · 예: VĂN HỌC HÀN QUỖC THỄKỶ 20,포함
¿Por qué te empeñas en sufrir así?,,기타,,발표 시기 미상,,,번역서 1종 · 예: ¿Por qué te empeñas en sufrir así?,포함
Книга Белого Дня,,기타,,발표 시기 미상,,,번역서 1종 · 예: Книга Белого Дня,포함
Seven Samurai Swept Away in a River,,기타,,발표 시기 미상,,,번역서 1종 · 예: Seven Samurai Swept Away in a River,포함
SUNEHRI QAQNAS,,기타,,발표 시기 미상,,,번역서 1종 · 예: SUNEHRI QAQNAS,포함
YOUR PARADISE,,기타,,발표 시기 미상,,,번역서 1종 · 예: YOUR PARADISE,포함
De är aldrig ensamma och andra dikter,,기타,,발표 시기 미상,,,번역서 1종 · 예: De är aldrig ensamma och andra dikter,포함
Ljudska Djela,,기타,,발표 시기 미상,,,번역서 1종 · 예: Ljudska Djela,포함
Molnbullar,,기타,,발표 시기 미상,,,번역서 1종 · 예: Molnbullar,포함
Diary of a Murderer,,기타,,발표 시기 미상,,,번역서 1종 · 예: Diary of a Murderer,포함
Восточный альманах,,기타,,발표 시기 미상,,,번역서 1종 · 예: Восточный альманах,포함
Бамбук в снегу. Корейская лирика VIII-XIX веков,,기타,,발표 시기 미상,,,번역서 1종 · 예: Бамбук в снегу. Корейская лирика VIII-XIX веков,포함
Klasické korejské písemnictví v proměnách doby,,기타,,발표 시기 미상,,,번역서 1종 · 예: Klasické korejské písemnictví v proměnách doby,포함
Namdaemun Market,,기타,,발표 시기 미상,,,번역서 1종 · 예: Namdaemun Market,포함
Seongsu-dong,,기타,,발표 시기 미상,,,번역서 1종 · 예: Seongsu-dong,포함
Maedeup,,기타,,발표 시기 미상,,,번역서 1종 · 예: Maedeup,포함
Cheongja,,기타,,발표 시기 미상,,,번역서 1종 · 예: Cheongja,포함
四隣人の食卓,,기타,,발표 시기 미상,,,번역서 1종 · 예: 四隣人の食卓,포함
Petali,,기타,,발표 시기 미상,,,번역서 1종 · 예: Petali,포함
宣陵散策,,기타,,발표 시기 미상,,,번역서 1종 · 예: 宣陵散策,포함
冬の幻,,기타,,발표 시기 미상,,,번역서 1종 · 예: 冬の幻,포함
朝鮮小說代表作集,,기타,,발표 시기 미상,,,번역서 1종 · 예: 朝鮮小說代表作集,포함
朝鮮文学選集,,기타,,발표 시기 미상,,,번역서 1종 · 예: 朝鮮文学選集,포함
Tokyo Love Story 1,,기타,,발표 시기 미상,,,번역서 1종 · 예: Tokyo Love Story 1,포함
現代韓国文学選集 1,,기타,,발표 시기 미상,,,번역서 1종 · 예: 現代韓国文学選集 1,포함
静かな事件,,기타,,발표 시기 미상,,,번역서 1종 · 예: 静かな事件,포함
広場,,기타,,발표 시기 미상,,,번역서 1종 · 예: 広場,포함
The King's Mouthpiece,,기타,,발표 시기 미상,,,번역서 1종 · 예: The King's Mouthpiece,포함
I Met Loh Kiwan,,기타,,발표 시기 미상,,,번역서 1종 · 예: I Met Loh Kiwan,포함
趙世熙小品集,,기타,,발표 시기 미상,,,번역서 1종 · 예: 趙世熙小品集,포함
韓国名作短篇集,,단편소설,,발표 시기 미상,,,번역서 1종 · 예: 韓国名作短篇集,포함
幻想と絶望,,기타,,발표 시기 미상,,,번역서 1종 · 예: 幻想と絶望,포함
POTONGAN TUBUH,,기타,,발표 시기 미상,,,번역서 1종 · 예: POTONGAN TUBUH,포함
Çocuk Geliyor,,기타,,발표 시기 미상,,,번역서 1종 · 예: Çocuk Geliyor,포함
美しい家,,기타,,발표 시기 미상,,,번역서 1종 · 예: 美しい家,포함
朱蒙-チュモン 下,,기타,,발표 시기 미상,,,번역서 1종 · 예: 朱蒙-チュモン 下,포함
4000万人が泣いた心に残る感動の物語,,기타,,발표 시기 미상,,,번역서 1종 · 예: 4000万人が泣いた心に残る感動の物語,포함
あの空にも悲しみが,,기타,,발표 시기 미상,,,번역서 1종 · 예: あの空にも悲しみが,포함
父のいた日々,,기타,,발표 시기 미상,,,번역서 1종 · 예: 父のいた日々,포함
この地球で最初に愛を見つけたふたり,,기타,,발표 시기 미상,,,번역서 1종 · 예: この地球で最初に愛を見つけたふたり,포함
The Catcher in the Loft,,기타,,발표 시기 미상,,,번역서 1종 · 예: The Catcher in the Loft,포함
Семилетняя ночь,,기타,,발표 시기 미상,,,번역서 1종 · 예: Семилетняя ночь,포함
外面是夏天,,기타,,발표 시기 미상,,,번역서 1종 · 예: 外面是夏天,포함
"KIM JI-YEONG, LAHIR TAHUN 1982",,기타,,발표 시기 미상,,,"번역서 1종 · 예: KIM JI-YEONG, LAHIR TAHUN 1982",포함
"Mogę odejść, gdy zechcę",,기타,,발표 시기 미상,,,"번역서 1종 · 예: Mogę odejść, gdy zechcę",포함
Smak języka. Historia pewnej zemsty,,기타,,발표 시기 미상,,,번역서 1종 · 예: Smak języka. Historia pewnej zemsty,포함
鳥のおくりもの,,기타,,발표 시기 미상,,,번역서 1종 · 예: 鳥のおくりもの,포함
金永郎詩集,,시,,발표 시기 미상,,,번역서 1종 · 예: 金永郎詩集,포함
Against Healing,,기타,,발표 시기 미상,,,번역서 1종 · 예: Against Healing,포함
Tamu Desa Terpencil,,기타,,발표 시기 미상,,,번역서 1종 · 예: Tamu Desa Terpencil,포함
The Moon That Embraces The Sun,,기타,,발표 시기 미상,,,번역서 1종 · 예: The Moon That Embraces The Sun,포함
金史良全集,,기타,,발표 시기 미상,,,번역서 1종 · 예: 金史良全集,포함
(歷史小說) 雪竹花,,기타,,발표 시기 미상,,,번역서 1종 · 예: (歷史小說) 雪竹花,포함
京城かちソウルヘ,,기타,,발표 시기 미상,,,번역서 1종 · 예: 京城かちソウルヘ,포함
韓国古典文学全集,,기타,,발표 시기 미상,,,번역서 1종 · 예: 韓国古典文学全集,포함
Ein einfaches Leben,,기타,,발표 시기 미상,,,번역서 1종 · 예: Ein einfaches Leben,포함
Удачный день,,기타,,발표 시기 미상,,,번역서 1종 · 예: Удачный день,포함
100 старинных корейских историй том 2,,기타,,발표 시기 미상,,,번역서 1종 · 예: 100 старинных корейских историй том 2,포함
100 старинных корейских историй том 1,,기타,,발표 시기 미상,,,번역서 1종 · 예: 100 старинных корейских историй том 1,포함
Hysteria,,기타,,발표 시기 미상,,,번역서 1종 · 예: Hysteria,포함
現代朝鮮文学選,,기타,,발표 시기 미상,,,번역서 1종 · 예: 現代朝鮮文学選,포함
現代韓国文学選集 3,,기타,,발표 시기 미상,,,번역서 1종 · 예: 現代韓国文学選集 3,포함
История Фазана. Корейские повести XIX века. В 2-х томах. Том 2,,기타,,발표 시기 미상,,,번역서 1종 · 예: История Фазана. Корейские повести XIX века. В 2-х томах. Том 2,포함
韓国 古い町の路地を歩く,,기타,,발표 시기 미상,,,번역서 1종 · 예: 韓国 古い町の路地を歩く,포함
El Pato que voló al Cielo,,기타,,발표 시기 미상,,,번역서 1종 · 예: El Pato que voló al Cielo,포함
Vegjetariania,,기타,,발표 시기 미상,,,번역서 1종 · 예: Vegjetariania,포함
現代韓国文学選集 2,,기타,,발표 시기 미상,,,번역서 1종 · 예: 現代韓国文学選集 2,포함
現代韓国文学選集 4,,기타,,발표 시기 미상,,,번역서 1종 · 예: 現代韓国文学選集 4,포함
"Солонгос өгүүллэг, тууж",,기타,,발표 시기 미상,,,"번역서 1종 · 예: Солонгос өгүүллэг, тууж",포함
韓国が嫌いで,,기타,,발표 시기 미상,,,번역서 1종 · 예: 韓国が嫌いで,포함
Ссянъчхон кыйбонъ,,기타,,발표 시기 미상,,,번역서 1종 · 예: Ссянъчхон кыйбонъ,포함
Остров Канхвадо,,기타,,발표 시기 미상,,,번역서 1종 · 예: Остров Канхвадо,포함
"b, Book, and Me",,기타,,발표 시기 미상,,,"번역서 1종 · 예: b, Book, and Me",포함
ملح,,기타,,발표 시기 미상,,,번역서 1종 · 예: ملح,포함
韓國文化巡禮,,기타,,발표 시기 미상,,,번역서 1종 · 예: 韓國文化巡禮,포함
Отражения,,기타,,발표 시기 미상,,,번역서 1종 · 예: Отражения,포함
Cartea albă,,기타,,발표 시기 미상,,,번역서 1종 · 예: Cartea albă,포함
奔跑吧！爸爸,,기타,,발표 시기 미상,,,번역서 1종 · 예: 奔跑吧！爸爸,포함
Sale Existence,,기타,,발표 시기 미상,,,번역서 1종 · 예: Sale Existence,포함
Девушка с моря,,기타,,발표 시기 미상,,,번역서 1종 · 예: Девушка с моря,포함
Непокоренная Корея,,기타,,발표 시기 미상,,,번역서 1종 · 예: Непокоренная Корея,포함
Стихи о Корее,,시,,발표 시기 미상,,,번역서 1종 · 예: Стихи о Корее,포함
Под звездами Азии,,기타,,발표 시기 미상,,,번역서 1종 · 예: Под звездами Азии,포함
Корейская поэзия 20-х годов XX века,,기타,,발표 시기 미상,,,번역서 1종 · 예: Корейская поэзия 20-х годов XX века,포함
Багульник в степи,,기타,,발표 시기 미상,,,번역서 1종 · 예: Багульник в степи,포함
Классическая поэзия Востока,,기타,,발표 시기 미상,,,번역서 1종 · 예: Классическая поэзия Востока,포함
Новелла корейского средневековья,,기타,,발표 시기 미상,,,번역서 1종 · 예: Новелла корейского средневековья,포함
Kim Čijong [ročník 82],,기타,,발표 시기 미상,,,번역서 1종 · 예: Kim Čijong [ročník 82],포함
Untold Night and Day,,기타,,발표 시기 미상,,,번역서 1종 · 예: Untold Night and Day,포함
PO,,기타,,발표 시기 미상,,,번역서 1종 · 예: PO,포함
NHỮNG BÀI THƠ HAY CỦA VĂN HỌC HIỆN ĐẠI HÀN QUỐC,,기타,,발표 시기 미상,,,번역서 1종 · 예: NHỮNG BÀI THƠ HAY CỦA VĂN HỌC HIỆN ĐẠI HÀN QUỐC,포함
Иностранная литература 2010.03,,기타,,발표 시기 미상,,,번역서 1종 · 예: Иностранная литература 2010.03,포함
Нактонган,,기타,,발표 시기 미상,,,번역서 1종 · 예: Нактонган,포함
Highway with Green Apples,,기타,,발표 시기 미상,,,번역서 1종 · 예: Highway with Green Apples,포함
Skydrømmen,,기타,,발표 시기 미상,,,번역서 1종 · 예: Skydrømmen,포함
Сүгхян Бүсгүйн домог,,기타,,발표 시기 미상,,,번역서 1종 · 예: Сүгхян Бүсгүйн домог,포함
Hợp Tuyển Văn Học Hàn Quốc - Tập 1,,기타,,발표 시기 미상,,,번역서 1종 · 예: Hợp Tuyển Văn Học Hàn Quốc - Tập 1,포함
Истории. рассказанные луне,,기타,,발표 시기 미상,,,번역서 1종 · 예: Истории. рассказанные луне,포함
Himmelfrokost,,기타,,발표 시기 미상,,,번역서 1종 · 예: Himmelfrokost,포함
韓國現代詩選,,시,,발표 시기 미상,,,번역서 1종 · 예: 韓國現代詩選,포함
歸巢,,기타,,발표 시기 미상,,,번역서 1종 · 예: 歸巢,포함
谢氏南征记,,기타,,발표 시기 미상,,,번역서 1종 · 예: 谢氏南征记,포함
Aufzeichnungen eines Serienmörders,,기타,,발표 시기 미상,,,번역서 1종 · 예: Aufzeichnungen eines Serienmörders,포함
Кошачья школа,,기타,,발표 시기 미상,,,번역서 1종 · 예: Кошачья школа,포함
誰にでも親切な教会のお兄さんカン・ミノ,,기타,,발표 시기 미상,,,번역서 1종 · 예: 誰にでも親切な教会のお兄さんカン・ミノ,포함
夜は歌う,,기타,,발표 시기 미상,,,번역서 1종 · 예: 夜は歌う,포함
楚汉英雄志2：鸿门宴,,기타,,발표 시기 미상,,,번역서 1종 · 예: 楚汉英雄志2：鸿门宴,포함
楚汉英雄志3：暗度陈仓,,기타,,발표 시기 미상,,,번역서 1종 · 예: 楚汉英雄志3：暗度陈仓,포함
楚汉英雄志4：楚汉争霸,,기타,,발표 시기 미상,,,번역서 1종 · 예: 楚汉英雄志4：楚汉争霸,포함
楚汉英雄志5：大汉建国,,기타,,발표 시기 미상,,,번역서 1종 · 예: 楚汉英雄志5：大汉建国,포함
国际组织与全球治理读本(第二版),,기타,,발표 시기 미상,https://library.ltikorea.or.kr/translatedbooks/50840,,번역서 2종 · 중국어(간체) · 예: 国际组织与全球治理读本(第二版),포함
Blanco,,기타,,발표 시기 미상,,,번역서 1종 · 예: Blanco,포함
কোরিয়ার কবিতা,,기타,,발표 시기 미상,,,번역서 1종 · 예: কোরিয়ার কবিতা,포함
Героическая лирика,,기타,,발표 시기 미상,,,번역서 1종 · 예: Героическая лирика,포함
Сумерки,,기타,,발표 시기 미상,,,번역서 1종 · 예: Сумерки,포함
Сборник рассказов,,기타,,발표 시기 미상,,,번역서 1종 · 예: Сборник рассказов,포함
Южнее 38-й параллели,,기타,,발표 시기 미상,,,번역서 1종 · 예: Южнее 38-й параллели,포함
Gió ơi cứ thổi,,기타,,발표 시기 미상,,,번역서 1종 · 예: Gió ơi cứ thổi,포함
"Corre, pare, corre!",,기타,,발표 시기 미상,,,"번역서 1종 · 예: Corre, pare, corre!",포함
孔雀船,,기타,,발표 시기 미상,,,번역서 1종 · 예: 孔雀船,포함
"Korean Literature Today Volume 5, No 1, Spring, 2000",,기타,,발표 시기 미상,,,"번역서 1종 · 예: Korean Literature Today Volume 5, No 1, Spring, 2000",포함
"Korean Literature Today Volume 4, No 4, Winter, 1999",,기타,,발표 시기 미상,,,"번역서 1종 · 예: Korean Literature Today Volume 4, No 4, Winter, 1999",포함
敬愛的心意,,기타,,발표 시기 미상,,,번역서 1종 · 예: 敬愛的心意,포함
島: 收錄詩人畫作鄭玄宗詩選集,,시,,발표 시기 미상,,,번역서 1종 · 예: 島: 收錄詩人畫作鄭玄宗詩選集,포함
黒山,,기타,,발표 시기 미상,,,번역서 1종 · 예: 黒山,포함
Ирён. Оставшиеся сведения о трёх государствах,,기타,,발표 시기 미상,,,번역서 1종 · 예: Ирён. Оставшиеся сведения о трёх государствах,포함
Koreańczycy Chińczycy Japończycy,,기타,,발표 시기 미상,,,번역서 1종 · 예: Koreańczycy Chińczycy Japończycy,포함
100 chuyện ngày xủa ₫ặc sắc Hàn Quốc,,기타,,발표 시기 미상,,,번역서 1종 · 예: 100 chuyện ngày xủa ₫ặc sắc Hàn Quốc,포함
詩と思想,,시,,발표 시기 미상,,,번역서 1종 · 예: 詩と思想,포함
The Blue Silk,,기타,,발표 시기 미상,,,번역서 1종 · 예: The Blue Silk,포함
Červený bicykl / Vyprávění o žluté zemi,,기타,,발표 시기 미상,,,번역서 1종 · 예: Červený bicykl / Vyprávění o žluté zemi,포함
LA CUCINA COREANA PER I CITTADINI DEL MONDO,,기타,,발표 시기 미상,,,번역서 1종 · 예: LA CUCINA COREANA PER I CITTADINI DEL MONDO,포함
Princess Deokhye,,기타,,발표 시기 미상,,,번역서 1종 · 예: Princess Deokhye,포함
私は私のままで生きることにした,,기타,,발표 시기 미상,,,번역서 1종 · 예: 私は私のままで生きることにした,포함
Ksiezycowy sorbet,,기타,,발표 시기 미상,,,번역서 1종 · 예: Ksiezycowy sorbet,포함
God Has No Grandchildren,,기타,,발표 시기 미상,,,번역서 1종 · 예: God Has No Grandchildren,포함
Six voices,,기타,,발표 시기 미상,,,번역서 1종 · 예: Six voices,포함
Anthology of contemporary Korean poetry 1,,시,,발표 시기 미상,,,번역서 1종 · 예: Anthology of contemporary Korean poetry 1,포함
Văn học cổ điển Hàn Quốc,,기타,,발표 시기 미상,,,번역서 1종 · 예: Văn học cổ điển Hàn Quốc,포함
TRU'Ó'C PHONG TRÀO MANSE,,기타,,발표 시기 미상,,,번역서 1종 · 예: TRU'Ó'C PHONG TRÀO MANSE,포함
完全版 韓国・フェミニズム・日本,,기타,,발표 시기 미상,,,번역서 1종 · 예: 完全版 韓国・フェミニズム・日本,포함
Chat Chelou,,기타,,발표 시기 미상,,,번역서 1종 · 예: Chat Chelou,포함
死にたいけどトッポッキは食べたい,,기타,,발표 시기 미상,,,번역서 1종 · 예: 死にたいけどトッポッキは食べたい,포함
"Korean Literature Today Volume 9, No 2, Fall-Winter, 2004",,기타,,발표 시기 미상,,,"번역서 1종 · 예: Korean Literature Today Volume 9, No 2, Fall-Winter, 2004",포함
私たちにはことばが必要だ,,기타,,발표 시기 미상,,,번역서 1종 · 예: 私たちにはことばが必要だ,포함
Les petits pains au nuage,,기타,,발표 시기 미상,,,번역서 1종 · 예: Les petits pains au nuage,포함
韓国フェミニズムと私たち,,기타,,발표 시기 미상,,,번역서 1종 · 예: 韓国フェミニズムと私たち,포함
Wolkenbrot,,기타,,발표 시기 미상,,,번역서 1종 · 예: Wolkenbrot,포함
詩と創造 Vol.52,,시,,발표 시기 미상,,,번역서 1종 · 예: 詩と創造 Vol.52,포함
詩と創造 Vol.53,,시,,발표 시기 미상,,,번역서 1종 · 예: 詩と創造 Vol.53,포함
詩と創造 Vol.54,,시,,발표 시기 미상,,,번역서 1종 · 예: 詩と創造 Vol.54,포함
詩と創造 Vol.56,,시,,발표 시기 미상,,,번역서 1종 · 예: 詩と創造 Vol.56,포함
詩と創造 Vol.55,,시,,발표 시기 미상,,,번역서 1종 · 예: 詩と創造 Vol.55,포함
詩と創造 Vol.59,,시,,발표 시기 미상,,,번역서 1종 · 예: 詩と創造 Vol.59,포함
詩と創造 Vol.60,,시,,발표 시기 미상,,,번역서 1종 · 예: 詩と創造 Vol.60,포함
Umma's Table,,기타,,발표 시기 미상,,,번역서 1종 · 예: Umma's Table,포함
詩と創造 Vol.39,,시,,발표 시기 미상,,,번역서 1종 · 예: 詩と創造 Vol.39,포함
詩と創造 Vol.48,,시,,발표 시기 미상,,,번역서 1종 · 예: 詩と創造 Vol.48,포함
詩と思想 2002年 9月号,,시,,발표 시기 미상,,,번역서 1종 · 예: 詩と思想 2002年 9月号,포함
詩と創造 Vol.43,,시,,발표 시기 미상,,,번역서 1종 · 예: 詩と創造 Vol.43,포함
詩と創造 Vol.44,,시,,발표 시기 미상,,,번역서 1종 · 예: 詩と創造 Vol.44,포함
"Kim Jiyoung, née en 1982",,기타,,발표 시기 미상,,,"번역서 1종 · 예: Kim Jiyoung, née en 1982",포함
Der Wundergeiger auf der Palliativstation,,기타,,발표 시기 미상,,,번역서 1종 · 예: Der Wundergeiger auf der Palliativstation,포함
謀略者,,기타,,발표 시기 미상,,,번역서 1종 · 예: 謀略者,포함
日韓文学シンポジウム in 靑森,,기타,,발표 시기 미상,,,번역서 1종 · 예: 日韓文学シンポジウム in 靑森,포함
日韓文学シンポジウム '95 in 島根,,기타,,발표 시기 미상,,,번역서 1종 · 예: 日韓文学シンポジウム '95 in 島根,포함
詩と創造 Vol.38,,시,,발표 시기 미상,,,번역서 1종 · 예: 詩と創造 Vol.38,포함
韓国現代戱曲集 1,,기타,,발표 시기 미상,,,번역서 1종 · 예: 韓国現代戱曲集 1,포함
在日コリアン詩選集一九一六年~二ㅇㅇ四年,,시,,발표 시기 미상,,,번역서 1종 · 예: 在日コリアン詩選集一九一六年~二ㅇㅇ四年,포함
韓国近代名詩選,,시,,발표 시기 미상,,,번역서 1종 · 예: 韓国近代名詩選,포함
小さな慰め,,기타,,발표 시기 미상,,,번역서 1종 · 예: 小さな慰め,포함
シェイクスピアのいる文房具店 (はじめて読むじんぶん童話シリーズ),,동화,,발표 시기 미상,,,번역서 1종 · 예: シェイクスピアのいる文房具店 (はじめて読むじんぶん童話シリーズ),포함
とうきび (日・中・韓平和絵本),,기타,,발표 시기 미상,,,번역서 1종 · 예: とうきび (日・中・韓平和絵本),포함
渓西野譚,,기타,,발표 시기 미상,,,번역서 1종 · 예: 渓西野譚,포함
邦德女郎,,기타,,발표 시기 미상,,,번역서 1종 · 예: 邦德女郎,포함
18岁的初体验,,기타,,발표 시기 미상,,,번역서 1종 · 예: 18岁的初体验,포함
"燕子, 你还记得吗？",,기타,,발표 시기 미상,,,"번역서 1종 · 예: 燕子, 你还记得吗？",포함
爱斯基摩王子,,기타,,발표 시기 미상,,,번역서 1종 · 예: 爱斯基摩王子,포함
比悲伤更悲伤,,기타,,발표 시기 미상,,,번역서 1종 · 예: 比悲伤更悲伤,포함
韓国古典文学の愉しみ 下,,기타,,발표 시기 미상,,,번역서 1종 · 예: 韓国古典文学の愉しみ 下,포함
韓国詩歌春秋,,시,,발표 시기 미상,,,번역서 1종 · 예: 韓国詩歌春秋,포함
新羅殊異伝,,기타,,발표 시기 미상,,,번역서 1종 · 예: 新羅殊異伝,포함
訓民正音,,기타,,발표 시기 미상,,,번역서 1종 · 예: 訓民正音,포함
韓国古典文学の愉しみ 上,,기타,,발표 시기 미상,,,번역서 1종 · 예: 韓国古典文学の愉しみ 上,포함
天下最初的爱情故事,,기타,,발표 시기 미상,,,번역서 1종 · 예: 天下最初的爱情故事,포함
结婚太疯狂,,기타,,발표 시기 미상,,,번역서 1종 · 예: 结婚太疯狂,포함
明成皇后,,기타,,발표 시기 미상,,,번역서 1종 · 예: 明成皇后,포함
独步乾坤,,기타,,발표 시기 미상,,,번역서 1종 · 예: 独步乾坤,포함
韓國現代短篇小說選,,단편소설,,발표 시기 미상,,,번역서 1종 · 예: 韓國現代短篇小說選,포함
王的男人,,기타,,발표 시기 미상,,,번역서 1종 · 예: 王的男人,포함
玻璃泪珠,,기타,,발표 시기 미상,,,번역서 1종 · 예: 玻璃泪珠,포함
早安,,기타,,발표 시기 미상,,,번역서 1종 · 예: 早安,포함
郷歌,,기타,,발표 시기 미상,,,번역서 1종 · 예: 郷歌,포함
Old Wrestler,,기타,,발표 시기 미상,,,번역서 1종 · 예: Old Wrestler,포함
再见，妈妈,,기타,,발표 시기 미상,,,번역서 1종 · 예: 再见，妈妈,포함
"雨啊, 请你到非洲",,기타,,발표 시기 미상,,,"번역서 1종 · 예: 雨啊, 请你到非洲",포함
The Three Goats,,기타,,발표 시기 미상,,,번역서 1종 · 예: The Three Goats,포함
The Big Turnip,,기타,,발표 시기 미상,,,번역서 1종 · 예: The Big Turnip,포함
ZE ZEMĚ JITŘNÍ SVĚŽESTI,,기타,,발표 시기 미상,,,번역서 1종 · 예: ZE ZEMĚ JITŘNÍ SVĚŽESTI,포함
Z říše nezapadajícího slunce,,기타,,발표 시기 미상,,,번역서 1종 · 예: Z říše nezapadajícího slunce,포함
Déšt'v horách rozeznívá bambusy,,기타,,발표 시기 미상,,,번역서 1종 · 예: Déšt'v horách rozeznívá bambusy,포함
スタイル,,기타,,발표 시기 미상,,,번역서 1종 · 예: スタイル,포함
人生使用説明書,,기타,,발표 시기 미상,,,번역서 1종 · 예: 人生使用説明書,포함
クミョンに灯る愛,,기타,,발표 시기 미상,,,번역서 1종 · 예: クミョンに灯る愛,포함
グッドライフ,,기타,,발표 시기 미상,,,번역서 1종 · 예: グッドライフ,포함
平壌を飛び出した宮廷詩人,,시,,발표 시기 미상,,,번역서 1종 · 예: 平壌を飛び出した宮廷詩人,포함
金王朝「御用詩人」の告白,,시,,발표 시기 미상,,,번역서 1종 · 예: 金王朝「御用詩人」の告白,포함
最好的教养在路上,,기타,,발표 시기 미상,,,번역서 1종 · 예: 最好的教养在路上,포함
艺术家的街道,,기타,,발표 시기 미상,,,번역서 1종 · 예: 艺术家的街道,포함
"活着, 就要幸福",,기타,,발표 시기 미상,,,"번역서 1종 · 예: 活着, 就要幸福",포함
韩国人的心,,기타,,발표 시기 미상,,,번역서 1종 · 예: 韩国人的心,포함
王陵と駐屯軍,,기타,,발표 시기 미상,,,번역서 1종 · 예: 王陵と駐屯軍,포함
智異山 (下),,기타,,발표 시기 미상,,,번역서 1종 · 예: 智異山 (下),포함
智異山 (上),,기타,,발표 시기 미상,,,번역서 1종 · 예: 智異山 (上),포함
告発,,기타,,발표 시기 미상,,,번역서 1종 · 예: 告発,포함
海外戯曲アンソロジー,,희곡,,발표 시기 미상,,,번역서 1종 · 예: 海外戯曲アンソロジー,포함
韓国近現代戯曲選,,희곡,,발표 시기 미상,,,번역서 1종 · 예: 韓国近現代戯曲選,포함
鯨とり,,기타,,발표 시기 미상,,,번역서 1종 · 예: 鯨とり,포함
幸福的世界 1,,기타,,발표 시기 미상,,,번역서 1종 · 예: 幸福的世界 1,포함
心灵救护箱,,기타,,발표 시기 미상,,,번역서 1종 · 예: 心灵救护箱,포함
"Left's Right, Right's Left",,기타,,발표 시기 미상,,,"번역서 1종 · 예: Left's Right, Right's Left",포함
"Milena, Milena, Ecstatic",,기타,,발표 시기 미상,,,"번역서 1종 · 예: Milena, Milena, Ecstatic",포함
囚人[黄晳暎自伝]I――境界を越えて,,기타,,발표 시기 미상,,,번역서 1종 · 예: 囚人[黄晳暎自伝]I――境界を越えて,포함
Cursed Bunny,,기타,,발표 시기 미상,,,번역서 1종 · 예: Cursed Bunny,포함
アーモンド,,기타,,발표 시기 미상,,,번역서 1종 · 예: アーモンド,포함
師任堂の真紅の絹の包み,,기타,,발표 시기 미상,,,번역서 1종 · 예: 師任堂の真紅の絹の包み,포함
Grass,,기타,,발표 시기 미상,,,번역서 1종 · 예: Grass,포함
Năm Mươi Người,,기타,,발표 시기 미상,,,번역서 1종 · 예: Năm Mươi Người,포함
海東野言,,기타,,발표 시기 미상,,,번역서 1종 · 예: 海東野言,포함
大都会の愛し方,,기타,,발표 시기 미상,,,번역서 1종 · 예: 大都会の愛し方,포함
僕は李箱から文学を学んだ,,기타,,발표 시기 미상,,,번역서 1종 · 예: 僕は李箱から文学を学んだ,포함
Die Nachfahren Kains,,기타,,발표 시기 미상,,,번역서 1종 · 예: Die Nachfahren Kains,포함
Dworska tancerka,,기타,,발표 시기 미상,,,번역서 1종 · 예: Dworska tancerka,포함
Тийм л хүнд би хайртай,,기타,,발표 시기 미상,,,번역서 1종 · 예: Тийм л хүнд би хайртай,포함
"ULHVA, ŠAMANKA",,기타,,발표 시기 미상,,,"번역서 1종 · 예: ULHVA, ŠAMANKA",포함
Hovitanssija,,기타,,발표 시기 미상,,,번역서 1종 · 예: Hovitanssija,포함
วันที่แม่ไม่อยู่,,기타,,발표 시기 미상,,,번역서 1종 · 예: วันที่แม่ไม่อยู่,포함
คิมจียอง เกิดปี 82,,기타,,발표 시기 미상,,,번역서 1종 · 예: คิมจียอง เกิดปี 82,포함
มีอะไรในสวนหลังบ้าน,,기타,,발표 시기 미상,,,번역서 1종 · 예: มีอะไรในสวนหลังบ้าน,포함
文藝 2019 秋,,기타,,발표 시기 미상,,,번역서 1종 · 예: 文藝 2019 秋,포함
LA LANGUE ET LE COUTEAU,,기타,,발표 시기 미상,,,번역서 1종 · 예: LA LANGUE ET LE COUTEAU,포함
Imperiul fără de sfârșit,,기타,,발표 시기 미상,,,번역서 1종 · 예: Imperiul fără de sfârșit,포함
Pachinko,,기타,,발표 시기 미상,,,번역서 1종 · 예: Pachinko,포함
Jun,,기타,,발표 시기 미상,,,번역서 1종 · 예: Jun,포함
販賣時間的商店,,기타,,발표 시기 미상,,,번역서 1종 · 예: 販賣時間的商店,포함
Vzorný syn,,기타,,발표 시기 미상,,,번역서 1종 · 예: Vzorný syn,포함
驟雨,,기타,,발표 시기 미상,,,번역서 1종 · 예: 驟雨,포함
Génération B,,기타,,발표 시기 미상,,,번역서 1종 · 예: Génération B,포함
Beyaz Kitap,,기타,,발표 시기 미상,,,번역서 1종 · 예: Beyaz Kitap,포함
Зарисовки ночной жизни,,기타,,발표 시기 미상,,,번역서 1종 · 예: Зарисовки ночной жизни,포함
追爱症候群 1,,기타,,발표 시기 미상,,,번역서 1종 · 예: 追爱症候群 1,포함
局外人 3,,기타,,발표 시기 미상,,,번역서 1종 · 예: 局外人 3,포함
局外人 1,,기타,,발표 시기 미상,,,번역서 1종 · 예: 局外人 1,포함
1分钟后的人生,,기타,,발표 시기 미상,,,번역서 1종 · 예: 1分钟后的人生,포함
朴齐家诗论及其诗歌研究,,시,,발표 시기 미상,,,번역서 1종 · 예: 朴齐家诗论及其诗歌研究,포함
韩国文学史,,기타,,발표 시기 미상,,,번역서 1종 · 예: 韩国文学史,포함
Azlien-Blüten,,기타,,발표 시기 미상,,,번역서 1종 · 예: Azlien-Blüten,포함
Том хашаатай байшин,,기타,,발표 시기 미상,,,번역서 1종 · 예: Том хашаатай байшин,포함
КОРЕЙСКИ ПОСЛОВИЦИ,,기타,,발표 시기 미상,,,번역서 1종 · 예: КОРЕЙСКИ ПОСЛОВИЦИ,포함
ひきこもり図書館 : 部屋から出られない人のための12の物語,,기타,,발표 시기 미상,,,번역서 1종 · 예: ひきこもり図書館 : 部屋から出られない人のための12の物語,포함
Vše o mé dceři,,기타,,발표 시기 미상,,,번역서 1종 · 예: Vše o mé dceři,포함
Five Preludes & A Fugue,,기타,,발표 시기 미상,,,번역서 1종 · 예: Five Preludes & A Fugue,포함
Europa,,기타,,발표 시기 미상,,,번역서 1종 · 예: Europa,포함
レモン,,기타,,발표 시기 미상,,,번역서 1종 · 예: レモン,포함
To the warm horizon,,기타,,발표 시기 미상,,,번역서 1종 · 예: To the warm horizon,포함
MR. MONORAIL,,기타,,발표 시기 미상,,,번역서 1종 · 예: MR. MONORAIL,포함
死の自叙伝,,기타,,발표 시기 미상,,,번역서 1종 · 예: 死の自叙伝,포함
Divorce,,기타,,발표 시기 미상,,,번역서 1종 · 예: Divorce,포함
Антологія корейської поезії (I ст. до н.е. - XX ст.),,기타,,발표 시기 미상,,,번역서 1종 · 예: Антологія корейської поезії (I ст. до н.е. - XX ст.),포함
中央站：失去過往與未來，拋棄時間與空間的無家者,,기타,,발표 시기 미상,,,번역서 1종 · 예: 中央站：失去過往與未來，拋棄時間與空間的無家者,포함
オビー,,기타,,발표 시기 미상,,,번역서 1종 · 예: オビー,포함
垂涎三尺,,기타,,발표 시기 미상,,,번역서 1종 · 예: 垂涎三尺,포함
囚人[黄晳暎自伝]II――火焔のなかへ,,기타,,발표 시기 미상,,,번역서 1종 · 예: 囚人[黄晳暎自伝]II――火焔のなかへ,포함
Atunci când am fost fericiți,,기타,,발표 시기 미상,,,번역서 1종 · 예: Atunci când am fost fericiți,포함
Demons,,기타,,발표 시기 미상,,,번역서 1종 · 예: Demons,포함
The red hen and the fox,,기타,,발표 시기 미상,,,번역서 1종 · 예: The red hen and the fox,포함
The rabbit and the turtle,,기타,,발표 시기 미상,,,번역서 1종 · 예: The rabbit and the turtle,포함
獻給柯曼妮奇,,기타,,발표 시기 미상,,,번역서 1종 · 예: 獻給柯曼妮奇,포함
דלות גנובה: סיפורים קוריאניים,,기타,,발표 시기 미상,,,번역서 1종 · 예: דלות גנובה: סיפורים קוריאניים,포함
האורח,,기타,,발표 시기 미상,,,번역서 1종 · 예: האורח,포함
対話 韓国民主化運動の歴史,,기타,,발표 시기 미상,,,번역서 1종 · 예: 対話 韓国民主化運動の歴史,포함
"Kim Ji-young, nacida en 1982",,기타,,발표 시기 미상,,,"번역서 1종 · 예: Kim Ji-young, nacida en 1982",포함
План ировщики,,기타,,발표 시기 미상,,,번역서 1종 · 예: План ировщики,포함
Nationalismusdiskurse in Südkorea,,기타,,발표 시기 미상,,,번역서 1종 · 예: Nationalismusdiskurse in Südkorea,포함
Der Oirol,,기타,,발표 시기 미상,,,번역서 1종 · 예: Der Oirol,포함
Koreanischer Standard,,기타,,발표 시기 미상,,,번역서 1종 · 예: Koreanischer Standard,포함
Shpirtra të flakur,,기타,,발표 시기 미상,,,번역서 1종 · 예: Shpirtra të flakur,포함
Tu-Run,,기타,,발표 시기 미상,,,번역서 1종 · 예: Tu-Run,포함
LES IMAGES DU MONDE SENSIBLE dans LA NOUVELLE HELOÏSE deJEAN JACQUES ROUSSEAU,,기타,,발표 시기 미상,,,번역서 1종 · 예: LES IMAGES DU MONDE SENSIBLE dans LA NOUVELLE HELOÏSE deJEAN JACQUES ROUSSEAU,포함
METAMORPHOSE,,기타,,발표 시기 미상,,,번역서 1종 · 예: METAMORPHOSE,포함
le zéro,,기타,,발표 시기 미상,,,번역서 1종 · 예: le zéro,포함
Le labyrinthe à vie,,기타,,발표 시기 미상,,,번역서 1종 · 예: Le labyrinthe à vie,포함
la azalée,,기타,,발표 시기 미상,,,번역서 1종 · 예: la azalée,포함
"MIROIR, CAUSE DE MALHEUR ET AUTRES CONTES",,동화,,발표 시기 미상,,,"번역서 1종 · 예: MIROIR, CAUSE DE MALHEUR ET AUTRES CONTES",포함
LA FIDÈLE SEUNG TCHUN-HYANG,,기타,,발표 시기 미상,,,번역서 1종 · 예: LA FIDÈLE SEUNG TCHUN-HYANG,포함
LES BELLES ETRANGÈRES,,기타,,발표 시기 미상,,,번역서 1종 · 예: LES BELLES ETRANGÈRES,포함
ადამიანი დაბადებულია მარტოობისთვის,,기타,,발표 시기 미상,,,번역서 1종 · 예: ადამიანი დაბადებულია მარტოობისთვის,포함
對我無害之人,,기타,,발표 시기 미상,,,번역서 1종 · 예: 對我無害之人,포함
飛機雲,,기타,,발표 시기 미상,,,번역서 1종 · 예: 飛機雲,포함
TERRE BRÛLÉE,,기타,,발표 시기 미상,,,번역서 1종 · 예: TERRE BRÛLÉE,포함
為愛重生：找尋希望的翅膀,,기타,,발표 시기 미상,,,번역서 1종 · 예: 為愛重生：找尋希望的翅膀,포함
現代韓国文学選集 5,,기타,,발표 시기 미상,,,번역서 1종 · 예: 現代韓国文学選集 5,포함
朝鮮後期ソウル商業発達史研究,,기타,,발표 시기 미상,,,번역서 1종 · 예: 朝鮮後期ソウル商業発達史研究,포함
Песни великого спокойствия при южном ветре,,기타,,발표 시기 미상,,,번역서 1종 · 예: Песни великого спокойствия при южном ветре,포함
Os Conspiradores,,기타,,발표 시기 미상,,,번역서 1종 · 예: Os Conspiradores,포함
未堂 徐廷柱詩選 朝鮮タンポポの歌,,시,,발표 시기 미상,,,번역서 1종 · 예: 未堂 徐廷柱詩選 朝鮮タンポポの歌,포함
李漢稷詩集,,시,,발표 시기 미상,,,번역서 1종 · 예: 李漢稷詩集,포함
梁性佑抒情詩集,,시,,발표 시기 미상,,,번역서 1종 · 예: 梁性佑抒情詩集,포함
韓国発禁詩集,,시,,발표 시기 미상,,,번역서 1종 · 예: 韓国発禁詩集,포함
"Kim Ji Young, sinh năm 1982",,기타,,발표 시기 미상,,,"번역서 1종 · 예: Kim Ji Young, sinh năm 1982",포함
RI DŽINĖ,,기타,,발표 시기 미상,,,번역서 1종 · 예: RI DŽINĖ,포함
獄中から,,기타,,발표 시기 미상,,,번역서 1종 · 예: 獄中から,포함
キムジハ詩集 -五賊·黃土·蜚語-,,시,,발표 시기 미상,,,번역서 1종 · 예: キムジハ詩集 -五賊·黃土·蜚語-,포함
現代朝鮮詩選,,시,,발표 시기 미상,,,번역서 1종 · 예: 現代朝鮮詩選,포함
モンスーン,,기타,,발표 시기 미상,,,번역서 1종 · 예: モンスーン,포함
Shedding of the Petals,,기타,,발표 시기 미상,,,번역서 1종 · 예: Shedding of the Petals,포함
金良植詩集,,시,,발표 시기 미상,,,번역서 1종 · 예: 金良植詩集,포함
長い暗闇の彼方に,,기타,,발표 시기 미상,,,번역서 1종 · 예: 長い暗闇の彼方に,포함
不帰,,기타,,발표 시기 미상,,,번역서 1종 · 예: 不帰,포함
風と木々,,기타,,발표 시기 미상,,,번역서 1종 · 예: 風と木々,포함
星と話す少年,,기타,,발표 시기 미상,,,번역서 1종 · 예: 星と話す少年,포함
一百個影子,,기타,,발표 시기 미상,,,번역서 1종 · 예: 一百個影子,포함
Hefte fur ostasiatische Literatur 66,,기타,,발표 시기 미상,,,번역서 1종 · 예: Hefte fur ostasiatische Literatur 66,포함
La danzatrice di Seul,,기타,,발표 시기 미상,,,번역서 1종 · 예: La danzatrice di Seul,포함
韓國人と 諧謔,,기타,,발표 시기 미상,,,번역서 1종 · 예: 韓國人と 諧謔,포함
花に埋もれた家,,기타,,발표 시기 미상,,,번역서 1종 · 예: 花に埋もれた家,포함
夜中に見た靴,,기타,,발표 시기 미상,,,번역서 1종 · 예: 夜中に見た靴,포함
anthologie de la poésie coréenne moderne,,기타,,발표 시기 미상,,,번역서 1종 · 예: anthologie de la poésie coréenne moderne,포함
Sans Titre,,기타,,발표 시기 미상,,,번역서 1종 · 예: Sans Titre,포함
Modern Korean poetry,,시,,발표 시기 미상,,,번역서 1종 · 예: Modern Korean poetry,포함
星の国,,기타,,발표 시기 미상,,,번역서 1종 · 예: 星の国,포함
マザー・テレサのいる動物病院 (はじめて読むじんぶん童話シリーズ),,동화,,발표 시기 미상,,,번역서 1종 · 예: マザー・テレサのいる動物病院 (はじめて読むじんぶん童話シリーズ),포함
トルストイのいる古本屋 (はじめて読むじんぶん童話シリーズ),,동화,,발표 시기 미상,,,번역서 1종 · 예: トルストイのいる古本屋 (はじめて読むじんぶん童話シリーズ),포함
死ぬ日まで天を仰ぎ,,기타,,발표 시기 미상,,,번역서 1종 · 예: 死ぬ日まで天を仰ぎ,포함
アリストテレスのいる薬屋 (はじめて読むじんぶん童話シリ-ズ),,동화,,발표 시기 미상,,,번역서 1종 · 예: アリストテレスのいる薬屋 (はじめて読むじんぶん童話シリ-ズ),포함
Infant splendor,,기타,,발표 시기 미상,,,번역서 1종 · 예: Infant splendor,포함
Korean Poets Series: Koh Chang Soo,,기타,,발표 시기 미상,,,번역서 1종 · 예: Korean Poets Series: Koh Chang Soo,포함
Sky,,기타,,발표 시기 미상,,,번역서 1종 · 예: Sky,포함
Mainstreams of contemporary poetry,,시,,발표 시기 미상,,,번역서 1종 · 예: Mainstreams of contemporary poetry,포함
Master poems from modern Korea since 1920,,시,,발표 시기 미상,,,번역서 1종 · 예: Master poems from modern Korea since 1920,포함
グミョンの灯(ともしび)が消えるとき,,기타,,발표 시기 미상,,,번역서 1종 · 예: グミョンの灯(ともしび)が消えるとき,포함
この世の果てまで (3),,기타,,발표 시기 미상,,,번역서 1종 · 예: この世の果てまで (3),포함
七月のポプラ,,기타,,발표 시기 미상,,,번역서 1종 · 예: 七月のポプラ,포함
この世の果てまで (2),,기타,,발표 시기 미상,,,번역서 1종 · 예: この世の果てまで (2),포함
この世の果てまで (1),,기타,,발표 시기 미상,,,번역서 1종 · 예: この世の果てまで (1),포함
一滴の出会い,,기타,,발표 시기 미상,,,번역서 1종 · 예: 一滴の出会い,포함
"Anthology, Seoul poets club 1989",,기타,,발표 시기 미상,,,"번역서 1종 · 예: Anthology, Seoul poets club 1989",포함
The contemporary Korean poets,,기타,,발표 시기 미상,,,번역서 1종 · 예: The contemporary Korean poets,포함
World poetry 1988,,시,,발표 시기 미상,,,번역서 1종 · 예: World poetry 1988,포함
Folk culture in Korea,,기타,,발표 시기 미상,,,번역서 1종 · 예: Folk culture in Korea,포함
オールイン (下),,기타,,발표 시기 미상,,,번역서 1종 · 예: オールイン (下),포함
オールイン (上),,기타,,발표 시기 미상,,,번역서 1종 · 예: オールイン (上),포함
デジログ,,기타,,발표 시기 미상,,,번역서 1종 · 예: デジログ,포함
白夜 (下),,기타,,발표 시기 미상,,,번역서 1종 · 예: 白夜 (下),포함
白夜 (中),,기타,,발표 시기 미상,,,번역서 1종 · 예: 白夜 (中),포함
Sea of tomorrow,,기타,,발표 시기 미상,,,번역서 1종 · 예: Sea of tomorrow,포함
Without End,,기타,,발표 시기 미상,,,번역서 1종 · 예: Without End,포함
Anthologie de la poésie coréenne,,기타,,발표 시기 미상,,,번역서 1종 · 예: Anthologie de la poésie coréenne,포함
Evening of the Whale,,기타,,발표 시기 미상,,,번역서 1종 · 예: Evening of the Whale,포함
An embroidery sampler,,기타,,발표 시기 미상,,,번역서 1종 · 예: An embroidery sampler,포함
Histoires merveilleuses du mont Geumo,,기타,,발표 시기 미상,,,번역서 1종 · 예: Histoires merveilleuses du mont Geumo,포함
Miracle on Cherry Hill,,기타,,발표 시기 미상,,,번역서 1종 · 예: Miracle on Cherry Hill,포함
Classical Korean poems: Sijo,,시,,발표 시기 미상,,,번역서 1종 · 예: Classical Korean poems: Sijo,포함
Debasement and other stories,,단편소설,,발표 시기 미상,,,번역서 1종 · 예: Debasement and other stories,포함
Modern Korean short stories,,단편소설,,발표 시기 미상,,,번역서 1종 · 예: Modern Korean short stories,포함
Marilyn and Me,,기타,,발표 시기 미상,,,번역서 1종 · 예: Marilyn and Me,포함
Die Brücke über den Song Zon Gang,,기타,,발표 시기 미상,,,번역서 1종 · 예: Die Brücke über den Song Zon Gang,포함
Anthology of Korean literary 3,,기타,,발표 시기 미상,,,번역서 1종 · 예: Anthology of Korean literary 3,포함
Traditional Korean Theatre,,기타,,발표 시기 미상,,,번역서 1종 · 예: Traditional Korean Theatre,포함
天国までもう一歩,,기타,,발표 시기 미상,,,번역서 1종 · 예: 天国までもう一歩,포함
ねこぐち村のこどもたち,,기타,,발표 시기 미상,,,번역서 1종 · 예: ねこぐち村のこどもたち,포함
水音は道になり,,기타,,발표 시기 미상,,,번역서 1종 · 예: 水音は道になり,포함
沈黙で建てた家,,기타,,발표 시기 미상,,,번역서 1종 · 예: 沈黙で建てた家,포함
シルミド,,기타,,발표 시기 미상,,,번역서 1종 · 예: シルミド,포함
第二次朝鮮戦争勃発の日,,기타,,발표 시기 미상,,,번역서 1종 · 예: 第二次朝鮮戦争勃発の日,포함
Poems for Planting Love,,시,,발표 시기 미상,,,번역서 1종 · 예: Poems for Planting Love,포함
A Lamp Burns Low,,기타,,발표 시기 미상,,,번역서 1종 · 예: A Lamp Burns Low,포함
Bílá kniha,,기타,,발표 시기 미상,,,번역서 1종 · 예: Bílá kniha,포함
Komplocular,,기타,,발표 시기 미상,,,번역서 1종 · 예: Komplocular,포함
MISUK LA CHICA DEL AÑO,,기타,,발표 시기 미상,,,번역서 1종 · 예: MISUK LA CHICA DEL AÑO,포함
Вегетаріанка,,기타,,발표 시기 미상,,,번역서 1종 · 예: Вегетаріанка,포함
Vegetaren,,기타,,발표 시기 미상,,,번역서 1종 · 예: Vegetaren,포함
vĂn Hoc Su Hàn quôc,,기타,,발표 시기 미상,,,번역서 1종 · 예: vĂn Hoc Su Hàn quôc,포함
Империя света,,기타,,발표 시기 미상,,,번역서 1종 · 예: Империя света,포함
truyện ngắn hiện đại Hàn Quốc,,기타,,발표 시기 미상,,,번역서 1종 · 예: truyện ngắn hiện đại Hàn Quốc,포함
Reiseintopf beim frosch,,기타,,발표 시기 미상,,,번역서 1종 · 예: Reiseintopf beim frosch,포함
Vegetarė,,기타,,발표 시기 미상,,,번역서 1종 · 예: Vegetarė,포함
Vegetarianeren,,기타,,발표 시기 미상,,,번역서 1종 · 예: Vegetarianeren,포함
CỬU VÂN MỘNG,,기타,,발표 시기 미상,,,번역서 1종 · 예: CỬU VÂN MỘNG,포함
"Ancient, Medieval, and Premodern Korean Songs and Poems",,시,,발표 시기 미상,,,"번역서 1종 · 예: Ancient, Medieval, and Premodern Korean Songs and Poems",포함
حقي في تدمير نفسي,,기타,,발표 시기 미상,,,번역서 1종 · 예: حقي في تدمير نفسي,포함
A Vegetariana,,기타,,발표 시기 미상,,,번역서 1종 · 예: A Vegetariana,포함
L' origine delle specie,,기타,,발표 시기 미상,,,번역서 1종 · 예: L' origine delle specie,포함
А надворі — літо,,기타,,발표 시기 미상,,,번역서 1종 · 예: А надворі — літо,포함
La historia de Sukhyang y la joven Sugyeong,,기타,,발표 시기 미상,,,번역서 1종 · 예: La historia de Sukhyang y la joven Sugyeong,포함
อิลจีแม,,기타,,발표 시기 미상,,,번역서 1종 · 예: อิลจีแม,포함
Korean Buddhist sculpture,,기타,,발표 시기 미상,,,번역서 1종 · 예: Korean Buddhist sculpture,포함
Parting After Parting,,기타,,발표 시기 미상,,,번역서 1종 · 예: Parting After Parting,포함
Rock Is Thunder,,기타,,발표 시기 미상,,,번역서 1종 · 예: Rock Is Thunder,포함
Whale Snows Down,,기타,,발표 시기 미상,,,번역서 1종 · 예: Whale Snows Down,포함
Invincible and Righteous Outlaw,,기타,,발표 시기 미상,,,번역서 1종 · 예: Invincible and Righteous Outlaw,포함
Ta vare på mamma,,기타,,발표 시기 미상,,,번역서 1종 · 예: Ta vare på mamma,포함
"Прошу, найди маму",,기타,,발표 시기 미상,,,"번역서 1종 · 예: Прошу, найди маму",포함
Buio in sala,,기타,,발표 시기 미상,,,번역서 1종 · 예: Buio in sala,포함
Mata Malam,,기타,,발표 시기 미상,,,번역서 1종 · 예: Mata Malam,포함
L'uccello che beve lacrime,,기타,,발표 시기 미상,,,번역서 1종 · 예: L'uccello che beve lacrime,포함
7 kedi gözü,,기타,,발표 시기 미상,,,번역서 1종 · 예: 7 kedi gözü,포함
最後一人,,기타,,발표 시기 미상,,,번역서 1종 · 예: 最後一人,포함
La gran tienda de los sueños,,기타,,발표 시기 미상,,,번역서 1종 · 예: La gran tienda de los sueños,포함
Leçons de grec,,기타,,발표 시기 미상,,,번역서 1종 · 예: Leçons de grec,포함
Vegetariana,,기타,,발표 시기 미상,,,번역서 1종 · 예: Vegetariana,포함
Els planificadors,,기타,,발표 시기 미상,,,번역서 1종 · 예: Els planificadors,포함
サイコだけど大丈夫 下,,기타,,발표 시기 미상,,,번역서 1종 · 예: サイコだけど大丈夫 下,포함
Podivné historky ze staré Koreje,,기타,,발표 시기 미상,,,번역서 1종 · 예: Podivné historky ze staré Koreje,포함
L' ora di greco,,기타,,발표 시기 미상,,,번역서 1종 · 예: L' ora di greco,포함
Ihmisen teot,,기타,,발표 시기 미상,,,번역서 1종 · 예: Ihmisen teot,포함
Making of Korean literature,,기타,,발표 시기 미상,,,번역서 1종 · 예: Making of Korean literature,포함
CONEJO MALDITO,,기타,,발표 시기 미상,,,번역서 1종 · 예: CONEJO MALDITO,포함
Truyện Thấm Thanh,,기타,,발표 시기 미상,,,번역서 1종 · 예: Truyện Thấm Thanh,포함
Gió Ơi Cứ Thổi,,기타,,발표 시기 미상,,,번역서 1종 · 예: Gió Ơi Cứ Thổi,포함
The Great Homecoming,,기타,,발표 시기 미상,,,번역서 1종 · 예: The Great Homecoming,포함
Мандала,,기타,,발표 시기 미상,,,번역서 1종 · 예: Мандала,포함
NUESTRO FRUSTRADO HEROE,,기타,,발표 시기 미상,,,번역서 1종 · 예: NUESTRO FRUSTRADO HEROE,포함
Take My Voice,,기타,,발표 시기 미상,,,번역서 1종 · 예: Take My Voice,포함
KOPILE 1,,기타,,발표 시기 미상,,,번역서 1종 · 예: KOPILE 1,포함
光之护卫,,기타,,발표 시기 미상,,,번역서 1종 · 예: 光之护卫,포함
Jin & Jin,,기타,,발표 시기 미상,,,번역서 1종 · 예: Jin & Jin,포함
Gizemli Çikolata Dükkanı,,기타,,발표 시기 미상,,,번역서 1종 · 예: Gizemli Çikolata Dükkanı,포함
Kærlighed i Seoul,,기타,,발표 시기 미상,,,번역서 1종 · 예: Kærlighed i Seoul,포함
"Ik wil dood, maar eerst een bord tteokbokki",,기타,,발표 시기 미상,,,"번역서 1종 · 예: Ik wil dood, maar eerst een bord tteokbokki",포함
STORIE DI MIRACOLI BUDDHISTI,,기타,,발표 시기 미상,,,번역서 1종 · 예: STORIE DI MIRACOLI BUDDHISTI,포함
此刻不愛的人，都有罪,,기타,,발표 시기 미상,,,번역서 1종 · 예: 此刻不愛的人，都有罪,포함
父親的解放日記,,기타,,발표 시기 미상,,,번역서 1종 · 예: 父親的解放日記,포함
Love and the Beginning,,기타,,발표 시기 미상,,,번역서 1종 · 예: Love and the Beginning,포함
Radio Days,,기타,,발표 시기 미상,,,번역서 1종 · 예: Radio Days,포함
Non dico addio,,기타,,발표 시기 미상,,,번역서 1종 · 예: Non dico addio,포함
Sklep pory deszczowej,,기타,,발표 시기 미상,,,번역서 1종 · 예: Sklep pory deszczowej,포함
Przeklęty królik,,기타,,발표 시기 미상,,,번역서 1종 · 예: Przeklęty królik,포함
Uśmiech Shoko,,기타,,발표 시기 미상,,,번역서 1종 · 예: Uśmiech Shoko,포함
Der Fluch des Hasen,,기타,,발표 시기 미상,,,번역서 1종 · 예: Der Fluch des Hasen,포함
Deep Work,,기타,,발표 시기 미상,,,번역서 1종 · 예: Deep Work,포함
L'Inscription de la terreur,,기타,,발표 시기 미상,,,번역서 1종 · 예: L'Inscription de la terreur,포함
이상한 가역반응,,기타,,발표 시기 미상,,,번역서 1종 · 예: 이상한 가역반응,포함
即使不努力,,기타,,발표 시기 미상,,,번역서 1종 · 예: 即使不努力,포함
Afet Gezginleri,,기타,,발표 시기 미상,,,번역서 1종 · 예: Afet Gezginleri,포함
大眾文化的女性主義指南,,기타,,발표 시기 미상,,,번역서 1종 · 예: 大眾文化的女性主義指南,포함
Unmöglicher Abschied,,기타,,발표 시기 미상,,,번역서 1종 · 예: Unmöglicher Abschied,포함
Aspirina,,기타,,발표 시기 미상,,,번역서 1종 · 예: Aspirina,포함
剛剛離開的世界,,기타,,발표 시기 미상,,,번역서 1종 · 예: 剛剛離開的世界,포함
Erhobenen Hauptes,,기타,,발표 시기 미상,,,번역서 1종 · 예: Erhobenen Hauptes,포함
Lições de Grego,,기타,,발표 시기 미상,,,번역서 1종 · 예: Lições de Grego,포함
Η χορτοφάγος,,기타,,발표 시기 미상,,,번역서 1종 · 예: Η χορτοφάγος,포함
দ্যা ভেজিটেরিয়্যান,,기타,,발표 시기 미상,,,번역서 1종 · 예: দ্যা ভেজিটেরিয়্যান,포함
RÉSIDENCE SAHA,,기타,,발표 시기 미상,,,번역서 1종 · 예: RÉSIDENCE SAHA,포함
小さな町,,기타,,발표 시기 미상,,,번역서 1종 · 예: 小さな町,포함
カッコの多い手紙,,기타,,발표 시기 미상,,,번역서 1종 · 예: カッコの多い手紙,포함
The Routledge Companion to Korean Literature,,기타,,발표 시기 미상,,,번역서 1종 · 예: The Routledge Companion to Korean Literature,포함
The Greatest Gamble On Earth,,기타,,발표 시기 미상,,,번역서 1종 · 예: The Greatest Gamble On Earth,포함
Rumah Kaca di Ujung Bumi,,기타,,발표 시기 미상,,,번역서 1종 · 예: Rumah Kaca di Ujung Bumi,포함
Contos fantásticos coreanos,,기타,,발표 시기 미상,,,번역서 1종 · 예: Contos fantásticos coreanos,포함
Knockoff Viagra & Jeje,,기타,,발표 시기 미상,,,번역서 1종 · 예: Knockoff Viagra & Jeje,포함
Walk With A Goddess,,기타,,발표 시기 미상,,,번역서 1종 · 예: Walk With A Goddess,포함
For That Which Cannot Be Restored,,기타,,발표 시기 미상,,,번역서 1종 · 예: For That Which Cannot Be Restored,포함
Towards 0%,,기타,,발표 시기 미상,,,번역서 1종 · 예: Towards 0%,포함
Tales of Korea,,기타,,발표 시기 미상,,,번역서 1종 · 예: Tales of Korea,포함
Narrativas populares de Joseon,,기타,,발표 시기 미상,,,번역서 1종 · 예: Narrativas populares de Joseon,포함
Imposible decir adiós,,기타,,발표 시기 미상,,,번역서 1종 · 예: Imposible decir adiós,포함
Kyoko & Kyoji,,기타,,발표 시기 미상,,,번역서 1종 · 예: Kyoko & Kyoji,포함
Like A Barbie,,기타,,발표 시기 미상,,,번역서 1종 · 예: Like A Barbie,포함
Je suis une Kisaeng,,기타,,발표 시기 미상,,,번역서 1종 · 예: Je suis une Kisaeng,포함
«Магазин снов» мистера Талергута,,기타,,발표 시기 미상,,,번역서 2종 · 예: «Магазин снов» мистера Талергута,포함
Удар,,기타,,발표 시기 미상,,,번역서 1종 · 예: Удар,포함
The End of August,,기타,,발표 시기 미상,,,번역서 1종 · 예: The End of August,포함
අම්මා... අම්මා...,,기타,,발표 시기 미상,,,번역서 1종 · 예: අම්මා... අම්මා...,포함
Prends soin de Maman,,기타,,발표 시기 미상,,,번역서 1종 · 예: Prends soin de Maman,포함
OUR HAPPY TIME,,기타,,발표 시기 미상,,,번역서 1종 · 예: OUR HAPPY TIME,포함
KIM JIYOUNG URODZONA W 1982,,기타,,발표 시기 미상,,,번역서 1종 · 예: KIM JIYOUNG URODZONA W 1982,포함
寻找母亲,,기타,,발표 시기 미상,,,번역서 1종 · 예: 寻找母亲,포함
Waar is onze moeder?,,기타,,발표 시기 미상,,,번역서 1종 · 예: Waar is onze moeder?,포함
"WO ICH WOHNE, IST DER MOND GANZ NAH",,기타,,발표 시기 미상,,,"번역서 1종 · 예: WO ICH WOHNE, IST DER MOND GANZ NAH",포함
Lo que sabe la señorita Kim,,기타,,발표 시기 미상,,,번역서 1종 · 예: Lo que sabe la señorita Kim,포함
YEARS AND YEARS,,기타,,발표 시기 미상,,,번역서 1종 · 예: YEARS AND YEARS,포함
مادرم را به تو می‌سپارم,,기타,,발표 시기 미상,,,번역서 1종 · 예: مادرم را به تو می‌سپارم,포함
RINA,,기타,,발표 시기 미상,,,번역서 1종 · 예: RINA,포함
WAFERS,,기타,,발표 시기 미상,,,번역서 1종 · 예: WAFERS,포함
HERBA,,기타,,발표 시기 미상,,,번역서 1종 · 예: HERBA,포함
"Céu, vento, estrelas e poesia",,시,,발표 시기 미상,,,"번역서 1종 · 예: Céu, vento, estrelas e poesia",포함
Vigyázzatok Anyára,,기타,,발표 시기 미상,,,번역서 1종 · 예: Vigyázzatok Anyára,포함
"POR FAVOR, CUIDA DE MAMA",,기타,,발표 시기 미상,,,"번역서 1종 · 예: POR FAVOR, CUIDA DE MAMA",포함
THE CONSULTANT,,기타,,발표 시기 미상,,,번역서 1종 · 예: THE CONSULTANT,포함
KOPILE 2,,기타,,발표 시기 미상,,,번역서 1종 · 예: KOPILE 2,포함
STARSZA PANI Z NOZEM,,기타,,발표 시기 미상,,,번역서 1종 · 예: STARSZA PANI Z NOZEM,포함
แม่...หัวใจที่หายไป,,기타,,발표 시기 미상,,,번역서 1종 · 예: แม่...หัวใจที่หายไป,포함
The Age of Doubt,,기타,,발표 시기 미상,,,번역서 1종 · 예: The Age of Doubt,포함
地球盡頭的溫室,,기타,,발표 시기 미상,,,번역서 1종 · 예: 地球盡頭的溫室,포함
災難觀光團,,기타,,발표 시기 미상,,,번역서 1종 · 예: 災難觀光團,포함
李夕夜，不再沉默,,기타,,발표 시기 미상,,,번역서 1종 · 예: 李夕夜，不再沉默,포함
不要在今夜消失,,기타,,발표 시기 미상,,,번역서 1종 · 예: 不要在今夜消失,포함
生者的眼睛,,기타,,발표 시기 미상,,,번역서 1종 · 예: 生者的眼睛,포함
潛入謊言之海,,기타,,발표 시기 미상,,,번역서 1종 · 예: 潛入謊言之海,포함
私の最高の彼氏とその彼女,,기타,,발표 시기 미상,,,번역서 1종 · 예: 私の最高の彼氏とその彼女,포함
Chúc Bạn Một Ngày Ấm Áp,,기타,,발표 시기 미상,,,번역서 1종 · 예: Chúc Bạn Một Ngày Ấm Áp,포함
Dallergut 2,,기타,,발표 시기 미상,,,번역서 1종 · 예: Dallergut 2,포함
Dallergut,,기타,,발표 시기 미상,,,번역서 1종 · 예: Dallergut,포함
A Magical Girl Retires,,기타,,발표 시기 미상,,,번역서 1종 · 예: A Magical Girl Retires,포함
ロ・ギワンに会った,,기타,,발표 시기 미상,,,번역서 1종 · 예: ロ・ギワンに会った,포함
LE GRAND MAGASIN DES RÉVES,,기타,,발표 시기 미상,,,번역서 1종 · 예: LE GRAND MAGASIN DES RÉVES,포함
诗：原创剧本,,시,,발표 시기 미상,,,번역서 1종 · 예: 诗：原创剧本,포함
燒紙,,기타,,발표 시기 미상,,,번역서 1종 · 예: 燒紙,포함
現場鑑證,,기타,,발표 시기 미상,,,번역서 1종 · 예: 現場鑑證,포함
古山子,,기타,,발표 시기 미상,,,번역서 1종 · 예: 古山子,포함
平凡的餘暉,,기타,,발표 시기 미상,,,번역서 1종 · 예: 平凡的餘暉,포함
灰色人類,,기타,,발표 시기 미상,,,번역서 1종 · 예: 灰色人類,포함
从诗善开始,,시,,발표 시기 미상,,,번역서 1종 · 예: 从诗善开始,포함
失语者,,기타,,발표 시기 미상,,,번역서 1종 · 예: 失语者,포함
夜間旅行者,,기타,,발표 시기 미상,,,번역서 1종 · 예: 夜間旅行者,포함
この世界からは出ていくけれど,,기타,,발표 시기 미상,,,번역서 1종 · 예: この世界からは出ていくけれど,포함
HYUNAM-DONG KITABEVI,,기타,,발표 시기 미상,,,번역서 1종 · 예: HYUNAM-DONG KITABEVI,포함
不便利的便利店,,기타,,발표 시기 미상,,,번역서 1종 · 예: 不便利的便利店,포함
唾がたまる,,기타,,발표 시기 미상,,,번역서 1종 · 예: 唾がたまる,포함
鏡子,,기타,,발표 시기 미상,,,번역서 1종 · 예: 鏡子,포함
Fuente en llamas,,기타,,발표 시기 미상,,,번역서 1종 · 예: Fuente en llamas,포함
Большая книга корейских монстров,,기타,,발표 시기 미상,,,번역서 1종 · 예: Большая книга корейских монстров,포함
Migdală,,기타,,발표 시기 미상,,,번역서 1종 · 예: Migdală,포함
BARI,,기타,,발표 시기 미상,,,번역서 1종 · 예: BARI,포함
Geschichten sind das Kleid der Wahrheit,,기타,,발표 시기 미상,,,번역서 1종 · 예: Geschichten sind das Kleid der Wahrheit,포함
"ようこそ,ヒュナム洞書店へ",,기타,,발표 시기 미상,,,"번역서 1종 · 예: ようこそ,ヒュナム洞書店へ",포함
Ik zeg geen vaarwel,,기타,,발표 시기 미상,,,번역서 1종 · 예: Ik zeg geen vaarwel,포함
天女銭湯,,기타,,발표 시기 미상,,,번역서 1종 · 예: 天女銭湯,포함
天女かあさん,,기타,,발표 시기 미상,,,번역서 1종 · 예: 天女かあさん,포함
あめだま,,기타,,발표 시기 미상,,,번역서 1종 · 예: あめだま,포함
ぼくは犬や,,기타,,발표 시기 미상,,,번역서 1종 · 예: ぼくは犬や,포함
お月さんのシャーベット,,기타,,발표 시기 미상,,,번역서 1종 · 예: お月さんのシャーベット,포함
"Te rog, ai grijă de mama",,기타,,발표 시기 미상,,,"번역서 1종 · 예: Te rog, ai grijă de mama",포함
אהבה קוריאנית,,기타,,발표 시기 미상,,,번역서 1종 · 예: אהבה קוריאנית,포함
Your Utopia,,기타,,발표 시기 미상,,,번역서 1종 · 예: Your Utopia,포함
Vegetaristi,,기타,,발표 시기 미상,,,번역서 1종 · 예: Vegetaristi,포함
Le Livre de Jessie,,기타,,발표 시기 미상,,,번역서 1종 · 예: Le Livre de Jessie,포함
ลีซาน จอมบัลลังก์พลิกแผ่นดิน เล่ม 2,,기타,,발표 시기 미상,,,번역서 1종 · 예: ลีซาน จอมบัลลังก์พลิกแผ่นดิน เล่ม 2,포함
奥歯を噛みしめる,,기타,,발표 시기 미상,,,번역서 1종 · 예: 奥歯を噛みしめる,포함
LAPIN MAUDIT,,기타,,발표 시기 미상,,,번역서 1종 · 예: LAPIN MAUDIT,포함
Tanış şeylər,,기타,,발표 시기 미상,,,번역서 1종 · 예: Tanış şeylər,포함
小隆搬橡果,,기타,,발표 시기 미상,,,번역서 1종 · 예: 小隆搬橡果,포함
Jag tar inte farväl,,기타,,발표 시기 미상,,,번역서 1종 · 예: Jag tar inte farväl,포함
I'll Write Again Tomorrow,,기타,,발표 시기 미상,,,번역서 1종 · 예: I'll Write Again Tomorrow,포함
Fiołki,,기타,,발표 시기 미상,,,번역서 1종 · 예: Fiołki,포함
Prends soin de maman,,기타,,발표 시기 미상,,,번역서 1종 · 예: Prends soin de maman,포함
"KIM JIYOUNG, NÉE EN 1982",,기타,,발표 시기 미상,,,"번역서 1종 · 예: KIM JIYOUNG, NÉE EN 1982",포함
لطفاً مراقب مامان باشین,,기타,,발표 시기 미상,,,번역서 1종 · 예: لطفاً مراقب مامان باشین,포함
Love Songs Sung with the Body,,기타,,발표 시기 미상,,,번역서 1종 · 예: Love Songs Sung with the Body,포함
"快乐要分享, 分享更快乐",,기타,,발표 시기 미상,,,"번역서 1종 · 예: 快乐要分享, 分享更快乐",포함
"谢谢你, 我真幸福",,기타,,발표 시기 미상,,,"번역서 1종 · 예: 谢谢你, 我真幸福",포함
"这次没考好, 我会再努力",,기타,,발표 시기 미상,,,"번역서 1종 · 예: 这次没考好, 我会再努力",포함
有规则才够好,,기타,,발표 시기 미상,,,번역서 1종 · 예: 有规则才够好,포함
我是最棒的,,기타,,발표 시기 미상,,,번역서 1종 · 예: 我是最棒的,포함
"我爱你, 狗狗",,기타,,발표 시기 미상,,,"번역서 1종 · 예: 我爱你, 狗狗",포함
BEYOND THE STORY,,기타,,발표 시기 미상,,,번역서 1종 · 예: BEYOND THE STORY,포함
Anam Sənə Əmanət,,기타,,발표 시기 미상,,,번역서 1종 · 예: Anam Sənə Əmanət,포함
CONVIVIENCIA,,기타,,발표 시기 미상,,,번역서 1종 · 예: CONVIVIENCIA,포함
HORS LES MURS,,기타,,발표 시기 미상,,,번역서 1종 · 예: HORS LES MURS,포함
好习惯让我变超人,,기타,,발표 시기 미상,,,번역서 1종 · 예: 好习惯让我变超人,포함
"管好自己, 我能行",,기타,,발표 시기 미상,,,"번역서 1종 · 예: 管好自己, 我能行",포함
Älä jätä hyvästejä,,기타,,발표 시기 미상,,,번역서 1종 · 예: Älä jätä hyvästejä,포함
Věž srdcí,,기타,,발표 시기 미상,,,번역서 1종 · 예: Věž srdcí,포함
سلام تحت ظلال الجنة,,기타,,발표 시기 미상,,,번역서 1종 · 예: سلام تحت ظلال الجنة,포함
Non-matter,,기타,,발표 시기 미상,,,번역서 1종 · 예: Non-matter,포함
Cennetten Kaçan Çocuk,,기타,,발표 시기 미상,,,번역서 1종 · 예: Cennetten Kaçan Çocuk,포함
韩国经典短篇小说选,,단편소설,,발표 시기 미상,,,번역서 1종 · 예: 韩国经典短篇小说选,포함
โคบงพัล จอมคนกำมะลอ 4,,기타,,발표 시기 미상,,,번역서 1종 · 예: โคบงพัล จอมคนกำมะลอ 4,포함
โคบงพัล จอมคนกำมะลอ 3,,기타,,발표 시기 미상,,,번역서 1종 · 예: โคบงพัล จอมคนกำมะลอ 3,포함
โคบงพัล จอมคนกำมะลอ 2,,기타,,발표 시기 미상,,,번역서 1종 · 예: โคบงพัล จอมคนกำมะลอ 2,포함
CASTELLA,,기타,,발표 시기 미상,,,번역서 1종 · 예: CASTELLA,포함
پاچینکو,,기타,,발표 시기 미상,,,번역서 1종 · 예: پاچینکو,포함
สิ่งต่าง ๆ เคยสำคัญในช่วงเวลาหนึ่ง,,기타,,발표 시기 미상,,,번역서 1종 · 예: สิ่งต่าง ๆ เคยสำคัญในช่วงเวลาหนึ่ง,포함
หลับฝันดีนะแม่จ๋า,,기타,,발표 시기 미상,,,번역서 1종 · 예: หลับฝันดีนะแม่จ๋า,포함
อยากเป็นคนดีแค่สำหรับเธอ,,기타,,발표 시기 미상,,,번역서 1종 · 예: อยากเป็นคนดีแค่สำหรับเธอ,포함
โคบงพัล จอมคนกำมะลอ 1,,기타,,발표 시기 미상,,,번역서 1종 · 예: โคบงพัล จอมคนกำมะลอ 1,포함
ถึงเปลี่ยนร้อยหน้าก็จะตามฆ่าแกให้ได้,,기타,,발표 시기 미상,,,번역서 1종 · 예: ถึงเปลี่ยนร้อยหน้าก็จะตามฆ่าแกให้ได้,포함
เปียโนของเขา ท่วงทำนองของเธอ,,기타,,발표 시기 미상,,,번역서 1종 · 예: เปียโนของเขา ท่วงทำนองของเธอ,포함
ความลับในบ้านไลแลค,,기타,,발표 시기 미상,,,번역서 1종 · 예: ความลับในบ้านไลแลค,포함
ผมไม่ได้ตั้งใจตายในหมู่บ้านไร้อาชญากรรม,,기타,,발표 시기 미상,,,번역서 1종 · 예: ผมไม่ได้ตั้งใจตายในหมู่บ้านไร้อาชญากรรม,포함
บางความรู้สึกอาจคงอยู่ตลอดไป หรือไม่ก็สูญหายในพริบตา,,기타,,발표 시기 미상,,,번역서 1종 · 예: บางความรู้สึกอาจคงอยู่ตลอดไป หรือไม่ก็สูญหายในพริบตา,포함
A vexetariana,,기타,,발표 시기 미상,,,번역서 1종 · 예: A vexetariana,포함
Дорога в тысячу ли,,기타,,발표 시기 미상,,,번역서 1종 · 예: Дорога в тысячу ли,포함
You Have Reached the End of the Future,,기타,,발표 시기 미상,,,번역서 1종 · 예: You Have Reached the End of the Future,포함
木々、坂に立つ,,기타,,발표 시기 미상,,,번역서 1종 · 예: 木々、坂に立つ,포함
معركة شرسة بين تِنِّين وآخر وتليها قرية في الوادي الجبلي,,기타,,발표 시기 미상,,,번역서 1종 · 예: معركة شرسة بين تِنِّين وآخر وتليها قرية في الوادي الجبلي,포함
Le Placard,,기타,,발표 시기 미상,,,번역서 1종 · 예: Le Placard,포함
Susret u Dubrovniku,,기타,,발표 시기 미상,,,번역서 1종 · 예: Susret u Dubrovniku,포함
Hvid,,기타,,발표 시기 미상,,,번역서 1종 · 예: Hvid,포함
モノから学びます,,기타,,발표 시기 미상,,,번역서 1종 · 예: モノから学びます,포함
Медсестра-заклинательница,,기타,,발표 시기 미상,,,번역서 1종 · 예: Медсестра-заклинательница,포함
Happy First เริ่มต้นที่ความสุข,,기타,,발표 시기 미상,,,번역서 1종 · 예: Happy First เริ่มต้นที่ความสุข,포함
Biała elegia,,기타,,발표 시기 미상,,,번역서 1종 · 예: Biała elegia,포함
SETE ANOS DE ESCURIDÃO,,기타,,발표 시기 미상,,,번역서 1종 · 예: SETE ANOS DE ESCURIDÃO,포함
Przemilczana noc i dzień,,기타,,발표 시기 미상,,,번역서 1종 · 예: Przemilczana noc i dzień,포함
ถ้าเป็นเธอจะต้องผ่านมันไปได้แน่นอน,,기타,,발표 시기 미상,,,번역서 1종 · 예: ถ้าเป็นเธอจะต้องผ่านมันไปได้แน่นอน,포함
จอมยุทธ์กำมะลอ 5 (โคบงพัล จอมคนกำมะลอ ภาค 2),,기타,,발표 시기 미상,,,번역서 1종 · 예: จอมยุทธ์กำมะลอ 5 (โคบงพัล จอมคนกำมะลอ ภาค 2),포함
จอมยุทธ์กำมะลอ 4 (โคบงพัล จอมคนกำมะลอ ภาค 2),,기타,,발표 시기 미상,,,번역서 1종 · 예: จอมยุทธ์กำมะลอ 4 (โคบงพัล จอมคนกำมะลอ ภาค 2),포함
จอมยุทธ์กำมะลอ 3 (โคบงพัล จอมคนกำมะลอ ภาค 2),,기타,,발표 시기 미상,,,번역서 1종 · 예: จอมยุทธ์กำมะลอ 3 (โคบงพัล จอมคนกำมะลอ ภาค 2),포함
君という生活,,기타,,발표 시기 미상,,,번역서 1종 · 예: 君という生活,포함
澗松・全鎣弼物語,,기타,,발표 시기 미상,,,번역서 1종 · 예: 澗松・全鎣弼物語,포함
美男堂事件手冊,,기타,,발표 시기 미상,,,번역서 1종 · 예: 美男堂事件手冊,포함
Artist,,기타,,발표 시기 미상,,,번역서 1종 · 예: Artist,포함
จอมยุทธ์กำมะลอ 2 (โคบงพัล จอมคนกำมะลอ ภาค 2),,기타,,발표 시기 미상,,,번역서 1종 · 예: จอมยุทธ์กำมะลอ 2 (โคบงพัล จอมคนกำมะลอ ภาค 2),포함
จอมยุทธ์กำมะลอ 1 (โคบงพัล จอมคนกำมะลอ ภาค 2),,기타,,발표 시기 미상,,,번역서 1종 · 예: จอมยุทธ์กำมะลอ 1 (โคบงพัล จอมคนกำมะลอ ภาค 2),포함
โคบงพัล จอมคนกำมะลอ 5,,기타,,발표 시기 미상,,,번역서 1종 · 예: โคบงพัล จอมคนกำมะลอ 5,포함
Lemon,,기타,,발표 시기 미상,,,번역서 1종 · 예: Lemon,포함
ก็แค่ปล่อยมันไป,,기타,,발표 시기 미상,,,번역서 1종 · 예: ก็แค่ปล่อยมันไป,포함
เพราะเธอคือเธอ,,기타,,발표 시기 미상,,,번역서 1종 · 예: เพราะเธอคือเธอ,포함
像看花一樣看著你,,기타,,발표 시기 미상,,,번역서 1종 · 예: 像看花一樣看著你,포함
劉願,,기타,,발표 시기 미상,,,번역서 1종 · 예: 劉願,포함
ひこうき雲,,기타,,발표 시기 미상,,,번역서 1종 · 예: ひこうき雲,포함
地球でハナだけ,,기타,,발표 시기 미상,,,번역서 1종 · 예: 地球でハナだけ,포함
Tôi muốn về nhà dù cho đang ở nhà,,기타,,발표 시기 미상,,,번역서 1종 · 예: Tôi muốn về nhà dù cho đang ở nhà,포함
รสชาติของผลไม้ที่ยังไม่สุกงอม,,기타,,발표 시기 미상,,,번역서 1종 · 예: รสชาติของผลไม้ที่ยังไม่สุกงอม,포함
ชื่อของเธอคือ...,,기타,,발표 시기 미상,,,번역서 1종 · 예: ชื่อของเธอคือ...,포함
愛上名為「自己」的風景,,기타,,발표 시기 미상,,,번역서 1종 · 예: 愛上名為「自己」的風景,포함
長壽湯仙女,,기타,,발표 시기 미상,,,번역서 1종 · 예: 長壽湯仙女,포함
Em Thấy Chúng Ta Trong Một Mùa Hè,,기타,,발표 시기 미상,,,번역서 1종 · 예: Em Thấy Chúng Ta Trong Một Mùa Hè,포함
Pačinko,,기타,,발표 시기 미상,,,번역서 1종 · 예: Pačinko,포함
رحلة موجين وتليها السكير,,기타,,발표 시기 미상,,,번역서 1종 · 예: رحلة موجين وتليها السكير,포함
魔法糖果,,기타,,발표 시기 미상,,,번역서 1종 · 예: 魔法糖果,포함
Pasukan Buzzer,,기타,,발표 시기 미상,,,번역서 1종 · 예: Pasukan Buzzer,포함
שקד,,기타,,발표 시기 미상,,,번역서 1종 · 예: שקד,포함
B舎監とラブレター(韓国文学の源流 短編選1),,기타,,발표 시기 미상,,,번역서 1종 · 예: B舎監とラブレター(韓国文学の源流 短編選1),포함
大丈夫な人,,기타,,발표 시기 미상,,,번역서 1종 · 예: 大丈夫な人,포함
小叽的妈妈,,기타,,발표 시기 미상,,,번역서 1종 · 예: 小叽的妈妈,포함
您已登入N號房,,기타,,발표 시기 미상,,,번역서 1종 · 예: 您已登入N號房,포함
其實，我是個內向的人,,기타,,발표 시기 미상,,,번역서 1종 · 예: 其實，我是個內向的人,포함
时间亡命者,,기타,,발표 시기 미상,,,번역서 1종 · 예: 时间亡命者,포함
父母面试,,기타,,발표 시기 미상,,,번역서 1종 · 예: 父母面试,포함
Bánh xốp,,기타,,발표 시기 미상,,,번역서 1종 · 예: Bánh xốp,포함
Cá trong chuông,,기타,,발표 시기 미상,,,번역서 1종 · 예: Cá trong chuông,포함
HISTORI NGA KOREA,,기타,,발표 시기 미상,,,번역서 1종 · 예: HISTORI NGA KOREA,포함
Storie dalla Corea,,기타,,발표 시기 미상,,,번역서 1종 · 예: Storie dalla Corea,포함
一切都是因为你,,기타,,발표 시기 미상,,,번역서 1종 · 예: 一切都是因为你,포함
内向不好吗,,기타,,발표 시기 미상,,,번역서 1종 · 예: 内向不好吗,포함
เธอมีค่าในแบบที่เป็น,,기타,,발표 시기 미상,,,번역서 1종 · 예: เธอมีค่าในแบบที่เป็น,포함
柏青哥,,기타,,발표 시기 미상,,,번역서 1종 · 예: 柏青哥,포함
วันนี้คือวันที่เยาว์วัยที่สุดในชีวิต,,기타,,발표 시기 미상,,,번역서 1종 · 예: วันนี้คือวันที่เยาว์วัยที่สุดในชีวิต,포함
言葉の温度,,기타,,발표 시기 미상,,,번역서 1종 · 예: 言葉の温度,포함
อยู่ที่ว่าเราจะมองมันแบบไหน,,기타,,발표 시기 미상,,,번역서 1종 · 예: อยู่ที่ว่าเราจะมองมันแบบไหน,포함
如果我們無法以光速前進,,기타,,발표 시기 미상,,,번역서 1종 · 예: 如果我們無法以光速前進,포함
เรายังไม่เจอกัน แต่รู้ว่าเธอรออยู่ตรงนั้น ณ จุดตัดของจักรวาล,,기타,,발표 시기 미상,,,번역서 1종 · 예: เรายังไม่เจอกัน แต่รู้ว่าเธอรออยู่ตรงนั้น ณ จุดตัดของจักรวาล,포함
มันไม่ง่ายขึ้นหรอก แต่เธอจะเก่งขึ้น,,기타,,발표 시기 미상,,,번역서 1종 · 예: มันไม่ง่ายขึ้นหรอก แต่เธอจะเก่งขึ้น,포함
จดหมายถึงฉันในวันจบการศึกษา,,기타,,발표 시기 미상,,,번역서 1종 · 예: จดหมายถึงฉันในวันจบการศึกษา,포함
Пачинко,,기타,,발표 시기 미상,,,번역서 1종 · 예: Пачинко,포함
แมลง,,기타,,발표 시기 미상,,,번역서 1종 · 예: แมลง,포함
หากคุณตกหลุมรักทกโกซม,,기타,,발표 시기 미상,,,번역서 1종 · 예: หากคุณตกหลุมรักทกโกซม,포함
ที่จริงแล้ว ฉันเป็นคนเก็บตัวนะ,,기타,,발표 시기 미상,,,번역서 1종 · 예: ที่จริงแล้ว ฉันเป็นคนเก็บตัวนะ,포함
เมื่อท้องฟ้าแจ่มใส ฉันจะออกไปพบเธอ,,기타,,발표 시기 미상,,,번역서 1종 · 예: เมื่อท้องฟ้าแจ่มใส ฉันจะออกไปพบเธอ,포함
หลุมลับ,,기타,,발표 시기 미상,,,번역서 1종 · 예: หลุมลับ,포함
Il cuore dell’amore e del rispetto,,기타,,발표 시기 미상,,,번역서 1종 · 예: Il cuore dell’amore e del rispetto,포함
"闭嘴, 我只想做自己",,기타,,발표 시기 미상,,,"번역서 1종 · 예: 闭嘴, 我只想做自己",포함
Drei Frauen und der Traum vom Paradies Drei Frauen und der Traum vom Paradies,,기타,,발표 시기 미상,,,번역서 1종 · 예: Drei Frauen und der Traum vom Paradies Drei Frauen und der Traum vom Paradies,포함
Semilla,,기타,,발표 시기 미상,,,번역서 1종 · 예: Semilla,포함
誰もが別れる一日,,기타,,발표 시기 미상,,,번역서 1종 · 예: 誰もが別れる一日,포함
0％に向かって,,기타,,발표 시기 미상,,,번역서 1종 · 예: 0％に向かって,포함
他人の家,,기타,,발표 시기 미상,,,번역서 1종 · 예: 他人の家,포함
Dokuz,,기타,,발표 시기 미상,,,번역서 1종 · 예: Dokuz,포함
Ｊ・Ｊ・Ｊ三姉弟の世にも平凡な超能力,,기타,,발표 시기 미상,,,번역서 1종 · 예: Ｊ・Ｊ・Ｊ三姉弟の世にも平凡な超能力,포함
Die Flügel,,기타,,발표 시기 미상,,,번역서 1종 · 예: Die Flügel,포함
Das Chinesenviertel,,기타,,발표 시기 미상,,,번역서 1종 · 예: Das Chinesenviertel,포함
The Three Way Tavern,,기타,,발표 시기 미상,,,번역서 1종 · 예: The Three Way Tavern,포함
La terre qui erre,,기타,,발표 시기 미상,,,번역서 1종 · 예: La terre qui erre,포함
L’albero nudo,,기타,,발표 시기 미상,,,번역서 1종 · 예: L’albero nudo,포함
#発言する女性として生きるということ,,기타,,발표 시기 미상,,,번역서 1종 · 예: #発言する女性として生きるということ,포함
未来散歩練習,,기타,,발표 시기 미상,,,번역서 1종 · 예: 未来散歩練習,포함
La petite échoppe des jours heureux,,기타,,발표 시기 미상,,,번역서 1종 · 예: La petite échoppe des jours heureux,포함
White Village,,기타,,발표 시기 미상,,,번역서 1종 · 예: White Village,포함
越線的韓國人，劃線的日本人,,기타,,발표 시기 미상,,,번역서 1종 · 예: 越線的韓國人，劃線的日本人,포함
"PASE LO QUE PASE, TODO VA A ESTAR BIEN",,기타,,발표 시기 미상,,,"번역서 1종 · 예: PASE LO QUE PASE, TODO VA A ESTAR BIEN",포함
地球尽头的温室,,기타,,발표 시기 미상,,,번역서 1종 · 예: 地球尽头的温室,포함
Nine Peaks,,기타,,발표 시기 미상,,,번역서 1종 · 예: Nine Peaks,포함
A Boat Ready to Set Sail,,기타,,발표 시기 미상,,,번역서 1종 · 예: A Boat Ready to Set Sail,포함
远海,,기타,,발표 시기 미상,,,번역서 1종 · 예: 远海,포함
La clase de griego,,기타,,발표 시기 미상,,,번역서 1종 · 예: La clase de griego,포함
La classe de grec,,기타,,발표 시기 미상,,,번역서 1종 · 예: La classe de grec,포함
Friedensmorgen,,기타,,발표 시기 미상,,,번역서 1종 · 예: Friedensmorgen,포함
Die Messer,,기타,,발표 시기 미상,,,번역서 1종 · 예: Die Messer,포함
ΤΟ ΧΡΟΝΙΚΟ ΤΟΥ ΚΥΡΙΟΥ ΧΑΝ,,기타,,발표 시기 미상,,,번역서 1종 · 예: ΤΟ ΧΡΟΝΙΚΟ ΤΟΥ ΚΥΡΙΟΥ ΧΑΝ,포함
永不告別,,기타,,발표 시기 미상,,,번역서 1종 · 예: 永不告別,포함
キムチ百科 韓國傳統のキムチ100,,기타,,발표 시기 미상,,,번역서 1종 · 예: キムチ百科 韓國傳統のキムチ100,포함
世界の神話,,기타,,발표 시기 미상,,,번역서 1종 · 예: 世界の神話,포함
我的出走日記3,,기타,,발표 시기 미상,,,번역서 1종 · 예: 我的出走日記3,포함
我的出走日記2,,기타,,발표 시기 미상,,,번역서 1종 · 예: 我的出走日記2,포함
我的出走日記1,,기타,,발표 시기 미상,,,번역서 1종 · 예: 我的出走日記1,포함
Zamanı Aşıp Sana Geleceğim,,기타,,발표 시기 미상,,,번역서 1종 · 예: Zamanı Aşıp Sana Geleceğim,포함
veda,,기타,,발표 시기 미상,,,번역서 1종 · 예: veda,포함
The Cheapest France In Town,,기타,,발표 시기 미상,,,번역서 1종 · 예: The Cheapest France In Town,포함
ROMPECABEZAS,,기타,,발표 시기 미상,,,번역서 1종 · 예: ROMPECABEZAS,포함
Der lange Weg zum Leben,,기타,,발표 시기 미상,,,번역서 1종 · 예: Der lange Weg zum Leben,포함
Biologicity,,기타,,발표 시기 미상,,,번역서 1종 · 예: Biologicity,포함
Patates ve Diger Öyküler,,기타,,발표 시기 미상,,,번역서 1종 · 예: Patates ve Diger Öyküler,포함
Một Tuần,,기타,,발표 시기 미상,,,번역서 1종 · 예: Một Tuần,포함
มุมมองนักอ่านพระเจ้า เล่ม 4,,기타,,발표 시기 미상,,,번역서 1종 · 예: มุมมองนักอ่านพระเจ้า เล่ม 4,포함
Eine Bumerangfamilie,,기타,,발표 시기 미상,,,번역서 1종 · 예: Eine Bumerangfamilie,포함
Czekanie,,기타,,발표 시기 미상,,,번역서 1종 · 예: Czekanie,포함
มุมมองนักอ่านพระเจ้า เล่ม 3,,기타,,발표 시기 미상,,,번역서 1종 · 예: มุมมองนักอ่านพระเจ้า เล่ม 3,포함
มุมมองนักอ่านพระเจ้า เล่ม 2,,기타,,발표 시기 미상,,,번역서 1종 · 예: มุมมองนักอ่านพระเจ้า เล่ม 2,포함
มุมมองนักอ่านพระเจ้า เล่ม 1,,기타,,발표 시기 미상,,,번역서 1종 · 예: มุมมองนักอ่านพระเจ้า เล่ม 1,포함
ママにはならないことにしました,,기타,,발표 시기 미상,,,번역서 1종 · 예: ママにはならないことにしました,포함
Сказки народов Азии,,기타,,발표 시기 미상,,,번역서 1종 · 예: Сказки народов Азии,포함
I Decided to Live as Me,,기타,,발표 시기 미상,,,번역서 1종 · 예: I Decided to Live as Me,포함
Hana,,기타,,발표 시기 미상,,,번역서 1종 · 예: Hana,포함
Almendra,,기타,,발표 시기 미상,,,번역서 1종 · 예: Almendra,포함
Intraitable – tome 1,,기타,,발표 시기 미상,,,번역서 1종 · 예: Intraitable – tome 1,포함
Büyülü Firin,,기타,,발표 시기 미상,,,번역서 1종 · 예: Büyülü Firin,포함
Bit ću ondje,,기타,,발표 시기 미상,,,번역서 1종 · 예: Bit ću ondje,포함
Santi buddhisti della Corea antica,,기타,,발표 시기 미상,,,번역서 1종 · 예: Santi buddhisti della Corea antica,포함
Naše sretno vrijeme,,기타,,발표 시기 미상,,,번역서 1종 · 예: Naše sretno vrijeme,포함
Ombra,,기타,,발표 시기 미상,,,번역서 1종 · 예: Ombra,포함
La nuit du hibou,,기타,,발표 시기 미상,,,번역서 1종 · 예: La nuit du hibou,포함
Shadow,,기타,,발표 시기 미상,,,번역서 1종 · 예: Shadow,포함
แหงนมองพระจันทร์แล้วรู้สึกเหมือนกันหรือเปล่า,,기타,,발표 시기 미상,,,번역서 1종 · 예: แหงนมองพระจันทร์แล้วรู้สึกเหมือนกันหรือเปล่า,포함
เพราะเป็นวัยรุ่นจึงเจ็บปวด,,기타,,발표 시기 미상,,,번역서 1종 · 예: เพราะเป็นวัยรุ่นจึงเจ็บปวด,포함
ในโลกนี้มีคนแบบเราได้แค่คนเดียวเท่านั้น,,기타,,발표 시기 미상,,,번역서 1종 · 예: ในโลกนี้มีคนแบบเราได้แค่คนเดียวเท่านั้น,포함
我們想去的地方,,기타,,발표 시기 미상,,,번역서 1종 · 예: 我們想去的地方,포함
کتاب سپید,,기타,,발표 시기 미상,,,번역서 1종 · 예: کتاب سپید,포함
一文字の辞典,,기타,,발표 시기 미상,,,번역서 1종 · 예: 一文字の辞典,포함
私のおばあちゃんへ,,기타,,발표 시기 미상,,,번역서 1종 · 예: 私のおばあちゃんへ,포함
かけがえのない心,,기타,,발표 시기 미상,,,번역서 1종 · 예: かけがえのない心,포함
Den vita boken,,기타,,발표 시기 미상,,,번역서 1종 · 예: Den vita boken,포함
Hvit,,기타,,발표 시기 미상,,,번역서 1종 · 예: Hvit,포함
三十の反撃,,기타,,발표 시기 미상,,,번역서 1종 · 예: 三十の反撃,포함
光州へ行く道,,기타,,발표 시기 미상,,,번역서 1종 · 예: 光州へ行く道,포함
Paper,,기타,,발표 시기 미상,,,번역서 1종 · 예: Paper,포함
常磐の木,,기타,,발표 시기 미상,,,번역서 1종 · 예: 常磐の木,포함
Almond,,기타,,발표 시기 미상,,,번역서 1종 · 예: Almond,포함
Ein fliegender Vogel blickt nie zurück,,기타,,발표 시기 미상,,,번역서 1종 · 예: Ein fliegender Vogel blickt nie zurück,포함
生きるということ,,기타,,발표 시기 미상,,,번역서 1종 · 예: 生きるということ,포함
Безопасный для меня человек,,기타,,발표 시기 미상,,,번역서 1종 · 예: Безопасный для меня человек,포함
К солнцу за горизонт,,기타,,발표 시기 미상,,,번역서 1종 · 예: К солнцу за горизонт,포함
123123,,기타,,발표 시기 미상,,,번역서 1종 · 예: 123123,포함
번역서 등록 테스트2 9/5,,기타,,발표 시기 미상,,,번역서 1종 · 예: 번역서 등록 테스트2 9/5,포함
번역서 등록 테스트 9/5,,기타,,발표 시기 미상,,,번역서 1종 · 예: 번역서 등록 테스트 9/5,포함
ㅂㅈㄷ,,기타,,발표 시기 미상,,,번역서 1종 · 예: ㅂㅈㄷ,포함
번역서 등록 테스트2 9/1,,기타,,발표 시기 미상,,,번역서 1종 · 예: 번역서 등록 테스트2 9/1,포함
번역서 등록 테스트 9/1,,기타,,발표 시기 미상,,,번역서 1종 · 예: 번역서 등록 테스트 9/1,포함
Concerning My Daughter,,기타,,발표 시기 미상,,,번역서 1종 · 예: Concerning My Daughter,포함
ハナコはいない,,기타,,발표 시기 미상,,,번역서 1종 · 예: ハナコはいない,포함
ある夜,,기타,,발표 시기 미상,,,번역서 1종 · 예: ある夜,포함
Hønen der drømte hun kunne flyve,,기타,,발표 시기 미상,,,번역서 1종 · 예: Hønen der drømte hun kunne flyve,포함
اعمال انسانی,,기타,,발표 시기 미상,,,번역서 1종 · 예: اعمال انسانی,포함
De vegetariër,,기타,,발표 시기 미상,,,번역서 1종 · 예: De vegetariër,포함
Wit,,기타,,발표 시기 미상,,,번역서 1종 · 예: Wit,포함
Der Glückstag,,기타,,발표 시기 미상,,,번역서 1종 · 예: Der Glückstag,포함
Samryong der Taubstumme,,기타,,발표 시기 미상,,,번역서 1종 · 예: Samryong der Taubstumme,포함
"Frühling, Frühling",,기타,,발표 시기 미상,,,"번역서 1종 · 예: Frühling, Frühling",포함
کتاب سفید,,기타,,발표 시기 미상,,,번역서 1종 · 예: کتاب سفید,포함
À propos de ma fille,,기타,,발표 시기 미상,,,번역서 1종 · 예: À propos de ma fille,포함
"Setze keinen Punkt an die Stelle, an die Gott ein Komma gesetzt hat",,기타,,발표 시기 미상,,,"번역서 1종 · 예: Setze keinen Punkt an die Stelle, an die Gott ein Komma gesetzt hat",포함
Les Touristes du désastre,,기타,,발표 시기 미상,,,번역서 1종 · 예: Les Touristes du désastre,포함
PACHINKO,,기타,,발표 시기 미상,,,번역서 1종 · 예: PACHINKO,포함
把晚餐放进抽屉,,기타,,발표 시기 미상,,,번역서 1종 · 예: 把晚餐放进抽屉,포함
Dd's Umbrella,,기타,,발표 시기 미상,,,번역서 1종 · 예: Dd's Umbrella,포함
The Angel's Lament,,기타,,발표 시기 미상,,,번역서 1종 · 예: The Angel's Lament,포함
父の革命日誌,,기타,,발표 시기 미상,,,번역서 1종 · 예: 父の革命日誌,포함
The Guest,,기타,,발표 시기 미상,,,번역서 1종 · 예: The Guest,포함
150 Sijo-Gedichte,,시,,발표 시기 미상,,,번역서 1종 · 예: 150 Sijo-Gedichte,포함
TAM QUỐC DI SỰ,,기타,,발표 시기 미상,,,번역서 1종 · 예: TAM QUỐC DI SỰ,포함
Temporalmente humanos,,기타,,발표 시기 미상,,,번역서 1종 · 예: Temporalmente humanos,포함
赤い豚たち,,기타,,발표 시기 미상,,,번역서 1종 · 예: 赤い豚たち,포함
And So Flows History,,기타,,발표 시기 미상,,,번역서 1종 · 예: And So Flows History,포함
ENTRE LA VIDA Y LA MUERTE,,기타,,발표 시기 미상,,,번역서 1종 · 예: ENTRE LA VIDA Y LA MUERTE,포함
"День, когда я исчезла",,기타,,발표 시기 미상,,,"번역서 1종 · 예: День, когда я исчезла",포함
孤独，所以才是人,,기타,,발표 시기 미상,,,번역서 1종 · 예: 孤独，所以才是人,포함
Шунча шингани ким еган?,,기타,,발표 시기 미상,,,번역서 1종 · 예: Шунча шингани ким еган?,포함
Grotesque weather and good people,,기타,,발표 시기 미상,,,번역서 1종 · 예: Grotesque weather and good people,포함
Унадаг дугуйны хулгайч,,기타,,발표 시기 미상,,,번역서 1종 · 예: Унадаг дугуйны хулгайч,포함
En fe på badhuset,,기타,,발표 시기 미상,,,번역서 1종 · 예: En fe på badhuset,포함
Хороший сын,,기타,,발표 시기 미상,,,번역서 1종 · 예: Хороший сын,포함
El suicidio del muñeco de nieve,,기타,,발표 시기 미상,,,번역서 1종 · 예: El suicidio del muñeco de nieve,포함
A Grande Loja De Sonhos,,기타,,발표 시기 미상,,,번역서 1종 · 예: A Grande Loja De Sonhos,포함
Nabi T'aryŏng and Other Stories,,단편소설,,발표 시기 미상,,,번역서 1종 · 예: Nabi T'aryŏng and Other Stories,포함
Blood and Bones 2,,기타,,발표 시기 미상,,,번역서 1종 · 예: Blood and Bones 2,포함
Synchronicity,,기타,,발표 시기 미상,,,번역서 1종 · 예: Synchronicity,포함
L'EMPIRE DES LUMIERES,,기타,,발표 시기 미상,,,번역서 1종 · 예: L'EMPIRE DES LUMIERES,포함
Blood and Bones 1,,기타,,발표 시기 미상,,,번역서 1종 · 예: Blood and Bones 1,포함
The Trial of Pak Tal and Other Stories,,단편소설,,발표 시기 미상,,,번역서 1종 · 예: The Trial of Pak Tal and Other Stories,포함
LA VACA,,기타,,발표 시기 미상,,,번역서 1종 · 예: LA VACA,포함
Farewell valley,,기타,,발표 시기 미상,,,번역서 1종 · 예: Farewell valley,포함
Čekanje,,기타,,발표 시기 미상,,,번역서 1종 · 예: Čekanje,포함
Senza cuore,,기타,,발표 시기 미상,,,번역서 1종 · 예: Senza cuore,포함
Ein menschlicher Fehler,,기타,,발표 시기 미상,,,번역서 1종 · 예: Ein menschlicher Fehler,포함
Knappt krig,,기타,,발표 시기 미상,,,번역서 1종 · 예: Knappt krig,포함
Das Tagebuch im Waschsalon der lächelnden Träume,,기타,,발표 시기 미상,,,번역서 1종 · 예: Das Tagebuch im Waschsalon der lächelnden Träume,포함
Magiska godiskulor,,기타,,발표 시기 미상,,,번역서 1종 · 예: Magiska godiskulor,포함
Voyage à Cantant,,기타,,발표 시기 미상,,,번역서 1종 · 예: Voyage à Cantant,포함
Любезният към всички Канг Минхо,,기타,,발표 시기 미상,,,번역서 1종 · 예: Любезният към всички Канг Минхо,포함
"因为痛,所以叫青春:写给独自站在人生路口的你",,기타,,발표 시기 미상,,,"번역서 1종 · 예: 因为痛,所以叫青春:写给独自站在人生路口的你",포함
蟋蟀来电话了,,기타,,발표 시기 미상,,,번역서 1종 · 예: 蟋蟀来电话了,포함
Tigres à la queue leu leu,,기타,,발표 시기 미상,,,번역서 1종 · 예: Tigres à la queue leu leu,포함
Histeria,,기타,,발표 시기 미상,,,번역서 1종 · 예: Histeria,포함
I'll Give You All My Promenade,,기타,,발표 시기 미상,,,번역서 1종 · 예: I'll Give You All My Promenade,포함
Hayırlı Evlat,,기타,,발표 시기 미상,,,번역서 1종 · 예: Hayırlı Evlat,포함
破果,,기타,,발표 시기 미상,,,번역서 1종 · 예: 破果,포함
"Река, где восходит луна Юная принцесса",,기타,,발표 시기 미상,,,"번역서 1종 · 예: Река, где восходит луна Юная принцесса",포함
آسمان و باد و ستاره و شعر,,기타,,발표 시기 미상,,,번역서 1종 · 예: آسمان و باد و ستاره و شعر,포함
权力与人,,기타,,발표 시기 미상,,,번역서 1종 · 예: 权力与人,포함
Sobre mi hija,,기타,,발표 시기 미상,,,번역서 1종 · 예: Sobre mi hija,포함
The disaster tourist,,기타,,발표 시기 미상,,,번역서 1종 · 예: The disaster tourist,포함
La Gran Tienda De Los Sueños 2,,기타,,발표 시기 미상,,,번역서 1종 · 예: La Gran Tienda De Los Sueños 2,포함
有真和有真,,기타,,발표 시기 미상,,,번역서 1종 · 예: 有真和有真,포함
THẨM THANH TRUYỆN VÀ XUÂN HƯƠNG TRUYỆN,,기타,,발표 시기 미상,,,번역서 1종 · 예: THẨM THANH TRUYỆN VÀ XUÂN HƯƠNG TRUYỆN,포함
C’est l’heure où le monde s’agrandit,,기타,,발표 시기 미상,,,번역서 1종 · 예: C’est l’heure où le monde s’agrandit,포함
El Hombre Del Desván,,기타,,발표 시기 미상,,,번역서 1종 · 예: El Hombre Del Desván,포함
Death of a Crow,,기타,,발표 시기 미상,,,번역서 1종 · 예: Death of a Crow,포함
REVUE BREVES n.105,,기타,,발표 시기 미상,,,번역서 1종 · 예: REVUE BREVES n.105,포함
Gesang der Wasserspinnen,,기타,,발표 시기 미상,,,번역서 1종 · 예: Gesang der Wasserspinnen,포함
A Árvore Despida,,기타,,발표 시기 미상,,,번역서 1종 · 예: A Árvore Despida,포함
Herba,,기타,,발표 시기 미상,,,번역서 1종 · 예: Herba,포함
Por fin ha comenzado el fin,,기타,,발표 시기 미상,,,번역서 1종 · 예: Por fin ha comenzado el fin,포함
Counting the Stars at Night,,기타,,발표 시기 미상,,,번역서 1종 · 예: Counting the Stars at Night,포함
小さな星だけど輝いている,,기타,,발표 시기 미상,,,번역서 1종 · 예: 小さな星だけど輝いている,포함
話すことを話す,,기타,,발표 시기 미상,,,번역서 1종 · 예: 話すことを話す,포함
Le monde selon Sisun,,기타,,발표 시기 미상,,,번역서 1종 · 예: Le monde selon Sisun,포함
"Kim Jiyoung, født 1982",,기타,,발표 시기 미상,,,"번역서 1종 · 예: Kim Jiyoung, født 1982",포함
Петербургское востоковедение вып.5,,기타,,발표 시기 미상,,,번역서 1종 · 예: Петербургское востоковедение вып.5,포함
仕事の喜びと哀しみ,,기타,,발표 시기 미상,,,번역서 1종 · 예: 仕事の喜びと哀しみ,포함
天使たちの都市,,기타,,발표 시기 미상,,,번역서 1종 · 예: 天使たちの都市,포함
The Disaster Tourist,,기타,,발표 시기 미상,,,번역서 1종 · 예: The Disaster Tourist,포함
Veda Etmiyorum,,기타,,발표 시기 미상,,,번역서 1종 · 예: Veda Etmiyorum,포함
El consultor,,기타,,발표 시기 미상,,,번역서 1종 · 예: El consultor,포함
Turystka,,기타,,발표 시기 미상,,,번역서 1종 · 예: Turystka,포함
Her Dem Yeşil,,기타,,발표 시기 미상,,,번역서 1종 · 예: Her Dem Yeşil,포함
La turista,,기타,,발표 시기 미상,,,번역서 1종 · 예: La turista,포함
Cesta kocourka Chloupka,,기타,,발표 시기 미상,,,번역서 1종 · 예: Cesta kocourka Chloupka,포함
KIÊN CƯỜNG TRONG GIAN KHÓ,,기타,,발표 시기 미상,,,번역서 1종 · 예: KIÊN CƯỜNG TRONG GIAN KHÓ,포함
Broken Summer,,기타,,발표 시기 미상,,,번역서 1종 · 예: Broken Summer,포함
Et c'est pas un problème,,기타,,발표 시기 미상,,,번역서 1종 · 예: Et c'est pas un problème,포함
Die Legende vom Tränenvogel 1,,기타,,발표 시기 미상,,,번역서 1종 · 예: Die Legende vom Tränenvogel 1,포함
The Picture Bride,,기타,,발표 시기 미상,,,번역서 1종 · 예: The Picture Bride,포함
SEWOL,,기타,,발표 시기 미상,,,번역서 1종 · 예: SEWOL,포함
"Река, где восходит луна",,기타,,발표 시기 미상,,,"번역서 1종 · 예: Река, где восходит луна",포함
Book's Kitchen,,기타,,발표 시기 미상,,,번역서 1종 · 예: Book's Kitchen,포함
Chunja’s Nanjing,,기타,,발표 시기 미상,,,번역서 1종 · 예: Chunja’s Nanjing,포함
Chunhyang,,기타,,발표 시기 미상,,,번역서 1종 · 예: Chunhyang,포함
춘향,,기타,,발표 시기 미상,,,번역서 1종 · 예: 춘향,포함
Todo cuanto anhelo,,기타,,발표 시기 미상,,,번역서 1종 · 예: Todo cuanto anhelo,포함
번역서 등록 테스트,,기타,,발표 시기 미상,,,번역서 1종 · 예: 번역서 등록 테스트,포함
La signora della casa rossa,,기타,,발표 시기 미상,,,번역서 1종 · 예: La signora della casa rossa,포함
Il Poeta,,기타,,발표 시기 미상,,,번역서 1종 · 예: Il Poeta,포함
ВСПЫШКИ ВОСПОМИНАНИЙ,,기타,,발표 시기 미상,,,번역서 1종 · 예: ВСПЫШКИ ВОСПОМИНАНИЙ,포함
Everything Yearned For,,기타,,발표 시기 미상,,,번역서 1종 · 예: Everything Yearned For,포함
Lepurushi i mallkuar,,기타,,발표 시기 미상,,,번역서 1종 · 예: Lepurushi i mallkuar,포함
行星語書店,,기타,,발표 시기 미상,,,번역서 1종 · 예: 行星語書店,포함
Rüya Dükkânı 2,,기타,,발표 시기 미상,,,번역서 1종 · 예: Rüya Dükkânı 2,포함
滔滔生活,,기타,,발표 시기 미상,,,번역서 1종 · 예: 滔滔生活,포함
"朝鮮女性,初の世界一周記",,기타,,발표 시기 미상,,,"번역서 1종 · 예: 朝鮮女性,初の世界一周記",포함
Erva,,기타,,발표 시기 미상,,,번역서 1종 · 예: Erva,포함
橘子的滋味,,기타,,발표 시기 미상,,,번역서 1종 · 예: 橘子的滋味,포함
黄柠檬,,기타,,발표 시기 미상,,,번역서 1종 · 예: 黄柠檬,포함
白,,기타,,발표 시기 미상,,,번역서 1종 · 예: 白,포함
Alexandra Kim,,기타,,발표 시기 미상,,,번역서 1종 · 예: Alexandra Kim,포함
A Espera,,기타,,발표 시기 미상,,,번역서 1종 · 예: A Espera,포함
Nietuzinkowy sklep całodobowy,,기타,,발표 시기 미상,,,번역서 1종 · 예: Nietuzinkowy sklep całodobowy,포함
Lanetli Tavşan,,기타,,발표 시기 미상,,,번역서 1종 · 예: Lanetli Tavşan,포함
Les Daronnes,,기타,,발표 시기 미상,,,번역서 1종 · 예: Les Daronnes,포함
地球の果ての温室で,,기타,,발표 시기 미상,,,번역서 1종 · 예: 地球の果ての温室で,포함
Reflections from Prison,,기타,,발표 시기 미상,,,번역서 1종 · 예: Reflections from Prison,포함
With The Pole Of My Heart,,기타,,발표 시기 미상,,,번역서 1종 · 예: With The Pole Of My Heart,포함
Matczyna droga,,기타,,발표 시기 미상,,,번역서 1종 · 예: Matczyna droga,포함
Высокая небесная лестница,,기타,,발표 시기 미상,,,번역서 1종 · 예: Высокая небесная лестница,포함
"Jini, Jinny",,기타,,발표 시기 미상,,,"번역서 1종 · 예: Jini, Jinny",포함
WALKING PRACTICE,,기타,,발표 시기 미상,,,번역서 1종 · 예: WALKING PRACTICE,포함
만조의 바다 위에서,,기타,,발표 시기 미상,,,번역서 1종 · 예: 만조의 바다 위에서,포함
THE TUNNEL OF DESTINY,,기타,,발표 시기 미상,,,번역서 1종 · 예: THE TUNNEL OF DESTINY,포함
心がそっと傾く,,기타,,발표 시기 미상,,,번역서 1종 · 예: 心がそっと傾く,포함
その猫の名前は長い,,기타,,발표 시기 미상,,,번역서 1종 · 예: その猫の名前は長い,포함
Рина,,기타,,발표 시기 미상,,,번역서 1종 · 예: Рина,포함
Bienvenue à la librairie Hyunam,,기타,,발표 시기 미상,,,번역서 1종 · 예: Bienvenue à la librairie Hyunam,포함
Trampled Blossoms,,기타,,발표 시기 미상,,,번역서 1종 · 예: Trampled Blossoms,포함
The Birth of Pearl,,기타,,발표 시기 미상,,,번역서 1종 · 예: The Birth of Pearl,포함
FREE FOOD for MILLIONAIRES,,기타,,발표 시기 미상,,,번역서 1종 · 예: FREE FOOD for MILLIONAIRES,포함
Con thỏ nguyền rủa,,기타,,발표 시기 미상,,,번역서 1종 · 예: Con thỏ nguyền rủa,포함
Everything Good Dies Here,,기타,,발표 시기 미상,,,번역서 1종 · 예: Everything Good Dies Here,포함
Viên đạn tái sinh 2,,기타,,발표 시기 미상,,,번역서 1종 · 예: Viên đạn tái sinh 2,포함
Reboot,,기타,,발표 시기 미상,,,번역서 1종 · 예: Reboot,포함
100°C: South Korea's 1987 Democracy Movement,,기타,,발표 시기 미상,,,번역서 1종 · 예: 100°C: South Korea's 1987 Democracy Movement,포함
Viên đạn tái sinh 1,,기타,,발표 시기 미상,,,번역서 1종 · 예: Viên đạn tái sinh 1,포함
Patterns of the heart and other stories,,단편소설,,발표 시기 미상,,,번역서 1종 · 예: Patterns of the heart and other stories,포함
Tìm Hiểu Văn Học Hàn Quốc Thế Kỷ 20,,기타,,발표 시기 미상,,,번역서 1종 · 예: Tìm Hiểu Văn Học Hàn Quốc Thế Kỷ 20,포함
我们去摘玫瑰花,,기타,,발표 시기 미상,,,번역서 1종 · 예: 我们去摘玫瑰花,포함
Tränen im Asia-Markt,,기타,,발표 시기 미상,,,번역서 1종 · 예: Tränen im Asia-Markt,포함
火鸟,,기타,,발표 시기 미상,,,번역서 1종 · 예: 火鸟,포함
我が魂を解き放せ,,기타,,발표 시기 미상,,,번역서 1종 · 예: 我が魂を解き放せ,포함
Maak me eendimensionaal,,기타,,발표 시기 미상,,,번역서 1종 · 예: Maak me eendimensionaal,포함
"Непостижимая ночь, неразгаданный день",,기타,,발표 시기 미상,,,"번역서 1종 · 예: Непостижимая ночь, неразгаданный день",포함
Обыкновенное зло,,기타,,발표 시기 미상,,,번역서 1종 · 예: Обыкновенное зло,포함
My GrandMom,,기타,,발표 시기 미상,,,번역서 1종 · 예: My GrandMom,포함
PARASITE,,기타,,발표 시기 미상,,,번역서 1종 · 예: PARASITE,포함
Glory Hole,,기타,,발표 시기 미상,,,번역서 1종 · 예: Glory Hole,포함
Звери малой земли,,기타,,발표 시기 미상,,,번역서 1종 · 예: Звери малой земли,포함
Müstəmləkə uşağı scrap,,기타,,발표 시기 미상,,,번역서 1종 · 예: Müstəmləkə uşağı scrap,포함
KHÔNG CÓ TUYỆT VỌNG TRÊN INSTAGRAM,,기타,,발표 시기 미상,,,번역서 1종 · 예: KHÔNG CÓ TUYỆT VỌNG TRÊN INSTAGRAM,포함
Mamuśki,,기타,,발표 시기 미상,,,번역서 1종 · 예: Mamuśki,포함
Migdolai,,기타,,발표 시기 미상,,,번역서 1종 · 예: Migdolai,포함
L’ATTESA,,기타,,발표 시기 미상,,,번역서 1종 · 예: L’ATTESA,포함
Welcome to the Hyunam-dong Bookshop,,기타,,발표 시기 미상,,,번역서 1종 · 예: Welcome to the Hyunam-dong Bookshop,포함
Waltzing with Mosquitoes,,기타,,발표 시기 미상,,,번역서 1종 · 예: Waltzing with Mosquitoes,포함
Plastic Rice,,기타,,발표 시기 미상,,,번역서 1종 · 예: Plastic Rice,포함
Another Person,,기타,,발표 시기 미상,,,번역서 1종 · 예: Another Person,포함
Et toi...,,기타,,발표 시기 미상,,,번역서 1종 · 예: Et toi...,포함
Eli Bicakli Teyze,,기타,,발표 시기 미상,,,번역서 1종 · 예: Eli Bicakli Teyze,포함
"Ресторан ""Кумихо""",,기타,,발표 시기 미상,,,"번역서 1종 · 예: Ресторан ""Кумихо""",포함
Togani,,기타,,발표 시기 미상,,,번역서 1종 · 예: Togani,포함
Kisah Jarum dan Kulit,,기타,,발표 시기 미상,,,번역서 1종 · 예: Kisah Jarum dan Kulit,포함
Добро пожаловать в «Книжный в Хюнамдоне»,,기타,,발표 시기 미상,,,번역서 1종 · 예: Добро пожаловать в «Книжный в Хюнамдоне»,포함
The Rainfall Market,,기타,,발표 시기 미상,,,번역서 1종 · 예: The Rainfall Market,포함
遠きにありて、ウルは遅れるだろう,,기타,,발표 시기 미상,,,번역서 1종 · 예: 遠きにありて、ウルは遅れるだろう,포함
私たちが記したもの,,기타,,발표 시기 미상,,,번역서 1종 · 예: 私たちが記したもの,포함
Nikt nie odpisuje,,기타,,발표 시기 미상,,,번역서 1종 · 예: Nikt nie odpisuje,포함
Консультант,,기타,,발표 시기 미상,,,번역서 1종 · 예: Консультант,포함
Afuera es verano,,기타,,발표 시기 미상,,,번역서 1종 · 예: Afuera es verano,포함
Marigold Mind Laundry,,기타,,발표 시기 미상,,,번역서 1종 · 예: Marigold Mind Laundry,포함
Yeonnam-dong's Smiley Laundromat,,기타,,발표 시기 미상,,,번역서 1종 · 예: Yeonnam-dong's Smiley Laundromat,포함
The Healing Season of Pottery,,기타,,발표 시기 미상,,,번역서 1종 · 예: The Healing Season of Pottery,포함
Selamat Datang Ke Kedai Buku Hyunamdong,,기타,,발표 시기 미상,,,번역서 1종 · 예: Selamat Datang Ke Kedai Buku Hyunamdong,포함
I Went To See My Father,,기타,,발표 시기 미상,,,번역서 1종 · 예: I Went To See My Father,포함
Hong Gildong’un Hikâyesi,,기타,,발표 시기 미상,,,번역서 1종 · 예: Hong Gildong’un Hikâyesi,포함
LA FABRIQUE D’EXCUSES,,기타,,발표 시기 미상,,,번역서 1종 · 예: LA FABRIQUE D’EXCUSES,포함
Dog Days,,기타,,발표 시기 미상,,,번역서 1종 · 예: Dog Days,포함
A Map to the Spring,,기타,,발표 시기 미상,,,번역서 1종 · 예: A Map to the Spring,포함
29歳、今日から私が家長です。,,기타,,발표 시기 미상,,,번역서 1종 · 예: 29歳、今日から私が家長です。,포함
Vyprávění o Sim Čchŏng Vyprávění o Unjŏng,,기타,,발표 시기 미상,,,번역서 1종 · 예: Vyprávění o Sim Čchŏng Vyprávění o Unjŏng,포함
Human Time,,기타,,발표 시기 미상,,,번역서 1종 · 예: Human Time,포함
LA NUIT DU HIBOU,,기타,,발표 시기 미상,,,번역서 1종 · 예: LA NUIT DU HIBOU,포함
奶奶的夏威夷祭祀,,기타,,발표 시기 미상,,,번역서 1종 · 예: 奶奶的夏威夷祭祀,포함
安重根,,기타,,발표 시기 미상,,,번역서 1종 · 예: 安重根,포함
“Benim Saf Amcam” ve Diğer Öyküler,,기타,,발표 시기 미상,,,번역서 1종 · 예: “Benim Saf Amcam” ve Diğer Öyküler,포함
泣いたって変わることは何もないだろうけれど,,기타,,발표 시기 미상,,,번역서 1종 · 예: 泣いたって変わることは何もないだろうけれど,포함
Just Like,,기타,,발표 시기 미상,,,번역서 1종 · 예: Just Like,포함
"Kakakku, Bongsoon",,기타,,발표 시기 미상,,,"번역서 1종 · 예: Kakakku, Bongsoon",포함
詩と散策,,시,,발표 시기 미상,,,번역서 1종 · 예: 詩と散策,포함
Pleurer au supermarché,,기타,,발표 시기 미상,,,번역서 1종 · 예: Pleurer au supermarché,포함
KÄRLEK I SEOUL,,기타,,발표 시기 미상,,,번역서 1종 · 예: KÄRLEK I SEOUL,포함
"Ich will sterben, aber Tteokbokki essen will ich auch",,기타,,발표 시기 미상,,,"번역서 1종 · 예: Ich will sterben, aber Tteokbokki essen will ich auch",포함
Badam,,기타,,발표 시기 미상,,,번역서 1종 · 예: Badam,포함
女大當家,,기타,,발표 시기 미상,,,번역서 1종 · 예: 女大當家,포함
Romancing on Jeju,,기타,,발표 시기 미상,,,번역서 1종 · 예: Romancing on Jeju,포함
AGA LA SOMBRA DE LA OSCURIDAD,,기타,,발표 시기 미상,,,번역서 1종 · 예: AGA LA SOMBRA DE LA OSCURIDAD,포함
ледяной лес,,기타,,발표 시기 미상,,,번역서 1종 · 예: ледяной лес,포함
Η κόρη μου,,기타,,발표 시기 미상,,,번역서 1종 · 예: Η κόρη μου,포함
Apartment Women,,기타,,발표 시기 미상,,,번역서 1종 · 예: Apartment Women,포함
ddd,,기타,,발표 시기 미상,,,번역서 1종 · 예: ddd,포함
Blood of the Old Kings,,기타,,발표 시기 미상,,,번역서 1종 · 예: Blood of the Old Kings,포함
The Shade Tree,,기타,,발표 시기 미상,,,번역서 1종 · 예: The Shade Tree,포함
Encore,,기타,,발표 시기 미상,,,번역서 1종 · 예: Encore,포함
Amêndoas,,기타,,발표 시기 미상,,,번역서 1종 · 예: Amêndoas,포함
光の護衛,,기타,,발표 시기 미상,,,번역서 1종 · 예: 光の護衛,포함
La Guerrera Bang Gwanju,,기타,,발표 시기 미상,,,번역서 1종 · 예: La Guerrera Bang Gwanju,포함
А вокруг было лето,,기타,,발표 시기 미상,,,번역서 1종 · 예: А вокруг было лето,포함
小鹿島 賤国への旅,,기타,,발표 시기 미상,,,번역서 1종 · 예: 小鹿島 賤国への旅,포함
Tiệm Nước Hoa Ký Ức,,기타,,발표 시기 미상,,,번역서 1종 · 예: Tiệm Nước Hoa Ký Ức,포함
TOUTES LES BONNES CHOSES SONT DEVANT TOI,,기타,,발표 시기 미상,,,번역서 1종 · 예: TOUTES LES BONNES CHOSES SONT DEVANT TOI,포함
深い中庭のある家,,기타,,발표 시기 미상,,,번역서 1종 · 예: 深い中庭のある家,포함
Ba đến năm giờ chiều,,기타,,발표 시기 미상,,,번역서 1종 · 예: Ba đến năm giờ chiều,포함
ファンタスティックガール,,기타,,발표 시기 미상,,,번역서 1종 · 예: ファンタスティックガール,포함
學校裡無處可去的少年們,,기타,,발표 시기 미상,,,번역서 1종 · 예: 學校裡無處可去的少年們,포함
Dear Ralph Lauren,,기타,,발표 시기 미상,,,번역서 1종 · 예: Dear Ralph Lauren,포함
為你著想的心,,기타,,발표 시기 미상,,,번역서 1종 · 예: 為你著想的心,포함
金豬最愛吃美食,,기타,,발표 시기 미상,,,번역서 1종 · 예: 金豬最愛吃美食,포함
說夢話的老鼠,,기타,,발표 시기 미상,,,번역서 1종 · 예: 說夢話的老鼠,포함
蟬的感謝曲,,기타,,발표 시기 미상,,,번역서 1종 · 예: 蟬的感謝曲,포함
搶錢的妖怪,,기타,,발표 시기 미상,,,번역서 1종 · 예: 搶錢的妖怪,포함
裝著幸福的罐子,,기타,,발표 시기 미상,,,번역서 1종 · 예: 裝著幸福的罐子,포함
胖叔叔的鄉村日記,,기타,,발표 시기 미상,,,번역서 1종 · 예: 胖叔叔的鄉村日記,포함
不聽話的奧利,,기타,,발표 시기 미상,,,번역서 1종 · 예: 不聽話的奧利,포함
KNOCHENSUPPE,,기타,,발표 시기 미상,,,번역서 1종 · 예: KNOCHENSUPPE,포함
The Old Woman With the Knife,,기타,,발표 시기 미상,,,번역서 1종 · 예: The Old Woman With the Knife,포함
Cửa hàng tiện lợi bất tiện,,기타,,발표 시기 미상,,,번역서 1종 · 예: Cửa hàng tiện lợi bất tiện,포함
WELCOME TO THE HYUNAM-DONG BOOKSHOP,,기타,,발표 시기 미상,,,번역서 1종 · 예: WELCOME TO THE HYUNAM-DONG BOOKSHOP,포함
金起林作品集Ⅰ 新しい歌,,기타,,발표 시기 미상,,,번역서 1종 · 예: 金起林作品集Ⅰ 新しい歌,포함
A Morning with only Writing Left,,기타,,발표 시기 미상,,,번역서 1종 · 예: A Morning with only Writing Left,포함
Nearly All Happiness,,기타,,발표 시기 미상,,,번역서 1종 · 예: Nearly All Happiness,포함
夢を売る百貨店,,기타,,발표 시기 미상,,,번역서 1종 · 예: 夢を売る百貨店,포함
歡迎光臨休南洞書店,,기타,,발표 시기 미상,,,번역서 1종 · 예: 歡迎光臨休南洞書店,포함
"Last Night, In My Dream",,기타,,발표 시기 미상,,,"번역서 1종 · 예: Last Night, In My Dream",포함
DAWN OF LABOR,,기타,,발표 시기 미상,,,번역서 1종 · 예: DAWN OF LABOR,포함
プリズム,,기타,,발표 시기 미상,,,번역서 1종 · 예: プリズム,포함
父の時代,,기타,,발표 시기 미상,,,번역서 1종 · 예: 父の時代,포함
Nunafan.com - Vol 2,,기타,,발표 시기 미상,,,번역서 1종 · 예: Nunafan.com - Vol 2,포함
LAUNCH SOMETHING!,,기타,,발표 시기 미상,,,번역서 1종 · 예: LAUNCH SOMETHING!,포함
土地 14,,기타,,발표 시기 미상,,,번역서 1종 · 예: 土地 14,포함
Çalışmanın Hüznü ve Neşesi,,기타,,발표 시기 미상,,,번역서 1종 · 예: Çalışmanın Hüznü ve Neşesi,포함
終わりの始まり,,기타,,발표 시기 미상,,,번역서 1종 · 예: 終わりの始まり,포함
"Птица, которая пьёт слёзы. I",,기타,,발표 시기 미상,,,"번역서 1종 · 예: Птица, которая пьёт слёзы. I",포함
Qui veut la guerre,,기타,,발표 시기 미상,,,번역서 1종 · 예: Qui veut la guerre,포함
タワー,,기타,,발표 시기 미상,,,번역서 1종 · 예: タワー,포함
سنوات من الظلام,,기타,,발표 시기 미상,,,번역서 1종 · 예: سنوات من الظلام,포함
氷の木の森,,기타,,발표 시기 미상,,,번역서 1종 · 예: 氷の木の森,포함
私は逃げるとき、いちばん勇敢な顔になる,,기타,,발표 시기 미상,,,번역서 1종 · 예: 私は逃げるとき、いちばん勇敢な顔になる,포함
Counsel Culture,,기타,,발표 시기 미상,,,번역서 1종 · 예: Counsel Culture,포함
Het gat,,기타,,발표 시기 미상,,,번역서 1종 · 예: Het gat,포함
CONCERNING MY DAUGHTER,,기타,,발표 시기 미상,,,번역서 1종 · 예: CONCERNING MY DAUGHTER,포함
Concealed Words,,기타,,발표 시기 미상,,,번역서 1종 · 예: Concealed Words,포함
道一つ越えたら崖っぷち,,기타,,발표 시기 미상,,,번역서 1종 · 예: 道一つ越えたら崖っぷち,포함
I have come on a lonely path,,기타,,발표 시기 미상,,,번역서 1종 · 예: I have come on a lonely path,포함
Зловещий ресторан,,기타,,발표 시기 미상,,,번역서 1종 · 예: Зловещий ресторан,포함
Ohne Dich bin ich gewandert,,기타,,발표 시기 미상,,,번역서 1종 · 예: Ohne Dich bin ich gewandert,포함
Par une nuit claire,,기타,,발표 시기 미상,,,번역서 1종 · 예: Par une nuit claire,포함
Une bonne fille,,기타,,발표 시기 미상,,,번역서 1종 · 예: Une bonne fille,포함
Poesia epica della Corea,,시,,발표 시기 미상,,,번역서 1종 · 예: Poesia epica della Corea,포함
BÁCH HÓA GIẤC MƠ CỦA NGÀI DOLLARGUT,,기타,,발표 시기 미상,,,번역서 1종 · 예: BÁCH HÓA GIẤC MƠ CỦA NGÀI DOLLARGUT,포함
Mamás,,기타,,발표 시기 미상,,,번역서 1종 · 예: Mamás,포함
Nunafan.com - Vol 1,,기타,,발표 시기 미상,,,번역서 1종 · 예: Nunafan.com - Vol 1,포함
INDETERMINATE INFLORESCENCE,,기타,,발표 시기 미상,,,번역서 1종 · 예: INDETERMINATE INFLORESCENCE,포함
لوان الظالم وتليها احلي الصيني,,기타,,발표 시기 미상,,,번역서 1종 · 예: لوان الظالم وتليها احلي الصيني,포함
雨日和,,기타,,발표 시기 미상,,,번역서 1종 · 예: 雨日和,포함
大仏ホテルの幽霊,,기타,,발표 시기 미상,,,번역서 1종 · 예: 大仏ホテルの幽霊,포함
LA SERRE DU BOUT DU MONDE,,기타,,발표 시기 미상,,,번역서 1종 · 예: LA SERRE DU BOUT DU MONDE,포함
您可疑的近况,,기타,,발표 시기 미상,,,번역서 1종 · 예: 您可疑的近况,포함
LAS NOVELAS ASESINAS,,장편소설,,발표 시기 미상,,,번역서 1종 · 예: LAS NOVELAS ASESINAS,포함
殺死彼得兔,,기타,,발표 시기 미상,,,번역서 1종 · 예: 殺死彼得兔,포함
歡迎光臨夢境百貨 2,,기타,,발표 시기 미상,,,번역서 1종 · 예: 歡迎光臨夢境百貨 2,포함
PAINT,,기타,,발표 시기 미상,,,번역서 1종 · 예: PAINT,포함
KONTRATAK,,기타,,발표 시기 미상,,,번역서 1종 · 예: KONTRATAK,포함
La asombrosa tienda de la señora Yeom,,기타,,발표 시기 미상,,,번역서 1종 · 예: La asombrosa tienda de la señora Yeom,포함
Does Spring Come Also to These Ravished Fields?,,기타,,발표 시기 미상,,,번역서 1종 · 예: Does Spring Come Also to These Ravished Fields?,포함
言,,기타,,발표 시기 미상,,,번역서 1종 · 예: 言,포함
讀,,기타,,발표 시기 미상,,,번역서 1종 · 예: 讀,포함
詩人白石 (ペクソク),,시,,발표 시기 미상,,,번역서 1종 · 예: 詩人白石 (ペクソク),포함
افسانه هایی از سرزمین گل ختمی (پنسوری 1),,기타,,발표 시기 미상,,,번역서 1종 · 예: افسانه هایی از سرزمین گل ختمی (پنسوری 1),포함
Tidak Ada Manusia Jahat di Dunia Ini,,기타,,발표 시기 미상,,,번역서 1종 · 예: Tidak Ada Manusia Jahat di Dunia Ini,포함
Nënë e vetvetes,,기타,,발표 시기 미상,,,번역서 1종 · 예: Nënë e vetvetes,포함
Snowglobe,,기타,,발표 시기 미상,,,번역서 1종 · 예: Snowglobe,포함
Nie mówię żegnaj,,기타,,발표 시기 미상,,,번역서 1종 · 예: Nie mówię żegnaj,포함
Yıldızlara Değen Rüzgar,,기타,,발표 시기 미상,,,번역서 1종 · 예: Yıldızlara Değen Rüzgar,포함
Black Flower,,기타,,발표 시기 미상,,,번역서 1종 · 예: Black Flower,포함
达勒古特梦百货店,,기타,,발표 시기 미상,,,번역서 1종 · 예: 达勒古特梦百货店,포함
パチンコ. 下,,기타,,발표 시기 미상,,,번역서 1종 · 예: パチンコ. 下,포함
只有兩個人,,기타,,발표 시기 미상,,,번역서 1종 · 예: 只有兩個人,포함
কিম সওলের শত কবিতা,,기타,,발표 시기 미상,,,번역서 1종 · 예: কিম সওলের শত কবিতা,포함
Невеста по фотографии,,기타,,발표 시기 미상,,,번역서 1종 · 예: Невеста по фотографии,포함
主題と争点で読む20世紀日韓関係史,,기타,,발표 시기 미상,,,번역서 1종 · 예: 主題と争点で読む20世紀日韓関係史,포함
DALLERGUT DREAM DEPARTMENT STORE,,기타,,발표 시기 미상,,,번역서 1종 · 예: DALLERGUT DREAM DEPARTMENT STORE,포함
THE DALLERGUT DREAM DEPARTMENT STORE,,기타,,발표 시기 미상,,,번역서 1종 · 예: THE DALLERGUT DREAM DEPARTMENT STORE,포함
The Purloined Book,,기타,,발표 시기 미상,,,번역서 1종 · 예: The Purloined Book,포함
Angels of Morning Star Club,,기타,,발표 시기 미상,,,번역서 1종 · 예: Angels of Morning Star Club,포함
TABLE for ONE,,기타,,발표 시기 미상,,,번역서 1종 · 예: TABLE for ONE,포함
"Sống Đời Tự Do, Tự Lo Tự Quản",,기타,,발표 시기 미상,,,"번역서 1종 · 예: Sống Đời Tự Do, Tự Lo Tự Quản",포함
THE NEW SEOUL PARK JELLY MASSACRE,,기타,,발표 시기 미상,,,번역서 1종 · 예: THE NEW SEOUL PARK JELLY MASSACRE,포함
LA MORT À DEMI-MOTS,,기타,,발표 시기 미상,,,번역서 1종 · 예: LA MORT À DEMI-MOTS,포함
Ik heb het recht mezelf te vernietigen,,기타,,발표 시기 미상,,,번역서 1종 · 예: Ik heb het recht mezelf te vernietigen,포함
Би өөрөө шийдсэн,,기타,,발표 시기 미상,,,번역서 1종 · 예: Би өөрөө шийдсэн,포함
Книжная лавка грёз,,기타,,발표 시기 미상,,,번역서 1종 · 예: Книжная лавка грёз,포함
PERROS,,기타,,발표 시기 미상,,,번역서 1종 · 예: PERROS,포함
Gratisessen für Millionäre,,기타,,발표 시기 미상,,,번역서 1종 · 예: Gratisessen für Millionäre,포함
今天，換她跟我男友約會,,기타,,발표 시기 미상,,,번역서 1종 · 예: 今天，換她跟我男友約會,포함
朝鮮時代ソウル都市史,,기타,,발표 시기 미상,,,번역서 1종 · 예: 朝鮮時代ソウル都市史,포함
붉은 궁,,기타,,발표 시기 미상,,,번역서 1종 · 예: 붉은 궁,포함
DER ROTE PALAST,,기타,,발표 시기 미상,,,번역서 1종 · 예: DER ROTE PALAST,포함
GRIECHISCHSTUNDEN,,기타,,발표 시기 미상,,,번역서 1종 · 예: GRIECHISCHSTUNDEN,포함
Say Hello?,,기타,,발표 시기 미상,,,번역서 1종 · 예: Say Hello?,포함
There Are No Bad People In The World,,기타,,발표 시기 미상,,,번역서 1종 · 예: There Are No Bad People In The World,포함
Der Wald der verlorenen Schatten,,기타,,발표 시기 미상,,,번역서 1종 · 예: Der Wald der verlorenen Schatten,포함
ボンジュール，トゥール,,기타,,발표 시기 미상,,,번역서 1종 · 예: ボンジュール，トゥール,포함
COELHO MALDITO,,기타,,발표 시기 미상,,,번역서 1종 · 예: COELHO MALDITO,포함
i see you like a flower,,기타,,발표 시기 미상,,,번역서 1종 · 예: i see you like a flower,포함
我們，再次重逢的世界,,기타,,발표 시기 미상,,,번역서 1종 · 예: 我們，再次重逢的世界,포함
ARIRANG (Volume 11),,기타,,발표 시기 미상,,,번역서 1종 · 예: ARIRANG (Volume 11),포함
不做告别,,기타,,발표 시기 미상,,,번역서 1종 · 예: 不做告别,포함
"Queria morrer, mas no céu não tem tteokbokki",,기타,,발표 시기 미상,,,"번역서 1종 · 예: Queria morrer, mas no céu não tem tteokbokki",포함
告別,,기타,,발표 시기 미상,,,번역서 1종 · 예: 告別,포함
Welcome to the Hyunam-Dong Bookshop,,기타,,발표 시기 미상,,,번역서 1종 · 예: Welcome to the Hyunam-Dong Bookshop,포함
Bem-vindos à livraria Hyunam-dong,,기타,,발표 시기 미상,,,번역서 1종 · 예: Bem-vindos à livraria Hyunam-dong,포함
Il minimarket della signora Yeom,,기타,,발표 시기 미상,,,번역서 1종 · 예: Il minimarket della signora Yeom,포함
ARIRANG (Volume 6),,기타,,발표 시기 미상,,,번역서 1종 · 예: ARIRANG (Volume 6),포함
ARIRANG (Volume 5),,기타,,발표 시기 미상,,,번역서 1종 · 예: ARIRANG (Volume 5),포함
ARIRANG (Volume 3),,기타,,발표 시기 미상,,,번역서 1종 · 예: ARIRANG (Volume 3),포함
A inconveniente loja de conveniência,,기타,,발표 시기 미상,,,번역서 1종 · 예: A inconveniente loja de conveniência,포함
When Things Don't Go Your Way,,기타,,발표 시기 미상,,,번역서 1종 · 예: When Things Don't Go Your Way,포함
Ein ganz einfaches gepunktetes Kleid,,기타,,발표 시기 미상,,,번역서 1종 · 예: Ein ganz einfaches gepunktetes Kleid,포함
Wind und Wasser,,기타,,발표 시기 미상,,,번역서 1종 · 예: Wind und Wasser,포함
HÃY CHĂM SÓC MẸ,,기타,,발표 시기 미상,,,번역서 1종 · 예: HÃY CHĂM SÓC MẸ,포함
救命稻草,,기타,,발표 시기 미상,,,번역서 1종 · 예: 救命稻草,포함
En uzun gece,,기타,,발표 시기 미상,,,번역서 1종 · 예: En uzun gece,포함
In orbita!,,기타,,발표 시기 미상,,,번역서 1종 · 예: In orbita!,포함
ARIRANG (Volume 2),,기타,,발표 시기 미상,,,번역서 1종 · 예: ARIRANG (Volume 2),포함
年年歳歳,,기타,,발표 시기 미상,,,번역서 1종 · 예: 年年歳歳,포함
まだまだという言葉,,기타,,발표 시기 미상,,,번역서 1종 · 예: まだまだという言葉,포함
韓国の今を映す、12人の輝く瞬間,,기타,,발표 시기 미상,,,번역서 1종 · 예: 韓国の今を映す、12人の輝く瞬間,포함
L'odyssée des étoiles,,기타,,발표 시기 미상,,,번역서 1종 · 예: L'odyssée des étoiles,포함
De buurtwinkel van tweede kansen,,기타,,발표 시기 미상,,,번역서 1종 · 예: De buurtwinkel van tweede kansen,포함
The Proposal,,기타,,발표 시기 미상,,,번역서 1종 · 예: The Proposal,포함
Dawn of Labor,,기타,,발표 시기 미상,,,번역서 1종 · 예: Dawn of Labor,포함
I Want to Die but I Still Want to Eat Tteokbokki,,기타,,발표 시기 미상,,,번역서 1종 · 예: I Want to Die but I Still Want to Eat Tteokbokki,포함
En morders dagbog,,기타,,발표 시기 미상,,,번역서 1종 · 예: En morders dagbog,포함
チェリーシュリンプ,,기타,,발표 시기 미상,,,번역서 1종 · 예: チェリーシュリンプ,포함
La fabuleuse laverie du village Marigold,,기타,,발표 시기 미상,,,번역서 1종 · 예: La fabuleuse laverie du village Marigold,포함
ノマと愉快な仲間たち,,기타,,발표 시기 미상,,,번역서 1종 · 예: ノマと愉快な仲間たち,포함
あなたのことが知りたくて,,기타,,발표 시기 미상,,,번역서 1종 · 예: あなたのことが知りたくて,포함
トロナお別れ事務所,,기타,,발표 시기 미상,,,번역서 1종 · 예: トロナお別れ事務所,포함
君に伝えたいこと。,,기타,,발표 시기 미상,,,번역서 1종 · 예: 君に伝えたいこと。,포함
世界を超えて私はあなたに会いに行く,,기타,,발표 시기 미상,,,번역서 1종 · 예: 世界を超えて私はあなたに会いに行く,포함
別れを告げない,,기타,,발표 시기 미상,,,번역서 1종 · 예: 別れを告げない,포함
容易忘记的名字,,기타,,발표 시기 미상,,,번역서 1종 · 예: 容易忘记的名字,포함
Perché odio la Corea,,기타,,발표 시기 미상,,,번역서 1종 · 예: Perché odio la Corea,포함
Как путешествовать с коровой,,기타,,발표 시기 미상,,,번역서 1종 · 예: Как путешествовать с коровой,포함
La Forêt des disparues,,기타,,발표 시기 미상,,,번역서 1종 · 예: La Forêt des disparues,포함
Nulle fleur n'eclot sans trembler,,기타,,발표 시기 미상,,,번역서 1종 · 예: Nulle fleur n'eclot sans trembler,포함
Propriétés physiques du sentiment,,기타,,발표 시기 미상,,,번역서 1종 · 예: Propriétés physiques du sentiment,포함
波が海のさだめなら,,기타,,발표 시기 미상,,,번역서 1종 · 예: 波が海のさだめなら,포함
关于女儿,,기타,,발표 시기 미상,,,번역서 1종 · 예: 关于女儿,포함
Корейские мифы,,기타,,발표 시기 미상,,,번역서 1종 · 예: Корейские мифы,포함
TIỆM GIẶT ỦI BON BON,,기타,,발표 시기 미상,,,번역서 1종 · 예: TIỆM GIẶT ỦI BON BON,포함
Malgré tout je suis ici,,기타,,발표 시기 미상,,,번역서 1종 · 예: Malgré tout je suis ici,포함
"Unmong, a Youngman Became a Homemaker",,기타,,발표 시기 미상,,,"번역서 1종 · 예: Unmong, a Youngman Became a Homemaker",포함
Бабочка во сне,,기타,,발표 시기 미상,,,번역서 1종 · 예: Бабочка во сне,포함
如果我们无法以光速前行,,기타,,발표 시기 미상,,,번역서 1종 · 예: 如果我们无法以光速前行,포함
Un Bonheur Parfait,,기타,,발표 시기 미상,,,번역서 1종 · 예: Un Bonheur Parfait,포함
"アリス,アリスと呼べば",,기타,,발표 시기 미상,,,"번역서 1종 · 예: アリス,アリスと呼べば",포함
電影從不停止質問,,기타,,발표 시기 미상,,,번역서 1종 · 예: 電影從不停止質問,포함
Frau mit Messer,,기타,,발표 시기 미상,,,번역서 1종 · 예: Frau mit Messer,포함
L'ARBRE NU,,기타,,발표 시기 미상,,,번역서 1종 · 예: L'ARBRE NU,포함
Тоғ чиндан ўша ерда бўлганми,,기타,,발표 시기 미상,,,번역서 1종 · 예: Тоғ чиндан ўша ерда бўлганми,포함
Lektioner i græsk,,기타,,발표 시기 미상,,,번역서 1종 · 예: Lektioner i græsk,포함
話匣子鴨大嘴,,기타,,발표 시기 미상,,,번역서 1종 · 예: 話匣子鴨大嘴,포함
Frau Yeoms kleiner Laden der großen Hoffnungen,,기타,,발표 시기 미상,,,번역서 1종 · 예: Frau Yeoms kleiner Laden der großen Hoffnungen,포함
Tantas sombras,,기타,,발표 시기 미상,,,번역서 1종 · 예: Tantas sombras,포함
Miss Kim weiß Bescheid,,기타,,발표 시기 미상,,,번역서 1종 · 예: Miss Kim weiß Bescheid,포함
Sisunin maailma,,기타,,발표 시기 미상,,,번역서 1종 · 예: Sisunin maailma,포함
"Amore, marlboro e mirtilli",,기타,,발표 시기 미상,,,"번역서 1종 · 예: Amore, marlboro e mirtilli",포함
Giấc mơ chín tầng mây,,기타,,발표 시기 미상,,,번역서 1종 · 예: Giấc mơ chín tầng mây,포함
Il mare che cuce,,기타,,발표 시기 미상,,,번역서 1종 · 예: Il mare che cuce,포함
Jáma,,기타,,발표 시기 미상,,,번역서 1종 · 예: Jáma,포함
"Himmel, Wind, Sterne und Poesie",,시,,발표 시기 미상,,,"번역서 1종 · 예: Himmel, Wind, Sterne und Poesie",포함
Coniglio maledetto,,기타,,발표 시기 미상,,,번역서 1종 · 예: Coniglio maledetto,포함
你也是山百合呀,,기타,,발표 시기 미상,,,번역서 1종 · 예: 你也是山百合呀,포함
我杀死的男人回来了,,기타,,발표 시기 미상,,,번역서 1종 · 예: 我杀死的男人回来了,포함
Yedi Yıllık Karanlık,,기타,,발표 시기 미상,,,번역서 1종 · 예: Yedi Yıllık Karanlık,포함
Si no podemos viajar a la velocidad de la luz,,기타,,발표 시기 미상,,,번역서 1종 · 예: Si no podemos viajar a la velocidad de la luz,포함
櫻桃蝦米,,기타,,발표 시기 미상,,,번역서 1종 · 예: 櫻桃蝦米,포함
熔爐,,기타,,발표 시기 미상,,,번역서 1종 · 예: 熔爐,포함
The underground village,,기타,,발표 시기 미상,,,번역서 1종 · 예: The underground village,포함
My very last possession,,기타,,발표 시기 미상,,,번역서 1종 · 예: My very last possession,포함
Der Yalu fließt,,기타,,발표 시기 미상,,,번역서 1종 · 예: Der Yalu fließt,포함
TÌM HIỂU VĂN HỌC HIỆN ĐẠI HÀN QUỐC,,기타,,발표 시기 미상,,,번역서 1종 · 예: TÌM HIỂU VĂN HỌC HIỆN ĐẠI HÀN QUỐC,포함
Der Wal,,기타,,발표 시기 미상,,,번역서 1종 · 예: Der Wal,포함
Concerning my daughter,,기타,,발표 시기 미상,,,번역서 1종 · 예: Concerning my daughter,포함
尋找母親,,기타,,발표 시기 미상,,,번역서 1종 · 예: 尋找母親,포함
耳をすませば,,기타,,발표 시기 미상,,,번역서 1종 · 예: 耳をすませば,포함
幽霊,,기타,,발표 시기 미상,,,번역서 1종 · 예: 幽霊,포함
Niềm vui và nỗi buồn của công việc,,기타,,발표 시기 미상,,,번역서 1종 · 예: Niềm vui và nỗi buồn của công việc,포함
Aufgehen der Knospe,,기타,,발표 시기 미상,,,번역서 1종 · 예: Aufgehen der Knospe,포함
Gümüş Aygır,,기타,,발표 시기 미상,,,번역서 1종 · 예: Gümüş Aygır,포함
仕事帰りの心,,기타,,발표 시기 미상,,,번역서 1종 · 예: 仕事帰りの心,포함
Korece Öğretmeni,,기타,,발표 시기 미상,,,번역서 1종 · 예: Korece Öğretmeni,포함
На чужині,,기타,,발표 시기 미상,,,번역서 1종 · 예: На чужині,포함
صيف ملعون,,기타,,발표 시기 미상,,,번역서 1종 · 예: صيف ملعون,포함
编号645,,기타,,발표 시기 미상,,,번역서 1종 · 예: 编号645,포함
兩個女人住一起,,기타,,발표 시기 미상,,,번역서 1종 · 예: 兩個女人住一起,포함
百年旅馆,,기타,,발표 시기 미상,,,번역서 1종 · 예: 百年旅馆,포함
بادام,,기타,,발표 시기 미상,,,번역서 1종 · 예: بادام,포함
Amande,,기타,,발표 시기 미상,,,번역서 1종 · 예: Amande,포함
最後一個人,,기타,,발표 시기 미상,,,번역서 1종 · 예: 最後一個人,포함
Contes et légendes de Corée,,동화,,발표 시기 미상,,,번역서 1종 · 예: Contes et légendes de Corée,포함
Contes et récits de Corée (III),,동화,,발표 시기 미상,,,번역서 1종 · 예: Contes et récits de Corée (III),포함
地球上唯一的韓亞,,기타,,발표 시기 미상,,,번역서 1종 · 예: 地球上唯一的韓亞,포함
İnsan Əməlləri,,기타,,발표 시기 미상,,,번역서 1종 · 예: İnsan Əməlləri,포함
Contes et récits de Corée (II),,동화,,발표 시기 미상,,,번역서 1종 · 예: Contes et récits de Corée (II),포함
Contes et récits de Corée (I),,동화,,발표 시기 미상,,,번역서 1종 · 예: Contes et récits de Corée (I),포함
Intraitable – tome 6,,기타,,발표 시기 미상,,,번역서 1종 · 예: Intraitable – tome 6,포함
Intraitable – tome 5,,기타,,발표 시기 미상,,,번역서 1종 · 예: Intraitable – tome 5,포함
아이퍽10,,기타,,발표 시기 미상,,,번역서 1종 · 예: 아이퍽10,포함
저기 개가 달려가네요,,기타,,발표 시기 미상,,,번역서 1종 · 예: 저기 개가 달려가네요,포함
줄레이하 눈을 뜨다,,기타,,발표 시기 미상,,,번역서 1종 · 예: 줄레이하 눈을 뜨다,포함
웃음과 풍자 코드로 읽는 도스토옙스키 단편선,,기타,,발표 시기 미상,,,번역서 1종 · 예: 웃음과 풍자 코드로 읽는 도스토옙스키 단편선,포함
세기말의 러시아 문제,,기타,,발표 시기 미상,,,번역서 1종 · 예: 세기말의 러시아 문제,포함
الانتظار,,기타,,발표 시기 미상,,,번역서 1종 · 예: الانتظار,포함
Intraitable – tome 4,,기타,,발표 시기 미상,,,번역서 1종 · 예: Intraitable – tome 4,포함
Intraitable – tome 3,,기타,,발표 시기 미상,,,번역서 1종 · 예: Intraitable – tome 3,포함
عشب,,기타,,발표 시기 미상,,,번역서 1종 · 예: عشب,포함
Castella,,기타,,발표 시기 미상,,,번역서 1종 · 예: Castella,포함
Intraitable – tome 2,,기타,,발표 시기 미상,,,번역서 1종 · 예: Intraitable – tome 2,포함
ペイント,,기타,,발표 시기 미상,,,번역서 1종 · 예: ペイント,포함
3人のママと3つのおべんとう,,기타,,발표 시기 미상,,,번역서 1종 · 예: 3人のママと3つのおべんとう,포함
3人のパパと3つのはなたば,,기타,,발표 시기 미상,,,번역서 1종 · 예: 3人のパパと3つのはなたば,포함
Love in the Big City,,기타,,발표 시기 미상,,,번역서 1종 · 예: Love in the Big City,포함
Un matin de ce printemps-là,,기타,,발표 시기 미상,,,번역서 1종 · 예: Un matin de ce printemps-là,포함
Artiglio,,기타,,발표 시기 미상,,,번역서 1종 · 예: Artiglio,포함
کیم جی یونگ متولد ۱۹۸۲,,기타,,발표 시기 미상,,,번역서 2종 · 예: کیم جی یونگ متولد ۱۹۸۲,포함
Piekarnia czarodzieja,,기타,,발표 시기 미상,,,번역서 1종 · 예: Piekarnia czarodzieja,포함
I'll Be Right There,,기타,,발표 시기 미상,,,번역서 1종 · 예: I'll Be Right There,포함
我們不要忘記今天,,기타,,발표 시기 미상,,,번역서 1종 · 예: 我們不要忘記今天,포함
اوقات خوش ما,,기타,,발표 시기 미상,,,번역서 1종 · 예: اوقات خوش ما,포함
هیچ‌کس نامه نمی‌نویسد,,기타,,발표 시기 미상,,,번역서 1종 · 예: هیچ‌کس نامه نمی‌نویسد,포함
زندگی درخشان من,,기타,,발표 시기 미상,,,번역서 1종 · 예: زندگی درخشان من,포함
Le film volé,,기타,,발표 시기 미상,,,번역서 1종 · 예: Le film volé,포함
ÖZÜR DİLERİZ,,기타,,발표 시기 미상,,,번역서 1종 · 예: ÖZÜR DİLERİZ,포함
سأكون هناك,,기타,,발표 시기 미상,,,번역서 1종 · 예: سأكون هناك,포함
خرگوش نفرین شده,,기타,,발표 시기 미상,,,번역서 1종 · 예: خرگوش نفرین شده,포함
دلتنگی در فروشگاه اچ‌مارت,,기타,,발표 시기 미상,,,번역서 1종 · 예: دلتنگی در فروشگاه اچ‌مارت,포함
زمستان در سوکچو,,기타,,발표 시기 미상,,,번역서 1종 · 예: زمستان در سوکچو,포함
تصمیم گرفتم خودم باشم,,기타,,발표 시기 미상,,,번역서 1종 · 예: تصمیم گرفتم خودم باشم,포함
"A Flower, at the Moment",,기타,,발표 시기 미상,,,"번역서 1종 · 예: A Flower, at the Moment",포함
Миндаль,,기타,,발표 시기 미상,,,번역서 1종 · 예: Миндаль,포함
Les 4 enquêtrices de la supérette Gwangseon,,기타,,발표 시기 미상,,,번역서 1종 · 예: Les 4 enquêtrices de la supérette Gwangseon,포함
Chut c’est un secret,,기타,,발표 시기 미상,,,번역서 1종 · 예: Chut c’est un secret,포함
The Old Woman with the Knife,,기타,,발표 시기 미상,,,번역서 1종 · 예: The Old Woman with the Knife,포함
文藝 2020 秋,,기타,,발표 시기 미상,,,번역서 1종 · 예: 文藝 2020 秋,포함
軍艦島,,기타,,발표 시기 미상,,,번역서 1종 · 예: 軍艦島,포함
Luvina 65,,기타,,발표 시기 미상,,,번역서 1종 · 예: Luvina 65,포함
世界曆史大奇航2：帝國的興衰,,기타,,발표 시기 미상,,,번역서 1종 · 예: 世界曆史大奇航2：帝國的興衰,포함
Literatura na Świecie,,기타,,발표 시기 미상,,,번역서 1종 · 예: Literatura na Świecie,포함
ИНОСТРАННАЯ ПИТЕРАТУРА,,기타,,발표 시기 미상,,,번역서 1종 · 예: ИНОСТРАННАЯ ПИТЕРАТУРА,포함
ΠΑΤΣΙΝΚΟ,,기타,,발표 시기 미상,,,번역서 1종 · 예: ΠΑΤΣΙΝΚΟ,포함
Vì Tôi Ghét Hàn Quốc,,기타,,발표 시기 미상,,,번역서 1종 · 예: Vì Tôi Ghét Hàn Quốc,포함
หนุ่มบ้านไร่หัวใจปิ๊งรัก,,기타,,발표 시기 미상,,,번역서 1종 · 예: หนุ่มบ้านไร่หัวใจปิ๊งรัก,포함
高句麗史硏究,,기타,,발표 시기 미상,,,번역서 1종 · 예: 高句麗史硏究,포함
แซลมอนสอนคน,,기타,,발표 시기 미상,,,번역서 1종 · 예: แซลมอนสอนคน,포함
Europe revue littéraire mensuelle,,기타,,발표 시기 미상,,,번역서 1종 · 예: Europe revue littéraire mensuelle,포함
Le Portrait de La Traviata,,기타,,발표 시기 미상,,,번역서 1종 · 예: Le Portrait de La Traviata,포함
A vízisten menyasszonya I Volume 11,,기타,,발표 시기 미상,,,번역서 1종 · 예: A vízisten menyasszonya I Volume 11,포함
簡単なことではないけれど大丈夫な人になりたい,,기타,,발표 시기 미상,,,번역서 1종 · 예: 簡単なことではないけれど大丈夫な人になりたい,포함
IL CANE CHE OSAVA SOGNARE,,기타,,발표 시기 미상,,,번역서 1종 · 예: IL CANE CHE OSAVA SOGNARE,포함
कुत्ता जिसने सपने देखने की हिम्मत की,,기타,,발표 시기 미상,,,번역서 1종 · 예: कुत्ता जिसने सपने देखने की हिम्मत की,포함
Het huis met de kersenbloesem,,기타,,발표 시기 미상,,,번역서 1종 · 예: Het huis met de kersenbloesem,포함
ソウルはいま何時か,,기타,,발표 시기 미상,,,번역서 1종 · 예: ソウルはいま何時か,포함
シュリ,,기타,,발표 시기 미상,,,번역서 1종 · 예: シュリ,포함
成均館儒生たちの日々,,기타,,발표 시기 미상,,,번역서 1종 · 예: 成均館儒生たちの日々,포함
I Want to Die but I Want to Eat Tteokpokki,,기타,,발표 시기 미상,,,번역서 1종 · 예: I Want to Die but I Want to Eat Tteokpokki,포함
薩哈公寓,,기타,,발표 시기 미상,,,번역서 1종 · 예: 薩哈公寓,포함
Den rätta tiden för en kula i hjärtat,,기타,,발표 시기 미상,,,번역서 1종 · 예: Den rätta tiden för en kula i hjärtat,포함
Oprește-te puțin și privește în jur,,기타,,발표 시기 미상,,,번역서 1종 · 예: Oprește-te puțin și privește în jur,포함
As Coisas Que Você Só Vê Quando Desacelera,,기타,,발표 시기 미상,,,번역서 1종 · 예: As Coisas Que Você Só Vê Quando Desacelera,포함
ذات يوم كنا حبيبين تراجيديا الحب والطموح,,기타,,발표 시기 미상,,,번역서 1종 · 예: ذات يوم كنا حبيبين تراجيديا الحب والطموح,포함
Die Liebe zu den nicht perfekten Dingen,,기타,,발표 시기 미상,,,번역서 1종 · 예: Die Liebe zu den nicht perfekten Dingen,포함
Allt du kan se när du saktar ner,,기타,,발표 시기 미상,,,번역서 1종 · 예: Allt du kan se när du saktar ner,포함
I'm Waiting for You: And Other Stories,,단편소설,,발표 시기 미상,,,번역서 1종 · 예: I'm Waiting for You: And Other Stories,포함
Kim Jiyoung. Urodzona w 1982,,기타,,발표 시기 미상,,,번역서 1종 · 예: Kim Jiyoung. Urodzona w 1982,포함
"Kim Jiyoung, geboren 1982: Roman",,장편소설,,발표 시기 미상,,,"번역서 1종 · 예: Kim Jiyoung, geboren 1982: Roman",포함
Hefte für ostasiatische Literatur 59,,기타,,발표 시기 미상,,,번역서 1종 · 예: Hefte für ostasiatische Literatur 59,포함
Hefte für Ostasiatische Literatur 50,,기타,,발표 시기 미상,,,번역서 1종 · 예: Hefte für Ostasiatische Literatur 50,포함
Hefte für ostasiatische Literatur (58. Zwischen Himmel und Erde),,기타,,발표 시기 미상,,,번역서 1종 · 예: Hefte für ostasiatische Literatur (58. Zwischen Himmel und Erde),포함
Hefte für ostasiatische Literatur 57,,기타,,발표 시기 미상,,,번역서 1종 · 예: Hefte für ostasiatische Literatur 57,포함
Hefte für ostasiatische Literatur (56. Die Achse eines Tages),,기타,,발표 시기 미상,,,번역서 1종 · 예: Hefte für ostasiatische Literatur (56. Die Achse eines Tages),포함
Hefte für ostasiatische Literatur (54. Goliath im Wasser),,기타,,발표 시기 미상,,,번역서 1종 · 예: Hefte für ostasiatische Literatur (54. Goliath im Wasser),포함
"Hefte für ostasiatische Literatur (53. 3 Eßtische, 3 Zigaretten)",,기타,,발표 시기 미상,,,"번역서 1종 · 예: Hefte für ostasiatische Literatur (53. 3 Eßtische, 3 Zigaretten)",포함
Hefte für Ostasiatische Literatur (48. Treffen Spinnen Schweine),,기타,,발표 시기 미상,,,번역서 1종 · 예: Hefte für Ostasiatische Literatur (48. Treffen Spinnen Schweine),포함
Hefte für Ostasiatische Literatur 46,,기타,,발표 시기 미상,,,번역서 1종 · 예: Hefte für Ostasiatische Literatur 46,포함
Hefte für Ostasiatische Literatur (44. Fünfzehn fixe Ideen),,기타,,발표 시기 미상,,,번역서 1종 · 예: Hefte für Ostasiatische Literatur (44. Fünfzehn fixe Ideen),포함
ほっといて欲しいけど、ひとりはいや。,,기타,,발표 시기 미상,,,번역서 1종 · 예: ほっといて欲しいけど、ひとりはいや。,포함
Hayal Kurmaya Cesaret Eden Köpek,,기타,,발표 시기 미상,,,번역서 1종 · 예: Hayal Kurmaya Cesaret Eden Köpek,포함
致賢南哥,,기타,,발표 시기 미상,,,번역서 1종 · 예: 致賢南哥,포함
あやうく一生懸命生きるところだった,,기타,,발표 시기 미상,,,번역서 1종 · 예: あやうく一生懸命生きるところだった,포함
"Kim Jiyoung, Born 1982",,기타,,발표 시기 미상,,,"번역서 1종 · 예: Kim Jiyoung, Born 1982",포함
번역서지 LAS 등록 테스트,,기타,,발표 시기 미상,,,번역서 1종 · 예: 번역서지 LAS 등록 테스트,포함
Một Muỗng Thời Gian,,기타,,발표 시기 미상,,,번역서 1종 · 예: Một Muỗng Thời Gian,포함
مرغی که رؤیای پرواز در سر داشت,,기타,,발표 시기 미상,,,번역서 1종 · 예: مرغی که رؤیای پرواز در سر داشت,포함
Hati-Hati Dengan Hatiku,,기타,,발표 시기 미상,,,번역서 1종 · 예: Hati-Hati Dengan Hatiku,포함
サイコだけど大丈夫 上,,기타,,발표 시기 미상,,,번역서 1종 · 예: サイコだけど大丈夫 上,포함
続けてみます,,기타,,발표 시기 미상,,,번역서 1종 · 예: 続けてみます,포함
死にたいけどトッポッキは食べたい 2,,기타,,발표 시기 미상,,,번역서 1종 · 예: 死にたいけどトッポッキは食べたい 2,포함
天気が良ければ訪ねて行きます,,기타,,발표 시기 미상,,,번역서 1종 · 예: 天気が良ければ訪ねて行きます,포함
みんな知ってる、みんな知らない,,기타,,발표 시기 미상,,,번역서 1종 · 예: みんな知ってる、みんな知らない,포함
Don't Get My Heart Hurt อย่าให้ใจเราเจ็บ,,기타,,발표 시기 미상,,,번역서 1종 · 예: Don't Get My Heart Hurt อย่าให้ใจเราเจ็บ,포함
ไม่เป็นไรนะ ถ้าตอนนี้ยัง…,,기타,,발표 시기 미상,,,번역서 1종 · 예: ไม่เป็นไรนะ ถ้าตอนนี้ยัง…,포함
พักให้ไหว ค่อยไปต่อ,,기타,,발표 시기 미상,,,번역서 1종 · 예: พักให้ไหว ค่อยไปต่อ,포함
とにかく、トッポッキ,,기타,,발표 시기 미상,,,번역서 1종 · 예: とにかく、トッポッキ,포함
女ふたり、暮らしています。,,기타,,발표 시기 미상,,,번역서 1종 · 예: 女ふたり、暮らしています。,포함
ミカンの味,,기타,,발표 시기 미상,,,번역서 1종 · 예: ミカンの味,포함
"Io, B e Libro",,기타,,발표 시기 미상,,,"번역서 1종 · 예: Io, B e Libro",포함
ไม่ได้ขี้เกียจ แค่กำลังชาร์จพลัง,,기타,,발표 시기 미상,,,번역서 1종 · 예: ไม่ได้ขี้เกียจ แค่กำลังชาร์จพลัง,포함
ห่างแค่ไหนถึงใกล้กันกำลังดี,,기타,,발표 시기 미상,,,번역서 1종 · 예: ห่างแค่ไหนถึงใกล้กันกำลังดี,포함
เราจะเติบโตขึ้นทุกครั้งหลังฝนตก,,기타,,발표 시기 미상,,,번역서 1종 · 예: เราจะเติบโตขึ้นทุกครั้งหลังฝนตก,포함
กาซีโกกี,,기타,,발표 시기 미상,,,번역서 1종 · 예: กาซีโกกี,포함
Trộm – hay lời thú tội của một chiếc gai,,기타,,발표 시기 미상,,,번역서 1종 · 예: Trộm – hay lời thú tội của một chiếc gai,포함
MA SŒUR MONGSIL,,기타,,발표 시기 미상,,,번역서 1종 · 예: MA SŒUR MONGSIL,포함
うさぎと潜水艦,,기타,,발표 시기 미상,,,번역서 1종 · 예: うさぎと潜水艦,포함
Tango,,기타,,발표 시기 미상,,,번역서 1종 · 예: Tango,포함
Wonderful Radio,,기타,,발표 시기 미상,,,번역서 1종 · 예: Wonderful Radio,포함
ХӨВГҮҮН ИРЛЭЭ,,기타,,발표 시기 미상,,,번역서 1종 · 예: ХӨВГҮҮН ИРЛЭЭ,포함
L'infinito mare dei vent'anni,,기타,,발표 시기 미상,,,번역서 1종 · 예: L'infinito mare dei vent'anni,포함
The Master's Sun #2,,기타,,발표 시기 미상,,,번역서 1종 · 예: The Master's Sun #2,포함
แล้วทุกอย่างจะดีขึ้นจริง ๆ นะ,,기타,,발표 시기 미상,,,번역서 1종 · 예: แล้วทุกอย่างจะดีขึ้นจริง ๆ นะ,포함
เริ่มต้นที่รักตัวเอง,,기타,,발표 시기 미상,,,번역서 1종 · 예: เริ่มต้นที่รักตัวเอง,포함
真夜中のちいさなようせい,,기타,,발표 시기 미상,,,번역서 1종 · 예: 真夜中のちいさなようせい,포함
Çukur,,기타,,발표 시기 미상,,,번역서 1종 · 예: Çukur,포함
土地 9,,기타,,발표 시기 미상,,,번역서 1종 · 예: 土地 9,포함
土地 10,,기타,,발표 시기 미상,,,번역서 1종 · 예: 土地 10,포함
土地 11,,기타,,발표 시기 미상,,,번역서 1종 · 예: 土地 11,포함
วันหนึ่งในฤดูร้อน มีศพนอนอยู่ที่ไหนสักแห่ง,,기타,,발표 시기 미상,,,번역서 1종 · 예: วันหนึ่งในฤดูร้อน มีศพนอนอยู่ที่ไหนสักแห่ง,포함
Trawa,,기타,,발표 시기 미상,,,번역서 1종 · 예: Trawa,포함
Tráva,,기타,,발표 시기 미상,,,번역서 1종 · 예: Tráva,포함
すべての瞬間が君だった,,기타,,발표 시기 미상,,,번역서 1종 · 예: すべての瞬間が君だった,포함
ぼくは幽霊作家です,,기타,,발표 시기 미상,,,번역서 1종 · 예: ぼくは幽霊作家です,포함
ความรักก็เป็นแบบนี้,,기타,,발표 시기 미상,,,번역서 1종 · 예: ความรักก็เป็นแบบนี้,포함
ยังไม่สายไป เริ่มใหม่ตอนนี้,,기타,,발표 시기 미상,,,번역서 1종 · 예: ยังไม่สายไป เริ่มใหม่ตอนนี้,포함
ยิ้มรับคนไม่ดีที่ผ่านเข้ามาในชีวิต,,기타,,발표 시기 미상,,,번역서 1종 · 예: ยิ้มรับคนไม่ดีที่ผ่านเข้ามาในชีวิต,포함
女の答えはピッチにある,,기타,,발표 시기 미상,,,번역서 1종 · 예: 女の答えはピッチにある,포함
実は、内向的な人間です,,기타,,발표 시기 미상,,,번역서 1종 · 예: 実は、内向的な人間です,포함
アヒル命名会議,,기타,,발표 시기 미상,,,번역서 1종 · 예: アヒル命名会議,포함
７１歳パク・マンネの人生大逆転,,기타,,발표 시기 미상,,,번역서 1종 · 예: ７１歳パク・マンネの人生大逆転,포함
Every Moment Was You,,기타,,발표 시기 미상,,,번역서 1종 · 예: Every Moment Was You,포함
Every Moment Was You ทุกช่วงคือเวลาของเรา,,기타,,발표 시기 미상,,,번역서 1종 · 예: Every Moment Was You ทุกช่วงคือเวลาของเรา,포함
นี่เราใช้ชีวิตยากเกินไปหรือเปล่านะ,,기타,,발표 시기 미상,,,번역서 1종 · 예: นี่เราใช้ชีวิตยากเกินไปหรือเปล่านะ,포함
أرجوك اعتني بأمي,,기타,,발표 시기 미상,,,번역서 1종 · 예: أرجوك اعتني بأمي,포함
金学鉄文学選集-金学鉄短篇小說集,,단편소설,,발표 시기 미상,,,번역서 1종 · 예: 金学鉄文学選集-金学鉄短篇小說集,포함
Truyện nàng thiếu phụ Suk-yeong,,기타,,발표 시기 미상,,,번역서 1종 · 예: Truyện nàng thiếu phụ Suk-yeong,포함
The Master's Sun #1,,기타,,발표 시기 미상,,,번역서 1종 · 예: The Master's Sun #1,포함
失控隧道：我們都是沒有露臉的殺人者,,기타,,발표 시기 미상,,,번역서 1종 · 예: 失控隧道：我們都是沒有露臉的殺人者,포함
ھیچ گلی بی حرکت نمی شکفد,,기타,,발표 시기 미상,,,번역서 1종 · 예: ھیچ گلی بی حرکت نمی شکفد,포함
Shoko's Smile,,기타,,발표 시기 미상,,,번역서 1종 · 예: Shoko's Smile,포함
Nụ cười của Shoko,,기타,,발표 시기 미상,,,번역서 1종 · 예: Nụ cười của Shoko,포함
Zombies juke-box,,기타,,발표 시기 미상,,,번역서 1종 · 예: Zombies juke-box,포함
Вегетарианката,,기타,,발표 시기 미상,,,번역서 1종 · 예: Вегетарианката,포함
Ваша тень понедельник,,기타,,발표 시기 미상,,,번역서 1종 · 예: Ваша тень понедельник,포함
گیاهخوار,,기타,,발표 시기 미상,,,번역서 1종 · 예: گیاهخوار,포함
Naše srećno doba,,기타,,발표 시기 미상,,,번역서 1종 · 예: Naše srećno doba,포함
เราต่างหลงทางในความเปลี่ยวว้าง,,기타,,발표 시기 미상,,,번역서 1종 · 예: เราต่างหลงทางในความเปลี่ยวว้าง,포함
زنی که درخت شد,,기타,,발표 시기 미상,,,번역서 1종 · 예: زنی که درخت شد,포함
De uren die we deelden,,기타,,발표 시기 미상,,,번역서 1종 · 예: De uren die we deelden,포함
Nasze szczęśliwe czasy,,기타,,발표 시기 미상,,,번역서 1종 · 예: Nasze szczęśliwe czasy,포함
Je vais ainsi,,기타,,발표 시기 미상,,,번역서 1종 · 예: Je vais ainsi,포함
خاطرات یک آدمکش,,기타,,발표 시기 미상,,,번역서 1종 · 예: خاطرات یک آدمکش,포함
Come una sorella,,기타,,발표 시기 미상,,,번역서 1종 · 예: Come una sorella,포함
I'll Go To You When the Weather is Nice,,기타,,발표 시기 미상,,,번역서 1종 · 예: I'll Go To You When the Weather is Nice,포함
Мусорный остров,,기타,,발표 시기 미상,,,번역서 1종 · 예: Мусорный остров,포함
Frühling im Fegefeuer,,기타,,발표 시기 미상,,,번역서 1종 · 예: Frühling im Fegefeuer,포함
Kudłata,,기타,,발표 시기 미상,,,번역서 1종 · 예: Kudłata,포함
แล้วมันจะผ่านไปไม่ต่างอะไรกับฤดูกาล,,기타,,발표 시기 미상,,,번역서 1종 · 예: แล้วมันจะผ่านไปไม่ต่างอะไรกับฤดูกาล,포함
L'île des chamanes,,기타,,발표 시기 미상,,,번역서 1종 · 예: L'île des chamanes,포함
Deep Rooted Tree #2,,기타,,발표 시기 미상,,,번역서 1종 · 예: Deep Rooted Tree #2,포함
Deep Rooted Tree #1,,기타,,발표 시기 미상,,,번역서 1종 · 예: Deep Rooted Tree #1,포함
Entenbootweltbürger,,기타,,발표 시기 미상,,,번역서 1종 · 예: Entenbootweltbürger,포함
Oncle Suni,,기타,,발표 시기 미상,,,번역서 1종 · 예: Oncle Suni,포함
再见，埃琳娜,,기타,,발표 시기 미상,,,번역서 1종 · 예: 再见，埃琳娜,포함
My Boyfriend's Wedding Dress,,기타,,발표 시기 미상,,,번역서 1종 · 예: My Boyfriend's Wedding Dress,포함
A Boy Is Looking at the White Moon from a Classroom Under the Sea,,기타,,발표 시기 미상,,,번역서 1종 · 예: A Boy Is Looking at the White Moon from a Classroom Under the Sea,포함
Homo Maskus,,기타,,발표 시기 미상,,,번역서 1종 · 예: Homo Maskus,포함
Pillar of Books,,기타,,발표 시기 미상,,,번역서 1종 · 예: Pillar of Books,포함
Dollagoot,,기타,,발표 시기 미상,,,번역서 1종 · 예: Dollagoot,포함
"Kim Jiyeong, născută în 1982",,기타,,발표 시기 미상,,,"번역서 1종 · 예: Kim Jiyeong, născută în 1982",포함
Noite e dia desconhecidos,,기타,,발표 시기 미상,,,번역서 1종 · 예: Noite e dia desconhecidos,포함
De hond die durfde te dromen,,기타,,발표 시기 미상,,,번역서 1종 · 예: De hond die durfde te dromen,포함
ร้านมหัศจรรย์สำหรับคนไม่หยุดฝัน,,기타,,발표 시기 미상,,,번역서 1종 · 예: ร้านมหัศจรรย์สำหรับคนไม่หยุดฝัน,포함
Самое слабое в мире чудовище,,기타,,발표 시기 미상,,,번역서 1종 · 예: Самое слабое в мире чудовище,포함
Das Dorf am Fluss,,기타,,발표 시기 미상,,,번역서 1종 · 예: Das Dorf am Fluss,포함
天國少年,,기타,,발표 시기 미상,,,번역서 1종 · 예: 天國少年,포함
帝国大学の朝鮮人,,기타,,발표 시기 미상,,,번역서 1종 · 예: 帝国大学の朝鮮人,포함
土地 13,,기타,,발표 시기 미상,,,번역서 1종 · 예: 土地 13,포함
มี ในเมษายน ซอล ในกรกฎาคม,,기타,,발표 시기 미상,,,번역서 1종 · 예: มี ในเมษายน ซอล ในกรกฎาคม,포함
Grama,,기타,,발표 시기 미상,,,번역서 1종 · 예: Grama,포함
"Chaos et ordre dans un musée, Bijou et femme (TOME II)",,기타,,발표 시기 미상,,,"번역서 1종 · 예: Chaos et ordre dans un musée, Bijou et femme (TOME II)",포함
世界の古典と賢者の知恵に学ぶ言葉の力,,기타,,발표 시기 미상,,,번역서 1종 · 예: 世界の古典と賢者の知恵に学ぶ言葉の力,포함
"Eins – zwei, eins – zwei – drei",,기타,,발표 시기 미상,,,"번역서 1종 · 예: Eins – zwei, eins – zwei – drei",포함
ถ้าวันหนึ่งนั้น ... ฉันตาย,,기타,,발표 시기 미상,,,번역서 1종 · 예: ถ้าวันหนึ่งนั้น ... ฉันตาย,포함
ANTHOLOGIE DE NOUVELLES CORÉENNES CONTEMPORAINES,,단편소설,,발표 시기 미상,,,번역서 1종 · 예: ANTHOLOGIE DE NOUVELLES CORÉENNES CONTEMPORAINES,포함
Bonne nuit maman,,기타,,발표 시기 미상,,,번역서 1종 · 예: Bonne nuit maman,포함
Likwidator,,기타,,발표 시기 미상,,,번역서 1종 · 예: Likwidator,포함
L'Autre de Rimbaud,,기타,,발표 시기 미상,,,번역서 1종 · 예: L'Autre de Rimbaud,포함
Das Tagebuch von Baekbom,,기타,,발표 시기 미상,,,번역서 1종 · 예: Das Tagebuch von Baekbom,포함
Lost Alleys,,기타,,발표 시기 미상,,,번역서 1종 · 예: Lost Alleys,포함
Grænmetisætan,,기타,,발표 시기 미상,,,번역서 1종 · 예: Grænmetisætan,포함
Le Malerbe,,기타,,발표 시기 미상,,,번역서 1종 · 예: Le Malerbe,포함
空と風と星と詩人 尹東柱評伝,,시,,발표 시기 미상,,,번역서 1종 · 예: 空と風と星と詩人 尹東柱評伝,포함
コリアン・ミステリ,,기타,,발표 시기 미상,,,번역서 1종 · 예: コリアン・ミステリ,포함
グミョンの灯が消えるとき,,기타,,발표 시기 미상,,,번역서 1종 · 예: グミョンの灯が消えるとき,포함
白夜 (上),,기타,,발표 시기 미상,,,번역서 1종 · 예: 白夜 (上),포함
Liebende,,기타,,발표 시기 미상,,,번역서 1종 · 예: Liebende,포함
The Law of Lines,,기타,,발표 시기 미상,,,번역서 1종 · 예: The Law of Lines,포함
Flowers of Mold & Other Stories,,단편소설,,발표 시기 미상,,,번역서 1종 · 예: Flowers of Mold & Other Stories,포함
Il surveille son père,,기타,,발표 시기 미상,,,번역서 1종 · 예: Il surveille son père,포함
La chaîne des monts Taebaek Tome 5,,기타,,발표 시기 미상,,,번역서 1종 · 예: La chaîne des monts Taebaek Tome 5,포함
La chaîne des monts Taebaek Tome 4,,기타,,발표 시기 미상,,,번역서 1종 · 예: La chaîne des monts Taebaek Tome 4,포함
海女たち―愛を抱かずしてどうして海に入られようか,,기타,,발표 시기 미상,,,번역서 1종 · 예: 海女たち―愛を抱かずしてどうして海に入られようか,포함
Meine Mutter war einen,,기타,,발표 시기 미상,,,번역서 1종 · 예: Meine Mutter war einen,포함
Ma mère est une MENTEUSE,,기타,,발표 시기 미상,,,번역서 1종 · 예: Ma mère est une MENTEUSE,포함
A Drink of Red Mirror,,기타,,발표 시기 미상,,,번역서 1종 · 예: A Drink of Red Mirror,포함
I cospiratori,,기타,,발표 시기 미상,,,번역서 1종 · 예: I cospiratori,포함
Ametlla,,기타,,발표 시기 미상,,,번역서 1종 · 예: Ametlla,포함
UNE ENFANCE EN CORÉE,,기타,,발표 시기 미상,,,번역서 1종 · 예: UNE ENFANCE EN CORÉE,포함
UNE ENFANCE EN CORÉE,,기타,,발표 시기 미상,,,번역서 1종 · 예: UNE ENFANCE EN CORÉE,포함
ギター・ブギー・シャッフル,,기타,,발표 시기 미상,,,번역서 1종 · 예: ギター・ブギー・シャッフル,포함
Schneeweg,,기타,,발표 시기 미상,,,번역서 1종 · 예: Schneeweg,포함
"Maître, pourquoi?petit traité de sagesse pour le monde présent",,기타,,발표 시기 미상,,,"번역서 1종 · 예: Maître, pourquoi?petit traité de sagesse pour le monde présent",포함
"Wer glücklich ist, schaut nicht auf die Uhr",,기타,,발표 시기 미상,,,"번역서 1종 · 예: Wer glücklich ist, schaut nicht auf die Uhr",포함
若你傾聽,,기타,,발표 시기 미상,,,번역서 1종 · 예: 若你傾聽,포함
Butterfly Sleep,,기타,,발표 시기 미상,,,번역서 1종 · 예: Butterfly Sleep,포함
就算哭泣也不能改變什麼,,기타,,발표 시기 미상,,,번역서 1종 · 예: 就算哭泣也不能改變什麼,포함
Nostagia,,기타,,발표 시기 미상,,,번역서 1종 · 예: Nostagia,포함
อุ่นไอรัก พฤหัสของเรา,,기타,,발표 시기 미상,,,번역서 1종 · 예: อุ่นไอรัก พฤหัสของเรา,포함
吹過星星的風：韓國小說大家經典代表作（戰前篇）,,기타,,발표 시기 미상,,,번역서 1종 · 예: 吹過星星的風：韓國小說大家經典代表作（戰前篇）,포함
Мемуары убийцы,,기타,,발표 시기 미상,,,번역서 1종 · 예: Мемуары убийцы,포함
PUERTO DEL SOL [THE KOREAN WOMEN WRITERS ISSUE],,기타,,발표 시기 미상,,,번역서 1종 · 예: PUERTO DEL SOL [THE KOREAN WOMEN WRITERS ISSUE],포함
DAS GRASDACH. EIN KOREANER ERZÄHLT SEIN LEBEN,,기타,,발표 시기 미상,,,번역서 1종 · 예: DAS GRASDACH. EIN KOREANER ERZÄHLT SEIN LEBEN,포함
AU PAYS DU MATIN CALME,,기타,,발표 시기 미상,,,번역서 1종 · 예: AU PAYS DU MATIN CALME,포함
DRONOVÁ STŘECHA,,기타,,발표 시기 미상,,,번역서 1종 · 예: DRONOVÁ STŘECHA,포함
7 Tahun Kegelapan,,기타,,발표 시기 미상,,,번역서 1종 · 예: 7 Tahun Kegelapan,포함
Donne di Chosŏn. Da Ch'unhyang a Hyang-Rang,,기타,,발표 시기 미상,,,번역서 1종 · 예: Donne di Chosŏn. Da Ch'unhyang a Hyang-Rang,포함
Ballena gris,,기타,,발표 시기 미상,,,번역서 1종 · 예: Ballena gris,포함
Los Planificadores,,기타,,발표 시기 미상,,,번역서 1종 · 예: Los Planificadores,포함
分段體制 民族文學,,기타,,발표 시기 미상,,,번역서 1종 · 예: 分段體制 民族文學,포함
The Good Son,,기타,,발표 시기 미상,,,번역서 1종 · 예: The Good Son,포함
人生不是单程旅行,,기타,,발표 시기 미상,,,번역서 1종 · 예: 人生不是单程旅行,포함
Was? Leslie Cheung ist tot?,,기타,,발표 시기 미상,,,번역서 1종 · 예: Was? Leslie Cheung ist tot?,포함
Deine kalten Hände,,기타,,발표 시기 미상,,,번역서 1종 · 예: Deine kalten Hände,포함
Mutlu Günlerimiz,,기타,,발표 시기 미상,,,번역서 1종 · 예: Mutlu Günlerimiz,포함
A Saia da Vovó,,기타,,발표 시기 미상,,,번역서 1종 · 예: A Saia da Vovó,포함
Hija única,,기타,,발표 시기 미상,,,번역서 1종 · 예: Hija única,포함
The Only Child,,기타,,발표 시기 미상,,,번역서 1종 · 예: The Only Child,포함
"séoul, vite, vite!",,기타,,발표 시기 미상,,,"번역서 1종 · 예: séoul, vite, vite!",포함
La Porte des secrets,,기타,,발표 시기 미상,,,번역서 1종 · 예: La Porte des secrets,포함
Sang chaud,,기타,,발표 시기 미상,,,번역서 1종 · 예: Sang chaud,포함
保健室のアン・ウニョン先生,,기타,,발표 시기 미상,,,번역서 1종 · 예: 保健室のアン・ウニョン先生,포함
月光色のチマ,,기타,,발표 시기 미상,,,번역서 1종 · 예: 月光色のチマ,포함
因為是父親，所以,,기타,,발표 시기 미상,,,번역서 1종 · 예: 因為是父親，所以,포함
拯救地球大作戰4：環境荷爾蒙,,기타,,발표 시기 미상,,,번역서 1종 · 예: 拯救地球大作戰4：環境荷爾蒙,포함
La chaîne des monts Taebaek Tome 2,,기타,,발표 시기 미상,,,번역서 1종 · 예: La chaîne des monts Taebaek Tome 2,포함
Lo que nunca sabrás,,기타,,발표 시기 미상,,,번역서 1종 · 예: Lo que nunca sabrás,포함
Bluebeard's First Wife,,기타,,발표 시기 미상,,,번역서 1종 · 예: Bluebeard's First Wife,포함
Seven Years of Darkness,,기타,,발표 시기 미상,,,번역서 1종 · 예: Seven Years of Darkness,포함
La chaîne des monts Taebaek Tome 6,,기타,,발표 시기 미상,,,번역서 1종 · 예: La chaîne des monts Taebaek Tome 6,포함
A Love Song for the Earnest,,기타,,발표 시기 미상,,,번역서 1종 · 예: A Love Song for the Earnest,포함
Three Poets of Modern Korea,,기타,,발표 시기 미상,,,번역서 1종 · 예: Three Poets of Modern Korea,포함
The Shadow of Arms,,기타,,발표 시기 미상,,,번역서 1종 · 예: The Shadow of Arms,포함
Friend,,기타,,발표 시기 미상,,,번역서 1종 · 예: Friend,포함
Tongue,,기타,,발표 시기 미상,,,번역서 1종 · 예: Tongue,포함
DOOBTAY SOORAJ KI TASVEER A Sketch of the Fading Sun,,기타,,발표 시기 미상,,,번역서 1종 · 예: DOOBTAY SOORAJ KI TASVEER A Sketch of the Fading Sun,포함
Songs of the Kisaeng,,기타,,발표 시기 미상,,,번역서 1종 · 예: Songs of the Kisaeng,포함
私の頭の中まで入ってきた泥棒,,기타,,발표 시기 미상,,,번역서 1종 · 예: 私の頭の中まで入ってきた泥棒,포함
見,,기타,,발표 시기 미상,,,번역서 1종 · 예: 見,포함
Hãy Đến Vườn Nhà Mình Chơi Nhé!,,기타,,발표 시기 미상,,,번역서 1종 · 예: Hãy Đến Vườn Nhà Mình Chơi Nhé!,포함
科學發明王1：磁鐵的極性,,기타,,발표 시기 미상,,,번역서 1종 · 예: 科學發明王1：磁鐵的極性,포함
科學 發明王,,기타,,발표 시기 미상,,,번역서 1종 · 예: 科學 發明王,포함
黃金戰士大冒險1：來曆不明的生物,,기타,,발표 시기 미상,,,번역서 1종 · 예: 黃金戰士大冒險1：來曆不明的生物,포함
黃金戰士大冒險2：沒有尾巴的戰士,,기타,,발표 시기 미상,,,번역서 1종 · 예: 黃金戰士大冒險2：沒有尾巴的戰士,포함
Les Mensonges du Sewol,,기타,,발표 시기 미상,,,번역서 1종 · 예: Les Mensonges du Sewol,포함
わたしに無害なひと,,기타,,발표 시기 미상,,,번역서 1종 · 예: わたしに無害なひと,포함
"L'armée de la résistance, tome 2",,기타,,발표 시기 미상,,,"번역서 1종 · 예: L'armée de la résistance, tome 2",포함
世界曆史大奇航 1：文明的誕生,,기타,,발표 시기 미상,,,번역서 1종 · 예: 世界曆史大奇航 1：文明的誕生,포함
La chaîne des monts Taebaek Tome 7,,기타,,발표 시기 미상,,,번역서 1종 · 예: La chaîne des monts Taebaek Tome 7,포함
La chaîne des monts Taebaek Tome 8,,기타,,발표 시기 미상,,,번역서 1종 · 예: La chaîne des monts Taebaek Tome 8,포함
太陽を抱く月 (下),,기타,,발표 시기 미상,,,번역서 1종 · 예: 太陽を抱く月 (下),포함
Seri Sastra Korea Abad Ke-20 Jilid 3,,기타,,발표 시기 미상,,,번역서 1종 · 예: Seri Sastra Korea Abad Ke-20 Jilid 3,포함
Hefte für ostasiatische Literatur (47. Falscher Herzen Rat),,기타,,발표 시기 미상,,,번역서 1종 · 예: Hefte für ostasiatische Literatur (47. Falscher Herzen Rat),포함
El castillo del barón Quirval y otros relatos,,기타,,발표 시기 미상,,,번역서 1종 · 예: El castillo del barón Quirval y otros relatos,포함
Koreas entmilitarisierte Zoneein einzigartiger Landstrich,,기타,,발표 시기 미상,,,번역서 1종 · 예: Koreas entmilitarisierte Zoneein einzigartiger Landstrich,포함
"COURS PAPA, COURS!",,기타,,발표 시기 미상,,,"번역서 1종 · 예: COURS PAPA, COURS!",포함
LE VISITEUR DU SUD,,기타,,발표 시기 미상,,,번역서 1종 · 예: LE VISITEUR DU SUD,포함
Une histoire fort morale,,기타,,발표 시기 미상,,,번역서 1종 · 예: Une histoire fort morale,포함
Koreas Holzkunsthandwerk,,기타,,발표 시기 미상,,,번역서 1종 · 예: Koreas Holzkunsthandwerk,포함
Dokkaebi,,기타,,발표 시기 미상,,,번역서 1종 · 예: Dokkaebi,포함
Wegweiser für die unwissende Jugend,,기타,,발표 시기 미상,,,번역서 1종 · 예: Wegweiser für die unwissende Jugend,포함
Lyrische Reise in das Diamanten-Gebirge Koreas. Keum-gang-san-shi,,기타,,발표 시기 미상,,,번역서 1종 · 예: Lyrische Reise in das Diamanten-Gebirge Koreas. Keum-gang-san-shi,포함
Résonance générale,,기타,,발표 시기 미상,,,번역서 1종 · 예: Résonance générale,포함
Pour ne pas rater ma dernière seconde,,기타,,발표 시기 미상,,,번역서 1종 · 예: Pour ne pas rater ma dernière seconde,포함
Я буду скучать,,기타,,발표 시기 미상,,,번역서 1종 · 예: Я буду скучать,포함
Привычный мир,,기타,,발표 시기 미상,,,번역서 1종 · 예: Привычный мир,포함
Hyegyeongnung Hongssi,,기타,,발표 시기 미상,,,번역서 1종 · 예: Hyegyeongnung Hongssi,포함
Saumon (Poche),,기타,,발표 시기 미상,,,번역서 1종 · 예: Saumon (Poche),포함
Le puits de mon âme,,기타,,발표 시기 미상,,,번역서 1종 · 예: Le puits de mon âme,포함
小説版 韓国・フェミニズム・日本,,기타,,발표 시기 미상,,,번역서 1종 · 예: 小説版 韓国・フェミニズム・日本,포함
烧纸,,기타,,발표 시기 미상,,,번역서 1종 · 예: 烧纸,포함
"Labanakt, mama",,기타,,발표 시기 미상,,,"번역서 1종 · 예: Labanakt, mama",포함
La chaîne des monts Taebaek Tome 10,,기타,,발표 시기 미상,,,번역서 1종 · 예: La chaîne des monts Taebaek Tome 10,포함
世界歷史大奇航.文明的誕生,,기타,,발표 시기 미상,,,번역서 1종 · 예: 世界歷史大奇航.文明的誕生,포함
"Brave Hong Gil-Dong / The Man Who Bought the Shade of a Tree Korean Folk Tales for Children, Vol 8",,동화,,발표 시기 미상,,,"번역서 1종 · 예: Brave Hong Gil-Dong / The Man Who Bought the Shade of a Tree Korean Folk Tales for Children, Vol 8",포함
"合格者, 仮面の裏",,기타,,발표 시기 미상,,,"번역서 1종 · 예: 合格者, 仮面の裏",포함
Das Geheimnis von Nummer 64,,기타,,발표 시기 미상,,,번역서 1종 · 예: Das Geheimnis von Nummer 64,포함
Le origini del male,,기타,,발표 시기 미상,,,번역서 1종 · 예: Le origini del male,포함
The Red Years,,기타,,발표 시기 미상,,,번역서 1종 · 예: The Red Years,포함
La chaîne des monts Taebaek Tome 1,,기타,,발표 시기 미상,,,번역서 1종 · 예: La chaîne des monts Taebaek Tome 1,포함
項羽と劉邦. 下,,기타,,발표 시기 미상,,,번역서 1종 · 예: 項羽と劉邦. 下,포함
Deux Personnes Seules au Monde,,기타,,발표 시기 미상,,,번역서 1종 · 예: Deux Personnes Seules au Monde,포함
Qu'est devenu l'homme coincé dans l'ascenseur ? et autres nouvelles,,단편소설,,발표 시기 미상,,,번역서 1종 · 예: Qu'est devenu l'homme coincé dans l'ascenseur ? et autres nouvelles,포함
Le Chant du pèlerin (Poche),,기타,,발표 시기 미상,,,번역서 1종 · 예: Le Chant du pèlerin (Poche),포함
Reunion so far away,,기타,,발표 시기 미상,,,번역서 1종 · 예: Reunion so far away,포함
THÉÂTRE CORÉEN CONTEMPORAiN,,희곡,,발표 시기 미상,,,번역서 1종 · 예: THÉÂTRE CORÉEN CONTEMPORAiN,포함
Una brava bambina,,기타,,발표 시기 미상,,,번역서 1종 · 예: Una brava bambina,포함
Der rote Apfel,,기타,,발표 시기 미상,,,번역서 1종 · 예: Der rote Apfel,포함
Modern Far Eastern stories,,단편소설,,발표 시기 미상,,,번역서 1종 · 예: Modern Far Eastern stories,포함
Korean short stories,,단편소설,,발표 시기 미상,,,번역서 1종 · 예: Korean short stories,포함
Korean Folk Tales,,동화,,발표 시기 미상,,,번역서 1종 · 예: Korean Folk Tales,포함
La chaîne des monts Taebaek Tome 3,,기타,,발표 시기 미상,,,번역서 1종 · 예: La chaîne des monts Taebaek Tome 3,포함
私たち皆のチョン・グィボ,,기타,,발표 시기 미상,,,번역서 1종 · 예: 私たち皆のチョン・グィボ,포함
私の生のアリバイ,,기타,,발표 시기 미상,,,번역서 1종 · 예: 私の生のアリバイ,포함
NĂM NHÀ THƠ HIỆN ĐẠI HÀN QUỐC,,기타,,발표 시기 미상,,,번역서 1종 · 예: NĂM NHÀ THƠ HIỆN ĐẠI HÀN QUỐC,포함
The Brush and the Sword: Kasa,,기타,,발표 시기 미상,,,번역서 1종 · 예: The Brush and the Sword: Kasa,포함
WIZARD BAKERY,,기타,,발표 시기 미상,,,번역서 1종 · 예: WIZARD BAKERY,포함
สตรีผู้มีอาชีพเลี้ยงลูก,,기타,,발표 시기 미상,,,번역서 1종 · 예: สตรีผู้มีอาชีพเลี้ยงลูก,포함
ο καλός γιος,,기타,,발표 시기 미상,,,번역서 1종 · 예: ο καλός γιος,포함
Modern Korean literature,,기타,,발표 시기 미상,,,번역서 1종 · 예: Modern Korean literature,포함
Trees of the World,,기타,,발표 시기 미상,,,번역서 1종 · 예: Trees of the World,포함
Ma vie en prison,,기타,,발표 시기 미상,,,번역서 1종 · 예: Ma vie en prison,포함
保健教師安恩英,,기타,,발표 시기 미상,,,번역서 1종 · 예: 保健教師安恩英,포함
ยัยตัวร้ายกับนายเจี๋ยมเจี้ยม-My sassy girl,,기타,,발표 시기 미상,,,번역서 1종 · 예: ยัยตัวร้ายกับนายเจี๋ยมเจี้ยม-My sassy girl,포함
El Cielo de Dios también tiene oscuridad,,기타,,발표 시기 미상,,,번역서 1종 · 예: El Cielo de Dios también tiene oscuridad,포함
Korea's Ancient Koguryo Kingdom,,기타,,발표 시기 미상,,,번역서 1종 · 예: Korea's Ancient Koguryo Kingdom,포함
LES PALAIS ROYAUX DE CORÉE,,기타,,발표 시기 미상,,,번역서 1종 · 예: LES PALAIS ROYAUX DE CORÉE,포함
Cochon sur gazon,,기타,,발표 시기 미상,,,번역서 1종 · 예: Cochon sur gazon,포함
"Tales of Korean Folk Paintings, Minwha",,기타,,발표 시기 미상,,,"번역서 1종 · 예: Tales of Korean Folk Paintings, Minwha",포함
Ngưới ăn chay,,기타,,발표 시기 미상,,,번역서 1종 · 예: Ngưới ăn chay,포함
現代詩手帖 2011年 3月号,,시,,발표 시기 미상,,,번역서 1종 · 예: 現代詩手帖 2011年 3月号,포함
Gražiausios Korėjos pasakos,,기타,,발표 시기 미상,,,번역서 1종 · 예: Gražiausios Korėjos pasakos,포함
Kẻ Cắp Xe Đạp,,기타,,발표 시기 미상,,,번역서 1종 · 예: Kẻ Cắp Xe Đạp,포함
Vương Quốc Nghìn Năm,,기타,,발표 시기 미상,,,번역서 1종 · 예: Vương Quốc Nghìn Năm,포함
現代詩手帖 2007年 8月号,,시,,발표 시기 미상,,,번역서 1종 · 예: 現代詩手帖 2007年 8月号,포함
ΕΦΤΑ ΧΡΟΝΙΑ ΣΚΟΤΑΔΙ,,기타,,발표 시기 미상,,,번역서 1종 · 예: ΕΦΤΑ ΧΡΟΝΙΑ ΣΚΟΤΑΔΙ,포함
LE PRISONNIER,,기타,,발표 시기 미상,,,번역서 1종 · 예: LE PRISONNIER,포함
雖然想死，但還是想吃辣炒年糕,,기타,,발표 시기 미상,,,번역서 1종 · 예: 雖然想死，但還是想吃辣炒年糕,포함
さすらう地,,기타,,발표 시기 미상,,,번역서 1종 · 예: さすらう地,포함
دنیا از چشم کلاغ,,기타,,발표 시기 미상,,,번역서 1종 · 예: دنیا از چشم کلاغ,포함
Memory Bookstore,,기타,,발표 시기 미상,,,번역서 1종 · 예: Memory Bookstore,포함
每個瞬間都是你,,기타,,발표 시기 미상,,,번역서 1종 · 예: 每個瞬間都是你,포함
被提1992,,기타,,발표 시기 미상,,,번역서 1종 · 예: 被提1992,포함
穿越世界走向你,,기타,,발표 시기 미상,,,번역서 1종 · 예: 穿越世界走向你,포함
牛骨湯,,기타,,발표 시기 미상,,,번역서 1종 · 예: 牛骨湯,포함
La secte des suicidés,,기타,,발표 시기 미상,,,번역서 1종 · 예: La secte des suicidés,포함
เดอะเฮเวน คาเฟ่สำหรับผู้ที่โหยหาความตาย,,기타,,발표 시기 미상,,,번역서 1종 · 예: เดอะเฮเวน คาเฟ่สำหรับผู้ที่โหยหาความตาย,포함
牛骨湯,,기타,,발표 시기 미상,,,번역서 1종 · 예: 牛骨湯,포함
請照顧我媽媽,,기타,,발표 시기 미상,,,번역서 1종 · 예: 請照顧我媽媽,포함
你的星星消失的夜晚,,기타,,발표 시기 미상,,,번역서 1종 · 예: 你的星星消失的夜晚,포함
他人,,기타,,발표 시기 미상,,,번역서 1종 · 예: 他人,포함
洞,,기타,,발표 시기 미상,,,번역서 1종 · 예: 洞,포함
アンニョン、大切な人。,,기타,,발표 시기 미상,,,번역서 1종 · 예: アンニョン、大切な人。,포함
Bone,,기타,,발표 시기 미상,,,번역서 1종 · 예: Bone,포함
我聽見你的聲音,,기타,,발표 시기 미상,,,번역서 1종 · 예: 我聽見你的聲音,포함
"李智雅姊姊, 現在終於能說了",,기타,,발표 시기 미상,,,"번역서 1종 · 예: 李智雅姊姊, 現在終於能說了",포함
沒有勇氣的一週,,기타,,발표 시기 미상,,,번역서 1종 · 예: 沒有勇氣的一週,포함
從此好好過生活,,기타,,발표 시기 미상,,,번역서 1종 · 예: 從此好好過生活,포함
Tappajat,,기타,,발표 시기 미상,,,번역서 1종 · 예: Tappajat,포함
Mortel Motel,,기타,,발표 시기 미상,,,번역서 1종 · 예: Mortel Motel,포함
C'est pour mieux te manger,,기타,,발표 시기 미상,,,번역서 1종 · 예: C'est pour mieux te manger,포함
雖然想死，但還是想吃辣炒年糕2,,기타,,발표 시기 미상,,,번역서 1종 · 예: 雖然想死，但還是想吃辣炒年糕2,포함
刺魚,,기타,,발표 시기 미상,,,번역서 1종 · 예: 刺魚,포함
有一天，媽媽老了,,기타,,발표 시기 미상,,,번역서 1종 · 예: 有一天，媽媽老了,포함
吸引,,기타,,발표 시기 미상,,,번역서 1종 · 예: 吸引,포함
薩德,,기타,,발표 시기 미상,,,번역서 1종 · 예: 薩德,포함
流離,,기타,,발표 시기 미상,,,번역서 1종 · 예: 流離,포함
มีใครบางคนหวังให้เธอมีชีวิตที่ดี,,기타,,발표 시기 미상,,,번역서 1종 · 예: มีใครบางคนหวังให้เธอมีชีวิตที่ดี,포함
Пересеку время ради тебя,,기타,,발표 시기 미상,,,번역서 1종 · 예: Пересеку время ради тебя,포함
ฉันจะข้ามเวลาไปหาเธอ,,기타,,발표 시기 미상,,,번역서 1종 · 예: ฉันจะข้ามเวลาไปหาเธอ,포함
背後的數字,,기타,,발표 시기 미상,,,번역서 1종 · 예: 背後的數字,포함
招魂,,기타,,발표 시기 미상,,,번역서 1종 · 예: 招魂,포함
那些美好的人啊,,기타,,발표 시기 미상,,,번역서 1종 · 예: 那些美好的人啊,포함
văn học,,기타,,발표 시기 미상,,,번역서 1종 · 예: văn học,포함
ฉันไม่เป็นไรจริงๆ ใช่ไหม,,기타,,발표 시기 미상,,,번역서 1종 · 예: ฉันไม่เป็นไรจริงๆ ใช่ไหม,포함
ร้านขายเวลา,,기타,,발표 시기 미상,,,번역서 1종 · 예: ร้านขายเวลา,포함
Things Left Behind,,기타,,발표 시기 미상,,,번역서 1종 · 예: Things Left Behind,포함
李善東生命清潔中心,,기타,,발표 시기 미상,,,번역서 1종 · 예: 李善東生命清潔中心,포함
漢摩拉比小姐,,기타,,발표 시기 미상,,,번역서 1종 · 예: 漢摩拉比小姐,포함
戀人,,기타,,발표 시기 미상,,,번역서 1종 · 예: 戀人,포함
她的私生活 下冊,,기타,,발표 시기 미상,,,번역서 1종 · 예: 她的私生活 下冊,포함
ร้านขนมอบเวทมนตร์,,기타,,발표 시기 미상,,,번역서 1종 · 예: ร้านขนมอบเวทมนตร์,포함
ร้านไม่สะดวกซื้อของคุณทกโก,,기타,,발표 시기 미상,,,번역서 1종 · 예: ร้านไม่สะดวกซื้อของคุณทกโก,포함
ปริซึม สีของความรู้สึก,,기타,,발표 시기 미상,,,번역서 1종 · 예: ปริซึม สีของความรู้สึก,포함
她的私生活 上冊,,기타,,발표 시기 미상,,,번역서 1종 · 예: 她的私生活 上冊,포함
自我魔術方塊,,기타,,발표 시기 미상,,,번역서 1종 · 예: 自我魔術方塊,포함
我殺死的男人回來了,,기타,,발표 시기 미상,,,번역서 1종 · 예: 我殺死的男人回來了,포함
"Κιμ Τζιγιάνγκ, Γεννημένη το 1982",,기타,,발표 시기 미상,,,"번역서 1종 · 예: Κιμ Τζιγιάνγκ, Γεννημένη το 1982",포함
兩封合格通知書,,기타,,발표 시기 미상,,,번역서 1종 · 예: 兩封合格通知書,포함
9號的工作,,기타,,발표 시기 미상,,,번역서 1종 · 예: 9號的工作,포함
黃檸檬,,기타,,발표 시기 미상,,,번역서 1종 · 예: 黃檸檬,포함
NHẬT KÝ NƯỚC MẮT,,기타,,발표 시기 미상,,,번역서 1종 · 예: NHẬT KÝ NƯỚC MẮT,포함
"Kim Džijongė, gimusi 1982",,기타,,발표 시기 미상,,,"번역서 1종 · 예: Kim Džijongė, gimusi 1982",포함
Yêu Những Điều Không Hoàn Hảo,,기타,,발표 시기 미상,,,번역서 1종 · 예: Yêu Những Điều Không Hoàn Hảo,포함
Yu Jin Lớn Yu Jin Bé,,기타,,발표 시기 미상,,,번역서 1종 · 예: Yu Jin Lớn Yu Jin Bé,포함
Rüya Dükkânı 1,,기타,,발표 시기 미상,,,번역서 1종 · 예: Rüya Dükkânı 1,포함
Tętniące życie,,기타,,발표 시기 미상,,,번역서 1종 · 예: Tętniące życie,포함
TRO TÀN SẮC ĐỎ,,기타,,발표 시기 미상,,,번역서 1종 · 예: TRO TÀN SẮC ĐỎ,포함
CÁI BÓNG CỦA BÍ MẬT,,기타,,발표 시기 미상,,,번역서 1종 · 예: CÁI BÓNG CỦA BÍ MẬT,포함
いいから、あなたの話をしなよ,,기타,,발표 시기 미상,,,번역서 1종 · 예: いいから、あなたの話をしなよ,포함
Every Day is A Sunny Day When I Am with You,,기타,,발표 시기 미상,,,번역서 1종 · 예: Every Day is A Sunny Day When I Am with You,포함
HÒM THƯ SỐ 110,,기타,,발표 시기 미상,,,번역서 1종 · 예: HÒM THƯ SỐ 110,포함
CHÚC MẸ NGỦ NGON,,기타,,발표 시기 미상,,,번역서 1종 · 예: CHÚC MẸ NGỦ NGON,포함
Aku Ingin Pulang Meski Sudah Drumah,,기타,,발표 시기 미상,,,번역서 1종 · 예: Aku Ingin Pulang Meski Sudah Drumah,포함
Please Look After Mother,,기타,,발표 시기 미상,,,번역서 1종 · 예: Please Look After Mother,포함
Korean Teachers,,기타,,발표 시기 미상,,,번역서 1종 · 예: Korean Teachers,포함
群像2020年6月号,,기타,,발표 시기 미상,,,번역서 1종 · 예: 群像2020年6月号,포함
[핀노드] 번역서 테스트 5/16,,기타,,발표 시기 미상,,,번역서 1종 · 예: [핀노드] 번역서 테스트 5/16,포함
世の中に悪い人はいない,,기타,,발표 시기 미상,,,번역서 1종 · 예: 世の中に悪い人はいない,포함
ある日、僕が死にました,,기타,,발표 시기 미상,,,번역서 1종 · 예: ある日、僕が死にました,포함
她厭男，她是我女友,,기타,,발표 시기 미상,,,번역서 1종 · 예: 她厭男，她是我女友,포함
Plus heureuse que moi tu meurs,,기타,,발표 시기 미상,,,번역서 1종 · 예: Plus heureuse que moi tu meurs,포함
Happiness Battle,,기타,,발표 시기 미상,,,번역서 1종 · 예: Happiness Battle,포함
Sample Data Title,,기타,,발표 시기 미상,,,번역서 1종 · 예: Sample Data Title,포함
STUDIO VOICE,,기타,,발표 시기 미상,,,번역서 1종 · 예: STUDIO VOICE,포함
到底想成為做什麼事的人,,기타,,발표 시기 미상,,,번역서 1종 · 예: 到底想成為做什麼事的人,포함
İyi Evlat,,기타,,발표 시기 미상,,,번역서 1종 · 예: İyi Evlat,포함
正常人的條件,,기타,,발표 시기 미상,,,번역서 1종 · 예: 正常人的條件,포함
La saison des pluies,,기타,,발표 시기 미상,,,번역서 1종 · 예: La saison des pluies,포함
ピヤキのママ,,기타,,발표 시기 미상,,,번역서 1종 · 예: ピヤキのママ,포함
僕の狂ったフェミ彼女,,기타,,발표 시기 미상,,,번역서 1종 · 예: 僕の狂ったフェミ彼女,포함
HẠNH NHÂN,,기타,,발표 시기 미상,,,번역서 1종 · 예: HẠNH NHÂN,포함
NHỮNG KẺ BÀY MƯU,,기타,,발표 시기 미상,,,번역서 1종 · 예: NHỮNG KẺ BÀY MƯU,포함
モーメント・アーケード,,기타,,발표 시기 미상,,,번역서 1종 · 예: モーメント・アーケード,포함
白い船,,기타,,발표 시기 미상,,,번역서 1종 · 예: 白い船,포함
Вестник Центра корейского языка и культуры,,기타,,발표 시기 미상,,,번역서 1종 · 예: Вестник Центра корейского языка и культуры,포함
Suicide Parasite,,기타,,발표 시기 미상,,,번역서 1종 · 예: Suicide Parasite,포함
Văn nghệ Quân đội,,기타,,발표 시기 미상,,,번역서 1종 · 예: Văn nghệ Quân đội,포함
射向我心臟,,기타,,발표 시기 미상,,,번역서 1종 · 예: 射向我心臟,포함
歡迎光臨夢境百貨,,기타,,발표 시기 미상,,,번역서 1종 · 예: 歡迎光臨夢境百貨,포함
あの人ひとりが この世のすべてだった頃,,기타,,발표 시기 미상,,,번역서 1종 · 예: あの人ひとりが この世のすべてだった頃,포함
紅天機(壹),,기타,,발표 시기 미상,,,번역서 1종 · 예: 紅天機(壹),포함
紅天機(肆),,기타,,발표 시기 미상,,,번역서 1종 · 예: 紅天機(肆),포함
LE CAMP DE L’HUMILIATION,,기타,,발표 시기 미상,,,번역서 1종 · 예: LE CAMP DE L’HUMILIATION,포함
Das Kaufhaus der Träume,,기타,,발표 시기 미상,,,번역서 1종 · 예: Das Kaufhaus der Träume,포함
LA LUNE EN PAPIER,,기타,,발표 시기 미상,,,번역서 1종 · 예: LA LUNE EN PAPIER,포함
Trắng,,기타,,발표 시기 미상,,,번역서 1종 · 예: Trắng,포함
引き出しに夕方をしまっておいた,,기타,,발표 시기 미상,,,번역서 1종 · 예: 引き出しに夕方をしまっておいた,포함
جريمة الابن الصالح,,기타,,발표 시기 미상,,,번역서 1종 · 예: جريمة الابن الصالح,포함
المتآمرون,,기타,,발표 시기 미상,,,번역서 1종 · 예: المتآمرون,포함
In Order to Live,,기타,,발표 시기 미상,,,번역서 1종 · 예: In Order to Live,포함
You Can Wind Down from Time to Time,,기타,,발표 시기 미상,,,번역서 1종 · 예: You Can Wind Down from Time to Time,포함
Cent ombres,,기타,,발표 시기 미상,,,번역서 1종 · 예: Cent ombres,포함
En el zoológico,,기타,,발표 시기 미상,,,번역서 1종 · 예: En el zoológico,포함
老来子和早来子,,기타,,발표 시기 미상,,,번역서 1종 · 예: 老来子和早来子,포함
Tôi muốn chết nhưng tôi thèm ăn Tteokbokki,,기타,,발표 시기 미상,,,번역서 1종 · 예: Tôi muốn chết nhưng tôi thèm ăn Tteokbokki,포함
Lines,,기타,,발표 시기 미상,,,번역서 1종 · 예: Lines,포함
La ola,,기타,,발표 시기 미상,,,번역서 1종 · 예: La ola,포함
Storia di Suk’yang e Storia della giovane Sugyŏng,,기타,,발표 시기 미상,,,번역서 1종 · 예: Storia di Suk’yang e Storia della giovane Sugyŏng,포함
I Decided to Live as Myself,,기타,,발표 시기 미상,,,번역서 1종 · 예: I Decided to Live as Myself,포함
Tôi quyết định sống cho chính tôi,,기타,,발표 시기 미상,,,번역서 1종 · 예: Tôi quyết định sống cho chính tôi,포함
Adakah Orang sepertiku?,,기타,,발표 시기 미상,,,번역서 1종 · 예: Adakah Orang sepertiku?,포함
Being Comfortable Without Effort,,기타,,발표 시기 미상,,,번역서 1종 · 예: Being Comfortable Without Effort,포함
อัลมอนด์,,기타,,발표 시기 미상,,,번역서 1종 · 예: อัลมอนด์,포함
MON AMIE MOMO,,기타,,발표 시기 미상,,,번역서 1종 · 예: MON AMIE MOMO,포함
LA DÉNONCIATION,,기타,,발표 시기 미상,,,번역서 1종 · 예: LA DÉNONCIATION,포함
离别的山谷,,기타,,발표 시기 미상,,,번역서 1종 · 예: 离别的山谷,포함
Intrusos,,기타,,발표 시기 미상,,,번역서 1종 · 예: Intrusos,포함
JUN,,기타,,발표 시기 미상,,,번역서 1종 · 예: JUN,포함
Hong Gildong,,기타,,발표 시기 미상,,,번역서 1종 · 예: Hong Gildong,포함
DANS LE TEMPLE,,기타,,발표 시기 미상,,,번역서 1종 · 예: DANS LE TEMPLE,포함
Dragonfly,,기타,,발표 시기 미상,,,번역서 1종 · 예: Dragonfly,포함
"Dans le jardin, la libellule est morte",,기타,,발표 시기 미상,,,"번역서 1종 · 예: Dans le jardin, la libellule est morte",포함
Paçinko,,기타,,발표 시기 미상,,,번역서 1종 · 예: Paçinko,포함
"CHICKOU, LE PIONNIER DE LA GRANDE PRAIRIE",,기타,,발표 시기 미상,,,"번역서 1종 · 예: CHICKOU, LE PIONNIER DE LA GRANDE PRAIRIE",포함
OÙ EST LA LUNE?,,기타,,발표 시기 미상,,,번역서 1종 · 예: OÙ EST LA LUNE?,포함
QUATRE POINTS ET DEMI,,기타,,발표 시기 미상,,,번역서 1종 · 예: QUATRE POINTS ET DEMI,포함
Les enfants du silence,,기타,,발표 시기 미상,,,번역서 1종 · 예: Les enfants du silence,포함
Les petites épiceries de mon enfance,,기타,,발표 시기 미상,,,번역서 1종 · 예: Les petites épiceries de mon enfance,포함
باتشينكو,,기타,,발표 시기 미상,,,번역서 1종 · 예: باتشينكو,포함
อยากตาย แต่ก็อยากกินต๊อกบกกี เล่ม,,기타,,발표 시기 미상,,,번역서 1종 · 예: อยากตาย แต่ก็อยากกินต๊อกบกกี เล่ม,포함
อยากตาย แต่ก็อยากกินต๊อกบกกี เล่ม 2,,기타,,발표 시기 미상,,,번역서 1종 · 예: อยากตาย แต่ก็อยากกินต๊อกบกกี เล่ม 2,포함
I Want To Die but I Want To Eat Tteokpokki 2,,기타,,발표 시기 미상,,,번역서 1종 · 예: I Want To Die but I Want To Eat Tteokpokki 2,포함
幸福的美容师 土拉,,기타,,발표 시기 미상,,,번역서 1종 · 예: 幸福的美容师 土拉,포함
画家的星国,,기타,,발표 시기 미상,,,번역서 1종 · 예: 画家的星国,포함
22,,기타,,발표 시기 미상,,,번역서 1종 · 예: 22,포함
CHANGEMENT DE SAISON,,기타,,발표 시기 미상,,,번역서 1종 · 예: CHANGEMENT DE SAISON,포함
Dämmerstunde,,기타,,발표 시기 미상,,,번역서 1종 · 예: Dämmerstunde,포함
Homodominans,,기타,,발표 시기 미상,,,번역서 1종 · 예: Homodominans,포함
Nos sale bien pedir perdon,,기타,,발표 시기 미상,,,번역서 1종 · 예: Nos sale bien pedir perdon,포함
Gwangju Uprising,,기타,,발표 시기 미상,,,번역서 1종 · 예: Gwangju Uprising,포함
符文之子II : 德莫尼克 (卷五),,기타,,발표 시기 미상,,,번역서 1종 · 예: 符文之子II : 德莫尼克 (卷五),포함
符文之子II : 德莫尼克 (卷四),,기타,,발표 시기 미상,,,번역서 1종 · 예: 符文之子II : 德莫尼克 (卷四),포함
符文之子II : 德莫尼克 (卷三),,기타,,발표 시기 미상,,,번역서 1종 · 예: 符文之子II : 德莫尼克 (卷三),포함
符文之子II : 德莫尼克 (卷二),,기타,,발표 시기 미상,,,번역서 1종 · 예: 符文之子II : 德莫尼克 (卷二),포함
ĐƯỜNG HẦM,,기타,,발표 시기 미상,,,번역서 1종 · 예: ĐƯỜNG HẦM,포함
A proposito di mia figlia,,기타,,발표 시기 미상,,,번역서 1종 · 예: A proposito di mia figlia,포함
Жуда маъюссан,,기타,,발표 시기 미상,,,번역서 1종 · 예: Жуда маъюссан,포함
Cevapsiz Mektuplar,,기타,,발표 시기 미상,,,번역서 1종 · 예: Cevapsiz Mektuplar,포함
那麼多的草葉哪裡去了?,,기타,,발표 시기 미상,,,번역서 1종 · 예: 那麼多的草葉哪裡去了?,포함
符文之子II : 德莫尼克 (卷一),,기타,,발표 시기 미상,,,번역서 1종 · 예: 符文之子II : 德莫尼克 (卷一),포함
太陽之塔 : 卷四,,기타,,발표 시기 미상,,,번역서 1종 · 예: 太陽之塔 : 卷四,포함
太陽之塔 : 卷三,,기타,,발표 시기 미상,,,번역서 1종 · 예: 太陽之塔 : 卷三,포함
太陽之塔 : 卷二,,기타,,발표 시기 미상,,,번역서 1종 · 예: 太陽之塔 : 卷二,포함
極めて私的な超能力,,기타,,발표 시기 미상,,,번역서 1종 · 예: 極めて私的な超能力,포함
UN`ALTRA DONNA,,기타,,발표 시기 미상,,,번역서 1종 · 예: UN`ALTRA DONNA,포함
雲畫的月光 : 卷一,,기타,,발표 시기 미상,,,번역서 1종 · 예: 雲畫的月光 : 卷一,포함
亥時蜃樓 : 卷三,,기타,,발표 시기 미상,,,번역서 1종 · 예: 亥時蜃樓 : 卷三,포함
亥時蜃樓 : 卷二,,기타,,발표 시기 미상,,,번역서 1종 · 예: 亥時蜃樓 : 卷二,포함
亥時蜃樓 : 卷一,,기타,,발표 시기 미상,,,번역서 1종 · 예: 亥時蜃樓 : 卷一,포함
紅天機(貳),,기타,,발표 시기 미상,,,번역서 1종 · 예: 紅天機(貳),포함
"Кім Джійон, 1982 року народження",,기타,,발표 시기 미상,,,"번역서 1종 · 예: Кім Джійон, 1982 року народження",포함
Kadın Manzaraları,,기타,,발표 시기 미상,,,번역서 1종 · 예: Kadın Manzaraları,포함
紅天機(叁),,기타,,발표 시기 미상,,,번역서 1종 · 예: 紅天機(叁),포함
歲月之石 : 卷六,,기타,,발표 시기 미상,,,번역서 1종 · 예: 歲月之石 : 卷六,포함
歲月之石 : 卷七,,기타,,발표 시기 미상,,,번역서 1종 · 예: 歲月之石 : 卷七,포함
龍族 5,,기타,,발표 시기 미상,,,번역서 1종 · 예: 龍族 5,포함
龍族 4,,기타,,발표 시기 미상,,,번역서 1종 · 예: 龍族 4,포함
龍族 3,,기타,,발표 시기 미상,,,번역서 1종 · 예: 龍族 3,포함
龍族 2,,기타,,발표 시기 미상,,,번역서 1종 · 예: 龍族 2,포함
龍族 1,,기타,,발표 시기 미상,,,번역서 1종 · 예: 龍族 1,포함
喝眼淚的鳥 5,,기타,,발표 시기 미상,,,번역서 1종 · 예: 喝眼淚的鳥 5,포함
"Kim Jiyoung , Nascida Em 1982",,기타,,발표 시기 미상,,,"번역서 1종 · 예: Kim Jiyoung , Nascida Em 1982",포함
Lの運動靴,,기타,,발표 시기 미상,,,번역서 1종 · 예: Lの運動靴,포함
La Torre,,기타,,발표 시기 미상,,,번역서 1종 · 예: La Torre,포함
太陽之塔 : 卷一,,기타,,발표 시기 미상,,,번역서 1종 · 예: 太陽之塔 : 卷一,포함
雲畫的月光 : 卷五,,기타,,발표 시기 미상,,,번역서 1종 · 예: 雲畫的月光 : 卷五,포함
雲畫的月光 : 卷四,,기타,,발표 시기 미상,,,번역서 1종 · 예: 雲畫的月光 : 卷四,포함
雲畫的月光 : 卷三,,기타,,발표 시기 미상,,,번역서 1종 · 예: 雲畫的月光 : 卷三,포함
雲畫的月光 : 卷二,,기타,,발표 시기 미상,,,번역서 1종 · 예: 雲畫的月光 : 卷二,포함
Về Nhà Với Mẹ,,기타,,발표 시기 미상,,,번역서 1종 · 예: Về Nhà Với Mẹ,포함
Dunkst dunkst tankiai plakantis mano gyvenimas,,기타,,발표 시기 미상,,,번역서 1종 · 예: Dunkst dunkst tankiai plakantis mano gyvenimas,포함
喝眼淚的鳥 4,,기타,,발표 시기 미상,,,번역서 1종 · 예: 喝眼淚的鳥 4,포함
喝眼淚的鳥 3,,기타,,발표 시기 미상,,,번역서 1종 · 예: 喝眼淚的鳥 3,포함
喝眼淚的鳥 2,,기타,,발표 시기 미상,,,번역서 1종 · 예: 喝眼淚的鳥 2,포함
喝眼淚的鳥 1,,기타,,발표 시기 미상,,,번역서 1종 · 예: 喝眼淚的鳥 1,포함
El idiota de mi tio,,기타,,발표 시기 미상,,,번역서 1종 · 예: El idiota de mi tio,포함
Suzy Lee Sınır Üçlemesi,,기타,,발표 시기 미상,,,번역서 1종 · 예: Suzy Lee Sınır Üçlemesi,포함
喪屍小孩,,기타,,발표 시기 미상,,,번역서 1종 · 예: 喪屍小孩,포함
啖食惡夢長大的少年,,기타,,발표 시기 미상,,,번역서 1종 · 예: 啖食惡夢長大的少年,포함
黑色斑點,,기타,,발표 시기 미상,,,번역서 1종 · 예: 黑色斑點,포함
歲月之石 : 卷八,,기타,,발표 시기 미상,,,번역서 1종 · 예: 歲月之石 : 卷八,포함
I Want to Die but I Want to Eat Tteokbokki,,기타,,발표 시기 미상,,,번역서 1종 · 예: I Want to Die but I Want to Eat Tteokbokki,포함
The Journal of Territorial and Maritime Studies,,기타,,발표 시기 미상,,,번역서 1종 · 예: The Journal of Territorial and Maritime Studies,포함
BRUTUS (ブルータス),,기타,,발표 시기 미상,,,번역서 1종 · 예: BRUTUS (ブルータス),포함
あたしだけ何も起こらない,,기타,,발표 시기 미상,,,번역서 1종 · 예: あたしだけ何も起こらない,포함
今日も言い訳しながら生きてます,,기타,,발표 시기 미상,,,번역서 1종 · 예: 今日も言い訳しながら生きてます,포함
自分にかけたい言葉 ~ありがとう~,,기타,,발표 시기 미상,,,번역서 1종 · 예: 自分にかけたい言葉 ~ありがとう~,포함
離開後留下的東西,,기타,,발표 시기 미상,,,번역서 1종 · 예: 離開後留下的東西,포함
Трава,,기타,,발표 시기 미상,,,번역서 1종 · 예: Трава,포함
паросток,,기타,,발표 시기 미상,,,번역서 1종 · 예: паросток,포함
الكلبة التي تجرأت على الحلم,,기타,,발표 시기 미상,,,번역서 1종 · 예: الكلبة التي تجرأت على الحلم,포함
No pongas un punto donde Dios puso una coma,,기타,,발표 시기 미상,,,번역서 1종 · 예: No pongas un punto donde Dios puso una coma,포함
数星星的夜：尹东柱的诗,,시,,발표 시기 미상,,,번역서 1종 · 예: 数星星的夜：尹东柱的诗,포함
Quyền Tách Khỏi Đám Đông,,기타,,발표 시기 미상,,,번역서 1종 · 예: Quyền Tách Khỏi Đám Đông,포함
Der Kartograf,,기타,,발표 시기 미상,,,번역서 1종 · 예: Der Kartograf,포함
愛だけが残る,,기타,,발표 시기 미상,,,번역서 1종 · 예: 愛だけが残る,포함
Les Mauvaises herbes,,기타,,발표 시기 미상,,,번역서 1종 · 예: Les Mauvaises herbes,포함
我是遺物整理師,,기타,,발표 시기 미상,,,번역서 1종 · 예: 我是遺物整理師,포함
A Book of Sleep,,기타,,발표 시기 미상,,,번역서 1종 · 예: A Book of Sleep,포함
我是男生，也是女性主義者,,기타,,발표 시기 미상,,,번역서 1종 · 예: 我是男生，也是女性主義者,포함
Prawo linii,,기타,,발표 시기 미상,,,번역서 1종 · 예: Prawo linii,포함
為了好好活著，我們最終走向更壞,,기타,,발표 시기 미상,,,번역서 1종 · 예: 為了好好活著，我們最終走向更壞,포함
杏仁,,기타,,발표 시기 미상,,,번역서 1종 · 예: 杏仁,포함
What is Korean literature?,,기타,,발표 시기 미상,,,번역서 1종 · 예: What is Korean literature?,포함
The World's Lightest Motorcycle,,기타,,발표 시기 미상,,,번역서 1종 · 예: The World's Lightest Motorcycle,포함
關於女兒,,기타,,발표 시기 미상,,,번역서 1종 · 예: 關於女兒,포함
Koreyanın yeni və ən yeni tarixinə birgə nəzər,,기타,,발표 시기 미상,,,번역서 1종 · 예: Koreyanın yeni və ən yeni tarixinə birgə nəzər,포함
最後のライオニ韓国パンデミックＳＦ小説集,,단편소설,,발표 시기 미상,,,번역서 1종 · 예: 最後のライオニ韓国パンデミックＳＦ小説集,포함
Winter in Sokcho,,기타,,발표 시기 미상,,,번역서 1종 · 예: Winter in Sokcho,포함
大邱の夜、ソウルの夜,,기타,,발표 시기 미상,,,번역서 1종 · 예: 大邱の夜、ソウルの夜,포함
Pravo na samouništenje,,기타,,발표 시기 미상,,,번역서 1종 · 예: Pravo na samouništenje,포함
Invisible Land of Love,,기타,,발표 시기 미상,,,번역서 1종 · 예: Invisible Land of Love,포함
もう死んでいる十二人の女たちと,,기타,,발표 시기 미상,,,번역서 1종 · 예: もう死んでいる十二人の女たちと,포함
誰能說自己看見天空：韓國小說大家經典代表作 (戰後篇),,기타,,발표 시기 미상,,,번역서 1종 · 예: 誰能說自己看見天空：韓國小說大家經典代表作 (戰後篇),포함
キャビネット,,기타,,발표 시기 미상,,,번역서 1종 · 예: キャビネット,포함
گلهای آزالیا,,기타,,발표 시기 미상,,,번역서 1종 · 예: گلهای آزالیا,포함
イスラーム精肉店,,기타,,발표 시기 미상,,,번역서 1종 · 예: イスラーム精肉店,포함
VIOLETS,,기타,,발표 시기 미상,,,번역서 1종 · 예: VIOLETS,포함
SEDM LET TEMNOTY,,기타,,발표 시기 미상,,,번역서 1종 · 예: SEDM LET TEMNOTY,포함
Le procés des otages,,기타,,발표 시기 미상,,,번역서 1종 · 예: Le procés des otages,포함
Лимон,,기타,,발표 시기 미상,,,번역서 1종 · 예: Лимон,포함
Il romanzo del nuovo millennio,,장편소설,,발표 시기 미상,,,번역서 1종 · 예: Il romanzo del nuovo millennio,포함
Bunca Şingayı Kim Yedi?,,기타,,발표 시기 미상,,,번역서 1종 · 예: Bunca Şingayı Kim Yedi?,포함
Сон. Буддийская проза Кореи,,기타,,발표 시기 미상,,,번역서 1종 · 예: Сон. Буддийская проза Кореи,포함
Plantenes hemmelige liv,,기타,,발표 시기 미상,,,번역서 1종 · 예: Plantenes hemmelige liv,포함
Catcalling,,기타,,발표 시기 미상,,,번역서 1종 · 예: Catcalling,포함
فتاة كتبت العزلة,,기타,,발표 시기 미상,,,번역서 1종 · 예: فتاة كتبت العزلة,포함
世界でいちばん弱い妖怪,,기타,,발표 시기 미상,,,번역서 1종 · 예: 世界でいちばん弱い妖怪,포함
食卓の上の韓国史,,기타,,발표 시기 미상,,,번역서 1종 · 예: 食卓の上の韓国史,포함
Bataty,,기타,,발표 시기 미상,,,번역서 1종 · 예: Bataty,포함
مولودة عام 1982,,기타,,발표 시기 미상,,,번역서 1종 · 예: مولودة عام 1982,포함
I’m Waiting For You,,기타,,발표 시기 미상,,,번역서 1종 · 예: I’m Waiting For You,포함
シソンから、,,기타,,발표 시기 미상,,,번역서 1종 · 예: シソンから、,포함
Wizard Bakery,,기타,,발표 시기 미상,,,번역서 1종 · 예: Wizard Bakery,포함
工作的喜与悲,,기타,,발표 시기 미상,,,번역서 1종 · 예: 工作的喜与悲,포함
土地 5,,기타,,발표 시기 미상,,,번역서 1종 · 예: 土地 5,포함
Cold Candies,,기타,,발표 시기 미상,,,번역서 1종 · 예: Cold Candies,포함
外国文艺 2021年第4期(韩国当代大奖小说选),,기타,,발표 시기 미상,,,번역서 1종 · 예: 外国文艺 2021年第4期(韩国当代大奖小说选),포함
Protiklady,,기타,,발표 시기 미상,,,번역서 1종 · 예: Protiklady,포함
O Menino Que Se Alimentava de Pesadelos,,기타,,발표 시기 미상,,,번역서 1종 · 예: O Menino Que Se Alimentava de Pesadelos,포함
Crianca Zumbi,,기타,,발표 시기 미상,,,번역서 1종 · 예: Crianca Zumbi,포함
Cave Boys,,기타,,발표 시기 미상,,,번역서 1종 · 예: Cave Boys,포함
Beginning the End,,기타,,발표 시기 미상,,,번역서 1종 · 예: Beginning the End,포함
NAMHANSANSEONG. La fortaleza helada,,기타,,발표 시기 미상,,,번역서 1종 · 예: NAMHANSANSEONG. La fortaleza helada,포함
Los estándares coreanos,,기타,,발표 시기 미상,,,번역서 1종 · 예: Los estándares coreanos,포함
家にいるのに家に帰りたい,,기타,,발표 시기 미상,,,번역서 1종 · 예: 家にいるのに家に帰りたい,포함
BẢN CHẤT CỦA NGƯỜI,,기타,,발표 시기 미상,,,번역서 1종 · 예: BẢN CHẤT CỦA NGƯỜI,포함
In summer,,기타,,발표 시기 미상,,,번역서 1종 · 예: In summer,포함
Liefde in de grote stad,,기타,,발표 시기 미상,,,번역서 1종 · 예: Liefde in de grote stad,포함
千個の青,,기타,,발표 시기 미상,,,번역서 1종 · 예: 千個の青,포함
千年の眠り,,기타,,발표 시기 미상,,,번역서 1종 · 예: 千年の眠り,포함
گلهای کاملیا,,기타,,발표 시기 미상,,,번역서 1종 · 예: گلهای کاملیا,포함
Το Νεφελώδες Όνειρο Των Εννέα,,기타,,발표 시기 미상,,,번역서 1종 · 예: Το Νεφελώδες Όνειρο Των Εννέα,포함
Un minimum d´amour,,기타,,발표 시기 미상,,,번역서 1종 · 예: Un minimum d´amour,포함
声をあげます,,기타,,발표 시기 미상,,,번역서 1종 · 예: 声をあげます,포함
たそがれ,,기타,,발표 시기 미상,,,번역서 1종 · 예: たそがれ,포함
"Kim Jiyeong, Doğum: 1982",,기타,,발표 시기 미상,,,"번역서 1종 · 예: Kim Jiyeong, Doğum: 1982",포함
Lütfen Anneme İyi Bak,,기타,,발표 시기 미상,,,번역서 1종 · 예: Lütfen Anneme İyi Bak,포함
Bir Katilin Güncesi,,기타,,발표 시기 미상,,,번역서 1종 · 예: Bir Katilin Güncesi,포함
あの夏のソウル,,기타,,발표 시기 미상,,,번역서 1종 · 예: あの夏のソウル,포함
王は愛する 中,,기타,,발표 시기 미상,,,번역서 1종 · 예: 王は愛する 中,포함
Fresques de Koguryŏ,,기타,,발표 시기 미상,,,번역서 1종 · 예: Fresques de Koguryŏ,포함
Iubita fiului meu,,기타,,발표 시기 미상,,,번역서 1종 · 예: Iubita fiului meu,포함
Despre fiica mea,,기타,,발표 시기 미상,,,번역서 1종 · 예: Despre fiica mea,포함
给贤南哥的信,,기타,,발표 시기 미상,,,번역서 1종 · 예: 给贤南哥的信,포함
あなたは正しい,,기타,,발표 시기 미상,,,번역서 1종 · 예: あなたは正しい,포함
Công Thức Nấu Ăn Tặng Con Gái,,기타,,발표 시기 미상,,,번역서 1종 · 예: Công Thức Nấu Ăn Tặng Con Gái,포함
オルガンのあった場所,,기타,,발표 시기 미상,,,번역서 1종 · 예: オルガンのあった場所,포함
你的4分33秒,,기타,,발표 시기 미상,,,번역서 1종 · 예: 你的4分33秒,포함
Prenez le temps de vivre,,기타,,발표 시기 미상,,,번역서 1종 · 예: Prenez le temps de vivre,포함
Her Name Is..,,기타,,발표 시기 미상,,,번역서 1종 · 예: Her Name Is..,포함
L'attente,,기타,,발표 시기 미상,,,번역서 1종 · 예: L'attente,포함
Le goût des choses imparfaites,,기타,,발표 시기 미상,,,번역서 1종 · 예: Le goût des choses imparfaites,포함
Uncomfortably Happily,,기타,,발표 시기 미상,,,번역서 1종 · 예: Uncomfortably Happily,포함
Arriving in a Thick Fog,,기타,,발표 시기 미상,,,번역서 1종 · 예: Arriving in a Thick Fog,포함
Em Busca da Feicao Real,,기타,,발표 시기 미상,,,번역서 1종 · 예: Em Busca da Feicao Real,포함
موعد مع أخي,,기타,,발표 시기 미상,,,번역서 1종 · 예: موعد مع أخي,포함
日刊イ・スラ 私たちのあいだの話,,기타,,발표 시기 미상,,,번역서 1종 · 예: 日刊イ・スラ 私たちのあいだの話,포함
En kule i hjertet,,기타,,발표 시기 미상,,,번역서 1종 · 예: En kule i hjertet,포함
A MÃO E O TAMBORIL,,기타,,발표 시기 미상,,,번역서 1종 · 예: A MÃO E O TAMBORIL,포함
O Cao Alegre,,기타,,발표 시기 미상,,,번역서 1종 · 예: O Cao Alegre,포함
TRAVA,,기타,,발표 시기 미상,,,번역서 1종 · 예: TRAVA,포함
Storie d’amore dalla Corea del primo Novecento,,기타,,발표 시기 미상,,,번역서 1종 · 예: Storie d’amore dalla Corea del primo Novecento,포함
王は愛する 上,,기타,,발표 시기 미상,,,번역서 1종 · 예: 王は愛する 上,포함
王は愛する 下,,기타,,발표 시기 미상,,,번역서 1종 · 예: 王は愛する 下,포함
JEG VIL SPØRRE VINDEN,,기타,,발표 시기 미상,,,번역서 1종 · 예: JEG VIL SPØRRE VINDEN,포함
The Black room,,기타,,발표 시기 미상,,,번역서 1종 · 예: The Black room,포함
Weiße Nacht,,기타,,발표 시기 미상,,,번역서 1종 · 예: Weiße Nacht,포함
我らが願いは戦争,,기타,,발표 시기 미상,,,번역서 1종 · 예: 我らが願いは戦争,포함
رجال لا لزوم لهم,,기타,,발표 시기 미상,,,번역서 1종 · 예: رجال لا لزوم لهم,포함
The Cabinet,,기타,,발표 시기 미상,,,번역서 1종 · 예: The Cabinet,포함
"Kim-Ji Young, nata nel 1982",,기타,,발표 시기 미상,,,"번역서 1종 · 예: Kim-Ji Young, nata nel 1982",포함
የዕንባ ኩሬ,,기타,,발표 시기 미상,,,번역서 1종 · 예: የዕንባ ኩሬ,포함
title_utob,,기타,,발표 시기 미상,,,번역서 1종 · 예: title_utob,포함
utob 테스트,,기타,,발표 시기 미상,,,번역서 1종 · 예: utob 테스트,포함
それぞれのうしろ姿,,기타,,발표 시기 미상,,,번역서 1종 · 예: それぞれのうしろ姿,포함
Gökyüzü Altındaki Huzur,,기타,,발표 시기 미상,,,번역서 1종 · 예: Gökyüzü Altındaki Huzur,포함
Dejando mi casa atrás,,기타,,발표 시기 미상,,,번역서 1종 · 예: Dejando mi casa atrás,포함
15° vent de nord-ouest,,기타,,발표 시기 미상,,,번역서 1종 · 예: 15° vent de nord-ouest,포함
[Pintest] Baiollet,,기타,,발표 시기 미상,,,번역서 1종 · 예: [Pintest] Baiollet,포함
Thoải Mái Mà Không Cần Gắng Gượng,,기타,,발표 시기 미상,,,번역서 1종 · 예: Thoải Mái Mà Không Cần Gắng Gượng,포함
utob 테스트3,,기타,,발표 시기 미상,,,번역서 1종 · 예: utob 테스트3,포함
utob 테스트2,,기타,,발표 시기 미상,,,번역서 1종 · 예: utob 테스트2,포함
BONOBO,,기타,,발표 시기 미상,,,번역서 1종 · 예: BONOBO,포함
夏のヴィラ,,기타,,발표 시기 미상,,,번역서 1종 · 예: 夏のヴィラ,포함
გარუდა,,기타,,발표 시기 미상,,,번역서 1종 · 예: გარუდა,포함
La capacité de survie,,기타,,발표 시기 미상,,,번역서 1종 · 예: La capacité de survie,포함
大白天的戀愛,,기타,,발표 시기 미상,,,번역서 1종 · 예: 大白天的戀愛,포함
Koreanische Literatur,,기타,,발표 시기 미상,,,번역서 1종 · 예: Koreanische Literatur,포함
トゲトゲくんは ね、,,기타,,발표 시기 미상,,,번역서 1종 · 예: トゲトゲくんは ね、,포함
LA VIEILLE DAME AU COUTEAU,,기타,,발표 시기 미상,,,번역서 1종 · 예: LA VIEILLE DAME AU COUTEAU,포함
NHỮNG KỲ NỮ TRONG THƠ CA ĐÔNG Á (TRUNG QUỐC - NHẬT BẢN - KOREA - VIỆT NAM),,기타,,발표 시기 미상,,,번역서 1종 · 예: NHỮNG KỲ NỮ TRONG THƠ CA ĐÔNG Á (TRUNG QUỐC - NHẬT BẢN - KOREA - VIỆT NAM),포함
Thượng Hải - Tokyo - Hà Nội - Seoul Trong Văn Chương Đông Á Đầu Thế Kỷ XX,,기타,,발표 시기 미상,,,번역서 1종 · 예: Thượng Hải - Tokyo - Hà Nội - Seoul Trong Văn Chương Đông Á Đầu Thế Kỷ XX,포함
“Алпомиш” ва “Жумонг” достонларининг қиёсий-типологик таҳлили,,기타,,발표 시기 미상,,,번역서 1종 · 예: “Алпомиш” ва “Жумонг” достонларининг қиёсий-типологик таҳлили,포함
THI TĂNG ĐÔNG Á (TRUNG QUỐC - KOREA - VIỆT NAM - NHẬT BẢN),,기타,,발표 시기 미상,,,번역서 1종 · 예: THI TĂNG ĐÔNG Á (TRUNG QUỐC - KOREA - VIỆT NAM - NHẬT BẢN),포함
Tên Cô Ấy Là,,기타,,발표 시기 미상,,,번역서 1종 · 예: Tên Cô Ấy Là,포함
Μάθημα ελληνικών,,기타,,발표 시기 미상,,,번역서 1종 · 예: Μάθημα ελληνικών,포함
"Сравнительно-типологический анализ дастанов “Алпомиш” и “Жумонг""",,기타,,발표 시기 미상,,,"번역서 1종 · 예: Сравнительно-типологический анализ дастанов “Алпомиш” и “Жумонг""",포함
Painter of the Wind,,기타,,발표 시기 미상,,,번역서 1종 · 예: Painter of the Wind,포함
הדממה שלך,,기타,,발표 시기 미상,,,번역서 1종 · 예: הדממה שלך,포함
H마트에서 울다,,기타,,발표 시기 미상,,,번역서 1종 · 예: H마트에서 울다,포함
わたしの心が傷つかないように,,기타,,발표 시기 미상,,,번역서 1종 · 예: わたしの心が傷つかないように,포함
頑張りすぎずに、気楽に,,기타,,발표 시기 미상,,,번역서 1종 · 예: 頑張りすぎずに、気楽に,포함
鹿川有许多粪,,기타,,발표 시기 미상,,,번역서 1종 · 예: 鹿川有许多粪,포함
柄谷行人と韓國文學,,기타,,발표 시기 미상,,,번역서 1종 · 예: 柄谷行人と韓國文學,포함
Chuyện Tình Ma Nữ Trong Truyền Kỳ Đông Á (Trung Quốc - Korea - Việt Nam - Nhật Bản),,기타,,발표 시기 미상,,,번역서 1종 · 예: Chuyện Tình Ma Nữ Trong Truyền Kỳ Đông Á (Trung Quốc - Korea - Việt Nam - Nhật Bản),포함
Écrits du silence,,기타,,발표 시기 미상,,,번역서 1종 · 예: Écrits du silence,포함
Nhìn Lại Cuộc Sống Đẹp Biết Bao,,기타,,발표 시기 미상,,,번역서 1종 · 예: Nhìn Lại Cuộc Sống Đẹp Biết Bao,포함
鳥は飛ぶのが楽しいか,,기타,,발표 시기 미상,,,번역서 1종 · 예: 鳥は飛ぶのが楽しいか,포함
Crisantemo Blanco,,기타,,발표 시기 미상,,,번역서 1종 · 예: Crisantemo Blanco,포함
The Waiting,,기타,,발표 시기 미상,,,번역서 1종 · 예: The Waiting,포함
The Prisoner,,기타,,발표 시기 미상,,,번역서 1종 · 예: The Prisoner,포함
Fauster,,기타,,발표 시기 미상,,,번역서 1종 · 예: Fauster,포함
フェミニストってわけじゃないけど、どこか感じる違和感について,,기타,,발표 시기 미상,,,번역서 1종 · 예: フェミニストってわけじゃないけど、どこか感じる違和感について,포함
僕だって、大丈夫じゃない,,기타,,발표 시기 미상,,,번역서 1종 · 예: 僕だって、大丈夫じゃない,포함
JAB,,기타,,발표 시기 미상,,,번역서 1종 · 예: JAB,포함
Die Tochter,,기타,,발표 시기 미상,,,번역서 1종 · 예: Die Tochter,포함
On the Origin of Species and Other Stories,,단편소설,,발표 시기 미상,,,번역서 1종 · 예: On the Origin of Species and Other Stories,포함
Dobri sin,,기타,,발표 시기 미상,,,번역서 1종 · 예: Dobri sin,포함
BALİNA,,기타,,발표 시기 미상,,,번역서 1종 · 예: BALİNA,포함
Siapa yang Datang ke Pemakamanku Saat Aku Mati Nanti?,,기타,,발표 시기 미상,,,번역서 1종 · 예: Siapa yang Datang ke Pemakamanku Saat Aku Mati Nanti?,포함
I See You Like I See a Flower,,기타,,발표 시기 미상,,,번역서 1종 · 예: I See You Like I See a Flower,포함
راقصة البلاط,,기타,,발표 시기 미상,,,번역서 1종 · 예: راقصة البلاط,포함
На закате,,기타,,발표 시기 미상,,,번역서 1종 · 예: На закате,포함
Hidup Apa Adanya,,기타,,발표 시기 미상,,,번역서 1종 · 예: Hidup Apa Adanya,포함
Mỉm Cười Duyên Dáng Đáp Lại Người Vô Duyên,,기타,,발표 시기 미상,,,번역서 1종 · 예: Mỉm Cười Duyên Dáng Đáp Lại Người Vô Duyên,포함
"晚安, 高漫妮",,기타,,발표 시기 미상,,,"번역서 1종 · 예: 晚安, 高漫妮",포함
私は自分のパイを求めるだけであって人類を救いにきたわけじゃない,,기타,,발표 시기 미상,,,번역서 1종 · 예: 私は自分のパイを求めるだけであって人類を救いにきたわけじゃない,포함
草堂,,기타,,발표 시기 미상,,,번역서 1종 · 예: 草堂,포함
朝鲜时期的文艺复兴与中人,,기타,,발표 시기 미상,,,번역서 1종 · 예: 朝鲜时期的文艺复兴与中人,포함
"Аран, защо?",,기타,,발표 시기 미상,,,"번역서 1종 · 예: Аран, защо?",포함
[PINNODE]Translated Book Test,,기타,,발표 시기 미상,,,번역서 1종 · 예: [PINNODE]Translated Book Test,포함
Hierba,,기타,,발표 시기 미상,,,번역서 1종 · 예: Hierba,포함
Fiori d'azalea,,기타,,발표 시기 미상,,,번역서 1종 · 예: Fiori d'azalea,포함
Dødens selvbiografi,,기타,,발표 시기 미상,,,번역서 1종 · 예: Dødens selvbiografi,포함
雖然血淚，我還是喜歡翻譯,,기타,,발표 시기 미상,,,번역서 1종 · 예: 雖然血淚，我還是喜歡翻譯,포함
"Bukannya Malas, Cuma Lagi Mager Aja",,기타,,발표 시기 미상,,,"번역서 1종 · 예: Bukannya Malas, Cuma Lagi Mager Aja",포함
How To Respect Myself,,기타,,발표 시기 미상,,,번역서 1종 · 예: How To Respect Myself,포함
Tak Mungkin Membuat Semua Orang Senang,,기타,,발표 시기 미상,,,번역서 1종 · 예: Tak Mungkin Membuat Semua Orang Senang,포함
そこに私が行ってもいいですか？,,기타,,발표 시기 미상,,,번역서 1종 · 예: そこに私が行ってもいいですか？,포함
由煕 ナビ・タリョン,Lee Yangji,단편소설,,발표 시기 미상,https://library.ltikorea.or.kr/translatedbooks/408783,,번역서 1종 · 영어 · 예: Nabi T'aryŏng and Other Stories,포함
血と骨（下）,Yang Seok-il,기타,,발표 시기 미상,https://library.ltikorea.or.kr/translatedbooks/408780,,번역서 1종 · 영어 · 예: Blood and Bones 2,포함
血と骨（上）,Yang Seok-il,기타,,발표 시기 미상,https://library.ltikorea.or.kr/translatedbooks/408779,,번역서 1종 · 영어 · 예: Blood and Bones 1,포함
金達寿小説集,Kim Tal-su,단편소설,,발표 시기 미상,https://library.ltikorea.or.kr/translatedbooks/408775,,번역서 1종 · 영어 · 예: The Trial of Pak Tal and Other Stories,포함
鴉の死,Kim Sok Bom,기타,,발표 시기 미상,https://library.ltikorea.or.kr/translatedbooks/408772,,"번역서 2종 · 영어, 프랑스어 · 예: Death of a Crow",포함
춘자의 남경,金革,기타,,발표 시기 미상,https://library.ltikorea.or.kr/translatedbooks/408771,,"번역서 2종 · 영어, 중국어(간체) · 예: Chunja’s Nanjing",포함
春香,Jin Renshun,기타,,발표 시기 미상,https://library.ltikorea.or.kr/translatedbooks/408769,,번역서 1종 · 영어 · 예: Chunhyang,포함
春香,진런순,기타,,발표 시기 미상,https://library.ltikorea.or.kr/translatedbooks/408768,,번역서 1종 · 한국어 · 예: 춘향,포함
세월,Bang Hyun-seok,기타,,발표 시기 미상,https://library.ltikorea.or.kr/translatedbooks/408731,,번역서 1종 · 베트남어 · 예: SEWOL,포함
끝이 드디어 시작되었다 : 한국문학선집,Eun Heekyung,기타,,발표 시기 미상,https://library.ltikorea.or.kr/translatedbooks/408729,,번역서 1종 · 스페인어 · 예: Por fin ha comenzado el fin,포함
별 헤는 밤 : 윤동주 전집,Yun Tong-Ju,기타,,발표 시기 미상,https://library.ltikorea.or.kr/translatedbooks/408726,,번역서 1종 · 영어 · 예: Counting the Stars at Night,포함
작은 별이지만 빛나고 있어,So Yoon,기타,,발표 시기 미상,https://library.ltikorea.or.kr/translatedbooks/408724,,번역서 1종 · 일본어 · 예: 小さな星だけど輝いている,포함
말하기를 말하기,Kim Hana,기타,,발표 시기 미상,https://library.ltikorea.or.kr/translatedbooks/408721,,번역서 1종 · 일본어 · 예: 話すことを話す,포함
체리새우 : 비밀글입니다,,기타,,발표 시기 미상,https://library.ltikorea.or.kr/translatedbooks/408696,,번역서 1종 · 핀란드어 · 예: 번역서 등록 테스트,포함
빨간 통나무 집 할머니,Seo Jeong-Ah,기타,,발표 시기 미상,https://library.ltikorea.or.kr/translatedbooks/408676,,번역서 1종 · 이탈리아어 · 예: La signora della casa rossa,포함
시인,Yi Mun-yol,시,,발표 시기 미상,https://library.ltikorea.or.kr/translatedbooks/408674,,"번역서 8종 · 이탈리아어, 프랑스어, 체코어, 중국어(간체), 스웨덴어 · 예: Il Poeta",포함
타오르는 추억 : 이문열 단편선,Yi Mun-yol,기타,,발표 시기 미상,https://library.ltikorea.or.kr/translatedbooks/408672,,번역서 1종 · 러시아어 · 예: ВСПЫШКИ ВОСПОМИНАНИЙ,포함
뻬쩨르부르끄의 동양학,Pak Jiwon,기타,,발표 시기 미상,https://library.ltikorea.or.kr/translatedbooks/408670,,번역서 1종 · 러시아어 · 예: Петербургское востоковедение вып.5,포함
일의 기쁨과 슬픔,JANG RYUJIN,기타,,발표 시기 미상,https://library.ltikorea.or.kr/translatedbooks/408668,,"번역서 4종 · 일본어, 베트남어, 중국어(번체), 중국어(간체) · 예: 仕事の喜びと哀しみ",포함
천사들의 도시,Cho Hae-jin,기타,,발표 시기 미상,https://library.ltikorea.or.kr/translatedbooks/408666,,번역서 1종 · 일본어 · 예: 天使たちの都市,포함
상록수,Shim Hun,기타,,발표 시기 미상,https://library.ltikorea.or.kr/translatedbooks/408663,,번역서 1종 · 튀르키예어 · 예: Her Dem Yeşil,포함
노마와 유쾌한 동료들,Hyeon Deok,기타,,발표 시기 미상,https://library.ltikorea.or.kr/translatedbooks/408652,,번역서 1종 · 일본어 · 예: ノマと愉快な仲間たち,포함
너를 알고 싶어,Cho Nam-ju,기타,,발표 시기 미상,https://library.ltikorea.or.kr/translatedbooks/408650,,번역서 1종 · 일본어 · 예: あなたのことが知りたくて,포함
도로나 이별 사무실,Son Hyeonju,기타,,발표 시기 미상,https://library.ltikorea.or.kr/translatedbooks/408648,,번역서 1종 · 일본어 · 예: トロナお別れ事務所,포함
너에게 하고 싶은 말,Kim Su Min,기타,,발표 시기 미상,https://library.ltikorea.or.kr/translatedbooks/408645,,"번역서 2종 · 일본어, 태국어 · 예: 君に伝えたいこと。",포함
잊기 좋은 이름,Kim Ae-ran,기타,,발표 시기 미상,https://library.ltikorea.or.kr/translatedbooks/408642,,번역서 1종 · 중국어(간체) · 예: 容易忘记的名字,포함
한국이 싫어서,Chang Kang-myoung,기타,,발표 시기 미상,https://library.ltikorea.or.kr/translatedbooks/408640,,"번역서 7종 · 이탈리아어, 중국어(간체), 스페인어, 일본어, 베트남어 · 예: Perché odio la Corea",포함
마당 깊은 집,Kim Won il,기타,,발표 시기 미상,https://library.ltikorea.or.kr/translatedbooks/408639,,"번역서 8종 · 일본어, 러시아어, 몽골어, 영어, 중국어(간체) · 예: 深い中庭のある家",포함
세시에서 다섯시 사이,Do Jonghwan,기타,,발표 시기 미상,https://library.ltikorea.or.kr/translatedbooks/408638,,번역서 1종 · 베트남어 · 예: Ba đến năm giờ chiều,포함
판타스틱 걸,Kim Hyejung,기타,,발표 시기 미상,https://library.ltikorea.or.kr/translatedbooks/408637,,번역서 1종 · 일본어 · 예: ファンタスティックガール,포함
유원,Baek Onyu,기타,,발표 시기 미상,https://library.ltikorea.or.kr/translatedbooks/408635,,"번역서 2종 · 일본어, 중국어(번체) · 예: ユ・ウォン",포함
아직 멀었다는 말,Kwon Yeo-sun,기타,,발표 시기 미상,https://library.ltikorea.or.kr/translatedbooks/408633,,번역서 1종 · 일본어 · 예: まだまだという言葉,포함
새롭게 만나는 한국신화,Lee Kyeongdeok,소설,,발표 시기 미상,https://library.ltikorea.or.kr/translatedbooks/408616,,번역서 1종 · 러시아어 · 예: Корейские мифы,포함
한국 현대문학의 이해,Kwon Yeongmin,기타,,발표 시기 미상,https://library.ltikorea.or.kr/translatedbooks/408611,,번역서 1종 · 베트남어 · 예: TÌM HIỂU VĂN HỌC HIỆN ĐẠI HÀN QUỐC,포함
유령,Jung Yong-jun,기타,,발표 시기 미상,https://library.ltikorea.or.kr/translatedbooks/408608,,번역서 1종 · 일본어 · 예: 幽霊,포함
백개의 태양,Jeon Bonggeon,기타,,발표 시기 미상,https://library.ltikorea.or.kr/translatedbooks/408605,,번역서 1종 · 독일어 · 예: Hundert Sonnen,포함
화개,Kim Ji-ha,기타,,발표 시기 미상,https://library.ltikorea.or.kr/translatedbooks/408604,,"번역서 2종 · 독일어, 스페인어 · 예: Aufgehen der Knospe",포함
평범한 물방울 무늬 원피스에 관한 이야기: 현대단편소설선 2집,Jon Kyongnin,단편소설,,발표 시기 미상,https://library.ltikorea.or.kr/translatedbooks/408603,,번역서 1종 · 독일어 · 예: Ein ganz einfaches gepunktetes Kleid,포함
바람과 강,Kim Won il,기타,,발표 시기 미상,https://library.ltikorea.or.kr/translatedbooks/408602,,"번역서 2종 · 독일어, 프랑스어 · 예: Wind und Wasser",포함
고요한 사건,Sou Linne Baik,기타,,발표 시기 미상,https://library.ltikorea.or.kr/translatedbooks/408600,,번역서 1종 · 일본어 · 예: 静かな事件,포함
꿈속의 나비 : 임선기 시선집,Lim Sun-Ki,시,,발표 시기 미상,https://library.ltikorea.or.kr/translatedbooks/408596,,번역서 1종 · 러시아어 · 예: Бабочка во сне,포함
종이,Shin dalja,기타,,발표 시기 미상,https://library.ltikorea.or.kr/translatedbooks/408592,,"번역서 3종 · 스페인어, 영어, 몽골어 · 예: PAPEL",포함
꿰매는 바다 : 문정희 시선집,Moon Chung-hee,시,,발표 시기 미상,https://library.ltikorea.or.kr/translatedbooks/408586,,번역서 1종 · 이탈리아어 · 예: Il mare che cuce,포함
일의 기쁨과 슬픔,Jang Ryujin,기타,,발표 시기 미상,https://library.ltikorea.or.kr/translatedbooks/408581,,번역서 1종 · 튀르키예어 · 예: Çalışmanın Hüznü ve Neşesi,포함
끝의 시작,Seo Yoo-mi,기타,,발표 시기 미상,https://library.ltikorea.or.kr/translatedbooks/408579,,번역서 1종 · 일본어 · 예: 終わりの始まり,포함
나는 도망칠 때 가장 용감한 얼굴이 된다,Yun Eul,기타,,발표 시기 미상,https://library.ltikorea.or.kr/translatedbooks/408426,,번역서 1종 · 일본어 · 예: 私は逃げるとき、いちばん勇敢な顔になる,포함
숨겨둔 말,Sin Yong-Mok,기타,,발표 시기 미상,https://library.ltikorea.or.kr/translatedbooks/408366,,번역서 1종 · 영어 · 예: Concealed Words,포함
너 없이 걸었다,Heo Su-gyeong,기타,,발표 시기 미상,https://library.ltikorea.or.kr/translatedbooks/408268,,번역서 1종 · 독일어 · 예: Ohne Dich bin ich gewandert,포함
"한성부, 달 밝은 밤에",Yi-sak Kim,기타,,발표 시기 미상,https://library.ltikorea.or.kr/translatedbooks/408266,,번역서 1종 · 프랑스어 · 예: Par une nuit claire,포함
제왕운기(帝王韻紀),Yi Sunghyu,시,,발표 시기 미상,https://library.ltikorea.or.kr/translatedbooks/407897,,번역서 1종 · 이탈리아어 · 예: Poesia epica della Corea,포함
조커와 나,Kim Jung-mi,기타,,발표 시기 미상,https://library.ltikorea.or.kr/translatedbooks/407787,,번역서 1종 · 중국어(번체) · 예: 學校裡無處可去的少年們,포함
디어 랄프 로렌,Son Bo-mi,기타,,발표 시기 미상,https://library.ltikorea.or.kr/translatedbooks/407779,,번역서 1종 · 베트남어 · 예: Dear Ralph Lauren,포함
28,Jeong You Jeong,기타,,발표 시기 미상,https://library.ltikorea.or.kr/translatedbooks/407729,,"번역서 3종 · 인도네시아어, 베트남어, 중국어(간체) · 예: 28",포함
김기림 작품집 1,Kim Kirim,기타,,발표 시기 미상,https://library.ltikorea.or.kr/translatedbooks/407724,,번역서 1종 · 일본어 · 예: 金起林作品集Ⅰ 新しい歌,포함
글자만 남은 아침,Park Jang-ho,기타,,발표 시기 미상,https://library.ltikorea.or.kr/translatedbooks/407650,,번역서 1종 · 영어 · 예: A Morning with only Writing Left,포함
거의 모든 기쁨,Lee Soyoun,기타,,발표 시기 미상,https://library.ltikorea.or.kr/translatedbooks/407636,,번역서 1종 · 영어 · 예: Nearly All Happiness,포함
프리즘,Sohn Won-pyung,기타,,발표 시기 미상,https://library.ltikorea.or.kr/translatedbooks/407616,,"번역서 2종 · 일본어, 태국어 · 예: プリズム",포함
아들의 아버지,Kim Won il,기타,,발표 시기 미상,https://library.ltikorea.or.kr/translatedbooks/407614,,번역서 1종 · 일본어 · 예: 父の時代,포함
누나팬닷컴 2,Kim Seongyeon,기타,,발표 시기 미상,https://library.ltikorea.or.kr/translatedbooks/407590,,"번역서 2종 · 인도네시아어, 중국어(번체) · 예: Nunafan.com - Vol 2",포함
누나팬닷컴 1,Kim Seongyeon,기타,,발표 시기 미상,https://library.ltikorea.or.kr/translatedbooks/407588,,"번역서 2종 · 인도네시아어, 중국어(번체) · 예: Nunafan.com - Vol 1",포함
도둑맞은 책,You Sun-Dong,기타,,발표 시기 미상,https://library.ltikorea.or.kr/translatedbooks/407563,,"번역서 2종 · 인도네시아어, 프랑스어 · 예: The Purloined Book",포함
샛별클럽의 천사들,Lim Se Hyuk,기타,,발표 시기 미상,https://library.ltikorea.or.kr/translatedbooks/407498,,번역서 1종 · 인도네시아어 · 예: Angels of Morning Star Club,포함
인사,Sung Mi Kim,기타,,발표 시기 미상,https://library.ltikorea.or.kr/translatedbooks/407310,,번역서 1종 · 영어 · 예: Say Hello?,포함
꽃을 보듯 너를 본다,Ra Taejoo,기타,,발표 시기 미상,https://library.ltikorea.or.kr/translatedbooks/407204,,"번역서 5종 · 인도네시아어, 영어, 태국어, 중국어(번체), 일본어 · 예: i see you like a flower",포함
주제와 쟁점으로 읽는 20세기 한일관계사,Chung Jae-Jeong,기타,,발표 시기 미상,https://library.ltikorea.or.kr/translatedbooks/407188,,번역서 1종 · 일본어 · 예: 主題と争点で読む20世紀日韓関係史,포함
사랑만이 남는다,Ra Taejoo,기타,,발표 시기 미상,https://library.ltikorea.or.kr/translatedbooks/407151,,"번역서 2종 · 중국어(번체), 일본어 · 예: 唯獨留下愛",포함
이상화 전집,Yi Sang-wha,기타,,발표 시기 미상,https://library.ltikorea.or.kr/translatedbooks/407135,,번역서 1종 · 영어 · 예: Does Spring Come Also to These Ravished Fields?,포함
말하다,Kim Young-ha,기타,,발표 시기 미상,https://library.ltikorea.or.kr/translatedbooks/407064,,번역서 1종 · 중국어(번체) · 예: 言,포함
읽다,Kim Young-ha,기타,,발표 시기 미상,https://library.ltikorea.or.kr/translatedbooks/407061,,번역서 1종 · 중국어(번체) · 예: 讀,포함
백석 평전,Ahn Do-Hyun,시,,발표 시기 미상,https://library.ltikorea.or.kr/translatedbooks/406935,,번역서 1종 · 일본어 · 예: 詩人白石 (ペクソク),포함
하루키 레시피,Cha Yoojean,기타,,발표 시기 미상,https://library.ltikorea.or.kr/translatedbooks/406841,,"번역서 2종 · 중국어(간체), 중국어(번체) · 예: 村上春树·美食",포함
미술관의 쥐,Lee Eun,기타,,발표 시기 미상,https://library.ltikorea.or.kr/translatedbooks/406840,,"번역서 3종 · 중국어(간체), 일본어, 프랑스어 · 예: 美術館的老鼠",포함
오늘 밤은 사라지지 말아요,Sou Linne Baik,기타,,발표 시기 미상,https://library.ltikorea.or.kr/translatedbooks/406824,,번역서 1종 · 중국어(간체) · 예: 不要在今夜消失,포함
살아야겠다,Kim Takhwan,기타,,발표 시기 미상,https://library.ltikorea.or.kr/translatedbooks/406818,,"번역서 2종 · 중국어(간체), 중국어(번체) · 예: 我要活下去",포함
아름다운 그이는 사람이어라,Kim Takhwan,기타,,발표 시기 미상,https://library.ltikorea.or.kr/translatedbooks/406817,,"번역서 2종 · 중국어(간체), 중국어(번체) · 예: 生者的眼睛",포함
거짓말이다,Kim Takhwan,기타,,발표 시기 미상,https://library.ltikorea.or.kr/translatedbooks/406816,,"번역서 3종 · 중국어(간체), 중국어(번체), 프랑스어 · 예: 潛入謊言之海",포함
장국영이 죽었다고?,Kim Kyung-uk,기타,,발표 시기 미상,https://library.ltikorea.or.kr/translatedbooks/406811,,"번역서 2종 · 중국어(간체), 독일어 · 예: 您可疑的近况",포함
방각본 살인 사건. 상-하,Kim Takhwan,장편소설,,발표 시기 미상,https://library.ltikorea.or.kr/translatedbooks/406807,,"번역서 2종 · 스페인어, 프랑스어 · 예: LAS NOVELAS ASESINAS",포함
피터 래빗 죽이기,Lee Chanyeong,기타,,발표 시기 미상,https://library.ltikorea.or.kr/translatedbooks/406806,,번역서 1종 · 중국어(번체) · 예: 殺死彼得兔,포함
현장검증,Lee Jong-kwan,기타,,발표 시기 미상,https://library.ltikorea.or.kr/translatedbooks/406800,,"번역서 2종 · 중국어(번체), 프랑스어 · 예: 現場鑑證",포함
고산자,Park Bum Shin,기타,,발표 시기 미상,https://library.ltikorea.or.kr/translatedbooks/406799,,"번역서 2종 · 중국어(번체), 독일어 · 예: 古山子",포함
회색 인간,Kim Tongsik,기타,,발표 시기 미상,https://library.ltikorea.or.kr/translatedbooks/406796,,번역서 1종 · 중국어(번체) · 예: 灰色人類,포함
공존(가제),Kang hwa gil,기타,,발표 시기 미상,https://library.ltikorea.or.kr/translatedbooks/406747,,번역서 1종 · 스페인어 · 예: CONVIVIENCIA,포함
어비,Kim Hye-jin,기타,,발표 시기 미상,https://library.ltikorea.or.kr/translatedbooks/406740,,번역서 1종 · 일본어 · 예: オビー,포함
이상한 엄마,Baek Heena,기타,,발표 시기 미상,https://library.ltikorea.or.kr/translatedbooks/406737,,"번역서 2종 · 일본어, 중국어(간체) · 예: 天女かあさん",포함
선한 이웃,Lee Jung-myung,기타,,발표 시기 미상,https://library.ltikorea.or.kr/translatedbooks/406726,,번역서 1종 · 이탈리아어 · 예: Buio in sala,포함
제시 이야기,Park Kun-Woong,기타,,발표 시기 미상,https://library.ltikorea.or.kr/translatedbooks/406697,,번역서 1종 · 프랑스어 · 예: Le Livre de Jessie,포함
플라스틱 섬,Lee Myeongae,기타,,발표 시기 미상,https://library.ltikorea.or.kr/translatedbooks/406653,,"번역서 2종 · 러시아어, 일본어 · 예: Мусорный остров",포함
연옥의 봄,Hwang Tong-gyu,기타,,발표 시기 미상,https://library.ltikorea.or.kr/translatedbooks/406652,,번역서 1종 · 독일어 · 예: Frühling im Fegefeuer,포함
마당을 나온 암탉,Sun-mi Hwang,기타,,발표 시기 미상,https://library.ltikorea.or.kr/translatedbooks/406649,,"번역서 21종 · 인도네시아어, 영어, 페르시아어, 덴마크어, 튀르키예어 · 예: مرغی که رؤیای پرواز در سر داشت",포함
Hiver à Sokcho,Elisa Shua Dusapin,기타,,발표 시기 미상,https://library.ltikorea.or.kr/translatedbooks/406637,,"번역서 3종 · 페르시아어, 영어, 한국어 · 예: زمستان در سوکچو",포함
"꽃, 그 순간",Kim Min Jeong,기타,,발표 시기 미상,https://library.ltikorea.or.kr/translatedbooks/406635,,"번역서 1종 · 영어 · 예: A Flower, at the Moment",포함
지구에서 한아뿐,Chung Serang,기타,,발표 시기 미상,https://library.ltikorea.or.kr/translatedbooks/406623,,"번역서 3종 · 중국어(번체), 일본어, 스페인어 · 예: 地球上唯一的韓亞",포함
송곳. 6,Choi Kyu-sok,기타,,발표 시기 미상,https://library.ltikorea.or.kr/translatedbooks/406620,,번역서 1종 · 프랑스어 · 예: Intraitable – tome 6,포함
송곳. 5,Choi Kyu-sok,기타,,발표 시기 미상,https://library.ltikorea.or.kr/translatedbooks/406619,,번역서 1종 · 프랑스어 · 예: Intraitable – tome 5,포함
송곳. 4,Choi Kyu-sok,기타,,발표 시기 미상,https://library.ltikorea.or.kr/translatedbooks/406618,,번역서 1종 · 프랑스어 · 예: Intraitable – tome 4,포함
송곳. 3,Choi Kyu-sok,기타,,발표 시기 미상,https://library.ltikorea.or.kr/translatedbooks/406617,,번역서 1종 · 프랑스어 · 예: Intraitable – tome 3,포함
그림자 놀이,Lee Suzy,기타,,발표 시기 미상,https://library.ltikorea.or.kr/translatedbooks/406607,,"번역서 5종 · 에스토니아어, 프랑스어, 갈리시아어, 이탈리아어, 영어 · 예: 123123",포함
(Science) 신비한 곤충 속으로,Ryu Kangeun,기타,,발표 시기 미상,https://library.ltikorea.or.kr/translatedbooks/406606,,"번역서 4종 · 핀란드어, 프랑스어, 독일어, 중국어(간체) · 예: 번역서 등록 테스트2 9/5",포함
(Science) 신비한 곤충 속으로,,기타,,발표 시기 미상,https://library.ltikorea.or.kr/translatedbooks/406605,,번역서 1종 · 핀란드어 · 예: 번역서 등록 테스트 9/5,포함
그림자 놀이,이수지,기타,,발표 시기 미상,https://library.ltikorea.or.kr/translatedbooks/406597,,번역서 1종 · 암하라어 · 예: ㅂㅈㄷ,포함
설운 일 덜 생각하고,Moon Dong-man,기타,,발표 시기 미상,https://library.ltikorea.or.kr/translatedbooks/406500,,번역서 1종 · 영어 · 예: Thinking Less about Sad Things,포함
간송 전형필,이충렬,기타,,발표 시기 미상,https://library.ltikorea.or.kr/translatedbooks/406497,,"번역서 1종 · 영어 · 예: Even After Making Several Rounds in The Temple Yard, I Feel Bitter, As If I Have Completed My Life",포함
새를 따라서,Park Cheol,기타,,발표 시기 미상,https://library.ltikorea.or.kr/translatedbooks/406496,,"번역서 2종 · 영어 · 예: Even After Making Several Rounds in The Temple Yard, I Feel Bitter, As If I Have Completed My Life",포함
너라는 생활,Kim Hye-jin,기타,,발표 시기 미상,https://library.ltikorea.or.kr/translatedbooks/406492,,번역서 1종 · 일본어 · 예: 君という生活,포함
간송 전형필,Lee Chungryeol,기타,,발표 시기 미상,https://library.ltikorea.or.kr/translatedbooks/406491,,번역서 1종 · 일본어 · 예: 澗松・全鎣弼物語,포함
미남당 사건수첩,Jung Jaehan,기타,,발표 시기 미상,https://library.ltikorea.or.kr/translatedbooks/406484,,"번역서 2종 · 중국어(번체), 프랑스어 · 예: 美男堂事件手冊",포함
아티스트. 1-2,Yeong-shin Ma,기타,,발표 시기 미상,https://library.ltikorea.or.kr/translatedbooks/406482,,번역서 1종 · 영어 · 예: Artist,포함
나무들 비탈에 서다,Hwang Sun-Won,기타,,발표 시기 미상,https://library.ltikorea.or.kr/translatedbooks/406476,,"번역서 5종 · 일본어, 프랑스어, 영어, 스페인어, 독일어 · 예: 木々、坂に立つ",포함
여기까지가 미래입니다,Hwang Inchan,기타,,발표 시기 미상,https://library.ltikorea.or.kr/translatedbooks/406475,,번역서 1종 · 영어 · 예: You Have Reached the End of the Future,포함
비물질,Lee Hyun-ho,기타,,발표 시기 미상,https://library.ltikorea.or.kr/translatedbooks/406473,,번역서 1종 · 영어 · 예: Non-matter,포함
천국의 소년,Lee Jung-myung,기타,,발표 시기 미상,https://library.ltikorea.or.kr/translatedbooks/406469,,"번역서 3종 · 튀르키예어, 중국어(번체), 영어 · 예: Cennetten Kaçan Çocuk",포함
한국경전단편소설집,Song Sokze,단편소설,,발표 시기 미상,https://library.ltikorea.or.kr/translatedbooks/406468,,번역서 1종 · 중국어(간체) · 예: 韩国经典短篇小说选,포함
집에 있는데도 집에 가고 싶어,Kwon Rabin,기타,,발표 시기 미상,https://library.ltikorea.or.kr/translatedbooks/406427,,"번역서 3종 · 베트남어, 인도네시아어, 일본어 · 예: Tôi muốn về nhà dù cho đang ở nhà",포함
"무진기행, 술꾼",Kim Seungok,기타,,발표 시기 미상,https://library.ltikorea.or.kr/translatedbooks/406407,,번역서 1종 · 아라비아어 · 예: رحلة موجين وتليها السكير,포함
B사감과 러브레터 (한국문학의 원류 단편선 1 (1918-1929)),Na Hye-seok,기타,,발표 시기 미상,https://library.ltikorea.or.kr/translatedbooks/406403,,번역서 1종 · 일본어 · 예: B舎監とラブレター(韓国文学の源流 短編選1),포함
괜찮은 사람,Kang hwa gil,기타,,발표 시기 미상,https://library.ltikorea.or.kr/translatedbooks/406400,,번역서 1종 · 일본어 · 예: 大丈夫な人,포함
연인,Jeong Ho-seung,기타,,발표 시기 미상,https://library.ltikorea.or.kr/translatedbooks/406397,,"번역서 5종 · 베트남어, 중국어(번체), 영어, 독일어, 중국어(간체) · 예: Cá trong chuông",포함
한국근대문학선집 2권,Hyun Jin-geon,기타,,발표 시기 미상,https://library.ltikorea.or.kr/translatedbooks/406396,,"번역서 2종 · 알바니아어, 이탈리아어 · 예: HISTORI NGA KOREA",포함
침입자들,Jung Hyug Yong,기타,,발표 시기 미상,https://library.ltikorea.or.kr/translatedbooks/406387,,번역서 1종 · 스페인어 · 예: Intrusos,포함
준이 오빠,Keum Suk Gendry-Kim,기타,,발표 시기 미상,https://library.ltikorea.or.kr/translatedbooks/406384,,"번역서 3종 · 포르투갈어, 이탈리아어, 프랑스어 · 예: JUN",포함
내 이름은 안대용,Yang Yeonju,기타,,발표 시기 미상,https://library.ltikorea.or.kr/translatedbooks/406376,,번역서 1종 · 중국어(간체) · 예: 和伤心说再见,포함
강아지로 변한 날,Seo Jiwon,기타,,발표 시기 미상,https://library.ltikorea.or.kr/translatedbooks/406371,,번역서 1종 · 중국어(간체) · 예: 说脏话一点儿也不帅,포함
학교 다녀오겠습니다,Bang Minhui,기타,,발표 시기 미상,https://library.ltikorea.or.kr/translatedbooks/406365,,번역서 1종 · 중국어(간체) · 예: 我去上学了,포함
나는 누구일까요?,Bak Yungyeong,기타,,발표 시기 미상,https://library.ltikorea.or.kr/translatedbooks/406356,,번역서 1종 · 중국어(간체) · 예: 我是谁,포함
행복한 미용사 툴라,Yun Minjae,기타,,발표 시기 미상,https://library.ltikorea.or.kr/translatedbooks/406354,,번역서 1종 · 중국어(간체) · 예: 幸福的美容师 土拉,포함
화가들이 사는 별나라,Sin Jeongmin,기타,,발표 시기 미상,https://library.ltikorea.or.kr/translatedbooks/406351,,번역서 1종 · 중국어(간체) · 예: 画家的星国,포함
환절기,Jeong Yi-Yong,기타,,발표 시기 미상,https://library.ltikorea.or.kr/translatedbooks/406348,,"번역서 2종 · 암하라어, 갈리시아어, 프랑스어 · 예: 22",포함
동물원,Lee Suzy,기타,,발표 시기 미상,https://library.ltikorea.or.kr/translatedbooks/406319,,"번역서 2종 · 스페인어, 영어 · 예: En el zoológico",포함
선,Lee Suzy,기타,,발표 시기 미상,https://library.ltikorea.or.kr/translatedbooks/406315,,번역서 1종 · 영어 · 예: Lines,포함
파도야 놀자,Lee Suzy,기타,,발표 시기 미상,https://library.ltikorea.or.kr/translatedbooks/406313,,"번역서 2종 · 스페인어, 영어 · 예: La ola",포함
L의 운동화,Kim Soom,동화,,발표 시기 미상,https://library.ltikorea.or.kr/translatedbooks/406281,,번역서 1종 · 일본어 · 예: Lの運動靴,포함
채만식 선집,Ch`ae Man-Sik,기타,,발표 시기 미상,https://library.ltikorea.or.kr/translatedbooks/406258,,번역서 1종 · 스페인어 · 예: El idiota de mi tio,포함
이수지의 그림책,Lee Suzy,동화,,발표 시기 미상,https://library.ltikorea.or.kr/translatedbooks/406255,,"번역서 2종 · 튀르키예어, 포르투갈어 · 예: Suzy Lee Sınır Üçlemesi",포함
호모도미난스,Chang Kang-myoung,기타,,발표 시기 미상,https://library.ltikorea.or.kr/translatedbooks/406254,,번역서 1종 · 튀르키예어 · 예: Homodominans,포함
죽음을 넘어 시대의 어둠을 넘어,Hwang Sok-yong,기타,,발표 시기 미상,https://library.ltikorea.or.kr/translatedbooks/406251,,번역서 1종 · 영어 · 예: Gwangju Uprising,포함
터널,So Jaewon,기타,,발표 시기 미상,https://library.ltikorea.or.kr/translatedbooks/406247,,"번역서 4종 · 중국어(번체), 베트남어, 중국어(간체) · 예: ĐƯỜNG HẦM",포함
너무도 쓸쓸한 당신,Park Wansuh,기타,,발표 시기 미상,https://library.ltikorea.or.kr/translatedbooks/406245,,"번역서 4종 · 우즈벡어, 러시아어, 영어, 중국어(간체) · 예: Жуда маъюссан",포함
지극히 사적인 초능력,Chang Kang-myoung,기타,,발표 시기 미상,https://library.ltikorea.or.kr/translatedbooks/406243,,번역서 1종 · 일본어 · 예: 極めて私的な超能力,포함
강경애 단편집,Kang kyung-ae,단편소설,,발표 시기 미상,https://library.ltikorea.or.kr/translatedbooks/406210,,번역서 1종 · 튀르키예어 · 예: Kadın Manzaraları,포함
꽃게 무덤 외,Kwon Ji-ye,기타,,발표 시기 미상,https://library.ltikorea.or.kr/translatedbooks/406187,,번역서 1종 · 일본어 · 예: ワタリガニの墓,포함
(있는 그대로) 참 소중한 너라서,Kim Ji Hun,기타,,발표 시기 미상,https://library.ltikorea.or.kr/translatedbooks/406184,,"번역서 2종 · 일본어, 태국어 · 예: 本当に大切な君だから",포함
불가능한 동화,Han Yujoo,동화,,발표 시기 미상,https://library.ltikorea.or.kr/translatedbooks/406173,,"번역서 5종 · 영어, 프랑스어 · 예: The Impossible Fairy Tale",포함
"있잖아, 누구씨",Jeong Mijin,기타,,발표 시기 미상,https://library.ltikorea.or.kr/translatedbooks/406167,,번역서 1종 · 태국어 · 예: ฉันไม่เป็นไรจริงๆ ใช่ไหม,포함
떠난 후에 남겨진 것들,Kim Saypyel,기타,,발표 시기 미상,https://library.ltikorea.or.kr/translatedbooks/406164,,"번역서 2종 · 인도네시아어, 중국어(번체) · 예: Things Left Behind",포함
위저드 베이커리,GU Byeong-mo,기타,,발표 시기 미상,https://library.ltikorea.or.kr/translatedbooks/406162,,"번역서 4종 · 태국어, 인도네시아어, 폴란드어, 튀르키예어 · 예: ร้านขนมอบเวทมนตร์",포함
이상 시선집 (오감도 외),Yi Sang,시,,발표 시기 미상,https://library.ltikorea.or.kr/translatedbooks/406155,,번역서 1종 · 페르시아어 · 예: دنیا از چشم کلاغ,포함
기억 서점,Jung Myeong Seop,기타,,발표 시기 미상,https://library.ltikorea.or.kr/translatedbooks/406153,,번역서 1종 · 인도네시아어 · 예: Memory Bookstore,포함
지금 죽으러 갑니다,Jeong Hai-yeon,기타,,발표 시기 미상,https://library.ltikorea.or.kr/translatedbooks/406151,,"번역서 2종 · 프랑스어, 태국어 · 예: La secte des suicidés",포함
"안녕, 소중한 사람",Jeong Hangyong,기타,,발표 시기 미상,https://library.ltikorea.or.kr/translatedbooks/406147,,번역서 1종 · 일본어 · 예: アンニョン、大切な人。,포함
뼈,Jeong Mijin,기타,,발표 시기 미상,https://library.ltikorea.or.kr/translatedbooks/406144,,번역서 1종 · 인도네시아어 · 예: Bone,포함
정신자살,Do Jinki,기타,,발표 시기 미상,https://library.ltikorea.or.kr/translatedbooks/406140,,번역서 1종 · 프랑스어 · 예: Mortel Motel,포함
빨간 모자,Kim Jiyeon,기타,,발표 시기 미상,https://library.ltikorea.or.kr/translatedbooks/406138,,번역서 1종 · 프랑스어 · 예: C'est pour mieux te manger,포함
행복배틀,Joo Young-ha,기타,,발표 시기 미상,https://library.ltikorea.or.kr/translatedbooks/406135,,"번역서 2종 · 프랑스어, 인도네시아어 · 예: Plus heureuse que moi tu meurs",포함
샤인,Jessica Jung,기타,,발표 시기 미상,https://library.ltikorea.or.kr/translatedbooks/406075,,"번역서 3종 · 인도네시아어, 중국어(번체), 영어 · 예: Shine",포함
제4회 한국과학문학상 수상작품집,Hwang Mogwa,기타,,발표 시기 미상,https://library.ltikorea.or.kr/translatedbooks/406073,,번역서 1종 · 일본어 · 예: モーメント・アーケード,포함
하얀 배,Yun Hu-myong,기타,,발표 시기 미상,https://library.ltikorea.or.kr/translatedbooks/406070,,번역서 1종 · 일본어 · 예: 白い船,포함
갈팡질팡 하다가 내 이럴 줄 알았지,Lee Kiho,기타,,발표 시기 미상,https://library.ltikorea.or.kr/translatedbooks/406066,,번역서 1종 · 일본어 · 예: 原州通信,포함
사랑을 믿다,Ha Seong-nan,기타,,발표 시기 미상,https://library.ltikorea.or.kr/translatedbooks/406065,,번역서 1종 · 일본어 · 예: あの夏の修辞法,포함
두번의 자화상,Jeon Sungtae,기타,,발표 시기 미상,https://library.ltikorea.or.kr/translatedbooks/406064,,번역서 2종 · 일본어 · 예: 遠足,포함
"밤이여, 나뉘어라",Jung Mikyung,기타,,발표 시기 미상,https://library.ltikorea.or.kr/translatedbooks/406062,,번역서 1종 · 일본어 · 예: 夜よ、ひらけ,포함
끝까지 남겨두는 그 마음,Ra Taejoo,기타,,발표 시기 미상,https://library.ltikorea.or.kr/translatedbooks/406060,,번역서 1종 · 일본어 · 예: あの人ひとりが この世のすべてだった頃,포함
어느 날 내가 죽었습니다,Lee Kyung-hye,기타,,발표 시기 미상,https://library.ltikorea.or.kr/translatedbooks/406052,,"번역서 4종 · 일본어, 중국어(번체), 태국어, 베트남어 · 예: ある日、僕が死にました",포함
사라지는 건 여자들뿐이거든요,Kang hwa gil,기타,,발표 시기 미상,https://library.ltikorea.or.kr/translatedbooks/406014,,번역서 1종 · 스페인어 · 예: Solo las mujeres desaparecen,포함
대한민국 페미니스트의 고백,Gim Seoyeong,기타,,발표 시기 미상,https://library.ltikorea.or.kr/translatedbooks/406009,,번역서 1종 · 일본어 · 예: いいから、あなたの話をしなよ,포함
구름 껴도 맑음,Bae Sung Tae,기타,,발표 시기 미상,https://library.ltikorea.or.kr/translatedbooks/405976,,번역서 1종 · 인도네시아어 · 예: Every Day is A Sunny Day When I Am with You,포함
현남 오빠에게,Cho Nam-ju,기타,,발표 시기 미상,https://library.ltikorea.or.kr/translatedbooks/405953,,"번역서 4종 · 중국어(간체), 중국어(번체), 일본어 · 예: [핀노드] 번역서 테스트 5/16",포함
가시소년,Gwon Ja-gyeong,기타,,발표 시기 미상,https://library.ltikorea.or.kr/translatedbooks/405920,,번역서 1종 · 일본어 · 예: トゲトゲくんは ね、,포함
그녀 이름은,Cho Nam-ju,기타,,발표 시기 미상,https://library.ltikorea.or.kr/translatedbooks/405909,,"번역서 6종 · 베트남어, 태국어, 중국어(번체), 중국어(간체), 인도네시아어 · 예: Tên Cô Ấy Là",포함
내 마음 다치지 않게,Seolleda,기타,,발표 시기 미상,https://library.ltikorea.or.kr/translatedbooks/405889,,"번역서 3종 · 일본어, 인도네시아어, 태국어 · 예: わたしの心が傷つかないように",포함
애쓰지 않고 편안하게,Kim Soohyun,기타,,발표 시기 미상,https://library.ltikorea.or.kr/translatedbooks/405888,,"번역서 3종 · 일본어, 영어, 베트남어 · 예: 頑張りすぎずに、気楽に",포함
바이올렛,Kyung-sook Shin,기타,,발표 시기 미상,https://library.ltikorea.or.kr/translatedbooks/405884,,번역서 2종 · 영어 · 예: VIOLETS,포함
여름의 빌라,Sou Linne Baik,기타,,발표 시기 미상,https://library.ltikorea.or.kr/translatedbooks/405873,,번역서 1종 · 일본어 · 예: 夏のヴィラ,포함
잉여인간,Son Chang-sop,기타,,발표 시기 미상,https://library.ltikorea.or.kr/translatedbooks/405871,,번역서 1종 · 아라비아어 · 예: رجال لا لزوم لهم,포함
사물의 뒷모습,An Gyucheol,기타,,발표 시기 미상,https://library.ltikorea.or.kr/translatedbooks/405862,,"번역서 3종 · 알바니아어, 일본어 · 예: title_utob",포함
파우스터,김호연,기타,,발표 시기 미상,https://library.ltikorea.or.kr/translatedbooks/405847,,"번역서 1종 · 알바니아어, 프랑스어, 독일어 · 예: [test] test",포함
내가 죽으면 장례식에 누가 와줄까,Sang Hyun Kim,기타,,발표 시기 미상,https://library.ltikorea.or.kr/translatedbooks/405843,,"번역서 2종 · 알바니아어, 인도네시아어 · 예: [test] test",포함
내가 죽으면 장례식에 누가 와줄까,김상현,기타,,발표 시기 미상,https://library.ltikorea.or.kr/translatedbooks/405838,,번역서 1종 · 독일어 · 예: [test] test,포함
[PINNODE]Original Work Test - Other,pinnode,기타,,발표 시기 미상,https://library.ltikorea.or.kr/translatedbooks/405801,,번역서 1종 · 영어 · 예: [PINNODE]Translated Book Test,포함
진달래꽃,Kim Sowol,기타,,발표 시기 미상,https://library.ltikorea.or.kr/translatedbooks/405792,,"번역서 5종 · 이탈리아어, 페르시아어, 일본어, 중국어(간체), 프랑스어 · 예: Fiori d'azalea",포함
산 자들,Chang Kang-myoung,기타,,발표 시기 미상,https://library.ltikorea.or.kr/translatedbooks/405775,,번역서 1종 · 일본어 · 예: 鳥は飛ぶのが楽しいか,포함
파우스터,Kim Ho-Yeon,기타,,발표 시기 미상,https://library.ltikorea.or.kr/translatedbooks/405771,,번역서 1종 · 독일어 · 예: Fauster,포함
잽,Kim Un-su,기타,,발표 시기 미상,https://library.ltikorea.or.kr/translatedbooks/405767,,번역서 1종 · 독일어 · 예: JAB,포함
Living Reed,Pearl S. Buck,기타,,발표 시기 미상,https://library.ltikorea.or.kr/translatedbooks/405763,,번역서 2종 · 한국어 · 예: 살아있는 갈대 -하,포함
A Person of Interest,Susan Choi,기타,,발표 시기 미상,https://library.ltikorea.or.kr/translatedbooks/405759,,번역서 1종 · 한국어 · 예: 요주의 인물,포함
Fox Girl,Nora Okja Keller,기타,,발표 시기 미상,https://library.ltikorea.or.kr/translatedbooks/405758,,번역서 1종 · 한국어 · 예: 여우소녀,포함
"Without You, There Is No Us",Suki Kim,기타,,발표 시기 미상,https://library.ltikorea.or.kr/translatedbooks/405757,,번역서 1종 · 한국어 · 예: 평양의 영어 선생님,포함
두 여자 이야기,Song ARAM,기타,,발표 시기 미상,https://library.ltikorea.or.kr/translatedbooks/405743,,번역서 1종 · 일본어 · 예: 大邱の夜、ソウルの夜,포함
안 보이는 사랑의 나라,Mah Chonggi,기타,,발표 시기 미상,https://library.ltikorea.or.kr/translatedbooks/405741,,번역서 1종 · 영어 · 예: Invisible Land of Love,포함
이슬람 정육점,Son Hong-kyu,기타,,발표 시기 미상,https://library.ltikorea.or.kr/translatedbooks/405739,,"번역서 3종 · 일본어, 영어, 튀르키예어 · 예: イスラーム精肉店",포함
꿈,Yi Kwang-Su,기타,,발표 시기 미상,https://library.ltikorea.or.kr/translatedbooks/405735,,번역서 1종 · 러시아어 · 예: Сон. Буддийская проза Кореи,포함
외딴 방,Kyung-Sook Shin,기타,,발표 시기 미상,https://library.ltikorea.or.kr/translatedbooks/405733,,"번역서 8종 · 아라비아어, 베트남어, 노르웨이어, 일본어, 영어 · 예: فتاة كتبت العزلة",포함
세상에서 가장 약한 요괴,Kim Tongsik,기타,,발표 시기 미상,https://library.ltikorea.or.kr/translatedbooks/405732,,"번역서 2종 · 일본어, 러시아어 · 예: 世界でいちばん弱い妖怪",포함
식탁 위의 한국사,Joo Young-ha,기타,,발표 시기 미상,https://library.ltikorea.or.kr/translatedbooks/405731,,"번역서 2종 · 일본어, 베트남어 · 예: 食卓の上の韓国史",포함
팬데믹,Kim Choyeop,단편소설,,발표 시기 미상,https://library.ltikorea.or.kr/translatedbooks/405726,,번역서 1종 · 일본어 · 예: 最後のライオニ韓国パンデミックＳＦ小説集,포함
함께 보는 한국근현대사,Institute of Historical Studies,기타,,발표 시기 미상,https://library.ltikorea.or.kr/translatedbooks/405725,,번역서 1종 · 아제르바이잔어 · 예: Koreyanın yeni və ən yeni tarixinə birgə nəzər,포함
푸른 개 장발,Sun-mi Hwang,기타,,발표 시기 미상,https://library.ltikorea.or.kr/translatedbooks/405718,,"번역서 11종 · 아라비아어, 인도네시아어, 네덜란드어, 폴란드어, 튀르키예어 · 예: الكلبة التي تجرأت على الحلم",포함
좋은지 나쁜지 누가 아는가,Shiva Ryu,기타,,발표 시기 미상,https://library.ltikorea.or.kr/translatedbooks/405716,,"번역서 2종 · 스페인어, 독일어 · 예: No pongas un punto donde Dios puso una coma",포함
선의 법칙,PYUN HYE YOUNG,기타,,발표 시기 미상,https://library.ltikorea.or.kr/translatedbooks/405709,,"번역서 3종 · 폴란드어, 프랑스어, 영어 · 예: Prawo linii",포함
어디선가 나를 찾는 전화벨이 울리고,Kyung-sook Shin,기타,,발표 시기 미상,https://library.ltikorea.or.kr/translatedbooks/405704,,"번역서 2종 · 폴란드어, 인도네시아어 · 예: Będę tam",포함
한국문학이란 무엇인가,Kwon Yeongmin,기타,,발표 시기 미상,https://library.ltikorea.or.kr/translatedbooks/405665,,"번역서 2종 · 영어, 독일어 · 예: What is Korean literature?",포함
세상에서 가장 가벼운 오토바이,Yi Won,기타,,발표 시기 미상,https://library.ltikorea.or.kr/translatedbooks/405651,,번역서 1종 · 영어 · 예: The World's Lightest Motorcycle,포함
고구려 회화-고대 한국문화가 그림으로 되살아나다,Ahn Heejun,기타,,발표 시기 미상,https://library.ltikorea.or.kr/translatedbooks/405649,,번역서 1종 · 프랑스어 · 예: Fresques de Koguryŏ,포함
내 아들의 연인,Jung Mikyung,기타,,발표 시기 미상,https://library.ltikorea.or.kr/translatedbooks/405648,,"번역서 2종 · 루마니아어, 영어 · 예: Iubita fiului meu",포함
신경숙 단편선집,Kyung-Sook Shin,기타,,발표 시기 미상,https://library.ltikorea.or.kr/translatedbooks/405646,,번역서 1종 · 일본어 · 예: オルガンのあった場所,포함
당신의 4분 33초,Lee Seo Su,기타,,발표 시기 미상,https://library.ltikorea.or.kr/translatedbooks/405643,,번역서 1종 · 중국어(번체) · 예: 你的4分33秒,포함
멈추면 비로소 보이는 것들,HAEMIN,기타,,발표 시기 미상,https://library.ltikorea.or.kr/translatedbooks/405640,,"번역서 9종 · 프랑스어, 영어, 스웨덴어, 루마니아어, 스페인어 · 예: Prenez le temps de vivre",포함
완벽하지 않은 것들에 대한 사랑,HAEMIN,기타,,발표 시기 미상,https://library.ltikorea.or.kr/translatedbooks/405638,,"번역서 4종 · 프랑스어, 베트남어, 독일어, 영어 · 예: Le goût des choses imparfaites",포함
불편하고 행복하게,Hong Yeon-sik,기타,,발표 시기 미상,https://library.ltikorea.or.kr/translatedbooks/405636,,"번역서 2종 · 영어, 프랑스어 · 예: Uncomfortably Happily",포함
아우와의 만남,Yi Mun-yol,기타,,발표 시기 미상,https://library.ltikorea.or.kr/translatedbooks/405626,,번역서 2종 · 아라비아어 · 예: موعد مع أخي,포함
일간 이슬아 수필집,Sulla Lee,수필,,발표 시기 미상,https://library.ltikorea.or.kr/translatedbooks/405624,,번역서 1종 · 일본어 · 예: 日刊イ・スラ 私たちのあいだの話,포함
한국근대문학선집 1권,YI Sang,기타,,발표 시기 미상,https://library.ltikorea.or.kr/translatedbooks/405619,,번역서 1종 · 이탈리아어 · 예: Storie d’amore dalla Corea del primo Novecento,포함
차가운 사탕들,LEE YOUNG JU,기타,,발표 시기 미상,https://library.ltikorea.or.kr/translatedbooks/405617,,번역서 1종 · 영어 · 예: Cold Candies,포함
소년은 늙지 않는다,Kim Kyung-uk,기타,,발표 시기 미상,https://library.ltikorea.or.kr/translatedbooks/405614,,번역서 1종 · 중국어(간체) · 예: 外国文艺 2021年第4期(韩国当代大奖小说选),포함
굴 소년들,Lee Sul-ya,기타,,발표 시기 미상,https://library.ltikorea.or.kr/translatedbooks/405612,,번역서 1종 · 영어 · 예: Cave Boys,포함
끝을 시작하기,Kim Geun,기타,,발표 시기 미상,https://library.ltikorea.or.kr/translatedbooks/405611,,번역서 1종 · 영어 · 예: Beginning the End,포함
남한산성,KIM HOON,기타,,발표 시기 미상,https://library.ltikorea.or.kr/translatedbooks/405607,,번역서 1종 · 스페인어 · 예: NAMHANSANSEONG. La fortaleza helada,포함
"천년의 잠, 오세영 시선집",Oh,시,,발표 시기 미상,https://library.ltikorea.or.kr/translatedbooks/405602,,"번역서 2종 · 일본어, 러시아어 · 예: 千年の眠り",포함
모란이 피기까지는,Kim Yeongrang,기타,,발표 시기 미상,https://library.ltikorea.or.kr/translatedbooks/405601,,"번역서 2종 · 페르시아어, 영어 · 예: گلهای کاملیا",포함
살인자의 기억법,Kim Young-Ha,기타,,발표 시기 미상,https://library.ltikorea.or.kr/translatedbooks/405588,,"번역서 7종 · 튀르키예어, 인도네시아어, 프랑스어, 스페인어, 영어 · 예: Bir Katilin Güncesi",포함
한밤중 개미 요정,Sin Seonmi,기타,,발표 시기 미상,https://library.ltikorea.or.kr/translatedbooks/405569,,번역서 1종 · 일본어 · 예: 真夜中のちいさなようせい,포함
"여름, 어디선가 시체가",Park Yeon Sun,기타,,발표 시기 미상,https://library.ltikorea.or.kr/translatedbooks/405535,,"번역서 3종 · 태국어, 프랑스어, 중국어(번체) · 예: วันหนึ่งในฤดูร้อน มีศพนอนอยู่ที่ไหนสักแห่ง",포함
향기 자욱,Chong Chaebong,기타,,발표 시기 미상,https://library.ltikorea.or.kr/translatedbooks/405534,,번역서 1종 · 태국어 · 예: คิดถูกก็สุขใจ,포함
단 하루도 너를 사랑하지 않은 날이 없다,Kim Chaesik,기타,,발표 시기 미상,https://library.ltikorea.or.kr/translatedbooks/405532,,번역서 1종 · 태국어 · 예: ความรักก็เป็นแบบนี้,포함
늦지 않았어 지금 시작해,No Gyeongwon,기타,,발표 시기 미상,https://library.ltikorea.or.kr/translatedbooks/405528,,번역서 1종 · 태국어 · 예: ยังไม่สายไป เริ่มใหม่ตอนนี้,포함
무례한 사람에게 웃으며 대처하는 법,Jeong Moon Jeong,기타,,발표 시기 미상,https://library.ltikorea.or.kr/translatedbooks/405525,,"번역서 3종 · 태국어, 베트남어, 인도네시아어 · 예: ยิ้มรับคนไม่ดีที่ผ่านเข้ามาในชีวิต",포함
모든 순간이 너였다,Ha Tae-wan,기타,,발표 시기 미상,https://library.ltikorea.or.kr/translatedbooks/405524,,"번역서 4종 · 인도네시아어, 태국어, 중국어(번체), 일본어 · 예: Every Moment Was You",포함
당신을 응원하는 누군가,Sun Mihwa,기타,,발표 시기 미상,https://library.ltikorea.or.kr/translatedbooks/405521,,번역서 1종 · 태국어 · 예: เริ่มต้นที่รักตัวเอง,포함
"그까짓 사람, 그래도 사람",Seolleda,기타,,발표 시기 미상,https://library.ltikorea.or.kr/translatedbooks/405518,,번역서 1종 · 태국어 · 예: แล้วทุกอย่างจะดีขึ้นจริง ๆ นะ,포함
가끔은 웅크리고 있어도 괜찮아,Kim Dan,기타,,발표 시기 미상,https://library.ltikorea.or.kr/translatedbooks/405512,,"번역서 2종 · 태국어, 영어 · 예: ไม่เป็นไรนะ ถ้าตอนนี้ยัง…",포함
"잠시 주춤, 하겠습니다",Nina Kim,기타,,발표 시기 미상,https://library.ltikorea.or.kr/translatedbooks/405509,,번역서 1종 · 태국어 · 예: พักให้ไหว ค่อยไปต่อ,포함
아무것도 아닌 지금은 없다,Geulbaewoo,기타,,발표 시기 미상,https://library.ltikorea.or.kr/translatedbooks/405504,,번역서 1종 · 태국어 · 예: เราจะเติบโตขึ้นทุกครั้งหลังฝนตก,포함
가시고기,Cho Chang-in,기타,,발표 시기 미상,https://library.ltikorea.or.kr/translatedbooks/405501,,"번역서 7종 · 일본어, 중국어(간체), 태국어, 중국어(번체), 베트남어 · 예: กาซีโกกี",포함
탱고,Koo Hye-sun,기타,,발표 시기 미상,https://library.ltikorea.or.kr/translatedbooks/405500,,번역서 1종 · 인도네시아어 · 예: Tango,포함
원더풀 라디오,Lee Jae-Ik,기타,,발표 시기 미상,https://library.ltikorea.or.kr/translatedbooks/405497,,번역서 1종 · 인도네시아어 · 예: Wonderful Radio,포함
주군의 태양,Hwang Ha Young,기타,,발표 시기 미상,https://library.ltikorea.or.kr/translatedbooks/405494,,번역서 2종 · 인도네시아어 · 예: The Master's Sun #2,포함
뿌리깊은 나무,Lee Jung-Myung,기타,,발표 시기 미상,https://library.ltikorea.or.kr/translatedbooks/405488,,번역서 2종 · 인도네시아어 · 예: Deep Rooted Tree #2,포함
내 남자친구의 웨딩드레스,Kim Eun Jeong,기타,,발표 시기 미상,https://library.ltikorea.or.kr/translatedbooks/405486,,번역서 2종 · 인도네시아어 · 예: My Boyfriend's Wedding Dress,포함
"사월의 미, 칠월의 솔",Kim Yeonsu,기타,,발표 시기 미상,https://library.ltikorea.or.kr/translatedbooks/405474,,"번역서 3종 · 태국어, 일본어, 독일어 · 예: มี ในเมษายน ซอล ในกรกฎาคม",포함
좀비들,Kim Junghyuk,기타,,발표 시기 미상,https://library.ltikorea.or.kr/translatedbooks/405470,,"번역서 5종 · 프랑스어, 러시아어, 중국어(간체), 일본어 · 예: Zombies juke-box",포함
당신의 그림자는 월요일,Kim Junghyuk,기타,,발표 시기 미상,https://library.ltikorea.or.kr/translatedbooks/405469,,"번역서 4종 · 러시아어, 베트남어, 독일어, 프랑스어 · 예: Ваша тень понедельник",포함
우리들의 행복한 시간,JI-YOUNG GONG,기타,,발표 시기 미상,https://library.ltikorea.or.kr/translatedbooks/405464,,번역서 1종 · 네덜란드어 · 예: De uren die we deelden,포함
계속해보겠습니다,Hwang Jungeun,기타,,발표 시기 미상,https://library.ltikorea.or.kr/translatedbooks/405462,,"번역서 3종 · 프랑스어, 일본어, 영어 · 예: Je vais ainsi",포함
한 스푼의 시간,Gu Byeong-mo,기타,,발표 시기 미상,https://library.ltikorea.or.kr/translatedbooks/405459,,번역서 1종 · 베트남어 · 예: Một Muỗng Thời Gian,포함
살롱 드 홈즈,Jeon Gunwoo,기타,,발표 시기 미상,https://library.ltikorea.or.kr/translatedbooks/405447,,번역서 1종 · 프랑스어 · 예: Les 4 enquêtrices de la supérette Gwangseon,포함
모든 비밀에는 이름이 있다,SEO MI-AE,기타,,발표 시기 미상,https://library.ltikorea.or.kr/translatedbooks/405444,,번역서 1종 · 프랑스어 · 예: Chut c’est un secret,포함
그해 봄,Park Kun-Woong,기타,,발표 시기 미상,https://library.ltikorea.or.kr/translatedbooks/405442,,번역서 1종 · 프랑스어 · 예: Un matin de ce printemps-là,포함
정지용 시선,Chong Chi-Yong,시,,발표 시기 미상,https://library.ltikorea.or.kr/translatedbooks/405439,,"번역서 5종 · 일본어, 러시아어, 중국어(간체), 독일어 · 예: むくいぬ",포함
한국전설 (가제),,소설,,발표 시기 미상,https://library.ltikorea.or.kr/translatedbooks/405431,,번역서 1종 · 프랑스어 · 예: Contes et légendes de Corée,포함
한국고전선집,Yi Ok,동화,,발표 시기 미상,https://library.ltikorea.or.kr/translatedbooks/405429,,번역서 1종 · 프랑스어 · 예: Contes et récits de Corée (III),포함
한국고전선집,Kim Siseup,동화,,발표 시기 미상,https://library.ltikorea.or.kr/translatedbooks/405423,,번역서 1종 · 프랑스어 · 예: Contes et récits de Corée (II),포함
한국고전선집,Jo Wi-han,동화,,발표 시기 미상,https://library.ltikorea.or.kr/translatedbooks/405421,,번역서 1종 · 프랑스어 · 예: Contes et récits de Corée (I),포함
iPhuck10,Виктор Пелевин,기타,,발표 시기 미상,https://library.ltikorea.or.kr/translatedbooks/405417,,번역서 1종 · 한국어 · 예: 아이퍽10,포함
Вон бежит собака(сборник рассказов Казакова),Юрий Казаков,기타,,발표 시기 미상,https://library.ltikorea.or.kr/translatedbooks/405414,,번역서 1종 · 한국어 · 예: 저기 개가 달려가네요,포함
Зулейха открывает глаза,Гузель Яхина,기타,,발표 시기 미상,https://library.ltikorea.or.kr/translatedbooks/405411,,번역서 1종 · 한국어 · 예: 줄레이하 눈을 뜨다,포함
Ф. М. Достоевский: Великий сатирик и юморист в его знаменитых рассказах,Евгения Розенфельд,기타,,발표 시기 미상,https://library.ltikorea.or.kr/translatedbooks/405408,,번역서 1종 · 한국어 · 예: 웃음과 풍자 코드로 읽는 도스토옙스키 단편선,포함
Русский вопрос на рубеже веков,Александр Солженицын,기타,,발표 시기 미상,https://library.ltikorea.or.kr/translatedbooks/405406,,번역서 1종 · 한국어 · 예: 세기말의 러시아 문제,포함
증인: 한국작가 11인선 (가제),Kim Young Hee,기타,,발표 시기 미상,https://library.ltikorea.or.kr/translatedbooks/405399,,번역서 1종 · 독일어 · 예: Friedensmorgen,포함
내게 무해한 사람,Choi Eunyoung,기타,,발표 시기 미상,https://library.ltikorea.or.kr/translatedbooks/405394,,"번역서 3종 · 러시아어, 일본어, 중국어(번체) · 예: Безопасный для меня человек",포함
하나코는 없다,Choe Yun,기타,,발표 시기 미상,https://library.ltikorea.or.kr/translatedbooks/405392,,번역서 1종 · 일본어 · 예: ハナコはいない,포함
어느 밤,Yoon Sung-hee,기타,,발표 시기 미상,https://library.ltikorea.or.kr/translatedbooks/405391,,번역서 1종 · 일본어 · 예: ある夜,포함
운수 좋은 날,Hyun Jin-geon,기타,,발표 시기 미상,https://library.ltikorea.or.kr/translatedbooks/405388,,"번역서 4종 · 독일어, 프랑스어, 러시아어, 영어 · 예: Der Glückstag",포함
벙어리 삼룡이,Na Do-hyang,기타,,발표 시기 미상,https://library.ltikorea.or.kr/translatedbooks/405387,,"번역서 2종 · 독일어, 영어 · 예: Samryong der Taubstumme",포함
봄·봄,Kim Yujung,기타,,발표 시기 미상,https://library.ltikorea.or.kr/translatedbooks/405386,,"번역서 2종 · 독일어, 영어 · 예: Frühling, Frühling",포함
오리온과 능금 (한국문학의 원류 단편선 2 (1932-1938)),Lee Hyoseok,기타,,발표 시기 미상,https://library.ltikorea.or.kr/translatedbooks/405385,,번역서 1종 · 일본어 · 예: オリオンと林檎 (韓国文学の源流 短編選2),포함
문예 2021 冬,Chung Serang,기타,,발표 시기 미상,https://library.ltikorea.or.kr/translatedbooks/405375,,번역서 1종 · 일본어 · 예: 文藝 2021 冬,포함
엄마 셋 도시락 셋,Kook Ji Seung,기타,,발표 시기 미상,https://library.ltikorea.or.kr/translatedbooks/405357,,번역서 1종 · 일본어 · 예: 3人のママと3つのおべんとう,포함
아빠 셋 꽃다발 셋,Kook Ji Seung,기타,,발표 시기 미상,https://library.ltikorea.or.kr/translatedbooks/405355,,번역서 1종 · 일본어 · 예: 3人のパパと3つのはなたば,포함
가짜와 진짜,Kim Seungok,기타,,발표 시기 미상,https://library.ltikorea.or.kr/translatedbooks/405307,,번역서 1종 · 일본어 · 예: 生きるということ,포함
새는 날아가면서 뒤돌아보지 않는다,Shiva RYU,기타,,발표 시기 미상,https://library.ltikorea.or.kr/translatedbooks/405305,,번역서 1종 · 독일어 · 예: Ein fliegender Vogel blickt nie zurück,포함
해동고승전,Kakhun,기타,,발표 시기 미상,https://library.ltikorea.or.kr/translatedbooks/405302,,"번역서 4종 · 이탈리아어, 일본어, 러시아어, 영어 · 예: Santi buddhisti della Corea antica",포함
우리들의 행복한 시간,Ji-young Gong,기타,,발표 시기 미상,https://library.ltikorea.or.kr/translatedbooks/405301,,"번역서 4종 · 크로아티아어, 포르투갈어, 태국어, 이탈리아어 · 예: Naše sretno vrijeme",포함
한 글자 사전,Kim So Yeon,기타,,발표 시기 미상,https://library.ltikorea.or.kr/translatedbooks/405300,,번역서 1종 · 일본어 · 예: 一文字の辞典,포함
나의 할머니에게,Yoon Sung-hee,기타,,발표 시기 미상,https://library.ltikorea.or.kr/translatedbooks/405298,,번역서 1종 · 일본어 · 예: 私のおばあちゃんへ,포함
열애,Kim Byeola,기타,,발표 시기 미상,https://library.ltikorea.or.kr/translatedbooks/405290,,번역서 1종 · 일본어 · 예: 常磐の木,포함
장길산,Hwang Sok-yong,기타,,발표 시기 미상,https://library.ltikorea.or.kr/translatedbooks/405254,,번역서 13종 · 일본어 · 예: 張吉山 10,포함
용과 용의 대격전·산협,Shin Chae-ho,기타,,발표 시기 미상,https://library.ltikorea.or.kr/translatedbooks/405244,,번역서 1종 · 아라비아어 · 예: معركة شرسة بين تِنِّين وآخر وتليها قرية في الوادي الجبلي,포함
캐비닛,Kim Un-su,기타,,발표 시기 미상,https://library.ltikorea.or.kr/translatedbooks/405242,,"번역서 4종 · 프랑스어, 일본어, 체코어, 중국어(간체) · 예: Le Placard",포함
두브로브니크에서 만난 사람,Shin Young,기타,,발표 시기 미상,https://library.ltikorea.or.kr/translatedbooks/405241,,번역서 1종 · 크로아티아어 · 예: Susret u Dubrovniku,포함
사물에게 배웁니다,Im Jina,기타,,발표 시기 미상,https://library.ltikorea.or.kr/translatedbooks/405238,,번역서 1종 · 일본어 · 예: モノから学びます,포함
보건교사 안은영,Chung Serang,기타,,발표 시기 미상,https://library.ltikorea.or.kr/translatedbooks/405235,,"번역서 5종 · 러시아어, 태국어, 인도네시아어, 일본어, 중국어(번체) · 예: Медсестра-заклинательница",포함
위로의 그림책,Park Jae Kye,동화,,발표 시기 미상,https://library.ltikorea.or.kr/translatedbooks/405226,,번역서 1종 · 태국어 · 예: Happy First เริ่มต้นที่ความสุข,포함
달의 위로,Ahn Sang Hyun,기타,,발표 시기 미상,https://library.ltikorea.or.kr/translatedbooks/405223,,번역서 1종 · 태국어 · 예: แหงนมองพระจันทร์แล้วรู้สึกเหมือนกันหรือเปล่า,포함
"나를 잃지 마, 어떤 순간에도",Jo Yumi,기타,,발표 시기 미상,https://library.ltikorea.or.kr/translatedbooks/405219,,번역서 1종 · 태국어 · 예: ในโลกนี้มีคนแบบเราได้แค่คนเดียวเท่านั้น,포함
당신의 마음을 안아줄게요,Kim Ji Hun,기타,,발표 시기 미상,https://library.ltikorea.or.kr/translatedbooks/405216,,번역서 1종 · 태국어 · 예: ถ้าเป็นเธอจะต้องผ่านมันไปได้แน่นอน,포함
무림해결사 고봉팔 = 高棒八傳記,Moon-hyuk,기타,,발표 시기 미상,https://library.ltikorea.or.kr/translatedbooks/405214,,번역서 10종 · 태국어 · 예: จอมยุทธ์กำมะลอ 5 (โคบงพัล จอมคนกำมะลอ ภาค 2),포함
귀신나방,Jang Yong-min,기타,,발표 시기 미상,https://library.ltikorea.or.kr/translatedbooks/405202,,번역서 1종 · 태국어 · 예: ถึงเปลี่ยนร้อยหน้าก็จะตามฆ่าแกให้ได้,포함
그 남자의 피아노 그 여자의 소나타,Jeeyeong Choi,기타,,발표 시기 미상,https://library.ltikorea.or.kr/translatedbooks/405200,,번역서 1종 · 태국어 · 예: เปียโนของเขา ท่วงทำนองของเธอ,포함
라일락 붉게 피던 집,SONG SI-WOO,기타,,발표 시기 미상,https://library.ltikorea.or.kr/translatedbooks/405196,,번역서 1종 · 태국어 · 예: ความลับในบ้านไลแลค,포함
온 : 안미옥 시집,Ahn Miok,시,,발표 시기 미상,https://library.ltikorea.or.kr/translatedbooks/405193,,번역서 1종 · 태국어 · 예: บางความรู้สึกอาจคงอยู่ตลอดไป หรือไม่ก็สูญหายในพริบตา,포함
무너지지만 말아,Cho Seongyong,기타,,발표 시기 미상,https://library.ltikorea.or.kr/translatedbooks/405190,,번역서 1종 · 태국어 · 예: ก็แค่ปล่อยมันไป,포함
"오늘은, 내 생애 가장 젊은 날",Lee Kiju,기타,,발표 시기 미상,https://library.ltikorea.or.kr/translatedbooks/405183,,번역서 1종 · 태국어 · 예: วันนี้คือวันที่เยาว์วัยที่สุดในชีวิต,포함
언어의 온도,Lee Kiju,기타,,발표 시기 미상,https://library.ltikorea.or.kr/translatedbooks/405181,,"번역서 2종 · 일본어, 태국어 · 예: 言葉の温度",포함
한때 소중했던 것들,Lee Kiju,기타,,발표 시기 미상,https://library.ltikorea.or.kr/translatedbooks/405178,,번역서 1종 · 태국어 · 예: สิ่งต่าง ๆ เคยสำคัญในช่วงเวลาหนึ่ง,포함
너에게만 좋은 사람이 되고 싶어,Yoo Kwi Sun,기타,,발표 시기 미상,https://library.ltikorea.or.kr/translatedbooks/405175,,번역서 1종 · 태국어 · 예: อยากเป็นคนดีแค่สำหรับเธอ,포함
우주 어딘가에 있는 그대에게,Jang Seou,기타,,발표 시기 미상,https://library.ltikorea.or.kr/translatedbooks/405172,,번역서 1종 · 태국어 · 예: เรายังไม่เจอกัน แต่รู้ว่าเธอรออยู่ตรงนั้น ณ จุดตัดของจักรวาล,포함
졸업,Yun I-Hyeong,기타,,발표 시기 미상,https://library.ltikorea.or.kr/translatedbooks/405166,,"번역서 2종 · 태국어, 중국어(번체) · 예: จดหมายถึงฉันในวันจบการศึกษา",포함
곤충,JANG MIN HYE,기타,,발표 시기 미상,https://library.ltikorea.or.kr/translatedbooks/405165,,"번역서 2종 · 태국어, 프랑스어 · 예: แมลง",포함
독고솜에게 반하면,Heo Jin-hee,기타,,발표 시기 미상,https://library.ltikorea.or.kr/translatedbooks/405164,,번역서 1종 · 태국어 · 예: หากคุณตกหลุมรักทกโกซม,포함
"사실, 내성적인 사람입니다",Nam Insook,기타,,발표 시기 미상,https://library.ltikorea.or.kr/translatedbooks/405161,,"번역서 4종 · 태국어, 중국어(번체), 중국어(간체), 일본어 · 예: ที่จริงแล้ว ฉันเป็นคนเก็บตัวนะ",포함
혼자가 혼자에게,BYUNGRYUL,기타,,발표 시기 미상,https://library.ltikorea.or.kr/translatedbooks/405155,,번역서 1종 · 중국어(번체) · 예: 愛上名為「自己」的風景,포함
댓글부대,Chang Kang-myoung,기타,,발표 시기 미상,https://library.ltikorea.or.kr/translatedbooks/405152,,"번역서 2종 · 인도네시아어, 중국어(번체) · 예: Pasukan Buzzer",포함
한 개의 별을 노래하자,Yun Tong-Ju,기타,,발표 시기 미상,https://library.ltikorea.or.kr/translatedbooks/405150,,번역서 1종 · 일본어 · 예: ひとつの星を歌おう,포함
어제저녁,Baek Heena,기타,,발표 시기 미상,https://library.ltikorea.or.kr/translatedbooks/405147,,번역서 1종 · 중국어(간체) · 예: 昨天晚上,포함
꿈에서 맛본 똥파리,Baek Heena,기타,,발표 시기 미상,https://library.ltikorea.or.kr/translatedbooks/405146,,번역서 1종 · 중국어(간체) · 예: 梦里尝到的苍蝇,포함
이상한 손님,Baek Heena,기타,,발표 시기 미상,https://library.ltikorea.or.kr/translatedbooks/405138,,번역서 1종 · 중국어(간체) · 예: 奇怪的客人,포함
우리가 우리를 우리라고 부를 때,추적단 불꽃,기타,,발표 시기 미상,https://library.ltikorea.or.kr/translatedbooks/405131,,번역서 1종 · 중국어(번체) · 예: 您已登入N號房,포함
시간 망명자,Kim Joo-Young,기타,,발표 시기 미상,https://library.ltikorea.or.kr/translatedbooks/405127,,번역서 1종 · 중국어(간체) · 예: 时间亡命者,포함
백년여관,Lim Chulwoo,기타,,발표 시기 미상,https://library.ltikorea.or.kr/translatedbooks/405122,,번역서 1종 · 중국어(간체) · 예: 百年旅馆,포함
모두가 네 탓,Ra Taejoo,기타,,발표 시기 미상,https://library.ltikorea.or.kr/translatedbooks/405117,,번역서 1종 · 중국어(간체) · 예: 一切都是因为你,포함
홍길동전,Seo Hajin,기타,,발표 시기 미상,https://library.ltikorea.or.kr/translatedbooks/405097,,번역서 1종 · 영어 · 예: Hong Gildong,포함
(돌로 지은 절) 석굴암,KIM Mi-hye,기타,,발표 시기 미상,https://library.ltikorea.or.kr/translatedbooks/405096,,번역서 1종 · 프랑스어 · 예: DANS LE TEMPLE,포함
쨍아,CHEON Jeong-cheol,기타,,발표 시기 미상,https://library.ltikorea.or.kr/translatedbooks/405093,,"번역서 2종 · 영어, 프랑스어 · 예: Dragonfly",포함
아기참새 찌꾸,Kwak Jae-gu,기타,,발표 시기 미상,https://library.ltikorea.or.kr/translatedbooks/405089,,"번역서 1종 · 프랑스어 · 예: CHICKOU, LE PIONNIER DE LA GRANDE PRAIRIE",포함
넉점 반,Yun Seok-jung,기타,,발표 시기 미상,https://library.ltikorea.or.kr/translatedbooks/405086,,번역서 1종 · 프랑스어 · 예: QUATRE POINTS ET DEMI,포함
동전 하나로도 행복했던 구멍가게의 날들,Lee Migyeong,기타,,발표 시기 미상,https://library.ltikorea.or.kr/translatedbooks/405084,,"번역서 2종 · 프랑스어, 일본어 · 예: Les petites épiceries de mon enfance",포함
내 친구 모모,HWANG Misun,기타,,발표 시기 미상,https://library.ltikorea.or.kr/translatedbooks/405082,,번역서 1종 · 프랑스어 · 예: MON AMIE MOMO,포함
인간모독소,KIM Yu-kyeong,기타,,발표 시기 미상,https://library.ltikorea.or.kr/translatedbooks/405079,,번역서 1종 · 프랑스어 · 예: LE CAMP DE L’HUMILIATION,포함
종이달,Andy Kihoon Yoon,기타,,발표 시기 미상,https://library.ltikorea.or.kr/translatedbooks/405076,,번역서 1종 · 프랑스어 · 예: LA LUNE EN PAPIER,포함
내가 본 것을 당신이 알게 됐으면,Yeonmi Park,기타,,발표 시기 미상,https://library.ltikorea.or.kr/translatedbooks/405044,,번역서 1종 · 영어 · 예: In Order to Live,포함
늦둥이 이른둥이,Won Yusun,기타,,발표 시기 미상,https://library.ltikorea.or.kr/translatedbooks/405038,,번역서 1종 · 중국어(간체) · 예: 老来子和早来子,포함
나 같은 사람 또 있을까 : 새벽 세시 에세이,Lucia Song,수필,,발표 시기 미상,https://library.ltikorea.or.kr/translatedbooks/405027,,번역서 1종 · 인도네시아어 · 예: Adakah Orang sepertiku?,포함
드래곤 라자,Lee Yeongdo,기타,,발표 시기 미상,https://library.ltikorea.or.kr/translatedbooks/404996,,번역서 12종 · 중국어(번체) · 예: 龍族 12,포함
"손, 아귀",JoYong,기타,,발표 시기 미상,https://library.ltikorea.or.kr/translatedbooks/404976,,"번역서 2종 · 중국어(번체), 포르투갈어 · 예: 手，琵琶魚",포함
봄날의 개,JoYong,기타,,발표 시기 미상,https://library.ltikorea.or.kr/translatedbooks/404975,,"번역서 2종 · 중국어(번체), 포르투갈어 · 예: 春日之犬",포함
진짜 진짜 얼굴을 찾아서,JoYong,기타,,발표 시기 미상,https://library.ltikorea.or.kr/translatedbooks/404974,,"번역서 2종 · 중국어(번체), 포르투갈어 · 예: 找尋最真實的臉孔",포함
좀비 아이,JoYong,기타,,발표 시기 미상,https://library.ltikorea.or.kr/translatedbooks/404973,,"번역서 2종 · 중국어(번체), 포르투갈어 · 예: 喪屍小孩",포함
악몽을 먹고 자란 소년,JoYong,기타,,발표 시기 미상,https://library.ltikorea.or.kr/translatedbooks/404972,,"번역서 2종 · 중국어(번체), 포르투갈어 · 예: 啖食惡夢長大的少年",포함
검은 반점,Jeong Mijin,기타,,발표 시기 미상,https://library.ltikorea.or.kr/translatedbooks/404971,,번역서 1종 · 중국어(번체) · 예: 黑色斑點,포함
세월의 돌,Jeon Minhee,기타,,발표 시기 미상,https://library.ltikorea.or.kr/translatedbooks/404961,,번역서 8종 · 중국어(번체) · 예: 歲月之石 : 卷八,포함
룬의 아이들: 데모닉,Jeon Minhee,기타,,발표 시기 미상,https://library.ltikorea.or.kr/translatedbooks/404952,,번역서 5종 · 중국어(번체) · 예: 符文之子II : 德莫尼克 (卷五),포함
태양의 탑,Jeon Minhee,기타,,발표 시기 미상,https://library.ltikorea.or.kr/translatedbooks/404946,,번역서 4종 · 중국어(번체) · 예: 太陽之塔 : 卷四,포함
구르미 그린 달빛,Yoon Yi-soo,기타,,발표 시기 미상,https://library.ltikorea.or.kr/translatedbooks/404941,,번역서 5종 · 중국어(번체) · 예: 雲畫的月光 : 卷五,포함
해시의 신루,Yoon Yi-soo,기타,,발표 시기 미상,https://library.ltikorea.or.kr/translatedbooks/404935,,번역서 3종 · 중국어(번체) · 예: 亥時蜃樓 : 卷三,포함
엄마 나 또 올게,Hong Young-nyeo,기타,,발표 시기 미상,https://library.ltikorea.or.kr/translatedbooks/404926,,"번역서 2종 · 중국어(번체), 베트남어 · 예: 有一天，媽媽老了",포함
끌림,BYUNGRYUL,기타,,발표 시기 미상,https://library.ltikorea.or.kr/translatedbooks/404925,,번역서 1종 · 중국어(번체) · 예: 吸引,포함
싸드 = Thaad,Kim Jin-myung,기타,,발표 시기 미상,https://library.ltikorea.or.kr/translatedbooks/404923,,번역서 1종 · 중국어(번체) · 예: 薩德,포함
유리,Park Bum Shin,기타,,발표 시기 미상,https://library.ltikorea.or.kr/translatedbooks/404921,,번역서 1종 · 중국어(번체) · 예: 流離,포함
이선동 클린센터,Kwon Jeonghui,기타,,발표 시기 미상,https://library.ltikorea.or.kr/translatedbooks/404919,,번역서 1종 · 중국어(번체) · 예: 李善東生命清潔中心,포함
미스 함무라비,Yu-sok Mun,기타,,발표 시기 미상,https://library.ltikorea.or.kr/translatedbooks/404916,,번역서 1종 · 중국어(번체) · 예: 漢摩拉比小姐,포함
휴거 1992,Cho Jang Ho,기타,,발표 시기 미상,https://library.ltikorea.or.kr/translatedbooks/404901,,번역서 1종 · 중국어(번체) · 예: 被提1992,포함
당신의 별이 사라지던 밤,SEO MI-AE,기타,,발표 시기 미상,https://library.ltikorea.or.kr/translatedbooks/404889,,번역서 1종 · 중국어(번체) · 예: 你的星星消失的夜晚,포함
빽넘버,Im Seongyeong,기타,,발표 시기 미상,https://library.ltikorea.or.kr/translatedbooks/404885,,번역서 1종 · 중국어(번체) · 예: 背後的數字,포함
초혼,Ko Un,기타,,발표 시기 미상,https://library.ltikorea.or.kr/translatedbooks/404882,,번역서 1종 · 중국어(번체) · 예: 招魂,포함
문학 연구집,Park Wansuh,기타,,발표 시기 미상,https://library.ltikorea.or.kr/translatedbooks/404878,,번역서 1종 · 베트남어 · 예: văn học,포함
너의 목소리가 들려,Kim Young-ha,기타,,발표 시기 미상,https://library.ltikorea.or.kr/translatedbooks/404874,,"번역서 3종 · 중국어(번체), 프랑스어, 영어 · 예: 我聽見你的聲音",포함
용기 없는 일주일,Jeong Eunsuk,기타,,발표 시기 미상,https://library.ltikorea.or.kr/translatedbooks/404871,,번역서 1종 · 중국어(번체) · 예: 沒有勇氣的一週,포함
클린 코드,Seol Hea-Won,기타,,발표 시기 미상,https://library.ltikorea.or.kr/translatedbooks/404866,,번역서 1종 · 중국어(번체) · 예: 自我魔術方塊,포함
스튜디오 보이스,韓国文学翻訳院,기타,,발표 시기 미상,https://library.ltikorea.or.kr/translatedbooks/404858,,번역서 1종 · 일본어 · 예: STUDIO VOICE,포함
대체 뭐하자는 인간이지 싶었다,Lee Lang,기타,,발표 시기 미상,https://library.ltikorea.or.kr/translatedbooks/404857,,"번역서 2종 · 중국어(번체), 일본어 · 예: 到底想成為做什麼事的人",포함
굿바이 동물원,Tae-shik Kang,기타,,발표 시기 미상,https://library.ltikorea.or.kr/translatedbooks/404851,,번역서 1종 · 중국어(번체) · 예: 正常人的條件,포함
호랑나비,Hwang Gyu-Gwan,기타,,발표 시기 미상,https://library.ltikorea.or.kr/translatedbooks/404848,,번역서 1종 · 영어 · 예: Tiger Swallowtail,포함
한국어문화센터 소식지,Kim Man Jung,기타,,발표 시기 미상,https://library.ltikorea.or.kr/translatedbooks/404846,,번역서 1종 · 러시아어 · 예: Вестник Центра корейского языка и культуры,포함
자살충 : 김성규 신작 시집,Kim Sungkyu,시,,발표 시기 미상,https://library.ltikorea.or.kr/translatedbooks/404844,,번역서 1종 · 영어 · 예: Suicide Parasite,포함
군사 예술 잡지,Hà Linh,기타,,발표 시기 미상,https://library.ltikorea.or.kr/translatedbooks/404842,,번역서 1종 · 베트남어 · 예: Văn nghệ Quân đội,포함
내 심장을 쏴라,Jeong You Jeong,기타,,발표 시기 미상,https://library.ltikorea.or.kr/translatedbooks/404839,,번역서 1종 · 중국어(번체) · 예: 射向我心臟,포함
루루,Yong Kim,기타,,발표 시기 미상,https://library.ltikorea.or.kr/translatedbooks/404828,,번역서 1종 · 베트남어 · 예: NHẬT KÝ NƯỚC MẮT,포함
재와 빨강,PYUN HYE YOUNG,기타,,발표 시기 미상,https://library.ltikorea.or.kr/translatedbooks/404823,,"번역서 4종 · 베트남어, 폴란드어, 튀르키예어, 프랑스어 · 예: TRO TÀN SẮC ĐỎ",포함
군상,Han Kang,기타,,발표 시기 미상,https://library.ltikorea.or.kr/translatedbooks/404813,,번역서 1종 · 일본어 · 예: 群像2020年6月号,포함
영토 및 해양 연구 저널,Jongyun Bae,기타,,발표 시기 미상,https://library.ltikorea.or.kr/translatedbooks/404811,,번역서 1종 · 영어 · 예: The Journal of Territorial and Maritime Studies,포함
브루투스,Choi Eunyoung,기타,,발표 시기 미상,https://library.ltikorea.or.kr/translatedbooks/404808,,번역서 1종 · 일본어 · 예: BRUTUS (ブルータス),포함
아젤리아,Kim Heesun,기타,,발표 시기 미상,https://library.ltikorea.or.kr/translatedbooks/404807,,번역서 1종 · 영어 · 예: AZALEA (Journal of Korean Literature & Culture),포함
한국소설전집,Hwang Sun-Won,소설,,발표 시기 미상,https://library.ltikorea.or.kr/translatedbooks/404793,,번역서 1종 · 그루지야어 · 예: გარუდა,포함
동아시아 시의 여성 (중국 - 일본 - 한국 - 베트남),HWANG CHINI,기타,,발표 시기 미상,https://library.ltikorea.or.kr/translatedbooks/404791,,번역서 1종 · 베트남어 · 예: NHỮNG KỲ NỮ TRONG THƠ CA ĐÔNG Á (TRUNG QUỐC - NHẬT BẢN - KOREA - VIỆT NAM),포함
상하이 - 도쿄 - 하노이 - 서울 20세기 초 동아시아 문학,Pak Taewon,기타,,발표 시기 미상,https://library.ltikorea.or.kr/translatedbooks/404789,,번역서 1종 · 베트남어 · 예: Thượng Hải - Tokyo - Hà Nội - Seoul Trong Văn Chương Đông Á Đầu Thế Kỷ XX,포함
알퍼므쉬와 주몽신화의 영웅신화적 요소 비교 연구,Oh Eunkyung,소설,,발표 시기 미상,https://library.ltikorea.or.kr/translatedbooks/404787,,"번역서 2종 · 우즈벡어, 러시아어 · 예: “Алпомиш” ва “Жумонг” достонларининг қиёсий-типологик таҳлили",포함
동아시아 당나라 대회 (중국-한국-베트남-일본),Hyeshim,기타,,발표 시기 미상,https://library.ltikorea.or.kr/translatedbooks/404786,,번역서 1종 · 베트남어 · 예: THI TĂNG ĐÔNG Á (TRUNG QUỐC - KOREA - VIỆT NAM - NHẬT BẢN),포함
여행의 이유,Kim Young-ha,기타,,발표 시기 미상,https://library.ltikorea.or.kr/translatedbooks/404783,,번역서 1종 · 중국어(번체) · 예: 懂也沒用的神祕旅行,포함
바람의 화원,Lee Jung-Myung,기타,,발표 시기 미상,https://library.ltikorea.or.kr/translatedbooks/404778,,번역서 1종 · 영어 · 예: Painter of the Wind,포함
가라타니 고진과 한국 문학,조영일,기타,,발표 시기 미상,https://library.ltikorea.or.kr/translatedbooks/404775,,번역서 1종 · 일본어 · 예: 柄谷行人と韓國文學,포함
동아시아 전설 속 여자 귀신의 사랑 이야기 (중국-한국-베트남-일본),Kim Siseup,소설,,발표 시기 미상,https://library.ltikorea.or.kr/translatedbooks/404772,,번역서 1종 · 베트남어 · 예: Chuyện Tình Ma Nữ Trong Truyền Kỳ Đông Á (Trung Quốc - Korea - Việt Nam - Nhật Bản),포함
사임당의 붉은 비단보,Kwon Ji-ye,기타,,발표 시기 미상,https://library.ltikorea.or.kr/translatedbooks/404759,,"번역서 2종 · 중국어(간체), 일본어 · 예: 师任堂的红色包袱",포함
문예 2021 秋,Sim neoul,기타,,발표 시기 미상,https://library.ltikorea.or.kr/translatedbooks/404758,,번역서 1종 · 일본어 · 예: 文藝 2021 秋,포함
오후 네시의 생활력,Kim Seung-Hui,기타,,발표 시기 미상,https://library.ltikorea.or.kr/translatedbooks/404756,,번역서 1종 · 프랑스어 · 예: La capacité de survie,포함
너무 한낮의 연애,Kim Keum Hee,기타,,발표 시기 미상,https://library.ltikorea.or.kr/translatedbooks/404754,,"번역서 2종 · 중국어(번체), 일본어 · 예: 大白天的戀愛",포함
캐비닛,KIM UN-SU,기타,,발표 시기 미상,https://library.ltikorea.or.kr/translatedbooks/404741,,"번역서 2종 · 영어, 프랑스어 · 예: The Cabinet",포함
나의 집을 떠나며,HYUN,기타,,발표 시기 미상,https://library.ltikorea.or.kr/translatedbooks/404736,,"번역서 3종 · 스페인어, 중국어(간체), 몽골어 · 예: Dejando mi casa atrás",포함
누구도 기억하지 않는 역에서,Heo Su-gyeong,기타,,발표 시기 미상,https://library.ltikorea.or.kr/translatedbooks/404735,,번역서 1종 · 프랑스어 · 예: 15° vent de nord-ouest,포함
나는 내 파이를 구할 뿐 인류를 구하러 온 게 아니라고,Kim Gina,기타,,발표 시기 미상,https://library.ltikorea.or.kr/translatedbooks/404704,,번역서 1종 · 일본어 · 예: 私は自分のパイを求めるだけであって人類を救いにきたわけじゃない,포함
The Grass Roof and the Yalu Flows,Gang Yongheul,기타,,발표 시기 미상,https://library.ltikorea.or.kr/translatedbooks/404702,,"번역서 4종 · 한국어, 체코어, 프랑스어, 독일어 · 예: 草堂",포함
조선의 중인들,Heo Gyeongjin,기타,,발표 시기 미상,https://library.ltikorea.or.kr/translatedbooks/404699,,번역서 1종 · 중국어(간체) · 예: 朝鲜时期的文艺复兴与中人,포함
아랑은 왜,Kim Young-ha,기타,,발표 시기 미상,https://library.ltikorea.or.kr/translatedbooks/404696,,"번역서 2종 · 불가리아어, 일본어 · 예: Аран, защо?",포함
귀찮지만 행복해 볼까,Kwon Namhui,기타,,발표 시기 미상,https://library.ltikorea.or.kr/translatedbooks/404688,,번역서 1종 · 중국어(번체) · 예: 雖然血淚，我還是喜歡翻譯,포함
자존감 수업,Yun Honggyun,기타,,발표 시기 미상,https://library.ltikorea.or.kr/translatedbooks/404683,,번역서 1종 · 인도네시아어 · 예: How To Respect Myself,포함
돌아보니 삶은 아름다웠더라,An Kyong Ja,기타,,발표 시기 미상,https://library.ltikorea.or.kr/translatedbooks/404668,,번역서 1종 · 베트남어 · 예: Nhìn Lại Cuộc Sống Đẹp Biết Bao,포함
현대조선문학선,Yi Tae Jun,기타,,발표 시기 미상,https://library.ltikorea.or.kr/translatedbooks/404637,,번역서 1종 · 일본어 · 예: 現代朝鮮文学選,포함
수인. 1-2,Hwang Sok-yong,기타,,발표 시기 미상,https://library.ltikorea.or.kr/translatedbooks/404610,,"번역서 4종 · 일본어, 영어, 프랑스어 · 예: The Prisoner",포함
페미니스트까진 아니지만,Bak Eunji,기타,,발표 시기 미상,https://library.ltikorea.or.kr/translatedbooks/404591,,번역서 1종 · 일본어 · 예: フェミニストってわけじゃないけど、どこか感じる違和感について,포함
"괜찮아, 안 죽어",Kim Siyeng,기타,,발표 시기 미상,https://library.ltikorea.or.kr/translatedbooks/404573,,번역서 1종 · 일본어 · 예: 僕だって、大丈夫じゃない,포함
검은 방,Jeong Ji A,기타,,발표 시기 미상,https://library.ltikorea.or.kr/translatedbooks/404551,,번역서 1종 · 영어 · 예: The Black room,포함
나는 바람에게 묻고 싶다,Nyberg Magdalena Kwak,기타,,발표 시기 미상,https://library.ltikorea.or.kr/translatedbooks/404549,,번역서 1종 · 노르웨이어 · 예: JEG VIL SPØRRE VINDEN,포함
박솔뫼 단편소설집,Bak Solmay,단편소설,,발표 시기 미상,https://library.ltikorea.or.kr/translatedbooks/404542,,번역서 1종 · 일본어 · 예: もう死んでいる十二人の女たちと,포함
한국문학선집(한국소설 대가 경전대표작),Choi Mal-Soon,소설,,발표 시기 미상,https://library.ltikorea.or.kr/translatedbooks/404540,,번역서 2종 · 중국어(번체) · 예: 誰能說自己看見天空：韓國小說大家經典代表作 (戰後篇),포함
청계산장의 재판,Park Eun-Woo,기타,,발표 시기 미상,https://library.ltikorea.or.kr/translatedbooks/404537,,번역서 1종 · 프랑스어 · 예: Le procés des otages,포함
World Literature,Jung Eunkyoung,장편소설,,발표 시기 미상,https://library.ltikorea.or.kr/translatedbooks/404500,,번역서 1종 · 이탈리아어 · 예: Il romanzo del nuovo millennio,포함
해피 투게더,Seo Jang-won,기타,,발표 시기 미상,https://library.ltikorea.or.kr/translatedbooks/404476,,번역서 1종 · 영어 · 예: Happy Together,포함
캣콜링,Lee Soho,기타,,발표 시기 미상,https://library.ltikorea.or.kr/translatedbooks/404472,,번역서 1종 · 영어 · 예: Catcalling,포함
나만 아무 일도 일어나지 않는다,Han Seolhui,기타,,발표 시기 미상,https://library.ltikorea.or.kr/translatedbooks/404450,,번역서 1종 · 일본어 · 예: あたしだけ何も起こらない,포함
저는 측면이 좀 더 낫습니다만,Ha Wan,기타,,발표 시기 미상,https://library.ltikorea.or.kr/translatedbooks/404447,,번역서 1종 · 일본어 · 예: 今日も言い訳しながら生きてます,포함
나에게 고맙다,Jeon Seunghwan,기타,,발표 시기 미상,https://library.ltikorea.or.kr/translatedbooks/404445,,번역서 1종 · 일본어 · 예: 自分にかけたい言葉 ~ありがとう~,포함
쿨쿨쿨,Na Il Sung,기타,,발표 시기 미상,https://library.ltikorea.or.kr/translatedbooks/404434,,번역서 1종 · 영어 · 예: A Book of Sleep,포함
"저는 남자고, 페미니스트입니다",Choe Seungbeom,기타,,발표 시기 미상,https://library.ltikorea.or.kr/translatedbooks/404421,,번역서 1종 · 중국어(번체) · 예: 我是男生，也是女性主義者,포함
당신이 옳다,Jung Hyesin,기타,,발표 시기 미상,https://library.ltikorea.or.kr/translatedbooks/404386,,번역서 1종 · 일본어 · 예: あなたは正しい,포함
딸에게 주는 레시피,Ji-Young Gong,기타,,발표 시기 미상,https://library.ltikorea.or.kr/translatedbooks/404380,,번역서 1종 · 베트남어 · 예: Công Thức Nấu Ăn Tặng Con Gái,포함
아무것도 하지 않을 권리,Jung Hee-jae,기타,,발표 시기 미상,https://library.ltikorea.or.kr/translatedbooks/404356,,번역서 1종 · 베트남어 · 예: Quyền Tách Khỏi Đám Đông,포함
미스터 모노레일,Kim Junghyuk,기타,,발표 시기 미상,https://library.ltikorea.or.kr/translatedbooks/29616,,번역서 1종 · 스페인어 · 예: MR. MONORAIL,포함
오리무중에 이르다,Jung Young Moon,기타,,발표 시기 미상,https://library.ltikorea.or.kr/translatedbooks/404319,,번역서 1종 · 영어 · 예: Arriving in a Thick Fog,포함
중앙역,Kim Hye-jin,기타,,발표 시기 미상,https://library.ltikorea.or.kr/translatedbooks/29611,,"번역서 2종 · 중국어(번체), 일본어 · 예: 中央站：失去過往與未來，拋棄時間與空間的無家者",포함
몽실언니,Kwon Jeong Saeng,기타,,발표 시기 미상,https://library.ltikorea.or.kr/translatedbooks/5441,,"번역서 4종 · 베트남어, 프랑스어, 스페인어, 일본어 · 예: Mong Sil",포함
문예 2020 秋,Kim Seong Joong,기타,,발표 시기 미상,https://library.ltikorea.or.kr/translatedbooks/28887,,번역서 1종 · 일본어 · 예: 文藝 2020 秋,포함
문예 2018 秋,Hwang Jungeun,기타,,발표 시기 미상,https://library.ltikorea.or.kr/translatedbooks/26494,,번역서 1종 · 일본어 · 예: 文藝 2018 秋,포함
나는 할머니와 산다,Choe Min-gyeong,기타,,발표 시기 미상,https://library.ltikorea.or.kr/translatedbooks/11849,,"번역서 2종 · 일본어, 몽골어 · 예: ゴーストばあちゃん",포함
여름 안에서,Seong Ryul,기타,,발표 시기 미상,https://library.ltikorea.or.kr/translatedbooks/404264,,번역서 1종 · 프랑스어 · 예: In summer,포함
최소한의 사랑,Jon Kyongnin,기타,,발표 시기 미상,https://library.ltikorea.or.kr/translatedbooks/404261,,번역서 1종 · 프랑스어 · 예: Un minimum d´amour,포함
"1945, 철원",I Hyeon,기타,,발표 시기 미상,https://library.ltikorea.or.kr/translatedbooks/404215,,번역서 1종 · 일본어 · 예: 1945，鉄原,포함
가만가만 부르는 노래,Han Kang,기타,,발표 시기 미상,https://library.ltikorea.or.kr/translatedbooks/404213,,번역서 1종 · 일본어 · 예: そっと静かに,포함
검은 모래,Gu Soeun,기타,,발표 시기 미상,https://library.ltikorea.or.kr/translatedbooks/404211,,번역서 1종 · 일본어 · 예: 黒い砂,포함
왕은 사랑한다 1,Kim Iryeong,기타,,발표 시기 미상,https://library.ltikorea.or.kr/translatedbooks/404208,,번역서 1종 · 일본어 · 예: 王は愛する 上,포함
왕은 사랑한다 3,Kim Iryeong,기타,,발표 시기 미상,https://library.ltikorea.or.kr/translatedbooks/404207,,번역서 1종 · 일본어 · 예: 王は愛する 下,포함
왕은 사랑한다 2,Kim Iryeong,기타,,발표 시기 미상,https://library.ltikorea.or.kr/translatedbooks/404206,,번역서 1종 · 일본어 · 예: 王は愛する 中,포함
그 여름의 서울,I Hyeon,기타,,발표 시기 미상,https://library.ltikorea.or.kr/translatedbooks/404201,,번역서 1종 · 일본어 · 예: あの夏のソウル,포함
나는 유령작가입니다,Kim Yeonsu,기타,,발표 시기 미상,https://library.ltikorea.or.kr/translatedbooks/404186,,"번역서 2종 · 일본어, 독일어 · 예: ぼくは幽霊作家です",포함
살인의 품격 1,Lee Juseong,기타,,발표 시기 미상,https://library.ltikorea.or.kr/translatedbooks/404185,,번역서 1종 · 일본어 · 예: 殺人の品格,포함
우아하고 호쾌한 여자 축구,Kim Honpi,기타,,발표 시기 미상,https://library.ltikorea.or.kr/translatedbooks/404182,,번역서 1종 · 일본어 · 예: 女の答えはピッチにある,포함
오리 이름 정하기,Lee Lang,기타,,발표 시기 미상,https://library.ltikorea.or.kr/translatedbooks/404177,,번역서 1종 · 일본어 · 예: アヒル命名会議,포함
"박막례, 이대로 죽을 순 없다",Park Mak-rye,기타,,발표 시기 미상,https://library.ltikorea.or.kr/translatedbooks/404175,,번역서 1종 · 일본어 · 예: ７１歳パク・マンネの人生大逆転,포함
사이코지만 괜찮아 1,JoYong,기타,,발표 시기 미상,https://library.ltikorea.or.kr/translatedbooks/404170,,번역서 1종 · 일본어 · 예: サイコだけど大丈夫 上,포함
"누구나 다 아는, 아무도 모르는",Jeong Mijin,기타,,발표 시기 미상,https://library.ltikorea.or.kr/translatedbooks/404161,,번역서 1종 · 일본어 · 예: みんな知ってる、みんな知らない,포함
"아무튼, 떡볶이",Yozoh,기타,,발표 시기 미상,https://library.ltikorea.or.kr/translatedbooks/404159,,번역서 1종 · 일본어 · 예: とにかく、トッポッキ,포함
나b책,Kim Sagwa(Apple Kim),기타,,발표 시기 미상,https://library.ltikorea.or.kr/translatedbooks/404151,,"번역서 3종 · 이탈리아어, 독일어, 영어 · 예: Io, B e Libro",포함
가시고백,KIM Ryeoryeong,기타,,발표 시기 미상,https://library.ltikorea.or.kr/translatedbooks/404150,,번역서 1종 · 베트남어 · 예: Trộm – hay lời thú tội của một chiếc gai,포함
토끼와 잠수함,Park Bum Shin,기타,,발표 시기 미상,https://library.ltikorea.or.kr/translatedbooks/404146,,번역서 1종 · 일본어 · 예: うさぎと潜水艦,포함
대니,Yun I-Hyeong,기타,,발표 시기 미상,https://library.ltikorea.or.kr/translatedbooks/404144,,번역서 1종 · 일본어 · 예: ダニー,포함
개밥바라기별,Hwang Sŏk-yŏng,기타,,발표 시기 미상,https://library.ltikorea.or.kr/translatedbooks/404142,,번역서 1종 · 이탈리아어 · 예: L'infinito mare dei vent'anni,포함
김학철 단편집,Kim Hakchul,단편소설,,발표 시기 미상,https://library.ltikorea.or.kr/translatedbooks/404140,,번역서 1종 · 일본어 · 예: 金学鉄文学選集-金学鉄短篇小說集,포함
"섬, 짓하다",Kim Jay,기타,,발표 시기 미상,https://library.ltikorea.or.kr/translatedbooks/404136,,번역서 1종 · 프랑스어 · 예: L'île des chamanes,포함
순이삼촌,Hyun Ki Young,기타,,발표 시기 미상,https://library.ltikorea.or.kr/translatedbooks/404132,,"번역서 3종 · 프랑스어, 일본어, 영어 · 예: Oncle Suni",포함
"안녕, 엘레나",Kim Insuk,기타,,발표 시기 미상,https://library.ltikorea.or.kr/translatedbooks/404127,,"번역서 2종 · 중국어(간체), 일본어 · 예: 再见，埃琳娜",포함
해저의 교실에서 소년은 흰 달을 본다,Jang I-ji,기타,,발표 시기 미상,https://library.ltikorea.or.kr/translatedbooks/404126,,번역서 1종 · 영어 · 예: A Boy Is Looking at the White Moon from a Classroom Under the Sea,포함
호모 마스크스,Kim Soo-yeul,기타,,발표 시기 미상,https://library.ltikorea.or.kr/translatedbooks/404123,,번역서 1종 · 영어 · 예: Homo Maskus,포함
책기둥,MOON BO YOUNG,기타,,발표 시기 미상,https://library.ltikorea.or.kr/translatedbooks/404121,,번역서 1종 · 영어 · 예: Pillar of Books,포함
제국대학의 조센징,Jeong Jonghyeon,기타,,발표 시기 미상,https://library.ltikorea.or.kr/translatedbooks/404117,,번역서 1종 · 일본어 · 예: 帝国大学の朝鮮人,포함
남한산성,Kim Hoon,기타,,발표 시기 미상,https://library.ltikorea.or.kr/translatedbooks/404104,,번역서 1종 · 베트남어 · 예: Nam Hán Sơn Thành,포함
문예 2021 夏,Bo-yong Kim,기타,,발표 시기 미상,https://library.ltikorea.or.kr/translatedbooks/404100,,번역서 1종 · 일본어 · 예: 文藝 2021 夏,포함
문예 2021 春,Chung Serang,기타,,발표 시기 미상,https://library.ltikorea.or.kr/translatedbooks/404098,,번역서 1종 · 일본어 · 예: 文藝 2021 春,포함
문예 2020 冬,Djuna,기타,,발표 시기 미상,https://library.ltikorea.or.kr/translatedbooks/404097,,번역서 1종 · 일본어 · 예: 文藝 2020 冬,포함
악스트 Axt,Axt editorial department,기타,,발표 시기 미상,https://library.ltikorea.or.kr/translatedbooks/404095,,번역서 2종 · 일본어 · 예: 韓国の小説家たちII,포함
승무,Cho Jihoon,기타,,발표 시기 미상,https://library.ltikorea.or.kr/translatedbooks/404090,,번역서 1종 · 우크라이나어 · 예: Вибрані поезії,포함
설이,Sim Yunkyung,기타,,발표 시기 미상,https://library.ltikorea.or.kr/translatedbooks/404088,,번역서 1종 · 중국어(번체) · 예: 小雪,포함
달에게 들려주고 싶은 이야기,Kyung-Sook Shin,기타,,발표 시기 미상,https://library.ltikorea.or.kr/translatedbooks/404085,,"번역서 4종 · 일본어, 베트남어, 중국어(간체), 러시아어 · 예: 月に聞かせたい話",포함
김언호의 세계서점기행,Kim Eon-ho,기타,,발표 시기 미상,https://library.ltikorea.or.kr/translatedbooks/404084,,번역서 1종 · 일본어 · 예: 世界書店紀行,포함
개밥바라기별,Hwang Sok-yong,기타,,발표 시기 미상,https://library.ltikorea.or.kr/translatedbooks/404078,,"번역서 2종 · 아라비아어, 프랑스어 · 예: نجم المساء",포함
"하정우, 느낌 있다",Ha Jung-woo,기타,,발표 시기 미상,https://library.ltikorea.or.kr/translatedbooks/404077,,"번역서 1종 · 중국어(간체) · 예: 河正宇, 有感觉",포함
미래는 오래 지속된다,Kim Seong Joong,기타,,발표 시기 미상,https://library.ltikorea.or.kr/translatedbooks/404074,,번역서 1종 · 일본어 · 예: 覚醒するシスターフッド,포함
바빠가족,Kang Jeong Yeon,기타,,발표 시기 미상,https://library.ltikorea.or.kr/translatedbooks/404060,,번역서 1종 · 아제르바이잔어 · 예: Məşğul ailə,포함
메이드 인 강남,JU Won-kyu,기타,,발표 시기 미상,https://library.ltikorea.or.kr/translatedbooks/404056,,번역서 1종 · 프랑스어 · 예: MADE IN GANGNAM,포함
마르타의 일,Park Seolyeon,기타,,발표 시기 미상,https://library.ltikorea.or.kr/translatedbooks/404053,,번역서 1종 · 프랑스어 · 예: JETAIME_RIAH,포함
이 인간이 정말,Song Sokze,기타,,발표 시기 미상,https://library.ltikorea.or.kr/translatedbooks/404051,,번역서 1종 · 베트남어 · 예: CON NGƯỜI HỠI ÔI,포함
"조선 왕실 기록문화의 꽃, 의궤",Shin Byeongju,기타,,발표 시기 미상,https://library.ltikorea.or.kr/translatedbooks/404048,,"번역서 1종 · 중국어(간체) · 예: 仪轨, 朝鲜王室记录文化之花",포함
한국 민담집,,소설,,발표 시기 미상,https://library.ltikorea.or.kr/translatedbooks/404044,,"번역서 6종 · 독일어, 이탈리아어, 영어 · 예: FIABE E STORIE COREANE",포함
너는 모른다,Jeong Yi Hyun,기타,,발표 시기 미상,https://library.ltikorea.or.kr/translatedbooks/404037,,"번역서 3종 · 일본어, 러시아어, 스페인어 · 예: きみは知らない",포함
작은마음동호회,Yun I-Hyeong,기타,,발표 시기 미상,https://library.ltikorea.or.kr/translatedbooks/404036,,번역서 1종 · 일본어 · 예: 小さな心の同好会,포함
청구영언: 한국고전시집,Kim Cheontaek,시,,발표 시기 미상,https://library.ltikorea.or.kr/translatedbooks/404025,,번역서 1종 · 스페인어 · 예: Antología del canto coreano Sijo,포함
멈추면 비로소 보이는 것들,Haemin,기타,,발표 시기 미상,https://library.ltikorea.or.kr/translatedbooks/404010,,번역서 1종 · 포르투갈어 · 예: As Coisas Que Você Só Vê Quando Desacelera,포함
논 이야기·탈출기·할머니의 죽음,Ch`ae Man-Sik,기타,,발표 시기 미상,https://library.ltikorea.or.kr/translatedbooks/29085,,번역서 1종 · 아라비아어 · 예: ثلاث قصص كورية,포함
이인수 작품선,Insoo Lee,기타,,발표 시기 미상,https://library.ltikorea.or.kr/translatedbooks/7822,,번역서 1종 · 영어 · 예: INSIDE CLOUD CUCKOO LAND,포함
한국현대문학의 이해,Cho Namhyon,기타,,발표 시기 미상,https://library.ltikorea.or.kr/translatedbooks/6083,,번역서 1종 · 영어 · 예: Understanding Modern Korean Literature,포함
어린 벗에게,Yi Kwang-Su,기타,,발표 시기 미상,https://library.ltikorea.or.kr/translatedbooks/29086,,번역서 1종 · 아라비아어 · 예: رسائل إلى صديق شاب,포함
한국근대희곡선: 1930~1960년대,Yoo Chijin,희곡,,발표 시기 미상,https://library.ltikorea.or.kr/translatedbooks/7838,,번역서 1종 · 일본어 · 예: 韓国近現代戱曲選,포함
희망이 외롭다,Kim Seung-hee,기타,,발표 시기 미상,https://library.ltikorea.or.kr/translatedbooks/29087,,번역서 1종 · 아라비아어 · 예: الأمل وحيدا,포함
제자 사랑,An Sugil,기타,,발표 시기 미상,https://library.ltikorea.or.kr/translatedbooks/51107,,번역서 1종 · 독일어 · 예: Koreanische Liebe,포함
종묘,Bae Byungwoo,기타,,발표 시기 미상,https://library.ltikorea.or.kr/translatedbooks/7959,,"번역서 1종 · 독일어 · 예: Chongmyo, der königliche ahnenschrein",포함
정희성 시선집,JUNG HEE SUNG,시,,발표 시기 미상,https://library.ltikorea.or.kr/translatedbooks/10551,,번역서 1종 · 일본어 · 예: 鄭喜成詩選集 詩を探し求めて,포함
하루 또 하루,Kim Kwang-Kyu,기타,,발표 시기 미상,https://library.ltikorea.or.kr/translatedbooks/11108,,"번역서 1종 · 영어 · 예: One Day, Then Another",포함
검은 사슴,Han Kang,기타,,발표 시기 미상,https://library.ltikorea.or.kr/translatedbooks/11114,,번역서 1종 · 중국어(간체) · 예: 玄鹿,포함
미생 1: 착수,Yoon Tae-ho,기타,,발표 시기 미상,https://library.ltikorea.or.kr/translatedbooks/51110,,번역서 1종 · 중국어(번체) · 예: 未生 1,포함
동아시아 문학지,Kim Young-ha,기타,,발표 시기 미상,https://library.ltikorea.or.kr/translatedbooks/51111,,번역서 1종 · 독일어 · 예: Hefte für Ostasiatische Literatur 38,포함
맥,Kim Namcheon,기타,,발표 시기 미상,https://library.ltikorea.or.kr/translatedbooks/29083,,"번역서 2종 · 아라비아어, 영어 · 예: الشعير",포함
남쪽손님: 보통시민 오씨의 548일 북한체류기 상,Oh Yeongjin,기타,,발표 시기 미상,https://library.ltikorea.or.kr/translatedbooks/51103,,번역서 1종 · 프랑스어 · 예: LE VISITEUR DU SUD,포함
우리들의 일그러진 영웅,Yi Mun-Yol,기타,,발표 시기 미상,https://library.ltikorea.or.kr/translatedbooks/5341,,"번역서 3종 · 스페인어, 폴란드어, 헝가리어 · 예: Nuestro frustado héroe",포함
마흔 두 개의 초록,Mah Chonggi,기타,,발표 시기 미상,https://library.ltikorea.or.kr/translatedbooks/29050,,번역서 1종 · 영어 · 예: Forty Two Greens,포함
한국인의 밥상,KBS 한국인의 밥상 제작팀,기타,,발표 시기 미상,https://library.ltikorea.or.kr/translatedbooks/29047,,번역서 1종 · 중국어(간체) · 예: 韩国人的餐桌,포함
마트료시카 시침핀 연구회,Yu Hyoung-Jin,기타,,발표 시기 미상,https://library.ltikorea.or.kr/translatedbooks/29051,,번역서 1종 · 영어 · 예: The Society for Studies in Matryoshka and Basting Pins,포함
여름만 있는 계절에 네가 왔다,LEE YOUNG JU,기타,,발표 시기 미상,https://library.ltikorea.or.kr/translatedbooks/29053,,번역서 1종 · 영어 · 예: You Arrived in the Season of Perennial Summer,포함
"달려라, 아비",KIM Ae-ran,기타,,발표 시기 미상,https://library.ltikorea.or.kr/translatedbooks/51104,,"번역서 4종 · 프랑스어, 스페인어, 카탈로니아어, 독일어 · 예: COURS PAPA, COURS!",포함
Kim Yeonsu: Falscher Herzen Rat,KIM Yeonsu,기타,,발표 시기 미상,https://library.ltikorea.or.kr/translatedbooks/51112,,번역서 1종 · 독일어 · 예: Hefte für ostasiatische Literatur (47. Falscher Herzen Rat),포함
아홉번째 파도,Choi Eunmi,기타,,발표 시기 미상,https://library.ltikorea.or.kr/translatedbooks/29142,,번역서 1종 · 일본어 · 예: 第九の波,포함
태양의 폭포,Ko Hyeong-ryeol,기타,,발표 시기 미상,https://library.ltikorea.or.kr/translatedbooks/27420,,번역서 1종 · 베트남어 · 예: Thác mặt trời,포함
세한도 가는 길,Yoo An-Jin,기타,,발표 시기 미상,https://library.ltikorea.or.kr/translatedbooks/28594,,번역서 1종 · 영어 · 예: As I Walk Alone,포함
한국현대단편소설선,Na Do-hyang,단편소설,,발표 시기 미상,https://library.ltikorea.or.kr/translatedbooks/50073,,번역서 1종 · 중국어(번체) · 예: 韓國現代短篇小說選,포함
아름다운 집,Son Seokchun,기타,,발표 시기 미상,https://library.ltikorea.or.kr/translatedbooks/50455,,번역서 1종 · 일본어 · 예: 美しい家,포함
주몽,Bak Hyeokmun,기타,,발표 시기 미상,https://library.ltikorea.or.kr/translatedbooks/50454,,번역서 2종 · 일본어 · 예: 朱蒙-チュモン 下,포함
고려사연구,Noh Tae-don,기타,,발표 시기 미상,https://library.ltikorea.or.kr/translatedbooks/51135,,번역서 1종 · 중국어(번체) · 예: 高句麗史硏究,포함
삼국사기,Kim Busik,기타,,발표 시기 미상,https://library.ltikorea.or.kr/translatedbooks/29153,,"번역서 3종 · 베트남어, 일본어 · 예: Tam Quốc Sử Ký II",포함
노란 우산,류재수,기타,,발표 시기 미상,https://library.ltikorea.or.kr/translatedbooks/51140,,번역서 1종 · 중국어(간체) · 예: 黄雨伞,포함
차남들의 세계사,Lee Kiho,기타,,발표 시기 미상,https://library.ltikorea.or.kr/translatedbooks/29090,,번역서 1종 · 일본어 · 예: 舎弟たちの世界史,포함
낯선 시간 속으로,Yi In-seong,기타,,발표 시기 미상,https://library.ltikorea.or.kr/translatedbooks/12488,,"번역서 3종 · 프랑스어, 중국어(간체) · 예: 走向陌生的时光",포함
서양인들이 관찰한 후기조선,Kim Hak-jun,기타,,발표 시기 미상,https://library.ltikorea.or.kr/translatedbooks/12489,,번역서 1종 · 일본어 · 예: 西洋人の見た朝鮮,포함
Eine alte koreanische Kultur wird im Bild wieder lebendig,Ahn Hwi-Joon,기타,,발표 시기 미상,https://library.ltikorea.or.kr/translatedbooks/51120,,번역서 2종 · 독일어 · 예: Die Malerei des Reiches Goguryeo,포함
조선 여성의 일생,Kyujanggak Institute for Korean Studies,기타,,발표 시기 미상,https://library.ltikorea.or.kr/translatedbooks/12875,,번역서 1종 · 일본어 · 예: 朝鮮時代の女性の歴史,포함
사람의 아들,Yi Mun-yol,기타,,발표 시기 미상,https://library.ltikorea.or.kr/translatedbooks/23125,,"번역서 8종 · 러시아어, 독일어, 영어, 이탈리아어, 중국어(간체) · 예: Сын человека",포함
항우와 유방,Jeong Bi-seok,기타,,발표 시기 미상,https://library.ltikorea.or.kr/translatedbooks/51020,,번역서 2종 · 일본어 · 예: 項羽と劉邦. 下,포함
현산어보를 찾아서,Lee Taewon,기타,,발표 시기 미상,https://library.ltikorea.or.kr/translatedbooks/51021,,번역서 2종 · 일본어 · 예: 「玆山漁譜」を訪ねて,포함
焼肉の文化史,사사키 미치오,기타,,발표 시기 미상,https://library.ltikorea.or.kr/translatedbooks/51024,,번역서 2종 · 일본어 · 예: 焼肉の文化史,포함
미스터리 64,Park Yong-Ki,기타,,발표 시기 미상,https://library.ltikorea.or.kr/translatedbooks/51028,,번역서 1종 · 독일어 · 예: Das Geheimnis von Nummer 64,포함
"합격자, 가면의 뒷면",Pyo Mun-te,기타,,발표 시기 미상,https://library.ltikorea.or.kr/translatedbooks/51031,,"번역서 1종 · 일본어 · 예: 合格者, 仮面の裏",포함
한국현대시인 5인 선집,Pak Je-Chun,기타,,발표 시기 미상,https://library.ltikorea.or.kr/translatedbooks/51034,,번역서 1종 · 베트남어 · 예: NĂM NHÀ THƠ HIỆN ĐẠI HÀN QUỐC,포함
현대시수첩,Choi Seung-Ho,시,,발표 시기 미상,https://library.ltikorea.or.kr/translatedbooks/51036,,번역서 1종 · 일본어 · 예: 現代詩手帖 2007年 8月号,포함
something 4,Moon Chung-hee,기타,,발표 시기 미상,https://library.ltikorea.or.kr/translatedbooks/51038,,번역서 1종 · 일본어 · 예: Something 4,포함
한국대표민담선집,,소설,,발표 시기 미상,https://library.ltikorea.or.kr/translatedbooks/51040,,번역서 1종 · 리투아니아어 · 예: Gražiausios Korėjos pasakos,포함
현대시수첩,Hwang Sunghee,시,,발표 시기 미상,https://library.ltikorea.or.kr/translatedbooks/51041,,번역서 1종 · 일본어 · 예: 現代詩手帖 2011年 3月号,포함
동아시아 문학지,,기타,,발표 시기 미상,https://library.ltikorea.or.kr/translatedbooks/28935,,번역서 6종 · 독일어 · 예: Hefte für ostasiatische Literatur 59,포함
동아시아 문학지,Kim Yeong-hyeon,기타,,발표 시기 미상,https://library.ltikorea.or.kr/translatedbooks/28937,,번역서 1종 · 독일어 · 예: Hefte für ostasiatische Literatur (51.Die Langsamkeit der Literatur in einer schnellen Zeit),포함
동아시아 문학지,Hwang Hak-joo,기타,,발표 시기 미상,https://library.ltikorea.or.kr/translatedbooks/28938,,번역서 1종 · 독일어 · 예: Hefte für ostasiatische Literatur 52,포함
동아시아 문학지,Jung Yong-jun,기타,,발표 시기 미상,https://library.ltikorea.or.kr/translatedbooks/28941,,번역서 1종 · 독일어 · 예: Hefte für ostasiatische Literatur NR. 63,포함
라 트라비아타의 초상,Do Jinki,기타,,발표 시기 미상,https://library.ltikorea.or.kr/translatedbooks/28881,,번역서 1종 · 프랑스어 · 예: Le Portrait de La Traviata,포함
아버지 감시,Choe Yun,기타,,발표 시기 미상,https://library.ltikorea.or.kr/translatedbooks/50989,,"번역서 2종 · 프랑스어, 스페인어 · 예: Il surveille son père",포함
군함도,Han Soosan,기타,,발표 시기 미상,https://library.ltikorea.or.kr/translatedbooks/28886,,"번역서 3종 · 일본어, 중국어(번체) · 예: 軍艦島",포함
시계들의 푸른 명상,Haïlji,기타,,발표 시기 미상,https://library.ltikorea.or.kr/translatedbooks/927,,번역서 1종 · 영어 · 예: Blue Meditation of the Clocks,포함
한국설화집,,소설,,발표 시기 미상,https://library.ltikorea.or.kr/translatedbooks/50998,,번역서 1종 · 영어 · 예: Korean Folk Tales,포함
한국단편집,Kim Dong-in,단편소설,,발표 시기 미상,https://library.ltikorea.or.kr/translatedbooks/51002,,번역서 1종 · 영어 · 예: Korean short stories,포함
현대극동단편소설선,Sunwoo Hwi,단편소설,,발표 시기 미상,https://library.ltikorea.or.kr/translatedbooks/51005,,번역서 1종 · 영어 · 예: Modern Far Eastern stories,포함
"印刻文學生活誌 2月號, 2020 第198期",Yi Mun-yol,기타,,발표 시기 미상,https://library.ltikorea.or.kr/translatedbooks/28890,,"번역서 1종 · 중국어(번체) · 예: INK Literary Montly No.198, February 2020",포함
순례자의 노래,OH JUNGHEE,기타,,발표 시기 미상,https://library.ltikorea.or.kr/translatedbooks/51012,,"번역서 3종 · 프랑스어, 영어 · 예: Le Chant du pèlerin (Poche)",포함
동아시아 문학지,Youn Dae-Nyeong,기타,,발표 시기 미상,https://library.ltikorea.or.kr/translatedbooks/28933,,번역서 1종 · 독일어 · 예: Hefte für ostasiatische Literatur (58. Zwischen Himmel und Erde),포함
아젤리아,Haerin Shin,기타,,발표 시기 미상,https://library.ltikorea.or.kr/translatedbooks/51071,,번역서 1종 · 영어 · 예: AZALEA (Journal of Korean Literature & Culture),포함
아젤리아,David R. McCann,기타,,발표 시기 미상,https://library.ltikorea.or.kr/translatedbooks/51072,,번역서 2종 · 영어 · 예: AZALEA (Journal of Korean Literature & Culture),포함
내 안에 잠든 엔진을 깨워라,Hyun-soon Lee,기타,,발표 시기 미상,https://library.ltikorea.or.kr/translatedbooks/29020,,번역서 1종 · 영어 · 예: Buckle Down,포함
내일은 발명왕,,기타,,발표 시기 미상,https://library.ltikorea.or.kr/translatedbooks/51075,,번역서 1종 · 중국어(간체) · 예: 科學 發明王,포함
기생 시조선,백호,시조,,발표 시기 미상,https://library.ltikorea.or.kr/translatedbooks/51078,,번역서 1종 · 영어 · 예: Songs of the Kisaeng,포함
현대시인 3인선,Yi Sang,기타,,발표 시기 미상,https://library.ltikorea.or.kr/translatedbooks/51081,,번역서 1종 · 영어 · 예: Three Poets of Modern Korea,포함
동아시아 문학지,KIM Ae-ran,기타,,발표 시기 미상,https://library.ltikorea.or.kr/translatedbooks/28931,,번역서 2종 · 독일어 · 예: Hefte für ostasiatische Literatur (56. Die Achse eines Tages),포함
민화 이야기,Yeolsu Yoon,기타,,발표 시기 미상,https://library.ltikorea.or.kr/translatedbooks/51049,,"번역서 1종 · 영어 · 예: Tales of Korean Folk Paintings, Minwha",포함
비밀의 화원: 한국현대중·단편소설선,Kim,단편소설,,발표 시기 미상,https://library.ltikorea.or.kr/translatedbooks/51050,,번역서 1종 · 일본어 · 예: 秘密の花園,포함
한국의 고궁: 경복궁·창덕궁·창경궁·후원·종묘·덕수궁·경희궁,Shin Young Hoon,기타,,발표 시기 미상,https://library.ltikorea.or.kr/translatedbooks/51056,,"번역서 2종 · 프랑스어, 영어 · 예: LES PALAIS ROYAUX DE CORÉE",포함
신의 하늘에도 어둠은 있다,Oh,기타,,발표 시기 미상,https://library.ltikorea.or.kr/translatedbooks/51058,,번역서 1종 · 스페인어 · 예: El Cielo de Dios también tiene oscuridad,포함
엽기적인 그녀,Kim Ho Sik,기타,,발표 시기 미상,https://library.ltikorea.or.kr/translatedbooks/51059,,번역서 1종 · 태국어 · 예: ยัยตัวร้ายกับนายเจี๋ยมเจี้ยม-My sassy girl,포함
세상의 나무들: 정현종 시집,Chong Hyon-jong,시,,발표 시기 미상,https://library.ltikorea.or.kr/translatedbooks/51060,,번역서 1종 · 영어 · 예: Trees of the World,포함
일곱 개의 고양이 눈,Choi Jae-hoon,기타,,발표 시기 미상,https://library.ltikorea.or.kr/translatedbooks/29017,,번역서 1종 · 중국어(간체) · 예: 七只猫眼,포함
제시 이야기,Park Kun-woong,기타,,발표 시기 미상,https://library.ltikorea.or.kr/translatedbooks/29019,,번역서 1종 · 일본어 · 예: ウジョとソナ 独立運動家夫婦の子育て日記,포함
한국현대문학선집,Yi Kwang-Su,기타,,발표 시기 미상,https://library.ltikorea.or.kr/translatedbooks/51062,,번역서 1종 · 영어 · 예: Modern Korean literature,포함
동아시아 문학지,Kim Junghyuk,기타,,발표 시기 미상,https://library.ltikorea.or.kr/translatedbooks/28922,,번역서 2종 · 독일어 · 예: Hefte für Ostasiatische Literatur 43,포함
동아시아 문학지,Kim Seungok,기타,,발표 시기 미상,https://library.ltikorea.or.kr/translatedbooks/28923,,번역서 1종 · 독일어 · 예: Hefte für Ostasiatische Literatur (44. Fünfzehn fixe Ideen),포함
동아시아 문학지,Yi Sang,기타,,발표 시기 미상,https://library.ltikorea.or.kr/translatedbooks/28926,,번역서 1종 · 독일어 · 예: Hefte für Ostasiatische Literatur (48. Treffen Spinnen Schweine),포함
영,Cho Kwung-soo,기타,,발표 시기 미상,https://library.ltikorea.or.kr/translatedbooks/50339,,번역서 1종 · 프랑스어 · 예: le zéro,포함
삶의 미로,Cho Kwung-soo,기타,,발표 시기 미상,https://library.ltikorea.or.kr/translatedbooks/50338,,번역서 1종 · 프랑스어 · 예: Le labyrinthe à vie,포함
진달래,Cho Kwung-soo,기타,,발표 시기 미상,https://library.ltikorea.or.kr/translatedbooks/50337,,번역서 1종 · 프랑스어 · 예: la azalée,포함
"거울, 불행의 원인",,동화,,발표 시기 미상,https://library.ltikorea.or.kr/translatedbooks/50332,,"번역서 1종 · 프랑스어 · 예: MIROIR, CAUSE DE MALHEUR ET AUTRES CONTES",포함
춘향전,Yoo Chijin,기타,,발표 시기 미상,https://library.ltikorea.or.kr/translatedbooks/50328,,번역서 1종 · 프랑스어 · 예: LA FIDÈLE SEUNG TCHUN-HYANG,포함
술탄과 황제,Hyeong-O Kim,기타,,발표 시기 미상,https://library.ltikorea.or.kr/translatedbooks/29427,,번역서 1종 · 튀르키예어 · 예: Sultan ve İmparator,포함
열아홉,Ancco,기타,,발표 시기 미상,https://library.ltikorea.or.kr/translatedbooks/29418,,번역서 1종 · 영어 · 예: Nineteen,포함
바리데기,Hwang Sok-yong,기타,,발표 시기 미상,https://library.ltikorea.or.kr/translatedbooks/29419,,"번역서 16종 · 아제르바이잔어, 영어, 이탈리아어, 우크라이나어, 러시아어 · 예: Şahzadə Bari",포함
13인의 한국작가들,Cho Se-hee,기타,,발표 시기 미상,https://library.ltikorea.or.kr/translatedbooks/50325,,번역서 1종 · 프랑스어 · 예: LES BELLES ETRANGÈRES,포함
아들에게: 성기조 시선집,SONG Kijo,시,,발표 시기 미상,https://library.ltikorea.or.kr/translatedbooks/50323,,번역서 1종 · 프랑스어 · 예: A MON FILS,포함
"제비야, 기억나니",Yun Yeo-rim,기타,,발표 시기 미상,https://library.ltikorea.or.kr/translatedbooks/50092,,"번역서 2종 · 중국어(간체), 포르투갈어 · 예: 燕子, 你还记得吗？",포함
백범일지,Kim Gu,기타,,발표 시기 미상,https://library.ltikorea.or.kr/translatedbooks/50054,,"번역서 3종 · 독일어, 중국어(간체) · 예: 白凡逸志",포함
형사 오병호,Kim Sungjong,기타,,발표 시기 미상,https://library.ltikorea.or.kr/translatedbooks/50053,,번역서 1종 · 중국어(간체) · 예: 刑警吳炳浩,포함
예술가의 거리,Jeon Wonkyung,기타,,발표 시기 미상,https://library.ltikorea.or.kr/translatedbooks/50188,,번역서 1종 · 중국어(간체) · 예: 艺术家的街道,포함
항아리,Jeong Ho-seung,기타,,발표 시기 미상,https://library.ltikorea.or.kr/translatedbooks/29421,,"번역서 3종 · 영어, 중국어(간체), 베트남어 · 예: Lonesome Jar",포함
존재의 숲,Jeon Sungtae,기타,,발표 시기 미상,https://library.ltikorea.or.kr/translatedbooks/50351,,번역서 1종 · 독일어 · 예: Der Wald der Existenz,포함
옆집 여자,Ha Seong-nan,기타,,발표 시기 미상,https://library.ltikorea.or.kr/translatedbooks/50349,,번역서 1종 · 독일어 · 예: Die Nachbarin,포함
나는 살고 싶다,Kim Sungjong,기타,,발표 시기 미상,https://library.ltikorea.or.kr/translatedbooks/50050,,번역서 1종 · 중국어(간체) · 예: 我要活下去,포함
신드롬,I Yunse,기타,,발표 시기 미상,https://library.ltikorea.or.kr/translatedbooks/50039,,번역서 3종 · 중국어(간체) · 예: 追爱症候群 3,포함
뜻밖의 바닐라,Lee Hyemi,기타,,발표 시기 미상,https://library.ltikorea.or.kr/translatedbooks/29422,,번역서 1종 · 영어 · 예: Unexpected Vanilla,포함
이상 작품선,Yi Sang,기타,,발표 시기 미상,https://library.ltikorea.or.kr/translatedbooks/29423,,"번역서 3종 · 영어, 일본어, 루마니아어 · 예: Yi Sang: Selected Works",포함
한국대표 민담집,Kim Hyeong,소설,,발표 시기 미상,https://library.ltikorea.or.kr/translatedbooks/50190,,번역서 1종 · 몽골어 · 예: Солонгос үндэсний домог,포함
일곱 살 여행,Bak Seona,기타,,발표 시기 미상,https://library.ltikorea.or.kr/translatedbooks/50191,,번역서 1종 · 중국어(간체) · 예: 最好的教养在路上,포함
한시선집,Ch'oe Ch'i-won,시,,발표 시기 미상,https://library.ltikorea.or.kr/translatedbooks/50206,,번역서 1종 · 체코어 · 예: Déšt'v horách rozeznívá bambusy,포함
소금가마니,Ku Hyoseo,기타,,발표 시기 미상,https://library.ltikorea.or.kr/translatedbooks/50348,,번역서 1종 · 독일어 · 예: Die Salzsäcke,포함
삼풍백화점,Jeong Yi Hyun,기타,,발표 시기 미상,https://library.ltikorea.or.kr/translatedbooks/50342,,번역서 1종 · 독일어 · 예: Das Kaufhaus Sampoong,포함
루소의 누벨 엘로이즈 감각 세계의 이미지들,MOON JUNG JA,기타,,발표 시기 미상,https://library.ltikorea.or.kr/translatedbooks/50341,,번역서 1종 · 프랑스어 · 예: LES IMAGES DU MONDE SENSIBLE dans LA NOUVELLE HELOÏSE deJEAN JACQUES ROUSSEAU,포함
변신,Shin Tongchoon,기타,,발표 시기 미상,https://library.ltikorea.or.kr/translatedbooks/50340,,번역서 1종 · 프랑스어 · 예: METAMORPHOSE,포함
18세 첫경험,Eun Mee Hee,기타,,발표 시기 미상,https://library.ltikorea.or.kr/translatedbooks/50094,,번역서 1종 · 중국어(간체) · 예: 18岁的初体验,포함
아웃사이더,I Yunse,기타,,발표 시기 미상,https://library.ltikorea.or.kr/translatedbooks/50035,,번역서 3종 · 중국어(간체) · 예: 局外人 3,포함
조병화 시선집,Cho Byeonghwa,시,,발표 시기 미상,https://library.ltikorea.or.kr/translatedbooks/50312,,번역서 1종 · 프랑스어 · 예: EN UN LIEU SECRET,포함
흔들리는 분단 체제,Baek Nakchung,기타,,발표 시기 미상,https://library.ltikorea.or.kr/translatedbooks/50309,,번역서 1종 · 영어 · 예: The shaking division system,포함
검정 두루미,Hwang Sun-Won,기타,,발표 시기 미상,https://library.ltikorea.or.kr/translatedbooks/50306,,번역서 1종 · 영어 · 예: Black Crane,포함
모독,SONG Kijo,단편소설,,발표 시기 미상,https://library.ltikorea.or.kr/translatedbooks/50273,,번역서 1종 · 영어 · 예: Debasement and other stories,포함
한국문학사,Yun Yunjin,기타,,발표 시기 미상,https://library.ltikorea.or.kr/translatedbooks/50005,,번역서 1종 · 중국어(간체) · 예: 韩国文学史,포함
한국의 민속문화,Chun Shin-Yong,기타,,발표 시기 미상,https://library.ltikorea.or.kr/translatedbooks/50223,,번역서 1종 · 영어 · 예: Folk culture in Korea,포함
사랑 심기,Students of the Sisters of Charity of Seton Hill,시,,발표 시기 미상,https://library.ltikorea.or.kr/translatedbooks/50252,,번역서 1종 · 영어 · 예: Poems for Planting Love,포함
세계시문학,Kim Youngsam,시,,발표 시기 미상,https://library.ltikorea.or.kr/translatedbooks/50228,,번역서 1종 · 영어 · 예: World poetry 1988,포함
김소월 시선,Kim Sowol,기타,,발표 시기 미상,https://library.ltikorea.or.kr/translatedbooks/50251,,"번역서 5종 · 영어, 아라비아어, 스페인어, 튀르키예어 · 예: A Lamp Burns Low",포함
신동춘 시선집,Shin Tongchoon,시,,발표 시기 미상,https://library.ltikorea.or.kr/translatedbooks/50248,,번역서 1종 · 영어 · 예: Without End,포함
서울시인클럽회원 16인 작품집,Cho Byeonghwa,기타,,발표 시기 미상,https://library.ltikorea.or.kr/translatedbooks/50236,,"번역서 1종 · 영어 · 예: Anthology, Seoul poets club 1989",포함
한국 속담집,,기타,,발표 시기 미상,https://library.ltikorea.or.kr/translatedbooks/50003,,번역서 1종 · 불가리아어 · 예: КОРЕЙСКИ ПОСЛОВИЦИ,포함
내일의 바다,PAK TU-JIN,기타,,발표 시기 미상,https://library.ltikorea.or.kr/translatedbooks/50247,,번역서 1종 · 영어 · 예: Sea of tomorrow,포함
한국현대시,Lee Hyeonggi,시,,발표 시기 미상,https://library.ltikorea.or.kr/translatedbooks/50246,,번역서 1종 · 영어 · 예: Modern Korean poetry,포함
유치찬란,Ku Sang,기타,,발표 시기 미상,https://library.ltikorea.or.kr/translatedbooks/50245,,번역서 1종 · 영어 · 예: Infant splendor,포함
고창수 시선,Ko Chang Soo,기타,,발표 시기 미상,https://library.ltikorea.or.kr/translatedbooks/50244,,"번역서 3종 · 루마니아어, 영어 · 예: Korean Poets Series: Koh Chang Soo",포함
우리들이 뛰어놀기 적당한 하늘,Kim Kwang-shik,기타,,발표 시기 미상,https://library.ltikorea.or.kr/translatedbooks/50243,,번역서 1종 · 영어 · 예: Sky,포함
자벌레의 밤,Han Ha-Un,기타,,발표 시기 미상,https://library.ltikorea.or.kr/translatedbooks/50313,,번역서 1종 · 프랑스어 · 예: La nuit de la chenille arpenteuse,포함
성기조 시선집,SONG Kijo,시,,발표 시기 미상,https://library.ltikorea.or.kr/translatedbooks/50321,,번역서 1종 · 프랑스어 · 예: SOUFFLE DES MERS,포함
초토의 시,Ku Sang,기타,,발표 시기 미상,https://library.ltikorea.or.kr/translatedbooks/50318,,번역서 1종 · 프랑스어 · 예: TERRE BRÛLÉE,포함
일분후의 삶,Kwon Kitae,기타,,발표 시기 미상,https://library.ltikorea.or.kr/translatedbooks/50007,,번역서 1종 · 중국어(간체) · 예: 1分钟后的人生,포함
박제가의 시론과 시가연구,Jeong Reunan,시,,발표 시기 미상,https://library.ltikorea.or.kr/translatedbooks/50006,,번역서 1종 · 중국어(간체) · 예: 朴齐家诗论及其诗歌研究,포함
본드걸은 죽었다,Lee Donghoon,기타,,발표 시기 미상,https://library.ltikorea.or.kr/translatedbooks/50103,,번역서 1종 · 중국어(간체) · 예: 邦德女郎,포함
카인의 후예,Hwang Sun-Won,기타,,발표 시기 미상,https://library.ltikorea.or.kr/translatedbooks/29494,,"번역서 4종 · 독일어, 러시아어, 체코어, 프랑스어 · 예: Die Nachfahren Kains",포함
(대상 수상작 윤이형의) 그들의 첫 번째와 두 번째 고양이 외 5편,Yun I-Hyeong,기타,,발표 시기 미상,https://library.ltikorea.or.kr/translatedbooks/29495,,번역서 1종 · 일본어 · 예: 僕は李箱から文学を学んだ,포함
해동야언,,기타,,발표 시기 미상,https://library.ltikorea.or.kr/translatedbooks/29497,,번역서 1종 · 일본어 · 예: 海東野言,포함
연탄길,Lee Chulhwan,기타,,발표 시기 미상,https://library.ltikorea.or.kr/translatedbooks/50109,,번역서 1종 · 중국어(간체) · 예: 煤炭路 1,포함
현대한국시선집,Kim Ansu,시,,발표 시기 미상,https://library.ltikorea.or.kr/translatedbooks/50316,,번역서 1종 · 프랑스어 · 예: anthologie de la poésie coréenne moderne,포함
무제: 한국시선집,Han Yong-un,시,,발표 시기 미상,https://library.ltikorea.or.kr/translatedbooks/50315,,번역서 1종 · 프랑스어 · 예: Sans Titre,포함
불꽃 비단벌레,Choi Dong-Ho,기타,,발표 시기 미상,https://library.ltikorea.or.kr/translatedbooks/50149,,번역서 1종 · 몽골어 · 예: ГАЛТ ТОРГОН ЦОХ,포함
외출,Hur Jinho,기타,,발표 시기 미상,https://library.ltikorea.or.kr/translatedbooks/50154,,번역서 1종 · 중국어(간체) · 예: 外出,포함
소설을 쓰자:김언 시집,Kim Un,소설,,발표 시기 미상,https://library.ltikorea.or.kr/translatedbooks/29416,,번역서 1종 · 러시아어 · 예: Напишу роман,포함
신동엽시집: 껍데기는 가라,Shin Dongyup,시,,발표 시기 미상,https://library.ltikorea.or.kr/translatedbooks/50413,,번역서 1종 · 일본어 · 예: 申東曄詩集-脱殼は立ち去れ,포함
미당 서정주시선 조선 민들레의 노래,Chong-ju,시,,발표 시기 미상,https://library.ltikorea.or.kr/translatedbooks/50411,,번역서 1종 · 일본어 · 예: 未堂 徐廷柱詩選 朝鮮タンポポの歌,포함
이한직시집,Lee Hanjik,시,,발표 시기 미상,https://library.ltikorea.or.kr/translatedbooks/50409,,번역서 1종 · 일본어 · 예: 李漢稷詩集,포함
그대의 하늘길,Yang Sungwoo,시,,발표 시기 미상,https://library.ltikorea.or.kr/translatedbooks/50407,,번역서 1종 · 일본어 · 예: 梁性佑抒情詩集,포함
원더보이,Kim Yeonsu,기타,,발표 시기 미상,https://library.ltikorea.or.kr/translatedbooks/29244,,"번역서 3종 · 튀르키예어, 일본어, 러시아어 · 예: Mucize Cocuk",포함
독보건곤,Yong Daeun,기타,,발표 시기 미상,https://library.ltikorea.or.kr/translatedbooks/50074,,번역서 1종 · 중국어(간체) · 예: 独步乾坤,포함
명성황후,Yu Hongjong,기타,,발표 시기 미상,https://library.ltikorea.or.kr/translatedbooks/50075,,번역서 1종 · 중국어(간체) · 예: 明成皇后,포함
한국발금시집,Kim Ji-ha,시,,발표 시기 미상,https://library.ltikorea.or.kr/translatedbooks/50406,,번역서 1종 · 일본어 · 예: 韓国発禁詩集,포함
옥중에서,Kim Ji-ha,기타,,발표 시기 미상,https://library.ltikorea.or.kr/translatedbooks/50404,,번역서 1종 · 일본어 · 예: 獄中から,포함
김지하시집 오적· 황토· 비어,Kim Ji-ha,시,,발표 시기 미상,https://library.ltikorea.or.kr/translatedbooks/50403,,번역서 1종 · 일본어 · 예: キムジハ詩集 -五賊·黃土·蜚語-,포함
현대조선시선,Kim Sowol,시,,발표 시기 미상,https://library.ltikorea.or.kr/translatedbooks/50400,,번역서 1종 · 일본어 · 예: 現代朝鮮詩選,포함
까치 우는 마을: 김양식시집,Kim Yang-shik,시,,발표 시기 미상,https://library.ltikorea.or.kr/translatedbooks/50399,,번역서 1종 · 일본어 · 예: 金良植詩集,포함
한국인과 해학,Jang Deoksoon,기타,,발표 시기 미상,https://library.ltikorea.or.kr/translatedbooks/50388,,번역서 1종 · 일본어 · 예: 韓國人と 諧謔,포함
꽃에 묻힌 집,Bang Jeong-hwan,기타,,발표 시기 미상,https://library.ltikorea.or.kr/translatedbooks/50385,,번역서 1종 · 일본어 · 예: 花に埋もれた家,포함
결혼은 미친짓이다,Lee Mankyo,기타,,발표 시기 미상,https://library.ltikorea.or.kr/translatedbooks/50077,,번역서 1종 · 중국어(간체) · 예: 结婚太疯狂,포함
지구에서 처음 사랑을 발견한 이야기,Lee Soohyun,기타,,발표 시기 미상,https://library.ltikorea.or.kr/translatedbooks/50078,,"번역서 2종 · 중국어(간체), 일본어 · 예: 天下最初的爱情故事",포함
한밤중에 본 구두,Choi Inhak,기타,,발표 시기 미상,https://library.ltikorea.or.kr/translatedbooks/50383,,번역서 1종 · 일본어 · 예: 夜中に見た靴,포함
손님,Hwang Sok-yong,기타,,발표 시기 미상,https://library.ltikorea.or.kr/translatedbooks/50377,,"번역서 7종 · 이탈리아어, 히브리어, 중국어(간체), 프랑스어, 스페인어 · 예: האורח",포함
현대한국문학선집(가제),Shin Seokjung,기타,,발표 시기 미상,https://library.ltikorea.or.kr/translatedbooks/50414,,번역서 1종 · 일본어 · 예: 現代韓国文学選集 5,포함
검은 개가 온다,SONG SI-WOO,기타,,발표 시기 미상,https://library.ltikorea.or.kr/translatedbooks/29157,,번역서 1종 · 프랑스어 · 예: LE JOUR DU CHIEN NOIR,포함
전국민이 운 감동적인 이야기,I Changu,기타,,발표 시기 미상,https://library.ltikorea.or.kr/translatedbooks/50448,,번역서 1종 · 일본어 · 예: 4000万人が泣いた心に残る感動の物語,포함
아버지,Kim Junghyun,기타,,발표 시기 미상,https://library.ltikorea.or.kr/translatedbooks/50434,,"번역서 3종 · 일본어, 중국어(번체) · 예: 父のいた日々",포함
디디의 우산,Hwang Jungeun,기타,,발표 시기 미상,https://library.ltikorea.or.kr/translatedbooks/29159,,번역서 1종 · 일본어 · 예: ディディの傘,포함
나와 마릴린,Lee Jimin,기타,,발표 시기 미상,https://library.ltikorea.or.kr/translatedbooks/29160,,"번역서 4종 · 영어, 루마니아어, 독일어 · 예: Eu și Marilyn",포함
조선 양반의 일생,Kyujanggak Institute for Korean Studies,기타,,발표 시기 미상,https://library.ltikorea.or.kr/translatedbooks/29161,,번역서 1종 · 중국어(간체) · 예: 朝鲜两班的一生,포함
한국현대희곡집,Jang Jin,희곡,,발표 시기 미상,https://library.ltikorea.or.kr/translatedbooks/50428,,번역서 1종 · 일본어 · 예: 韓国現代戱曲集 1,포함
재일코리안 시선집(1916년-2004년),Ho Namugi,시,,발표 시기 미상,https://library.ltikorea.or.kr/translatedbooks/50424,,번역서 1종 · 일본어 · 예: 在日コリアン詩選集一九一六年~二ㅇㅇ四年,포함
한국근대명시선,Yi Yuksa,시,,발표 시기 미상,https://library.ltikorea.or.kr/translatedbooks/50417,,번역서 1종 · 일본어 · 예: 韓国近代名詩選,포함
실화 (한국문학의 원류 단편선 3 (1939-1945)),Yi Sang,기타,,발표 시기 미상,https://library.ltikorea.or.kr/translatedbooks/29146,,번역서 1종 · 일본어 · 예: 失花 (韓国文学の源流 短編選3),포함
민족주의,,기타,,발표 시기 미상,https://library.ltikorea.or.kr/translatedbooks/50374,,번역서 1종 · 독일어 · 예: Nationalismusdiskurse in Südkorea,포함
왕의 남자,Gim Hyeonjeong,기타,,발표 시기 미상,https://library.ltikorea.or.kr/translatedbooks/50072,,번역서 1종 · 중국어(간체) · 예: 王的男人,포함
한국현대단편소설집,Hyun Jin-geon,단편소설,,발표 시기 미상,https://library.ltikorea.or.kr/translatedbooks/50264,,번역서 1종 · 영어 · 예: Modern short stories from Korea,포함
내 마음의 구급상자,Nam Insook,기타,,발표 시기 미상,https://library.ltikorea.or.kr/translatedbooks/50161,,번역서 1종 · 중국어(간체) · 예: 心灵救护箱,포함
TV동화 행복한 세상,Lee Miae,동화,,발표 시기 미상,https://library.ltikorea.or.kr/translatedbooks/50163,,번역서 3종 · 중국어(간체) · 예: 幸福的世界 1,포함
한국현대소설선,Kim Dong-in,소설,,발표 시기 미상,https://library.ltikorea.or.kr/translatedbooks/50058,,번역서 1종 · 중국어(번체) · 예: 韓國現代小說選,포함
저스티스맨,Do Seonu,기타,,발표 시기 미상,https://library.ltikorea.or.kr/translatedbooks/29415,,번역서 1종 · 러시아어 · 예: Джастисмен,포함
동화처럼,Kim Kyung-uk,동화,,발표 시기 미상,https://library.ltikorea.or.kr/translatedbooks/29411,,"번역서 2종 · 스페인어, 프랑스어 · 예: Como un cuento de hadas",포함
느낌은 멈추지 않는다,Ahn Joo-cheol,기타,,발표 시기 미상,https://library.ltikorea.or.kr/translatedbooks/29412,,번역서 1종 · 영어 · 예: Feeling Never Stops,포함
해피랜드,Kim Haeja,기타,,발표 시기 미상,https://library.ltikorea.or.kr/translatedbooks/29413,,번역서 1종 · 영어 · 예: HappyLand,포함
"한국인의 손, 한국인의 마음",Lee O Young,기타,,발표 시기 미상,https://library.ltikorea.or.kr/translatedbooks/50166,,번역서 1종 · 중국어(간체) · 예: 韩国人的心,포함
살아있는 것은 다 행복하라,Boep Joeng,기타,,발표 시기 미상,https://library.ltikorea.or.kr/translatedbooks/50169,,"번역서 2종 · 중국어(간체), 일본어 · 예: 活着, 就要幸福",포함
한국고전시조선,U Tak,시조,,발표 시기 미상,https://library.ltikorea.or.kr/translatedbooks/50290,,번역서 1종 · 영어 · 예: Classical Korean poems: Sijo,포함
호출,Kim Young-ha,기타,,발표 시기 미상,https://library.ltikorea.or.kr/translatedbooks/50354,,번역서 1종 · 독일어 · 예: Der Pieper,포함
희망이 외롭다,Kim Seung-Hee,기타,,발표 시기 미상,https://library.ltikorea.or.kr/translatedbooks/29414,,번역서 1종 · 영어 · 예: Hope is Lonely,포함
남녘 사람 북녘 사람,Lee Ho-cheol,기타,,발표 시기 미상,https://library.ltikorea.or.kr/translatedbooks/50355,,"번역서 9종 · 독일어, 일본어, 헝가리어, 영어, 러시아어 · 예: Menschen aus dem Norden - Menschen aus dem Süden",포함
유리눈물,Kim Hain,기타,,발표 시기 미상,https://library.ltikorea.or.kr/translatedbooks/50070,,번역서 1종 · 중국어(간체) · 예: 玻璃泪珠,포함
"옛한국의 사랑이야기: 춘향전, 리채전",,기타,,발표 시기 미상,https://library.ltikorea.or.kr/translatedbooks/50365,,번역서 1종 · 독일어 · 예: Der Oirol,포함
세계의 끝 여자친구,Kim Yeonsu,기타,,발표 시기 미상,https://library.ltikorea.or.kr/translatedbooks/29352,,"번역서 5종 · 독일어, 중국어(번체), 중국어(간체), 일본어, 러시아어 · 예: Freundin vom Ende der Welt",포함
아침인사,Kim Hain,기타,,발표 시기 미상,https://library.ltikorea.or.kr/translatedbooks/50069,,번역서 1종 · 중국어(간체) · 예: 早安,포함
나는 못생겼다,Kim Hain,기타,,발표 시기 미상,https://library.ltikorea.or.kr/translatedbooks/50066,,번역서 1종 · 중국어(간체) · 예: 我很丑,포함
성냥갑 속의 메시지,Baek Yeongsu,기타,,발표 시기 미상,https://library.ltikorea.or.kr/translatedbooks/29353,,번역서 1종 · 일본어 · 예: 茶房と画家と朝鮮戦争,포함
소문의 벽,Yi Chong-Jun,기타,,발표 시기 미상,https://library.ltikorea.or.kr/translatedbooks/29354,,번역서 1종 · 일본어 · 예: うわさの壁,포함
한국고전시가집,,기타,,발표 시기 미상,https://library.ltikorea.or.kr/translatedbooks/50362,,번역서 1종 · 독일어 · 예: Kranich am Meer,포함
코리언 스탠더즈,Park Min-gyu,기타,,발표 시기 미상,https://library.ltikorea.or.kr/translatedbooks/50357,,번역서 1종 · 독일어 · 예: Koreanischer Standard,포함
한독단편소설선,Park Wansuh,단편소설,,발표 시기 미상,https://library.ltikorea.or.kr/translatedbooks/50356,,번역서 1종 · 독일어 · 예: Koreanische Erzählungen,포함
아버지는 누구일까,Kim Jongyoon,기타,,발표 시기 미상,https://library.ltikorea.or.kr/translatedbooks/50063,,번역서 1종 · 중국어(간체) · 예: 我的父亲,포함
작가,Choi Suchol,기타,,발표 시기 미상,https://library.ltikorea.or.kr/translatedbooks/50085,,번역서 1종 · 중국어(간체) · 예: 作家,포함
슬픔보다 더 슬픈 이야기,Won Taeyeon,기타,,발표 시기 미상,https://library.ltikorea.or.kr/translatedbooks/50088,,"번역서 2종 · 중국어(간체), 일본어 · 예: 比悲伤更悲伤",포함
아름답고 쓸모없기를,Kim Min Jeong,기타,,발표 시기 미상,https://library.ltikorea.or.kr/translatedbooks/29355,,번역서 1종 · 영어 · 예: Beautiful and Useless,포함
버클리풍의 사랑 노래,Hwang Tong-gyu,기타,,발표 시기 미상,https://library.ltikorea.or.kr/translatedbooks/29356,,번역서 1종 · 독일어 · 예: Berkeley’sches Liebeslied,포함
함께 읽는 동아시아 근현대사(전2권),Park Taegyun,기타,,발표 시기 미상,https://library.ltikorea.or.kr/translatedbooks/29357,,번역서 1종 · 베트남어 · 예: Một Góc Nhìn Đông Á cận Hiện Đại,포함
에스키모 왕자,Youn Dae-Nyeong,기타,,발표 시기 미상,https://library.ltikorea.or.kr/translatedbooks/50091,,번역서 1종 · 중국어(간체) · 예: 爱斯基摩王子,포함
잃어버린 너,Kim Yoonhee,기타,,발표 시기 미상,https://library.ltikorea.or.kr/translatedbooks/50062,,"번역서 2종 · 중국어(간체), 일본어 · 예: 失去的你",포함
그 섬에 가고 싶다,Lim Chulwoo,기타,,발표 시기 미상,https://library.ltikorea.or.kr/translatedbooks/29359,,"번역서 2종 · 독일어, 프랑스어 · 예: DIE KLEINE INSEL",포함
미실,Kim Byeola,기타,,발표 시기 미상,https://library.ltikorea.or.kr/translatedbooks/50061,,"번역서 2종 · 중국어(간체), 일본어 · 예: 美室",포함
엄마는 예뻤다,Kim Hain,기타,,발표 시기 미상,https://library.ltikorea.or.kr/translatedbooks/50159,,번역서 1종 · 중국어(간체) · 예: 再见，妈妈,포함
꽃으로도 때리지 말라,Kim Hyeja,기타,,발표 시기 미상,https://library.ltikorea.or.kr/translatedbooks/50160,,"번역서 1종 · 중국어(간체) · 예: 雨啊, 请你到非洲",포함
심청전,Jeong Ha-Seop,기타,,발표 시기 미상,https://library.ltikorea.or.kr/translatedbooks/50982,,번역서 2종 · 중국어(간체) · 예: 沈清传,포함
마네킹,Choe Yun,기타,,발표 시기 미상,https://library.ltikorea.or.kr/translatedbooks/23308,,"번역서 3종 · 영어, 튀르키예어, 스페인어 · 예: Mannequin",포함
한옥: 우리 住居文化의 魂이 담긴 옛 살림집 風景,Yi Ki-ung,기타,,발표 시기 미상,https://library.ltikorea.or.kr/translatedbooks/23309,,"번역서 2종 · 영어, 독일어 · 예: Hanok",포함
고기잡이는 갈대를 꺾지 않는다,Kim Juyeong,기타,,발표 시기 미상,https://library.ltikorea.or.kr/translatedbooks/23310,,"번역서 4종 · 독일어, 프랑스어, 스페인어, 러시아어 · 예: Ein Fischer bricht das Schilfrohr nicht",포함
관촌수필,LEE MUN KU,수필,,발표 시기 미상,https://library.ltikorea.or.kr/translatedbooks/23325,,"번역서 2종 · 일본어, 중국어(간체) · 예: 冠村随筆",포함
일요일 스키야키 식당,Bae Su-ah,기타,,발표 시기 미상,https://library.ltikorea.or.kr/translatedbooks/23326,,"번역서 3종 · 중국어(간체), 포르투갈어, 스페인어 · 예: 星期天日式火锅餐厅",포함
병신과 머저리,Yi Chong-Jun,단편소설,,발표 시기 미상,https://library.ltikorea.or.kr/translatedbooks/23328,,번역서 1종 · 영어 · 예: Two Stories by Yi Chong-Jun,포함
저녁의 구애,PYUN HYE YOUNG,기타,,발표 시기 미상,https://library.ltikorea.or.kr/translatedbooks/23327,,"번역서 2종 · 영어, 일본어 · 예: Evening Proposal",포함
조선 국왕의 일생,Kyujanggak Institute for Korean Studies,기타,,발표 시기 미상,https://library.ltikorea.or.kr/translatedbooks/23333,,번역서 1종 · 중국어(간체) · 예: 朝鮮國君的一生,포함
탁류,Ch`ae Man-Sik,기타,,발표 시기 미상,https://library.ltikorea.or.kr/translatedbooks/23335,,"번역서 3종 · 영어, 일본어, 중국어(간체) · 예: Turbid Rivers",포함
한국 도시디자인 탐사,Kim MinSoo,기타,,발표 시기 미상,https://library.ltikorea.or.kr/translatedbooks/23336,,"번역서 2종 · 중국어(간체), 베트남어 · 예: 韩国城市设计",포함
더러운 책상,Park Bum Shin,기타,,발표 시기 미상,https://library.ltikorea.or.kr/translatedbooks/23337,,"번역서 2종 · 중국어(간체), 프랑스어 · 예: 肮脏的书桌",포함
풍장,Hwang Tong-gyu,기타,,발표 시기 미상,https://library.ltikorea.or.kr/translatedbooks/27337,,번역서 2종 · 독일어 · 예: Windbestattung,포함
악기들의 도서관,Kim Junghyuk,기타,,발표 시기 미상,https://library.ltikorea.or.kr/translatedbooks/23307,,"번역서 5종 · 영어, 러시아어, 중국어(간체), 프랑스어, 일본어 · 예: The Library of Musical Instruments",포함
도시는 무엇으로 이루어지는가,Park Seongwon,기타,,발표 시기 미상,https://library.ltikorea.or.kr/translatedbooks/27331,,번역서 1종 · 영어 · 예: What Makes a City,포함
부치지 않은 편지,Jeong Ho-seung,기타,,발표 시기 미상,https://library.ltikorea.or.kr/translatedbooks/23255,,번역서 1종 · 영어 · 예: A Letter Not Sent,포함
꽃이 져도 나는 너를 잊은 적 없다,Jeong Ho-seung,기타,,발표 시기 미상,https://library.ltikorea.or.kr/translatedbooks/23261,,번역서 1종 · 영어 · 예: Though flowers fall I have never forgotten you,포함
아름다움이 나를 멸시한다,Eun Heekyung,기타,,발표 시기 미상,https://library.ltikorea.or.kr/translatedbooks/23262,,"번역서 6종 · 체코어, 영어, 러시아어, 일본어, 스페인어 · 예: Krása mnou pohrdá",포함
에세이스트의 책상,Bae Su-ah,수필,,발표 시기 미상,https://library.ltikorea.or.kr/translatedbooks/23263,,번역서 1종 · 영어 · 예: A Greater Music,포함
한국테마 문학 선집: 한국의 마실거리,Kim Juyeong,기타,,발표 시기 미상,https://library.ltikorea.or.kr/translatedbooks/27264,,번역서 1종 · 프랑스어 · 예: Boire cent façons,포함
백가면,Kim Naesung,기타,,발표 시기 미상,https://library.ltikorea.or.kr/translatedbooks/27265,,번역서 1종 · 일본어 · 예: 白仮面,포함
청구야담,Kim Gyeongjin,기타,,발표 시기 미상,https://library.ltikorea.or.kr/translatedbooks/27267,,번역서 1종 · 일본어 · 예: 青邱野譚,포함
한국테마문학선집:한국음식 편,Youn Dae-Nyeong,기타,,발표 시기 미상,https://library.ltikorea.or.kr/translatedbooks/23301,,번역서 1종 · 프랑스어 · 예: MANGER CENT FAÇONS,포함
재와 빨강,Pyun Hye Young,기타,,발표 시기 미상,https://library.ltikorea.or.kr/translatedbooks/27269,,번역서 1종 · 영어 · 예: City of Ash and Red,포함
테오도루 24번지,Son Seoeun,기타,,발표 시기 미상,https://library.ltikorea.or.kr/translatedbooks/23324,,번역서 1종 · 중국어(번체) · 예: 泰奧多爾24號,포함
몽유도원도,Choi In-ho,기타,,발표 시기 미상,https://library.ltikorea.or.kr/translatedbooks/27330,,"번역서 2종 · 러시아어, 일본어 · 예: Прогулка во сне по персиковому саду",포함
라오라오가 좋아,Ku Kyung mi,기타,,발표 시기 미상,https://library.ltikorea.or.kr/translatedbooks/27329,,번역서 1종 · 중국어(간체) · 예: 我爱劳劳,포함
높고 푸른 사다리,Ji-young Gong,기타,,발표 시기 미상,https://library.ltikorea.or.kr/translatedbooks/27342,,번역서 1종 · 베트남어 · 예: CHIẾC THANG CAO MÀU XANH,포함
한국 여성 시 선집,Kim Yi-deum,시,,발표 시기 미상,https://library.ltikorea.or.kr/translatedbooks/24704,,"번역서 1종 · 영어 · 예: Poems of Kim Yideum, Kim Haengsook, & Kim Min Jeong",포함
"동아시아, 해양과 대륙이 맞서다",Kim Shi-duck,기타,,발표 시기 미상,https://library.ltikorea.or.kr/translatedbooks/27386,,번역서 1종 · 중국어(번체) · 예: 不平靜的半島：海洋與大陸勢力的五百年競逐,포함
늑대,Jeon Sungtae,기타,,발표 시기 미상,https://library.ltikorea.or.kr/translatedbooks/24710,,번역서 1종 · 영어 · 예: Wolves,포함
재미나는 인생,Song Sokze,기타,,발표 시기 미상,https://library.ltikorea.or.kr/translatedbooks/24711,,번역서 1종 · 영어 · 예: The Amusing Life,포함
고구려 건국사,Kim Ki Heung,기타,,발표 시기 미상,https://library.ltikorea.or.kr/translatedbooks/27387,,"번역서 2종 · 일본어, 베트남어 · 예: 高句麗建国物語",포함
회색인,Choi In-Hun,기타,,발표 시기 미상,https://library.ltikorea.or.kr/translatedbooks/24714,,번역서 1종 · 스페인어 · 예: El hombre gris,포함
북간도,An Sugil,기타,,발표 시기 미상,https://library.ltikorea.or.kr/translatedbooks/27389,,번역서 1종 · 독일어 · 예: Buk Gan Do,포함
새벽의 나나,Park Hyoung su,기타,,발표 시기 미상,https://library.ltikorea.or.kr/translatedbooks/24723,,"번역서 3종 · 프랑스어, 독일어, 체코어 · 예: Nana à l'aube",포함
한국 현대문학 단편선집,KWON Ji-ye,기타,,발표 시기 미상,https://library.ltikorea.or.kr/translatedbooks/24713,,번역서 1종 · 프랑스어 · 예: Histoires insolites de Corée,포함
관부연락선 (상),Lee Byeng-Ju,기타,,발표 시기 미상,https://library.ltikorea.or.kr/translatedbooks/24717,,번역서 1종 · 일본어 · 예: 関釜連絡船 (上),포함
껌,Kim Ki-taek,기타,,발표 시기 미상,https://library.ltikorea.or.kr/translatedbooks/27392,,"번역서 2종 · 포르투갈어, 스페인어 · 예: Chiclete",포함
조선사회 이렇게 본다,Joseon Society Research Institute,기타,,발표 시기 미상,https://library.ltikorea.or.kr/translatedbooks/27393,,번역서 1종 · 중국어(번체) · 예: 朝鮮王朝面面觀,포함
트라우마 문학관: 잔혹해서 더 잊을 수 없는 12개의 이야기,Yi Chong-Jun,기타,,발표 시기 미상,https://library.ltikorea.or.kr/translatedbooks/27394,,번역서 1종 · 일본어 · 예: トラウマ文学館,포함
퀴르발 남작의 성,Choi Jae-hoon,기타,,발표 시기 미상,https://library.ltikorea.or.kr/translatedbooks/23303,,번역서 1종 · 중국어(간체) · 예: 库勒巴尔男爵的城堡,포함
"19세기 한국소설 ""여관에서 한가한 대화""",Park Jongsik,소설,,발표 시기 미상,https://library.ltikorea.or.kr/translatedbooks/23339,,번역서 1종 · 러시아어 · 예: Досужие беседы на постоялом дворе,포함
까이에 드 꼬레 10호,Mah Chonggi,기타,,발표 시기 미상,https://library.ltikorea.or.kr/translatedbooks/24541,,번역서 1종 · 프랑스어 · 예: Les Cahiers de Corée,포함
모두 깜언,Kim Jung-mi,기타,,발표 시기 미상,https://library.ltikorea.or.kr/translatedbooks/27346,,번역서 1종 · 베트남어 · 예: Cảm ơn tất cả,포함
고요함의 그늘에서,Kim Huran,기타,,발표 시기 미상,https://library.ltikorea.or.kr/translatedbooks/27347,,번역서 1종 · 독일어 · 예: Im Schatten der Stille,포함
"심청, 연꽃의 길",Hwang Sok-yong,기타,,발표 시기 미상,https://library.ltikorea.or.kr/translatedbooks/27379,,"번역서 4종 · 독일어, 프랑스어, 스페인어, 이탈리아어 · 예: Die Lotos Blüte",포함
보물선,Kim Young-ha,기타,,발표 시기 미상,https://library.ltikorea.or.kr/translatedbooks/24625,,번역서 1종 · 체코어 · 예: Loď pokladů,포함
한국현대문학선집,Kim Ae-ran,기타,,발표 시기 미상,https://library.ltikorea.or.kr/translatedbooks/24637,,번역서 1종 · 일본어 · 예: いまは静かな時 韓国現代文学選集,포함
알루미늄 오이,Kang Byoung Yoong,기타,,발표 시기 미상,https://library.ltikorea.or.kr/translatedbooks/27016,,번역서 1종 · 포르투갈어 · 예: Pepino de Aluminio,포함
한밤중에 잠깨어,Jung Yakyong,기타,,발표 시기 미상,https://library.ltikorea.or.kr/translatedbooks/27066,,번역서 1종 · 프랑스어 · 예: Réveillé au milieu de la nuit,포함
핑퐁,Park Min-gyu,기타,,발표 시기 미상,https://library.ltikorea.or.kr/translatedbooks/22996,,"번역서 2종 · 프랑스어, 일본어 · 예: PING-PONG",포함
죽은 시인들과의 시간,KO UN,기타,,발표 시기 미상,https://library.ltikorea.or.kr/translatedbooks/22997,,"번역서 2종 · 루마니아어, 스페인어 · 예: Timp cu poeți morți",포함
정조의 화성행차,Han Young Woo,기타,,발표 시기 미상,https://library.ltikorea.or.kr/translatedbooks/23022,,번역서 1종 · 독일어 · 예: Mit einem Bild auf Reisen gehen Der achttägige Umzug nach Hwasong unter König Chongjo,포함
우리 역사 독도,Hosaka Yuji,기타,,발표 시기 미상,https://library.ltikorea.or.kr/translatedbooks/23023,,번역서 2종 · 일본어 · 예: の日韓史,포함
세계 속의 한글,Hong Jongseon,기타,,발표 시기 미상,https://library.ltikorea.or.kr/translatedbooks/23025,,번역서 1종 · 일본어 · 예: 世界の中のハングル,포함
인현왕후,Chung Eun Im,기타,,발표 시기 미상,https://library.ltikorea.or.kr/translatedbooks/27009,,번역서 1종 · 베트남어 · 예: Hoàng hậu Inhyeon Truyện,포함
곡산의 솔바람 소리,Gang Seonbong,기타,,발표 시기 미상,https://library.ltikorea.or.kr/translatedbooks/27018,,번역서 1종 · 일본어 · 예: 小鹿島の松籟,포함
나쁜 어린이 표,Sun-mi Hwang,기타,,발표 시기 미상,https://library.ltikorea.or.kr/translatedbooks/23030,,"번역서 4종 · 베트남어, 스페인어, 영어, 독일어 · 예: Phiếu bé hư",포함
한국문학 단편 선집,KIM Ae-ran,기타,,발표 시기 미상,https://library.ltikorea.or.kr/translatedbooks/23031,,"번역서 1종 · 프랑스어 · 예: SEOUL, VITE, VITE!",포함
카르마의 바다,Moon Chung-hee,기타,,발표 시기 미상,https://library.ltikorea.or.kr/translatedbooks/23032,,번역서 1종 · 스페인어 · 예: Mar de Karma,포함
해오름 골짜기 친구들,Sun-mi Hwang,기타,,발표 시기 미상,https://library.ltikorea.or.kr/translatedbooks/23033,,번역서 1종 · 베트남어 · 예: Nhung Nguoi Ban O Thung Lung Mat Troi Moc,포함
또 누구게?,Choi Jung Sun,기타,,발표 시기 미상,https://library.ltikorea.or.kr/translatedbooks/27065,,번역서 1종 · 중국어(번체) · 예: 又是誰呀？,포함
고등어,Ji-Young Gong,기타,,발표 시기 미상,https://library.ltikorea.or.kr/translatedbooks/27110,,"번역서 3종 · 우즈벡어, 베트남어, 중국어(간체) · 예: Скумбрия",포함
조선 유학의 거장들,Han Hyeongjo,기타,,발표 시기 미상,https://library.ltikorea.or.kr/translatedbooks/23027,,번역서 1종 · 일본어 · 예: 朝鮮儒学の巨匠たち,포함
우리 모두의 정귀보,Lee Jangwook,기타,,발표 시기 미상,https://library.ltikorea.or.kr/translatedbooks/28672,,번역서 1종 · 일본어 · 예: 私たち皆のチョン・グィボ,포함
그 여름의 수사,Ha Seong-nan,기타,,발표 시기 미상,https://library.ltikorea.or.kr/translatedbooks/26927,,번역서 1종 · 일본어 · 예: あの夏の修辞法,포함
당신의 첫,Kim Hyesoon,기타,,발표 시기 미상,https://library.ltikorea.or.kr/translatedbooks/22958,,"번역서 1종 · 프랑스어 · 예: Ordures de tous les pays, unissez-vous !",포함
히말라야: 詩篇,Ko Un,시,,발표 시기 미상,https://library.ltikorea.or.kr/translatedbooks/22959,,"번역서 2종 · 중국어(간체), 아라비아어 · 예: 喜马拉雅诗篇",포함
여덟 번째 방,Kim Miwol,기타,,발표 시기 미상,https://library.ltikorea.or.kr/translatedbooks/26932,,"번역서 2종 · 러시아어, 중국어(간체) · 예: Восьмая комната",포함
조웅전,,기타,,발표 시기 미상,https://library.ltikorea.or.kr/translatedbooks/26933,,번역서 1종 · 영어 · 예: The Tale Of CHO UNG,포함
한국 신화의 연구,Seo Dae-seok,소설,,발표 시기 미상,https://library.ltikorea.or.kr/translatedbooks/26985,,번역서 1종 · 중국어(간체) · 예: 韩国神话研究,포함
신기생뎐,Lee HyunSu,기타,,발표 시기 미상,https://library.ltikorea.or.kr/translatedbooks/22960,,"번역서 2종 · 프랑스어, 러시아어 · 예: Au Lotus d'Or",포함
만인보,KO UN,기타,,발표 시기 미상,https://library.ltikorea.or.kr/translatedbooks/22961,,"번역서 6종 · 베트남어, 체코어, 영어, 스페인어, 프랑스어 · 예: Vạn đời người",포함
슬픔이 없는 십오 초,Shim Bo-Seon,기타,,발표 시기 미상,https://library.ltikorea.or.kr/translatedbooks/22994,,번역서 1종 · 영어 · 예: Fifteen Seconds Without Sorrow,포함
(Science) 신비한 우주 속으로,Kim Junghong,기타,,발표 시기 미상,https://library.ltikorea.or.kr/translatedbooks/27126,,번역서 1종 · 중국어(간체) · 예: 别抢，我*科学,포함
(Science) 신비한 날씨 속으로,Kim Junghong,기타,,발표 시기 미상,https://library.ltikorea.or.kr/translatedbooks/27127,,번역서 1종 · 중국어(간체) · 예: 别抢，我*科学,포함
(Science) 신비한 지구 속으로,Sin Jeongmin,기타,,발표 시기 미상,https://library.ltikorea.or.kr/translatedbooks/27128,,번역서 1종 · 중국어(간체) · 예: 别抢，我*科学,포함
(Science) 신비한 인체 속으로,Sin Jeongmin,기타,,발표 시기 미상,https://library.ltikorea.or.kr/translatedbooks/27129,,번역서 1종 · 중국어(간체) · 예: 别抢，我*科学,포함
편의점에 간다,KIM Ae-ran,기타,,발표 시기 미상,https://library.ltikorea.or.kr/translatedbooks/23203,,번역서 1종 · 프랑스어 · 예: MA VIE DANS LA SUPÉRETTE,포함
East Goes West,Gang Yongheul,기타,,발표 시기 미상,https://library.ltikorea.or.kr/translatedbooks/23206,,번역서 2종 · 영어 · 예: East Goes West,포함
한국무신도,KIM TAE-GON,기타,,발표 시기 미상,https://library.ltikorea.or.kr/translatedbooks/27130,,번역서 1종 · 영어 · 예: The Paintings of Korean Shaman Gods,포함
"아, 입이 없는 것들",LEE Seong-Bok,기타,,발표 시기 미상,https://library.ltikorea.or.kr/translatedbooks/27262,,"번역서 1종 · 러시아어 · 예: А, у вас нет рта",포함
끄라비,Park Hyoung su,기타,,발표 시기 미상,https://library.ltikorea.or.kr/translatedbooks/23036,,번역서 1종 · 프랑스어 · 예: Krabi,포함
현의 노래,KIM HOON,기타,,발표 시기 미상,https://library.ltikorea.or.kr/translatedbooks/23037,,번역서 1종 · 프랑스어 · 예: Le chant des cordes,포함
문예 2016 秋,Hwang Jungeun,기타,,발표 시기 미상,https://library.ltikorea.or.kr/translatedbooks/23039,,번역서 1종 · 일본어 · 예: 文藝 2016 秋,포함
제주의 신비,Kang Minjeong,기타,,발표 시기 미상,https://library.ltikorea.or.kr/translatedbooks/23042,,번역서 1종 · 프랑스어 · 예: Le mystère de Jeju,포함
이태준 단편선,Yi Tae Jun,기타,,발표 시기 미상,https://library.ltikorea.or.kr/translatedbooks/23242,,번역서 1종 · 일본어 · 예: 思想の月夜,포함
국가의 사생활,Lee Eung Jun,기타,,발표 시기 미상,https://library.ltikorea.or.kr/translatedbooks/23243,,번역서 1종 · 이탈리아어 · 예: VITA PRIVATA DI UNA NAZIONE,포함
(Science) 신기한 발명·발견 속으로,Oh Sumin,기타,,발표 시기 미상,https://library.ltikorea.or.kr/translatedbooks/27125,,"번역서 1종 · 중국어(간체) · 예: 别抢，我*科学：古怪的发明家""又来了""",포함
チャチュンビ伝説,,기타,,발표 시기 미상,https://library.ltikorea.or.kr/translatedbooks/23043,,번역서 1종 · 일본어 · 예: チャチュンビ伝説 ― 済州島のシャーマン神話,포함
친절한 복희씨,Park Wansuh,기타,,발표 시기 미상,https://library.ltikorea.or.kr/translatedbooks/23121,,"번역서 3종 · 중국어(간체), 베트남어, 러시아어 · 예: 亲切的福姬",포함
눈 앞에 없는 사람,Shim Bo-Seon,기타,,발표 시기 미상,https://library.ltikorea.or.kr/translatedbooks/23123,,번역서 1종 · 영어 · 예: Someone Always in the Corner of My Eye,포함
은세계 외,Lee Injik,단편소설,,발표 시기 미상,https://library.ltikorea.or.kr/translatedbooks/27116,,번역서 1종 · 영어 · 예: Silvery World and Other Stories,포함
프랑스에서 보물찾기: 세계탐험 만화 역사상식,김윤수,기타,,발표 시기 미상,https://library.ltikorea.or.kr/translatedbooks/27117,,번역서 1종 · 중국어(간체) · 예: 法国寻宝记,포함
인도에서 보물찾기: 세계탐험 만화 역사상식,Gomdori co.,기타,,발표 시기 미상,https://library.ltikorea.or.kr/translatedbooks/27118,,번역서 1종 · 중국어(간체) · 예: 印度寻宝记,포함
이집트에서 보물찾기: 세계탐험 만화 역사상식,Gomdori co.,기타,,발표 시기 미상,https://library.ltikorea.or.kr/translatedbooks/27119,,번역서 1종 · 중국어(간체) · 예: 埃及寻宝记,포함
이라크에서 보물찾기: 세계탐험 만화 역사상식,Kim Yunsu,기타,,발표 시기 미상,https://library.ltikorea.or.kr/translatedbooks/27120,,번역서 1종 · 중국어(간체) · 예: 伊拉克寻宝记,포함
만남,Hahn Moo-Sook,기타,,발표 시기 미상,https://library.ltikorea.or.kr/translatedbooks/23172,,"번역서 4종 · 중국어(간체), 체코어, 프랑스어, 폴란드어 · 예: 相会",포함
허공: 고은 시집,KO UN,시,,발표 시기 미상,https://library.ltikorea.or.kr/translatedbooks/23174,,번역서 1종 · 슬로베니아어 · 예: Pišem v zrak,포함
(Science) 신비한 바다 속으로,Kim Junghong,기타,,발표 시기 미상,https://library.ltikorea.or.kr/translatedbooks/27121,,번역서 1종 · 중국어(간체) · 예: 别抢，我*科学,포함
식물들의 사생활,Lee Seung-u,기타,,발표 시기 미상,https://library.ltikorea.or.kr/translatedbooks/23175,,"번역서 5종 · 프랑스어, 폴란드어, 영어, 스페인어 · 예: Prywatne życie roślin",포함
정글만리,Jo Jung-Rae,기타,,발표 시기 미상,https://library.ltikorea.or.kr/translatedbooks/23193,,번역서 1종 · 영어 · 예: The Human Jungle,포함
서정오의 우리 옛이야기 백가지 1,Seo Jeong Oh,소설,,발표 시기 미상,https://library.ltikorea.or.kr/translatedbooks/24697,,"번역서 3종 · 몽골어, 러시아어, 중국어(간체) · 예: СОЛОНГОС АРДЫН ШИЛМЭЛ ЗУУН ҮЛГЭР (I дэвтэр)",포함
건축가 알빈 신부,Kim Jung-Shin,기타,,발표 시기 미상,https://library.ltikorea.or.kr/translatedbooks/24698,,번역서 1종 · 독일어 · 예: Kirchenarchitekt Alwin Schmid,포함
고맙다 줄기세포,Jeong-Chan Ra,기타,,발표 시기 미상,https://library.ltikorea.or.kr/translatedbooks/27577,,번역서 1종 · 아라비아어 · 예: عطايا الخلايا الجذعية | قصة العلم واليقين,포함
전우치전 최고운전,Maurizio Riotto,기타,,발표 시기 미상,https://library.ltikorea.or.kr/translatedbooks/25195,,번역서 1종 · 이탈리아어 · 예: Il poeta e il negromante,포함
난장이가 쏘아올린 작은 공,Cho Se-hee,기타,,발표 시기 미상,https://library.ltikorea.or.kr/translatedbooks/25196,,"번역서 10종 · 영어, 프랑스어, 스웨덴어, 일본어, 헝가리어 · 예: Dvärgen som sköt upp en liten kula",포함
반차도로 따라가는 정조의 화성행차,Han Young Woo,기타,,발표 시기 미상,https://library.ltikorea.or.kr/translatedbooks/25198,,번역서 1종 · 영어 · 예: A Unique Banchado,포함
아득한 성자,Cho Ohyun,기타,,발표 시기 미상,https://library.ltikorea.or.kr/translatedbooks/27581,,번역서 1종 · 아라비아어 · 예: قِدِّيسٌ يُحَلقُ بَعيدًا,포함
바리연가집,Kang Unkyo,기타,,발표 시기 미상,https://library.ltikorea.or.kr/translatedbooks/27582,,번역서 1종 · 영어 · 예: Bari's Love Song,포함
어두운 기억의 저편,Lee Gyunyeong,기타,,발표 시기 미상,https://library.ltikorea.or.kr/translatedbooks/25242,,"번역서 3종 · 프랑스어, 이탈리아어 · 예: L' autre côté d'un souvenir obscur(2002)",포함
삼포 가는 길,Hwang Sok-yong,기타,,발표 시기 미상,https://library.ltikorea.or.kr/translatedbooks/25243,,"번역서 3종 · 프랑스어, 말레이어 · 예: LA ROUTE DE SAMPO",포함
시베리아를 건너는 밤,Song Jongchan,기타,,발표 시기 미상,https://library.ltikorea.or.kr/translatedbooks/25244,,번역서 1종 · 러시아어 · 예: Транссибирские ночи,포함
총독의 소리,Choi In-hun,단편소설,,발표 시기 미상,https://library.ltikorea.or.kr/translatedbooks/27583,,번역서 2종 · 영어 · 예: Readymade Bodhisattva,포함
흔적 없이 나는 새,Seon Master Subul,기타,,발표 시기 미상,https://library.ltikorea.or.kr/translatedbooks/27589,,번역서 1종 · 영어 · 예: A Bird in Flight Leaves No Trace,포함
오태석 희곡집,Oh Taeseok,희곡,,발표 시기 미상,https://library.ltikorea.or.kr/translatedbooks/25161,,번역서 1종 · 독일어 · 예: Mumiengrab,포함
퀴즈쇼,Kim Young-ha,기타,,발표 시기 미상,https://library.ltikorea.or.kr/translatedbooks/27608,,"번역서 3종 · 중국어(번체), 베트남어, 중국어(간체) · 예: 猜迷秀",포함
옛 여인에 빠지다,Jo Hye-Ran,기타,,발표 시기 미상,https://library.ltikorea.or.kr/translatedbooks/25194,,"번역서 2종 · 일본어, 이탈리아어 · 예: 韓国古小説の女たち",포함
한국음악 첫걸음,Song Hye-Jin,기타,,발표 시기 미상,https://library.ltikorea.or.kr/translatedbooks/25148,,번역서 1종 · 독일어 · 예: In der Natur Pungryu genießen,포함
어우야담,Yu Mongin,단편소설,,발표 시기 미상,https://library.ltikorea.or.kr/translatedbooks/27492,,"번역서 2종 · 이탈리아어, 일본어 · 예: I racconti di Ou",포함
똥딱기 똥딱,Kim Ji-ha,희곡,,발표 시기 미상,https://library.ltikorea.or.kr/translatedbooks/27494,,번역서 1종 · 프랑스어 · 예: Théâtre de résistance (1970-1974),포함
"한국음악, 한국인의 마음",Han Myung Hee,기타,,발표 시기 미상,https://library.ltikorea.or.kr/translatedbooks/25149,,번역서 1종 · 독일어 · 예: Über den Arirang-Hügel,포함
죽은 왕녀를 위한 파반느,Park Min-gyu,기타,,발표 시기 미상,https://library.ltikorea.or.kr/translatedbooks/25152,,"번역서 5종 · 이탈리아어, 일본어, 프랑스어, 중국어(간체), 영어 · 예: PAVANA PER UNA PRINCIPESSA DEFUNTA",포함
아내가 결혼했다,PARK Hyun-wook,기타,,발표 시기 미상,https://library.ltikorea.or.kr/translatedbooks/25153,,번역서 1종 · 프랑스어 · 예: Comment ma femme s'est mariée,포함
시를 새기다,Yun Tong-Ju,시,,발표 시기 미상,https://library.ltikorea.or.kr/translatedbooks/27476,,번역서 1종 · 영어 · 예: Korean Poems Printed by Letterpress,포함
숙향전,,기타,,발표 시기 미상,https://library.ltikorea.or.kr/translatedbooks/25163,,"번역서 2종 · 프랑스어, 독일어 · 예: Histoire de Sukhyang Dame Vertueuse",포함
한국학의 즐거움,Joo Young-ha,기타,,발표 시기 미상,https://library.ltikorea.or.kr/translatedbooks/25190,,"번역서 3종 · 몽골어, 베트남어 · 예: Солонгос түмнийг тольдохуй",포함
자연주의 문학론,Kang In Suk,평론,,발표 시기 미상,https://library.ltikorea.or.kr/translatedbooks/25192,,번역서 1종 · 일본어 · 예: 韓国の自然主義文学,포함
모랫말 아이들,Hwang Sok-yong,기타,,발표 시기 미상,https://library.ltikorea.or.kr/translatedbooks/27491,,번역서 1종 · 일본어 · 예: モレ村の子どもたち,포함
작가,Kwon Ji-ye,기타,,발표 시기 미상,https://library.ltikorea.or.kr/translatedbooks/27540,,번역서 1종 · 중국어(간체) · 예: 作家,포함
천국에서,Kim Sagwa(Apple Kim),기타,,발표 시기 미상,https://library.ltikorea.or.kr/translatedbooks/25197,,번역서 1종 · 프랑스어 · 예: Au paradis,포함
참담한 빛,Sou Linne Baik,기타,,발표 시기 미상,https://library.ltikorea.or.kr/translatedbooks/27606,,번역서 1종 · 일본어 · 예: 惨憺たる光,포함
재일의 틈새에서,Gim Si-jong,기타,,발표 시기 미상,https://library.ltikorea.or.kr/translatedbooks/27672,,번역서 1종 · 일본어 · 예: 幼少年期の記憶から―「クレメンタインの歌」ほか文集 (2),포함
조선과 일본에 살다,Gim Si-jong,기타,,발표 시기 미상,https://library.ltikorea.or.kr/translatedbooks/27676,,번역서 1종 · 일본어 · 예: 朝鮮と日本に生きる,포함
직녀에게 1980년 5월 광주,Mun Byeong-ran,시,,발표 시기 미상,https://library.ltikorea.or.kr/translatedbooks/27678,,번역서 1종 · 일본어 · 예: 織女へ・一九八〇年五月光州ほか―文炳蘭詩集,포함
청소년을 위한 동양철학사,Kang Seongryool,기타,,발표 시기 미상,https://library.ltikorea.or.kr/translatedbooks/25313,,번역서 1종 · 베트남어 · 예: Lịch sử triết học phương Đông viết cho thanh thiếu niên,포함
오감도,Yi Sang,시,,발표 시기 미상,https://library.ltikorea.or.kr/translatedbooks/27679,,"번역서 3종 · 프랑스어, 영어, 독일어 · 예: Plan à vol de corbeau",포함
표백,Chang Kang-myoung,기타,,발표 시기 미상,https://library.ltikorea.or.kr/translatedbooks/27680,,번역서 1종 · 프랑스어 · 예: Génération B,포함
취우,Yom Sang-seop,기타,,발표 시기 미상,https://library.ltikorea.or.kr/translatedbooks/27681,,번역서 1종 · 일본어 · 예: 驟雨,포함
나쁜엄마,Park Sung-Kyung,기타,,발표 시기 미상,https://library.ltikorea.or.kr/translatedbooks/25310,,번역서 1종 · 베트남어 · 예: MẸ XẤU,포함
고래바위,Lee Soon-won,기타,,발표 시기 미상,https://library.ltikorea.or.kr/translatedbooks/25314,,번역서 1종 · 베트남어 · 예: CÁ VOI ĐỈNH NÚI,포함
을화,Kim Dongri,기타,,발표 시기 미상,https://library.ltikorea.or.kr/translatedbooks/27687,,"번역서 7종 · 세르비아어, 일본어, 이탈리아어, 중국어(간체), 프랑스어 · 예: ULHVA, ŠAMANKA",포함
시간가게,Lee Na Young,기타,,발표 시기 미상,https://library.ltikorea.or.kr/translatedbooks/25317,,번역서 1종 · 베트남어 · 예: Cửa tiệm thời gian,포함
영원한 제국,Lee In-hwa,기타,,발표 시기 미상,https://library.ltikorea.or.kr/translatedbooks/27683,,"번역서 3종 · 루마니아어, 프랑스어, 스페인어 · 예: Imperiul fără de sfârșit",포함
칼과 혀,Gwon Junghyeon,기타,,발표 시기 미상,https://library.ltikorea.or.kr/translatedbooks/27684,,번역서 1종 · 프랑스어 · 예: LA LANGUE ET LE COUTEAU,포함
우아한 거짓말,KIM Ryeoryeong,기타,,발표 시기 미상,https://library.ltikorea.or.kr/translatedbooks/25258,,"번역서 2종 · 일본어, 베트남어 · 예: 優しい嘘",포함
토끼전 2020,Park Duk Kyu,기타,,발표 시기 미상,https://library.ltikorea.or.kr/translatedbooks/27609,,번역서 1종 · 영어 · 예: The Rabbit's Tale 2020,포함
블러드 시스터즈,Kim Yi-deum,기타,,발표 시기 미상,https://library.ltikorea.or.kr/translatedbooks/27610,,번역서 1종 · 영어 · 예: Blood Sisters,포함
사는 기쁨,Hwang Tong-gyu,기타,,발표 시기 미상,https://library.ltikorea.or.kr/translatedbooks/25260,,번역서 1종 · 독일어 · 예: Freude am Leben,포함
한국문학,Phan Thị Thu Hiền,기타,,발표 시기 미상,https://library.ltikorea.or.kr/translatedbooks/27614,,번역서 1종 · 베트남어 · 예: GIÁO TRÌNH VĂN HỌC HÀN QUỐC,포함
하성란 단편집,Ha Seong-nan,단편소설,,발표 시기 미상,https://library.ltikorea.or.kr/translatedbooks/27611,,번역서 1종 · 영어 · 예: Flowers of Mold,포함
수원 남문 언덕,Choi Dong-Ho,기타,,발표 시기 미상,https://library.ltikorea.or.kr/translatedbooks/25285,,번역서 1종 · 몽골어 · 예: СҮВОН ХОТЫН ӨМНӨД ХААЛГАНЫ ТОЛГОД,포함
순례자의 책,Kim Igyeong,기타,,발표 시기 미상,https://library.ltikorea.or.kr/translatedbooks/27613,,번역서 1종 · 중국어(번체) · 예: 活著的圖書館,포함
천 번을 흔들려야 어른이 된다,Kim Rando,기타,,발표 시기 미상,https://library.ltikorea.or.kr/translatedbooks/25309,,번역서 1종 · 베트남어 · 예: Trưởng thành sau ngàn lần tranh đấu,포함
관부연락선 (하),Lee Byeng-Ju,기타,,발표 시기 미상,https://library.ltikorea.or.kr/translatedbooks/25108,,번역서 1종 · 일본어 · 예: 関釜連絡船 (下),포함
가만히 좋아하는,Kim Sa-In,기타,,발표 시기 미상,https://library.ltikorea.or.kr/translatedbooks/27418,,번역서 1종 · 영어 · 예: Liking in Silence,포함
"세상을 담은 그림, 지도",Kim Hyangkeum,기타,,발표 시기 미상,https://library.ltikorea.or.kr/translatedbooks/27419,,번역서 1종 · 스웨덴어 · 예: Världen i kartan,포함
벌레 시인: 이성선 시선집,Lee Sungsun,시,,발표 시기 미상,https://library.ltikorea.or.kr/translatedbooks/24887,,번역서 1종 · 영어 · 예: The Worm Poet,포함
박제천 시선집,Pak Je-Chun,시,,발표 시기 미상,https://library.ltikorea.or.kr/translatedbooks/24889,,번역서 2종 · 영어 · 예: SF-Consensus,포함
"Journal of Korean Studies, vol. 10",Kim Soyoung,기타,,발표 시기 미상,https://library.ltikorea.or.kr/translatedbooks/24919,,번역서 1종 · 불가리아어 · 예: СТУДИИ ПО КОРЕИСТИКА КНИГА 10,포함
요즘 우울하십니까?,Kim Eon Hee,기타,,발표 시기 미상,https://library.ltikorea.or.kr/translatedbooks/27424,,번역서 1종 · 영어 · 예: Have You Been Feeling Blue These Days?,포함
먹는 것이 느리다,Cheon Myeong-kwan,기타,,발표 시기 미상,https://library.ltikorea.or.kr/translatedbooks/27452,,번역서 1종 · 일본어 · 예: たべるのがおそい,포함
Paravoz,,기타,,발표 시기 미상,https://library.ltikorea.or.kr/translatedbooks/24922,,번역서 1종 · 러시아어 · 예: 2014 ПАРОВОЗЪ,포함
아젤리아,Kim Kyung-uk,기타,,발표 시기 미상,https://library.ltikorea.or.kr/translatedbooks/27459,,번역서 1종 · 영어 · 예: AZALEA (Journal of Korean Literature & Culture),포함
미니멀 투어 스토리 만들기,Kim Jooyoun,기타,,발표 시기 미상,https://library.ltikorea.or.kr/translatedbooks/27463,,번역서 1종 · 몽골어 · 예: МИНИМАЛ АЯЛАЛ,포함
삼미 슈퍼스타즈의 마지막 팬클럽,Park Min-gyu,기타,,발표 시기 미상,https://library.ltikorea.or.kr/translatedbooks/25026,,"번역서 2종 · 스페인어, 일본어 · 예: El último club de fans de los Sammi Superstars",포함
아우와의 만남,Yi Mun-Yol,기타,,발표 시기 미상,https://library.ltikorea.or.kr/translatedbooks/24763,,번역서 1종 · 영어 · 예: Meeting with My Brother,포함
죽음의 자서전,KIM HYESOON,기타,,발표 시기 미상,https://library.ltikorea.or.kr/translatedbooks/27414,,번역서 1종 · 영어 · 예: Autobiography of Death,포함
고구려 별자리와 신화,Kim Il-gwon,소설,,발표 시기 미상,https://library.ltikorea.or.kr/translatedbooks/24721,,번역서 1종 · 영어 · 예: Retracing the Ancient Korean Sky and Its Myths,포함
서울의 낮은 언덕들,Bae Su-ah,기타,,발표 시기 미상,https://library.ltikorea.or.kr/translatedbooks/24751,,번역서 1종 · 영어 · 예: Recitation,포함
절망서점: 꿈을 포기한 9인이 만난 이야기,Kwon Yeo-sun,기타,,발표 시기 미상,https://library.ltikorea.or.kr/translatedbooks/27395,,번역서 1종 · 일본어 · 예: 絶望書店,포함
타는 목마름으로,Kim Ji-ha,기타,,발표 시기 미상,https://library.ltikorea.or.kr/translatedbooks/27396,,"번역서 3종 · 튀르키예어, 러시아어, 스페인어 · 예: Yakıcı Susuzlukla",포함
경영은 사람이다,Lee Byungnam,기타,,발표 시기 미상,https://library.ltikorea.or.kr/translatedbooks/27406,,번역서 1종 · 중국어(간체) · 예: 经营在人,포함
지상의 노래,Lee Seung-u,기타,,발표 시기 미상,https://library.ltikorea.or.kr/translatedbooks/27408,,"번역서 2종 · 폴란드어, 프랑스어 · 예: Pieśń ziemi",포함
김달진 시선,Kim Daljin,기타,,발표 시기 미상,https://library.ltikorea.or.kr/translatedbooks/24752,,번역서 1종 · 몽골어 · 예: КИМ ДАЛЖИН НАЙРАГЧИЙН ШИЛМЭЛ ТҮҮВЭР,포함
철학자와 하녀 – 하루하루를 살아가는 마이너리티의 철학,Ko Byung-kwon,기타,,발표 시기 미상,https://library.ltikorea.or.kr/translatedbooks/24754,,번역서 1종 · 일본어 · 예: 哲学者と下女―日々を生きていくマイノリティの哲学,포함
코뮨주의: 공동성과 평등성의 존재론,Lee Jinkyoung,기타,,발표 시기 미상,https://library.ltikorea.or.kr/translatedbooks/24756,,번역서 1종 · 일본어 · 예: 無謀なるものたちの共同体―コミューン主義の方へ,포함
구경꾼들,YOON SUNG-HEE,기타,,발표 시기 미상,https://library.ltikorea.or.kr/translatedbooks/24757,,번역서 1종 · 스페인어 · 예: Espectadores,포함
어느 하늘 빈자리,Hur Yoon-Jung,기타,,발표 시기 미상,https://library.ltikorea.or.kr/translatedbooks/25027,,번역서 1종 · 영어 · 예: Somewhere in the Sky,포함
왜 계속해서 써 왔는가 왜 침묵해 왔는가,Kim Sok Bom,기타,,발표 시기 미상,https://library.ltikorea.or.kr/translatedbooks/25029,,번역서 2종 · 일본어 · 예: なぜ書きつづけてきたかなぜ沈黙してきたか,포함
전후의 탄생,Kwon Hyeok-tae,기타,,발표 시기 미상,https://library.ltikorea.or.kr/translatedbooks/24871,,번역서 1종 · 일본어 · 예: 〈戦後〉の誕生―戦後日本と「朝鮮」の境界,포함
한국영화 100년사,Jung Jong Hwa,기타,,발표 시기 미상,https://library.ltikorea.or.kr/translatedbooks/24881,,번역서 1종 · 일본어 · 예: 韓国映画100年史,포함
건정필담,Hong Dae-yong,기타,,발표 시기 미상,https://library.ltikorea.or.kr/translatedbooks/24882,,번역서 2종 · 일본어 · 예: 乾浄筆譚 1,포함
설계자들,KIM UN-SU,기타,,발표 시기 미상,https://library.ltikorea.or.kr/translatedbooks/27482,,"번역서 7종 · 영어, 체코어, 튀르키예어, 폴란드어, 포르투갈어 · 예: The Plotters",포함
여치의 눈: 고형렬 시선집,Ko Hyeong-ryeol,시,,발표 시기 미상,https://library.ltikorea.or.kr/translatedbooks/25090,,번역서 1종 · 영어 · 예: Grasshoppers's Eyes: Poems,포함
그녀의 눈물 사용법,Cheon Un-yeong,기타,,발표 시기 미상,https://library.ltikorea.or.kr/translatedbooks/25032,,"번역서 3종 · 독일어, 러시아어, 중국어(간체) · 예: Ihre Art des Weinens",포함
"사랑이라니, 선영아",KIM Yeonsu,기타,,발표 시기 미상,https://library.ltikorea.or.kr/translatedbooks/25037,,"번역서 1종 · 프랑스어 · 예: Tu m'aimes donc, Sonyong?",포함
(고교생이 알아야 할) 한국인의 의식구조,Lee Gyu tae,기타,,발표 시기 미상,https://library.ltikorea.or.kr/translatedbooks/27464,,번역서 1종 · 일본어 · 예: 韓国人のこころとくらし,포함
위험한 독서,Kim Kyung-uk,기타,,발표 시기 미상,https://library.ltikorea.or.kr/translatedbooks/27465,,번역서 1종 · 스페인어 · 예: Lecturas Peligrosas,포함
속 어우야담,Yu Mongin,기타,,발표 시기 미상,https://library.ltikorea.or.kr/translatedbooks/27467,,번역서 1종 · 일본어 · 예: 続於于野譚,포함
수선화에게,Jeong Ho-seung,기타,,발표 시기 미상,https://library.ltikorea.or.kr/translatedbooks/25039,,번역서 1종 · 러시아어 · 예: К НАРЦИССУ,포함
K박사의 연구,Kim Dong-in,단편소설,,발표 시기 미상,https://library.ltikorea.or.kr/translatedbooks/25040,,번역서 1종 · 프랑스어 · 예: Les recherches du professeur K et autres nouvelles,포함
만주부인,Lee Gilyoong,기타,,발표 시기 미상,https://library.ltikorea.or.kr/translatedbooks/25075,,번역서 1종 · 일본어 · 예: 満州夫人,포함
복화술사들,Kim Chul,기타,,발표 시기 미상,https://library.ltikorea.or.kr/translatedbooks/25089,,"번역서 2종 · 일본어, 영어 · 예: 植民地の腹話術師たち",포함
동아시아 문학지,Han Yujoo,기타,,발표 시기 미상,https://library.ltikorea.or.kr/translatedbooks/24830,,번역서 1종 · 독일어 · 예: Hefte für ostasiatische Literatur (55. Schwarzweiß-Fotograf),포함
내 생의 알리바이,Gong Sun-Ok,기타,,발표 시기 미상,https://library.ltikorea.or.kr/translatedbooks/28671,,번역서 1종 · 일본어 · 예: 私の生のアリバイ,포함
사파에서,Bang Hyun-seok,기타,,발표 시기 미상,https://library.ltikorea.or.kr/translatedbooks/28667,,번역서 1종 · 일본어 · 예: サパにて,포함
101가지 사이언스 파워퀴즈 지식은 힘 환경,Chang You-Kyung,기타,,발표 시기 미상,https://library.ltikorea.or.kr/translatedbooks/26101,,번역서 1종 · 중국어(간체) · 예: 101個環境疑問,포함
아무도 아닌,Hwang Jungeun,기타,,발표 시기 미상,https://library.ltikorea.or.kr/translatedbooks/26157,,번역서 1종 · 일본어 · 예: 誰でもない,포함
나는 이제 니가 지겨워,Bae Su-ah,기타,,발표 시기 미상,https://library.ltikorea.or.kr/translatedbooks/28157,,번역서 1종 · 루마니아어 · 예: M-am săturat de tine,포함
옆집의 영희 씨,Soyeon Jeong,기타,,발표 시기 미상,https://library.ltikorea.or.kr/translatedbooks/28168,,번역서 1종 · 일본어 · 예: となりのヨンヒさん,포함
삼대,Yom Sang-Seop,기타,,발표 시기 미상,https://library.ltikorea.or.kr/translatedbooks/26160,,"번역서 2종 · 프랑스어, 영어 · 예: Trois générations",포함
금지된 정원,Kim Da Eun,기타,,발표 시기 미상,https://library.ltikorea.or.kr/translatedbooks/28170,,번역서 1종 · 프랑스어 · 예: Le Jardin Interdit,포함
우리는 매일 매일,Jin Eun-young,기타,,발표 시기 미상,https://library.ltikorea.or.kr/translatedbooks/26224,,"번역서 1종 · 영어 · 예: We, Day by Day",포함
우리 아이 마음보고서,Chang You-Kyung,기타,,발표 시기 미상,https://library.ltikorea.or.kr/translatedbooks/26100,,번역서 1종 · 중국어(간체) · 예: 孩子的心理报告书,포함
무지개 원리,Cha Dongyub,기타,,발표 시기 미상,https://library.ltikorea.or.kr/translatedbooks/26097,,번역서 1종 · 중국어(간체) · 예: 彩虹原理,포함
두더지의 고민,Kim Sang-Keun,기타,,발표 시기 미상,https://library.ltikorea.or.kr/translatedbooks/25997,,번역서 1종 · 중국어(번체) · 예: 鼴鼠的煩惱,포함
백석 시선,Baek Seok,시,,발표 시기 미상,https://library.ltikorea.or.kr/translatedbooks/25998,,"번역서 2종 · 영어, 일본어 · 예: Poems by Baek Seok",포함
도깨비 얼굴이 가장 커!,Lee Beomgyu,기타,,발표 시기 미상,https://library.ltikorea.or.kr/translatedbooks/26010,,번역서 1종 · 중국어(간체) · 예: 妖怪的脸最大,포함
배고픈 꿈이,Kim Samhyeon,기타,,발표 시기 미상,https://library.ltikorea.or.kr/translatedbooks/26015,,번역서 1종 · 중국어(번체) · 예: 肚子餓的小青蛙,포함
평양미술 : 조선화 너는 누구냐,Muhn Bum-gang,기타,,발표 시기 미상,https://library.ltikorea.or.kr/translatedbooks/28145,,번역서 1종 · 영어 · 예: North Korean Art,포함
북촌,Seoul Museum of History,기타,,발표 시기 미상,https://library.ltikorea.or.kr/translatedbooks/28147,,번역서 1종 · 영어 · 예: Bukchon,포함
지상에서의 며칠,Ra Taejoo,기타,,발표 시기 미상,https://library.ltikorea.or.kr/translatedbooks/28148,,번역서 1종 · 영어 · 예: A Few Days on Earth,포함
한눈에 보는 입사,Choi Eung-chon,기타,,발표 시기 미상,https://library.ltikorea.or.kr/translatedbooks/28150,,번역서 1종 · 영어 · 예: Ipsa,포함
한눈에 보는 매듭,Kim Si-jae,기타,,발표 시기 미상,https://library.ltikorea.or.kr/translatedbooks/28151,,번역서 1종 · 영어 · 예: Maedeup,포함
성수동,Seoul Museum of History,기타,,발표 시기 미상,https://library.ltikorea.or.kr/translatedbooks/28153,,번역서 1종 · 영어 · 예: Seongsu-dong,포함
남대문시장,Seoul Museum of History,기타,,발표 시기 미상,https://library.ltikorea.or.kr/translatedbooks/28154,,번역서 1종 · 영어 · 예: Namdaemun Market,포함
세계 역사 문명 만화스쿨 2: 인디언 학교 가기,Yang Changgyu,기타,,발표 시기 미상,https://library.ltikorea.or.kr/translatedbooks/26081,,번역서 1종 · 중국어(간체) · 예: 原始人大冒险,포함
영웅초한지 1,유기영,기타,,발표 시기 미상,https://library.ltikorea.or.kr/translatedbooks/26086,,번역서 1종 · 중국어(간체) · 예: 楚汉英雄志1：秦帝国崩溃,포함
한국의 문화유산,,기타,,발표 시기 미상,https://library.ltikorea.or.kr/translatedbooks/26087,,번역서 1종 · 중국어(간체) · 예: 韩国文化遗产之旅,포함
100년 후에도 변하지 않는 소중한 육아 지혜,Rhee Wonyoung,기타,,발표 시기 미상,https://library.ltikorea.or.kr/translatedbooks/26096,,번역서 1종 · 중국어(간체) · 예: 100年不變的育兒智慧,포함
고전통변,Noh Kwanbum,기타,,발표 시기 미상,https://library.ltikorea.or.kr/translatedbooks/28155,,번역서 1종 · 체코어 · 예: Klasické korejské písemnictví v proměnách doby,포함
천둥소리,Kim Juyeong,기타,,발표 시기 미상,https://library.ltikorea.or.kr/translatedbooks/26226,,"번역서 4종 · 세르비아어, 프랑스어, 중국어(간체), 아라비아어 · 예: Zvuk groma",포함
동양화 읽는 법,Cho Yong-jin,기타,,발표 시기 미상,https://library.ltikorea.or.kr/translatedbooks/26227,,번역서 1종 · 영어 · 예: How to Read Eastern Art,포함
덕혜옹주,Kwon Bee-Young,기타,,발표 시기 미상,https://library.ltikorea.or.kr/translatedbooks/26162,,"번역서 3종 · 러시아어, 인도네시아어, 베트남어 · 예: Докхе ончжу-последняя принцесса династии Чосон",포함
완전판 한국·페미니즘·일본,Cho Nam-ju,기타,,발표 시기 미상,https://library.ltikorea.or.kr/translatedbooks/28390,,번역서 1종 · 일본어 · 예: 完全版 韓国・フェミニズム・日本,포함
한국 페미니즘과 우리,Lee Mingyeong,기타,,발표 시기 미상,https://library.ltikorea.or.kr/translatedbooks/28393,,번역서 1종 · 일본어 · 예: 韓国フェミニズムと私たち,포함
상화 시편,Ko Un,기타,,발표 시기 미상,https://library.ltikorea.or.kr/translatedbooks/26257,,번역서 1종 · 몽골어 · 예: Эрхэсийн хайр,포함
우리에겐 언어가 필요 하다,Lee Mingyeong,기타,,발표 시기 미상,https://library.ltikorea.or.kr/translatedbooks/28395,,번역서 1종 · 일본어 · 예: 私たちにはことばが必要だ,포함
신에게는 손자가 없다,Kim Kyung-uk,기타,,발표 시기 미상,https://library.ltikorea.or.kr/translatedbooks/28399,,번역서 1종 · 영어 · 예: God Has No Grandchildren,포함
폐쇄구역 서울,Jung Myeong Seop,기타,,발표 시기 미상,https://library.ltikorea.or.kr/translatedbooks/26299,,번역서 1종 · 프랑스어 · 예: Séoul zone interdite,포함
곽효환 시선집,Kwak Hyo Hwan,시,,발표 시기 미상,https://library.ltikorea.or.kr/translatedbooks/26258,,번역서 1종 · 몽골어 · 예: Уйтгар гунигийн учиг,포함
야만적인 앨리스씨,Hwang Jungeun,기타,,발표 시기 미상,https://library.ltikorea.or.kr/translatedbooks/26259,,번역서 1종 · 일본어 · 예: 野蛮なアリスさん,포함
눈물의 강산,Park Sangseek,기타,,발표 시기 미상,https://library.ltikorea.or.kr/translatedbooks/26260,,번역서 1종 · 영어 · 예: Land of Tears,포함
젠더화된 풍경: 한국여성문학선집,Kang Kyung-ae,기타,,발표 시기 미상,https://library.ltikorea.or.kr/translatedbooks/26161,,번역서 1종 · 영어 · 예: Gendered Landscapes,포함
하늘 우체국,Kim Soo-Bok,기타,,발표 시기 미상,https://library.ltikorea.or.kr/translatedbooks/28185,,번역서 1종 · 스페인어 · 예: Casa de correos celestial,포함
해를 오래 바라보았다,Lee Yeong-gwang,기타,,발표 시기 미상,https://library.ltikorea.or.kr/translatedbooks/28186,,번역서 1종 · 영어 · 예: I Gave the Sun a Long Look,포함
유령시인,Kim Joong Il,기타,,발표 시기 미상,https://library.ltikorea.or.kr/translatedbooks/28187,,번역서 1종 · 영어 · 예: A Ghost Poet,포함
작가,Cheon Un-yeong,기타,,발표 시기 미상,https://library.ltikorea.or.kr/translatedbooks/28222,,번역서 1종 · 중국어(간체) · 예: 作家,포함
작가,Cho Nam-ju,기타,,발표 시기 미상,https://library.ltikorea.or.kr/translatedbooks/28223,,번역서 1종 · 중국어(간체) · 예: 作家,포함
작가,Jeong Yi Hyun,기타,,발표 시기 미상,https://library.ltikorea.or.kr/translatedbooks/28224,,번역서 1종 · 중국어(간체) · 예: 作家,포함
먼지 외: 이태준 단편선,Yi Tae Jun,단편소설,,발표 시기 미상,https://library.ltikorea.or.kr/translatedbooks/26248,,번역서 1종 · 영어 · 예: Dust and Other Stories,포함
강물에 떠내려가는 7인의 사무라이,Jung Young Moon,기타,,발표 시기 미상,https://library.ltikorea.or.kr/translatedbooks/28346,,번역서 1종 · 영어 · 예: Seven Samurai Swept Away in a River,포함
더블 side A,Park Min-gyu,기타,,발표 시기 미상,https://library.ltikorea.or.kr/translatedbooks/28345,,번역서 1종 · 일본어 · 예: ダブル サイドA,포함
Book of the White Day,Alexander Kahn,기타,,발표 시기 미상,https://library.ltikorea.or.kr/translatedbooks/28347,,번역서 1종 · 러시아어 · 예: Книга Белого Дня,포함
한국 최초의 페미니스트 작가들,Kim Myeongsun,기타,,발표 시기 미상,https://library.ltikorea.or.kr/translatedbooks/28348,,번역서 1종 · 스페인어 · 예: ¿Por qué te empeñas en sufrir así?,포함
더블 side B,Park Min-gyu,기타,,발표 시기 미상,https://library.ltikorea.or.kr/translatedbooks/28351,,번역서 1종 · 일본어 · 예: ダブル サイドB,포함
한국문학선집,Choi Chung-Hui,기타,,발표 시기 미상,https://library.ltikorea.or.kr/translatedbooks/28352,,"번역서 1종 · 몽골어 · 예: Солонгос өгүүллэг, тууж",포함
한국의 안무가,Chung Euisook,노래,,발표 시기 미상,https://library.ltikorea.or.kr/translatedbooks/10914,,번역서 1종 · 영어 · 예: Choreographers in Motion,포함
동아시아 문명론,Cho dong-il,기타,,발표 시기 미상,https://library.ltikorea.or.kr/translatedbooks/13326,,번역서 1종 · 베트남어 · 예: LÝ LUÂN VỀ VĂN MINH ĐÔNG Á,포함
구상무상,Ku Sang,기타,,발표 시기 미상,https://library.ltikorea.or.kr/translatedbooks/13327,,번역서 1종 · 영어 · 예: Songs of Thorns and Flowers Vol. 5,포함
복은 나누고 한은 푸시게,Kim Keum-hwa,기타,,발표 시기 미상,https://library.ltikorea.or.kr/translatedbooks/13328,,"번역서 1종 · 프랑스어 · 예: Partager le Bonheur, Dénouer la Rancœur",포함
시로 맛을 낸 행복한 우리 한식,Compiled by the Society of Korean Poets (76 Poets),시,,발표 시기 미상,https://library.ltikorea.or.kr/translatedbooks/13329,,번역서 1종 · 일본어 · 예: 飲食のくにではピビムパプが民主主義だーおいしい詩を添えて,포함
프로젝트 뉴욕,Lee Mingi,기타,,발표 시기 미상,https://library.ltikorea.or.kr/translatedbooks/13330,,번역서 1종 · 중국어(번체) · 예: 像他們一樣工作,포함
쩐의 전쟁,Park Ingwon,기타,,발표 시기 미상,https://library.ltikorea.or.kr/translatedbooks/10613,,번역서 1종 · 중국어(간체) · 예: 钱的战争,포함
시베리아의 위대한 영혼,Sooyong Park,기타,,발표 시기 미상,https://library.ltikorea.or.kr/translatedbooks/22088,,번역서 1종 · 영어 · 예: Great Soul of Siberia,포함
빛의 제국,Kim Young-Ha,기타,,발표 시기 미상,https://library.ltikorea.or.kr/translatedbooks/10793,,"번역서 3종 · 이탈리아어, 독일어, 프랑스어 · 예: L'impero delle luci",포함
김승옥 단편선,Kim Seungok,기타,,발표 시기 미상,https://library.ltikorea.or.kr/translatedbooks/22092,,"번역서 2종 · 일본어, 독일어 · 예: ソウル1964年 冬 ―金承鈺短編集―",포함
미궁에 대한 추측,Lee Seung-U,기타,,발표 시기 미상,https://library.ltikorea.or.kr/translatedbooks/22093,,번역서 1종 · 일본어 · 예: 香港パク,포함
차마고도,KBS 인사이트아시아 차마고도 제작팀,기타,,발표 시기 미상,https://library.ltikorea.or.kr/translatedbooks/22094,,번역서 1종 · 중국어(간체) · 예: 茶马古道,포함
왕을 찾아서,Song Sokze,기타,,발표 시기 미상,https://library.ltikorea.or.kr/translatedbooks/22095,,번역서 1종 · 중국어(간체) · 예: 寻觅王者,포함
"세계 유산을 통한 한국 역사 탐구, Exploring the history of Korea through its World Heritage, 세계유산을 통한 한국 역사 탐구",Academy of Korean Studies,기타,,발표 시기 미상,https://library.ltikorea.or.kr/translatedbooks/22133,,"번역서 3종 · 중국어(번체), 스페인어, 러시아어 · 예: 通过世界遗产了解韩国历史",포함
장난감 도시,LEE DONG-HA,기타,,발표 시기 미상,https://library.ltikorea.or.kr/translatedbooks/10657,,"번역서 2종 · 베트남어, 영어 · 예: THÀNH PHỐ ĐỒ CHƠI",포함
농군: 이태준 단편선,Yi Tae Jun,기타,,발표 시기 미상,https://library.ltikorea.or.kr/translatedbooks/10672,,번역서 1종 · 프랑스어 · 예: LES CERISIERS DU JAPON,포함
한국의 전통연희와 동아시아,Suh Yonho,기타,,발표 시기 미상,https://library.ltikorea.or.kr/translatedbooks/13310,,번역서 1종 · 일본어 · 예: 韓国の伝統芸能と東アジア,포함
강산무진,KIM HOON,기타,,발표 시기 미상,https://library.ltikorea.or.kr/translatedbooks/13312,,번역서 1종 · 독일어 · 예: Acht Leben,포함
상속,Eun Heekyung,기타,,발표 시기 미상,https://library.ltikorea.or.kr/translatedbooks/10673,,번역서 1종 · 프랑스어 · 예: QUI A TENDU UN PIÈGE DANS LA PINÈDE PAR UNE JOURNÉE FLEURIE DE PRINTEMPS ?,포함
회색도시,HYUN,기타,,발표 시기 미상,https://library.ltikorea.or.kr/translatedbooks/10674,,번역서 1종 · 프랑스어 · 예: La ville grise,포함
야생 사과,Ra Heeduk,기타,,발표 시기 미상,https://library.ltikorea.or.kr/translatedbooks/13313,,"번역서 2종 · 영어, 스페인어 · 예: Wild Apple",포함
올드 맨 리버,Lee Jangwook,기타,,발표 시기 미상,https://library.ltikorea.or.kr/translatedbooks/13315,,번역서 1종 · 영어 · 예: Old Man River,포함
인도 바람도 그릴 수 있다면,Park Hyekyong,기타,,발표 시기 미상,https://library.ltikorea.or.kr/translatedbooks/13320,,번역서 1종 · 중국어(번체) · 예: 印度團團轉,포함
아파트가 아니어도 좋아,F. Book,기타,,발표 시기 미상,https://library.ltikorea.or.kr/translatedbooks/13321,,번역서 1종 · 중국어(번체) · 예: 喜歡小房子：我家不是豪宅，但很舒服,포함
디지털세상이 아이를 아프게 한다,Shin Yeejin,기타,,발표 시기 미상,https://library.ltikorea.or.kr/translatedbooks/13322,,번역서 1종 · 중국어(번체) · 예: 其實是數位在傷害孩子,포함
상행,Kim Kwang-Kyu,기타,,발표 시기 미상,https://library.ltikorea.or.kr/translatedbooks/10658,,"번역서 2종 · 아라비아어, 영어 · 예: رحلة إلى سيول",포함
누들로드,Lee Wookjung,기타,,발표 시기 미상,https://library.ltikorea.or.kr/translatedbooks/10659,,번역서 1종 · 중국어(간체) · 예: 面条之路,포함
미리 가 본 국립중앙박물관,Oh Myung-sook,기타,,발표 시기 미상,https://library.ltikorea.or.kr/translatedbooks/10670,,"번역서 2종 · 영어, 일본어 · 예: Exploring the National Museum of Korea",포함
"막걸리, 넌 누구냐",Heo Simyeong,기타,,발표 시기 미상,https://library.ltikorea.or.kr/translatedbooks/10671,,번역서 1종 · 일본어 · 예: マッコリの正体 - その歴史と文化,포함
조선전기 불상납입직물의 연구,Kim Youngsook,기타,,발표 시기 미상,https://library.ltikorea.or.kr/translatedbooks/10736,,번역서 1종 · 일본어 · 예: 朝鮮前期仏像納入織物の研究,포함
아빠대화법,Jeon Dogeun,기타,,발표 시기 미상,https://library.ltikorea.or.kr/translatedbooks/13323,,번역서 1종 · 중국어(번체) · 예: 跟自己的孩子聊得來,포함
띵굴마님은 캠핑이 좋아,Lee Hyeseon,기타,,발표 시기 미상,https://library.ltikorea.or.kr/translatedbooks/13324,,번역서 1종 · 중국어(번체) · 예: 我為什麼愛上露營？,포함
소슬한 밤의 이야기 (탈향),Lee Ho-cheol,기타,,발표 시기 미상,https://library.ltikorea.or.kr/translatedbooks/10794,,번역서 1종 · 독일어 · 예: Heimatlos,포함
문명과 바다,Ju Gyeongcheol,기타,,발표 시기 미상,https://library.ltikorea.or.kr/translatedbooks/22186,,번역서 1종 · 중국어(간체) · 예: 深藍帝國：海洋爭霸的時代1400-1900,포함
"서울, 포르토프랭스: 바이링귀얼 리뷰",Hwang Jungeun,기타,,발표 시기 미상,https://library.ltikorea.or.kr/translatedbooks/22187,,번역서 1종 · 프랑스어 · 예: séoul/port-au-prince,포함
정약용의 철학,Baek Minjeong,기타,,발표 시기 미상,https://library.ltikorea.or.kr/translatedbooks/10908,,번역서 1종 · 중국어(간체) · 예: 丁若镛哲学思想研究,포함
보조법어,Chi-nul,기타,,발표 시기 미상,https://library.ltikorea.or.kr/translatedbooks/10909,,번역서 1종 · 체코어 · 예: Cesta k probuzeni v tradici korejskeho buddhismu,포함
스무고개 탐정과 마술사1,Heo Gyobeom,기타,,발표 시기 미상,https://library.ltikorea.or.kr/translatedbooks/22196,,번역서 1종 · 중국어(간체) · 예: 二十问侦探和魔术师,포함
스무고개 탐정과 마술사2,Heo Gyobeom,기타,,발표 시기 미상,https://library.ltikorea.or.kr/translatedbooks/22197,,번역서 1종 · 중국어(간체) · 예: 猫咪遭袭事件,포함
번역하는 삶: 미팅 13호 - 바이링귀얼 텍스트,KIM UN-SU,기타,,발표 시기 미상,https://library.ltikorea.or.kr/translatedbooks/22198,,번역서 1종 · 프랑스어 · 예: Traduire la vie,포함
감염된 언어,Ko Jong seok,기타,,발표 시기 미상,https://library.ltikorea.or.kr/translatedbooks/22231,,번역서 1종 · 태국어 · 예: ภาษาติดเชื้อ,포함
달에 홀린 광대,Jung Young Moon,기타,,발표 시기 미상,https://library.ltikorea.or.kr/translatedbooks/10910,,"번역서 2종 · 프랑스어, 독일어 · 예: PIERROT EN MAL DE LUNE",포함
귀뚜라미가 온다,Paik Gahuim,기타,,발표 시기 미상,https://library.ltikorea.or.kr/translatedbooks/22233,,번역서 1종 · 스페인어 · 예: Se viene el tifón,포함
난중일기,Lee Sunsin,기타,,발표 시기 미상,https://library.ltikorea.or.kr/translatedbooks/22234,,"번역서 5종 · 일본어, 베트남어, 러시아어 · 예: Nhật ký trong gian lao",포함
히말라야: 詩篇,KO UN,시,,발표 시기 미상,https://library.ltikorea.or.kr/translatedbooks/22236,,"번역서 2종 · 프랑스어, 영어 · 예: Poèmes de l'Himalaya",포함
계서야담,I Huijun,기타,,발표 시기 미상,https://library.ltikorea.or.kr/translatedbooks/22238,,"번역서 2종 · 베트남어, 일본어 · 예: Khê Tây dã đàm",포함
오래된 일기,Lee Seung-u,기타,,발표 시기 미상,https://library.ltikorea.or.kr/translatedbooks/10912,,번역서 1종 · 프랑스어 · 예: Le Vieux Journal,포함
보물섬,Stevenson Robert Louis Balfour,기타,,발표 시기 미상,https://library.ltikorea.or.kr/translatedbooks/10837,,번역서 1종 · 중국어(간체) · 예: 金银岛,포함
한국문화경관,Lee Sang-hoon,기타,,발표 시기 미상,https://library.ltikorea.or.kr/translatedbooks/22136,,"번역서 4종 · 러시아어, 중국어(번체), 스페인어, 영어 · 예: Культурная панорама Кореи",포함
Postmodern Art in Korea : from 1985 on,Chung Youngmok,기타,,발표 시기 미상,https://library.ltikorea.or.kr/translatedbooks/22140,,번역서 1종 · 영어 · 예: Postmodern Art in Korea,포함
미나,Kim Sagwa(Apple Kim),기타,,발표 시기 미상,https://library.ltikorea.or.kr/translatedbooks/10864,,"번역서 2종 · 프랑스어, 영어 · 예: MINA",포함
당신이 그리울 뿐입니다,Kim Young-Sic,기타,,발표 시기 미상,https://library.ltikorea.or.kr/translatedbooks/10849,,번역서 1종 · 일본어 · 예: あなたが愛しいだけです,포함
침략신사,츠지 미노루,기타,,발표 시기 미상,https://library.ltikorea.or.kr/translatedbooks/10851,,번역서 1종 · 일본어 · 예: 侵略神社,포함
위저드 베이커리,Gu Byeong-mo,기타,,발표 시기 미상,https://library.ltikorea.or.kr/translatedbooks/22158,,"번역서 3종 · 스페인어, 베트남어, 프랑스어 · 예: La panadería encantada",포함
겨울밤 0시 5분,Hwang Tong-gyu,시,,발표 시기 미상,https://library.ltikorea.or.kr/translatedbooks/22181,,번역서 1종 · 독일어 · 예: Winternacht 0Uhr 5Minuten,포함
별을 사랑하는 마음으로,Yun Hu-myong,기타,,발표 시기 미상,https://library.ltikorea.or.kr/translatedbooks/10903,,번역서 1종 · 영어 · 예: With the Love for the Stars,포함
흑산,Kim Hoon,기타,,발표 시기 미상,https://library.ltikorea.or.kr/translatedbooks/28416,,번역서 1종 · 일본어 · 예: 黒山,포함
어느날 아침,Lee Jinhee,기타,,발표 시기 미상,https://library.ltikorea.or.kr/translatedbooks/26624,,번역서 1종 · 중국어(번체) · 예: 某天 早晨,포함
종료되었습니다,Park Haik,기타,,발표 시기 미상,https://library.ltikorea.or.kr/translatedbooks/26626,,번역서 1종 · 중국어(번체) · 예: 死者的審判,포함
새벽 세 시의 사자 한 마리,NAM Jin-woo,기타,,발표 시기 미상,https://library.ltikorea.or.kr/translatedbooks/26634,,번역서 1종 · 영어 · 예: A LION AT THREE IN THE MORNING,포함
낙조: 채만식 독본,Ch`ae Man-Sik,기타,,발표 시기 미상,https://library.ltikorea.or.kr/translatedbooks/26636,,번역서 1종 · 영어 · 예: Sunset,포함
시간의 쪽배 : 오세영 시집,Oh,시,,발표 시기 미상,https://library.ltikorea.or.kr/translatedbooks/26637,,"번역서 2종 · 중국어(간체), 일본어 · 예: 时光扁舟",포함
잃어버린 골목길,Kim Guseul,기타,,발표 시기 미상,https://library.ltikorea.or.kr/translatedbooks/28586,,번역서 1종 · 영어 · 예: Lost Alleys,포함
방경각외전,Pak Jiwon,기타,,발표 시기 미상,https://library.ltikorea.or.kr/translatedbooks/26638,,번역서 1종 · 프랑스어 · 예: La Remontrance du tigre,포함
황동규 시선집-삶을 살아낸다는 건,Hwang Tong-gyu,시,,발표 시기 미상,https://library.ltikorea.or.kr/translatedbooks/26639,,번역서 1종 · 몽골어 · 예: АМЬДАРНА ГЭДЭГ НЬ,포함
어떤 작위의 세계,Jung Young Moon,기타,,발표 시기 미상,https://library.ltikorea.or.kr/translatedbooks/26640,,"번역서 3종 · 프랑스어, 일본어, 영어 · 예: Un monde dénaturé",포함
"아, 입이 없는 것들",Lee Seong-Bok,기타,,발표 시기 미상,https://library.ltikorea.or.kr/translatedbooks/26643,,"번역서 2종 · 영어, 프랑스어 · 예: Ah, Mouthless Things",포함
말의 내공,윤나루,기타,,발표 시기 미상,https://library.ltikorea.or.kr/translatedbooks/28590,,번역서 1종 · 일본어 · 예: 世界の古典と賢者の知恵に学ぶ言葉の力,포함
구비문학개설,Jang Deoksoon,기타,,발표 시기 미상,https://library.ltikorea.or.kr/translatedbooks/26682,,번역서 1종 · 중국어(간체) · 예: 口碑文学概论,포함
행복한 사람은 시계를 보지 않는다,Eun Heekyung,기타,,발표 시기 미상,https://library.ltikorea.or.kr/translatedbooks/28575,,"번역서 4종 · 독일어, 영어, 중국어(간체), 우즈벡어 · 예: Wer glücklich ist, schaut nicht auf die Uhr",포함
승효상도큐먼트,Seung Hyo-Sang,기타,,발표 시기 미상,https://library.ltikorea.or.kr/translatedbooks/26623,,번역서 1종 · 중국어(간체) · 예: 承孝相建筑档案,포함
수박 수영장,bonsoir lune,기타,,발표 시기 미상,https://library.ltikorea.or.kr/translatedbooks/26595,,번역서 1종 · 일본어 · 예: すいかのプール,포함
뭐냐,KO UN,시,,발표 시기 미상,https://library.ltikorea.or.kr/translatedbooks/26606,,"번역서 5종 · 노르웨이어, 프랑스어, 영어, 그리스어, 독일어 · 예: Hva",포함
뜨거운 피,KIM UN-SU,기타,,발표 시기 미상,https://library.ltikorea.or.kr/translatedbooks/28565,,번역서 1종 · 프랑스어 · 예: Sang chaud,포함
아젤리아,Cheon Myeong-kwan,기타,,발표 시기 미상,https://library.ltikorea.or.kr/translatedbooks/26704,,번역서 1종 · 영어 · 예: AZALEA (Journal of Korean Literature & Culture),포함
벽공무한,Lee Hyoseok,기타,,발표 시기 미상,https://library.ltikorea.or.kr/translatedbooks/26705,,번역서 1종 · 영어 · 예: ENDLESS BLUE SKY,포함
한국의 문화유산,Choi Jung Ho,기타,,발표 시기 미상,https://library.ltikorea.or.kr/translatedbooks/26801,,번역서 1종 · 일본어 · 예: 韓国の文化遺産巡礼,포함
한 잔의 붉은 거울,Kim Hyesoon,기타,,발표 시기 미상,https://library.ltikorea.or.kr/translatedbooks/28626,,번역서 1종 · 영어 · 예: A Drink of Red Mirror,포함
해녀들,Heo Yeongseon,기타,,발표 시기 미상,https://library.ltikorea.or.kr/translatedbooks/28662,,번역서 1종 · 일본어 · 예: 海女たち―愛を抱かずしてどうして海に入られようか,포함
잽,KIM UN-SU,기타,,발표 시기 미상,https://library.ltikorea.or.kr/translatedbooks/26802,,번역서 1종 · 프랑스어 · 예: Jab !,포함
병 속의 바다,Choi Dong-Ho,기타,,발표 시기 미상,https://library.ltikorea.or.kr/translatedbooks/26812,,번역서 1종 · 러시아어 · 예: Море в бутылке,포함
늑대는 눈알부터 자란다,Kim Kyung Ju,기타,,발표 시기 미상,https://library.ltikorea.or.kr/translatedbooks/26813,,"번역서 2종 · 영어, 일본어 · 예: Bred from the Eyes of a Wolf",포함
곰팡이 꽃,Ha Seong-nan,단편소설,,발표 시기 미상,https://library.ltikorea.or.kr/translatedbooks/28665,,번역서 1종 · 영어 · 예: Flowers of Mold & Other Stories,포함
세계화 시대의 판소리와 창극,Choi Key Sook,기타,,발표 시기 미상,https://library.ltikorea.or.kr/translatedbooks/26866,,번역서 1종 · 프랑스어 · 예: Bonjour Pansori !,포함
오적,Kim Ji-ha,기타,,발표 시기 미상,https://library.ltikorea.or.kr/translatedbooks/26896,,번역서 1종 · 포르투갈어 · 예: Os cinco bandidos,포함
도둑을 잡아라,Park Jung Sub,기타,,발표 시기 미상,https://library.ltikorea.or.kr/translatedbooks/26902,,번역서 1종 · 중국어(간체) · 예: 一起抓小偷！,포함
엘리베이터에 낀 그 남자는 어떻게 되었나,Kim Young-ha,단편소설,,발표 시기 미상,https://library.ltikorea.or.kr/translatedbooks/28676,,번역서 1종 · 프랑스어 · 예: Qu'est devenu l'homme coincé dans l'ascenseur ? et autres nouvelles,포함
고래와 수증기,Kim Kyung Ju,기타,,발표 시기 미상,https://library.ltikorea.or.kr/translatedbooks/28597,,번역서 1종 · 영어 · 예: Whale and Vapor,포함
김현 시선,Kim Hyun,시,,발표 시기 미상,https://library.ltikorea.or.kr/translatedbooks/26711,,번역서 1종 · 영어 · 예: Poems by Kim Hyun,포함
안상학 시선,Ahn Sanghak,시,,발표 시기 미상,https://library.ltikorea.or.kr/translatedbooks/26712,,번역서 1종 · 영어 · 예: Poems by Ahn Sang-Hak,포함
문,Lee Ji Hyeon,기타,,발표 시기 미상,https://library.ltikorea.or.kr/translatedbooks/26728,,번역서 1종 · 이탈리아어 · 예: La Porta,포함
눈길,Yi Chong-Jun,기타,,발표 시기 미상,https://library.ltikorea.or.kr/translatedbooks/28611,,"번역서 2종 · 독일어, 프랑스어 · 예: Schneeweg",포함
기타 부기 셔플,Lee Jin,기타,,발표 시기 미상,https://library.ltikorea.or.kr/translatedbooks/28618,,번역서 1종 · 일본어 · 예: ギター・ブギー・シャッフル,포함
수치,Chon Su-chan,기타,,발표 시기 미상,https://library.ltikorea.or.kr/translatedbooks/26730,,번역서 1종 · 일본어 · 예: 羞恥,포함
비울수록 가득하네,Jeongmok,기타,,발표 시기 미상,https://library.ltikorea.or.kr/translatedbooks/26731,,번역서 1종 · 프랑스어 · 예: Chemins de méditation,포함
나는 빅또르 최다,Kang Byoung Yoong,기타,,발표 시기 미상,https://library.ltikorea.or.kr/translatedbooks/26739,,번역서 1종 · 러시아어 · 예: Я - Виктор Цой,포함
원미동 사람들,Yang Gui-ja,기타,,발표 시기 미상,https://library.ltikorea.or.kr/translatedbooks/26575,,"번역서 4종 · 일본어, 튀르키예어, 중국어(간체), 영어 · 예: ウォンミドンの人々",포함
달개비꽃 엄마,Han seung-won,기타,,발표 시기 미상,https://library.ltikorea.or.kr/translatedbooks/28550,,번역서 1종 · 일본어 · 예: 月光色のチマ,포함
"안녕, 주정뱅이",Kwon Yeo-sun,기타,,발표 시기 미상,https://library.ltikorea.or.kr/translatedbooks/26398,,번역서 1종 · 일본어 · 예: 春の宵,포함
고전읽기의 시간여행,Choi Key Sook,기타,,발표 시기 미상,https://library.ltikorea.or.kr/translatedbooks/26399,,번역서 1종 · 영어 · 예: CLASSIC KOREAN TALES with commentaries,포함
도화 아래 잠들다,Kang Unkyo,기타,,발표 시기 미상,https://library.ltikorea.or.kr/translatedbooks/26400,,번역서 1종 · 페르시아어 · 예: خواب زیر شکوفههای هلو,포함
"한국문화, 한눈에 보인다",Cho Dong-il,기타,,발표 시기 미상,https://library.ltikorea.or.kr/translatedbooks/28432,,번역서 1종 · 중국어(번체) · 예: 韓國文化巡禮,포함
소금,Kang Kyung-ae,기타,,발표 시기 미상,https://library.ltikorea.or.kr/translatedbooks/28433,,번역서 1종 · 아라비아어 · 예: ملح,포함
콤비,So Yun-Kyong,기타,,발표 시기 미상,https://library.ltikorea.or.kr/translatedbooks/26316,,번역서 1종 · 스페인어 · 예: Combi,포함
모르는 척 공주,Choi Sook Hee,기타,,발표 시기 미상,https://library.ltikorea.or.kr/translatedbooks/26308,,번역서 1종 · 베트남어 · 예: Nàng công chúa giả vờ không biết mọi chuyện,포함
너는 어떤 씨앗이니,Choi Sook Hee,기타,,발표 시기 미상,https://library.ltikorea.or.kr/translatedbooks/26309,,번역서 1종 · 베트남어 · 예: Con là hạt giống nào vậy nhỉ?,포함
귀신고래,Kim il kwang,기타,,발표 시기 미상,https://library.ltikorea.or.kr/translatedbooks/28437,,번역서 1종 · 스페인어 · 예: Ballena gris,포함
한국시선,Kang Unkyo,기타,,발표 시기 미상,https://library.ltikorea.or.kr/translatedbooks/28439,,번역서 1종 · 벵골어 · 예: কোরিয়ার কবিতা,포함
운현궁의 봄,Kim Dong-in,기타,,발표 시기 미상,https://library.ltikorea.or.kr/translatedbooks/26387,,"번역서 2종 · 일본어, 중국어(간체) · 예: 小説 大院君 雲峴宮の春",포함
전갈,Kim Won il,기타,,발표 시기 미상,https://library.ltikorea.or.kr/translatedbooks/26385,,번역서 1종 · 영어 · 예: The Scorpion,포함
섬,Chong Hyon-jong,시,,발표 시기 미상,https://library.ltikorea.or.kr/translatedbooks/28420,,번역서 1종 · 중국어(번체) · 예: 島: 收錄詩人畫作鄭玄宗詩選集,포함
한국문학단편선집,Kwon Yeo-sun,기타,,발표 시기 미상,https://library.ltikorea.or.kr/translatedbooks/26300,,번역서 1종 · 프랑스어 · 예: AMOURS FANTOMES,포함
광휘의 속삭임,Chong Hyon-Jong,기타,,발표 시기 미상,https://library.ltikorea.or.kr/translatedbooks/26301,,"번역서 2종 · 영어, 스페인어 · 예: Whisper of Splendor",포함
너는 기적이야,Choi Sook Hee,기타,,발표 시기 미상,https://library.ltikorea.or.kr/translatedbooks/26306,,번역서 1종 · 베트남어 · 예: Con chính là điều kì diệu,포함
엄마가 화났다,Choi Sook Hee,기타,,발표 시기 미상,https://library.ltikorea.or.kr/translatedbooks/26307,,번역서 1종 · 베트남어 · 예: Mẹ nổi giận,포함
백석전집,Baek Seok,시,,발표 시기 미상,https://library.ltikorea.or.kr/translatedbooks/26337,,번역서 1종 · 영어 · 예: Baek Seok: Poems of the North,포함
엄마의 말,Choi Sook Hee,기타,,발표 시기 미상,https://library.ltikorea.or.kr/translatedbooks/26310,,번역서 1종 · 베트남어 · 예: Những chú ngựa của mẹ,포함
한국의 여행문학,Kim Tae Joon,기타,,발표 시기 미상,https://library.ltikorea.or.kr/translatedbooks/26317,,번역서 1종 · 영어 · 예: Korean Travel Literature,포함
파란파도,Yoo Jun-Jae,기타,,발표 시기 미상,https://library.ltikorea.or.kr/translatedbooks/26339,,"번역서 2종 · 스페인어, 카탈로니아어 · 예: Ola Azul",포함
마당씨의 식탁,Hong Yeon-sik,기타,,발표 시기 미상,https://library.ltikorea.or.kr/translatedbooks/28426,,번역서 1종 · 영어 · 예: Umma's Table,포함
눈먼 자들의 국가,Kim Ae-ran,기타,,발표 시기 미상,https://library.ltikorea.or.kr/translatedbooks/26376,,번역서 1종 · 일본어 · 예: 目の眩んだ者たちの国家,포함
소수의견,Sohn Ah-ram,기타,,발표 시기 미상,https://library.ltikorea.or.kr/translatedbooks/26377,,번역서 1종 · 중국어(번체) · 예: 少數意見,포함
"안녕, 폴!",Sen U,기타,,발표 시기 미상,https://library.ltikorea.or.kr/translatedbooks/26499,,번역서 1종 · 중국어(번체) · 예: 你好，保羅,포함
누구게?,Choi Jung Sun,기타,,발표 시기 미상,https://library.ltikorea.or.kr/translatedbooks/26500,,번역서 1종 · 중국어(번체) · 예: 是誰呀？,포함
특별한 친구들,Kyung hyewon,기타,,발표 시기 미상,https://library.ltikorea.or.kr/translatedbooks/26501,,번역서 1종 · 중국어(번체) · 예: 特別的朋友們,포함
엘리베이터,Kyung hyewon,기타,,발표 시기 미상,https://library.ltikorea.or.kr/translatedbooks/26502,,번역서 1종 · 중국어(번체) · 예: 電梯,포함
소년을 위로해줘,Eun Heekyung,기타,,발표 시기 미상,https://library.ltikorea.or.kr/translatedbooks/26571,,"번역서 2종 · 프랑스어, 중국어(간체) · 예: ENCOURAGEZ DONC LES GARCONS",포함
두 여자 이야기,SONG ARAM,기타,,발표 시기 미상,https://library.ltikorea.or.kr/translatedbooks/26574,,번역서 1종 · 프랑스어 · 예: DEUX FEMMES,포함
나비잠,Kim Kyung Ju,기타,,발표 시기 미상,https://library.ltikorea.or.kr/translatedbooks/28493,,번역서 1종 · 영어 · 예: Butterfly Sleep,포함
한국문학사 개관,Serrano Pio,기타,,발표 시기 미상,https://library.ltikorea.or.kr/translatedbooks/26484,,번역서 1종 · 스페인어 · 예: Breve historia de la literatura coreana,포함
기억을 잇다,So Jaewon,기타,,발표 시기 미상,https://library.ltikorea.or.kr/translatedbooks/28507,,번역서 1종 · 중국어(번체) · 예: 因為是父親，所以,포함
한경지략,Yu Bon-ye,기타,,발표 시기 미상,https://library.ltikorea.or.kr/translatedbooks/26488,,번역서 1종 · 일본어 · 예: 漢京識略,포함
궁극의 아이,Jang Yong-min,기타,,발표 시기 미상,https://library.ltikorea.or.kr/translatedbooks/26405,,번역서 1종 · 프랑스어 · 예: L'ENFANT ULTIME,포함
고은 시선집,Ko Un,시,,발표 시기 미상,https://library.ltikorea.or.kr/translatedbooks/26449,,"번역서 2종 · 몽골어, 폴란드어 · 예: Алсад бэдрэх зам мөрийн дуулал",포함
달려라! 형진아,Bak Migyeong,기타,,발표 시기 미상,https://library.ltikorea.or.kr/translatedbooks/26468,,번역서 1종 · 일본어 · 예: 走れ、ヒョンジン!,포함
밤은 노래한다,Kim Yeonsu,기타,,발표 시기 미상,https://library.ltikorea.or.kr/translatedbooks/28441,,번역서 1종 · 일본어 · 예: 夜は歌う,포함
오빠가 돌아왔다,Kim Young-Ha,기타,,발표 시기 미상,https://library.ltikorea.or.kr/translatedbooks/26482,,번역서 1종 · 베트남어 · 예: ANH ĐÃ TRỞ VỀ,포함
등대,Lim Chulwoo,기타,,발표 시기 미상,https://library.ltikorea.or.kr/translatedbooks/26479,,"번역서 2종 · 독일어, 프랑스어 · 예: Das Viertel der Clowns",포함
한국문학선집 1권,Lee Injik,기타,,발표 시기 미상,https://library.ltikorea.or.kr/translatedbooks/28446,,번역서 1종 · 베트남어 · 예: Hợp Tuyển Văn Học Hàn Quốc - Tập 1,포함
조선의 신선과 귀신 이야기,Im Pang,기타,,발표 시기 미상,https://library.ltikorea.or.kr/translatedbooks/26493,,번역서 1종 · 체코어 · 예: Zápisky za hranicí uvěřitelného,포함
아오이 가든,PYUN HYE YOUNG,기타,,발표 시기 미상,https://library.ltikorea.or.kr/translatedbooks/26485,,"번역서 3종 · 프랑스어, 일본어 · 예: LA FORÊT DE L’OUEST",포함
내 혀가 입 속에 갇혀 있길 거부한다면,Kim Sun-woo,기타,,발표 시기 미상,https://library.ltikorea.or.kr/translatedbooks/26486,,번역서 1종 · 영어 · 예: If my tongue refuses to remain in my mouth,포함
칼날과 햇살,Kim Yong-Man,기타,,발표 시기 미상,https://library.ltikorea.or.kr/translatedbooks/26487,,번역서 1종 · 일본어 · 예: やいばと陽射し,포함
문예 2019 秋,Lee Lang,기타,,발표 시기 미상,https://library.ltikorea.or.kr/translatedbooks/27685,,번역서 1종 · 일본어 · 예: 文藝 2019 秋,포함
내가 사랑하는 사람,Jeong Ho-seung,기타,,발표 시기 미상,https://library.ltikorea.or.kr/translatedbooks/27689,,번역서 1종 · 몽골어 · 예: Тийм л хүнд би хайртай,포함
구자쿠센 (孔雀船),Han Sungrye,기타,,발표 시기 미상,https://library.ltikorea.or.kr/translatedbooks/50694,,번역서 1종 · 일본어 · 예: 孔雀船,포함
아름다운 한국의 현대시들,,기타,,발표 시기 미상,https://library.ltikorea.or.kr/translatedbooks/50734,,번역서 1종 · 베트남어 · 예: NHỮNG BÀI THƠ HAY CỦA VĂN HỌC HIỆN ĐẠI HÀN QUỐC,포함
詩マガジン,Jeong Ho-seung,기타,,발표 시기 미상,https://library.ltikorea.or.kr/translatedbooks/50735,,번역서 1종 · 일본어 · 예: PO,포함
詩マガジン,Mah Chonggi,기타,,발표 시기 미상,https://library.ltikorea.or.kr/translatedbooks/50740,,번역서 1종 · 이탈리아어 · 예: PO,포함
詩マガジン,Choi Dong-Ho,기타,,발표 시기 미상,https://library.ltikorea.or.kr/translatedbooks/50741,,번역서 1종 · 일본어 · 예: PO,포함
詩マガジン,Song Jaehak,기타,,발표 시기 미상,https://library.ltikorea.or.kr/translatedbooks/50742,,번역서 1종 · 일본어 · 예: PO,포함
季刊詩誌 舟 137号,Jeong Jinju,기타,,발표 시기 미상,https://library.ltikorea.or.kr/translatedbooks/50743,,번역서 1종 · 일본어 · 예: 舟,포함
"季刊詩誌 舟 138号, 舟138, 舟 138",Kim MyungIn,기타,,발표 시기 미상,https://library.ltikorea.or.kr/translatedbooks/50744,,번역서 1종 · 일본어 · 예: 舟,포함
"季刊詩誌 舟 139号, 舟 139, 舟139, 舟 : 2010",Park Jutaek,기타,,발표 시기 미상,https://library.ltikorea.or.kr/translatedbooks/50745,,번역서 1종 · 일본어 · 예: 舟,포함
季刊詩誌 舟 140号,Yoo An-Jin,기타,,발표 시기 미상,https://library.ltikorea.or.kr/translatedbooks/50746,,번역서 1종 · 일본어 · 예: 舟,포함
"季刊詩誌 舟 141号, 舟141, 舟 141, 舟 : 2010",,기타,,발표 시기 미상,https://library.ltikorea.or.kr/translatedbooks/50747,,번역서 1종 · 일본어 · 예: 舟,포함
"季刊詩誌 舟 142号, 舟 : 2011, 舟142, 舟 142",,기타,,발표 시기 미상,https://library.ltikorea.or.kr/translatedbooks/50748,,번역서 1종 · 일본어 · 예: 舟,포함
김서방,Wagner Ellasue Canter,단편소설,,발표 시기 미상,https://library.ltikorea.or.kr/translatedbooks/50749,,번역서 1종 · 영어 · 예: Kim Su Bang and Other Stories of Korea,포함
난규(蘭閨): 한국고전시선집,,시,,발표 시기 미상,https://library.ltikorea.or.kr/translatedbooks/50751,,번역서 1종 · 영어 · 예: The Orchid Door,포함
왕오천축국전,혜초,기타,,발표 시기 미상,https://library.ltikorea.or.kr/translatedbooks/50753,,번역서 1종 · 독일어 · 예: Huei-ch'ao's Pilgerreise durch Nordwest-Indien u. Zentral-Asien um 726,포함
안개속의 얼굴,,기타,,발표 시기 미상,https://library.ltikorea.or.kr/translatedbooks/50755,,번역서 1종 · 영어 · 예: THE FACE IN THE MIST,포함
오늘의 한국 문학,Kim Kwangsub,기타,,발표 시기 미상,https://library.ltikorea.or.kr/translatedbooks/50693,,"번역서 1종 · 영어 · 예: Korean Literature Today Volume 5, No 1, Spring, 2000",포함
오늘의 한국 문학,KIM CHONG-SAM,기타,,발표 시기 미상,https://library.ltikorea.or.kr/translatedbooks/50692,,"번역서 1종 · 영어 · 예: Korean Literature Today Volume 4, No 4, Winter, 1999",포함
詩と創造,Jeong Ho-seung,시,,발표 시기 미상,https://library.ltikorea.or.kr/translatedbooks/50713,,번역서 9종 · 일본어 · 예: 詩と創造 Vol.56,포함
詩と創造,Kim Jongtae,시,,발표 시기 미상,https://library.ltikorea.or.kr/translatedbooks/50714,,번역서 1종 · 일본어 · 예: 詩と創造 Vol.54,포함
詩と創造,Yoon Seoksan,시,,발표 시기 미상,https://library.ltikorea.or.kr/translatedbooks/50719,,번역서 1종 · 일본어 · 예: 詩と創造 Vol.41,포함
詩と創造,Kwang-lim Kim,시,,발표 시기 미상,https://library.ltikorea.or.kr/translatedbooks/50720,,번역서 1종 · 일본어 · 예: 詩と創造 Vol.40,포함
詩と創造,Jeon Mihye,시,,발표 시기 미상,https://library.ltikorea.or.kr/translatedbooks/50721,,번역서 1종 · 일본어 · 예: 詩と創造 Vol.37,포함
한국고전동화집,,동화,,발표 시기 미상,https://library.ltikorea.or.kr/translatedbooks/50726,,번역서 1종 · 영어 · 예: Fairy Tales of Old Korea,포함
청구잡기,Abe,기타,,발표 시기 미상,https://library.ltikorea.or.kr/translatedbooks/50728,,번역서 1종 · 일본어 · 예: 靑丘雜記,포함
왕오천축국전,Hye cho,기타,,발표 시기 미상,https://library.ltikorea.or.kr/translatedbooks/50729,,번역서 1종 · 독일어 · 예: Huei-chào's Pilgerreise durch Nordwest-Indien und Zentral-Asien um 726,포함
산대도감극,Choe Hae-chun,기타,,발표 시기 미상,https://library.ltikorea.or.kr/translatedbooks/50730,,번역서 1종 · 영어 · 예: SANDAE,포함
石炭袋,Ko Hyeong-ryeol,기타,,발표 시기 미상,https://library.ltikorea.or.kr/translatedbooks/50687,,번역서 1종 · 일본어 · 예: COAL SACK,포함
스바루 : 1994년 3월호(가제),Kim Hyesoon,기타,,발표 시기 미상,https://library.ltikorea.or.kr/translatedbooks/50689,,번역서 1종 · 일본어 · 예: すばる,포함
오늘의 한국 문학,Mun Dok-su,기타,,발표 시기 미상,https://library.ltikorea.or.kr/translatedbooks/50690,,"번역서 2종 · 영어 · 예: Korean Literature Today Volume No 3, Winter, 1996",포함
한국동화집,,동화,,발표 시기 미상,https://library.ltikorea.or.kr/translatedbooks/50756,,"번역서 3종 · 영어, 체코어, 러시아어 · 예: Korean Fairy Tales",포함
한국 전래 동화,Karandashi,동화,,발표 시기 미상,https://library.ltikorea.or.kr/translatedbooks/50757,,번역서 2종 · 러시아어 · 예: Корейских Народных Сказок\,포함
땅,Lee Giyong,기타,,발표 시기 미상,https://library.ltikorea.or.kr/translatedbooks/50784,,번역서 1종 · 러시아어 · 예: Земля,포함
한 여성의 운명,Yi Ki-yong,기타,,발표 시기 미상,https://library.ltikorea.or.kr/translatedbooks/50785,,번역서 1종 · 러시아어 · 예: Судьба одной женщины,포함
조선인민의 천리마,Lee Giyong,기타,,발표 시기 미상,https://library.ltikorea.or.kr/translatedbooks/50786,,번역서 1종 · 러시아어 · 예: Ченлима корейского народ,포함
은방울,Lee Dongrae,기타,,발표 시기 미상,https://library.ltikorea.or.kr/translatedbooks/50787,,번역서 1종 · 러시아어 · 예: Серебряный колокольчик,포함
영원한 동행자,Myon Dong Uk,기타,,발표 시기 미상,https://library.ltikorea.or.kr/translatedbooks/50788,,번역서 1종 · 러시아어 · 예: Вечный спутни,포함
력사의 전환에서,,기타,,발표 시기 미상,https://library.ltikorea.or.kr/translatedbooks/50789,,번역서 1종 · 러시아어 · 예: На повороте истории,포함
현대동양선집,,기타,,발표 시기 미상,https://library.ltikorea.or.kr/translatedbooks/50790,,번역서 1종 · 러시아어 · 예: Современная восточная новелла,포함
20세기 후반 한국시,,기타,,발표 시기 미상,https://library.ltikorea.or.kr/translatedbooks/50791,,번역서 1종 · 러시아어 · 예: Поэзия Республики Корея во второй половине XX века,포함
상급전화수,Bak Unggeol,기타,,발표 시기 미상,https://library.ltikorea.or.kr/translatedbooks/50792,,번역서 1종 · 러시아어 · 예: Телефонист,포함
조국,Bak Unggeol,기타,,발표 시기 미상,https://library.ltikorea.or.kr/translatedbooks/50793,,번역서 1종 · 러시아어 · 예: Отечество,포함
호수 위의 노래 : 중세한국서정시선,Alexander Zhovtis,기타,,발표 시기 미상,https://library.ltikorea.or.kr/translatedbooks/50794,,번역서 1종 · 러시아어 · 예: Песня над озером,포함
조선 영웅들의 단편집,,단편소설,,발표 시기 미상,https://library.ltikorea.or.kr/translatedbooks/50795,,번역서 1종 · 러시아어 · 예: Рассказы героев Кореи,포함
가장 사랑하는 : 조선에서의 중국인민지원병들에 대한 중국 작가들의 단편소설과 오페르크,,단편소설,,발표 시기 미상,https://library.ltikorea.or.kr/translatedbooks/50796,,번역서 1종 · 러시아어 · 예: Самые любимые,포함
나의 조선,Seo Manil,기타,,발표 시기 미상,https://library.ltikorea.or.kr/translatedbooks/50797,,번역서 1종 · 러시아어 · 예: Моя Корея,포함
현대 조선 시선,Baek Injung,기타,,발표 시기 미상,https://library.ltikorea.or.kr/translatedbooks/50798,,번역서 1종 · 러시아어 · 예: Современная корейская поэзия,포함
한국현대 대표시선,,기타,,발표 시기 미상,https://library.ltikorea.or.kr/translatedbooks/50799,,번역서 1종 · 러시아어 · 예: Современная корейская поэзия,포함
강화도,Song Yong,기타,,발표 시기 미상,https://library.ltikorea.or.kr/translatedbooks/50800,,번역서 1종 · 러시아어 · 예: Остров Канхвадо,포함
쌍천기봉 (雙釧奇逢),,기타,,발표 시기 미상,https://library.ltikorea.or.kr/translatedbooks/50801,,번역서 1종 · 러시아어 · 예: Ссянъчхон кыйбонъ,포함
외국문학지 2010.03,Jeong Ho-seung,기타,,발표 시기 미상,https://library.ltikorea.or.kr/translatedbooks/50802,,번역서 1종 · 러시아어 · 예: Иностранная литература 2010.03,포함
낙동강,Cho Myung-hee,기타,,발표 시기 미상,https://library.ltikorea.or.kr/translatedbooks/50803,,번역서 1종 · 러시아어 · 예: Нактонган,포함
조선 시조,,시조,,발표 시기 미상,https://library.ltikorea.or.kr/translatedbooks/50783,,번역서 1종 · 러시아어 · 예: Корейские шестистишия,포함
중세 문헌 한국 설화,Yi Kyu-bo,소설,,발표 시기 미상,https://library.ltikorea.or.kr/translatedbooks/50782,,번역서 1종 · 러시아어 · 예: Корейские предания и легенды из средневековых книг,포함
朝鮮民俗誌,Akiba,기타,,발표 시기 미상,https://library.ltikorea.or.kr/translatedbooks/50762,,번역서 1종 · 일본어 · 예: 朝鮮民俗誌,포함
詩と創造,Cho Ohyun,시,,발표 시기 미상,https://library.ltikorea.or.kr/translatedbooks/50763,,번역서 1종 · 일본어 · 예: 詩と創造 Vol.69,포함
詩と創造,Choi Seung-Ho,시,,발표 시기 미상,https://library.ltikorea.or.kr/translatedbooks/50765,,번역서 1종 · 일본어 · 예: 詩と創造 Vol.71,포함
詩と創造,Ha Jongo,시,,발표 시기 미상,https://library.ltikorea.or.kr/translatedbooks/50766,,번역서 1종 · 일본어 · 예: 詩と創造 Vol.70,포함
영화와 문학,Park Yuhee,기타,,발표 시기 미상,https://library.ltikorea.or.kr/translatedbooks/50767,,번역서 1종 · 영어 · 예: Literature on Screen,포함
영화와 근대화,Park Sun-Young,기타,,발표 시기 미상,https://library.ltikorea.or.kr/translatedbooks/50768,,번역서 1종 · 영어 · 예: MODERNIZATION on SCREEN,포함
한국중세소설,eliСeevА d. d.,소설,,발표 시기 미상,https://library.ltikorea.or.kr/translatedbooks/50769,,번역서 1종 · 러시아어 · 예: Новелла корейского средневековья,포함
동양의 고전 시집,Akhmatova,시,,발표 시기 미상,https://library.ltikorea.or.kr/translatedbooks/50770,,번역서 1종 · 러시아어 · 예: Классическая поэзия Востока,포함
초원에서 진달래 꽃: 카자흐스탄 고려 시인들,,기타,,발표 시기 미상,https://library.ltikorea.or.kr/translatedbooks/50771,,번역서 1종 · 러시아어 · 예: Багульник в степи,포함
동방시가번역,Yi Jungbo,기타,,발표 시기 미상,https://library.ltikorea.or.kr/translatedbooks/50777,,번역서 1종 · 러시아어 · 예: Отражения,포함
20세기 한국의 시,갈키나,기타,,발표 시기 미상,https://library.ltikorea.or.kr/translatedbooks/50772,,번역서 1종 · 러시아어 · 예: Корейская поэзия 20-х годов XX века,포함
아시아 별들 밑에,,기타,,발표 시기 미상,https://library.ltikorea.or.kr/translatedbooks/50773,,번역서 1종 · 러시아어 · 예: Под звездами Азии,포함
조선에 대한 시집,,시,,발표 시기 미상,https://library.ltikorea.or.kr/translatedbooks/50774,,번역서 1종 · 러시아어 · 예: Стихи о Корее,포함
정복하지 않은 조선: 조선 시인들의 시와 서정시,,시,,발표 시기 미상,https://library.ltikorea.or.kr/translatedbooks/50775,,번역서 1종 · 러시아어 · 예: Непокоренная Корея,포함
한국 시집,,시,,발표 시기 미상,https://library.ltikorea.or.kr/translatedbooks/50776,,번역서 1종 · 러시아어 · 예: Девушка с моря,포함
메아리: 운문적번역선집,,기타,,발표 시기 미상,https://library.ltikorea.or.kr/translatedbooks/50778,,번역서 1종 · 러시아어 · 예: Эхо,포함
길위에서,Gang Taesu,기타,,발표 시기 미상,https://library.ltikorea.or.kr/translatedbooks/50779,,번역서 1종 · 러시아어 · 예: В дороге,포함
푸른산,Kim Sakkat,기타,,발표 시기 미상,https://library.ltikorea.or.kr/translatedbooks/50780,,번역서 1종 · 러시아어 · 예: Зеленые горы,포함
춘향전,Kim Sunggu,기타,,발표 시기 미상,https://library.ltikorea.or.kr/translatedbooks/50781,,번역서 1종 · 러시아어 · 예: Чхунхян,포함
한국 중세 소설집,Yu Mongin,단편소설,,발표 시기 미상,https://library.ltikorea.or.kr/translatedbooks/50589,,번역서 1종 · 러시아어 · 예: Записки о добрых деяниях и благородных сердцах,포함
옥루몽,Nam Yeongro,기타,,발표 시기 미상,https://library.ltikorea.or.kr/translatedbooks/50590,,번역서 1종 · 러시아어 · 예: Сон в Нефритовом павильоне,포함
동양문학선,Yun Son-do,기타,,발표 시기 미상,https://library.ltikorea.or.kr/translatedbooks/50602,,번역서 1종 · 러시아어 · 예: Восточный альманах,포함
동양 문학선 3: 최치원 시선집,Ch'oe Ch'i-won,시,,발표 시기 미상,https://library.ltikorea.or.kr/translatedbooks/50604,,번역서 1종 · 러시아어 · 예: ИСКРЫ ПЛАМЕНИ Востоуный альманах,포함
쓸쓸하지 않은 사람들,Kim Yang-shik,기타,,발표 시기 미상,https://library.ltikorea.or.kr/translatedbooks/50627,,번역서 1종 · 스웨덴어 · 예: De är aldrig ensamma och andra dikter,포함
당신들의 천국,Yi Chong-Jun,기타,,발표 시기 미상,https://library.ltikorea.or.kr/translatedbooks/50631,,"번역서 5종 · 우르두어, 중국어(간체), 프랑스어, 영어, 스페인어 · 예: YOUR PARADISE",포함
금시조: 한국현대중편소설선,Yi Mun-Yol,소설,,발표 시기 미상,https://library.ltikorea.or.kr/translatedbooks/50632,,"번역서 2종 · 우르두어, 영어 · 예: SUNEHRI QAQNAS",포함
랍스터를 먹는 시간,Bang Hyun-seok,기타,,발표 시기 미상,https://library.ltikorea.or.kr/translatedbooks/50643,,"번역서 2종 · 베트남어, 영어 · 예: Thời Gian Ăn Tôm Hùm",포함
저녁의 게임,OH JUNGHEE,기타,,발표 시기 미상,https://library.ltikorea.or.kr/translatedbooks/50649,,번역서 1종 · 베트남어 · 예: VÁN BÁI LÚC HOÀNH HÔN,포함
상록수,SHIM HUN,기타,,발표 시기 미상,https://library.ltikorea.or.kr/translatedbooks/50650,,번역서 1종 · 베트남어 · 예: Cây thường xanh,포함
한국서정시선: 8-19세기,Shinchang,기타,,발표 시기 미상,https://library.ltikorea.or.kr/translatedbooks/50594,,번역서 1종 · 러시아어 · 예: Бамбук в снегу. Корейская лирика VIII-XIX веков,포함
만세전,Yom Sang-Seop,기타,,발표 시기 미상,https://library.ltikorea.or.kr/translatedbooks/50652,,번역서 1종 · 베트남어 · 예: TRU'Ó'C PHONG TRÀO MANSE,포함
18-19세기 중세소설: 춘향전,Kim Man Jung,소설,,발표 시기 미상,https://library.ltikorea.or.kr/translatedbooks/50580,,번역서 1종 · 러시아어 · 예: История о верности Чхун Хян. Средневековые корейские повести.,포함
오늘도 행복합니다,Lee Jiseon,기타,,발표 시기 미상,https://library.ltikorea.or.kr/translatedbooks/50493,,번역서 1종 · 일본어 · 예: きょうも幸せです,포함
한국소화집,Yi Ju-hong,기타,,발표 시기 미상,https://library.ltikorea.or.kr/translatedbooks/50497,,번역서 1종 · 일본어 · 예: 韓国笑話集,포함
시조선,,시조,,발표 시기 미상,https://library.ltikorea.or.kr/translatedbooks/50502,,번역서 1종 · 일본어 · 예: 時調抄譯,포함
한국의 고시조,,시조,,발표 시기 미상,https://library.ltikorea.or.kr/translatedbooks/50511,,번역서 1종 · 일본어 · 예: 韓国の古時調,포함
한국현대시선,HAN Yong-un,기타,,발표 시기 미상,https://library.ltikorea.or.kr/translatedbooks/50530,,번역서 1종 · 포르투갈어 · 예: O Pássaro Que Comeu O Sol,포함
한국고전문학전집,Heo Kyun,기타,,발표 시기 미상,https://library.ltikorea.or.kr/translatedbooks/50513,,번역서 1종 · 일본어 · 예: 韓国古典文学全集,포함
윤전(輪轉),I Jeongsu,기타,,발표 시기 미상,https://library.ltikorea.or.kr/translatedbooks/50515,,번역서 1종 · 일본어 · 예: 京城かちソウルヘ,포함
"한국현대대표시선, Major Works of Modern Korean Poetry",Kim Kwangsub,기타,,발표 시기 미상,https://library.ltikorea.or.kr/translatedbooks/50555,,번역서 1종 · 러시아어 · 예: Современная корейская поэзия,포함
(역사소설) 설죽화,Im Wangseong,소설,,발표 시기 미상,https://library.ltikorea.or.kr/translatedbooks/50520,,번역서 1종 · 일본어 · 예: (歷史小說) 雪竹花,포함
김사량전집,Kim Sa-ryang,기타,,발표 시기 미상,https://library.ltikorea.or.kr/translatedbooks/50521,,번역서 1종 · 일본어 · 예: 金史良全集,포함
산골나그네: 전전한국단편선집,Kim Yujung,기타,,발표 시기 미상,https://library.ltikorea.or.kr/translatedbooks/50523,,번역서 1종 · 말레이어 · 예: Tamu Desa Terpencil,포함
조기천 시선집,Jo Gicheon,시,,발표 시기 미상,https://library.ltikorea.or.kr/translatedbooks/50550,,번역서 1종 · 러시아어 · 예: Те Ги Чен Избранное,포함
한국현대소설선,Yi Mun-yol,소설,,발표 시기 미상,https://library.ltikorea.or.kr/translatedbooks/50566,,번역서 1종 · 러시아어 · 예: ЗОПОТАЯ ПТИЦА ГАУДА,포함
한국단편소설선,Na Do-hyang,단편소설,,발표 시기 미상,https://library.ltikorea.or.kr/translatedbooks/50567,,번역서 1종 · 러시아어 · 예: Жили такие люди,포함
한국현대시모음,Kim Chunsu,시,,발표 시기 미상,https://library.ltikorea.or.kr/translatedbooks/50658,,번역서 1종 · 영어 · 예: Anthology of contemporary Korean poetry 1,포함
6인 시선,Kim Hae-Sook,기타,,발표 시기 미상,https://library.ltikorea.or.kr/translatedbooks/50659,,번역서 1종 · 영어 · 예: Six voices,포함
구자쿠센 (孔雀船),Shin Hyunrim,기타,,발표 시기 미상,https://library.ltikorea.or.kr/translatedbooks/50695,,번역서 1종 · 일본어 · 예: 孔雀船,포함
오늘의 한국 문학,Heo Youngja,기타,,발표 시기 미상,https://library.ltikorea.or.kr/translatedbooks/50696,,"번역서 1종 · 영어 · 예: Korean Literature Today Volume 9, No 2, Fall-Winter, 2004",포함
詩と創造,Yi Won,시,,발표 시기 미상,https://library.ltikorea.or.kr/translatedbooks/50697,,번역서 1종 · 일본어 · 예: 詩と創造 Vol.38,포함
시마네에에서의 한일문학심포지움 95,Hong Jungsun,기타,,발표 시기 미상,https://library.ltikorea.or.kr/translatedbooks/50698,,번역서 1종 · 일본어 · 예: 日韓文学シンポジウム '95 in 島根,포함
아오모리에서의 한일문학심포지움,Hwang Ji-U,기타,,발표 시기 미상,https://library.ltikorea.or.kr/translatedbooks/50699,,번역서 1종 · 일본어 · 예: 日韓文学シンポジウム in 靑森,포함
시와 사상,Ku Sang,시,,발표 시기 미상,https://library.ltikorea.or.kr/translatedbooks/50700,,번역서 1종 · 일본어 · 예: 詩と思想 1997年 4月号,포함
시와 사상,Kim Jong-hae,시,,발표 시기 미상,https://library.ltikorea.or.kr/translatedbooks/50701,,번역서 1종 · 일본어 · 예: 詩と思想 2006年 7月号,포함
詩と創造,Moon-jae Lee,시,,발표 시기 미상,https://library.ltikorea.or.kr/translatedbooks/50702,,번역서 1종 · 일본어 · 예: 詩と創造 Vol.46,포함
詩と創造,Yu Hongjun,시,,발표 시기 미상,https://library.ltikorea.or.kr/translatedbooks/50703,,번역서 1종 · 일본어 · 예: 詩と創造 Vol.44,포함
詩と創造,Lee Youngsoo,시,,발표 시기 미상,https://library.ltikorea.or.kr/translatedbooks/50704,,번역서 1종 · 일본어 · 예: 詩と創造 Vol.43,포함
시와 사상,Kim Eungkyo,시,,발표 시기 미상,https://library.ltikorea.or.kr/translatedbooks/50705,,번역서 1종 · 일본어 · 예: 詩と思想 2002年 9月号,포함
시와 창조,Kim Ki-taek,시,,발표 시기 미상,https://library.ltikorea.or.kr/translatedbooks/50706,,번역서 1종 · 일본어 · 예: 詩と創造 Vol.48,포함
詩と創造,Kwak Moonhwan,시,,발표 시기 미상,https://library.ltikorea.or.kr/translatedbooks/50707,,번역서 1종 · 일본어 · 예: 詩と創造 Vol.39,포함
한국현대단편소설선 2,Yang Gui-ja,단편소설,,발표 시기 미상,https://library.ltikorea.or.kr/translatedbooks/50661,,번역서 1종 · 체코어 · 예: Ukradené jméno,포함
세계인을 위한 한국음식,Korea Food Foundation,기타,,발표 시기 미상,https://library.ltikorea.or.kr/translatedbooks/50663,,번역서 1종 · 이탈리아어 · 예: LA CUCINA COREANA PER I CITTADINI DEL MONDO,포함
"빨간 자전거 , 황토빛 이야기",Kim Dong Hwa,기타,,발표 시기 미상,https://library.ltikorea.or.kr/translatedbooks/50664,,번역서 1종 · 체코어 · 예: Červený bicykl / Vyprávění o žluté zemi,포함
"푸른 실크, Iran Korea Cultural Studies International Quarterly",Pooneh Nedai,기타,,발표 시기 미상,https://library.ltikorea.or.kr/translatedbooks/50665,,번역서 1종 · 페르시아어 · 예: The Blue Silk,포함
시와 사상,Kim Daljin,시,,발표 시기 미상,https://library.ltikorea.or.kr/translatedbooks/50666,,번역서 1종 · 일본어 · 예: 詩と思想,포함
우리가 정말 알아야 할 우리 옛이야기 100가지 1,Seo Jeong Oh,소설,,발표 시기 미상,https://library.ltikorea.or.kr/translatedbooks/50667,,번역서 1종 · 베트남어 · 예: 100 chuyện ngày xủa ₫ặc sắc Hàn Quốc,포함
김문학의 한국인 중국인 일본인,Kim Munhak,기타,,발표 시기 미상,https://library.ltikorea.or.kr/translatedbooks/50668,,번역서 1종 · 폴란드어 · 예: Koreańczycy Chińczycy Japończycy,포함
스바루 : 1993년 4월호(가제),Hwang Ji-U,기타,,발표 시기 미상,https://library.ltikorea.or.kr/translatedbooks/50676,,번역서 1종 · 일본어 · 예: すばる,포함
石炭袋,Jo Namcheol,기타,,발표 시기 미상,https://library.ltikorea.or.kr/translatedbooks/50678,,번역서 1종 · 일본어 · 예: COAL SACK,포함
石炭袋,Han Sungrye,기타,,발표 시기 미상,https://library.ltikorea.or.kr/translatedbooks/50679,,번역서 1종 · 일본어 · 예: COAL SACK,포함
삼팔선 이남에서,Tae Jangjun,기타,,발표 시기 미상,https://library.ltikorea.or.kr/translatedbooks/50804,,번역서 1종 · 러시아어 · 예: Южнее 38-й параллели,포함
최서해 단편선,Han Seolya,기타,,발표 시기 미상,https://library.ltikorea.or.kr/translatedbooks/50805,,번역서 1종 · 러시아어 · 예: Сборник рассказов,포함
백두대간,Kim Junghyun,기타,,발표 시기 미상,https://library.ltikorea.or.kr/translatedbooks/10628,,번역서 1종 · 중국어(간체) · 예: 白頭大幹,포함
할머니의 빨간 비단 치마,Kim Yeonga,기타,,발표 시기 미상,https://library.ltikorea.or.kr/translatedbooks/50916,,번역서 2종 · 포르투갈어 · 예: A Saia da Vovó,포함
당신도，그림처럼,Lee Jooeun,기타,,발표 시기 미상,https://library.ltikorea.or.kr/translatedbooks/50918,,번역서 3종 · 중국어(간체) · 예: 人生不是单程旅行,포함
신의 죽음,Kim Jin-myung,기타,,발표 시기 미상,https://library.ltikorea.or.kr/translatedbooks/50923,,번역서 1종 · 일본어 · 예: 中国が北朝鮮を呑みこむ日,포함
"나, 황진이 (1)",Kim Takhwan,기타,,발표 시기 미상,https://library.ltikorea.or.kr/translatedbooks/50924,,번역서 2종 · 일본어 · 예: ファン・ジニ (1),포함
서울의 황혼,Kim Sungjong,기타,,발표 시기 미상,https://library.ltikorea.or.kr/translatedbooks/50926,,번역서 2종 · 일본어 · 예: ソウル,포함
백야 3.98,Han Taehun,기타,,발표 시기 미상,https://library.ltikorea.or.kr/translatedbooks/50927,,번역서 3종 · 일본어 · 예: 白夜 (上),포함
등대지기,Cho Chang-in,기타,,발표 시기 미상,https://library.ltikorea.or.kr/translatedbooks/50928,,번역서 3종 · 일본어 · 예: グミョンの灯が消えるとき,포함
안토니오코레아,O Sae-young,기타,,발표 시기 미상,https://library.ltikorea.or.kr/translatedbooks/50929,,번역서 1종 · 일본어 · 예: アントニオ・コレア,포함
한국 미스터리 : 한국추리소설걸작선,Kim Sungjong,소설,,발표 시기 미상,https://library.ltikorea.or.kr/translatedbooks/50930,,번역서 1종 · 일본어 · 예: コリアン・ミステリ,포함
푸른 수염의 첫 번째 아내,Ha Seong-nan,기타,,발표 시기 미상,https://library.ltikorea.or.kr/translatedbooks/28771,,번역서 1종 · 영어 · 예: Bluebeard's First Wife,포함
도깨비가 내기를 걸면,Kim Kyoung Hwa,기타,,발표 시기 미상,https://library.ltikorea.or.kr/translatedbooks/50915,,번역서 2종 · 포르투갈어 · 예: Apostando com o Monstro,포함
소중한 내 몸을 위해 꼭꼭 약속해,Bak Eungyeong,기타,,발표 시기 미상,https://library.ltikorea.or.kr/translatedbooks/50897,,번역서 1종 · 중국어(간체) · 예: 勇敢说出我不要,포함
15소년 어드벤처 2: 리더십 탄생기,Choi Dukhee,기타,,발표 시기 미상,https://library.ltikorea.or.kr/translatedbooks/50898,,번역서 2종 · 중국어(간체) · 예: 冒险五人组 第2集：救援队在行动,포함
장하다 똥구리!,I Hyeonsuk,기타,,발표 시기 미상,https://library.ltikorea.or.kr/translatedbooks/50899,,번역서 2종 · 중국어(간체) · 예: 金龟子，我为你骄傲,포함
깨끗한 손 깨끗한 이,Yu Yeong So,기타,,발표 시기 미상,https://library.ltikorea.or.kr/translatedbooks/50900,,번역서 1종 · 중국어(간체) · 예: 动物吃些什么呢?,포함
반짝반짝 반딧불이,Lee Miae,기타,,발표 시기 미상,https://library.ltikorea.or.kr/translatedbooks/50901,,번역서 1종 · 중국어(간체) · 예: 仲夏夜的萤火虫,포함
주변인의 초상,Choi Seung-ja,기타,,발표 시기 미상,https://library.ltikorea.or.kr/translatedbooks/50904,,번역서 1종 · 영어 · 예: Portrait of a Suburbanite,포함
풀밭 위의 돼지,Kim Taeyong,기타,,발표 시기 미상,https://library.ltikorea.or.kr/translatedbooks/28698,,번역서 1종 · 프랑스어 · 예: Cochon sur gazon,포함
조선 후기 성 소화선집,,기타,,발표 시기 미상,https://library.ltikorea.or.kr/translatedbooks/50908,,번역서 1종 · 프랑스어 · 예: La Porte des secrets,포함
한국현대단편소설집,KIM Ae-ran,단편소설,,발표 시기 미상,https://library.ltikorea.or.kr/translatedbooks/50911,,"번역서 1종 · 프랑스어 · 예: séoul, vite, vite!",포함
새가 날아드는 풍경,Ha Eunsun,기타,,발표 시기 미상,https://library.ltikorea.or.kr/translatedbooks/50912,,번역서 1종 · 포르투갈어 · 예: Paisagem de Pássaros,포함
한국문학선집,Eun Heekyung,기타,,발표 시기 미상,https://library.ltikorea.or.kr/translatedbooks/28703,,번역서 1종 · 태국어 · 예: สตรีผู้มีอาชีพเลี้ยงลูก,포함
지하철은 달려온다,Shin Dong-Jun,기타,,발표 시기 미상,https://library.ltikorea.or.kr/translatedbooks/50917,,번역서 2종 · 포르투갈어 · 예: O Metrô Vem Correndo...,포함
잡동사니,Ju Hong,기타,,발표 시기 미상,https://library.ltikorea.or.kr/translatedbooks/50913,,번역서 1종 · 포르투갈어 · 예: BUGIGANGAS,포함
엄마가 어렸을 적에,JUNG HA JIN,기타,,발표 시기 미상,https://library.ltikorea.or.kr/translatedbooks/50914,,번역서 1종 · 포르투갈어 · 예: QUANDO MAMAE ERA PEQUENA,포함
목민심서,Jung Yakyong,기타,,발표 시기 미상,https://library.ltikorea.or.kr/translatedbooks/50971,,"번역서 3종 · 프랑스어, 영어 · 예: L'art de gouverner",포함
창선감의록,Choi Key Sook,기타,,발표 시기 미상,https://library.ltikorea.or.kr/translatedbooks/28825,,번역서 1종 · 프랑스어 · 예: Une histoire fort morale,포함
퀴르발 남작의 성,CHOI Jae-hoon,기타,,발표 시기 미상,https://library.ltikorea.or.kr/translatedbooks/28833,,"번역서 2종 · 스페인어, 프랑스어 · 예: El castillo del barón Quirval y otros relatos",포함
엄마는 거짓말쟁이,Kim Riri,기타,,발표 시기 미상,https://library.ltikorea.or.kr/translatedbooks/50974,,번역서 2종 · 프랑스어 · 예: Ma mère est une MENTEUSE,포함
물과 불,Park Suji,기타,,발표 시기 미상,https://library.ltikorea.or.kr/translatedbooks/50975,,번역서 1종 · 프랑스어 · 예: L'eau et le feu,포함
에미 이름은 조센삐였다,Yun Jeong-Mo,기타,,발표 시기 미상,https://library.ltikorea.or.kr/translatedbooks/50977,,번역서 3종 · 독일어 · 예: Meine Mutter war einen,포함
이규보 시선,문순,기타,,발표 시기 미상,https://library.ltikorea.or.kr/translatedbooks/50979,,"번역서 1종 · 영어 · 예: Singing like a cricket, hooting like an owl",포함
미생 7: 난국,Yoon Tae-ho,기타,,발표 시기 미상,https://library.ltikorea.or.kr/translatedbooks/50980,,번역서 1종 · 중국어(번체) · 예: 未生 7,포함
미생 8: 사활,Yoon Tae-ho,기타,,발표 시기 미상,https://library.ltikorea.or.kr/translatedbooks/50981,,번역서 1종 · 중국어(번체) · 예: 未生 8,포함
쉬운 일은 아니지만,Hongal,기타,,발표 시기 미상,https://library.ltikorea.or.kr/translatedbooks/28820,,번역서 1종 · 일본어 · 예: 簡単なことではないけれど大丈夫な人になりたい,포함
선릉산책,Jung Yong-jun,기타,,발표 시기 미상,https://library.ltikorea.or.kr/translatedbooks/50933,,번역서 1종 · 일본어 · 예: 宣陵散策,포함
밥,Kim Ji-ha,기타,,발표 시기 미상,https://library.ltikorea.or.kr/translatedbooks/50950,,번역서 1종 · 일본어 · 예: 飯・活人,포함
좁은 방,Kim Hong-mo,기타,,발표 시기 미상,https://library.ltikorea.or.kr/translatedbooks/28701,,번역서 1종 · 프랑스어 · 예: Ma vie en prison,포함
불새,Kwon Otaek,시,,발표 시기 미상,https://library.ltikorea.or.kr/translatedbooks/50952,,번역서 2종 · 일본어 · 예: (詩集) 火の鳥,포함
랭보의 타자,Lee Juno,기타,,발표 시기 미상,https://library.ltikorea.or.kr/translatedbooks/50953,,번역서 1종 · 프랑스어 · 예: L'Autre de Rimbaud,포함
이름을 도둑맞다: 한국현대단편소설선2,Yang Gui-ja,단편소설,,발표 시기 미상,https://library.ltikorea.or.kr/translatedbooks/50957,,번역서 1종 · 체코어 · 예: Ukradené jméno,포함
공산명월: 14-19세기 한국시선,Pucek Vladimir,기타,,발표 시기 미상,https://library.ltikorea.or.kr/translatedbooks/50958,,번역서 1종 · 체코어 · 예: Jasná luna v prázdných horách,포함
동양의 신화,,소설,,발표 시기 미상,https://library.ltikorea.or.kr/translatedbooks/50959,,번역서 1종 · 체코어 · 예: Encyklopedie mytologie Japonska a Koreje,포함
文藝 2019年秋季号 (Japanese),Cho Nam-ju,기타,,발표 시기 미상,https://library.ltikorea.or.kr/translatedbooks/28780,,번역서 1종 · 일본어 · 예: 小説版 韓国・フェミニズム・日本,포함
한국 젊은 작가 소설선,Lim Chulwoo,소설,,발표 시기 미상,https://library.ltikorea.or.kr/translatedbooks/50965,,번역서 1종 · 프랑스어 · 예: ANTHOLOGIE DE NOUVELLES CORÉENNES CONTEMPORAINES,포함
이강백 희곡선,Kang Baek Lee,희곡,,발표 시기 미상,https://library.ltikorea.or.kr/translatedbooks/50966,,"번역서 4종 · 프랑스어, 영어 · 예: Chaos et ordre dans un musée, Bijou et femme (TOME II)",포함
오규원 시선집,Oh Kyu Won,시,,발표 시기 미상,https://library.ltikorea.or.kr/translatedbooks/28688,,번역서 1종 · 일본어 · 예: 私の頭の中まで入ってきた泥棒,포함
도중에서의 청춘,,기타,,발표 시기 미상,https://library.ltikorea.or.kr/translatedbooks/50828,,번역서 1종 · 러시아어 · 예: Молодость в пути,포함
우리는 한 행성에 거주합니다,An Ryongman,기타,,발표 시기 미상,https://library.ltikorea.or.kr/translatedbooks/50829,,번역서 1종 · 러시아어 · 예: Мы живем на одной планете,포함
나루터,Bak Ungeol,기타,,발표 시기 미상,https://library.ltikorea.or.kr/translatedbooks/50830,,번역서 1종 · 러시아어 · 예: На переправе,포함
승리,,기타,,발표 시기 미상,https://library.ltikorea.or.kr/translatedbooks/50831,,번역서 1종 · 러시아어 · 예: Победа,포함
태양을 맞이하면서,Choi Jin-Young,기타,,발표 시기 미상,https://library.ltikorea.or.kr/translatedbooks/50832,,번역서 1종 · 러시아어 · 예: Приветствуя солнце,포함
당신이 신이다,Han Yong-un,기타,,발표 시기 미상,https://library.ltikorea.or.kr/translatedbooks/50833,,번역서 1종 · 러시아어 · 예: Сборник корейской поэзии,포함
한국현대시인선,Jo Gicheon,기타,,발표 시기 미상,https://library.ltikorea.or.kr/translatedbooks/50836,,번역서 1종 · 러시아어 · 예: Современные поэты Китая и Кореи,포함
달력의 장들,,기타,,발표 시기 미상,https://library.ltikorea.or.kr/translatedbooks/50837,,번역서 1종 · 러시아어 · 예: Страницы лунного календаря,포함
비밀편지,,기타,,발표 시기 미상,https://library.ltikorea.or.kr/translatedbooks/50838,,번역서 1종 · 러시아어 · 예: Тайное письмо,포함
스바루 : 2017년 10월호(가제),Jeong Yi Hyun,기타,,발표 시기 미상,https://library.ltikorea.or.kr/translatedbooks/50839,,번역서 1종 · 일본어 · 예: すばる,포함
영웅초한지 5,,기타,,발표 시기 미상,https://library.ltikorea.or.kr/translatedbooks/50841,,번역서 1종 · 중국어(간체) · 예: 楚汉英雄志5：大汉建国,포함
영웅초한지4,,기타,,발표 시기 미상,https://library.ltikorea.or.kr/translatedbooks/50842,,번역서 1종 · 중국어(간체) · 예: 楚汉英雄志4：楚汉争霸,포함
영웅초한지 3,,기타,,발표 시기 미상,https://library.ltikorea.or.kr/translatedbooks/50843,,번역서 1종 · 중국어(간체) · 예: 楚汉英雄志3：暗度陈仓,포함
영웅초한지2,,기타,,발표 시기 미상,https://library.ltikorea.or.kr/translatedbooks/50844,,번역서 1종 · 중국어(간체) · 예: 楚汉英雄志2：鸿门宴,포함
사씨남정기,Kim Man Jung,기타,,발표 시기 미상,https://library.ltikorea.or.kr/translatedbooks/50847,,"번역서 3종 · 중국어(간체), 스페인어, 체코어 · 예: 谢氏南征记",포함
귀소본능,SONG Kijo,기타,,발표 시기 미상,https://library.ltikorea.or.kr/translatedbooks/50848,,번역서 1종 · 중국어(번체) · 예: 歸巢,포함
만경대,,기타,,발표 시기 미상,https://library.ltikorea.or.kr/translatedbooks/50827,,번역서 1종 · 러시아어 · 예: Мангёндэ,포함
그렇게 살 수 없다,Ri Jangsun,기타,,발표 시기 미상,https://library.ltikorea.or.kr/translatedbooks/50826,,번역서 1종 · 러시아어 · 예: Довольно так жить,포함
황혼,Han Seolya,기타,,발표 시기 미상,https://library.ltikorea.or.kr/translatedbooks/50806,,번역서 1종 · 러시아어 · 예: Сумерки,포함
영웅적서정시,Han Yunho,기타,,발표 시기 미상,https://library.ltikorea.or.kr/translatedbooks/50808,,번역서 1종 · 러시아어 · 예: Героическая лирика,포함
보성리 아이,Han Yunho,기타,,발표 시기 미상,https://library.ltikorea.or.kr/translatedbooks/50809,,번역서 1종 · 러시아어 · 예: Мальчик из села Бо Сен,포함
갈림길,Han Yunho,기타,,발표 시기 미상,https://library.ltikorea.or.kr/translatedbooks/50810,,번역서 1종 · 러시아어 · 예: Перепутье,포함
행복,Hwang Geon,기타,,발표 시기 미상,https://library.ltikorea.or.kr/translatedbooks/50811,,번역서 1종 · 러시아어 · 예: Счастье,포함
훈민정음,,기타,,발표 시기 미상,https://library.ltikorea.or.kr/translatedbooks/50812,,번역서 1종 · 러시아어 · 예: Хунмин чонъым,포함
네 가지 소원 : 한국 전래 동화,,동화,,발표 시기 미상,https://library.ltikorea.or.kr/translatedbooks/50813,,번역서 1종 · 러시아어 · 예: Четыре желания,포함
싸우는 마을 사람들,Chon Se Bong,기타,,발표 시기 미상,https://library.ltikorea.or.kr/translatedbooks/50814,,번역서 1종 · 러시아어 · 예: Люди борющейся деревни,포함
수필집,Jeong Sukhui,수필,,발표 시기 미상,https://library.ltikorea.or.kr/translatedbooks/50815,,번역서 1종 · 러시아어 · 예: Эссе,포함
조선 동화집,,동화,,발표 시기 미상,https://library.ltikorea.or.kr/translatedbooks/50816,,"번역서 1종 · 러시아어 · 예: Корейские сказки, записанные осенью",포함
봄의 향기,,기타,,발표 시기 미상,https://library.ltikorea.or.kr/translatedbooks/50817,,번역서 1종 · 러시아어 · 예: Душистая весна,포함
불빛,Yeong Seongyong,기타,,발표 시기 미상,https://library.ltikorea.or.kr/translatedbooks/50818,,번역서 1종 · 러시아어 · 예: Огонек,포함
기쁜 편지,Gim Jeongseo,기타,,발표 시기 미상,https://library.ltikorea.or.kr/translatedbooks/50819,,번역서 1종 · 러시아어 · 예: Радостное письмо,포함
겨울의 꽃들,Gim Gwanghyeon,기타,,발표 시기 미상,https://library.ltikorea.or.kr/translatedbooks/50820,,번역서 1종 · 러시아어 · 예: Цветы зимы,포함
이별과 만남,Gim Hyoja,기타,,발표 시기 미상,https://library.ltikorea.or.kr/translatedbooks/50821,,번역서 1종 · 러시아어 · 예: Расставания и встречи,포함
새벽,Go Sangjun,기타,,발표 시기 미상,https://library.ltikorea.or.kr/translatedbooks/50822,,번역서 1종 · 러시아어 · 예: Рассвет,포함
한국의 서정시가 : 13세기에서 현대까지,Kim Sowol,기타,,발표 시기 미상,https://library.ltikorea.or.kr/translatedbooks/50823,,번역서 1종 · 러시아어 · 예: Корейские лирики,포함
백제본기,Kim Busik,기타,,발표 시기 미상,https://library.ltikorea.or.kr/translatedbooks/50824,,번역서 1종 · 러시아어 · 예: Летописи Пэкче,포함
한국현대시선,Pak Mog-Weol,시,,발표 시기 미상,https://library.ltikorea.or.kr/translatedbooks/50849,,번역서 1종 · 중국어(번체) · 예: 韓國現代詩選,포함
한국삼인시집,Ku Sang,시,,발표 시기 미상,https://library.ltikorea.or.kr/translatedbooks/50882,,번역서 2종 · 일본어 · 예: 韓国三人詩選,포함
분단체제 민족문학,Baek Nakchung,기타,,발표 시기 미상,https://library.ltikorea.or.kr/translatedbooks/50883,,번역서 1종 · 중국어(간체) · 예: 分段體制 民族文學,포함
반쪽이,Lee Eokbae,기타,,발표 시기 미상,https://library.ltikorea.or.kr/translatedbooks/50884,,"번역서 1종 · 독일어 · 예: Banjjogi, der Halbling",포함
환경의 역습: 아픈 지구,Oh Hyeon,기타,,발표 시기 미상,https://library.ltikorea.or.kr/translatedbooks/50885,,번역서 1종 · 중국어(간체) · 예: 拯救地球大作戰4：環境荷爾蒙,포함
누가 바보일까요?,Lee Hyeon Joo,기타,,발표 시기 미상,https://library.ltikorea.or.kr/translatedbooks/50887,,번역서 2종 · 중국어(간체) · 예: 小蜜蜂的礼物,포함
천년의 왕국,Kim Kyung-uk,기타,,발표 시기 미상,https://library.ltikorea.or.kr/translatedbooks/28684,,번역서 1종 · 베트남어 · 예: Vương Quốc Nghìn Năm,포함
외딴 마을 외딴 집에,Lee Sangkyo,기타,,발표 시기 미상,https://library.ltikorea.or.kr/translatedbooks/50888,,"번역서 2종 · 중국어(간체), 스페인어 · 예: 老老鼠、老爷爷",포함
나 안 할래,An Miran,기타,,발표 시기 미상,https://library.ltikorea.or.kr/translatedbooks/50889,,번역서 2종 · 중국어(간체) · 예: 我不玩了,포함
쌀밥 보리밥,Gang Muji,기타,,발표 시기 미상,https://library.ltikorea.or.kr/translatedbooks/50890,,번역서 2종 · 중국어(간체) · 예: 大米饭麦饭,포함
우리 몸의 구멍,Heo Eunmi,기타,,발표 시기 미상,https://library.ltikorea.or.kr/translatedbooks/50891,,"번역서 2종 · 중국어(간체) · 예: 我们身体里的 ""洞""",포함
씨앗은 무엇이 되고 싶을까?,Kim Sunhan,기타,,발표 시기 미상,https://library.ltikorea.or.kr/translatedbooks/50892,,번역서 2종 · 중국어(간체) · 예: 种子嘟嘟想变成什么呢？,포함
나 너 좋아해,Sin Sunjae,기타,,발표 시기 미상,https://library.ltikorea.or.kr/translatedbooks/50893,,번역서 1종 · 중국어(간체) · 예: 我喜欢你,포함
그림자는 내 친구,Park Jeongseon,기타,,발표 시기 미상,https://library.ltikorea.or.kr/translatedbooks/50894,,번역서 2종 · 중국어(간체) · 예: 影子是我的好朋友,포함
물은 어디서 왔을까?,Sin Donggyeong,기타,,발표 시기 미상,https://library.ltikorea.or.kr/translatedbooks/50895,,번역서 2종 · 중국어(간체) · 예: 水是从哪儿来的?,포함
우리 마당으로 놀러와!,Moon Young-me,기타,,발표 시기 미상,https://library.ltikorea.or.kr/translatedbooks/28686,,번역서 1종 · 베트남어 · 예: Hãy Đến Vườn Nhà Mình Chơi Nhé!,포함
보다,Kim Young-ha,기타,,발표 시기 미상,https://library.ltikorea.or.kr/translatedbooks/28687,,번역서 1종 · 중국어(번체) · 예: 見,포함
푸른 사과가 있는 국도,Bae Su-ah,기타,,발표 시기 미상,https://library.ltikorea.or.kr/translatedbooks/50852,,번역서 2종 · 영어 · 예: Highway with Green Apples,포함
PUERTO DEL SOL,KIM HYESOON,기타,,발표 시기 미상,https://library.ltikorea.or.kr/translatedbooks/50865,,번역서 1종 · 영어 · 예: PUERTO DEL SOL [THE KOREAN WOMEN WRITERS ISSUE],포함
조선왕조사,,기타,,발표 시기 미상,https://library.ltikorea.or.kr/translatedbooks/50874,,번역서 1종 · 일본어 · 예: 朝鮮王朝史,포함
한국의 언어,I Ikseop,기타,,발표 시기 미상,https://library.ltikorea.or.kr/translatedbooks/50875,,"번역서 3종 · 러시아어, 독일어, 튀르키예어 · 예: Корейский Язык",포함
향수,Chŏng Chi-Yong,기타,,발표 시기 미상,https://library.ltikorea.or.kr/translatedbooks/50877,,번역서 1종 · 스페인어 · 예: Nostagia,포함
노래섬,KO UN,기타,,발표 시기 미상,https://library.ltikorea.or.kr/translatedbooks/50878,,번역서 1종 · 이탈리아어 · 예: L’Isola che canta,포함
소설가 구보씨의 하루 외,Pak Taewon,소설,,발표 시기 미상,https://library.ltikorea.or.kr/translatedbooks/50879,,번역서 1종 · 영어 · 예: On the eve of the uprising; and other stories from colonial Korea,포함
붉은 세월,Bandi,기타,,발표 시기 미상,https://library.ltikorea.or.kr/translatedbooks/28679,,번역서 1종 · 영어 · 예: The Red Years,포함
기적은 당신안에 있습니다,Lee Robert Seungbok,기타,,발표 시기 미상,https://library.ltikorea.or.kr/translatedbooks/50492,,번역서 1종 · 일본어 · 예: 僕は「五体不満足」のお医者さん,포함
한국 전래 그림 동화,,동화,,발표 시기 미상,https://library.ltikorea.or.kr/translatedbooks/25536,,번역서 1종 · 러시아어 · 예: Награда царя птиц,포함
시를 품고 강을 넘다,Jang Jin-sung,시,,발표 시기 미상,https://library.ltikorea.or.kr/translatedbooks/27790,,번역서 2종 · 일본어 · 예: 平壌を飛び出した宮廷詩人,포함
인생사용설명서,Kim Hongshin,기타,,발표 시기 미상,https://library.ltikorea.or.kr/translatedbooks/27793,,번역서 1종 · 일본어 · 예: 人生使用説明書,포함
되살린 그늘,Bak Eungho,기타,,발표 시기 미상,https://library.ltikorea.or.kr/translatedbooks/25547,,번역서 1종 · 러시아어 · 예: Ожившая тень,포함
기초한국어,Choe Yangsun,기타,,발표 시기 미상,https://library.ltikorea.or.kr/translatedbooks/25574,,번역서 1종 · 러시아어 · 예: Корейский язык. Вводный курс,포함
한국사진의 한세기,Choi Injin,기타,,발표 시기 미상,https://library.ltikorea.or.kr/translatedbooks/25645,,번역서 1종 · 영어 · 예: The Centry of Korean Photography,포함
커피 프린스 1호점,Lee Sunmi,기타,,발표 시기 미상,https://library.ltikorea.or.kr/translatedbooks/27799,,"번역서 3종 · 일본어, 인도네시아어 · 예: コーヒープリンス1号店",포함
달의 마을 산의 마을,Lee Chulhwan,기타,,발표 시기 미상,https://library.ltikorea.or.kr/translatedbooks/25534,,번역서 1종 · 일본어 · 예: 月の街 山の街,포함
오월의 미소,Song Kisook,기타,,발표 시기 미상,https://library.ltikorea.or.kr/translatedbooks/25533,,번역서 1종 · 일본어 · 예: 光州の五月,포함
한국의 옛날 이야기,Grushevsky Vadim,기타,,발표 시기 미상,https://library.ltikorea.or.kr/translatedbooks/25513,,번역서 1종 · 러시아어 · 예: Корейские сказки,포함
오소리네 집 꽃밭,Kwon Jeong Saeng,기타,,발표 시기 미상,https://library.ltikorea.or.kr/translatedbooks/27774,,번역서 1종 · 일본어 · 예: あなぐまさんちのはなばたけ,포함
호모 세파라투스,Kang Baek Lee,기타,,발표 시기 미상,https://library.ltikorea.or.kr/translatedbooks/27777,,번역서 1종 · 일본어 · 예: ホモセパラトス,포함
고래사냥,Choi In-ho,기타,,발표 시기 미상,https://library.ltikorea.or.kr/translatedbooks/27778,,번역서 1종 · 일본어 · 예: 鯨とり,포함
한국근현대희곡선 1930~1960년대,Yoo Chijin,희곡,,발표 시기 미상,https://library.ltikorea.or.kr/translatedbooks/27779,,번역서 1종 · 일본어 · 예: 韓国近現代戯曲選,포함
남자충동,Jo Kwang-hwa,희곡,,발표 시기 미상,https://library.ltikorea.or.kr/translatedbooks/27780,,번역서 1종 · 일본어 · 예: 海外戯曲アンソロジー,포함
첼로와 케찹,Kim Myung-Wha,희곡,,발표 시기 미상,https://library.ltikorea.or.kr/translatedbooks/27781,,번역서 1종 · 일본어 · 예: 海外戯曲アンソロジー,포함
지리산 (상),Lee Byeng-Ju,기타,,발표 시기 미상,https://library.ltikorea.or.kr/translatedbooks/27783,,번역서 1종 · 일본어 · 예: 智異山 (上),포함
또 다시 떠나면서,I Gyuhyeong,기타,,발표 시기 미상,https://library.ltikorea.or.kr/translatedbooks/25521,,번역서 1종 · 러시아어 · 예: Отправляясь снова,포함
신화는 없다,Lee Myeong-bak,소설,,발표 시기 미상,https://library.ltikorea.or.kr/translatedbooks/25522,,번역서 1종 · 러시아어 · 예: Чудес не бывает,포함
지리산 (하),Lee Byeng-Ju,기타,,발표 시기 미상,https://library.ltikorea.or.kr/translatedbooks/27784,,번역서 1종 · 일본어 · 예: 智異山 (下),포함
왕릉과 주둔군 - 한국전쟁과 한국 전후파 문학,Jeon Kwangyong,기타,,발표 시기 미상,https://library.ltikorea.or.kr/translatedbooks/27785,,번역서 1종 · 일본어 · 예: 王陵と駐屯軍,포함
한 말씀만 하소서,Park Wansuh,기타,,발표 시기 미상,https://library.ltikorea.or.kr/translatedbooks/27786,,번역서 1종 · 일본어 · 예: 慟哭,포함
마인,Kim Naeseong,기타,,발표 시기 미상,https://library.ltikorea.or.kr/translatedbooks/27787,,번역서 1종 · 일본어 · 예: 魔人,포함
김래성탐정소설선,Kim Naeseong,소설,,발표 시기 미상,https://library.ltikorea.or.kr/translatedbooks/27788,,번역서 1종 · 일본어 · 예: 金来成探偵小説選 (論創ミステリ叢書),포함
황진이,Jon Kyongnin,기타,,발표 시기 미상,https://library.ltikorea.or.kr/translatedbooks/27801,,"번역서 3종 · 일본어, 중국어(간체) · 예: ファン・ジニ (上巻)",포함
한민족의 금언,Im Soo,기타,,발표 시기 미상,https://library.ltikorea.or.kr/translatedbooks/25523,,번역서 1종 · 러시아어 · 예: Золотые слова корейского народа,포함
태왕사신기,An Byungdo,기타,,발표 시기 미상,https://library.ltikorea.or.kr/translatedbooks/25527,,번역서 1종 · 일본어 · 예: 太王四神記 (上),포함
신의 그릇,Shin Hankyun,기타,,발표 시기 미상,https://library.ltikorea.or.kr/translatedbooks/25528,,번역서 1종 · 일본어 · 예: 神の器,포함
잃어버린 기억을 찾아서: 광기의 시대를 생각함,Moon Busik,기타,,발표 시기 미상,https://library.ltikorea.or.kr/translatedbooks/25530,,번역서 1종 · 일본어 · 예: 失われた記憶を求めて,포함
노서아 가비,Kim Takhwan,기타,,발표 시기 미상,https://library.ltikorea.or.kr/translatedbooks/25531,,번역서 1종 · 일본어 · 예: (愛より残酷) ロシアン珈琲,포함
맑고 향기롭게,Boep Joeng,기타,,발표 시기 미상,https://library.ltikorea.or.kr/translatedbooks/25532,,번역서 1종 · 일본어 · 예: 清く香しく,포함
분신사바,Lee Jongho,기타,,발표 시기 미상,https://library.ltikorea.or.kr/translatedbooks/27818,,번역서 1종 · 일본어 · 예: コックリさん,포함
늑대의 유혹,I Yunse,기타,,발표 시기 미상,https://library.ltikorea.or.kr/translatedbooks/27819,,번역서 2종 · 일본어 · 예: オオカミの誘惑 (1),포함
그놈은 멋있었다,I Yunse,기타,,발표 시기 미상,https://library.ltikorea.or.kr/translatedbooks/27821,,번역서 2종 · 일본어 · 예: あいつ、かっこよかった (上),포함
천국에서의 하루,Kwon Daewoong,기타,,발표 시기 미상,https://library.ltikorea.or.kr/translatedbooks/27823,,번역서 1종 · 일본어 · 예: ハル,포함
디지로그,Lee O Young,기타,,발표 시기 미상,https://library.ltikorea.or.kr/translatedbooks/27827,,번역서 1종 · 일본어 · 예: デジログ,포함
룬의 아이들 윈터러,Jeon Minhee,기타,,발표 시기 미상,https://library.ltikorea.or.kr/translatedbooks/27816,,번역서 3종 · 일본어 · 예: ルーンの子供たち 3 (冬の剣 夜明けを選べ),포함
올빼미의 없음,Bae Su-ah,기타,,발표 시기 미상,https://library.ltikorea.or.kr/translatedbooks/25655,,번역서 1종 · 영어 · 예: North Station,포함
달님은 알지요,Kim Hyang-yi,기타,,발표 시기 미상,https://library.ltikorea.or.kr/translatedbooks/25656,,번역서 1종 · 베트남어 · 예: Trăng Có Biết Không,포함
내 딸을 백원에 팝니다,Jang Jin-sung,기타,,발표 시기 미상,https://library.ltikorea.or.kr/translatedbooks/27803,,번역서 1종 · 일본어 · 예: わたしの娘を一〇〇ウォンで売ります,포함
황진이,Hong Seokjung,기타,,발표 시기 미상,https://library.ltikorea.or.kr/translatedbooks/27804,,"번역서 4종 · 일본어, 중국어(간체) · 예: ファン・ジニ (上)",포함
"그 여름, 나는",Choi Soo Huyn,기타,,발표 시기 미상,https://library.ltikorea.or.kr/translatedbooks/25676,,번역서 1종 · 베트남어 · 예: Tôi Của Mùa Hè Năm Ấy,포함
"나, 황진이 (2)",Kim Takhwan,기타,,발표 시기 미상,https://library.ltikorea.or.kr/translatedbooks/27810,,번역서 1종 · 일본어 · 예: ファン・ジニ (2),포함
지금 우리 곁에 누가 있는 걸까요,Kyung-Sook Shin,기타,,발표 시기 미상,https://library.ltikorea.or.kr/translatedbooks/27811,,번역서 1종 · 일본어 · 예: いま、私たちの隣りに誰がいるのか,포함
내 이름은 김삼순 (상),Ji Su-hyeon,기타,,발표 시기 미상,https://library.ltikorea.or.kr/translatedbooks/27812,,번역서 1종 · 일본어 · 예: 私の名前はキム・サムスン (上),포함
내 이름은 김삼순 (하),Ji Su-hyeon,기타,,발표 시기 미상,https://library.ltikorea.or.kr/translatedbooks/27813,,번역서 1종 · 일본어 · 예: 私の名前はキム・サムスン (下),포함
한국소설집,Kim Jaeguk,단편소설,,발표 시기 미상,https://library.ltikorea.or.kr/translatedbooks/25511,,번역서 1종 · 러시아어 · 예: Корейские новеллы,포함
사랑과 비즈니스에는 국경이 없더라,Kim Youngcheol,기타,,발표 시기 미상,https://library.ltikorea.or.kr/translatedbooks/25508,,번역서 1종 · 러시아어 · 예: В любви и бизнесе нет границ,포함
이혼,Kim Soom,기타,,발표 시기 미상,https://library.ltikorea.or.kr/translatedbooks/27699,,번역서 1종 · 영어 · 예: Divorce,포함
박정대시집 : 체게바라만세,Pak Jeong-de,시,,발표 시기 미상,https://library.ltikorea.or.kr/translatedbooks/25352,,번역서 1종 · 일본어 · 예: 朴正大詩集,포함
長長秋夜,Oguma Hideo,기타,,발표 시기 미상,https://library.ltikorea.or.kr/translatedbooks/25353,,번역서 1종 · 한국어 · 예: 장장추야 = 長長秋夜,포함
움직이는 성,Hwang Sun-Won,기타,,발표 시기 미상,https://library.ltikorea.or.kr/translatedbooks/25381,,"번역서 2종 · 영어, 프랑스어 · 예: The Moving Fortress",포함
조선을 떠나며 : 1945년 패전을 맞은 일본인들의 최후,Lee Yeonsik,기타,,발표 시기 미상,https://library.ltikorea.or.kr/translatedbooks/25382,,번역서 1종 · 일본어 · 예: 朝鮮引揚げと日本人,포함
산에는 꽃이 피네,Boep Joeng,기타,,발표 시기 미상,https://library.ltikorea.or.kr/translatedbooks/25384,,번역서 1종 · 중국어(간체) · 예: 山中花开,포함
난 유리로 만든 배를 타고 낯선 바다를 떠도네,Jon Kyongnin,기타,,발표 시기 미상,https://library.ltikorea.or.kr/translatedbooks/25385,,번역서 1종 · 중국어(간체) · 예: 玻璃船,포함
천사를 찾습니다 2,I Yunse,기타,,발표 시기 미상,https://library.ltikorea.or.kr/translatedbooks/25387,,번역서 1종 · 중국어(간체) · 예: 寻爱天使 2,포함
에우로파,Han Kang,기타,,발표 시기 미상,https://library.ltikorea.or.kr/translatedbooks/27700,,번역서 1종 · 영어 · 예: Europa,포함
"다섯 개의 프렐류드, 그리고 푸가",Cheon Hee-rahn,기타,,발표 시기 미상,https://library.ltikorea.or.kr/translatedbooks/27701,,번역서 1종 · 영어 · 예: Five Preludes & A Fugue,포함
축제의 얼굴 : 12인 영역시집,Ko Chang Soo,시,,발표 시기 미상,https://library.ltikorea.or.kr/translatedbooks/25401,,번역서 1종 · 영어 · 예: Faces of the Festival,포함
나무의 명상,Jeong You Jonn,기타,,발표 시기 미상,https://library.ltikorea.or.kr/translatedbooks/25424,,번역서 1종 · 프랑스어 · 예: Contemplations de l'arbre,포함
노동조합리더론,Kim Geumsu,기타,,발표 시기 미상,https://library.ltikorea.or.kr/translatedbooks/25425,,번역서 1종 · 일본어 · 예: 労働組合リーダー論,포함
소설 동의보감 = (小說)東醫寶鑑,I Eunseong,소설,,발표 시기 미상,https://library.ltikorea.or.kr/translatedbooks/25426,,번역서 1종 · 일본어 · 예: 許浚,포함
통곡하는 사람들,Bak Samjung,기타,,발표 시기 미상,https://library.ltikorea.or.kr/translatedbooks/25428,,번역서 1종 · 일본어 · 예: 運命に流されて,포함
1-20세기 한국시가 앤솔로지,Kim Sowol,기타,,발표 시기 미상,https://library.ltikorea.or.kr/translatedbooks/27698,,번역서 1종 · 우크라이나어 · 예: Антологія корейської поезії (I ст. до н.е. - XX ст.),포함
양의 미래,Hwang Jungeun,기타,,발표 시기 미상,https://library.ltikorea.or.kr/translatedbooks/27697,,번역서 2종 · 영어 · 예: Kong's Garden,포함
달콤한 나의 도시,Jeong Yi Hyun,기타,,발표 시기 미상,https://library.ltikorea.or.kr/translatedbooks/25335,,"번역서 4종 · 러시아어, 중국어(번체), 중국어(간체), 일본어 · 예: Милый мой город",포함
동아시아 문학지,Eun Heekyung,기타,,발표 시기 미상,https://library.ltikorea.or.kr/translatedbooks/25290,,번역서 1종 · 독일어 · 예: Hefte für Ostasiatische Literatur 60,포함
진달래꽃,Kim Sowŏl,기타,,발표 시기 미상,https://library.ltikorea.or.kr/translatedbooks/27691,,번역서 1종 · 독일어 · 예: Azlien-Blüten,포함
한국현대단편소설집,Kim Dong-in,단편소설,,발표 시기 미상,https://library.ltikorea.or.kr/translatedbooks/25334,,번역서 1종 · 불가리아어 · 예: корейски разкази,포함
북극곰 코다. 두 번째 이야기. 호,Lee Rury,기타,,발표 시기 미상,https://library.ltikorea.or.kr/translatedbooks/25321,,번역서 1종 · 베트남어 · 예: Gấu Koda - Làn hơi ấm,포함
책 읽는 강아지 몽몽,Choi Eun-Ok,기타,,발표 시기 미상,https://library.ltikorea.or.kr/translatedbooks/25322,,번역서 1종 · 베트남어 · 예: Mong Mong - Chú cún ham đọc sách,포함
한밤중의 작은 풍경,Kim Seungok,기타,,발표 시기 미상,https://library.ltikorea.or.kr/translatedbooks/27695,,번역서 1종 · 러시아어 · 예: Зарисовки ночной жизни,포함
손,Kang hwa gil,기타,,발표 시기 미상,https://library.ltikorea.or.kr/translatedbooks/27696,,번역서 1종 · 영어 · 예: Demons,포함
"시크릿 가든 1, 2",Kang yiul,기타,,발표 시기 미상,https://library.ltikorea.or.kr/translatedbooks/25323,,번역서 1종 · 베트남어 · 예: Khu Vườn Bí Mật,포함
북극곰 코다. 첫번째 이야기. 까만 코,Lee Rury,기타,,발표 시기 미상,https://library.ltikorea.or.kr/translatedbooks/25326,,번역서 1종 · 베트남어 · 예: Gấu Koda - CÁI MŨI ĐEN,포함
"밀레나, 밀레나, 황홀한",Bae Su-ah,기타,,발표 시기 미상,https://library.ltikorea.or.kr/translatedbooks/27702,,"번역서 1종 · 영어 · 예: Milena, Milena, Ecstatic",포함
"왼쪽의 오른쪽, 오른쪽의 왼쪽",Han Yujoo,기타,,발표 시기 미상,https://library.ltikorea.or.kr/translatedbooks/27703,,"번역서 1종 · 영어 · 예: Left's Right, Right's Left",포함
마더 테레사 아줌마네 동물병원,Gim Ha-eun,동화,,발표 시기 미상,https://library.ltikorea.or.kr/translatedbooks/27765,,번역서 1종 · 일본어 · 예: マザー・テレサのいる動物病院 (はじめて読むじんぶん童話シリーズ),포함
한국고시선집,,시,,발표 시기 미상,https://library.ltikorea.or.kr/translatedbooks/25454,,번역서 1종 · 프랑스어 · 예: Chants des saisons,포함
조선 동화집 1898,Garin-Mixailovskii,동화,,발표 시기 미상,https://library.ltikorea.or.kr/translatedbooks/25458,,"번역서 1종 · 러시아어 · 예: Корейские сказки, записанные осенью 1898 года",포함
한국 근대 단편집,Yi Kwang-Su,단편소설,,발표 시기 미상,https://library.ltikorea.or.kr/translatedbooks/25476,,번역서 1종 · 러시아어 · 예: Избранные корейские рассказы нового времени,포함
신경림의 시인을 찾아서 1,Shin Kyeong-nim,기타,,발표 시기 미상,https://library.ltikorea.or.kr/translatedbooks/25478,,번역서 1종 · 몽골어 · 예: ШИНЬ ГЁНРИМ НАЙРАГЧИДТАЙ ХӨӨРӨЛДСӨН НЬ 1,포함
신경림의 시인을 찾아서 2,Shin Kyeong-nim,기타,,발표 시기 미상,https://library.ltikorea.or.kr/translatedbooks/25479,,번역서 1종 · 몽골어 · 예: ШИНЬ ГЁНРИМ НАЙРАГЧИДТАЙ ХӨӨРӨЛДСӨН НЬ 2,포함
나는 여기가 좋다,Han changhoon,기타,,발표 시기 미상,https://library.ltikorea.or.kr/translatedbooks/25480,,번역서 1종 · 러시아어 · 예: Мне здесь нравится,포함
순간의 꽃,KO UN,시,,발표 시기 미상,https://library.ltikorea.or.kr/translatedbooks/25481,,"번역서 7종 · 스페인어, 프랑스어, 이탈리아어, 체코어, 영어 · 예: Flores de un momento",포함
"다시, 새로운 시작을 위하여",Kim Daejung,기타,,발표 시기 미상,https://library.ltikorea.or.kr/translatedbooks/25505,,번역서 1종 · 러시아어 · 예: Новое начало,포함
별나라,Bak Seyeong,기타,,발표 시기 미상,https://library.ltikorea.or.kr/translatedbooks/27766,,번역서 1종 · 일본어 · 예: 星の国,포함
엄마 까투리,Kwon Jeong Saeng,기타,,발표 시기 미상,https://library.ltikorea.or.kr/translatedbooks/27767,,번역서 1종 · 일본어 · 예: キジのかあさん,포함
하루,Kwon Daewoong,기타,,발표 시기 미상,https://library.ltikorea.or.kr/translatedbooks/27768,,번역서 1종 · 일본어 · 예: ハル哲学する犬,포함
귀신의 똥,Kwon Jeong Saeng,기타,,발표 시기 미상,https://library.ltikorea.or.kr/translatedbooks/27769,,번역서 1종 · 일본어 · 예: おばけのウンチ (いま読もう!韓国ベスト読みもの),포함
아기 너구리네 봄맞이,Kwon Jeong Saeng,기타,,발표 시기 미상,https://library.ltikorea.or.kr/translatedbooks/27770,,번역서 1종 · 일본어 · 예: こだぬきさんちのはるむかえ,포함
황소 아저씨,Kwon Jeong Saeng,기타,,발표 시기 미상,https://library.ltikorea.or.kr/translatedbooks/27771,,번역서 1종 · 일본어 · 예: 黄牛のおくりもの,포함
강아지똥,Kwon Jeong Saeng,기타,,발표 시기 미상,https://library.ltikorea.or.kr/translatedbooks/27773,,"번역서 2종 · 일본어, 폴란드어 · 예: こいぬのうんち",포함
라이팅클럽,Kang Young-sook,기타,,발표 시기 미상,https://library.ltikorea.or.kr/translatedbooks/25506,,번역서 1종 · 일본어 · 예: ライティングクラブ,포함
톨스토이 할아버지네 헌책방,Gwon An,동화,,발표 시기 미상,https://library.ltikorea.or.kr/translatedbooks/27764,,번역서 1종 · 일본어 · 예: トルストイのいる古本屋 (はじめて読むじんぶん童話シリーズ),포함
퇴역 레슬러,Jeon Sungtae,기타,,발표 시기 미상,https://library.ltikorea.or.kr/translatedbooks/27704,,번역서 1종 · 영어 · 예: Old Wrestler,포함
향가,,기타,,발표 시기 미상,https://library.ltikorea.or.kr/translatedbooks/27750,,번역서 1종 · 일본어 · 예: 郷歌,포함
춘향전,Nakamura osamu,기타,,발표 시기 미상,https://library.ltikorea.or.kr/translatedbooks/27751,,번역서 1종 · 일본어 · 예: 韓国古典文学の愉しみ 上,포함
훈민정음,チョウ イソン,기타,,발표 시기 미상,https://library.ltikorea.or.kr/translatedbooks/27752,,번역서 1종 · 일본어 · 예: 訓民正音,포함
신라수이전,Komine kazuaki,기타,,발표 시기 미상,https://library.ltikorea.or.kr/translatedbooks/27753,,번역서 1종 · 일본어 · 예: 新羅殊異伝,포함
고대중세가요 외,KIM ILLAM,시,,발표 시기 미상,https://library.ltikorea.or.kr/translatedbooks/27754,,번역서 1종 · 일본어 · 예: 韓国詩歌春秋,포함
동아시아 문학지,Kim Soom,기타,,발표 시기 미상,https://library.ltikorea.or.kr/translatedbooks/25482,,번역서 1종 · 독일어 · 예: Hefte für Ostasiatische Literatur 62,포함
"홍길동전, 양반전 외",Nakamura osamu,기타,,발표 시기 미상,https://library.ltikorea.or.kr/translatedbooks/27755,,번역서 1종 · 일본어 · 예: 韓国古典文学の愉しみ 下,포함
강냉이,Kwon Jeong Saeng,기타,,발표 시기 미상,https://library.ltikorea.or.kr/translatedbooks/27757,,번역서 1종 · 일본어 · 예: とうきび (日・中・韓平和絵本),포함
셰익스피어 아저씨네 문구점,Shin Yeongran,동화,,발표 시기 미상,https://library.ltikorea.or.kr/translatedbooks/27759,,번역서 1종 · 일본어 · 예: シェイクスピアのいる文房具店 (はじめて読むじんぶん童話シリーズ),포함
"2016 Seoul International Witers' Festival , Anthology",Bae Su-ah,기타,,발표 시기 미상,https://library.ltikorea.or.kr/translatedbooks/25351,,번역서 1종 · 영어 · 예: The Forgotten and the Unforgattable,포함
작은 위로,Yi Hae-in,기타,,발표 시기 미상,https://library.ltikorea.or.kr/translatedbooks/27760,,번역서 1종 · 일본어 · 예: 小さな慰め,포함
아리스토텔레스 아저씨네 약국,Park Hyon-suk,동화,,발표 시기 미상,https://library.ltikorea.or.kr/translatedbooks/27762,,번역서 1종 · 일본어 · 예: アリストテレスのいる薬屋 (はじめて読むじんぶん童話シリ-ズ),포함
(내 전부를 건다) 올인 1,No Seung-il,기타,,발표 시기 미상,https://library.ltikorea.or.kr/translatedbooks/27828,,번역서 2종 · 일본어 · 예: オールイン (上),포함
"국경을 넘는 그림자, 북한 인권을 말하는 남북한 작가의 공동 소설집",Do Myunghak,단편소설,,발표 시기 미상,https://library.ltikorea.or.kr/translatedbooks/25990,,번역서 1종 · 일본어 · 예: 越えてくる者、迎えいれる者,포함
숲 속 사진관,I Siwon,기타,,발표 시기 미상,https://library.ltikorea.or.kr/translatedbooks/25991,,번역서 1종 · 중국어(번체) · 예: 森林照相館,포함
솔개,Kim Jong-Gil,기타,,발표 시기 미상,https://library.ltikorea.or.kr/translatedbooks/25994,,번역서 1종 · 영어 · 예: A Black Kite,포함
허수경 시선,Heo Su-gyeong,시,,발표 시기 미상,https://library.ltikorea.or.kr/translatedbooks/25995,,번역서 1종 · 영어 · 예: Poems by Huh Sukyung,포함
후설,Institute for the Translation of Korean Classics,기타,,발표 시기 미상,https://library.ltikorea.or.kr/translatedbooks/28052,,번역서 1종 · 영어 · 예: The King's Mouthpiece,포함
꽃잎,Cho Yongmee,기타,,발표 시기 미상,https://library.ltikorea.or.kr/translatedbooks/28056,,번역서 1종 · 이탈리아어 · 예: Petali,포함
네 이웃의 식탁,GU Byeong-mo,기타,,발표 시기 미상,https://library.ltikorea.or.kr/translatedbooks/28071,,번역서 1종 · 일본어 · 예: 四隣人の食卓,포함
그곳이 차마 꿈엔들 잊힐리야,Chong Chi-Yong,기타,,발표 시기 미상,https://library.ltikorea.or.kr/translatedbooks/26018,,번역서 1종 · 영어 · 예: Nostalgia,포함
고전산문선집,Michael Pettid,기타,,발표 시기 미상,https://library.ltikorea.or.kr/translatedbooks/25943,,번역서 1종 · 영어 · 예: Premodern Korean Literary Prose,포함
쵸가 말한다,Kang Hye-Sook,기타,,발표 시기 미상,https://library.ltikorea.or.kr/translatedbooks/25942,,번역서 1종 · 중국어(번체) · 예: 小狐狸說話了,포함
조선후기 서울 상업 발달사 연구,Ko Donghwan,기타,,발표 시기 미상,https://library.ltikorea.or.kr/translatedbooks/27986,,번역서 1종 · 일본어 · 예: 朝鮮後期ソウル商業発達史研究,포함
"한반도식 통일, 현재진행형",Baek Nakchung,기타,,발표 시기 미상,https://library.ltikorea.or.kr/translatedbooks/28038,,번역서 1종 · 일본어 · 예: 朝鮮半島の平和と統一,포함
하늘로 날아간 집오리,Lee Sang-Kwen,기타,,발표 시기 미상,https://library.ltikorea.or.kr/translatedbooks/28041,,번역서 1종 · 스페인어 · 예: El Pato que voló al Cielo,포함
오래된 도시의 골목길을 걷다,Han Pil-Won,기타,,발표 시기 미상,https://library.ltikorea.or.kr/translatedbooks/28042,,번역서 1종 · 일본어 · 예: 韓国 古い町の路地を歩く,포함
18-19세기 중세소설(II),,소설,,발표 시기 미상,https://library.ltikorea.or.kr/translatedbooks/28043,,번역서 1종 · 러시아어 · 예: История Фазана. Корейские повести XIX века. В 2-х томах. Том 2,포함
창선감의록,,기타,,발표 시기 미상,https://library.ltikorea.or.kr/translatedbooks/25911,,번역서 1종 · 러시아어 · 예: Как великодушие привело к праведности,포함
검은 점이 있는 누에 (나희덕 시선집),Ra Heeduk,시,,발표 시기 미상,https://library.ltikorea.or.kr/translatedbooks/25906,,번역서 1종 · 프랑스어 · 예: Le ver à soie marqué d'un point noir,포함
한국근대문학단편선집,Hyun Jin-geon,기타,,발표 시기 미상,https://library.ltikorea.or.kr/translatedbooks/25939,,번역서 1종 · 튀르키예어 · 예: KORE ÖYKÜLERİ,포함
한국문학선집,PYUN HYE YOUNG,기타,,발표 시기 미상,https://library.ltikorea.or.kr/translatedbooks/28050,,번역서 1종 · 인도네시아어 · 예: POTONGAN TUBUH,포함
달걀 속의 생,Kim Seung-hee,기타,,발표 시기 미상,https://library.ltikorea.or.kr/translatedbooks/25941,,번역서 1종 · 아라비아어 · 예: الحياة داخل بيضة,포함
한국여성시전집,Kim Hyesoon,기타,,발표 시기 미상,https://library.ltikorea.or.kr/translatedbooks/28132,,번역서 1종 · 영어 · 예: Against Healing,포함
한눈에 보는 청자,Kwon So-hyun,기타,,발표 시기 미상,https://library.ltikorea.or.kr/translatedbooks/28144,,번역서 1종 · 영어 · 예: Cheongja,포함
집이 우리를 죽인다,Heo Jungrim,기타,,발표 시기 미상,https://library.ltikorea.or.kr/translatedbooks/26076,,번역서 1종 · 중국어(간체) · 예: 房子的健康等于你的健康！：別讓不好的房子害了你,포함
로빈슨 크루소 따라잡기,Bak Sangjun,기타,,발표 시기 미상,https://library.ltikorea.or.kr/translatedbooks/26078,,번역서 1종 · 중국어(간체) · 예: 男孩的科学冒险书1：征服无人岛绝境,포함
세계 역사 문명 만화스쿨 4: 해적 학교 가기,Yang Changgyu,기타,,발표 시기 미상,https://library.ltikorea.or.kr/translatedbooks/26079,,번역서 1종 · 중국어(간체) · 예: 印第安大冒险,포함
세계 역사 문명 만화스쿨 3: 원시인 학교 가기,Yang Changgyu,기타,,발표 시기 미상,https://library.ltikorea.or.kr/translatedbooks/26080,,번역서 1종 · 중국어(간체) · 예: 古埃及大冒险,포함
한국현대시소론집,佐川亜紀,시,,발표 시기 미상,https://library.ltikorea.or.kr/translatedbooks/50390,,번역서 1종 · 일본어 · 예: 韓国現代詩小論集―新たな時代の予感,포함
별을 키우는 아이,Bae Ik Chun,기타,,발표 시기 미상,https://library.ltikorea.or.kr/translatedbooks/50391,,번역서 1종 · 일본어 · 예: 星と話す少年,포함
불귀: 김지하작품집,Kim Ji-ha,기타,,발표 시기 미상,https://library.ltikorea.or.kr/translatedbooks/50396,,번역서 1종 · 일본어 · 예: 不帰,포함
긴 암흑의 저편에,Kim Ji-ha,기타,,발표 시기 미상,https://library.ltikorea.or.kr/translatedbooks/50397,,번역서 1종 · 일본어 · 예: 長い暗闇の彼方に,포함
모던뽀이 경성을 거닐다,Shin MyoungJik,기타,,발표 시기 미상,https://library.ltikorea.or.kr/translatedbooks/50456,,번역서 1종 · 일본어 · 예: 幻想と絶望,포함
한국명작단편집,Yi Kwang-Su,단편소설,,발표 시기 미상,https://library.ltikorea.or.kr/translatedbooks/50463,,번역서 1종 · 일본어 · 예: 韓国名作短篇集,포함
조세희 소품집: 난장이가 쏘아올린 작은 공,Cho Se-hee,기타,,발표 시기 미상,https://library.ltikorea.or.kr/translatedbooks/50470,,번역서 1종 · 일본어 · 예: 趙世熙小品集,포함
사랑한다고 말해봐,Choi Yu-Ri,기타,,발표 시기 미상,https://library.ltikorea.or.kr/translatedbooks/50482,,번역서 1종 · 일본어 · 예: Tokyo Love Story 1,포함
조선문학선집,,기타,,발표 시기 미상,https://library.ltikorea.or.kr/translatedbooks/50483,,번역서 1종 · 일본어 · 예: 朝鮮文学選集,포함
조선소설대표작집,,소설,,발표 시기 미상,https://library.ltikorea.or.kr/translatedbooks/50484,,번역서 1종 · 일본어 · 예: 朝鮮小說代表作集,포함
겨울의 환: 한국여성작가작품집,Kim Chae-Won,기타,,발표 시기 미상,https://library.ltikorea.or.kr/translatedbooks/50486,,번역서 1종 · 일본어 · 예: 冬の幻,포함
현대조선문학선,Nam Jung-hyun,기타,,발표 시기 미상,https://library.ltikorea.or.kr/translatedbooks/50491,,번역서 1종 · 일본어 · 예: 現代朝鮮文学選,포함
한눈에 보는 옻칠,Kim Mira,기타,,발표 시기 미상,https://library.ltikorea.or.kr/translatedbooks/28143,,번역서 1종 · 영어 · 예: Ottchil,포함
변시지,Soh Jongteg,기타,,발표 시기 미상,https://library.ltikorea.or.kr/translatedbooks/28141,,번역서 1종 · 영어 · 예: Byun Shiji,포함
서정오의 우리 옛이야기 백가지 2,Seo Jeong Oh,소설,,발표 시기 미상,https://library.ltikorea.or.kr/translatedbooks/28076,,번역서 1종 · 러시아어 · 예: 100 старинных корейских историй том 2,포함
생각의 길을 알려 주는 철학 나침반 1,Hwang Sanggyu,기타,,발표 시기 미상,https://library.ltikorea.or.kr/translatedbooks/26070,,번역서 1종 · 중국어(간체) · 예: 這樣一點都不公平!,포함
물로 10년 더 건강하게 사는 법,Lee Seungnam,기타,,발표 시기 미상,https://library.ltikorea.or.kr/translatedbooks/26064,,번역서 1종 · 중국어(간체) · 예: 这样喝水最健康,포함
김영랑 시집,Kim Yeongrang,시,,발표 시기 미상,https://library.ltikorea.or.kr/translatedbooks/28133,,번역서 1종 · 일본어 · 예: 金永郎詩集,포함
손쉽게 배우는 인체구조와 기능,Kang Hyunsook,기타,,발표 시기 미상,https://library.ltikorea.or.kr/translatedbooks/26065,,번역서 1종 · 중국어(간체) · 예: 不一樣的人體使用手冊,포함
반딧불이 환경만화: 신재생 에너지 - 푸르른 지구,Bak Cheolman,기타,,발표 시기 미상,https://library.ltikorea.or.kr/translatedbooks/26068,,번역서 1종 · 중국어(간체) · 예: 绿色的地球：可再生能源,포함
반딧불이 환경만화: 환경의 역습 - 아픈 지구,Bak Cheolman,기타,,발표 시기 미상,https://library.ltikorea.or.kr/translatedbooks/26069,,번역서 1종 · 중국어(간체) · 예: 生病的地球：环境的报复,포함
아하!세계엔 이런 전쟁이 있었군요,Ji Hojin,기타,,발표 시기 미상,https://library.ltikorea.or.kr/translatedbooks/26071,,번역서 1종 · 중국어(간체) · 예: 啊哈！圖解影響世界的21場戰爭,포함
공부하는 독종이 살아남는다,Lee Sihyung,기타,,발표 시기 미상,https://library.ltikorea.or.kr/translatedbooks/26073,,번역서 1종 · 중국어(간체) · 예: 自发进化心理学,포함
외국인을 위한 한국어 문법 1: 체계편,National Institute of the Korean Language,기타,,발표 시기 미상,https://library.ltikorea.or.kr/translatedbooks/26074,,번역서 1종 · 중국어(간체) · 예: 最新韩国语语法. 1、体系篇,포함
놀라운 벌레세상,Gim Taeu,기타,,발표 시기 미상,https://library.ltikorea.or.kr/translatedbooks/26075,,번역서 1종 · 중국어(간체) · 예: 神奇的虫子世界,포함
규방가사,,기타,,발표 시기 미상,https://library.ltikorea.or.kr/translatedbooks/28135,,번역서 1종 · 스페인어 · 예: Obras de mujeres en la dinastia Choson,포함
초록몽,Shinji Kim,기타,,발표 시기 미상,https://library.ltikorea.or.kr/translatedbooks/28140,,번역서 1종 · 영어 · 예: Giada,포함
남훈태평가,,기타,,발표 시기 미상,https://library.ltikorea.or.kr/translatedbooks/27985,,번역서 1종 · 러시아어 · 예: Песни великого спокойствия при южном ветре,포함
괭이부리말 아이들,Kim Jung-mi,기타,,발표 시기 미상,https://library.ltikorea.or.kr/translatedbooks/27843,,번역서 1종 · 일본어 · 예: ねこぐち村のこどもたち,포함
바람과 돌과 유채꽃과,오무라 마스오,기타,,발표 시기 미상,https://library.ltikorea.or.kr/translatedbooks/27845,,번역서 1종 · 일본어 · 예: 風と石と菜の花と,포함
논개,Jung Dongju,기타,,발표 시기 미상,https://library.ltikorea.or.kr/translatedbooks/27847,,번역서 1종 · 일본어 · 예: 朝鮮のジャンヌダルク論介,포함
한국인의 의식구조,Lee Gyu tae,기타,,발표 시기 미상,https://library.ltikorea.or.kr/translatedbooks/25743,,번역서 1종 · 폴란드어 · 예: Struktura świadomości Koreańczyków,포함
시혼,Ko Un,시,,발표 시기 미상,https://library.ltikorea.or.kr/translatedbooks/27849,,번역서 1종 · 일본어 · 예: 詩魂,포함
삶에 어찌 꽃피는 봄날만이 있으랴,Lee Seungsin,기타,,발표 시기 미상,https://library.ltikorea.or.kr/translatedbooks/27850,,번역서 1종 · 일본어 · 예: 君の心で花は咲く,포함
통로,An Sugil,기타,,발표 시기 미상,https://library.ltikorea.or.kr/translatedbooks/27863,,번역서 1종 · 독일어 · 예: Die Brücke über den Song Zon Gang,포함
해골의 침묵,Ko Un,기타,,발표 시기 미상,https://library.ltikorea.or.kr/translatedbooks/25824,,번역서 1종 · 벵골어 · 예: খুলির নীরবতা,포함
서로주체성의 이념,Kim Sang-bong,기타,,발표 시기 미상,https://library.ltikorea.or.kr/translatedbooks/25820,,번역서 1종 · 베트남어 · 예: Ý niệm về tính chủ thể liên đối,포함
엄마가 어렸을 적에,Lee Hyeok,기타,,발표 시기 미상,https://library.ltikorea.or.kr/translatedbooks/25722,,번역서 1종 · 포르투갈어 · 예: Quando Mamãe Era Pequena,포함
물소리는 길이 된다,An Jae-jin,기타,,발표 시기 미상,https://library.ltikorea.or.kr/translatedbooks/27842,,번역서 1종 · 일본어 · 예: 水音は道になり,포함
즐거운 나의 집,Ji-Young Gong,기타,,발표 시기 미상,https://library.ltikorea.or.kr/translatedbooks/25673,,"번역서 4종 · 베트남어, 중국어(간체), 중국어(번체), 일본어 · 예: Ngôi nhà vui vẻ",포함
한 방울의 만남,Pak Hi-jin,기타,,발표 시기 미상,https://library.ltikorea.or.kr/translatedbooks/27830,,번역서 1종 · 일본어 · 예: 一滴の出会い,포함
첫 사랑,Cho Chang-in,기타,,발표 시기 미상,https://library.ltikorea.or.kr/translatedbooks/27831,,"번역서 4종 · 일본어, 중국어(간체) · 예: この世の果てまで (1)",포함
7월 포플라,Pak Hi-jin,기타,,발표 시기 미상,https://library.ltikorea.or.kr/translatedbooks/27833,,번역서 1종 · 일본어 · 예: 七月のポプラ,포함
고은 시선,KO UN,시,,발표 시기 미상,https://library.ltikorea.or.kr/translatedbooks/25711,,"번역서 5종 · 이탈리아어, 영어, 스웨덴어, 독일어 · 예: Poems by Ko Un",포함
안도현 시선,Ahn Do-hyun,시,,발표 시기 미상,https://library.ltikorea.or.kr/translatedbooks/25712,,번역서 1종 · 영어 · 예: Poems by Ahn Do-Hyun,포함
고향,Yi Ki-yong,기타,,발표 시기 미상,https://library.ltikorea.or.kr/translatedbooks/25713,,"번역서 2종 · 일본어, 독일어 · 예: 故郷",포함
새벽의 노래,Moon Chung-hee,기타,,발표 시기 미상,https://library.ltikorea.or.kr/translatedbooks/25715,,번역서 1종 · 스웨덴어 · 예: Sång till gryningen,포함
베니스의 개성상인,O Sae-young,기타,,발표 시기 미상,https://library.ltikorea.or.kr/translatedbooks/27836,,번역서 1종 · 일본어 · 예: アントニオ・コレア,포함
머무르고 싶었던 순간들,Park Gyehyeong,기타,,발표 시기 미상,https://library.ltikorea.or.kr/translatedbooks/27837,,번역서 1종 · 일본어 · 예: 留まりたかった瞬間の数々,포함
디데이,Hwang Seyoun,기타,,발표 시기 미상,https://library.ltikorea.or.kr/translatedbooks/27838,,번역서 2종 · 일본어 · 예: 第二次朝鮮戦争勃発の日,포함
실미도,Baek Dongho,기타,,발표 시기 미상,https://library.ltikorea.or.kr/translatedbooks/27840,,번역서 1종 · 일본어 · 예: シルミド,포함
침묵으로 지은 집,Jo Eun,기타,,발표 시기 미상,https://library.ltikorea.or.kr/translatedbooks/27841,,번역서 1종 · 일본어 · 예: 沈黙で建てた家,포함
불의 지배자 두룬,KIM JEONG-RAN,기타,,발표 시기 미상,https://library.ltikorea.or.kr/translatedbooks/27964,,번역서 1종 · 베트남어 · 예: Tu-Run,포함
서울의 얼굴,Kim Gina,기타,,발표 시기 미상,https://library.ltikorea.or.kr/translatedbooks/25907,,"번역서 1종 · 프랑스어 · 예: Séoul, Visages d'une Ville",포함
대화,Lee Younghee,기타,,발표 시기 미상,https://library.ltikorea.or.kr/translatedbooks/27968,,번역서 1종 · 일본어 · 예: 対話 韓国民主化運動の歴史,포함
밀물의 시간,Do Jonghwan,기타,,발표 시기 미상,https://library.ltikorea.or.kr/translatedbooks/25912,,번역서 1종 · 일본어 · 예: 満ち潮の時間,포함
소원,So Jaewon,기타,,발표 시기 미상,https://library.ltikorea.or.kr/translatedbooks/27979,,번역서 1종 · 중국어(번체) · 예: 為愛重生：找尋希望的翅膀,포함
조지훈 전집,Cho Jihoon,기타,,발표 시기 미상,https://library.ltikorea.or.kr/translatedbooks/27980,,번역서 1종 · 영어 · 예: Shedding of the Petals,포함
달의 바다,CHUNG HAN-AH,기타,,발표 시기 미상,https://library.ltikorea.or.kr/translatedbooks/25916,,번역서 1종 · 프랑스어 · 예: Un balcon sur la lune,포함
"조선조 궁중문학시리즈3, 계축일기",Chung Eun Im,기타,,발표 시기 미상,https://library.ltikorea.or.kr/translatedbooks/25915,,번역서 1종 · 스페인어 · 예: El Diario del Ano del Buey Negro(1613) GUECHUK ILGUI,포함
한국 고전 시선집,Chung Chul,시,,발표 시기 미상,https://library.ltikorea.or.kr/translatedbooks/25823,,번역서 1종 · 러시아어 · 예: Корейская классическая поэзия,포함
자수견본집,Kim Jeong-hwan,기타,,발표 시기 미상,https://library.ltikorea.or.kr/translatedbooks/27877,,번역서 1종 · 영어 · 예: An embroidery sampler,포함
저녁의 고래,Chung Il Keun,기타,,발표 시기 미상,https://library.ltikorea.or.kr/translatedbooks/27878,,번역서 1종 · 영어 · 예: Evening of the Whale,포함
"꿈꾸는 청년들아! 비전을 가져라, Young Dreamers! Have a Vision",O.Yul Kwon,기타,,발표 시기 미상,https://library.ltikorea.or.kr/translatedbooks/25719,,번역서 1종 · 태국어 · 예: รอให้จบมหา'ลัย ก็(เกือบ)สายเสียแล้ว,포함
새가 날아드는 풍경,Han Eun-Sun,기타,,발표 시기 미상,https://library.ltikorea.or.kr/translatedbooks/25720,,번역서 1종 · 포르투갈어 · 예: Paisagem de Pássaros,포함
잡동사니,Shin Hyeeun,기타,,발표 시기 미상,https://library.ltikorea.or.kr/translatedbooks/25721,,번역서 1종 · 포르투갈어 · 예: Bugigangas,포함
동아시아 문학지,Hwang Tong-gyu,기타,,발표 시기 미상,https://library.ltikorea.or.kr/translatedbooks/27882,,번역서 1종 · 독일어 · 예: Hefte fur ostasiatische Literatur 66,포함
일인칭은 슬프다 (가제),KO UN,기타,,발표 시기 미상,https://library.ltikorea.or.kr/translatedbooks/25826,,번역서 1종 · 프랑스어 · 예: La première personne est triste,포함
항쟁군 평행우주,Kim Hong-mo,기타,,발표 시기 미상,https://library.ltikorea.or.kr/translatedbooks/28705,,"번역서 1종 · 프랑스어 · 예: L'armée de la résistance, tome 2",포함
생의 이면,Lee Seung-U,기타,,발표 시기 미상,https://library.ltikorea.or.kr/translatedbooks/22241,,"번역서 3종 · 체코어, 일본어, 독일어 · 예: Ta druhá strana života",포함
경주 남산,Kim Wonyoung,기타,,발표 시기 미상,https://library.ltikorea.or.kr/translatedbooks/7957,,번역서 1종 · 스페인어 · 예: Gyeongju Namsan,포함
궁궐의 우리 나무,Park Sang-jin,기타,,발표 시기 미상,https://library.ltikorea.or.kr/translatedbooks/7958,,번역서 1종 · 일본어 · 예: 朝鮮王宮の樹木,포함
"쎄느강은 좌우를 가르고, 한강은 남북을 가른다",Hong Sehwa,기타,,발표 시기 미상,https://library.ltikorea.or.kr/translatedbooks/2450,,번역서 1종 · 일본어 · 예: セーヌは左右を分かち、漢江は南北を隔てる,포함
객지,Hwang Sok-yong,기타,,발표 시기 미상,https://library.ltikorea.or.kr/translatedbooks/2453,,"번역서 3종 · 일본어, 스페인어, 프랑스어 · 예: 客地",포함
오래된 정원,Hwang Sok-yong,기타,,발표 시기 미상,https://library.ltikorea.or.kr/translatedbooks/2457,,"번역서 10종 · 영어, 일본어, 프랑스어, 중국어(간체), 스웨덴어 · 예: 懐かしの庭",포함
치마바람,O Sonfa,기타,,발표 시기 미상,https://library.ltikorea.or.kr/translatedbooks/2464,,번역서 3종 · 일본어 · 예: スカートの風,포함
환영,Kim Yi-seol,기타,,발표 시기 미상,https://library.ltikorea.or.kr/translatedbooks/10867,,"번역서 2종 · 프랑스어, 독일어 · 예: BIENVENUE",포함
나무에 새겨진 팔만대장경의 비밀,Park Sang-jin,기타,,발표 시기 미상,https://library.ltikorea.or.kr/translatedbooks/10862,,번역서 1종 · 중국어(간체) · 예: 木刻八万大藏经的秘密,포함
한국 사회의 사회학: 농촌 공동체와 도시 네트워크를 중심으로 (가제),Kim Kwang-ok,기타,,발표 시기 미상,https://library.ltikorea.or.kr/translatedbooks/7956,,"번역서 1종 · 프랑스어 · 예: Communautés villageoises, réseaux urbains",포함
제1통일공화국,Chung Eulbyung,기타,,발표 시기 미상,https://library.ltikorea.or.kr/translatedbooks/2408,,번역서 1종 · 일본어 · 예: 北朝鮮崩壞,포함
상도,Choi In-ho,기타,,발표 시기 미상,https://library.ltikorea.or.kr/translatedbooks/2428,,번역서 1종 · 일본어 · 예: 商道,포함
도시의 곤혹,Choi Hongil,기타,,발표 시기 미상,https://library.ltikorea.or.kr/translatedbooks/2435,,번역서 1종 · 일본어 · 예: 都市の困惑,포함
진시황제,Jeong Bi-seok,기타,,발표 시기 미상,https://library.ltikorea.or.kr/translatedbooks/2404,,번역서 1종 · 일본어 · 예: 小說秦の始皇帝,포함
석불돌에 새긴 정토의 꿈,Ch'oe Songeun Ch'oe,기타,,발표 시기 미상,https://library.ltikorea.or.kr/translatedbooks/7953,,번역서 1종 · 독일어 · 예: Buddha,포함
아름다운 영혼의 노래,Han Malsook,시,,발표 시기 미상,https://library.ltikorea.or.kr/translatedbooks/2437,,번역서 1종 · 일본어 · 예: 麗しき靈の詩,포함
안중근,Han Seokcheong,기타,,발표 시기 미상,https://library.ltikorea.or.kr/translatedbooks/2438,,번역서 1종 · 일본어 · 예: 安重根. 第1部,포함
탑,Han seung-won,기타,,발표 시기 미상,https://library.ltikorea.or.kr/translatedbooks/2442,,번역서 1종 · 일본어 · 예: 塔,포함
현해탄은 알고 있다・아로운전,Han Woonsa,기타,,발표 시기 미상,https://library.ltikorea.or.kr/translatedbooks/2444,,번역서 1종 · 일본어 · 예: 玄海灘は知っている - 阿魯雲伝,포함
지상에 숟가락 하나,Hyun Ki Young,기타,,발표 시기 미상,https://library.ltikorea.or.kr/translatedbooks/2446,,"번역서 3종 · 일본어, 영어, 스페인어 · 예: 地上に匙ひとつ",포함
나는 새를 위한 악보,Hong Sanghwa,기타,,발표 시기 미상,https://library.ltikorea.or.kr/translatedbooks/2447,,번역서 1종 · 일본어 · 예: 飛翔へのバラード,포함
꽃 파는 처녀,Hong Sanghwa,기타,,발표 시기 미상,https://library.ltikorea.or.kr/translatedbooks/2448,,번역서 2종 · 일본어 · 예: 北朝鮮亡命工作員,포함
한국 문화의 인류학: 전통·의례·신앙을 중심으로 (가제),Lim Jae-hae,기타,,발표 시기 미상,https://library.ltikorea.or.kr/translatedbooks/7955,,"번역서 1종 · 프랑스어 · 예: Traditions, rituels, croyances",포함
지금 내 아이에게 해야 할 80가지 질문,Son Seokhan,기타,,발표 시기 미상,https://library.ltikorea.or.kr/translatedbooks/22243,,번역서 1종 · 중국어(번체) · 예: 千萬不要跟孩子這樣說話,포함
쇠를 두드리며,Kim Soo-Bok,기타,,발표 시기 미상,https://library.ltikorea.or.kr/translatedbooks/22244,,번역서 1종 · 영어 · 예: Beating on Iron,포함
카모메 식당의 여자들,Hwang Huiyeon,기타,,발표 시기 미상,https://library.ltikorea.or.kr/translatedbooks/22245,,번역서 1종 · 중국어(간체) · 예: 谁也不该将就生活-海鸥食堂里的暖心故事,포함
"한국 고전 선집(vol. 3), Korean Classic Stories: War & Exile (vol. 3)",Jo Wi-han,기타,,발표 시기 미상,https://library.ltikorea.or.kr/translatedbooks/22292,,번역서 1종 · 영어 · 예: War & Exile,포함
수수밭으로 오세요,Gong Sun-Ok,기타,,발표 시기 미상,https://library.ltikorea.or.kr/translatedbooks/11091,,"번역서 2종 · 중국어(간체), 러시아어 · 예: 请到玉米地来",포함
동백꽃,Kim Yujung,기타,,발표 시기 미상,https://library.ltikorea.or.kr/translatedbooks/11092,,"번역서 2종 · 독일어, 중국어(간체) · 예: Kamelien",포함
"한국 고전 선집(vol. 4), Korean Classic Stories: All Walks of Life (vol 4)",,기타,,발표 시기 미상,https://library.ltikorea.or.kr/translatedbooks/22293,,번역서 1종 · 영어 · 예: All Walks of Life,포함
"한국 고전 선집(vol. 5), Korean Classic Stories: Lives of Women (vol. 5)",Yi Ok,기타,,발표 시기 미상,https://library.ltikorea.or.kr/translatedbooks/22294,,번역서 1종 · 영어 · 예: Lives of Women,포함
꺼벙이 억수,Yun Sucheon,기타,,발표 시기 미상,https://library.ltikorea.or.kr/translatedbooks/10951,,번역서 2종 · 중국어(간체) · 예: 傻傻孩的幸福时光,포함
춤추는 책가방,Song Eon,기타,,발표 시기 미상,https://library.ltikorea.or.kr/translatedbooks/10952,,번역서 1종 · 중국어(간체) · 예: 我不是绯闻女生,포함
좁쌀영감 오병수,Lee Sangkyo,기타,,발표 시기 미상,https://library.ltikorea.or.kr/translatedbooks/10953,,번역서 1종 · 중국어(간체) · 예: 碎嘴男孩的一地鸡毛,포함
잔소리 없는 엄마를 찾아주세요,Choe Hyeongmi,기타,,발표 시기 미상,https://library.ltikorea.or.kr/translatedbooks/10954,,번역서 1종 · 중국어(간체) · 예: 寻找不会唠叨的父母大人,포함
작은북이 동동동,Song Chaechan,기타,,발표 시기 미상,https://library.ltikorea.or.kr/translatedbooks/10955,,번역서 1종 · 중국어(간체) · 예: 土鸡插班生遇上了完美男生,포함
내 짝꿍 김은실,Lee Gyuhui,기타,,발표 시기 미상,https://library.ltikorea.or.kr/translatedbooks/10956,,번역서 1종 · 중국어(간체) · 예: 我和我的野兔同桌,포함
"한국고전산문, Алегорията в Средновековната корейска проза",Lim Chun,기타,,발표 시기 미상,https://library.ltikorea.or.kr/translatedbooks/22296,,번역서 1종 · 불가리아어 · 예: Упрекът на тигъра,포함
한국 중세시조선,U Tak,시조,,발표 시기 미상,https://library.ltikorea.or.kr/translatedbooks/11079,,번역서 1종 · 러시아어 · 예: Светлый источник,포함
"한국 고전 선집(vol. 2), Korean Classic Stories: Confucians in Love (vol. 2)",Kim Siseup,기타,,발표 시기 미상,https://library.ltikorea.or.kr/translatedbooks/22291,,번역서 1종 · 영어 · 예: Confucians in Love,포함
꼬리야? 꼬리야!,Kang Hye-Sook,기타,,발표 시기 미상,https://library.ltikorea.or.kr/translatedbooks/10947,,번역서 1종 · 독일어 · 예: Die Kleine Echse Stummelschwanz,포함
바닷길은 문화의 고속도로였다,Youn Myung-chul,기타,,발표 시기 미상,https://library.ltikorea.or.kr/translatedbooks/10950,,번역서 1종 · 베트남어 · 예: Ðường biển - cao tốc phát triển văn hóa,포함
(창비아기책) 쪽!,Jeong Hoseon,기타,,발표 시기 미상,https://library.ltikorea.or.kr/translatedbooks/22247,,번역서 1종 · 중국어(간체) · 예: 亲亲,포함
비행운,KIM Ae-ran,기타,,발표 시기 미상,https://library.ltikorea.or.kr/translatedbooks/22248,,번역서 1종 · 프랑스어 · 예: Comment se passe ton été ?,포함
바다 위의 낭만 크루즈 여행,Lee Hyungjun,기타,,발표 시기 미상,https://library.ltikorea.or.kr/translatedbooks/10957,,번역서 1종 · 중국어(간체) · 예: 海上游轮之旅,포함
타임머신을 타고 온 선생님,Won Yusun,기타,,발표 시기 미상,https://library.ltikorea.or.kr/translatedbooks/10958,,번역서 1종 · 중국어(간체) · 예: 坐着时光机来的老师,포함
엄마 5분만,No Gyeongsil,기타,,발표 시기 미상,https://library.ltikorea.or.kr/translatedbooks/10963,,번역서 1종 · 중국어(간체) · 예: 早起的鸟儿有虫吃,포함
삼개국어 연시,KIM HYESOON,기타,,발표 시기 미상,https://library.ltikorea.or.kr/translatedbooks/22268,,번역서 1종 · 일본어 · 예: Trilingual Renshi,포함
손놀이 미술놀이,,기타,,발표 시기 미상,https://library.ltikorea.or.kr/translatedbooks/22289,,번역서 1종 · 영어 · 예: Creative Hand Art,포함
"한국 고전 선집(vol.1 ), Korean Classic Stories: Avengers & Artists (vol 1)",Yu Deuk-gong,기타,,발표 시기 미상,https://library.ltikorea.or.kr/translatedbooks/22290,,번역서 1종 · 영어 · 예: Avengers & Artists,포함
(소설) 손자병법,Jeong Bi-seok,소설,,발표 시기 미상,https://library.ltikorea.or.kr/translatedbooks/2399,,번역서 1종 · 일본어 · 예: (小說) 孫子の兵法,포함
신의 지팡이,Jung Dongju,기타,,발표 시기 미상,https://library.ltikorea.or.kr/translatedbooks/2398,,번역서 1종 · 일본어 · 예: 神の杖,포함
금속공예,Choi Eung-chon,기타,,발표 시기 미상,https://library.ltikorea.or.kr/translatedbooks/7952,,번역서 1종 · 독일어 · 예: Das metallkunsthandwerk des alten Korea,포함
인간시장,Kim Hongshin,기타,,발표 시기 미상,https://library.ltikorea.or.kr/translatedbooks/2317,,번역서 1종 · 일본어 · 예: 人間市場,포함
마지막 박쥐 공주 미가야,Lee Kyung-hye,기타,,발표 시기 미상,https://library.ltikorea.or.kr/translatedbooks/7921,,"번역서 2종 · 프랑스어, 독일어 · 예: MigayaLa dernière princesse chauve-souris",포함
동굴,Kyung Sik Woo,기타,,발표 시기 미상,https://library.ltikorea.or.kr/translatedbooks/7920,,번역서 1종 · 영어 · 예: Caves,포함
"퇴계와 고봉, 편지를 쓰다",Kim Young-Doo,기타,,발표 시기 미상,https://library.ltikorea.or.kr/translatedbooks/7919,,번역서 1종 · 영어 · 예: Toegye and Gobong Write Letters,포함
잊히지 않는 사람들,Ryu Chundo,기타,,발표 시기 미상,https://library.ltikorea.or.kr/translatedbooks/2272,,번역서 1종 · 일본어 · 예: 忘れ得ぬ人々,포함
신벽암록,Shin Tongchoon,기타,,발표 시기 미상,https://library.ltikorea.or.kr/translatedbooks/2270,,번역서 1종 · 일본어 · 예: 新碧巌錄,포함
시집 신라풍류: 시로 보는 한국사 5천년,Chong-ju,시,,발표 시기 미상,https://library.ltikorea.or.kr/translatedbooks/2267,,번역서 1종 · 일본어 · 예: 詩集・新羅風流 -詩でたどる韓国史五千年-,포함
박용철시선,Pak Yongchul,시,,발표 시기 미상,https://library.ltikorea.or.kr/translatedbooks/2265,,번역서 1종 · 일본어 · 예: 朴龍喆詩選,포함
지금은 빛나지 않아도: 박노해 시집,Park Nohae,시,,발표 시기 미상,https://library.ltikorea.or.kr/translatedbooks/2264,,번역서 1종 · 일본어 · 예: いまは輝かなくとも,포함
바람의 세례,Kim Nam Jo,기타,,발표 시기 미상,https://library.ltikorea.or.kr/translatedbooks/2258,,번역서 1종 · 일본어 · 예: 風の洗礼,포함
한국사에도 과학이 있는가,Park Seong-rae,기타,,발표 시기 미상,https://library.ltikorea.or.kr/translatedbooks/7916,,번역서 1종 · 영어 · 예: Science and technology in Korean history,포함
완전한 만남,Kim Haki,기타,,발표 시기 미상,https://library.ltikorea.or.kr/translatedbooks/2316,,번역서 1종 · 일본어 · 예: 完全なる再会,포함
겨울 골짜기,Kim Won il,기타,,발표 시기 미상,https://library.ltikorea.or.kr/translatedbooks/2310,,번역서 1종 · 일본어 · 예: 冬の谷問,포함
일본상륙―속 인간시장,Kim Hongshin,기타,,발표 시기 미상,https://library.ltikorea.or.kr/translatedbooks/2318,,번역서 1종 · 일본어 · 예: 日本上陸―続人間市場,포함
불바다,No Soomin,기타,,발표 시기 미상,https://library.ltikorea.or.kr/translatedbooks/2319,,번역서 1종 · 일본어 · 예: ソウル 火の海,포함
먼 그대,So Young-en,기타,,발표 시기 미상,https://library.ltikorea.or.kr/translatedbooks/2343,,번역서 1종 · 일본어 · 예: 遠ぃあなた,포함
비명을 찾아서,Bok Geo-il,기타,,발표 시기 미상,https://library.ltikorea.or.kr/translatedbooks/2340,,번역서 1종 · 일본어 · 예: 京城・昭和六十二年,포함
구미호,Park Heonsoo,기타,,발표 시기 미상,https://library.ltikorea.or.kr/translatedbooks/2338,,번역서 1종 · 일본어 · 예: クミホ 千年愛,포함
천변풍경,Pak Taewon,기타,,발표 시기 미상,https://library.ltikorea.or.kr/translatedbooks/2337,,"번역서 2종 · 일본어, 독일어 · 예: 川辺の風景",포함
서 있는 여자,Park Wansuh,기타,,발표 시기 미상,https://library.ltikorea.or.kr/translatedbooks/2336,,번역서 1종 · 일본어 · 예: 結婚,포함
DMZ,Park Sang-yeon,기타,,발표 시기 미상,https://library.ltikorea.or.kr/translatedbooks/2333,,번역서 1종 · 일본어 · 예: JSA,포함
덫,Park Bum Shin,기타,,발표 시기 미상,https://library.ltikorea.or.kr/translatedbooks/2332,,번역서 1종 · 일본어 · 예: 掟,포함
한국 현대 건축 비평:후기산업사회와 현대건축 이야기,Yim Seockjae,평론,,발표 시기 미상,https://library.ltikorea.or.kr/translatedbooks/7930,,번역서 1종 · 독일어 · 예: Moderne koreanische Architektur eine kritische betrachtung,포함
니체가 뒤흔든 철학 100년,Kim Sanghwan,기타,,발표 시기 미상,https://library.ltikorea.or.kr/translatedbooks/7926,,번역서 1종 · 독일어 · 예: Nietzche,포함
64의 비밀,Park Yong-Ki,기타,,발표 시기 미상,https://library.ltikorea.or.kr/translatedbooks/7923,,번역서 1종 · 영어 · 예: The Secrets Behind the Number 64,포함
비가 오는 날에,Lee Hye Ri,기타,,발표 시기 미상,https://library.ltikorea.or.kr/translatedbooks/7922,,"번역서 2종 · 프랑스어, 스페인어 · 예: Un jour de pluie",포함
팔월의 크리스마스,Oh Seunguk,기타,,발표 시기 미상,https://library.ltikorea.or.kr/translatedbooks/2323,,번역서 1종 · 일본어 · 예: 八月のクリスマス,포함
선물,Pak Jungwoo,기타,,발표 시기 미상,https://library.ltikorea.or.kr/translatedbooks/2322,,번역서 1종 · 일본어 · 예: ラスト プレゼント,포함
분노의 왕국,Mun Yeongnam,기타,,발표 시기 미상,https://library.ltikorea.or.kr/translatedbooks/2321,,번역서 1종 · 일본어 · 예: 憤怒の王国,포함
즐거운 사라,Ma,기타,,발표 시기 미상,https://library.ltikorea.or.kr/translatedbooks/2320,,번역서 1종 · 일본어 · 예: 楽しいサラ,포함
그들의 선택,Gim Yeolrim,기타,,발표 시기 미상,https://library.ltikorea.or.kr/translatedbooks/2308,,번역서 1종 · 일본어 · 예: 金正日生贄の女,포함
가이아 (상-하),Kim Seungho,기타,,발표 시기 미상,https://library.ltikorea.or.kr/translatedbooks/2306,,번역서 1종 · 일본어 · 예: ニッポン消滅,포함
젊은 날의 초상,Yi Mun-yol,기타,,발표 시기 미상,https://library.ltikorea.or.kr/translatedbooks/7937,,"번역서 2종 · 스웨덴어, 중국어(간체) · 예: Ett Ungdomsporträtt",포함
쥐돌이는 화가,Lee Hobaek,기타,,발표 시기 미상,https://library.ltikorea.or.kr/translatedbooks/7939,,번역서 1종 · 프랑스어 · 예: Joudori,포함
사랑의 감옥,Oh Kyu Won,기타,,발표 시기 미상,https://library.ltikorea.or.kr/translatedbooks/7945,,번역서 1종 · 독일어 · 예: Kerker der Liebe,포함
주막에서,Cheon Sang-byeong,기타,,발표 시기 미상,https://library.ltikorea.or.kr/translatedbooks/7946,,번역서 1종 · 독일어 · 예: Im Gasthof,포함
그해 5월,Lee Byeng-Ju,기타,,발표 시기 미상,https://library.ltikorea.or.kr/translatedbooks/2385,,번역서 3종 · 일본어 · 예: クーデター (Volume 3),포함
윤복의 시: 저 하늘에 이 소식을,Lee Yoonbok,시,,발표 시기 미상,https://library.ltikorea.or.kr/translatedbooks/2386,,번역서 1종 · 일본어 · 예: ユンボギの詩,포함
바람의 언덕을 넘어서: 서편제,Yi Chong-Jun,기타,,발표 시기 미상,https://library.ltikorea.or.kr/translatedbooks/2387,,번역서 1종 · 일본어 · 예: 風の丘を越えて -西便制-,포함
씌어지지 않은 자서전,Yi Chong-Jun,기타,,발표 시기 미상,https://library.ltikorea.or.kr/translatedbooks/2388,,번역서 1종 · 일본어 · 예: 書かれざる自叙伝,포함
내게 거짓말을 해봐,Jang Jung-il,기타,,발표 시기 미상,https://library.ltikorea.or.kr/translatedbooks/2395,,번역서 1종 · 일본어 · 예: LIES 嘘,포함
아담이 눈뜰 때,Jang Jung-il,기타,,발표 시기 미상,https://library.ltikorea.or.kr/translatedbooks/2396,,"번역서 2종 · 일본어, 영어 · 예: アダムが目覚めるとき",포함
한국인샐러리맨의 우울한 세계,Jang Jung-il,기타,,발표 시기 미상,https://library.ltikorea.or.kr/translatedbooks/2397,,번역서 1종 · 일본어 · 예: コリアン・サラリーマンの秘密の生活,포함
우리에게 철학은 무엇인가,Kang Youngahn,기타,,발표 시기 미상,https://library.ltikorea.or.kr/translatedbooks/7947,,번역서 1종 · 일본어 · 예: 韓國近代哲學の成立と展開,포함
고구려 고분벽화 연구,Jeon Ho-tae,기타,,발표 시기 미상,https://library.ltikorea.or.kr/translatedbooks/7949,,번역서 1종 · 프랑스어 · 예: Recherche sur les fresques tombales du royaume Coréen de Koguryo,포함
입 속의 검은 잎,Ki Hyongdo,기타,,발표 시기 미상,https://library.ltikorea.or.kr/translatedbooks/7951,,"번역서 2종 · 스페인어, 프랑스어 · 예: La hoja negra dentro de la boca",포함
반쪽이,Lee Miae,기타,,발표 시기 미상,https://library.ltikorea.or.kr/translatedbooks/7936,,"번역서 1종 · 독일어 · 예: Banjjogi, der Halbling",포함
바다와 나비(외): 한국단편선집,Ha Keun-Chan,기타,,발표 시기 미상,https://library.ltikorea.or.kr/translatedbooks/7934,,"번역서 2종 · 태국어, 인도네시아어 · 예: ทะเลและผีเสื้อ",포함
친구,Kwak Kyungtaek,기타,,발표 시기 미상,https://library.ltikorea.or.kr/translatedbooks/2301,,번역서 1종 · 일본어 · 예: 友ヘ,포함
무소의 뿔처럼 혼자서 가라,Ji-Young Gong,기타,,발표 시기 미상,https://library.ltikorea.or.kr/translatedbooks/2300,,"번역서 2종 · 일본어, 중국어(간체) · 예: サイの角のようにひとりで行け",포함
꿈꾸는 우리 민화,Yeolsu Yoon,기타,,발표 시기 미상,https://library.ltikorea.or.kr/translatedbooks/7909,,번역서 1종 · 폴란드어 · 예: Tradycyjne malarstwo koreańskie,포함
도쿄아리랑이야기,Son Changho,기타,,발표 시기 미상,https://library.ltikorea.or.kr/translatedbooks/2345,,번역서 1종 · 일본어 · 예: 東京アリラン物語,포함
어떤 실종,Kyung-Sook Shin,기타,,발표 시기 미상,https://library.ltikorea.or.kr/translatedbooks/2346,,번역서 1종 · 일본어 · 예: 或る失踪,포함
Lee Wade's Korean Cookery,Lee Wade,기타,,발표 시기 미상,https://library.ltikorea.or.kr/translatedbooks/7931,,번역서 1종 · 일본어 · 예: リー ウェイドの韓国料理,포함
낯선 시간 속으로,YI IN-SEONG,기타,,발표 시기 미상,https://library.ltikorea.or.kr/translatedbooks/7932,,"번역서 2종 · 스페인어, 독일어 · 예: Hacia la hora ajena",포함
(실록대하소설) 조선왕조 500년 28: 왜란,Shin Bong-seung,소설,,발표 시기 미상,https://library.ltikorea.or.kr/translatedbooks/2348,,번역서 1종 · 일본어 · 예: 倭乱,포함
하얀 전쟁,Ahn Junghyo,기타,,발표 시기 미상,https://library.ltikorea.or.kr/translatedbooks/2350,,번역서 1종 · 일본어 · 예: ホワイト・バッジ,포함
서울 스케치북,Yang Gui-ja,기타,,발표 시기 미상,https://library.ltikorea.or.kr/translatedbooks/2351,,번역서 1종 · 일본어 · 예: ソウル・スケツチブック,포함
가을동화,Oh Soo-yeon,동화,,발표 시기 미상,https://library.ltikorea.or.kr/translatedbooks/2353,,번역서 1종 · 일본어 · 예: 秋の童話,포함
옛 우물,OH JUNGHEE,기타,,발표 시기 미상,https://library.ltikorea.or.kr/translatedbooks/2354,,"번역서 2종 · 일본어, 중국어(간체) · 예: 金色の鯉の夢",포함
삼국기,Yoo Hyunjong,기타,,발표 시기 미상,https://library.ltikorea.or.kr/translatedbooks/2359,,번역서 1종 · 일본어 · 예: 朝鮮三国志,포함
낫,Yun Heunggil,기타,,발표 시기 미상,https://library.ltikorea.or.kr/translatedbooks/2363,,번역서 1종 · 일본어 · 예: 鎌,포함
판소리 연구서(가제),Han Yumi,기타,,발표 시기 미상,https://library.ltikorea.or.kr/translatedbooks/22298,,번역서 1종 · 프랑스어 · 예: Le pansori,포함
귀청을 울리며,Kim Yang-Shik,기타,,발표 시기 미상,https://library.ltikorea.or.kr/translatedbooks/11183,,"번역서 2종 · 영어, 힌디어 · 예: The Day Breaks",포함
견우와 직녀,Park Janie Jaehyn,기타,,발표 시기 미상,https://library.ltikorea.or.kr/translatedbooks/11213,,번역서 1종 · 영어 · 예: The Love of Two Stars,포함
이순철 시선집,Lee Soon Chul,시,,발표 시기 미상,https://library.ltikorea.or.kr/translatedbooks/11258,,번역서 1종 · 영어 · 예: The Fifth Wheel,포함
비행운,KIM AE-RAN,기타,,발표 시기 미상,https://library.ltikorea.or.kr/translatedbooks/22416,,번역서 1종 · 프랑스어 · 예: Chanson d'ailleurs,포함
욕조가 놓인 방,Lee Seung-u,기타,,발표 시기 미상,https://library.ltikorea.or.kr/translatedbooks/22411,,번역서 1종 · 프랑스어 · 예: La Baignoire,포함
수로,Lee Hyesuk,기타,,발표 시기 미상,https://library.ltikorea.or.kr/translatedbooks/11263,,번역서 1종 · 영어 · 예: Suro,포함
귀천,Cheon Sang-byeong,기타,,발표 시기 미상,https://library.ltikorea.or.kr/translatedbooks/11293,,"번역서 3종 · 영어, 스페인어, 튀르키예어 · 예: Back to heaven",포함
Diary of young girl,Frank,기타,,발표 시기 미상,https://library.ltikorea.or.kr/translatedbooks/11299,,번역서 1종 · 중국어(간체) · 예: 安妮日记,포함
Portfolio brainstorming,Korea CA Publishing House,기타,,발표 시기 미상,https://library.ltikorea.or.kr/translatedbooks/11301,,번역서 1종 · 중국어(간체) · 예: 第一次跨越从建筑教育到设计实践.,포함
박형서 단편선,Park Hyoung su,기타,,발표 시기 미상,https://library.ltikorea.or.kr/translatedbooks/22453,,번역서 1종 · 프랑스어 · 예: L'ART DE LA CONTROVERSE,포함
"한국현대문학 단편소설선, 한국문학 단편선",Kim Miwol,단편소설,,발표 시기 미상,https://library.ltikorea.or.kr/translatedbooks/22455,,번역서 1종 · 프랑스어 · 예: NOUVELLES DE COREE,포함
낯익은 타인들의 도시,Choi In-ho,기타,,발표 시기 미상,https://library.ltikorea.or.kr/translatedbooks/22364,,"번역서 3종 · 러시아어, 베트남어, 영어 · 예: Город знакомых незнакомцев",포함
요란요란 푸른 아파트,KIM Ryeoryeong,기타,,발표 시기 미상,https://library.ltikorea.or.kr/translatedbooks/11152,,번역서 1종 · 중국어(간체) · 예: 闹闹腾腾蔚蓝小区,포함
시차,Sou Linne Baik,기타,,발표 시기 미상,https://library.ltikorea.or.kr/translatedbooks/22365,,번역서 1종 · 영어 · 예: Time Difference,포함
옥화,Geum Hui,기타,,발표 시기 미상,https://library.ltikorea.or.kr/translatedbooks/22366,,번역서 1종 · 영어 · 예: Ok-hwa,포함
알바생 자르기,Chang Kang-myoung,기타,,발표 시기 미상,https://library.ltikorea.or.kr/translatedbooks/22367,,번역서 1종 · 영어 · 예: Fired,포함
어디로 가고 싶으신가요?,KIM Ae-ran,기타,,발표 시기 미상,https://library.ltikorea.or.kr/translatedbooks/22368,,번역서 1종 · 영어 · 예: Where Would You Like To Go?,포함
정오의 희망곡,Lee Jangwook,기타,,발표 시기 미상,https://library.ltikorea.or.kr/translatedbooks/22402,,번역서 1종 · 영어 · 예: Request Line at Noon,포함
딴생각,Kim Jaehyeok,기타,,발표 시기 미상,https://library.ltikorea.or.kr/translatedbooks/22403,,번역서 1종 · 독일어 · 예: Gedankenspiele,포함
밤 하늘의 바둑판,Oh,기타,,발표 시기 미상,https://library.ltikorea.or.kr/translatedbooks/22406,,번역서 1종 · 영어 · 예: Night-Sky Checkerboard,포함
한국현대시,Han Yong-un,시,,발표 시기 미상,https://library.ltikorea.or.kr/translatedbooks/11292,,번역서 1종 · 영어 · 예: Modern Korean Poetry,포함
한국의 선시,,기타,,발표 시기 미상,https://library.ltikorea.or.kr/translatedbooks/11296,,번역서 1종 · 불가리아어 · 예: Дзен поезия от Корея,포함
Alice's adventures in wonderland,,기타,,발표 시기 미상,https://library.ltikorea.or.kr/translatedbooks/11306,,번역서 1종 · 중국어(간체) · 예: 爱丽斯漫游奇境,포함
한국고시조,호연,시조,,발표 시기 미상,https://library.ltikorea.or.kr/translatedbooks/11308,,번역서 1종 · 영어 · 예: Classical Korean Poetry,포함
오늘 그리고 내일의 노래,Kim Nam Jo,기타,,발표 시기 미상,https://library.ltikorea.or.kr/translatedbooks/22547,,"번역서 2종 · 중국어(간체), 러시아어 · 예: 今天与明天的歌",포함
하늘의 맨살,Mah Chonggi,기타,,발표 시기 미상,https://library.ltikorea.or.kr/translatedbooks/11420,,번역서 1종 · 프랑스어 · 예: Celui qui garde ses rêves,포함
고양이에게,Gwon Yunju,기타,,발표 시기 미상,https://library.ltikorea.or.kr/translatedbooks/11432,,"번역서 1종 · 프랑스어 · 예: Toi, mon chat",포함
연암 박지원 소설집,Pak Jiwon,단편소설,,발표 시기 미상,https://library.ltikorea.or.kr/translatedbooks/22551,,번역서 1종 · 스페인어 · 예: RELATOS,포함
"잘 가라, 서커스",Cheon un-yeong,기타,,발표 시기 미상,https://library.ltikorea.or.kr/translatedbooks/22553,,번역서 2종 · 프랑스어 · 예: ADIEU LE CIRQUE!,포함
무영탑,Hyun Jin-geon,기타,,발표 시기 미상,https://library.ltikorea.or.kr/translatedbooks/22557,,번역서 1종 · 프랑스어 · 예: La pagode sans ombre,포함
서화: 식민지 시대 프로레타리아 문학선집,Park Young-hee,기타,,발표 시기 미상,https://library.ltikorea.or.kr/translatedbooks/11421,,번역서 1종 · 영어 · 예: Rat Fire,포함
봄빛,Jeong Ji A,기타,,발표 시기 미상,https://library.ltikorea.or.kr/translatedbooks/11428,,번역서 1종 · 일본어 · 예: 歲月,포함
20세기 한국문학시리즈3,Hyun Jin-geon,기타,,발표 시기 미상,https://library.ltikorea.or.kr/translatedbooks/22559,,번역서 1종 · 인도네시아어 · 예: Seri Sastra Korea Abad Ke-20 Jilid 4,포함
여우야 여우야 뭐하니,Jo Yeonga,기타,,발표 시기 미상,https://library.ltikorea.or.kr/translatedbooks/11418,,번역서 1종 · 중국어(간체) · 예: 狐狸呀，你在干什么？,포함
예술철학,Park Ynhui,기타,,발표 시기 미상,https://library.ltikorea.or.kr/translatedbooks/11321,,번역서 1종 · 중국어(간체) · 예: 艺术哲学,포함
흔들리며 피는 꽃,Do Jonghwan,기타,,발표 시기 미상,https://library.ltikorea.or.kr/translatedbooks/22457,,번역서 1종 · 영어 · 예: No Flower Blooms Without Wavering,포함
세계인이 함께 보는 한국 문화 교과서,Choi Joon-sik,기타,,발표 시기 미상,https://library.ltikorea.or.kr/translatedbooks/22458,,번역서 1종 · 일본어 · 예: やさしい韓国文化の話52,포함
주몽,Kim Seong Eun,기타,,발표 시기 미상,https://library.ltikorea.or.kr/translatedbooks/11173,,번역서 1종 · 영어 · 예: Jumong,포함
사슴과 나뭇꾼,Kim Soun,기타,,발표 시기 미상,https://library.ltikorea.or.kr/translatedbooks/11174,,번역서 1종 · 영어 · 예: The Deer and the Woodcutter,포함
한국 현대 문학 입문,Lee Namho,기타,,발표 시기 미상,https://library.ltikorea.or.kr/translatedbooks/22548,,번역서 1종 · 프랑스어 · 예: INTRODUCTION À LA LiTTÉRATURE CORÉENNE du XXe siècle,포함
나의 린드그렌 선생님,Yoo Eunsil,기타,,발표 시기 미상,https://library.ltikorea.or.kr/translatedbooks/11323,,번역서 1종 · 중국어(간체) · 예: 爱顶嘴的小女孩儿,포함
꼬리 잘린 생쥐,Gwon Yeongpum,기타,,발표 시기 미상,https://library.ltikorea.or.kr/translatedbooks/11324,,번역서 1종 · 중국어(간체) · 예: 断尾巴的小家鼠,포함
고양이 소녀,Pu Hee-ryoung,기타,,발표 시기 미상,https://library.ltikorea.or.kr/translatedbooks/11409,,번역서 1종 · 프랑스어 · 예: Féline,포함
고래의 노래,Kim Nam Jo,시,,발표 시기 미상,https://library.ltikorea.or.kr/translatedbooks/22545,,번역서 1종 · 영어 · 예: A GALAXY OF WHALE POEMS,포함
권순찬과 착한 사람들,Lee Kiho,기타,,발표 시기 미상,https://library.ltikorea.or.kr/translatedbooks/22541,,번역서 1종 · 영어 · 예: Kwon Sun-chan and Nice People,포함
세상에서 가장 비싼 소설,Kim Min Jeong,소설,,발표 시기 미상,https://library.ltikorea.or.kr/translatedbooks/22542,,번역서 1종 · 영어 · 예: The World's Most Expensive Novel,포함
나는 이 세상에 없는 계절이다,Kim Kyung Ju,기타,,발표 시기 미상,https://library.ltikorea.or.kr/translatedbooks/22363,,번역서 1종 · 영어 · 예: I Am a Season That Does Not Exist in the World,포함
"한국 시, 한국 시조",,시조,,발표 시기 미상,https://library.ltikorea.or.kr/translatedbooks/22362,,번역서 1종 · 프랑스어 · 예: Poèmes coréens,포함
착한 가족,Seo Hajin,기타,,발표 시기 미상,https://library.ltikorea.or.kr/translatedbooks/22361,,번역서 1종 · 영어 · 예: A Good Family,포함
장난감 도시,Lee Dong-ha,기타,,발표 시기 미상,https://library.ltikorea.or.kr/translatedbooks/11102,,번역서 1종 · 중국어(간체) · 예: 玩偶之城,포함
한국계 미국문학의 이해,Yoo Sun Mo,기타,,발표 시기 미상,https://library.ltikorea.or.kr/translatedbooks/11106,,번역서 1종 · 영어 · 예: Understanding Korean American Literature,포함
이,Kim Taeung,기타,,발표 시기 미상,https://library.ltikorea.or.kr/translatedbooks/11107,,번역서 1종 · 영어 · 예: The Clowns,포함
소지섭의 Everyday,So Jisub,기타,,발표 시기 미상,https://library.ltikorea.or.kr/translatedbooks/22311,,번역서 1종 · 중국어(번체) · 예: 蘇志燮的每一天,포함
현대한국출판사,Lee Dooyoung,기타,,발표 시기 미상,https://library.ltikorea.or.kr/translatedbooks/22326,,번역서 1종 · 일본어 · 예: 韓国出版発展史 (1945~2010),포함
이야기동학농민전쟁,Song Kisook,기타,,발표 시기 미상,https://library.ltikorea.or.kr/translatedbooks/22328,,번역서 1종 · 일본어 · 예: 朝鮮東学農民戦争を知っていますか?,포함
불온한 것들의 존재론,Lee Jinkyoung,기타,,발표 시기 미상,https://library.ltikorea.or.kr/translatedbooks/22330,,번역서 1종 · 일본어 · 예: 不穏なるものたちの存在論,포함
시간의 부드러운 손,Kim Kwang-Kyu,기타,,발표 시기 미상,https://library.ltikorea.or.kr/translatedbooks/11109,,번역서 1종 · 프랑스어 · 예: La douce main du temps,포함
관계,Ahn Do-Hyun,기타,,발표 시기 미상,https://library.ltikorea.or.kr/translatedbooks/22332,,번역서 1종 · 중국어(간체) · 예: 关系,포함
아시아의 죽음 문화: 인도에서 몽골까지,Lee Pyungrae,기타,,발표 시기 미상,https://library.ltikorea.or.kr/translatedbooks/22333,,번역서 1종 · 영어 · 예: Death in Asia,포함
과수원을 점령하라,Sun-mi Hwang,기타,,발표 시기 미상,https://library.ltikorea.or.kr/translatedbooks/11119,,번역서 1종 · 중국어(간체) · 예: 占领果园,포함
무슨 일이 일어났는지는 아무도,Kim Young-ha,기타,,발표 시기 미상,https://library.ltikorea.or.kr/translatedbooks/11101,,"번역서 2종 · 베트남어, 러시아어 · 예: Điều Gì Xảy Ra, Ai Biết…",포함
창비 아기책 (내거야),Jeong Sun-hui,기타,,발표 시기 미상,https://library.ltikorea.or.kr/translatedbooks/22310,,번역서 1종 · 중국어(간체) · 예: 这是我的,포함
못자국,HYUN,기타,,발표 시기 미상,https://library.ltikorea.or.kr/translatedbooks/22301,,"번역서 2종 · 일본어, 독일어 · 예: 戦争ごっこ",포함
오코치의 화려한 가출,Lee Gunsam,희곡,,발표 시기 미상,https://library.ltikorea.or.kr/translatedbooks/11098,,번역서 1종 · 영어 · 예: The Great Retreat and Other Plays,포함
랩소디 인 베를린,Ku Hyoseo,기타,,발표 시기 미상,https://library.ltikorea.or.kr/translatedbooks/11094,,번역서 1종 · 중국어(간체) · 예: 柏林狂想曲,포함
나는 유령작가입니다,KIM Yeonsu,기타,,발표 시기 미상,https://library.ltikorea.or.kr/translatedbooks/11096,,번역서 1종 · 프랑스어 · 예: Je suis un écrivain fantôme,포함
화장,KIM HOON,기타,,발표 시기 미상,https://library.ltikorea.or.kr/translatedbooks/22303,,번역서 1종 · 프랑스어 · 예: En Beauté,포함
몽타주,Choi Suchol,기타,,발표 시기 미상,https://library.ltikorea.or.kr/translatedbooks/22304,,번역서 1종 · 중국어(간체) · 예: 画影图形,포함
"잘 가라, 서커스",Cheon Un-yeong,기타,,발표 시기 미상,https://library.ltikorea.or.kr/translatedbooks/22305,,"번역서 1종 · 러시아어 · 예: ПРOЩAЙ, ЦИPK",포함
비밀과 거짓말,Eun Heekyung,기타,,발표 시기 미상,https://library.ltikorea.or.kr/translatedbooks/11097,,"번역서 3종 · 독일어, 러시아어, 프랑스어 · 예: Geheimnisse und Lügen",포함
"구름 속의 학: 시조, 한국의 고전 자국어 시가",Choi Chung,시조,,발표 시기 미상,https://library.ltikorea.or.kr/translatedbooks/11100,,번역서 1종 · 영어 · 예: The Crane in the Clouds: Shijo,포함
고양이가 돌아오는 저녁,Song Chanho,기타,,발표 시기 미상,https://library.ltikorea.or.kr/translatedbooks/22307,,번역서 1종 · 영어 · 예: The Night of the Cat's Return,포함
명랑하라 팜 파탈,Kim Yi-deum,기타,,발표 시기 미상,https://library.ltikorea.or.kr/translatedbooks/22308,,번역서 1종 · 영어 · 예: CHEER UP FEMME FATALE,포함
지금 이 순간,Ha Jiwon,기타,,발표 시기 미상,https://library.ltikorea.or.kr/translatedbooks/22309,,번역서 1종 · 중국어(번체) · 예: 此時此刻,포함
파페포포 안단테,Shim Seung Hyun,기타,,발표 시기 미상,https://library.ltikorea.or.kr/translatedbooks/22336,,번역서 1종 · 베트남어 · 예: Chuyện pape và popo- Sống Chậm,포함
신경옥이 사는 법,Shin Kyungok,기타,,발표 시기 미상,https://library.ltikorea.or.kr/translatedbooks/22347,,번역서 1종 · 중국어(번체) · 예: 喜歡小日子,포함
이미륵 평전,Park Kun,기타,,발표 시기 미상,https://library.ltikorea.or.kr/translatedbooks/22348,,번역서 1종 · 독일어 · 예: Wanderer zwischen zwei Welten,포함
슬픔치약 거울크림,Kim Hyesoon,기타,,발표 시기 미상,https://library.ltikorea.or.kr/translatedbooks/22354,,번역서 1종 · 프랑스어 · 예: Dentifricetristesse crèmemiroir,포함
흙,Yi Kwang-su,기타,,발표 시기 미상,https://library.ltikorea.or.kr/translatedbooks/11150,,번역서 1종 · 영어 · 예: The Soil,포함
아들의 겨울,Kim Juyeong,기타,,발표 시기 미상,https://library.ltikorea.or.kr/translatedbooks/22346,,번역서 1종 · 중국어(간체) · 예: 儿子的冬天,포함
열아홉 스물하나 1,Yohan,기타,,발표 시기 미상,https://library.ltikorea.or.kr/translatedbooks/22338,,"번역서 1종 · 독일어 · 예: Neunzehn, einundzwanzig 1",포함
열아홉 스물하나 2,Yohan,기타,,발표 시기 미상,https://library.ltikorea.or.kr/translatedbooks/22340,,"번역서 1종 · 독일어 · 예: Neunzehn, einundzwanzig 2",포함
홍어,Kim Juyeong,기타,,발표 시기 미상,https://library.ltikorea.or.kr/translatedbooks/11142,,"번역서 5종 · 영어, 스페인어, 중국어(간체), 불가리아어, 독일어 · 예: Stingray",포함
이상 산문선집,Yi Sang,기타,,발표 시기 미상,https://library.ltikorea.or.kr/translatedbooks/11122,,번역서 1종 · 독일어 · 예: Betriebsferien und andere Umstände,포함
"김기덕, 야생 혹은 속죄양",Kim Ki-Duk,기타,,발표 시기 미상,https://library.ltikorea.or.kr/translatedbooks/11131,,번역서 1종 · 독일어 · 예: Kim Ki-Duk Barbar oder Sündenbock?,포함
조선 후기 성 소화선집,Kim Jun-Hyeong,기타,,발표 시기 미상,https://library.ltikorea.or.kr/translatedbooks/22342,,번역서 1종 · 프랑스어 · 예: LA PORTE DES SECRETS,포함
더없이 어렴풋한 일요일,Jung Young Moon,단편소설,,발표 시기 미상,https://library.ltikorea.or.kr/translatedbooks/11146,,"번역서 1종 · 영어 · 예: A Most Ambiguous Sunday, and Other Stories",포함
한국문학 단편선,Youn Dae-Nyeong,기타,,발표 시기 미상,https://library.ltikorea.or.kr/translatedbooks/22343,,"번역서 1종 · 프랑스어 · 예: COREE DES VILLES, COREE DES CHAMPS",포함
자성록,Yi Hwang,기타,,발표 시기 미상,https://library.ltikorea.or.kr/translatedbooks/22344,,번역서 1종 · 일본어 · 예: 自省録,포함
한국한문학선집,Kim Busik,기타,,발표 시기 미상,https://library.ltikorea.or.kr/translatedbooks/7906,,번역서 1종 · 러시아어 · 예: Наставление царю цветов,포함
화엄경,Ko Un,기타,,발표 시기 미상,https://library.ltikorea.or.kr/translatedbooks/2299,,번역서 1종 · 일본어 · 예: 華厳経,포함
리버스 Vol.6,Lee Gangu,기타,,발표 시기 미상,https://library.ltikorea.or.kr/translatedbooks/2037,,번역서 1종 · 독일어 · 예: Rebirth Vol.6,포함
리버스 Vol.7,Lee Gangu,기타,,발표 시기 미상,https://library.ltikorea.or.kr/translatedbooks/2038,,번역서 1종 · 독일어 · 예: Rebirth Vol.7,포함
리버스 Vol.8,Lee Gangu,기타,,발표 시기 미상,https://library.ltikorea.or.kr/translatedbooks/2039,,번역서 1종 · 독일어 · 예: Rebirth Vol.8,포함
라그나로크,Lee Myung-Jin,기타,,발표 시기 미상,https://library.ltikorea.or.kr/translatedbooks/2040,,번역서 7종 · 독일어 · 예: Ragnarök Vol.1,포함
변강쇠전,Choi Mi Kyung,기타,,발표 시기 미상,https://library.ltikorea.or.kr/translatedbooks/7438,,번역서 1종 · 프랑스어 · 예: HISTOIRE DE BYON GANGSOÉ,포함
한국전래설화집,,소설,,발표 시기 미상,https://library.ltikorea.or.kr/translatedbooks/7440,,번역서 1종 · 영어 · 예: Korean folktales,포함
K2: Kill me Kiss me Vol.2,Lee Young-You,기타,,발표 시기 미상,https://library.ltikorea.or.kr/translatedbooks/2056,,번역서 1종 · 독일어 · 예: K2,포함
요동의 뱀파이어,Lee You Jong,기타,,발표 시기 미상,https://library.ltikorea.or.kr/translatedbooks/2057,,번역서 1종 · 독일어 · 예: Yodongs Vmpirin,포함
마왕일기 Vol.1,Lee Chihyung,기타,,발표 시기 미상,https://library.ltikorea.or.kr/translatedbooks/2058,,번역서 1종 · 독일어 · 예: Demon Diary Vol.1,포함
소녀교육헌장 Vol.1,Rhim Ju-Yean,기타,,발표 시기 미상,https://library.ltikorea.or.kr/translatedbooks/2059,,번역서 1종 · 독일어 · 예: Ami,포함
비비 Vol.1,Choi Kyung-Ah,기타,,발표 시기 미상,https://library.ltikorea.or.kr/translatedbooks/2060,,번역서 1종 · 독일어 · 예: Bibi Vol.1,포함
한국 구비설화집,Hwang Sun-Won,소설,,발표 시기 미상,https://library.ltikorea.or.kr/translatedbooks/7436,,번역서 1종 · 크로아티아어 · 예: КОРЕЈСКЕ НАРОДНЕ ПРИПОВЕТКЕ,포함
CEO 칭기즈칸: 유목민에게서 배우는 21세기 경영전략,Jongrae Kim,기타,,발표 시기 미상,https://library.ltikorea.or.kr/translatedbooks/7430,,번역서 1종 · 독일어 · 예: Dschingis Khan als CEO Führungsstrategien für das 21. Jahrhundert,포함
아일랜드,Yang Kyung-Il,기타,,발표 시기 미상,https://library.ltikorea.or.kr/translatedbooks/2025,,번역서 6종 · 독일어 · 예: Island Vol.2,포함
파검기 Vol.1,Yeo Beop-Ryong,기타,,발표 시기 미상,https://library.ltikorea.or.kr/translatedbooks/2030,,번역서 1종 · 독일어 · 예: The Legend of the Sword Vol.1,포함
파검기 Vol.2,Yeo Beop-Ryong,기타,,발표 시기 미상,https://library.ltikorea.or.kr/translatedbooks/2031,,번역서 1종 · 독일어 · 예: The Legend of the Sword Vol.2,포함
리버스 Vol.1,Lee Gangu,기타,,발표 시기 미상,https://library.ltikorea.or.kr/translatedbooks/2032,,번역서 1종 · 독일어 · 예: Rebirth Vol.1,포함
구전 설화,Im Sok-Jae,소설,,발표 시기 미상,https://library.ltikorea.or.kr/translatedbooks/7418,,번역서 1종 · 스페인어 · 예: Cuentos coreanos de tradición oral,포함
한국삼인시선,Kim Su-Young,시,,발표 시기 미상,https://library.ltikorea.or.kr/translatedbooks/7420,,번역서 1종 · 일본어 · 예: 韓国三人詩選,포함
현대시선,Kim Sowol,기타,,발표 시기 미상,https://library.ltikorea.or.kr/translatedbooks/7425,,번역서 1종 · 아라비아어 · 예: قصائد من كوريا الجنوبية,포함
산불,Cha Bumseok,희곡,,발표 시기 미상,https://library.ltikorea.or.kr/translatedbooks/7426,,번역서 1종 · 프랑스어 · 예: THÉÂTRE CORÉEN CONTEMPORAIN,포함
리버스 Vol.2,Lee Gangu,기타,,발표 시기 미상,https://library.ltikorea.or.kr/translatedbooks/2033,,번역서 1종 · 독일어 · 예: Rebirth Vol.2,포함
리버스 Vol.3,Lee Gangu,기타,,발표 시기 미상,https://library.ltikorea.or.kr/translatedbooks/2034,,번역서 1종 · 독일어 · 예: Rebirth Vol.3,포함
리버스 Vol.4,Lee Gangu,기타,,발표 시기 미상,https://library.ltikorea.or.kr/translatedbooks/2035,,번역서 1종 · 독일어 · 예: Rebirth Vol.4,포함
리버스 Vol.5,Lee Gangu,기타,,발표 시기 미상,https://library.ltikorea.or.kr/translatedbooks/2036,,번역서 1종 · 독일어 · 예: Rebirth Vol.5,포함
탄금의 서: 최정희 소설선,Choi Chung-Hui,소설,,발표 시기 미상,https://library.ltikorea.or.kr/translatedbooks/7428,,번역서 1종 · 영어 · 예: Cry of the Harp,포함
이옥의 전과 부,Yi Ok,기타,,발표 시기 미상,https://library.ltikorea.or.kr/translatedbooks/7463,,번역서 1종 · 독일어 · 예: Trauer über einen Schmetterling und andere,포함
만세전,Yom Sang-seop,단편소설,,발표 시기 미상,https://library.ltikorea.or.kr/translatedbooks/7470,,"번역서 3종 · 영어, 러시아어, 일본어 · 예: On the eve of the uprising and other stories from colonial Korea",포함
모델,Lee So-Young,기타,,발표 시기 미상,https://library.ltikorea.or.kr/translatedbooks/2050,,번역서 2종 · 독일어 · 예: Model Vol.1,포함
아르카나 Vol.1,Lee So-Young,기타,,발표 시기 미상,https://library.ltikorea.or.kr/translatedbooks/2052,,번역서 1종 · 독일어 · 예: Arcana Vol.1,포함
체크,Lee So-Young,기타,,발표 시기 미상,https://library.ltikorea.or.kr/translatedbooks/2053,,번역서 1종 · 독일어 · 예: Check Vol.1,포함
봄봄 Vol.1,Lee Young-You,기타,,발표 시기 미상,https://library.ltikorea.or.kr/translatedbooks/2054,,번역서 1종 · 독일어 · 예: Spring,포함
K2: Kill me Kiss me Vol.1,Lee Young-You,기타,,발표 시기 미상,https://library.ltikorea.or.kr/translatedbooks/2055,,번역서 1종 · 독일어 · 예: K2,포함
멸치,Kim Juyeong,기타,,발표 시기 미상,https://library.ltikorea.or.kr/translatedbooks/7482,,"번역서 2종 · 중국어(간체), 독일어 · 예: 鳀鱼",포함
내 인생의 마지막 4.5초,Song Sokze,기타,,발표 시기 미상,https://library.ltikorea.or.kr/translatedbooks/2134,,번역서 1종 · 독일어 · 예: Die letzten viereinhalb Sekunden meines,포함
당신들의 천국,Yi Chong-jun,기타,,발표 시기 미상,https://library.ltikorea.or.kr/translatedbooks/2132,,번역서 1종 · 독일어 · 예: Euer Paradies,포함
연암소설,Pak Jiwon,소설,,발표 시기 미상,https://library.ltikorea.or.kr/translatedbooks/2135,,번역서 1종 · 독일어 · 예: Die Schelte des Tigers,포함
크레이지 러브 스토리 Vol.1,Lee Vin,기타,,발표 시기 미상,https://library.ltikorea.or.kr/translatedbooks/2049,,번역서 1종 · 독일어 · 예: Crazy Love Story Vol.1,포함
신 구미호 Vol.1,Han Hyun-Dong,기타,,발표 시기 미상,https://library.ltikorea.or.kr/translatedbooks/2063,,번역서 1종 · 독일어 · 예: Kumiho,포함
스노우 드롭 Vol.1,Choi Kyung-Ah,기타,,발표 시기 미상,https://library.ltikorea.or.kr/translatedbooks/2061,,번역서 1종 · 독일어 · 예: Snow Drop Vol.1,포함
워크래프트 Vol.1,Knaak Richard,기타,,발표 시기 미상,https://library.ltikorea.or.kr/translatedbooks/2062,,번역서 1종 · 독일어 · 예: Warcraft,포함
프리스트,Hyong Min-u,기타,,발표 시기 미상,https://library.ltikorea.or.kr/translatedbooks/2064,,번역서 1종 · 독일어 · 예: Priest Vol.1,포함
뒹구는 돌은 언제 잠깨는가,LEE Seong-Bok,기타,,발표 시기 미상,https://library.ltikorea.or.kr/translatedbooks/7469,,번역서 1종 · 영어 · 예: I heard life calling me,포함
흙 속에 저 바람 속에,Lee O Young,기타,,발표 시기 미상,https://library.ltikorea.or.kr/translatedbooks/7471,,"번역서 1종 · 러시아어 · 예: В ТЕХ КРАЯХ, НА ТЕХ ВЕТРАХ",포함
박완서 단편소설선,Park Wansuh,단편소설,,발표 시기 미상,https://library.ltikorea.or.kr/translatedbooks/7473,,번역서 1종 · 러시아어 · 예: Как их много!,포함
비빔툰,Hong Seung-Woo,기타,,발표 시기 미상,https://library.ltikorea.or.kr/translatedbooks/2065,,번역서 1종 · 독일어 · 예: Bibimtoon,포함
나의 사랑 나의 조국,LEE Hee-Ho,기타,,발표 시기 미상,https://library.ltikorea.or.kr/translatedbooks/2093,,"번역서 1종 · 독일어 · 예: MEINE LIEBE, MEIN VATERLAND",포함
역사 속의 한국 여인,Byun Won-Lim,기타,,발표 시기 미상,https://library.ltikorea.or.kr/translatedbooks/2095,,"번역서 2종 · 독일어, 영어 · 예: Frauen in Koreaeine Kulturgeschichte",포함
세종대왕,Kim Young-Key,기타,,발표 시기 미상,https://library.ltikorea.or.kr/translatedbooks/2098,,번역서 1종 · 독일어 · 예: Konig Sejong der Große,포함
퇴계 시선,Yi Hwang,기타,,발표 시기 미상,https://library.ltikorea.or.kr/translatedbooks/7474,,"번역서 1종 · 독일어 · 예: Als der Hahn im Dorf am Fluβ krähte, hing der Mond noch im Dachgesims",포함
빨랫줄 위의 산책,Kim Seung-Hee,기타,,발표 시기 미상,https://library.ltikorea.or.kr/translatedbooks/7475,,번역서 1종 · 영어 · 예: Walking on a Washing Line,포함
도화 아래 잠들다,Kim Sun-Woo,기타,,발표 시기 미상,https://library.ltikorea.or.kr/translatedbooks/2131,,번역서 1종 · 독일어 · 예: Unter Pfirsichblüten eingeschlafen,포함
한국현대시선,Kang Unkyo,시,,발표 시기 미상,https://library.ltikorea.or.kr/translatedbooks/7479,,번역서 1종 · 일본어 · 예: 韓国現代詩選 -茨木のり子訳編-,포함
한국미의 조명,Zoh Johann,기타,,발표 시기 미상,https://library.ltikorea.or.kr/translatedbooks/2007,,번역서 1종 · 독일어 · 예: Koreanische Ästhetik,포함
한국현대시선집,Joo Yohan,시,,발표 시기 미상,https://library.ltikorea.or.kr/translatedbooks/5646,,번역서 1종 · 영어 · 예: The Columbia anthology of modern Korean poetry,포함
A Textbook of Translation,Peter Newmark,기타,,발표 시기 미상,https://library.ltikorea.or.kr/translatedbooks/5915,,번역서 1종 · 스페인어 · 예: MANUAL DE TRADUCCIÓN,포함
동아시아 문학지,Ko Un,기타,,발표 시기 미상,https://library.ltikorea.or.kr/translatedbooks/1915,,번역서 1종 · 독일어 · 예: Hefte für Ostasiatische Literatur 19,포함
동아시아 문학지,Cho Se-hee,기타,,발표 시기 미상,https://library.ltikorea.or.kr/translatedbooks/1920,,번역서 1종 · 독일어 · 예: Hefte für Ostasiatische Literatur 25,포함
바람과 풀,Han Yong-un,기타,,발표 시기 미상,https://library.ltikorea.or.kr/translatedbooks/1924,,번역서 2종 · 독일어 · 예: Wind und Gras,포함
한국고전시선,King Mu of Paekche,시,,발표 시기 미상,https://library.ltikorea.or.kr/translatedbooks/6366,,번역서 1종 · 영어 · 예: The Columbia anthology of traditional Korean poetry,포함
양귀비꽃 머리에 꽂고,Moon Chung-hee,시,,발표 시기 미상,https://library.ltikorea.or.kr/translatedbooks/1925,,"번역서 2종 · 독일어, 인도네시아어 · 예: Die Mohnblume im Haar Ausgewählte Gedichte",포함
박이문 시선: 부서진 말들,Park Ynhui,기타,,발표 시기 미상,https://library.ltikorea.or.kr/translatedbooks/1926,,번역서 1종 · 독일어 · 예: Zerbrochene Wörter,포함
아버지의 땅,Lim Chulwoo,기타,,발표 시기 미상,https://library.ltikorea.or.kr/translatedbooks/1930,,"번역서 2종 · 독일어, 프랑스어 · 예: Die Erde des Vaters",포함
도끼도둑,Kim Jinrak,기타,,발표 시기 미상,https://library.ltikorea.or.kr/translatedbooks/1931,,번역서 1종 · 독일어 · 예: Der Axtdieb,포함
해님 달님,Song Chaechan,기타,,발표 시기 미상,https://library.ltikorea.or.kr/translatedbooks/1932,,번역서 1종 · 독일어 · 예: Die Sonne und der Mond,포함
직지,Gyung-Han,기타,,발표 시기 미상,https://library.ltikorea.or.kr/translatedbooks/1934,,번역서 1종 · 독일어 · 예: Jikji,포함
윤흥길 소설선: 장마,Yun Heunggil,소설,,발표 시기 미상,https://library.ltikorea.or.kr/translatedbooks/6845,,"번역서 2종 · 스웨덴어, 프랑스어 · 예: Regnperioden",포함
Tears of my soul,Kim Hyun Hee,기타,,발표 시기 미상,https://library.ltikorea.or.kr/translatedbooks/1904,,번역서 1종 · 독일어 · 예: Die Tränen meiner Seele,포함
War trash,Jung Ha Jin,기타,,발표 시기 미상,https://library.ltikorea.or.kr/translatedbooks/1901,,번역서 1종 · 독일어 · 예: Kriegspack,포함
한국어문법,Kim Seongju,기타,,발표 시기 미상,https://library.ltikorea.or.kr/translatedbooks/5422,,번역서 1종 · 튀르키예어 · 예: Korece Dilbilgisi,포함
불놀이,Jo Jung-Rae,기타,,발표 시기 미상,https://library.ltikorea.or.kr/translatedbooks/1834,,"번역서 3종 · 독일어, 프랑스어, 영어 · 예: Das Spiel mit dem Feuer",포함
유형의 땅,Jo Jung-Rae,기타,,발표 시기 미상,https://library.ltikorea.or.kr/translatedbooks/1835,,"번역서 2종 · 독일어, 프랑스어 · 예: Land der Verbannung",포함
저기 소리없이 한 점 꽃잎이 지고,Choe Yun,기타,,발표 시기 미상,https://library.ltikorea.or.kr/translatedbooks/1836,,"번역서 3종 · 독일어, 프랑스어, 영어 · 예: Lautlos fällt eine Blüte",포함
광장,Choi In-Hun,기타,,발표 시기 미상,https://library.ltikorea.or.kr/translatedbooks/1837,,"번역서 3종 · 독일어, 영어, 스페인어 · 예: Der Platz",포함
아름다운 영가,Han Malsook,기타,,발표 시기 미상,https://library.ltikorea.or.kr/translatedbooks/1839,,"번역서 4종 · 독일어, 중국어(간체), 체코어, 프랑스어 · 예: Über alle mauern",포함
부초,Han Soosan,기타,,발표 시기 미상,https://library.ltikorea.or.kr/translatedbooks/1840,,"번역서 2종 · 독일어, 아라비아어 · 예: Ende einer Vorstellung",포함
무사와 악사 외,Hong Sung-won,기타,,발표 시기 미상,https://library.ltikorea.or.kr/translatedbooks/1841,,번역서 1종 · 독일어 · 예: KRIEGER UND SÄNGER,포함
한국전래동화,Ahn Kyong Hwan,동화,,발표 시기 미상,https://library.ltikorea.or.kr/translatedbooks/5435,,번역서 1종 · 베트남어 · 예: TRUYỆN CỔ TÍCH HÀN QUỐC,포함
한국복식문화사전,Kim Youngsook,기타,,발표 시기 미상,https://library.ltikorea.or.kr/translatedbooks/5639,,번역서 1종 · 일본어 · 예: 韓国服飾文化事典,포함
한국문화상징사전,Korean Cultural Symbol Dictionary Editorial Committee,기타,,발표 시기 미상,https://library.ltikorea.or.kr/translatedbooks/5641,,번역서 1종 · 일본어 · 예: 韓国文化シンボル事典,포함
동아시아 문학지,Saitō Mokichi,기타,,발표 시기 미상,https://library.ltikorea.or.kr/translatedbooks/1919,,번역서 1종 · 독일어 · 예: Hefte fur ostasiatische literatur 36,포함
재외동포문학상 수상선집,Sung-Bong Hwang,기타,,발표 시기 미상,https://library.ltikorea.or.kr/translatedbooks/1886,,번역서 1종 · 독일어 · 예: Koreanische Literatur in Deutschland,포함
이야기,Yi Mi-Ruk,단편소설,,발표 시기 미상,https://library.ltikorea.or.kr/translatedbooks/1899,,번역서 1종 · 독일어 · 예: IYAGI KURZE KOREANISCHE ERZÄHLUNGEN,포함
한국고전문학사,,기타,,발표 시기 미상,https://library.ltikorea.or.kr/translatedbooks/6854,,번역서 2종 · 불가리아어 · 예: ИСТОРИЯ НА КОРЕЙСКАТА КЛАСИЧЕСКА ЛИТЕРАТУРА,포함
러브 바이러스 Vol.1,Ryu Ryang,기타,,발표 시기 미상,https://library.ltikorea.or.kr/translatedbooks/2020,,번역서 1종 · 독일어 · 예: Love Virus Vol.1,포함
침묵의 소리,Ko Chang Soo,기타,,발표 시기 미상,https://library.ltikorea.or.kr/translatedbooks/7406,,번역서 1종 · 스페인어 · 예: El sonido del silencio,포함
김수영 전집,Kim Su-Young,시,,발표 시기 미상,https://library.ltikorea.or.kr/translatedbooks/7407,,번역서 1종 · 일본어 · 예: 金洙暎 全詩集,포함
타로카페 Vol.1,Park Sangsun,기타,,발표 시기 미상,https://library.ltikorea.or.kr/translatedbooks/2021,,번역서 1종 · 독일어 · 예: Das Tarot Café Vol.1,포함
타로카페 Vol.2,Park Sangsun,기타,,발표 시기 미상,https://library.ltikorea.or.kr/translatedbooks/2022,,번역서 1종 · 독일어 · 예: Das Tarot Café Vol.2,포함
아이 위시 Vol.1,Seo Hyun Joo,기타,,발표 시기 미상,https://library.ltikorea.or.kr/translatedbooks/2023,,번역서 1종 · 독일어 · 예: I Wish Vol.1,포함
"18, 19세기 중세소설",Chung Chul,소설,,발표 시기 미상,https://library.ltikorea.or.kr/translatedbooks/7408,,번역서 1종 · 러시아어 · 예: История фазана КОРЕЙСКИЕ ПОВЕСТИ 19 века,포함
불경 다르마 선집,Chi-nul,기타,,발표 시기 미상,https://library.ltikorea.or.kr/translatedbooks/1944,,번역서 1종 · 독일어 · 예: Dharma Sammlung,포함
한국 샤머니즘 문화,Chun Shin-Yong,기타,,발표 시기 미상,https://library.ltikorea.or.kr/translatedbooks/1948,,번역서 1종 · 독일어 · 예: Kultur des koreanischen schamanismus,포함
노송당 일본행록,Song Huigyeong,기타,,발표 시기 미상,https://library.ltikorea.or.kr/translatedbooks/1951,,번역서 1종 · 독일어 · 예: Bericht des Nosongdang über seine Reise nach Japan aus dem Jahre 142,포함
"여성, 전쟁을 넘어 일어서다",Lee Imha,기타,,발표 시기 미상,https://library.ltikorea.or.kr/translatedbooks/1954,,"번역서 1종 · 독일어 · 예: Frauen, erstanden aus dem KriegKoreakrieg und Gender",포함
한국이라는 거울 통일에 관한 현실적 맥락,Song Du-Yul,기타,,발표 시기 미상,https://library.ltikorea.or.kr/translatedbooks/2005,,번역서 1종 · 독일어 · 예: Korea-Kaleidoskop,포함
비스킷 Vol.4,Kye Seung-Hui,기타,,발표 시기 미상,https://library.ltikorea.or.kr/translatedbooks/2018,,번역서 1종 · 독일어 · 예: Biscuit Vol.4,포함
건축 사유의 기호,Seung Hyo-Sang,기타,,발표 시기 미상,https://library.ltikorea.or.kr/translatedbooks/2008,,"번역서 2종 · 독일어, 중국어(번체) · 예: Bauen als Zeichen des Denkens",포함
토기청자,Choi Kun,기타,,발표 시기 미상,https://library.ltikorea.or.kr/translatedbooks/2009,,번역서 1종 · 독일어 · 예: Handbuch der koreanischen kunst,포함
레드럼 Vol.1,Ko Ya-Seong,기타,,발표 시기 미상,https://library.ltikorea.or.kr/translatedbooks/2014,,번역서 1종 · 독일어 · 예: Redrum 327 Vol.1,포함
비스킷 Vol.1,Kye Seung-Hui,기타,,발표 시기 미상,https://library.ltikorea.or.kr/translatedbooks/2015,,번역서 1종 · 독일어 · 예: Biscuit Vol.1,포함
황순원 단편집: 목넘이 마을의 개 외,Hwang Sun-Won,단편소설,,발표 시기 미상,https://library.ltikorea.or.kr/translatedbooks/7403,,번역서 1종 · 영어 · 예: Lost Souls,포함
백자분청사기,Kim Jaeyeol,기타,,발표 시기 미상,https://library.ltikorea.or.kr/translatedbooks/2010,,번역서 1종 · 독일어 · 예: Handbuch der koreanischen kunst,포함
상처 Vol.1,Ko Ya-Seong,기타,,발표 시기 미상,https://library.ltikorea.or.kr/translatedbooks/2012,,번역서 1종 · 독일어 · 예: Scar Vol.1,포함
유리 달 아래서 Vol.1,Ko Ya-Seong,기타,,발표 시기 미상,https://library.ltikorea.or.kr/translatedbooks/2013,,번역서 1종 · 독일어 · 예: Under the Glassmoon Vol.1,포함
열하일기,Pak Jiwon,기타,,발표 시기 미상,https://library.ltikorea.or.kr/translatedbooks/7053,,번역서 1종 · 영어 · 예: The Jehol Diary,포함
아주 오래된 농담,Park Wansuh,기타,,발표 시기 미상,https://library.ltikorea.or.kr/translatedbooks/7399,,번역서 1종 · 중국어(간체) · 예: 非常久遠的玩笑,포함
휘청거리는 오후,Park Wansuh,기타,,발표 시기 미상,https://library.ltikorea.or.kr/translatedbooks/7401,,번역서 1종 · 중국어(간체) · 예: 跘跚的午后,포함
무서록,Yi Tae Jun,기타,,발표 시기 미상,https://library.ltikorea.or.kr/translatedbooks/7404,,번역서 1종 · 영어 · 예: Eastern Sentiments,포함
비스킷 Vol.2,Kye Seung-Hui,기타,,발표 시기 미상,https://library.ltikorea.or.kr/translatedbooks/2016,,번역서 1종 · 독일어 · 예: Biscuit Vol.2,포함
비스킷 Vol.3,Kye Seung-Hui,기타,,발표 시기 미상,https://library.ltikorea.or.kr/translatedbooks/2017,,번역서 1종 · 독일어 · 예: Biscuit Vol.3,포함
토끼전,Jeong Ha-Seop,기타,,발표 시기 미상,https://library.ltikorea.or.kr/translatedbooks/7488,,번역서 1종 · 중국어(간체) · 예: 兔子传,포함
나의 詩에게,Kim Nam Jo,시,,발표 시기 미상,https://library.ltikorea.or.kr/translatedbooks/7489,,번역서 1종 · 중국어(간체) · 예: 致我的詩,포함
한국의 현대문학,Lee O Young,기타,,발표 시기 미상,https://library.ltikorea.or.kr/translatedbooks/2238,,번역서 1종 · 일본어 · 예: 韓国の現代文学,포함
한국의 현대문학,Lee Ho-cheol,기타,,발표 시기 미상,https://library.ltikorea.or.kr/translatedbooks/2240,,번역서 1종 · 일본어 · 예: 韓国の現代文学,포함
조선단편소설선,Kim Dong-in,단편소설,,발표 시기 미상,https://library.ltikorea.or.kr/translatedbooks/2241,,번역서 1종 · 일본어 · 예: 朝鮮短編小説選,포함
현대한국단편선,Lim Chulwoo,단편소설,,발표 시기 미상,https://library.ltikorea.or.kr/translatedbooks/2242,,번역서 1종 · 일본어 · 예: 現代韓国短篇選 下,포함
잘못은 신에게도 있다,Cho Se-hee,기타,,발표 시기 미상,https://library.ltikorea.or.kr/translatedbooks/7857,,번역서 1종 · 프랑스어 · 예: Ce n'est pas la faute de Dieu,포함
한국근현대시조선집,Choe Nam-Seon,시조,,발표 시기 미상,https://library.ltikorea.or.kr/translatedbooks/2245,,번역서 1종 · 일본어 · 예: 韓国近現代時調選集,포함
태백산맥,Jo Jung-Rae,기타,,발표 시기 미상,https://library.ltikorea.or.kr/translatedbooks/2247,,번역서 4종 · 일본어 · 예: 太白山脈 8,포함
우리문화박물지,Lee O Young,기타,,발표 시기 미상,https://library.ltikorea.or.kr/translatedbooks/7872,,번역서 1종 · 영어 · 예: Korea style,포함
소설가 구보씨의 일일 외 13편,Hyeon Sangyun,소설,,발표 시기 미상,https://library.ltikorea.or.kr/translatedbooks/2226,,번역서 1종 · 일본어 · 예: 小説家仇甫氏の一日 : ほか十三編,포함
한국현대문학13인집,Sunwoo Hwi,기타,,발표 시기 미상,https://library.ltikorea.or.kr/translatedbooks/2227,,번역서 1종 · 일본어 · 예: 韓国現代文学13人集,포함
청개구리의 눈물,Hye-sook Wang,단편소설,,발표 시기 미상,https://library.ltikorea.or.kr/translatedbooks/7878,,번역서 1종 · 영어 · 예: Frog’s tears and other stories,포함
나도향 대표 단편선: 물레방아,Na Do-hyang,단편소설,,발표 시기 미상,https://library.ltikorea.or.kr/translatedbooks/7888,,번역서 1종 · 독일어 · 예: Der Sohn des Dieners und andere Erzählungen,포함
한국의 민속무용,Yi Byeongok,기타,,발표 시기 미상,https://library.ltikorea.or.kr/translatedbooks/7870,,번역서 1종 · 영어 · 예: Korean folk dance,포함
한국 도자사,Kang Kyungsook,기타,,발표 시기 미상,https://library.ltikorea.or.kr/translatedbooks/7868,,번역서 1종 · 영어 · 예: Korean ceramics,포함
황석영 단편선,Hwang Sok-yong,기타,,발표 시기 미상,https://library.ltikorea.or.kr/translatedbooks/7830,,번역서 1종 · 독일어 · 예: Unkraut und andere Prosa,포함
경허집: 선시선,Kiongho,기타,,발표 시기 미상,https://library.ltikorea.or.kr/translatedbooks/7834,,번역서 1종 · 체코어 · 예: Měsíc mysli úplně kulatý,포함
한국의 현대문학,Kim Won il,기타,,발표 시기 미상,https://library.ltikorea.or.kr/translatedbooks/2218,,번역서 1종 · 일본어 · 예: 韓国の現代文学. 2,포함
한국의 현대문학,Kim Junseong,기타,,발표 시기 미상,https://library.ltikorea.or.kr/translatedbooks/2219,,번역서 1종 · 일본어 · 예: 韓国の現代文学. 4,포함
진술,Haïlji,기타,,발표 시기 미상,https://library.ltikorea.or.kr/translatedbooks/7841,,"번역서 2종 · 스페인어, 리투아니아어 · 예: La Confesión",포함
한국의 신화,Seo Dae-seok,소설,,발표 시기 미상,https://library.ltikorea.or.kr/translatedbooks/7843,,"번역서 3종 · 에스토니아어, 영어, 리투아니아어 · 예: Korea Müüt",포함
한국: 동화를 찾아서,Александр Мелихов,동화,,발표 시기 미상,https://library.ltikorea.or.kr/translatedbooks/7844,,번역서 1종 · 러시아어 · 예: Республика корея,포함
한국의 현대문학,Chong-ju,기타,,발표 시기 미상,https://library.ltikorea.or.kr/translatedbooks/2230,,번역서 1종 · 일본어 · 예: 韓国の現代文学,포함
현대한국단편선,Kyung-Sook Shin,단편소설,,발표 시기 미상,https://library.ltikorea.or.kr/translatedbooks/2231,,번역서 1종 · 일본어 · 예: 現代韓国短篇選 上,포함
한국환상소설걸작선,Ahn Gukseon,소설,,발표 시기 미상,https://library.ltikorea.or.kr/translatedbooks/2233,,번역서 1종 · 일본어 · 예: 朝鮮幻想小說傑作選,포함
한국현대시집,Yi Sang,시,,발표 시기 미상,https://library.ltikorea.or.kr/translatedbooks/2236,,번역서 1종 · 일본어 · 예: 世界現代詩文庫 II 韓國現代詩集,포함
무정의 연구,Yi Kwang-Su,기타,,발표 시기 미상,https://library.ltikorea.or.kr/translatedbooks/7854,,번역서 1종 · 일본어 · 예: 『無情』の硏究,포함
검은 꽃,Kim Young-Ha,기타,,발표 시기 미상,https://library.ltikorea.or.kr/translatedbooks/7889,,"번역서 4종 · 독일어, 포르투갈어, 폴란드어, 프랑스어 · 예: Schwarze Blume",포함
운영전,,기타,,발표 시기 미상,https://library.ltikorea.or.kr/translatedbooks/7890,,"번역서 2종 · 독일어, 영어 · 예: Die Geschichte der Unyŏng",포함
한국 5인 선,KO UN,기타,,발표 시기 미상,https://library.ltikorea.or.kr/translatedbooks/7899,,번역서 1종 · 스페인어 · 예: Cinco Poetas Contemporáneos de Corea,포함
가을의 환,KIM CHAE-WON,기타,,발표 시기 미상,https://library.ltikorea.or.kr/translatedbooks/7900,,번역서 1종 · 스페인어 · 예: Espejismos de otoño,포함
구름피리: 조병화 시집,Cho Byeonghwa,시,,발표 시기 미상,https://library.ltikorea.or.kr/translatedbooks/2285,,번역서 1종 · 일본어 · 예: 雲の笛,포함
해금사회,Hahm Hye-Ryon,기타,,발표 시기 미상,https://library.ltikorea.or.kr/translatedbooks/2287,,번역서 1종 · 일본어 · 예: 海綿の社会,포함
판소리,Shin,기타,,발표 시기 미상,https://library.ltikorea.or.kr/translatedbooks/2288,,번역서 1종 · 일본어 · 예: パンソリ,포함
지하철 1호선,Kim Min-gi,기타,,발표 시기 미상,https://library.ltikorea.or.kr/translatedbooks/2289,,번역서 1종 · 일본어 · 예: 地下鐵1号線,포함
백낙청 평론집: 분단체제 · 민족문학,Baek Nakchung,평론,,발표 시기 미상,https://library.ltikorea.or.kr/translatedbooks/7902,,번역서 1종 · 중국어(번체) · 예: 白樂晴： 分斷體制 · 民族文學,포함
서편제,Yi Chong-Jun,기타,,발표 시기 미상,https://library.ltikorea.or.kr/translatedbooks/7903,,"번역서 4종 · 러시아어, 중국어(간체), 스페인어, 영어 · 예: Песни Западного края",포함
옛날 옛적에,Lee Gangryeol,기타,,발표 시기 미상,https://library.ltikorea.or.kr/translatedbooks/2290,,번역서 1종 · 일본어 · 예: むかしむかし,포함
한국고전문학선집,Kim Man Jung,기타,,발표 시기 미상,https://library.ltikorea.or.kr/translatedbooks/2293,,번역서 2종 · 일본어 · 예: 九雲夢,포함
(한국어대역총서 2) 소설편: 김동인단편집,Kim Dong-in,단편소설,,발표 시기 미상,https://library.ltikorea.or.kr/translatedbooks/2296,,번역서 1종 · 일본어 · 예: 韓国語対訳叢書2 小説偏：金東仁短篇集,포함
한국여성작가단편선,Park Wansuh,기타,,발표 시기 미상,https://library.ltikorea.or.kr/translatedbooks/2297,,번역서 1종 · 일본어 · 예: 韓国女性作家短編選,포함
여행 가깝고도 먼 이국의 친구에게,Cho Byeonghwa,기타,,발표 시기 미상,https://library.ltikorea.or.kr/translatedbooks/2284,,번역서 1종 · 일본어 · 예: 旅,포함
6 stories 현대한국여성작가단편,Ji-Young Gong,단편소설,,발표 시기 미상,https://library.ltikorea.or.kr/translatedbooks/2248,,번역서 1종 · 일본어 · 예: 6 stories 現代韓国女性作家短編,포함
현대한국소설선(現代韓國小說選) 3,Hwang Sok-yong,소설,,발표 시기 미상,https://library.ltikorea.or.kr/translatedbooks/2249,,번역서 1종 · 일본어 · 예: 現代韓国小説選 3,포함
재역 조선시집,Han Yong-un,시,,발표 시기 미상,https://library.ltikorea.or.kr/translatedbooks/2250,,번역서 1종 · 일본어 · 예: 再訳 朝鮮詩集,포함
(김양식 장편서사시집) 얼음꽃의 비석,Kim Yang-shik,시,,발표 시기 미상,https://library.ltikorea.or.kr/translatedbooks/2251,,번역서 1종 · 일본어 · 예: (長篇叙事詩集) 凛華の碑,포함
소묘,Mun Dok-su,기타,,발표 시기 미상,https://library.ltikorea.or.kr/translatedbooks/2252,,번역서 1종 · 일본어 · 예: 素描,포함
정호승 시선: 서울의 예수,Jeong Ho-seung,기타,,발표 시기 미상,https://library.ltikorea.or.kr/translatedbooks/2254,,번역서 1종 · 일본어 · 예: ソウルのイエス,포함
국물 있사옵니다,Lee Gunsam,기타,,발표 시기 미상,https://library.ltikorea.or.kr/translatedbooks/7895,,번역서 1종 · 프랑스어 · 예: À LA SOUPE !,포함
김광규 시집,Kim Kwang-Kyu,시,,발표 시기 미상,https://library.ltikorea.or.kr/translatedbooks/2256,,번역서 1종 · 일본어 · 예: 金光圭詩集,포함
김광림 시집,Kwang-lim Kim,시,,발표 시기 미상,https://library.ltikorea.or.kr/translatedbooks/2257,,번역서 2종 · 일본어 · 예: 世界詩人業書5- キム・クヮンリム(金光林)詩集,포함
한국현대단편소설선,KIM CHAE-WON,단편소설,,발표 시기 미상,https://library.ltikorea.or.kr/translatedbooks/7897,,번역서 1종 · 포르투갈어 · 예: Contos Contemporâneos Coreanos,포함
16세기 가사와 시조,Song Sun,시조,,발표 시기 미상,https://library.ltikorea.or.kr/translatedbooks/7894,,번역서 1종 · 프랑스어 · 예: ANTHOLOGIE DE LA POÉSIE CORÉENNE DU ⅩⅥ SIÈCLE,포함
이성부시집 -우리들의 양식 외-,Lee SungBoo,시,,발표 시기 미상,https://library.ltikorea.or.kr/translatedbooks/2275,,번역서 1종 · 일본어 · 예: 李盛夫詩集-我等の糧他,포함
이육사시집,Yi Yuksa,시,,발표 시기 미상,https://library.ltikorea.or.kr/translatedbooks/2276,,번역서 1종 · 일본어 · 예: 李陸史詩集,포함
히로시마의 갈매기,Chong Ki-Sheok,기타,,발표 시기 미상,https://library.ltikorea.or.kr/translatedbooks/2280,,번역서 1종 · 일본어 · 예: 広島のカモメ,포함
한국현대단편소설,Kim Seungok,단편소설,,발표 시기 미상,https://library.ltikorea.or.kr/translatedbooks/2216,,번역서 1종 · 일본어 · 예: 韓国現代短編小説,포함
한국단편소설선,Kim Dongri,단편소설,,발표 시기 미상,https://library.ltikorea.or.kr/translatedbooks/2207,,"번역서 2종 · 일본어, 러시아어 · 예: 韓国短篇小説選",포함
인현왕후,,기타,,발표 시기 미상,https://library.ltikorea.or.kr/translatedbooks/2155,,"번역서 1종 · 이탈리아어 · 예: MOGLI, MARITI E CONCUBINE",포함
이 세상에 식량이 사라진다면? 햄버거가 뚝!,Sin Jeongmin,기타,,발표 시기 미상,https://library.ltikorea.or.kr/translatedbooks/7499,,번역서 1종 · 중국어(간체) · 예: 有一天世界上都沒有食物的話？咦~漢堡通通不見了！,포함
석유가 뚝!,Sin Jeongmin,기타,,발표 시기 미상,https://library.ltikorea.or.kr/translatedbooks/7500,,"번역서 2종 · 중국어(번체), 중국어(간체) · 예: 石油, 不見了啦如果這世界上沒有石油的話",포함
송이의 노란 우산,Lee Chulhwan,기타,,발표 시기 미상,https://library.ltikorea.or.kr/translatedbooks/7502,,번역서 1종 · 중국어(간체) · 예: 松伊的黃雨伞,포함
낙타할아버지는 어디로 갔을까,Lee Chulhwan,기타,,발표 시기 미상,https://library.ltikorea.or.kr/translatedbooks/7503,,번역서 1종 · 중국어(간체) · 예: 罗锅爷爷去了哪里,포함
그 노래 다시 부르지 못하네,Yi Chong-Jun,기타,,발표 시기 미상,https://library.ltikorea.or.kr/translatedbooks/2165,,"번역서 2종 · 이탈리아어, 프랑스어 · 예: INTERNO COREANO CON SEQUESTRO",포함
이어도,Yi Chong-Jun,기타,,발표 시기 미상,https://library.ltikorea.or.kr/translatedbooks/2166,,"번역서 2종 · 이탈리아어, 프랑스어 · 예: ENIGMI COREANI",포함
호철이 안경은 이상해,Jo Seongja,기타,,발표 시기 미상,https://library.ltikorea.or.kr/translatedbooks/7504,,번역서 1종 · 중국어(간체) · 예: 浩哲的魔力眼镜,포함
직녀의 일기장,Jeon Ari,기타,,발표 시기 미상,https://library.ltikorea.or.kr/translatedbooks/7541,,번역서 1종 · 일본어 · 예: おり姫の日記帳,포함
한국의 고전소설,Jung Byungsul,소설,,발표 시기 미상,https://library.ltikorea.or.kr/translatedbooks/7598,,번역서 1종 · 일본어 · 예: 韓国の古典小說,포함
한국 시조선,李瑢浩,시조,,발표 시기 미상,https://library.ltikorea.or.kr/translatedbooks/7604,,번역서 1종 · 일본어 · 예: 韓國時調選集 古時調ㆍ現代時調,포함
"고전소설선-흥부전, 심청전, 춘향전",,소설,,발표 시기 미상,https://library.ltikorea.or.kr/translatedbooks/2142,,"번역서 2종 · 힌디어, 일본어 · 예: श्रेष्ठ कोरियाई कथाएँ",포함
오우가: 한국의 시조,Yun Son-do,시조,,발표 시기 미상,https://library.ltikorea.or.kr/translatedbooks/2146,,번역서 1종 · 헝가리어 · 예: AZ ÖT BARÁT ÉNEKE,포함
한국고전문학,,기타,,발표 시기 미상,https://library.ltikorea.or.kr/translatedbooks/2149,,"번역서 2종 · 폴란드어, 중국어(간체) · 예: Klasyczna literatura koreanska",포함
한국 고시선집(가제),,시,,발표 시기 미상,https://library.ltikorea.or.kr/translatedbooks/2150,,"번역서 2종 · 이탈리아어, 프랑스어 · 예: POESIA RELIGIOSA COREANA",포함
한국현대소설선,Ha Keun-Chan,소설,,발표 시기 미상,https://library.ltikorea.or.kr/translatedbooks/7494,,"번역서 2종 · 중국어(간체), 영어 · 예: 韩国现代小说选",포함
홍길동전,Jeong Ha-Seop,기타,,발표 시기 미상,https://library.ltikorea.or.kr/translatedbooks/7495,,번역서 1종 · 중국어(간체) · 예: 洪吉童传,포함
흥부전,Jeong Ha-Seop,기타,,발표 시기 미상,https://library.ltikorea.or.kr/translatedbooks/7496,,번역서 1종 · 중국어(간체) · 예: 兴夫传,포함
일기도서관,Park Hyomi,기타,,발표 시기 미상,https://library.ltikorea.or.kr/translatedbooks/7497,,번역서 1종 · 중국어(간체) · 예: 日记图书馆,포함
"아빠, 힘내세요",Ko Susanna,기타,,발표 시기 미상,https://library.ltikorea.or.kr/translatedbooks/7498,,"번역서 1종 · 중국어(간체) · 예: 爸爸, 加油",포함
靑樓의 노래: 한국 기생시,HWANG CHINI,기타,,발표 시기 미상,https://library.ltikorea.or.kr/translatedbooks/2151,,번역서 1종 · 이탈리아어 · 예: CANTI DAL PADIGLIONE AZZURRO,포함
구상시선,Ku Sang,기타,,발표 시기 미상,https://library.ltikorea.or.kr/translatedbooks/2152,,"번역서 3종 · 이탈리아어, 프랑스어, 스웨덴어 · 예: Il fiume di cristoforo",포함
아내가 결혼했다,Park Hyun-wook,기타,,발표 시기 미상,https://library.ltikorea.or.kr/translatedbooks/7647,,번역서 1종 · 일본어 · 예: もうひとり夫が欲しい,포함
마침내 시인이여: 한국 17인 신작시집,Shin Kyeong-nim,시,,발표 시기 미상,https://library.ltikorea.or.kr/translatedbooks/2202,,번역서 1종 · 일본어 · 예: いまこそ詩人よ,포함
고전한시집,Kim Yu,시,,발표 시기 미상,https://library.ltikorea.or.kr/translatedbooks/7807,,번역서 1종 · 영어 · 예: On An Autumn Night,포함
한국시조선집,King Sungjong,시조,,발표 시기 미상,https://library.ltikorea.or.kr/translatedbooks/7810,,번역서 1종 · 영어 · 예: An Anthlolgy of Korean Sijo,포함
유예: 한국 현대 단편선,Kim Dongri,기타,,발표 시기 미상,https://library.ltikorea.or.kr/translatedbooks/7811,,번역서 1종 · 영어 · 예: A Moment's Grace,포함
엘리베이터에 낀 그 남자는 어떻게 되었나,Kim Young-Ha,기타,,발표 시기 미상,https://library.ltikorea.or.kr/translatedbooks/2160,,"번역서 3종 · 이탈리아어, 스웨덴어, 리투아니아어 · 예: Che cosa ci fa un morto nell'ascensore?",포함
아내의 상자,Eun Heekyung,기타,,발표 시기 미상,https://library.ltikorea.or.kr/translatedbooks/2161,,"번역서 3종 · 이탈리아어, 불가리아어, 프랑스어 · 예: LA STANZA DI MIA MOGLIE",포함
금시조,Yi Mun-yol,시조,,발표 시기 미상,https://library.ltikorea.or.kr/translatedbooks/2162,,"번역서 2종 · 이탈리아어, 프랑스어 · 예: L'uccello dalle ali d'oro",포함
붉은 방,Park Wansuh,기타,,발표 시기 미상,https://library.ltikorea.or.kr/translatedbooks/7812,,번역서 1종 · 영어 · 예: The red room,포함
"물소리, 바람소리",Boep Joeng,기타,,발표 시기 미상,https://library.ltikorea.or.kr/translatedbooks/7815,,"번역서 1종 · 영어 · 예: The sound of water, the sound of wind and other early works by a mountain monk",포함
한국시35인선,Ko Jungae,시,,발표 시기 미상,https://library.ltikorea.or.kr/translatedbooks/2204,,번역서 1종 · 일본어 · 예: 韓国詩35人選,포함
한국의 현대문학,Kim Dongri,기타,,발표 시기 미상,https://library.ltikorea.or.kr/translatedbooks/2205,,번역서 1종 · 일본어 · 예: 韓国の現代文学,포함
먼 길,Kim Insuk,기타,,발표 시기 미상,https://library.ltikorea.or.kr/translatedbooks/7816,,번역서 1종 · 영어 · 예: The long road,포함
한국우화집,,기타,,발표 시기 미상,https://library.ltikorea.or.kr/translatedbooks/2170,,번역서 1종 · 이탈리아어 · 예: FIABE E STORIE COREANE,포함
성옹식소론,Heo Kyun,기타,,발표 시기 미상,https://library.ltikorea.or.kr/translatedbooks/2171,,번역서 1종 · 이탈리아어 · 예: DIVAGAZIONI DELL'ESILIO,포함
원미동 사람들,YANG GUI-JA,기타,,발표 시기 미상,https://library.ltikorea.or.kr/translatedbooks/2174,,번역서 1종 · 이탈리아어 · 예: Gente di Wŏnmidong,포함
조선민담집,Son Jintae,소설,,발표 시기 미상,https://library.ltikorea.or.kr/translatedbooks/7689,,번역서 1종 · 일본어 · 예: 朝鮮民譚集,포함
조선문학의 지성 김기림,Kim Kirim,기타,,발표 시기 미상,https://library.ltikorea.or.kr/translatedbooks/7797,,번역서 1종 · 일본어 · 예: 朝鮮文学の知性 金起林,포함
한국연극전사,Suh Yonho,기타,,발표 시기 미상,https://library.ltikorea.or.kr/translatedbooks/7798,,번역서 1종 · 일본어 · 예: 韓国演劇史—伝統と現代,포함
중심의 괴로움,Kim Ji-ha,기타,,발표 시기 미상,https://library.ltikorea.or.kr/translatedbooks/7801,,"번역서 2종 · 독일어, 영어 · 예: Blütenneid",포함
한국고전문학선집 3 춘향전・추풍감별곡・홍길동전,Heo Kyun,기타,,발표 시기 미상,https://library.ltikorea.or.kr/translatedbooks/2197,,번역서 1종 · 일본어 · 예: 韓国古典文学選集3 春香伝・秋風感別曲・洪吉童伝,포함
20세기 한국문학시리즈3,Yi Kwang-su,기타,,발표 시기 미상,https://library.ltikorea.or.kr/translatedbooks/22561,,번역서 1종 · 인도네시아어 · 예: Seri Sastra Korea Abad Ke-20 Jilid 2,포함
길 위의 집,Lee Hye-kyung,기타,,발표 시기 미상,https://library.ltikorea.or.kr/translatedbooks/22572,,"번역서 2종 · 중국어(간체), 독일어 · 예: 路上的家",포함
초식,Lee Ze-ha,기타,,발표 시기 미상,https://library.ltikorea.or.kr/translatedbooks/10272,,번역서 1종 · 프랑스어 · 예: RÉGIME VÉGÉTARIEN,포함
한국 단편 소설: 북한문학 선집,Byeon Huigeun,단편소설,,발표 시기 미상,https://library.ltikorea.or.kr/translatedbooks/12694,,번역서 1종 · 영어 · 예: Korean Short Stories,포함
빼앗긴 이름,Kim Eunguk,기타,,발표 시기 미상,https://library.ltikorea.or.kr/translatedbooks/12695,,번역서 1종 · 영어 · 예: Lost Names,포함
조선시대야담집 (옛 한국의 야담),Im Pang,기타,,발표 시기 미상,https://library.ltikorea.or.kr/translatedbooks/12696,,번역서 1종 · 영어 · 예: Eerie Tales from Old Korea,포함
한국의 다도,An Sunjae,기타,,발표 시기 미상,https://library.ltikorea.or.kr/translatedbooks/12713,,번역서 1종 · 영어 · 예: The Korean Way of Tea,포함
코카콜라 애인,Youn Dae-Nyeong,기타,,발표 시기 미상,https://library.ltikorea.or.kr/translatedbooks/10273,,번역서 1종 · 프랑스어 · 예: Les Amants du Coca-Cola Club,포함
속삭임,KO UN,기타,,발표 시기 미상,https://library.ltikorea.or.kr/translatedbooks/10277,,번역서 1종 · 프랑스어 · 예: CHUCHOTEMENT,포함
토지,PAK Kyongni,기타,,발표 시기 미상,https://library.ltikorea.or.kr/translatedbooks/12714,,번역서 1종 · 독일어 · 예: LAND 4,포함
"서울, 1964년 겨울",Kim Seungok,기타,,발표 시기 미상,https://library.ltikorea.or.kr/translatedbooks/10188,,"번역서 2종 · 영어, 러시아어 · 예: Seoul-1964-Winter",포함
A Gesture Life,Lee Chang-rae,기타,,발표 시기 미상,https://library.ltikorea.or.kr/translatedbooks/10192,,"번역서 2종 · 한국어, 프랑스어 · 예: 척하는 삶",포함
젊은 구글러가 세상에 던지는 열정력,Kim Taewon,기타,,발표 시기 미상,https://library.ltikorea.or.kr/translatedbooks/10199,,번역서 1종 · 중국어(번체) · 예: 為自己的夢想掌舵,포함
나의 비밀정원에 놀러오세요,Jang Sunhye,기타,,발표 시기 미상,https://library.ltikorea.or.kr/translatedbooks/10201,,번역서 1종 · 중국어(간체) · 예: 欢迎到我的神秘花园来参观,포함
아홉 켤레의 구두로 남은 사내,Yun Heunggil,기타,,발표 시기 미상,https://library.ltikorea.or.kr/translatedbooks/12721,,"번역서 2종 · 중국어(간체), 스페인어 · 예: 化身九双鞋的男人",포함
시인이 쓴 통일노래,Hwang Kapju,기타,,발표 시기 미상,https://library.ltikorea.or.kr/translatedbooks/12693,,번역서 1종 · 영어 · 예: A Korean Poet's Songs of the Motherland's Reunification,포함
피부는 요술옷,Jang Gihwa,기타,,발표 시기 미상,https://library.ltikorea.or.kr/translatedbooks/10205,,번역서 1종 · 중국어(간체) · 예: 我们神奇的衣服——皮肤,포함
당신의 꿈은 무엇입니까,Kim Su-Young,기타,,발표 시기 미상,https://library.ltikorea.or.kr/translatedbooks/12678,,번역서 1종 · 중국어(번체) · 예: 你的夢想是什麼,포함
드림레시피,Kim Su-Young,기타,,발표 시기 미상,https://library.ltikorea.or.kr/translatedbooks/12679,,"번역서 1종 · 중국어(번체) · 예: 沒試100次,別說你有夢想",포함
철학이 필요한 시간,Kang Sinju,기타,,발표 시기 미상,https://library.ltikorea.or.kr/translatedbooks/12680,,번역서 1종 · 중국어(간체) · 예: 需要哲學陪伴的時間,포함
꽃의 고요,Hwang Tong-gyu,기타,,발표 시기 미상,https://library.ltikorea.or.kr/translatedbooks/12681,,번역서 1종 · 독일어 · 예: Stille der Blüten,포함
어린이 삼국유사,서정오,기타,,발표 시기 미상,https://library.ltikorea.or.kr/translatedbooks/10262,,번역서 1종 · 베트남어 · 예: Truyện cố Hàn Quốc thòi Tam Quốc dành cho thiếu nhi .,포함
낭만적 사랑과 사회,Jeong Yi Hyun,기타,,발표 시기 미상,https://library.ltikorea.or.kr/translatedbooks/12687,,번역서 1종 · 중국어(간체) · 예: 浪漫之爱与社会,포함
그곳이 어디든,Lee Seung-u,기타,,발표 시기 미상,https://library.ltikorea.or.kr/translatedbooks/10280,,번역서 1종 · 프랑스어 · 예: ICI COMME AILLEURS,포함
(약이 되고 궁합 맞는) 음식 동의보감,Shin Jaiyong,기타,,발표 시기 미상,https://library.ltikorea.or.kr/translatedbooks/10403,,번역서 1종 · 중국어(번체) · 예: 名醫的飲食對症療法,포함
중학생이 되기 전에 꼭 읽어야 할 만화 수학 교과서,Ko Yunkon,기타,,발표 시기 미상,https://library.ltikorea.or.kr/translatedbooks/10404,,번역서 1종 · 중국어(간체) · 예: 上初中前必读的 数学漫画.,포함
(체질에 따라 치료 효과 100% 높이는) 음식동의보감,Shin Jaiyong,기타,,발표 시기 미상,https://library.ltikorea.or.kr/translatedbooks/10406,,번역서 1종 · 중국어(번체) · 예: 體質飮食東醫寶鑑,포함
저만치 혼자서,KIM HOON,기타,,발표 시기 미상,https://library.ltikorea.or.kr/translatedbooks/12733,,번역서 1종 · 영어 · 예: Alone Over There,포함
무진기행,Kim Seungok,기타,,발표 시기 미상,https://library.ltikorea.or.kr/translatedbooks/10423,,"번역서 3종 · 영어, 스페인어, 프랑스어 · 예: Record of a Journey to Mujin",포함
바보처럼 공부하고 천채처럼 꿈꿔라,Shin Ungjin,기타,,발표 시기 미상,https://library.ltikorea.or.kr/translatedbooks/10424,,번역서 1종 · 중국어(간체) · 예: 怀着天才一样的梦想像傻瓜一样学习,포함
탈출기,Choi Seohae,기타,,발표 시기 미상,https://library.ltikorea.or.kr/translatedbooks/12736,,번역서 1종 · 영어 · 예: Escape,포함
과도기,Han Seolya,기타,,발표 시기 미상,https://library.ltikorea.or.kr/translatedbooks/12737,,번역서 1종 · 영어 · 예: Transition,포함
전 세계의 쓰레기여 단결하라!,KIM HYESOON,기타,,발표 시기 미상,https://library.ltikorea.or.kr/translatedbooks/10436,,"번역서 1종 · 영어 · 예: All the Garbage of the World, Unite!",포함
김 강사와 T 교수,Yu Chin-O,기타,,발표 시기 미상,https://library.ltikorea.or.kr/translatedbooks/12740,,번역서 1종 · 영어 · 예: Lecturer Kim and Professor T,포함
삭매와 자미,Kim Byeola,기타,,발표 시기 미상,https://library.ltikorea.or.kr/translatedbooks/12732,,번역서 1종 · 영어 · 예: Sakmae and Jami,포함
상춘곡,Youn Dae-Nyeong,기타,,발표 시기 미상,https://library.ltikorea.or.kr/translatedbooks/12731,,번역서 1종 · 영어 · 예: Song of Everlasting Spring,포함
초정리 편지,Bae Yoo-an,기타,,발표 시기 미상,https://library.ltikorea.or.kr/translatedbooks/10278,,번역서 1종 · 프랑스어 · 예: Les lettres du secret,포함
언니를 놓치다,Yi Kyoung-Ja,기타,,발표 시기 미상,https://library.ltikorea.or.kr/translatedbooks/12724,,번역서 1종 · 영어 · 예: Losing a Sister,포함
아들,Yun Jeong-Mo,기타,,발표 시기 미상,https://library.ltikorea.or.kr/translatedbooks/12725,,번역서 1종 · 영어 · 예: Father and Son,포함
한국대표시선집,Kim Sowol,시,,발표 시기 미상,https://library.ltikorea.or.kr/translatedbooks/10330,,번역서 1종 · 세르비아어 · 예: ДАМАРИ ЖИВОТА,포함
명두,Ku Hyoseo,기타,,발표 시기 미상,https://library.ltikorea.or.kr/translatedbooks/12726,,번역서 1종 · 영어 · 예: Relics,포함
모독,Cho Se-hee,기타,,발표 시기 미상,https://library.ltikorea.or.kr/translatedbooks/12727,,번역서 1종 · 영어 · 예: Insult,포함
화요일의 강,Son Hong-kyu,기타,,발표 시기 미상,https://library.ltikorea.or.kr/translatedbooks/12728,,번역서 1종 · 영어 · 예: Tuesday River,포함
고수,Lee Oisoo,기타,,발표 시기 미상,https://library.ltikorea.or.kr/translatedbooks/12729,,번역서 1종 · 영어 · 예: Grand Master,포함
무의자 시집,Hyeshim,시,,발표 시기 미상,https://library.ltikorea.or.kr/translatedbooks/10326,,번역서 1종 · 영어 · 예: Magnolia & Lotus,포함
이문열 중단편집: 우리들의 일그러진 영웅 외,Yi Mun-yol,단편소설,,발표 시기 미상,https://library.ltikorea.or.kr/translatedbooks/10331,,"번역서 3종 · 몽골어, 프랑스어, 튀르키예어 · 예: Mahaй aнгийн овгоp",포함
김동리 단편선: 까치소리,Kim Dongri,기타,,발표 시기 미상,https://library.ltikorea.or.kr/translatedbooks/10338,,번역서 1종 · 러시아어 · 예: ПΛАЧ СОРОКИ,포함
(온쪽이 하예린의) 내가 만난 파리,Choe Hayerin,기타,,발표 시기 미상,https://library.ltikorea.or.kr/translatedbooks/10389,,번역서 1종 · 중국어(간체) · 예: (一个小学五年級女生的奇妙之旅) 带着老爸去巴黎,포함
재미있게 말하는 사람이 성공한다,Yu Jaehwa,기타,,발표 시기 미상,https://library.ltikorea.or.kr/translatedbooks/10395,,번역서 1종 · 중국어(번체) · 예: 懂得幽默,포함
말을 찾아서,Lee Soon-won,기타,,발표 시기 미상,https://library.ltikorea.or.kr/translatedbooks/12730,,번역서 1종 · 영어 · 예: Looking for a Horse,포함
청소부는 누구?,Kang Eungyeong,기타,,발표 시기 미상,https://library.ltikorea.or.kr/translatedbooks/10204,,번역서 1종 · 중국어(번체) · 예: 地球的情节小卫士是谁呢？,포함
나는 누구게?,Jang Gihwa,기타,,발표 시기 미상,https://library.ltikorea.or.kr/translatedbooks/10203,,번역서 1종 · 중국어(간체) · 예: 猜猜我是谁？,포함
누가 파리를 잡아먹었나,Ha Neulttang,기타,,발표 시기 미상,https://library.ltikorea.or.kr/translatedbooks/10202,,번역서 1종 · 중국어(간체) · 예: 谁吃了苍蝇？,포함
축제,Yi Chong-Jun,기타,,발표 시기 미상,https://library.ltikorea.or.kr/translatedbooks/12509,,번역서 1종 · 스페인어 · 예: La fiesta,포함
황태자비 납치사건,Kim Jin-myung,기타,,발표 시기 미상,https://library.ltikorea.or.kr/translatedbooks/12517,,번역서 1종 · 중국어(간체) · 예: 皇太子妃,포함
처음 만나던 때,Kim Kwang-Kyu,기타,,발표 시기 미상,https://library.ltikorea.or.kr/translatedbooks/9918,,번역서 1종 · 독일어 · 예: Botschaften vom grünen Planeten,포함
한국의 명시: 한영 대역시,Ko Chang Soo,시,,발표 시기 미상,https://library.ltikorea.or.kr/translatedbooks/9932,,번역서 1종 · 영어 · 예: Korea's golden poems = 한국의 명시,포함
디엔에이가 뭐예요?,Im Hyuk,기타,,발표 시기 미상,https://library.ltikorea.or.kr/translatedbooks/9935,,번역서 1종 · 포르투갈어 · 예: O que é DNA?,포함
어디든 공기는 있어요,Hwa Joong Kim,기타,,발표 시기 미상,https://library.ltikorea.or.kr/translatedbooks/9940,,번역서 1종 · 포르투갈어 · 예: O ar está em todo lugar,포함
"경성의 다다, 동경의 다다",Yoshikawa Nagi,기타,,발표 시기 미상,https://library.ltikorea.or.kr/translatedbooks/12521,,번역서 1종 · 일본어 · 예: 京城のダダ、東京のダダ,포함
운명을 바꾸는 10년 통장: 10년 벌어 50년 산다!,Ko Deuksung,기타,,발표 시기 미상,https://library.ltikorea.or.kr/translatedbooks/12522,,번역서 1종 · 중국어(간체) · 예: 30年后你拿什么養活自己 3,포함
배가 물에 동동,Yoo Hosun,기타,,발표 시기 미상,https://library.ltikorea.or.kr/translatedbooks/9941,,번역서 1종 · 포르투갈어 · 예: Como flutuam os barcos,포함
보이는 물 보이지 않는 물,Sung Hyesook,기타,,발표 시기 미상,https://library.ltikorea.or.kr/translatedbooks/9943,,"번역서 1종 · 포르투갈어 · 예: Água, visível e invisível",포함
지성에서 영성으로,Lee O Young,기타,,발표 시기 미상,https://library.ltikorea.or.kr/translatedbooks/12523,,번역서 1종 · 중국어(번체) · 예: 從不相信到相信,포함
재일조선인 문학사를 위하여,Song Hye-won,기타,,발표 시기 미상,https://library.ltikorea.or.kr/translatedbooks/12529,,번역서 1종 · 일본어 · 예: 「在日朝鮮人文学史」のために,포함
단 한번 보지 못한 내 꽃들,Song Ki-Won,기타,,발표 시기 미상,https://library.ltikorea.or.kr/translatedbooks/12603,,번역서 1종 · 스페인어 · 예: Flores Mias Que Nunca Las He Visto,포함
유리체를 통과하다,Ko Hyeong-ryeol,기타,,발표 시기 미상,https://library.ltikorea.or.kr/translatedbooks/12604,,번역서 1종 · 일본어 · 예: ガラス体を貫通する,포함
황토빛 이야기,Kim Dong Hwa,기타,,발표 시기 미상,https://library.ltikorea.or.kr/translatedbooks/9911,,번역서 2종 · 영어 · 예: The color of heaven,포함
목걸이 열쇠,Sun-mi Hwang,기타,,발표 시기 미상,https://library.ltikorea.or.kr/translatedbooks/12444,,번역서 1종 · 중국어(간체) · 예: 总想逃家的孩子,포함
한국시가집: 조선왕조,Won ch'on-sok,시,,발표 시기 미상,https://library.ltikorea.or.kr/translatedbooks/12447,,번역서 1종 · 영어 · 예: The Book of Korean Poetry: Chosŏn Dynasty,포함
화살의 숲,Moon Chung-hee,기타,,발표 시기 미상,https://library.ltikorea.or.kr/translatedbooks/12483,,번역서 1종 · 알바니아어 · 예: Kënga e shigjetave,포함
별을 스치는 바람,Lee Jung-Myung,기타,,발표 시기 미상,https://library.ltikorea.or.kr/translatedbooks/12484,,"번역서 2종 · 스페인어, 프랑스어 · 예: El guardia, el poeta y el prisionero",포함
오빠가 돌아왔다,Kim Young-ha,기타,,발표 시기 미상,https://library.ltikorea.or.kr/translatedbooks/12485,,번역서 1종 · 중국어(간체) · 예: 哥哥回来了,포함
지도는 언제나 말을 해,Kim Heekyoung,기타,,발표 시기 미상,https://library.ltikorea.or.kr/translatedbooks/9891,,번역서 1종 · 폴란드어 · 예: Dokąd iść? Mapy mówią do nas,포함
바셀린 붓다,Jung Young Moon,기타,,발표 시기 미상,https://library.ltikorea.or.kr/translatedbooks/12506,,"번역서 2종 · 독일어, 영어 · 예: Vaseline-Buddha",포함
Korean Way of Tea,An Sunjae,기타,,발표 시기 미상,https://library.ltikorea.or.kr/translatedbooks/12507,,번역서 1종 · 페르시아어 · 예: آدابکرهای چای,포함
잊혀진 질문,Cha Dongyub,기타,,발표 시기 미상,https://library.ltikorea.or.kr/translatedbooks/12508,,번역서 1종 · 중국어(번체) · 예: 被遺忘的疑問,포함
여기부터 가보자,Lee Hwadeuk,기타,,발표 시기 미상,https://library.ltikorea.or.kr/translatedbooks/9892,,번역서 1종 · 중국어(간체) · 예: 韓國還可以這樣玩,포함
(부모와 아이의 마음을 통하게 하는) 부모의 심리학,Lee Boyeon,기타,,발표 시기 미상,https://library.ltikorea.or.kr/translatedbooks/9895,,번역서 1종 · 중국어(간체) · 예: 做個好父母吧!你的性格影響孩子的一生,포함
세상을 바꾼 과학자 50인의 특강,Gwon Euna,기타,,발표 시기 미상,https://library.ltikorea.or.kr/translatedbooks/9897,,번역서 1종 · 중국어(간체) · 예: 改变世界的50位科学家,포함
세상을 바꾼 글로벌 리더 50인의 특강,Kim Dukyung,기타,,발표 시기 미상,https://library.ltikorea.or.kr/translatedbooks/9902,,번역서 1종 · 중국어(간체) · 예: 改变世界的50位全球领袖,포함
세상을 바꾼 노벨상 수상자 50인의 특강,,기타,,발표 시기 미상,https://library.ltikorea.or.kr/translatedbooks/9904,,번역서 1종 · 중국어(간체) · 예: 改变世界的50位诺贝尔奖得主,포함
누구세요?,YI HYON-HWA,기타,,발표 시기 미상,https://library.ltikorea.or.kr/translatedbooks/9963,,번역서 1종 · 프랑스어 · 예: QUI ÊTES-VOUS ?,포함
생의 이면,Lee Seung-u,기타,,발표 시기 미상,https://library.ltikorea.or.kr/translatedbooks/9968,,"번역서 3종 · 스페인어, 프랑스어, 영어 · 예: La otra cara de la vida",포함
"고혈압 치료, 나는 혈압약을 믿지 않는다",Sun Jaegwang,기타,,발표 시기 미상,https://library.ltikorea.or.kr/translatedbooks/9983,,번역서 1종 · 중국어(간체) · 예: 不靠降壓藥，高血壓才會好！高血壓名醫傳授自然痊癒的整合療法,포함
놀이로 배우는 경제,ETONE경제교육중심,기타,,발표 시기 미상,https://library.ltikorea.or.kr/translatedbooks/9986,,번역서 1종 · 중국어(간체) · 예: 零用錢理財日記,포함
원더랜드 서울,Jeong Jaein,기타,,발표 시기 미상,https://library.ltikorea.or.kr/translatedbooks/9987,,번역서 1종 · 중국어(간체) · 예: 必玩!首爾地鐵通,포함
노을,Kim Won il,기타,,발표 시기 미상,https://library.ltikorea.or.kr/translatedbooks/12632,,"번역서 3종 · 독일어, 프랑스어, 영어 · 예: Abendrot",포함
나의 문화유산답사기 1,Yu Hongjun,기타,,발표 시기 미상,https://library.ltikorea.or.kr/translatedbooks/12633,,번역서 1종 · 일본어 · 예: 日本の中の朝鮮をゆく 1,포함
잘가요 언덕,Cha In-Pyo,기타,,발표 시기 미상,https://library.ltikorea.or.kr/translatedbooks/12640,,번역서 1종 · 일본어 · 예: さらば峠,포함
단종애사 (상),Yi Kwang-Su,기타,,발표 시기 미상,https://library.ltikorea.or.kr/translatedbooks/12645,,번역서 1종 · 일본어 · 예: 端宗哀史,포함
단종애사 (하),Yi Kwang-Su,기타,,발표 시기 미상,https://library.ltikorea.or.kr/translatedbooks/12646,,번역서 1종 · 일본어 · 예: 端宗哀史,포함
공백의 그림자,Park Ynhui,기타,,발표 시기 미상,https://library.ltikorea.or.kr/translatedbooks/9971,,"번역서 3종 · 프랑스어, 영어, 독일어 · 예: L'Ombre du vide",포함
위기의 지구를 살리는 진짜 에너지를 찾아라,Gang Yang-gu,기타,,발표 시기 미상,https://library.ltikorea.or.kr/translatedbooks/9975,,번역서 1종 · 중국어(간체) · 예: 搶救地球能源再生能源 vs 原子核能源,포함
위험한 심리학,Song Hyeongseok,기타,,발표 시기 미상,https://library.ltikorea.or.kr/translatedbooks/9978,,번역서 1종 · 중국어(간체) · 예: 世界如此险恶你要看透人心全世界心理学家都在用的秒杀识人术,포함
최후의 증인,Kim Sungjong,기타,,발표 시기 미상,https://library.ltikorea.or.kr/translatedbooks/12532,,"번역서 2종 · 프랑스어, 일본어 · 예: Le dernier témoin",포함
산사,I Hjong-kwon,기타,,발표 시기 미상,https://library.ltikorea.or.kr/translatedbooks/12571,,번역서 1종 · 체코어 · 예: Sansa,포함
도시는 무엇으로 이루어지는가,Park seongwon,기타,,발표 시기 미상,https://library.ltikorea.or.kr/translatedbooks/9916,,번역서 1종 · 일본어 · 예: 都市は何によってできているのか,포함
죽을 때까지 섹시하게: 인생을 보다 맛있게 요리하는 25가지 레시피 노하우,Kim Huijae,기타,,발표 시기 미상,https://library.ltikorea.or.kr/translatedbooks/9979,,"번역서 1종 · 중국어(간체) · 예: 一个人, 也要活得性感",포함
검은 새,Lee Suzy,기타,,발표 시기 미상,https://library.ltikorea.or.kr/translatedbooks/9980,,번역서 1종 · 폴란드어 · 예: Czarny ptak,포함
비 오는 길,Choi Myeongik,기타,,발표 시기 미상,https://library.ltikorea.or.kr/translatedbooks/12742,,번역서 1종 · 영어 · 예: Walking in the Rain,포함
빛 속에,Kim Sa-ryang,기타,,발표 시기 미상,https://library.ltikorea.or.kr/translatedbooks/12743,,번역서 1종 · 영어 · 예: Into the Light,포함
한국의 신화와 설화,,소설,,발표 시기 미상,https://library.ltikorea.or.kr/translatedbooks/10553,,번역서 1종 · 영어 · 예: Myths and Legends from Korea,포함
하늘 먼 자락에 구름 날리면,Kim Yang-shik,기타,,발표 시기 미상,https://library.ltikorea.or.kr/translatedbooks/10560,,번역서 1종 · 일본어 · 예: 天際の彼方に,포함
어머니,Kim Junghyun,기타,,발표 시기 미상,https://library.ltikorea.or.kr/translatedbooks/10561,,번역서 1종 · 일본어 · 예: 母よ ヘギョンの愛した家族,포함
그 남자 그 여자,BYUNGRYUL,기타,,발표 시기 미상,https://library.ltikorea.or.kr/translatedbooks/10562,,번역서 1종 · 중국어(간체) · 예: 那男那女,포함
경성트로이카,Ahn Jae-seong,기타,,발표 시기 미상,https://library.ltikorea.or.kr/translatedbooks/10564,,번역서 1종 · 일본어 · 예: 京城トロイカ,포함
모략의 반도,Kim Jin-myung,기타,,발표 시기 미상,https://library.ltikorea.or.kr/translatedbooks/10565,,번역서 1종 · 일본어 · 예: 謀略の半島,포함
의자놀이,Ji-Young Gong,기타,,발표 시기 미상,https://library.ltikorea.or.kr/translatedbooks/13277,,번역서 1종 · 일본어 · 예: 椅子取りゲーム,포함
이만큼 가까이,Chung Serang,기타,,발표 시기 미상,https://library.ltikorea.or.kr/translatedbooks/13261,,번역서 1종 · 일본어 · 예: アンダー、サンダー、テンダー,포함
Sky Nest,Choi Jongyoll,기타,,발표 시기 미상,https://library.ltikorea.or.kr/translatedbooks/10607,,번역서 1종 · 페르시아어 · 예: لانه آسمان,포함
내릴 수 없는 배: 세월호로 드러난 부끄러운 대한민국을 말하다,Woo Seokhoon,기타,,발표 시기 미상,https://library.ltikorea.or.kr/translatedbooks/13032,,번역서 1종 · 일본어 · 예: 降りられない船 セウォル号沈没事故からみた韓国,포함
감정수업,Kang Sinju,기타,,발표 시기 미상,https://library.ltikorea.or.kr/translatedbooks/12989,,번역서 1종 · 중국어(번체) · 예: 情感的48種面貌,포함
청마: 유치환 시선집,Yoo Chi-hwan,시,,발표 시기 미상,https://library.ltikorea.or.kr/translatedbooks/10528,,번역서 1종 · 영어 · 예: Blue stallion,포함
분신들,Choi Suchol,기타,,발표 시기 미상,https://library.ltikorea.or.kr/translatedbooks/10536,,번역서 1종 · 중국어(간체) · 예: 分身人,포함
돌아서서 떠나라,LEE MAN-HEE,기타,,발표 시기 미상,https://library.ltikorea.or.kr/translatedbooks/10541,,"번역서 1종 · 프랑스어 · 예: VA, NE TE RETOURNE PAS",포함
런던수집,Lee Eun-i,기타,,발표 시기 미상,https://library.ltikorea.or.kr/translatedbooks/12990,,번역서 1종 · 중국어(번체) · 예: 去倫敦街頭上創意課,포함
"바람이 분다, 당신이 좋다",BYUNGRYUL,기타,,발표 시기 미상,https://library.ltikorea.or.kr/translatedbooks/12991,,번역서 1종 · 중국어(번체) · 예: 起風時 我愛你,포함
부채무당,Alexandre Guillemoz,기타,,발표 시기 미상,https://library.ltikorea.or.kr/translatedbooks/10546,,번역서 1종 · 프랑스어 · 예: La Chamane à l'éventail,포함
"김수영 전집. 1, 시 = 金洙暎 全集. 1, 詩",Kim Su-Young,시,,발표 시기 미상,https://library.ltikorea.or.kr/translatedbooks/10549,,번역서 1종 · 중국어(간체) · 예: 金洙暎詩集,포함
Korean Stories,Diamond Sutra Recitation Group,기타,,발표 시기 미상,https://library.ltikorea.or.kr/translatedbooks/13011,,번역서 1종 · 페르시아어 · 예: داستان ھای گره ای,포함
세상에서 가장 아름다운 이별,No Heekyung,기타,,발표 시기 미상,https://library.ltikorea.or.kr/translatedbooks/13030,,번역서 1종 · 일본어 · 예: この世でいちばん美しい別れ,포함
한국의 지를 읽다,,기타,,발표 시기 미상,https://library.ltikorea.or.kr/translatedbooks/13031,,번역서 1종 · 일본어 · 예: 韓国・朝鮮の知を読む,포함
내 마음의 풍금소리,Kim Hain,기타,,발표 시기 미상,https://library.ltikorea.or.kr/translatedbooks/10600,,번역서 1종 · 중국어(간체) · 예: 我心中的风琴声,포함
공무도하,Kim Hoon,기타,,발표 시기 미상,https://library.ltikorea.or.kr/translatedbooks/10599,,번역서 1종 · 중국어(간체) · 예: 公无渡河,포함
배따라기,Kim Dong-in,기타,,발표 시기 미상,https://library.ltikorea.or.kr/translatedbooks/10580,,번역서 1종 · 중국어(간체) · 예: 船歌,포함
수영장,Lee Ji Hyeon,기타,,발표 시기 미상,https://library.ltikorea.or.kr/translatedbooks/13140,,"번역서 2종 · 이탈리아어, 스페인어 · 예: LA PISCINA",포함
한국의풍속화,Jeong Byeongmo,기타,,발표 시기 미상,https://library.ltikorea.or.kr/translatedbooks/13138,,번역서 1종 · 중국어(간체) · 예: 韩国风俗画,포함
코끼리 아저씨와 100개의 물방울,NOH IN-KYUNG,기타,,발표 시기 미상,https://library.ltikorea.or.kr/translatedbooks/13137,,번역서 1종 · 스페인어 · 예: Mr Tutti y las 100 gotas de agua,포함
엄마의 장국집,Jin Renshun,기타,,발표 시기 미상,https://library.ltikorea.or.kr/translatedbooks/10578,,번역서 1종 · 중국어(간체) · 예: 妈妈的酱汤馆,포함
백색인간,Kim Sungjong,기타,,발표 시기 미상,https://library.ltikorea.or.kr/translatedbooks/10574,,번역서 1종 · 중국어(간체) · 예: 白色人间,포함
불타는 여인,Kim Sungjong,기타,,발표 시기 미상,https://library.ltikorea.or.kr/translatedbooks/10573,,번역서 1종 · 중국어(간체) · 예: 失迷背后,포함
나무,Lee Soon-won,기타,,발표 시기 미상,https://library.ltikorea.or.kr/translatedbooks/10568,,번역서 1종 · 중국어(간체) · 예: 小新郎的栗子树,포함
가시면류관 초상,Park sangwoo,기타,,발표 시기 미상,https://library.ltikorea.or.kr/translatedbooks/10567,,번역서 1종 · 중국어(간체) · 예: 荆棘冠冕的画像,포함
우주피스 공화국,Haïlji,기타,,발표 시기 미상,https://library.ltikorea.or.kr/translatedbooks/13183,,"번역서 3종 · 체코어, 프랑스어, 영어 · 예: Republika Užupis",포함
서동요,Kim Yeong-hyeon,기타,,발표 시기 미상,https://library.ltikorea.or.kr/translatedbooks/10566,,번역서 1종 · 중국어(간체) · 예: 薯童谣,포함
비즈니스,Park Bum Shin,기타,,발표 시기 미상,https://library.ltikorea.or.kr/translatedbooks/10582,,번역서 1종 · 중국어(간체) · 예: 流苏树,포함
문학이라는 것의 욕망,JEONG Myeong-kyo,기타,,발표 시기 미상,https://library.ltikorea.or.kr/translatedbooks/13194,,번역서 1종 · 프랑스어 · 예: Un désir de littérature coréenne,포함
한국한시선집,Hye cho,시,,발표 시기 미상,https://library.ltikorea.or.kr/translatedbooks/13260,,번역서 1종 · 러시아어 · 예: Рисунки тушью,포함
한국 고전시가 모음집,Won ch'on-sok,기타,,발표 시기 미상,https://library.ltikorea.or.kr/translatedbooks/10595,,번역서 1종 · 노르웨이어 · 예: Tempelklokken,포함
엉덩이 좀 들어줘,Jang Heejung,기타,,발표 시기 미상,https://library.ltikorea.or.kr/translatedbooks/10590,,"번역서 1종 · 포르투갈어 · 예: Levante um pouquinho, por favor!",포함
예쁜 여자,Kwon Yong-deuk,기타,,발표 시기 미상,https://library.ltikorea.or.kr/translatedbooks/13191,,번역서 1종 · 프랑스어 · 예: DES FILLES DE MA CONNAISSANCE,포함
포토마니아 너만의 작품을 찍어라,Song Hagyu,기타,,발표 시기 미상,https://library.ltikorea.or.kr/translatedbooks/13141,,번역서 1종 · 중국어(간체) · 예: Photo Mania 專業攝影好好玩：31種攝影模式輕松上手！,포함
우리 아빠 좀 찾아주세요,Shin Ji-Yun,기타,,발표 시기 미상,https://library.ltikorea.or.kr/translatedbooks/10588,,"번역서 1종 · 포르투갈어 · 예: Achem meu pai, por favor!",포함
뒤죽박죽 마녀의 성,Cha Bo-Geum,기타,,발표 시기 미상,https://library.ltikorea.or.kr/translatedbooks/10585,,번역서 1종 · 포르투갈어 · 예: O castelo da bruxa confusa,포함
곰곰씨와 담담이의 꿈,Shin Ji-Yun,기타,,발표 시기 미상,https://library.ltikorea.or.kr/translatedbooks/10584,,번역서 1종 · 포르투갈어 · 예: O sonho de Dam-Dam e do sr. Gom-Gom,포함
귀신이 사는 집,Kim Jaechang,기타,,발표 시기 미상,https://library.ltikorea.or.kr/translatedbooks/10583,,번역서 1종 · 일본어 · 예: 鬼神のすむ家,포함
벼랑의 꿈,Oh,기타,,발표 시기 미상,https://library.ltikorea.or.kr/translatedbooks/10539,,"번역서 2종 · 프랑스어, 스페인어 · 예: Songe de la falaise",포함
꺼삐딴 리,Jeon Kwangyong,기타,,발표 시기 미상,https://library.ltikorea.or.kr/translatedbooks/12753,,번역서 1종 · 영어 · 예: Kapitan Ri,포함
소나기,Hwang Sun-Won,기타,,발표 시기 미상,https://library.ltikorea.or.kr/translatedbooks/12754,,번역서 1종 · 영어 · 예: The Cloudburst,포함
등신불,Kim Dongri,기타,,발표 시기 미상,https://library.ltikorea.or.kr/translatedbooks/12755,,번역서 1종 · 영어 · 예: Tungsin-bul,포함
요한 시집,Chang Yong-hak,시,,발표 시기 미상,https://library.ltikorea.or.kr/translatedbooks/12756,,번역서 1종 · 영어 · 예: The Poetry of John,포함
비오는 날,Son Chang-sop,기타,,발표 시기 미상,https://library.ltikorea.or.kr/translatedbooks/12757,,번역서 1종 · 영어 · 예: Rainy Days,포함
강 어귀에 섬 하나,YI IN-SEONG,기타,,발표 시기 미상,https://library.ltikorea.or.kr/translatedbooks/10455,,번역서 1종 · 프랑스어 · 예: Sept méandres pour une île,포함
태조실록,Byonghyon Choi,기타,,발표 시기 미상,https://library.ltikorea.or.kr/translatedbooks/12828,,번역서 1종 · 영어 · 예: The Annals of King T'aejo,포함
당신이라는 기호 (가제),Kim Hyeyong,기타,,발표 시기 미상,https://library.ltikorea.or.kr/translatedbooks/10497,,번역서 1종 · 일본어 · 예: あなたという記号,포함
고구려호태왕,Jeon Hoil,기타,,발표 시기 미상,https://library.ltikorea.or.kr/translatedbooks/10506,,번역서 1종 · 일본어 · 예: 高句麗好太王,포함
임진록,,기타,,발표 시기 미상,https://library.ltikorea.or.kr/translatedbooks/10450,,번역서 1종 · 독일어 · 예: Die Geschichte vom Beamten Pae,포함
촐라체,Park Bum Shin,기타,,발표 시기 미상,https://library.ltikorea.or.kr/translatedbooks/10451,,번역서 1종 · 중국어(간체) · 예: 一如草芥的尘世,포함
달밤,Yi Tae Jun,기타,,발표 시기 미상,https://library.ltikorea.or.kr/translatedbooks/12746,,번역서 1종 · 영어 · 예: An Idiot's Delight,포함
사랑손님과 어머니,Chu Yo-Sup,기타,,발표 시기 미상,https://library.ltikorea.or.kr/translatedbooks/12747,,번역서 1종 · 영어 · 예: Mama and the Boarder,포함
매혹의 기술,Song Changmin,기타,,발표 시기 미상,https://library.ltikorea.or.kr/translatedbooks/10396,,번역서 1종 · 중국어(간체) · 예: 魅惑的技巧,포함
예성맘의 우리아이 평생,Kim Eunju,기타,,발표 시기 미상,https://library.ltikorea.or.kr/translatedbooks/10397,,번역서 1종 · 중국어(간체) · 예: 寶寶最愛吃的斷乳食譜,포함
새빨간 미술의 고백: 우리가 미술관에서 마주칠 현대 미술에 대한 다섯 답안,Ban Ijeong,기타,,발표 시기 미상,https://library.ltikorea.or.kr/translatedbooks/10398,,번역서 1종 · 중국어(번체) · 예: 60個大開眼界的創意搞怪藝術不搞怪就不叫藝術,포함
(아이의 미래를 바꾸는) 아빠의 대화 혁명 좋은 아빠가 되기 위한 대화 기술 60가지,Son Seokhan,기타,,발표 시기 미상,https://library.ltikorea.or.kr/translatedbooks/10399,,번역서 1종 · 중국어(간체) · 예: 爸爸的对话革命孩子请听我说,포함
사춘기가 인생을 결정한다,Gim Hyeonjeong,기타,,발표 시기 미상,https://library.ltikorea.or.kr/translatedbooks/10400,,번역서 1종 · 중국어(간체) · 예: 十几岁真好,포함
갯마을,Oh Yeongsu,기타,,발표 시기 미상,https://library.ltikorea.or.kr/translatedbooks/12748,,번역서 1종 · 영어 · 예: Seaside Village,포함
소망,Ch`ae Man-Sik,기타,,발표 시기 미상,https://library.ltikorea.or.kr/translatedbooks/12749,,번역서 1종 · 영어 · 예: Juvesenility,포함
두 파산,Yom Sang-Seop,기타,,발표 시기 미상,https://library.ltikorea.or.kr/translatedbooks/12750,,번역서 1종 · 영어 · 예: Two Bankruptcies,포함
풀잎,Lee Hyoseok,기타,,발표 시기 미상,https://library.ltikorea.or.kr/translatedbooks/12751,,번역서 1종 · 영어 · 예: Leaves of Grass,포함
그래도 압록강은 흐른다,Yi Mi-Ruk,기타,,발표 시기 미상,https://library.ltikorea.or.kr/translatedbooks/10509,,번역서 1종 · 독일어 · 예: Vom Yalu bis zur Isar Erzählungen,포함
퇴근,Cheon Myeong-kwan,기타,,발표 시기 미상,https://library.ltikorea.or.kr/translatedbooks/12819,,번역서 1종 · 영어 · 예: Homecoming,포함
테러리스트,Sunwoo Hwi,단편소설,,발표 시기 미상,https://library.ltikorea.or.kr/translatedbooks/10523,,번역서 1종 · 프랑스어 · 예: LE TERRORISTE ET AUTRES NOUVELLES,포함
한국현대문학사,Ogarek-Czoj Halina,기타,,발표 시기 미상,https://library.ltikorea.or.kr/translatedbooks/10526,,번역서 1종 · 폴란드어 · 예: Literatura koreańska XX wieku,포함
한국 고전시가 모음집,,기타,,발표 시기 미상,https://library.ltikorea.or.kr/translatedbooks/10478,,번역서 1종 · 노르웨이어 · 예: Ved Lotus-Kulpen,포함
전쟁과 평화,Jang Seongmin,기타,,발표 시기 미상,https://library.ltikorea.or.kr/translatedbooks/10479,,번역서 1종 · 일본어 · 예: 金正日最後の賭け,포함
호랑이 형님,,기타,,발표 시기 미상,https://library.ltikorea.or.kr/translatedbooks/10485,,번역서 1종 · 영어 · 예: Woodcutter and Tiger Brother,포함
반투명: 성찬경 시선,Sung Chankyung,기타,,발표 시기 미상,https://library.ltikorea.or.kr/translatedbooks/10527,,번역서 1종 · 영어 · 예: Translucency,포함
녹천에는 똥이 많다,LEE Chang-dong,기타,,발표 시기 미상,https://library.ltikorea.or.kr/translatedbooks/10530,,번역서 1종 · 프랑스어 · 예: Nokcheon,포함
Korean Buddhism,Shim Jae-ryong,기타,,발표 시기 미상,https://library.ltikorea.or.kr/translatedbooks/12967,,번역서 1종 · 스페인어 · 예: Budismo coreano,포함
그로테스크,CHOI Seung-Ho,기타,,발표 시기 미상,https://library.ltikorea.or.kr/translatedbooks/10519,,번역서 1종 · 스페인어 · 예: Grotesco,포함
대니,Yun I-hyeong,기타,,발표 시기 미상,https://library.ltikorea.or.kr/translatedbooks/12820,,번역서 1종 · 영어 · 예: Danny,포함
Korean Children's Favorite Stories,Kim Soun,단편소설,,발표 시기 미상,https://library.ltikorea.or.kr/translatedbooks/12823,,번역서 1종 · 영어 · 예: Korean Children's Favorite Stories,포함
한국 민요,Robert Sang-ung Choi,노래,,발표 시기 미상,https://library.ltikorea.or.kr/translatedbooks/12841,,번역서 1종 · 영어 · 예: Korean Folk Songs,포함
제가 작나요?,,기타,,발표 시기 미상,https://library.ltikorea.or.kr/translatedbooks/12846,,번역서 1종 · 영어 · 예: Am I small?,포함
아들과 함께 걷는 길,Lee Soon-won,기타,,발표 시기 미상,https://library.ltikorea.or.kr/translatedbooks/10513,,번역서 1종 · 스페인어 · 예: El camino andado con mi hijo,포함
플로라의 비밀,O Jinwon,기타,,발표 시기 미상,https://library.ltikorea.or.kr/translatedbooks/12878,,번역서 1종 · 러시아어 · 예: Тайна Флоры,포함
시간의 이쪽,Ko Un,기타,,발표 시기 미상,https://library.ltikorea.or.kr/translatedbooks/10511,,번역서 1종 · 영어 · 예: This side of time,포함
불망비(不忘碑),OH JUNGHEE,기타,,발표 시기 미상,https://library.ltikorea.or.kr/translatedbooks/10512,,"번역서 2종 · 독일어, 프랑스어 · 예: Der Gedenkstein",포함
여지도,KO UN,기타,,발표 시기 미상,https://library.ltikorea.or.kr/translatedbooks/10516,,번역서 1종 · 영어 · 예: Traveler Maps,포함
사람의 향기,Song Ki-Won,기타,,발표 시기 미상,https://library.ltikorea.or.kr/translatedbooks/10518,,번역서 1종 · 독일어 · 예: Menschenduft,포함
깊은 슬픔,Kyung-Sook Shin,기타,,발표 시기 미상,https://library.ltikorea.or.kr/translatedbooks/9887,,번역서 1종 · 중국어(간체) · 예: 深深的忧伤,포함
무방향 버스,Kim Junghyuk,기타,,발표 시기 미상,https://library.ltikorea.or.kr/translatedbooks/11995,,번역서 1종 · 프랑스어 · 예: BUS ERRANT,포함
한국종교사상사,Keum Jangtae,기타,,발표 시기 미상,https://library.ltikorea.or.kr/translatedbooks/8458,,번역서 1종 · 중국어(간체) · 예: 韩国儒学思想史,포함
"그곳에 밤, 여기에 노래",KIM Ae-ran,기타,,발표 시기 미상,https://library.ltikorea.or.kr/translatedbooks/12104,,번역서 1종 · 프랑스어 · 예: Nocturne d'un chauffeur de taxi,포함
한낮의 시선,Lee Seung-u,기타,,발표 시기 미상,https://library.ltikorea.or.kr/translatedbooks/12121,,번역서 1종 · 프랑스어 · 예: LE REGARD DE MIDI,포함
내 생애에 꼭 하루뿐일 특별한 날,Jon Kyongnin,기타,,발표 시기 미상,https://library.ltikorea.or.kr/translatedbooks/8680,,번역서 1종 · 중국어(간체) · 예: 在我生命中唯一的特殊日子,포함
조선왕조의궤,Han Young Woo,기타,,발표 시기 미상,https://library.ltikorea.or.kr/translatedbooks/11994,,"번역서 2종 · 일본어, 중국어(간체) · 예: 朝鮮王朝儀軌",포함
김수영 시선,KIM SU-YOUNG,기타,,발표 시기 미상,https://library.ltikorea.or.kr/translatedbooks/8428,,번역서 1종 · 스페인어 · 예: ANTOLOGÍA POÉTICA DE KIM SU-YOUNG,포함
"비, 하늘, 바람, 항구: 김남조 시선집",Kim Nam Jo,시,,발표 시기 미상,https://library.ltikorea.or.kr/translatedbooks/11977,,"번역서 2종 · 영어, 스페인어 · 예: Rain, Sky, Wind, Port: Poems",포함
마지막 이벤트,Yoo Eunsil,기타,,발표 시기 미상,https://library.ltikorea.or.kr/translatedbooks/11985,,번역서 1종 · 프랑스어 · 예: Le dernier événement,포함
역림,Ku Hyoseo,기타,,발표 시기 미상,https://library.ltikorea.or.kr/translatedbooks/8417,,번역서 1종 · 중국어(간체) · 예: 译林,포함
엄마 달인,Jeong Jaeeun,기타,,발표 시기 미상,https://library.ltikorea.or.kr/translatedbooks/8420,,번역서 1종 · 중국어(간체) · 예: 孩子这样教最聪明妈妈 自主孝育 验经谈,포함
현대한국희곡,Cha Bumseok,희곡,,발표 시기 미상,https://library.ltikorea.or.kr/translatedbooks/8432,,번역서 1종 · 영어 · 예: Modern Korean Drama,포함
"감자, 내 몸을 살린다",Cho Hyunmook,기타,,발표 시기 미상,https://library.ltikorea.or.kr/translatedbooks/8437,,번역서 1종 · 중국어(간체) · 예: 土豆养生法,포함
"마늘, 내 몸을 살린다",Kim Meeree,기타,,발표 시기 미상,https://library.ltikorea.or.kr/translatedbooks/8438,,번역서 1종 · 중국어(간체) · 예: 大蒜养生法,포함
"한국고전신화, 설화, 전설선집",,소설,,발표 시기 미상,https://library.ltikorea.or.kr/translatedbooks/11987,,번역서 1종 · 러시아어 · 예: Чудесная жемчужина. Рассказы о необычном,포함
소지섭의 오직 그대만,So Jisub,기타,,발표 시기 미상,https://library.ltikorea.or.kr/translatedbooks/12202,,번역서 1종 · 중국어(간체) · 예: 蘇志燮的只有你：一個演員進入角色之路,포함
그늘의 발달,Moon Taejun,기타,,발표 시기 미상,https://library.ltikorea.or.kr/translatedbooks/8532,,번역서 1종 · 영어 · 예: The Growth of a Shadow,포함
Alquimista,Paulo Coelho,기타,,발표 시기 미상,https://library.ltikorea.or.kr/translatedbooks/8570,,번역서 1종 · 영어 · 예: The Alchemist,포함
한국한시선,Wonhyo,기타,,발표 시기 미상,https://library.ltikorea.or.kr/translatedbooks/12206,,번역서 1종 · 러시아어 · 예: Сто цветов,포함
포주이야기,Kim Taeyong,기타,,발표 시기 미상,https://library.ltikorea.or.kr/translatedbooks/8758,,번역서 1종 · 프랑스어 · 예: J'ÉTAIS UN MAQUEREAU,포함
아제아제 바라아제,Han seung-won,기타,,발표 시기 미상,https://library.ltikorea.or.kr/translatedbooks/12208,,번역서 1종 · 중국어(간체) · 예: 叶落彼岸,포함
한국고전시가전집,Jeong Mongju,기타,,발표 시기 미상,https://library.ltikorea.or.kr/translatedbooks/8757,,번역서 1종 · 러시아어 · 예: ОСЕННИЕ КЛЁНЫ,포함
회색인,Choi In-hun,기타,,발표 시기 미상,https://library.ltikorea.or.kr/translatedbooks/12212,,번역서 1종 · 중국어(간체) · 예: 灰色人,포함
사람으로 살고 싶었다,I Hakjun,기타,,발표 시기 미상,https://library.ltikorea.or.kr/translatedbooks/12213,,번역서 1종 · 중국어(번체) · 예: 我想活得像個人,포함
남해금산,LEE Seong-Bok,기타,,발표 시기 미상,https://library.ltikorea.or.kr/translatedbooks/12199,,번역서 1종 · 일본어 · 예: そしてまた霧がかかった,포함
하늘길,Yi Mun-yol,기타,,발표 시기 미상,https://library.ltikorea.or.kr/translatedbooks/8681,,"번역서 1종 · 중국어(번체) · 예: 問天, 路怎麼走?",포함
나의 사랑 백남준,Kubota,기타,,발표 시기 미상,https://library.ltikorea.or.kr/translatedbooks/12108,,"번역서 1종 · 일본어 · 예: 私の愛, ナムジュン・パイク",포함
이딱딱 로봇의 네모 이,Jeong Eunjeong,기타,,발표 시기 미상,https://library.ltikorea.or.kr/translatedbooks/12125,,번역서 1종 · 중국어(간체) · 예: 坚牙机器人的方形牙齿,포함
침이 고인다,KIM Ae-ran,기타,,발표 시기 미상,https://library.ltikorea.or.kr/translatedbooks/12128,,번역서 1종 · 중국어(간체) · 예: 噙满口水,포함
봉봉 마녀는 10을 좋아해,Lee Beomgyu,기타,,발표 시기 미상,https://library.ltikorea.or.kr/translatedbooks/12129,,번역서 1종 · 중국어(간체) · 예: 棒棒女巫喜欢10,포함
꿈이 있는 아내는 늙지 않는다,Kim Mi-kyung,기타,,발표 시기 미상,https://library.ltikorea.or.kr/translatedbooks/12131,,번역서 1종 · 중국어(간체) · 예: 有梦想的妻子不会变老,포함
진시황 프로젝트,Yu Gwang-Su,기타,,발표 시기 미상,https://library.ltikorea.or.kr/translatedbooks/8748,,번역서 1종 · 태국어 · 예: สังเวยแค้นจักรพรรดิ,포함
이병철 vs 정주영,Hong Hasang,기타,,발표 시기 미상,https://library.ltikorea.or.kr/translatedbooks/8750,,번역서 1종 · 중국어(간체) · 예: 从平凡走向辉煌,포함
도망자 이치도,Song Sokze,기타,,발표 시기 미상,https://library.ltikorea.or.kr/translatedbooks/8754,,번역서 1종 · 중국어(간체) · 예: 逃亡神偷,포함
버핏과의 저녁 식사,Park Min-gyu,기타,,발표 시기 미상,https://library.ltikorea.or.kr/translatedbooks/12165,,번역서 1종 · 영어 · 예: Dinner with Buffett,포함
한국문학 특집호,Cheon Myeong-kwan,기타,,발표 시기 미상,https://library.ltikorea.or.kr/translatedbooks/22666,,번역서 1종 · 영어 · 예: Asia Literary Review,포함
정약용,Keum Jangtae,기타,,발표 시기 미상,https://library.ltikorea.or.kr/translatedbooks/22670,,번역서 1종 · 중국어(간체) · 예: 丁若镛,포함
모두에게 복된 새해 - 레이먼드 카버에게,Kim Yeonsu,기타,,발표 시기 미상,https://library.ltikorea.or.kr/translatedbooks/11664,,번역서 1종 · 영어 · 예: Happy New Year to Everyone,포함
"Who am I? : Kang Woo-Hyun's fairy tale in ink drawings, 나는 누구지? : 강우현의 먹물 동화",Kang Woohyon,동화,,발표 시기 미상,https://library.ltikorea.or.kr/translatedbooks/22688,,번역서 1종 · 페르시아어 · 예: من کیهستم؟,포함
The Land of Phoenix: Travel Diary Of South Korea,Pooneh Nedai,기타,,발표 시기 미상,https://library.ltikorea.or.kr/translatedbooks/22689,,번역서 1종 · 페르시아어 · 예: سرزمین ققنوس,포함
팥죽 할머니와 호랑이,Cho Dae-in,기타,,발표 시기 미상,https://library.ltikorea.or.kr/translatedbooks/22691,,"번역서 2종 · 페르시아어, 베트남어 · 예: پیرزن و ببر",포함
직선과 독가스 - 병동에서,Lim Chulwoo,기타,,발표 시기 미상,https://library.ltikorea.or.kr/translatedbooks/11757,,번역서 1종 · 영어 · 예: Straight Lines and Poison Gas - At the Hospital Wards,포함
회복하는인간,Han Kang,기타,,발표 시기 미상,https://library.ltikorea.or.kr/translatedbooks/11759,,번역서 1종 · 영어 · 예: Convalescence,포함
"Manoa지 한국문학특집호, 20세기 한국 시",Kim Sun-Woo,기타,,발표 시기 미상,https://library.ltikorea.or.kr/translatedbooks/22733,,번역서 1종 · 영어 · 예: The Colors of Dawn,포함
"포인트 스토리, Point Stroy",Kang Woohyon,기타,,발표 시기 미상,https://library.ltikorea.or.kr/translatedbooks/22692,,번역서 1종 · 페르시아어 · 예: قصه نقطه,포함
설빔,Bae Hyeonju,기타,,발표 시기 미상,https://library.ltikorea.or.kr/translatedbooks/22693,,번역서 1종 · 페르시아어 · 예: لباس سال نو,포함
鄭澈 松江 詩歌 (정철 송강 시가),Chung Chul,기타,,발표 시기 미상,https://library.ltikorea.or.kr/translatedbooks/22646,,번역서 1종 · 러시아어 · 예: Сборник стихов Сонгана (Поэзия Сосновой Реки),포함
바리데기,Kim Seung-hee,기타,,발표 시기 미상,https://library.ltikorea.or.kr/translatedbooks/11437,,번역서 1종 · 프랑스어 · 예: Princesse Bari,포함
코리언 솔저 (동아시아 문학지 45),Jeon Sungtae,기타,,발표 시기 미상,https://library.ltikorea.or.kr/translatedbooks/11477,,번역서 1종 · 독일어 · 예: Hefte für Ostasiatische Literatur (45. Korean Soldier),포함
동아시아 문학지,Cheon Un-yeong,기타,,발표 시기 미상,https://library.ltikorea.or.kr/translatedbooks/11480,,번역서 1종 · 독일어 · 예: Hefte für Ostasiatische Literatur (42. Der dritte Busen),포함
동아시아 문학지,Hwang Jungeun,기타,,발표 시기 미상,https://library.ltikorea.or.kr/translatedbooks/11487,,번역서 1종 · 독일어 · 예: Hefte für Ostasiatische Literatur (41. Der Junge),포함
한국의 사상(가제),Philippe Thiébault,기타,,발표 시기 미상,https://library.ltikorea.or.kr/translatedbooks/11492,,번역서 1종 · 프랑스어 · 예: La pensée Coréenne,포함
리투아니아 여인,Yi Mun-yol,기타,,발표 시기 미상,https://library.ltikorea.or.kr/translatedbooks/11512,,번역서 1종 · 리투아니아어 · 예: Lietuvaitė,포함
"먹는 것이 느리다, コ-リング·ㅁユ-, 콜링유",Lee Sinjo,기타,,발표 시기 미상,https://library.ltikorea.or.kr/translatedbooks/22594,,번역서 1종 · 일본어 · 예: 文学ムック たべるのがおそい,포함
이광수- 한국근대문학의 아버지와 친일의 낙인,Hatano Setsuko,기타,,발표 시기 미상,https://library.ltikorea.or.kr/translatedbooks/22595,,번역서 1종 · 일본어 · 예: 李光洙- 韓国近代文学の祖と「親日」の烙印,포함
현대시수첩,Kim Hyesoon,시,,발표 시기 미상,https://library.ltikorea.or.kr/translatedbooks/22698,,번역서 2종 · 일본어 · 예: 現代詩手帖 2015年 10月号,포함
아젤리아,SORA KIM-RUSSELL,기타,,발표 시기 미상,https://library.ltikorea.or.kr/translatedbooks/22857,,번역서 1종 · 영어 · 예: AZALEA (Journal of Korean Literature & Culture),포함
여자에 관한 명상,Song Ki-Won,기타,,발표 시기 미상,https://library.ltikorea.or.kr/translatedbooks/22924,,번역서 1종 · 독일어 · 예: Meditation über Frauen,포함
한 잔의 붉은 거울,KIM HYESOON,기타,,발표 시기 미상,https://library.ltikorea.or.kr/translatedbooks/22944,,번역서 1종 · 프랑스어 · 예: Un verre de miroir rouge,포함
붉은 눈송이,Jin Eun-young,기타,,발표 시기 미상,https://library.ltikorea.or.kr/translatedbooks/22946,,번역서 1종 · 프랑스어 · 예: Des flocons de neige rouge,포함
"Antología Poética 1968-2013, 민용태 시선",Yong-Tae Min,기타,,발표 시기 미상,https://library.ltikorea.or.kr/translatedbooks/11969,,번역서 1종 · 스페인어 · 예: Versos del río de viento,포함
밀수록 다시 가까워지는,Lee Kiho,기타,,발표 시기 미상,https://library.ltikorea.or.kr/translatedbooks/11768,,"번역서 1종 · 영어 · 예: So Far, and Yet So Near",포함
형제의 강,Lee Heewoo,기타,,발표 시기 미상,https://library.ltikorea.or.kr/translatedbooks/11800,,번역서 1종 · 일본어 · 예: 兄弟の江,포함
우연에 기댈 때도 있었다,Hwang Tong-gyu,기타,,발표 시기 미상,https://library.ltikorea.or.kr/translatedbooks/22727,,번역서 1종 · 몽골어 · 예: Эгшинд найдах үе ч бий,포함
꽈리열매 세탁공장,Lee Philip Onho,기타,,발표 시기 미상,https://library.ltikorea.or.kr/translatedbooks/22748,,번역서 1종 · 영어 · 예: Olympic Boulevard,포함
조선시대 사람들은 어떻게 살았을까,Korea historical research association,기타,,발표 시기 미상,https://library.ltikorea.or.kr/translatedbooks/11822,,번역서 1종 · 영어 · 예: Everyday Life in Joseon-Era Korea,포함
세한도,Christine Jordis,기타,,발표 시기 미상,https://library.ltikorea.or.kr/translatedbooks/22850,,번역서 1종 · 프랑스어 · 예: Paysage d'hiver,포함
불쌍한 사랑 기계,KIM HYESOON,기타,,발표 시기 미상,https://library.ltikorea.or.kr/translatedbooks/22851,,번역서 1종 · 영어 · 예: Poor Love Machine,포함
고종치하 서학수난의 연구(근대조선에서의 천주교 탄압과 저항),Ryu,기타,,발표 시기 미상,https://library.ltikorea.or.kr/translatedbooks/11895,,번역서 1종 · 일본어 · 예: 近代朝鮮における天主教弾圧と抵抗,포함
무늬,Lee Si-Young,기타,,발표 시기 미상,https://library.ltikorea.or.kr/translatedbooks/12216,,번역서 1종 · 영어 · 예: Patterns,포함
귀를 염하다,Heo Hyungman,기타,,발표 시기 미상,https://library.ltikorea.or.kr/translatedbooks/12219,,번역서 1종 · 일본어 · 예: 耳を葬る,포함
그대 안의 새싹: 한국 현대 시인 11인의 시,Pak Je-Chun,기타,,발표 시기 미상,https://library.ltikorea.or.kr/translatedbooks/12412,,번역서 1종 · 영어 · 예: New Sprouts within You,포함
바늘 구멍 속의 폭풍,Kim Ki-taek,기타,,발표 시기 미상,https://library.ltikorea.or.kr/translatedbooks/12413,,번역서 1종 · 일본어 · 예: 針穴の中の嵐,포함
학교에 갈 때 꼭꼭 약속해,Bak Eungyeong,기타,,발표 시기 미상,https://library.ltikorea.or.kr/translatedbooks/9686,,번역서 1종 · 중국어(간체) · 예: 上学我会守纪律,포함
집에 있을 때 꼭꼭 약속해,Bak Eungyeong,기타,,발표 시기 미상,https://library.ltikorea.or.kr/translatedbooks/9688,,번역서 1종 · 중국어(간체) · 예: 一个人在家我不怕,포함
나들이 갈 때 꼭꼭 약속해,Bak Eungyeong,기타,,발표 시기 미상,https://library.ltikorea.or.kr/translatedbooks/9689,,번역서 1종 · 중국어(간체) · 예: 出门在外我会小心,포함
오싹오싹 캠프,Baek Mi Sook,기타,,발표 시기 미상,https://library.ltikorea.or.kr/translatedbooks/12414,,"번역서 2종 · 영어, 중국어(번체) · 예: CREEPY CAMP",포함
시소 놀이 하고 싶어,Baek Mi Sook,기타,,발표 시기 미상,https://library.ltikorea.or.kr/translatedbooks/12415,,"번역서 2종 · 영어, 중국어(번체) · 예: A SPECTRE AT THE SEE-SAW",포함
팔락이의 채소밭,Baek Mi Sook,기타,,발표 시기 미상,https://library.ltikorea.or.kr/translatedbooks/12416,,"번역서 2종 · 영어, 중국어(번체) · 예: VAMPIRE VEGETABLES",포함
축복받은 상체 비밀을 풀어라,Woo Jeein,기타,,발표 시기 미상,https://library.ltikorea.or.kr/translatedbooks/12417,,번역서 1종 · 중국어(번체) · 예: 上半身窈窕的祕密,포함
"새하곡, 금시조",Yi Mun-yol,시조,,발표 시기 미상,https://library.ltikorea.or.kr/translatedbooks/9721,,"번역서 1종 · 스페인어 · 예: Canto bajo una fortaleza, El pájaro de las alas de oro",포함
한국의 문화코드 15가지,Kim Yeolgyu,기타,,발표 시기 미상,https://library.ltikorea.or.kr/translatedbooks/9722,,번역서 1종 · 스페인어 · 예: 15 CÓDIGOS DE LA CULTURA COREANA,포함
거울 속으로,Lee Suzy,기타,,발표 시기 미상,https://library.ltikorea.or.kr/translatedbooks/12421,,번역서 1종 · 영어 · 예: MIRROR,포함
새 관이 필요해요,Baek Mi Sook,기타,,발표 시기 미상,https://library.ltikorea.or.kr/translatedbooks/12424,,"번역서 2종 · 영어, 중국어(번체) · 예: NEW COFFINS FOR A GROWING VAMPIRE!",포함
마법의 주스,Baek Mi Sook,기타,,발표 시기 미상,https://library.ltikorea.or.kr/translatedbooks/12425,,"번역서 2종 · 영어, 중국어(번체) · 예: THE MAGIC JUICE",포함
내 잔이 넘치나이다,Jung Yeonhi,기타,,발표 시기 미상,https://library.ltikorea.or.kr/translatedbooks/9743,,번역서 1종 · 영어 · 예: Free on the Inside,포함
서른 살엔 미처 몰랐던 것들,Kim Sunkyung,기타,,발표 시기 미상,https://library.ltikorea.or.kr/translatedbooks/9597,,"번역서 1종 · 중국어(간체) · 예: 这些年, 我们忽略的事",포함
퀴즈쇼,Kim Young-Ha,기타,,발표 시기 미상,https://library.ltikorea.or.kr/translatedbooks/9599,,번역서 1종 · 프랑스어 · 예: QUIZ SHOW,포함
나의 삼촌 브루스 리 1,Cheon Myeong-kwan,기타,,발표 시기 미상,https://library.ltikorea.or.kr/translatedbooks/12402,,번역서 1종 · 중국어(간체) · 예: 我的叔叔李小龙,포함
나는 문이다,Moon Chung-hee,기타,,발표 시기 미상,https://library.ltikorea.or.kr/translatedbooks/12405,,"번역서 2종 · 스페인어, 영어 · 예: Yo soy Moon",포함
엄마 마중,Yi Tae Jun,기타,,발표 시기 미상,https://library.ltikorea.or.kr/translatedbooks/9541,,번역서 1종 · 독일어 · 예: Wann Kommt Mama?,포함
Return of mother tongue,Eom Ryeok,기타,,발표 시기 미상,https://library.ltikorea.or.kr/translatedbooks/9545,,번역서 1종 · 중국어(간체) · 예: 带母语回家,포함
시간의 문,Yi Chong-Jun,기타,,발표 시기 미상,https://library.ltikorea.or.kr/translatedbooks/9548,,번역서 1종 · 프랑스어 · 예: DIALOGUE AVEC UN VIEIL ARBRE GÉANT,포함
타인의 방,Choi In-ho,기타,,발표 시기 미상,https://library.ltikorea.or.kr/translatedbooks/9663,,번역서 1종 · 일본어 · 예: 他人の部屋,포함
경계 3부작 읽기,Lee Suzy,기타,,발표 시기 미상,https://library.ltikorea.or.kr/translatedbooks/12410,,번역서 1종 · 스페인어 · 예: LA TRILOGIA DEL LIMITE,포함
둔황의 사랑,Yun Hu-myong,기타,,발표 시기 미상,https://library.ltikorea.or.kr/translatedbooks/9707,,"번역서 4종 · 러시아어, 영어, 중국어(간체), 프랑스어 · 예: ЛЮЪОВЪ В ДУНЪХУAНЕ",포함
한국현대단편선,Cho Se-hee,단편소설,,발표 시기 미상,https://library.ltikorea.or.kr/translatedbooks/9846,,번역서 1종 · 영어 · 예: Modern Korean Short Stories,포함
ざらざら,,기타,,발표 시기 미상,https://library.ltikorea.or.kr/translatedbooks/9857,,번역서 1종 · 태국어 · 예: ความไม่เรียบของความรัก,포함
독도연구,Kim Hak-jun,기타,,발표 시기 미상,https://library.ltikorea.or.kr/translatedbooks/9863,,번역서 1종 · 일본어 · 예: 独島/竹島韓国の論理,포함
김송하's 뷰티 스토리,Kim Songha,기타,,발표 시기 미상,https://library.ltikorea.or.kr/translatedbooks/12438,,번역서 1종 · 중국어(간체) · 예: 韩国第一美魔女的逆龄神技,포함
게 눈 속의 연꽃,HWANG JI-U,기타,,발표 시기 미상,https://library.ltikorea.or.kr/translatedbooks/12439,,번역서 1종 · 스페인어 · 예: Una flor de loto en el ojo de un cangrejo,포함
김영하 단편선: 피뢰침,Kim Young-Ha,기타,,발표 시기 미상,https://library.ltikorea.or.kr/translatedbooks/9690,,번역서 1종 · 독일어 · 예: Ein seltsamer Verein,포함
객지_황석영 중단편전집,Hwang Sok-yong,기타,,발표 시기 미상,https://library.ltikorea.or.kr/translatedbooks/9701,,번역서 1종 · 폴란드어 · 예: CHWASTY,포함
이호철 작품선,Lee Ho-Cheol,단편소설,,발표 시기 미상,https://library.ltikorea.or.kr/translatedbooks/12440,,번역서 1종 · 스페인어 · 예: CUENTOS DE LA NOCHE ESCALOFRIANTE,포함
Three Lectures,,기타,,발표 시기 미상,https://library.ltikorea.or.kr/translatedbooks/12441,,번역서 1종 · 영어 · 예: Korean Buddhism,포함
한국의 전통연희,Jeon Kyung-wook,희곡,,발표 시기 미상,https://library.ltikorea.or.kr/translatedbooks/12443,,번역서 1종 · 중국어(간체) · 예: 韩国的传统戏剧,포함
찬밥을 먹던 사람,Moon Chung-hee,기타,,발표 시기 미상,https://library.ltikorea.or.kr/translatedbooks/9858,,번역서 1종 · 프랑스어 · 예: Celle qui mangeait le riz froid,포함
서른다섯의 사춘기,Han Giyeon,기타,,발표 시기 미상,https://library.ltikorea.or.kr/translatedbooks/9718,,번역서 1종 · 중국어(간체) · 예: 那些有伤的女人,포함
15소년 어드벤처 1: 무인도 생존기,Choi Dukhee,기타,,발표 시기 미상,https://library.ltikorea.or.kr/translatedbooks/9719,,번역서 1종 · 중국어(간체) · 예: 冒险15人组 第1集：无人岛生存大考验,포함
외국인을 위한 한국어 문법 2,National Institute of the Korean Language,기타,,발표 시기 미상,https://library.ltikorea.or.kr/translatedbooks/12431,,번역서 1종 · 중국어(간체) · 예: 最新韓國語語法2,포함
이불여행,Kim Da-Jeong,기타,,발표 시기 미상,https://library.ltikorea.or.kr/translatedbooks/9729,,번역서 1종 · 영어 · 예: Blanket travel,포함
비가 올 거야 눈이 올 거야,Choe Eungyu,기타,,발표 시기 미상,https://library.ltikorea.or.kr/translatedbooks/9732,,번역서 1종 · 중국어(간체) · 예: 今天是会下雨还是会下雪？,포함
깨끗한 손 깨끗한 이,Jung Soyeong,기타,,발표 시기 미상,https://library.ltikorea.or.kr/translatedbooks/9733,,번역서 1종 · 중국어(간체) · 예: 干净的手和洁白的牙齿,포함
누구야 누구?,Yu Yeong So,기타,,발표 시기 미상,https://library.ltikorea.or.kr/translatedbooks/9734,,번역서 1종 · 중국어(간체) · 예: 动物吃些什么呢？,포함
이창호의 부득탐승,Lee Changho,기타,,발표 시기 미상,https://library.ltikorea.or.kr/translatedbooks/9828,,번역서 1종 · 중국어(간체) · 예: 不得贪胜人生如棋,포함
우리는 서로 부르고 있는 것일까,Mah chonggi,기타,,발표 시기 미상,https://library.ltikorea.or.kr/translatedbooks/9636,,번역서 1종 · 독일어 · 예: AUGEN AUS TAU,포함
신경림 시선집: 낙타를 타고,Shin Kyeong-nim,시,,발표 시기 미상,https://library.ltikorea.or.kr/translatedbooks/9501,,번역서 1종 · 일본어 · 예: 『ラクダに乗って』申庚林詩選集,포함
"어린이 과학 형사대 CSI 1 --- 박춘삼 교장, CSI를 만들다",Go Huijeong,기타,,발표 시기 미상,https://library.ltikorea.or.kr/translatedbooks/9505,,번역서 1종 · 중국어(간체) · 예: 少年科學偵探 CSI 1 --- 成立CSI小組,포함
지식의 미술관,Yi Juheon,기타,,발표 시기 미상,https://library.ltikorea.or.kr/translatedbooks/9507,,번역서 1종 · 중국어(간체) · 예: 美术课,포함
친해지고 싶은 좋은 친구 친해지기 싫은 미운 친구,Jiang Jingxiao,기타,,발표 시기 미상,https://library.ltikorea.or.kr/translatedbooks/9509,,번역서 1종 · 중국어(간체) · 예: 人見人愛的17個受歡迎秘訣,포함
어린이를 위한 집중,Kil Haeyeon,기타,,발표 시기 미상,https://library.ltikorea.or.kr/translatedbooks/9510,,번역서 1종 · 중국어(간체) · 예: 分心大王的袱密特訓班,포함
따뜻한 가족,Kim Huran,기타,,발표 시기 미상,https://library.ltikorea.or.kr/translatedbooks/12376,,번역서 1종 · 영어 · 예: A Warm Family,포함
(한국의) 전통 회화,Hong Sunpyo,기타,,발표 시기 미상,https://library.ltikorea.or.kr/translatedbooks/8840,,번역서 1종 · 영어 · 예: Traditional Korean painting,포함
대장간의 유혹,Kim Kwang-Kyu,기타,,발표 시기 미상,https://library.ltikorea.or.kr/translatedbooks/9025,,번역서 1종 · 체코어 · 예: Země mlh,포함
(컬러로 보는) 한국전쟁,,기타,,발표 시기 미상,https://library.ltikorea.or.kr/translatedbooks/9083,,번역서 1종 · 영어 · 예: Korean War In Color,포함
대하,Kim Namcheon,기타,,발표 시기 미상,https://library.ltikorea.or.kr/translatedbooks/12372,,"번역서 2종 · 영어, 독일어 · 예: Scenes from the Enlightenment",포함
수궁가,,기타,,발표 시기 미상,https://library.ltikorea.or.kr/translatedbooks/8785,,번역서 1종 · 프랑스어 · 예: SUGGUNGGA,중복 제외 (앞 순위 출처에 있음)
거울 속의 천사,Kim Chunsu,시,,발표 시기 미상,https://library.ltikorea.or.kr/translatedbooks/8788,,번역서 1종 · 일본어 · 예: 鏡の中の天使 -金春洙詩集,포함
세계 도서관 기행,Yoo Jongpil,기타,,발표 시기 미상,https://library.ltikorea.or.kr/translatedbooks/8824,,번역서 1종 · 중국어(간체) · 예: 世界圖書館紀行,포함
아르판,Park hyoung su,기타,,발표 시기 미상,https://library.ltikorea.or.kr/translatedbooks/12221,,번역서 1종 · 영어 · 예: Arpan,포함
나의 클린트 이스트우드,Oh Han-ki,기타,,발표 시기 미상,https://library.ltikorea.or.kr/translatedbooks/12222,,번역서 1종 · 영어 · 예: My Clint Eastwood,포함
우리나라 우투리,Kwang-lim Kim,기타,,발표 시기 미상,https://library.ltikorea.or.kr/translatedbooks/9282,,번역서 1종 · 프랑스어 · 예: WUTURI LE BÉBÉ GÉANT,포함
대한불교사,Gruberova Ivana M.,기타,,발표 시기 미상,https://library.ltikorea.or.kr/translatedbooks/9496,,번역서 1종 · 체코어 · 예: Jak se prodavač papíru stal buddhou,포함
이베리아의 전갈,Choi Min-woo,기타,,발표 시기 미상,https://library.ltikorea.or.kr/translatedbooks/12223,,번역서 1종 · 영어 · 예: Dishonored,포함
예낭풍물지,Lee Byeng-ju,기타,,발표 시기 미상,https://library.ltikorea.or.kr/translatedbooks/12224,,번역서 1종 · 영어 · 예: The Wind and Landscape of Yenang,포함
얼음의 자서전,CHOI Seung-Ho,기타,,발표 시기 미상,https://library.ltikorea.or.kr/translatedbooks/9499,,"번역서 2종 · 스페인어, 독일어 · 예: AUTOBIOGRAFIA DE HIELO",포함
유레카 과학수사대,Pak Se-gyeong,기타,,발표 시기 미상,https://library.ltikorea.or.kr/translatedbooks/9341,,번역서 2종 · 중국어(간체) · 예: (从小爱科学) 科学侦察队秘密,포함
한국무속과 문화민주주의,Kim Hyunkey,기타,,발표 시기 미상,https://library.ltikorea.or.kr/translatedbooks/9552,,번역서 1종 · 영어 · 예: Korean Shamanism and cultural nationalism,포함
한국 다도 고전,,기타,,발표 시기 미상,https://library.ltikorea.or.kr/translatedbooks/9560,,번역서 1종 · 영어 · 예: Korean tea classics by Hanjae Yi Mok and the venerable Cho-ui,포함
소리없는 아이들,Sun-mi Hwang,기타,,발표 시기 미상,https://library.ltikorea.or.kr/translatedbooks/12394,,번역서 1종 · 중국어(간체) · 예: 不说话的天使,포함
샘마을 몽당깨비,Sun-mi Hwang,기타,,발표 시기 미상,https://library.ltikorea.or.kr/translatedbooks/12395,,번역서 1종 · 중국어(간체) · 예: 小泉村的千年約定,포함
Cien anos de soledad,,기타,,발표 시기 미상,https://library.ltikorea.or.kr/translatedbooks/9565,,번역서 1종 · 영어 · 예: One Hundred Years of Solitude,포함
소라단 가는 길,Yun Heunggil,기타,,발표 시기 미상,https://library.ltikorea.or.kr/translatedbooks/9586,,번역서 1종 · 스페인어 · 예: El camino a Soradan,포함
노트북 연서,Kim Huran,기타,,발표 시기 미상,https://library.ltikorea.or.kr/translatedbooks/12398,,번역서 1종 · 일본어 · 예: 光と風と香り,포함
처음 받은 상장,Lee Sangkyo,기타,,발표 시기 미상,https://library.ltikorea.or.kr/translatedbooks/9587,,번역서 1종 · 일본어 · 예: はじめてもらった賞状,포함
내 동생 싸게 팔아요,Lim Jeong Ja,기타,,발표 시기 미상,https://library.ltikorea.or.kr/translatedbooks/12393,,"번역서 2종 · 베트남어, 중국어(간체) · 예: Bán em giá rẻ",포함
신선한 아침나라의 열정: 20세기 한국의 시인들,Kim Sowol,기타,,발표 시기 미상,https://library.ltikorea.or.kr/translatedbooks/9512,,번역서 1종 · 러시아어 · 예: СТРАСТИ СТРАНЫ УТРЕННЕЙ СВЕЖЕСТИ,포함
"새: 한국의 새와 함께한 45년, 생태 사진가 유범주의 새 이야기",Yoo Bum-Joo,기타,,발표 시기 미상,https://library.ltikorea.or.kr/translatedbooks/9517,,번역서 1종 · 독일어 · 예: Vögel Korea,포함
답사여행의 길잡이: 서울,Korea Cultural and Historical Survey Society,기타,,발표 시기 미상,https://library.ltikorea.or.kr/translatedbooks/9519,,번역서 1종 · 영어 · 예: (A Field Guide to History) Seoul,포함
인간적인 너무나 인간적인 한국신화,Choi Wonoh,소설,,발표 시기 미상,https://library.ltikorea.or.kr/translatedbooks/9522,,번역서 1종 · 영어 · 예: Korean Mythology,포함
내 푸른 자전거,Sun-mi Hwang,기타,,발표 시기 미상,https://library.ltikorea.or.kr/translatedbooks/12382,,번역서 1종 · 중국어(간체) · 예: 我和爸爸的蓝色秘密,포함
도둑괭이 공주,Hwang In-sook,기타,,발표 시기 미상,https://library.ltikorea.or.kr/translatedbooks/12385,,번역서 1종 · 일본어 · 예: 野良猫姫,포함
용재총화,Seong Hyeon,기타,,발표 시기 미상,https://library.ltikorea.or.kr/translatedbooks/12388,,번역서 1종 · 베트남어 · 예: Tản Mạn Xứ Kim Chi,포함
백일법문,Seongcheol,기타,,발표 시기 미상,https://library.ltikorea.or.kr/translatedbooks/9528,,번역서 1종 · 영어 · 예: Sermon of one hundred days,포함
두근두근 내 인생,KIM Ae-ran,기타,,발표 시기 미상,https://library.ltikorea.or.kr/translatedbooks/12389,,번역서 1종 · 프랑스어 · 예: MA VIE PALPITANTE,포함
사랑하다가 죽어버려라,Jeong Ho-seung,기타,,발표 시기 미상,https://library.ltikorea.or.kr/translatedbooks/12390,,번역서 1종 · 스페인어 · 예: Morir después de amar,포함
까치 우는 아침,Sun-mi Hwang,기타,,발표 시기 미상,https://library.ltikorea.or.kr/translatedbooks/12391,,번역서 1종 · 중국어(간체) · 예: 飞向天堂的风筝,포함
페미니스트 비평: 20세기 터키와 한국 소설 속의 여성,Oh Eunkyung,소설,,발표 시기 미상,https://library.ltikorea.or.kr/translatedbooks/5420,,번역서 1종 · 튀르키예어 · 예: Feminist Eleştiri,포함
터키한국전쟁문학,Oh Eunkyung,기타,,발표 시기 미상,https://library.ltikorea.or.kr/translatedbooks/5419,,번역서 1종 · 튀르키예어 · 예: Türk EdebiyatΙnda Kore SavaşΙ,포함
한국문학단편선,Park Bum Shin,기타,,발표 시기 미상,https://library.ltikorea.or.kr/translatedbooks/5416,,번역서 1종 · 튀르키예어 · 예: Korea Öyküleri,포함
아름다운 날들,Yoon Sung-hee,기타,,발표 시기 미상,https://library.ltikorea.or.kr/translatedbooks/232,,번역서 1종 · 중국어(간체) · 예: 美丽的日子,포함
아름다운 밀회,Kim Sungjong,기타,,발표 시기 미상,https://library.ltikorea.or.kr/translatedbooks/233,,번역서 1종 · 중국어(간체) · 예: 美妙的幽会,포함
아시아 민간고사,,기타,,발표 시기 미상,https://library.ltikorea.or.kr/translatedbooks/237,,번역서 1종 · 중국어(간체) · 예: 亚洲民间故事,포함
한국 불교시선집,,시,,발표 시기 미상,https://library.ltikorea.or.kr/translatedbooks/1440,,"번역서 1종 · 프랑스어 · 예: Ivresse de brumes, griserie de nuages",포함
돌배나무 아래서,KO UN,기타,,발표 시기 미상,https://library.ltikorea.or.kr/translatedbooks/1442,,번역서 1종 · 프랑스어 · 예: Sous un poirier sauvage,포함
어느 무정부주의자의 사랑,Choi Suchol,기타,,발표 시기 미상,https://library.ltikorea.or.kr/translatedbooks/244,,번역서 1종 · 중국어(간체) · 예: 一个无政府主义者的爱情,포함
어린이를 위한 선물,Johnson Spencer,기타,,발표 시기 미상,https://library.ltikorea.or.kr/translatedbooks/245,,번역서 1종 · 중국어(간체) · 예: 给孩子们的礼物,포함
바다의 아코디언,Kim MyungIn,기타,,발표 시기 미상,https://library.ltikorea.or.kr/translatedbooks/1446,,번역서 1종 · 프랑스어 · 예: L'Accordéon de la mer et autres poémes,포함
사랑굿 100선,Kim Chohye,기타,,발표 시기 미상,https://library.ltikorea.or.kr/translatedbooks/1449,,번역서 1종 · 프랑스어 · 예: Cent Pétales d'amour,포함
어머니,KIM Chohyé,기타,,발표 시기 미상,https://library.ltikorea.or.kr/translatedbooks/1450,,번역서 1종 · 프랑스어 · 예: Mère,포함
(신경옥 스타일) Interior Best,Shin Kyungok,기타,,발표 시기 미상,https://library.ltikorea.or.kr/translatedbooks/223,,번역서 1종 · 중국어(번체) · 예: 設計師的家,포함
시는 시이고 또 시이다,Yi Sang,시,,발표 시기 미상,https://library.ltikorea.or.kr/translatedbooks/1429,,번역서 1종 · 프랑스어 · 예: Poésie sud-coréenne,포함
단편소설집,I Djong-ho,단편소설,,발표 시기 미상,https://library.ltikorea.or.kr/translatedbooks/1430,,번역서 1종 · 프랑스어 · 예: Une femme à la recherche d'une illusion,포함
한국 젊은 작가 소설선,Choi Seung Gak,소설,,발표 시기 미상,https://library.ltikorea.or.kr/translatedbooks/1433,,번역서 1종 · 프랑스어 · 예: ANTHOLOGIE DE NOUVELLES CORÉENNES CONTEMPORAINES.,포함
둘남이,Hahn Moo-Sook,기타,,발표 시기 미상,https://library.ltikorea.or.kr/translatedbooks/1434,,번역서 1종 · 프랑스어 · 예: UNE FILLE NOMMÉE DEUXIÈME GARÇON,포함
몰개월의 새: 한국단편소설선집,Park Wansuh,단편소설,,발표 시기 미상,https://library.ltikorea.or.kr/translatedbooks/1438,,번역서 1종 · 프랑스어 · 예: L'OISEAU DE MOLGYEWOL,포함
겨울 나무로부터 봄 나무에로,HWANG JI-U,기타,,발표 시기 미상,https://library.ltikorea.or.kr/translatedbooks/1439,,번역서 2종 · 프랑스어 · 예: DE L'HIVER-DE-L'ARBRE AU PRINTEMPS-DE-L'ARBRE,포함
성격의 비밀 : 행복한 인간관계의 답이 숨어있는,Lee Chungheon,기타,,발표 시기 미상,https://library.ltikorea.or.kr/translatedbooks/204,,번역서 1종 · 중국어(간체) · 예: 性格说明书：职场和恋爱中的性格秘密,포함
성화,Ahn Dong-Min,기타,,발표 시기 미상,https://library.ltikorea.or.kr/translatedbooks/205,,번역서 1종 · 중국어(간체) · 예: 圣火,포함
송시열선집,Song Si-yeol,기타,,발표 시기 미상,https://library.ltikorea.or.kr/translatedbooks/216,,번역서 1종 · 중국어(간체) · 예: 宋子选集,포함
김수영 시선,Kim Su-Young,시,,발표 시기 미상,https://library.ltikorea.or.kr/translatedbooks/1448,,번역서 1종 · 프랑스어 · 예: CENT POÈMES,포함
꽃을 위한 서시,Kim Chunsu,기타,,발표 시기 미상,https://library.ltikorea.or.kr/translatedbooks/1451,,번역서 1종 · 프랑스어 · 예: Prélude au poème pour une fleur,포함
우리를 기다리라,Han Seong,기타,,발표 시기 미상,https://library.ltikorea.or.kr/translatedbooks/268,,번역서 1종 · 중국어(간체) · 예: 等着我們吧,포함
조선소설사,천태산인,소설,,발표 시기 미상,https://library.ltikorea.or.kr/translatedbooks/309,,번역서 1종 · 중국어(간체) · 예: 朝鲜小说史,포함
"조선, 한국 문학의 근대전형과 비교문학",진빙민,기타,,발표 시기 미상,https://library.ltikorea.or.kr/translatedbooks/321,,"번역서 1종 · 중국어(간체) · 예: 朝鲜, 韩国文学的近代转型与比较文学",포함
무수한 태양,Cho Byeonghwa,기타,,발표 시기 미상,https://library.ltikorea.or.kr/translatedbooks/1468,,번역서 1종 · 프랑스어 · 예: UN SOLEIL INFINI,포함
기원: 분계선을 밟고,Lee Eunsang,기타,,발표 시기 미상,https://library.ltikorea.or.kr/translatedbooks/1465,,번역서 1종 · 프랑스어 · 예: LE VOEU DU PEUPLE CORÉEN,포함
향수,Chong Chi-Yong,기타,,발표 시기 미상,https://library.ltikorea.or.kr/translatedbooks/1466,,"번역서 2종 · 프랑스어, 스페인어 · 예: NOSTALGIE",포함
산정묘지,Cho Jeonggwon,기타,,발표 시기 미상,https://library.ltikorea.or.kr/translatedbooks/1469,,번역서 1종 · 프랑스어 · 예: Une tombe au sommet,포함
중국조선족문학작품정수 :산문권,Gim Hakcheon,기타,,발표 시기 미상,https://library.ltikorea.or.kr/translatedbooks/333,,번역서 1종 · 중국어(간체) · 예: 中国朝鲜族文学作品精粹,포함
중국 조선족 문학 작품 정수 : 소설권,Gim Hakcheon,소설,,발표 시기 미상,https://library.ltikorea.or.kr/translatedbooks/334,,번역서 1종 · 중국어(간체) · 예: 中国朝鲜族文学作品精粹,포함
중국 조선족 문학 작품 정수 : 시가권,Gim Hakcheon,기타,,발표 시기 미상,https://library.ltikorea.or.kr/translatedbooks/336,,번역서 1종 · 중국어(간체) · 예: 中国朝鲜族文学作品精粹,포함
중국조선족문학작품정수 : 아동문학권,Gim Hakcheon,기타,,발표 시기 미상,https://library.ltikorea.or.kr/translatedbooks/337,,번역서 1종 · 중국어(간체) · 예: 中国朝鲜族文学作品精粹,포함
중국 조선족 문학 작품 정수 : 평론권,Gim Hakcheon,평론,,발표 시기 미상,https://library.ltikorea.or.kr/translatedbooks/338,,번역서 1종 · 중국어(간체) · 예: 中国朝鲜族文学作品精粹,포함
짐승의 시간,Kim Wonwoo,기타,,발표 시기 미상,https://library.ltikorea.or.kr/translatedbooks/342,,번역서 1종 · 중국어(간체) · 예: 禽兽的日子,포함
승무 : 조지훈 시집,Cho Jihoon,시,,발표 시기 미상,https://library.ltikorea.or.kr/translatedbooks/1470,,번역서 1종 · 프랑스어 · 예: La Grue,포함
천상병시선: 귀천,Cheon Sang-byeong,기타,,발표 시기 미상,https://library.ltikorea.or.kr/translatedbooks/1471,,"번역서 2종 · 프랑스어, 크로아티아어 · 예: RETOUR AU CIEL",포함
한국민족 설화의 연구,Son Jintae,소설,,발표 시기 미상,https://library.ltikorea.or.kr/translatedbooks/306,,번역서 1종 · 중국어(간체) · 예: 朝鲜民族故事硏究,포함
남해금산,Lee Seong-Bok,기타,,발표 시기 미상,https://library.ltikorea.or.kr/translatedbooks/1464,,번역서 1종 · 프랑스어 · 예: DES CHOSES QUI VIENNENT APRÈS LA DOULEUR,포함
이 땅에 태어나서-나의 살아온 이야기,Chung Ju-young,기타,,발표 시기 미상,https://library.ltikorea.or.kr/translatedbooks/272,,번역서 1종 · 중국어(간체) · 예: 我的現代生涯,포함
한국현대단편소설집: 그 남자네 집 외,Park Wansuh,단편소설,,발표 시기 미상,https://library.ltikorea.or.kr/translatedbooks/275,,"번역서 1종 · 러시아어 · 예: Дом из прошлого, Рассказы современных корейских авторов",포함
나그네,Pak Mog-weol,기타,,발표 시기 미상,https://library.ltikorea.or.kr/translatedbooks/1452,,번역서 1종 · 프랑스어 · 예: LE PASSANT,포함
떠돌이의 시,Chong-ju,시,,발표 시기 미상,https://library.ltikorea.or.kr/translatedbooks/1453,,"번역서 2종 · 프랑스어, 영어 · 예: POÈMES DU VAGABOND",포함
빛의 무덤 속에서,SO HAN ZIN,기타,,발표 시기 미상,https://library.ltikorea.or.kr/translatedbooks/1457,,번역서 1종 · 프랑스어 · 예: Dans le tombeau de lumière,포함
쓰러진 자의 꿈,Shin Kyeong-nim,기타,,발표 시기 미상,https://library.ltikorea.or.kr/translatedbooks/1458,,번역서 1종 · 프랑스어 · 예: Le rêve d'un homme abattu,포함
"조선, 한국 당대문학사",진빙민,기타,,발표 시기 미상,https://library.ltikorea.or.kr/translatedbooks/298,,번역서 1종 · 중국어(간체) · 예: 朝鲜，韩国当代文学史,포함
하늘과 바람과 별과 시,Yun Tong-ju,시,,발표 시기 미상,https://library.ltikorea.or.kr/translatedbooks/1461,,"번역서 2종 · 프랑스어, 스페인어 · 예: Ciel, Vent, Etoiles et Poèmes",포함
유리창에 이마를 대고,Lee Garim,기타,,발표 시기 미상,https://library.ltikorea.or.kr/translatedbooks/1462,,번역서 1종 · 프랑스어 · 예: LE FRONT CONTRE LA FENÊTRE,포함
이상시전집,Yi Sang,기타,,발표 시기 미상,https://library.ltikorea.or.kr/translatedbooks/1463,,번역서 1종 · 프랑스어 · 예: Perspective à vol de corneille,포함
한국현대희곡선집,Pak Cho-Yol,희곡,,발표 시기 미상,https://library.ltikorea.or.kr/translatedbooks/1428,,번역서 1종 · 프랑스어 · 예: THÉÂTRES CORÉENS,포함
한국현대시,Kim Ok,기타,,발표 시기 미상,https://library.ltikorea.or.kr/translatedbooks/1427,,번역서 1종 · 프랑스어 · 예: Poésie coréenne contemporaine,포함
"고대한국과 인류역사의 발상지, 파미르고원",Chung Yenkyu,기타,,발표 시기 미상,https://library.ltikorea.or.kr/translatedbooks/1319,,"번역서 1종 · 영어 · 예: Ancient Korea and the dawn of human history on the pamirsA linguistic, Historic and anthropological approach",포함
답사여행의 길잡이: 경주,Korea Cultural and Historical Survey Society,기타,,발표 시기 미상,https://library.ltikorea.or.kr/translatedbooks/1327,,번역서 1종 · 영어 · 예: (A Field Guide to History) GYEONGJU,포함
"열하일기, 웃음과 역설의 유쾌한 시공간",Ko Mi Sook,기타,,발표 시기 미상,https://library.ltikorea.or.kr/translatedbooks/1335,,번역서 1종 · 영어 · 예: A philosopher's journey into Rehe,포함
20세기 한국문학시리즈3,Cho Myung-hee,기타,,발표 시기 미상,https://library.ltikorea.or.kr/translatedbooks/103,,번역서 1종 · 인도네시아어 · 예: Seri Sastra Korea Abad Ke-20 Jilid 1,포함
꽃의 제국,Kang Hyesoon,기타,,발표 시기 미상,https://library.ltikorea.or.kr/translatedbooks/106,,번역서 1종 · 중국어(간체) · 예: 花的 智慧植物王国的生存故事,포함
나그네,Pak Mog-Weol,기타,,발표 시기 미상,https://library.ltikorea.or.kr/translatedbooks/107,,번역서 1종 · 중국어(간체) · 예: 过客,포함
한국 고전여성작가의 시 세계,Lee Haisoon,시,,발표 시기 미상,https://library.ltikorea.or.kr/translatedbooks/1399,,번역서 1종 · 영어 · 예: The poetic world of classic Korean women writers,포함
누가 내 이빨 좀 닦아줘,Woori Nuri,기타,,발표 시기 미상,https://library.ltikorea.or.kr/translatedbooks/119,,번역서 1종 · 중국어(간체) · 예: 鳄鱼招聘牙齿清洁工,포함
우리 옛지도와 그 아름다움,Han Young Woo,기타,,발표 시기 미상,https://library.ltikorea.or.kr/translatedbooks/1255,,번역서 1종 · 영어 · 예: The Artistry of Early Korean Cartography,포함
실록 동학농민혁명사,Shin Soonchul,기타,,발표 시기 미상,https://library.ltikorea.or.kr/translatedbooks/1254,,"번역서 2종 · 영어, 일본어 · 예: A Short History of the Donghak Peasant Revolution",포함
강철의 왕,Seo K. K.,기타,,발표 시기 미상,https://library.ltikorea.or.kr/translatedbooks/68,,번역서 1종 · 중국어(간체) · 예: 钢铁之王朴泰俊,포함
결혼 전에 하지 않으면 정말 억울한 서른여섯가지,Shin Yehui,기타,,발표 시기 미상,https://library.ltikorea.or.kr/translatedbooks/77,,번역서 1종 · 중국어(번체) · 예: 20幾歲女孩必做的36件事,포함
아틀라스 한국사,Department of history education,기타,,발표 시기 미상,https://library.ltikorea.or.kr/translatedbooks/1246,,번역서 1종 · 영어 · 예: Atlas of Korean History,포함
한국역사,Korea historical research association,기타,,발표 시기 미상,https://library.ltikorea.or.kr/translatedbooks/1248,,번역서 1종 · 영어 · 예: A history of Korea,포함
구더기는 똥이 좋아,Kim Sunhan,기타,,발표 시기 미상,https://library.ltikorea.or.kr/translatedbooks/88,,번역서 1종 · 중국어(간체) · 예: 蛆虫喜欢粪便,포함
소년의 성 보이툰: 사춘기 전후 소년들을 위한 성교육서,Choi Hwang,기타,,발표 시기 미상,https://library.ltikorea.or.kr/translatedbooks/93,,번역서 1종 · 태국어 · 예: Boy Toon เรียนรู้เรื่องเพศของเด็กผู้ชาย,포함
그 남자네 집,Park Wansuh,기타,,발표 시기 미상,https://library.ltikorea.or.kr/translatedbooks/95,,번역서 1종 · 중국어(간체) · 예: 那个男孩的家,포함
봄비 한 주머니,Yoo An-Jin,기타,,발표 시기 미상,https://library.ltikorea.or.kr/translatedbooks/170,,번역서 1종 · 중국어(간체) · 예: 春雨一袋子,포함
삿뽀로 여인숙,Ha Seong-nan,기타,,발표 시기 미상,https://library.ltikorea.or.kr/translatedbooks/190,,번역서 1종 · 중국어(간체) · 예: 札幌旅店,포함
우리가 사람일세,Jung Yeonhi,단편소설,,발표 시기 미상,https://library.ltikorea.or.kr/translatedbooks/1414,,번역서 1종 · 영어 · 예: One human family and other stories,포함
고시조선집,So Kyong-dok,시조,,발표 시기 미상,https://library.ltikorea.or.kr/translatedbooks/1423,,번역서 1종 · 프랑스어 · 예: Poésie coréenne,포함
서편제,Kim Dongri,기타,,발표 시기 미상,https://library.ltikorea.or.kr/translatedbooks/1425,,번역서 1종 · 프랑스어 · 예: LA CHANTEUSE DE P'ANSORI,포함
진시황릉에서 살아남기 세트,Hong Jaecheol,기타,,발표 시기 미상,https://library.ltikorea.or.kr/translatedbooks/197,,번역서 2종 · 중국어(간체) · 예: 秦始皇陵大探险1,포함
민족문학과 세계문학,Baek Nakchung,기타,,발표 시기 미상,https://library.ltikorea.or.kr/translatedbooks/156,,번역서 1종 · 중국어(간체) · 예: 全球化时代的文学与人,포함
내 이름이 교코였을 때. 1권 - 2권,Park Linda Sue,기타,,발표 시기 미상,https://library.ltikorea.or.kr/translatedbooks/1361,,번역서 1종 · 영어 · 예: When my name was KEOKO,포함
동아시아의 뒷간,Kim Kwangon,기타,,발표 시기 미상,https://library.ltikorea.or.kr/translatedbooks/132,,번역서 1종 · 중국어(간체) · 예: 东亚的厕所,포함
두더지 아가씨의 꽃밭,Woori Nuri,기타,,발표 시기 미상,https://library.ltikorea.or.kr/translatedbooks/133,,번역서 1종 · 중국어(간체) · 예: 鼹鼠小姐的花园,포함
떡볶이 따라 몸속 구경,몽당연필,기타,,발표 시기 미상,https://library.ltikorea.or.kr/translatedbooks/137,,번역서 1종 · 중국어(간체) · 예: 跟着炒年糕的人体旅行,포함
마이너리그,Eun Heekyung,기타,,발표 시기 미상,https://library.ltikorea.or.kr/translatedbooks/141,,번역서 1종 · 중국어(간체) · 예: 汉城兄弟,포함
김동리 대표작선: 무녀도,Kim Dongri,기타,,발표 시기 미상,https://library.ltikorea.or.kr/translatedbooks/147,,번역서 1종 · 중국어(간체) · 예: 巫女图,포함
미란,Youn Dae-Nyeong,기타,,발표 시기 미상,https://library.ltikorea.or.kr/translatedbooks/149,,번역서 1종 · 중국어(간체) · 예: 美兰,포함
소녀의 초상,Youn Dae-Nyeong,기타,,발표 시기 미상,https://library.ltikorea.or.kr/translatedbooks/150,,번역서 1종 · 중국어(간체) · 예: 少女的肖像,포함
한국 생활사 박물관 시리즈,The Special Committee for the Virtual Museum of Korean History,기타,,발표 시기 미상,https://library.ltikorea.or.kr/translatedbooks/1404,,번역서 1종 · 영어 · 예: Living in Joseon,포함
내 보물 1호 티노,Kim Yeongsu,기타,,발표 시기 미상,https://library.ltikorea.or.kr/translatedbooks/1407,,번역서 1종 · 영어 · 예: Tino,포함
사라진 손바닥,Ra Heeduk,기타,,발표 시기 미상,https://library.ltikorea.or.kr/translatedbooks/1412,,번역서 1종 · 영어 · 예: Scale & stairs,포함
내일의 노래,Ko Un,기타,,발표 시기 미상,https://library.ltikorea.or.kr/translatedbooks/1413,,번역서 1종 · 영어 · 예: Songs for Tomorrow,포함
어머니는 죽지 않는다,Choi In-ho,기타,,발표 시기 미상,https://library.ltikorea.or.kr/translatedbooks/247,,번역서 1종 · 중국어(간체) · 예: 永恒的母亲,포함
어선 전진호,Kim Hyeong,기타,,발표 시기 미상,https://library.ltikorea.or.kr/translatedbooks/248,,번역서 1종 · 중국어(간체) · 예: 漁輪前進號,포함
한국향가집,Seodong,기타,,발표 시기 미상,https://library.ltikorea.or.kr/translatedbooks/462,,"번역서 1종 · 영어 · 예: Hyangga, Oldest Korean Songs",포함
사슴벌레 여자,Youn Dae-Nyeong,기타,,발표 시기 미상,https://library.ltikorea.or.kr/translatedbooks/1522,,번역서 1종 · 프랑스어 · 예: VOLEUR D'ŒUFS,포함
한국한시선: 한시는 인간과 자연의 만남,Jeong Beopsa,시,,발표 시기 미상,https://library.ltikorea.or.kr/translatedbooks/477,,번역서 1종 · 영어 · 예: Korean poetry in classical Chinese,포함
사랑의 시,,시,,발표 시기 미상,https://library.ltikorea.or.kr/translatedbooks/467,,번역서 1종 · 영어 · 예: A hundred love poems from old Korea,포함
시조의 리듬,Yi I,시조,,발표 시기 미상,https://library.ltikorea.or.kr/translatedbooks/469,,번역서 1종 · 영어 · 예: Shijo Rhythms,포함
물 위의 그림자: 시조선,Yi Cho-nyon,시조,,발표 시기 미상,https://library.ltikorea.or.kr/translatedbooks/470,,번역서 1종 · 영어 · 예: Shadows in the Water: Shijo,포함
한국문학: 시조,,시조,,발표 시기 미상,https://library.ltikorea.or.kr/translatedbooks/472,,번역서 1종 · 영어 · 예: Korean literature,포함
판소리사설전집 14: 영역본 심청가 · 흥보가,박승배,기타,,발표 시기 미상,https://library.ltikorea.or.kr/translatedbooks/473,,번역서 1종 · 영어 · 예: Simcheongga Heungboga,포함
수궁가,박승배,기타,,발표 시기 미상,https://library.ltikorea.or.kr/translatedbooks/474,,"번역서 1종 · 영어 · 예: Sugungga, Jeokbyeokga",포함
사랑,Yi Kwang-Su,기타,,발표 시기 미상,https://library.ltikorea.or.kr/translatedbooks/1528,,번역서 1종 · 프랑스어 · 예: AMOUR,포함
꿈꾸는 자의 나성,Yun Heunggil,기타,,발표 시기 미상,https://library.ltikorea.or.kr/translatedbooks/1523,,번역서 1종 · 프랑스어 · 예: LOS ANGELES D'UN RÊVEUR,포함
한국시가집: 앤솔러지,King Mu of Paekche,시,,발표 시기 미상,https://library.ltikorea.or.kr/translatedbooks/460,,번역서 1종 · 영어 · 예: Poems from Korea,포함
정숙한 여인들: 한국 고전소설 세 편,Kim Man Jung,소설,,발표 시기 미상,https://library.ltikorea.or.kr/translatedbooks/459,,번역서 1종 · 영어 · 예: Virtuous Women,포함
희미한 옛 사랑의 그림자,Kim Kwang-Kyu,기타,,발표 시기 미상,https://library.ltikorea.or.kr/translatedbooks/409,,"번역서 2종 · 중국어(간체), 스페인어 · 예: 模糊的旧爱之影",포함
얼굴과 운명: 한국현대단편소설선1,Kim Dong-in,단편소설,,발표 시기 미상,https://library.ltikorea.or.kr/translatedbooks/414,,번역서 1종 · 체코어 · 예: Tváře a osudy,포함
내가 돌이 되면: 한국현대시선집,KIM Sowol,시,,발표 시기 미상,https://library.ltikorea.or.kr/translatedbooks/415,,번역서 1종 · 체코어 · 예: Stanu-Li se Kamenem,포함
칼의 노래,KIM HOON,기타,,발표 시기 미상,https://library.ltikorea.or.kr/translatedbooks/1508,,"번역서 3종 · 프랑스어, 스페인어, 독일어 · 예: LE CHANT DU SABRE",포함
시장과 전장,Pak Kyongni,기타,,발표 시기 미상,https://library.ltikorea.or.kr/translatedbooks/1510,,"번역서 2종 · 프랑스어, 독일어 · 예: LE MARCHÉ ET LE CHAMP DE BATAILLE",포함
한국현대시조선,Choe Nam-Seon,시조,,발표 시기 미상,https://library.ltikorea.or.kr/translatedbooks/450,,번역서 2종 · 영어 · 예: Traditional Korean verse since the 1900s,포함
한국학서지,Pucek Vladimir,기타,,발표 시기 미상,https://library.ltikorea.or.kr/translatedbooks/452,,번역서 1종 · 체코어 · 예: Korea in Czchoslovakia(Czech Republic) Bibliography,포함
선가귀감,Mistr Sosan,기타,,발표 시기 미상,https://library.ltikorea.or.kr/translatedbooks/455,,번역서 1종 · 체코어 · 예: Zrcadlo zenu,포함
화엄일승법계도,Mistr Uisang,기타,,발표 시기 미상,https://library.ltikorea.or.kr/translatedbooks/458,,번역서 1종 · 체코어 · 예: Mapa říše skutečnosti dle Avatamsaka sútry,포함
달궁,Seo Jeong-in,기타,,발표 시기 미상,https://library.ltikorea.or.kr/translatedbooks/1513,,번역서 1종 · 프랑스어 · 예: TALGUNG,포함
분열식,Seo Jeong-in,기타,,발표 시기 미상,https://library.ltikorea.or.kr/translatedbooks/1514,,번역서 1종 · 프랑스어 · 예: défilé,포함
한국인,Jang-Soon Sohn,기타,,발표 시기 미상,https://library.ltikorea.or.kr/translatedbooks/1515,,번역서 1종 · 프랑스어 · 예: les coréens,포함
에미,Yun Heunggil,기타,,발표 시기 미상,https://library.ltikorea.or.kr/translatedbooks/1525,,"번역서 2종 · 프랑스어, 일본어 · 예: LA MÈRE",포함
시조선,Choi Chung,시조,,발표 시기 미상,https://library.ltikorea.or.kr/translatedbooks/482,,번역서 1종 · 영어 · 예: The book of Korean Shijo,포함
월야어지상작(月夜於池上作): 한국한시선,Ch'oe Ch'i-won,기타,,발표 시기 미상,https://library.ltikorea.or.kr/translatedbooks/484,,번역서 1종 · 영어 · 예: The moonlit pond,포함
황제를 위하여 1,Yi Mun-yol,기타,,발표 시기 미상,https://library.ltikorea.or.kr/translatedbooks/1537,,"번역서 5종 · 프랑스어, 일본어, 영어, 독일어, 중국어(간체) · 예: POUR L'EMPEREUR",포함
말의 긴장: 동시대 한국 여성 시인선,Choi Seung-ja,기타,,발표 시기 미상,https://library.ltikorea.or.kr/translatedbooks/511,,번역서 1종 · 영어 · 예: Anxiety of words,포함
한국현대소설선,Hyun Jin-geon,소설,,발표 시기 미상,https://library.ltikorea.or.kr/translatedbooks/512,,번역서 1종 · 영어 · 예: Modern Korean fiction,포함
장마,Yun Heunggil,기타,,발표 시기 미상,https://library.ltikorea.or.kr/translatedbooks/2365,,번역서 1종 · 일본어 · 예: 長雨,포함
도산 안창호,Yi Kwang-Su,기타,,발표 시기 미상,https://library.ltikorea.or.kr/translatedbooks/2369,,번역서 1종 · 일본어 · 예: 至誠、天を動かす 大韓民族独立運動の父島山安昌浩の思想と生涯,포함
숲속의 방,kang seuk kyong,기타,,발표 시기 미상,https://library.ltikorea.or.kr/translatedbooks/7960,,번역서 1종 · 중국어(간체) · 예: 深林之屋,포함
한국의 도교사상,Cha Joohwan,기타,,발표 시기 미상,https://library.ltikorea.or.kr/translatedbooks/7962,,번역서 1종 · 중국어(간체) · 예: 韓國道敎思想,포함
한국과학사,Jeon Sang-woon,기타,,발표 시기 미상,https://library.ltikorea.or.kr/translatedbooks/7963,,번역서 1종 · 일본어 · 예: 韓国科學史,포함
동아시아 여성의 기원,Jung Jaeseo,기타,,발표 시기 미상,https://library.ltikorea.or.kr/translatedbooks/7964,,번역서 1종 · 중국어(간체) · 예: 東亞女性的起源,포함
간판스타,Lee Heejae,기타,,발표 시기 미상,https://library.ltikorea.or.kr/translatedbooks/7966,,번역서 1종 · 중국어(간체) · 예: 招牌明星,포함
이문열 단편선,Yi Mun-yol,기타,,발표 시기 미상,https://library.ltikorea.or.kr/translatedbooks/1536,,번역서 1종 · 프랑스어 · 예: L'île anonyme,포함
크로스컬쳐럴 리뷰#4: 한국의 저항시선,Kim Ji-ha,기타,,발표 시기 미상,https://library.ltikorea.or.kr/translatedbooks/510,,번역서 1종 · 영어 · 예: Cross-Cultural Review#4: South Korean Poets of Resistance,포함
그해 겨울,Yi Mun-yol,기타,,발표 시기 미상,https://library.ltikorea.or.kr/translatedbooks/1530,,"번역서 1종 · 프랑스어 · 예: L'hiver, cette année-là",포함
더디 피는 국화,Ch'oe Ch'i-won,기타,,발표 시기 미상,https://library.ltikorea.or.kr/translatedbooks/485,,번역서 1종 · 영어 · 예: Among the flowering reeds,포함
정중월: 한국시선집 (井中月: 韓國詩選集),,시,,발표 시기 미상,https://library.ltikorea.or.kr/translatedbooks/495,,"번역서 1종 · 영어 · 예: Tilting the jar, spilling the moon",포함
날카로운 칼날: 고전 및 현대 한국시선,Chung Chul,기타,,발표 시기 미상,https://library.ltikorea.or.kr/translatedbooks/496,,번역서 1종 · 영어 · 예: The cutting edge,포함
별사: 여성 3인 소설선,kang seuk kyong,소설,,발표 시기 미상,https://library.ltikorea.or.kr/translatedbooks/497,,번역서 1종 · 영어 · 예: Words of farewell,포함
전후한국단편소설선,Kim Dongri,단편소설,,발표 시기 미상,https://library.ltikorea.or.kr/translatedbooks/498,,번역서 1종 · 영어 · 예: Postwar Korean short stories,포함
새하곡,Yi Mun-yol,기타,,발표 시기 미상,https://library.ltikorea.or.kr/translatedbooks/1532,,번역서 1종 · 프랑스어 · 예: Chant sous une forteresse,포함
3인 시선: 사랑의 변주곡,KIM SU-YOUNG,기타,,발표 시기 미상,https://library.ltikorea.or.kr/translatedbooks/505,,번역서 1종 · 영어 · 예: Variations,포함
맹춘중하 외 (孟春仲夏 외),Kim Won il,기타,,발표 시기 미상,https://library.ltikorea.or.kr/translatedbooks/507,,"번역서 1종 · 영어 · 예: Early Spring, Mid-Summer",포함
순례자의 노래,Kim Chiwon,기타,,발표 시기 미상,https://library.ltikorea.or.kr/translatedbooks/509,,번역서 1종 · 영어 · 예: Wayfarer,포함
황석영 소설선,Hwang Sok-yong,소설,,발표 시기 미상,https://library.ltikorea.or.kr/translatedbooks/403,,번역서 1종 · 중국어(간체) · 예: 黃晳暎,포함
프린세스 마법의 주문 : 소중한 나를 위한 약속,Aness An,기타,,발표 시기 미상,https://library.ltikorea.or.kr/translatedbooks/370,,번역서 1종 · 중국어(간체) · 예: 公主養成魔法書：快樂當公主，何必爭女王,포함
미술관에서의 혼돈과 정리,Kang Baek Lee,기타,,발표 시기 미상,https://library.ltikorea.or.kr/translatedbooks/1481,,번역서 1종 · 프랑스어 · 예: CHAOS ET ORDRE DANS UN MUSEE,포함
동지 섣달 꽃 본 듯이: 이강백 희곡선 2,Kang Baek Lee,희곡,,발표 시기 미상,https://library.ltikorea.or.kr/translatedbooks/1482,,번역서 1종 · 프랑스어 · 예: Comme si on voyait des fleurs au coeur de l'hiver,포함
문제적 인간 연산,Lee Yountaek,기타,,발표 시기 미상,https://library.ltikorea.or.kr/translatedbooks/1483,,"번역서 2종 · 프랑스어, 독일어 · 예: YÔNSAN",포함
이윤택 희곡집,Lee Yountaek,희곡,,발표 시기 미상,https://library.ltikorea.or.kr/translatedbooks/1484,,"번역서 1종 · 프랑스어 · 예: Une trilogie de Yi Yunt'aek -Ogu, Masque de feu, Pabogaksi-",포함
피아노 살인사건,Kim Sungjong,기타,,발표 시기 미상,https://library.ltikorea.or.kr/translatedbooks/374,,번역서 1종 · 중국어(간체) · 예: 钢琴杀人事件,포함
한국 분단소설선,Yun Heunggil,소설,,발표 시기 미상,https://library.ltikorea.or.kr/translatedbooks/377,,번역서 1종 · 중국어(간체) · 예: 黑暗之魂,포함
한국고전문학,Jin Bocheong,기타,,발표 시기 미상,https://library.ltikorea.or.kr/translatedbooks/379,,번역서 1종 · 중국어(간체) · 예: 韩国古典文学精华,포함
한국소설명저감상,Kim Siseup,소설,,발표 시기 미상,https://library.ltikorea.or.kr/translatedbooks/383,,번역서 1종 · 중국어(간체) · 예: 韩国小说名著鉴赏,포함
날카로운 칼날: 고전 및 현대 한국시선,Han Yong-un,시,,발표 시기 미상,https://library.ltikorea.or.kr/translatedbooks/384,,번역서 1종 · 중국어(간체) · 예: 韩国诗选,포함
한국여작가작품선,Kang Shin-Jae,기타,,발표 시기 미상,https://library.ltikorea.or.kr/translatedbooks/385,,번역서 1종 · 중국어(간체) · 예: 韩国女作家作品选,포함
불가불가,YI HYON-HWA,기타,,발표 시기 미상,https://library.ltikorea.or.kr/translatedbooks/1485,,"번역서 1종 · 프랑스어 · 예: Un possible, impossible",포함
둥둥낙락둥,Choi In-hun,기타,,발표 시기 미상,https://library.ltikorea.or.kr/translatedbooks/1486,,번역서 1종 · 프랑스어 · 예: Théâtre de CH'OE INHUN,포함
봄이 오면 산에 들에,Choi In-hun,기타,,발표 시기 미상,https://library.ltikorea.or.kr/translatedbooks/1487,,번역서 1종 · 프랑스어 · 예: QUAND LE PRINTEMPS ARRIVE A LA MONTAGNE ET AUX CHAMPS,포함
편지,Gwon Hyeongsul,기타,,발표 시기 미상,https://library.ltikorea.or.kr/translatedbooks/368,,번역서 1종 · 중국어(간체) · 예: 尘缘未了,포함
통속해학소설집,Kim Yongcheol,단편소설,,발표 시기 미상,https://library.ltikorea.or.kr/translatedbooks/367,,번역서 1종 · 중국어(간체) · 예: 通俗諧謔小說集,포함
우리 땅에서 익은 우리 술,Jo Jeonghyeong,기타,,발표 시기 미상,https://library.ltikorea.or.kr/translatedbooks/264,,번역서 1종 · 중국어(간체) · 예: 韩国传统民俗酒,포함
하늘만큼 먼 나라: 노경식 희곡집,Roh Kyeongshik,희곡,,발표 시기 미상,https://library.ltikorea.or.kr/translatedbooks/1475,,번역서 1종 · 프랑스어 · 예: Un pays Aussi lointain que le ciel,포함
사랑의 뿌리,Hwang Tong-gyu,기타,,발표 시기 미상,https://library.ltikorea.or.kr/translatedbooks/1474,,번역서 1종 · 프랑스어 · 예: Les racines d'amour,포함
맹진사댁 경사,Oh Yeongjin,기타,,발표 시기 미상,https://library.ltikorea.or.kr/translatedbooks/1476,,번역서 1종 · 프랑스어 · 예: Monsieur Maeng marie sa fille,포함
초분,Oh Taeseok,기타,,발표 시기 미상,https://library.ltikorea.or.kr/translatedbooks/1477,,번역서 1종 · 프랑스어 · 예: Tertre,포함
신화 1900,Youn Daisung,소설,,발표 시기 미상,https://library.ltikorea.or.kr/translatedbooks/1479,,번역서 1종 · 프랑스어 · 예: MYTHE 1900,포함
책 만들며 놀자,Gwak Gyehyeon,기타,,발표 시기 미상,https://library.ltikorea.or.kr/translatedbooks/343,,번역서 1종 · 중국어(간체) · 예: 一起做書來玩吧！,포함
춘향전,Jo Hosang,기타,,발표 시기 미상,https://library.ltikorea.or.kr/translatedbooks/360,,번역서 1종 · 중국어(간체) · 예: 春香传,포함
물도리동,Heo Gyu,기타,,발표 시기 미상,https://library.ltikorea.or.kr/translatedbooks/1488,,번역서 1종 · 프랑스어 · 예: Muldoridong,포함
한국현대명시선집,Kim ŏk,시,,발표 시기 미상,https://library.ltikorea.or.kr/translatedbooks/388,,번역서 1종 · 중국어(간체) · 예: 韩国现代名诗选读,포함
한국현대문학사,Kim Yunsik,기타,,발표 시기 미상,https://library.ltikorea.or.kr/translatedbooks/389,,번역서 1종 · 중국어(간체) · 예: 韩国现代文学史,포함
한국고전문학 에세이집,,수필,,발표 시기 미상,https://library.ltikorea.or.kr/translatedbooks/439,,번역서 1종 · 체코어 · 예: Studie z dějin starší korejské literatury,포함
동양의 신화,Miriam Löwensteinová,소설,,발표 시기 미상,https://library.ltikorea.or.kr/translatedbooks/446,,번역서 1종 · 체코어 · 예: Encyklopedie mytologie Japonska a Koreje,포함
한국현대문학사,,기타,,발표 시기 미상,https://library.ltikorea.or.kr/translatedbooks/447,,번역서 1종 · 불가리아어 · 예: ИСТОРИЯ НА СЪВРЕМЕННАТА КОРЕЙСКА ЛИТЕРАТУРА,포함
60년대식,Kim Seungok,기타,,발표 시기 미상,https://library.ltikorea.or.kr/translatedbooks/1500,,번역서 1종 · 프랑스어 · 예: A LA FAÇON DES ANNÉES SOIXANTE,포함
다산성,Kim Seungok,기타,,발표 시기 미상,https://library.ltikorea.or.kr/translatedbooks/1501,,번역서 1종 · 프랑스어 · 예: LA SURPRODUCTIVITÉ,포함
번개의 별: 한국고전영웅소설집,Heo Kyun,단편소설,,발표 시기 미상,https://library.ltikorea.or.kr/translatedbooks/431,,번역서 1종 · 체코어 · 예: Hvězda blesku,포함
한국현대문학작품선,주요섭,기타,,발표 시기 미상,https://library.ltikorea.or.kr/translatedbooks/390,,번역서 1종 · 중국어(간체) · 예: 韩国现代文学作品选,포함
한국소설사고,Gim Gwanung,소설,,발표 시기 미상,https://library.ltikorea.or.kr/translatedbooks/394,,번역서 1종 · 중국어(간체) · 예: 韓國古小說史稿,포함
홍성원 단편소설선,Hong Sung-won,단편소설,,발표 시기 미상,https://library.ltikorea.or.kr/translatedbooks/400,,번역서 1종 · 중국어(간체) · 예: 恭敬的暴力,포함
한국연극특집호-한국연극의 어제와 오늘-(가제),,희곡,,발표 시기 미상,https://library.ltikorea.or.kr/translatedbooks/1489,,번역서 1종 · 프랑스어 · 예: Théâtre coréen d'hier et d'aujourd'hui,포함
"박씨부인전, 숙향전",,기타,,발표 시기 미상,https://library.ltikorea.or.kr/translatedbooks/1491,,"번역서 1종 · 프랑스어 · 예: HISTOIRE DE DAME PAK, HISTOIRE DE SUK-HYANG",포함
이름을 도둑맞다: 한국현대단편소설선2,YANG GUI-JA,단편소설,,발표 시기 미상,https://library.ltikorea.or.kr/translatedbooks/416,,번역서 1종 · 체코어 · 예: Ukradené jméno,포함
고전시선,Pucek Vladimir,기타,,발표 시기 미상,https://library.ltikorea.or.kr/translatedbooks/417,,번역서 1종 · 체코어 · 예: Jasná luna v prázdných horách,포함
바람과 비 가득찬 공산: 한국 선시선,Han Yong-un,기타,,발표 시기 미상,https://library.ltikorea.or.kr/translatedbooks/420,,번역서 1종 · 체코어 · 예: Prázdné hory jsou plné větru a deště,포함
적멸의 불빛,Oh,기타,,발표 시기 미상,https://library.ltikorea.or.kr/translatedbooks/422,,번역서 1종 · 체코어 · 예: Světlo vyhasnutí,포함
사반의 십자가,Kim Dongri,기타,,발표 시기 미상,https://library.ltikorea.or.kr/translatedbooks/1496,,번역서 1종 · 프랑스어 · 예: La Croix de Schaphan,포함
고쳐 쓴 한국현대사,Kang Mangil,기타,,발표 시기 미상,https://library.ltikorea.or.kr/translatedbooks/1253,,번역서 1종 · 영어 · 예: A history of contemporary Korea,포함
갈증의 시학,Choe Yun,기타,,발표 시기 미상,https://library.ltikorea.or.kr/translatedbooks/1579,,번역서 1종 · 프랑스어 · 예: POÉTIQUE DE LA SOIF,포함
상념의 메아리: 한국시의 천년,Ch'oe Ch'i-won,기타,,발표 시기 미상,https://library.ltikorea.or.kr/translatedbooks/570,,번역서 1종 · 영어 · 예: Mirrored Minds,포함
한국고전시가,Ch'oe Ch'i-won,시,,발표 시기 미상,https://library.ltikorea.or.kr/translatedbooks/571,,번역서 1종 · 영어 · 예: The Book of Korean Poetry,포함
깊고 푸른 밤,Choi In-ho,기타,,발표 시기 미상,https://library.ltikorea.or.kr/translatedbooks/1584,,번역서 1종 · 프랑스어 · 예: Une nuit bleue et profonde,포함
가면고,Choi In-hun,기타,,발표 시기 미상,https://library.ltikorea.or.kr/translatedbooks/1585,,번역서 1종 · 프랑스어 · 예: Réflexions sur les masques,포함
상처,Han Malsook,기타,,발표 시기 미상,https://library.ltikorea.or.kr/translatedbooks/1586,,번역서 1종 · 프랑스어 · 예: LA PLAIE,포함
허밍버드의 춤,Kang Okkoo,기타,,발표 시기 미상,https://library.ltikorea.or.kr/translatedbooks/573,,번역서 1종 · 영어 · 예: A Hummingbird's dance,포함
나의 파도소리,KO UN,기타,,발표 시기 미상,https://library.ltikorea.or.kr/translatedbooks/576,,번역서 1종 · 영어 · 예: The sound of my waves,포함
거미가 한 말: 고창수 시선,Ko Chang Soo,기타,,발표 시기 미상,https://library.ltikorea.or.kr/translatedbooks/582,,번역서 1종 · 영어 · 예: What the spider said,포함
내가 설 땅은 어디냐?,HUH KEUN-OUK,기타,,발표 시기 미상,https://library.ltikorea.or.kr/translatedbooks/1589,,번역서 1종 · 프랑스어 · 예: OÙ EST DONC MA PATRIE?,포함
어부사시사,Yun Son-do,기타,,발표 시기 미상,https://library.ltikorea.or.kr/translatedbooks/568,,번역서 2종 · 영어 · 예: The fisherman's calendar,포함
한국전쟁 시선집,Cho Jihoon,시,,발표 시기 미상,https://library.ltikorea.or.kr/translatedbooks/546,,번역서 1종 · 영어 · 예: Brother Enemy,포함
한국단편소설 10편,Ha Keun-chan,단편소설,,발표 시기 미상,https://library.ltikorea.or.kr/translatedbooks/552,,번역서 1종 · 영어 · 예: Ten Korean Short Stories,포함
두 아내,Chung So-Sung,기타,,발표 시기 미상,https://library.ltikorea.or.kr/translatedbooks/1554,,번역서 1종 · 프랑스어 · 예: Les deux épouses,포함
한국현대시선,Han Yong-un,시,,발표 시기 미상,https://library.ltikorea.or.kr/translatedbooks/557,,번역서 2종 · 영어 · 예: Looking for the cow,포함
성벽,Cho Sunjak,기타,,발표 시기 미상,https://library.ltikorea.or.kr/translatedbooks/1556,,번역서 1종 · 프랑스어 · 예: le père chien,포함
한국의 현대시 450편,Han Yong-un,시,,발표 시기 미상,https://library.ltikorea.or.kr/translatedbooks/563,,번역서 1종 · 영어 · 예: Korean poetry today,포함
단편소설선,Hwang Sun-Won,단편소설,,발표 시기 미상,https://library.ltikorea.or.kr/translatedbooks/565,,번역서 1종 · 영어 · 예: The Stars and Other Korean Short Stories,포함
별 외: 한국단편선,Yoo Jai Yong,단편소설,,발표 시기 미상,https://library.ltikorea.or.kr/translatedbooks/566,,번역서 1종 · 영어 · 예: The Star and Other Korean Short Stories,포함
김광규 시선 1988-2002,Kim Kwang-Kyu,기타,,발표 시기 미상,https://library.ltikorea.or.kr/translatedbooks/590,,번역서 1종 · 영어 · 예: The Depths of a Clam,포함
와사등,Kim Kwangkyun,기타,,발표 시기 미상,https://library.ltikorea.or.kr/translatedbooks/592,,번역서 1종 · 영어 · 예: Gas Light,포함
말라가에서,KO UN,기타,,발표 시기 미상,https://library.ltikorea.or.kr/translatedbooks/623,,번역서 1종 · 스페인어 · 예: Málaga Milenaria,포함
테라스의 여자,Moon Chung-hee,기타,,발표 시기 미상,https://library.ltikorea.or.kr/translatedbooks/626,,번역서 1종 · 영어 · 예: Woman on the terrace,포함
박목월 시선집,Pak Mog-Weol,시,,발표 시기 미상,https://library.ltikorea.or.kr/translatedbooks/630,,번역서 1종 · 영어 · 예: Selected poems of Pak Mogwol,포함
가난한 어부,Pak Hyung Bong,기타,,발표 시기 미상,https://library.ltikorea.or.kr/translatedbooks/635,,번역서 1종 · 영어 · 예: The Poor Fisherman,포함
무죄: 박형봉 시선집,Pak Hyung Bong,시,,발표 시기 미상,https://library.ltikorea.or.kr/translatedbooks/636,,번역서 1종 · 영어 · 예: The Guiltless,포함
홀로 있을 때,Pak Hyung Bong,기타,,발표 시기 미상,https://library.ltikorea.or.kr/translatedbooks/637,,번역서 1종 · 영어 · 예: Being alone,포함
박희진 시선집,Pak Hi-jin,시,,발표 시기 미상,https://library.ltikorea.or.kr/translatedbooks/638,,번역서 1종 · 영어 · 예: Sunrise over the East Sea,포함
성 김대건 안드레아 : 한국의 첫 사제,Bae Dalsoon,기타,,발표 시기 미상,https://library.ltikorea.or.kr/translatedbooks/639,,번역서 1종 · 영어 · 예: Saint Andrew Kim Dae-gon,포함
밤이 깊으면,Chong-ju,기타,,발표 시기 미상,https://library.ltikorea.or.kr/translatedbooks/641,,번역서 1종 · 영어 · 예: The early lyrics 1941~1960,포함
안 잊히는 일들,Chong-ju,기타,,발표 시기 미상,https://library.ltikorea.or.kr/translatedbooks/643,,번역서 1종 · 영어 · 예: Unforgettable Things,포함
보이지 않는 산,Shin Changho,기타,,발표 시기 미상,https://library.ltikorea.or.kr/translatedbooks/649,,번역서 1종 · 영어 · 예: Invisible mountains,포함
한국여성시선,Lee Hyang-ji,기타,,발표 시기 미상,https://library.ltikorea.or.kr/translatedbooks/659,,번역서 1종 · 영어 · 예: Echoing Song,포함
하늘에 핀 검은 꽃,Chong Ki-Sheok,기타,,발표 시기 미상,https://library.ltikorea.or.kr/translatedbooks/660,,번역서 1종 · 영어 · 예: Black Flower in the Sky,포함
박두진 시선,PAK TU-JIN,기타,,발표 시기 미상,https://library.ltikorea.or.kr/translatedbooks/629,,"번역서 1종 · 영어 · 예: River of Life, River of Hope",포함
이슬의 눈,Mah Chonggi,기타,,발표 시기 미상,https://library.ltikorea.or.kr/translatedbooks/621,,번역서 1종 · 영어 · 예: Eyes of dew,포함
그대 떠난 후 더욱 사랑하게 되었네,Kim Soyoup,기타,,발표 시기 미상,https://library.ltikorea.or.kr/translatedbooks/595,,"번역서 1종 · 영어 · 예: My love, my star",포함
동양문학선,Kim Sowol,기타,,발표 시기 미상,https://library.ltikorea.or.kr/translatedbooks/601,,번역서 1종 · 영어 · 예: Unforgettable love,포함
행여 님이 오실까,Kim Soyoup,기타,,발표 시기 미상,https://library.ltikorea.or.kr/translatedbooks/606,,번역서 1종 · 영어 · 예: In case you may drop by,포함
달걀 속의 생,Kim Seung-Hee,기타,,발표 시기 미상,https://library.ltikorea.or.kr/translatedbooks/607,,번역서 1종 · 영어 · 예: Life within an egg,포함
김종철 시선,Kim Jongcheol,기타,,발표 시기 미상,https://library.ltikorea.or.kr/translatedbooks/611,,번역서 1종 · 영어 · 예: The floating island,포함
김지하 시선집,Kim Ji-ha,시,,발표 시기 미상,https://library.ltikorea.or.kr/translatedbooks/613,,번역서 1종 · 영어 · 예: The Middle Hour,포함
샤갈의 마을에 내리는 눈,Kim Chunsu,기타,,발표 시기 미상,https://library.ltikorea.or.kr/translatedbooks/616,,번역서 1종 · 영어 · 예: The Snow Falling on Chagall's Village,포함
목넘이 마을의 개,Hwang Sun-Won,기타,,발표 시기 미상,https://library.ltikorea.or.kr/translatedbooks/1599,,번역서 1종 · 프랑스어 · 예: La Chienne de Moknomi,포함
별과 같이 살다,Hwang Sun-Won,기타,,발표 시기 미상,https://library.ltikorea.or.kr/translatedbooks/1600,,번역서 2종 · 프랑스어 · 예: La Petite Ourse,포함
한국 현대시 모음 제2권,Cho Jeonggwon,시,,발표 시기 미상,https://library.ltikorea.or.kr/translatedbooks/618,,번역서 1종 · 영어 · 예: Anthology of contemporary Korean poetry Vol.2,포함
김혜순 시선,KIM HYESOON,기타,,발표 시기 미상,https://library.ltikorea.or.kr/translatedbooks/619,,번역서 1종 · 영어 · 예: Mommy Must be a Fountain of Feathers,포함
어두워진다는 것은,Ra Heeduk,기타,,발표 시기 미상,https://library.ltikorea.or.kr/translatedbooks/620,,번역서 1종 · 영어 · 예: What is Darkening,포함
염소를 모는 여자 외,Jon Kyongnin,기타,,발표 시기 미상,https://library.ltikorea.or.kr/translatedbooks/1553,,번역서 1종 · 프랑스어 · 예: LA FEMME À LA CHÈVRE,포함
이호철 단편선,Lee Ho-cheol,기타,,발표 시기 미상,https://library.ltikorea.or.kr/translatedbooks/1552,,번역서 1종 · 프랑스어 · 예: La Vallée vide,포함
토끼와 늑대와 호랑이와 담이와,Chae Insun,기타,,발표 시기 미상,https://library.ltikorea.or.kr/translatedbooks/1610,,"번역서 2종 · 프랑스어 · 예: Surtout, ne sors pas, n'ouvre pas !",포함
무한의 꽃,Moun Young-Houn,기타,,발표 시기 미상,https://library.ltikorea.or.kr/translatedbooks/1627,,번역서 1종 · 프랑스어 · 예: La Fleur de l'infini,포함
Belka,,기타,,발표 시기 미상,https://library.ltikorea.or.kr/translatedbooks/1640,,번역서 1종 · 프랑스어 · 예: L'ECUREUIL,포함
"한국, 동방으로의 여행(가제)",,기타,,발표 시기 미상,https://library.ltikorea.or.kr/translatedbooks/1664,,"번역서 1종 · 프랑스어 · 예: La Corée, le voyage vers l'est",포함
위안부 리포트,Jung Kyung-a,기타,,발표 시기 미상,https://library.ltikorea.or.kr/translatedbooks/1685,,번역서 1종 · 프랑스어 · 예: Femmes de réconforte Esclaves sexuelles de l'armée japonaise,포함
고양이 학교,Kim Jinkyung,기타,,발표 시기 미상,https://library.ltikorea.or.kr/translatedbooks/10268,,"번역서 7종 · 프랑스어, 영어, 폴란드어 · 예: L`ecole des chats",포함
고양이 학교 1: 수정동굴의 비밀,Kim Jinkyung,기타,,발표 시기 미상,https://library.ltikorea.or.kr/translatedbooks/11121,,"번역서 2종 · 폴란드어, 러시아어 · 예: Szkoła Kotów",포함
고양이 학교 1부 3: 시작된 예언,Kim Jinkyung,기타,,발표 시기 미상,https://library.ltikorea.or.kr/translatedbooks/28443,,번역서 1종 · 러시아어 · 예: Кошачья школа,포함
15소년 어드벤처,Choi Dukhee,기타,,발표 시기 미상,https://library.ltikorea.or.kr/translatedbooks/167,,번역서 1종 · 중국어(간체) · 예: 冒险15人组,포함
205호 병실: 한국현대단편선,Kang Kyung-ae,단편소설,,발표 시기 미상,https://library.ltikorea.or.kr/translatedbooks/525,,번역서 1종 · 영어 · 예: Hospital room 205 and other Korean short stories,포함
한국중단편소설선,Yi Kwang-Su,단편소설,,발표 시기 미상,https://library.ltikorea.or.kr/translatedbooks/526,,번역서 2종 · 영어 · 예: The rainy spell and other Korean stories,포함
흰 옷,Yi Chong-Jun,기타,,발표 시기 미상,https://library.ltikorea.or.kr/translatedbooks/1550,,"번역서 2종 · 프랑스어, 독일어 · 예: L'HARMONIUM",포함
다양성의 목소리: 한국전후시인선,Jang Jung-il,기타,,발표 시기 미상,https://library.ltikorea.or.kr/translatedbooks/538,,번역서 1종 · 영어 · 예: Voices in Diversity,포함
바람과 파도: 한국 4인 시선,Yi Yuksa,기타,,발표 시기 미상,https://library.ltikorea.or.kr/translatedbooks/532,,번역서 1종 · 영어 · 예: The wind and the waves,포함
예언자,Yi Chong-Jun,기타,,발표 시기 미상,https://library.ltikorea.or.kr/translatedbooks/1548,,번역서 1종 · 프랑스어 · 예: Le Prophète,포함
눈길: 한국현대단편선,Jung Yeonhi,단편소설,,발표 시기 미상,https://library.ltikorea.or.kr/translatedbooks/534,,번역서 1종 · 영어 · 예: The Snowy Road and Other Stories,포함
잔인한 도시: 한국대표단편선,Yi Chong-Jun,단편소설,,발표 시기 미상,https://library.ltikorea.or.kr/translatedbooks/535,,번역서 1종 · 영어 · 예: The Cruel City and Other Korean Short Stories,포함
영역 한국불교시선,Han Yong-Un,기타,,발표 시기 미상,https://library.ltikorea.or.kr/translatedbooks/536,,번역서 1종 · 영어 · 예: The ferryboat and the wayfarer,포함
줄탁: 한국생태시선,Choi Seung-ho,기타,,발표 시기 미상,https://library.ltikorea.or.kr/translatedbooks/540,,번역서 1종 · 영어 · 예: Cracking the shell,포함
화염 속의 샘: 고은 시선,KO UN,기타,,발표 시기 미상,https://library.ltikorea.or.kr/translatedbooks/5302,,번역서 2종 · 스페인어 · 예: FUENTE EN ILAMAS,포함
백야,Han Taehun,기타,,발표 시기 미상,https://library.ltikorea.or.kr/translatedbooks/27824,,번역서 1종 · 일본어 · 예: 白夜,포함
모순,YANG GUI-JA,기타,,발표 시기 미상,https://library.ltikorea.or.kr/translatedbooks/742,,번역서 2종 · 영어 · 예: CONTRADICTIONS,포함
한국현대문학선,Han Yong-un,기타,,발표 시기 미상,https://library.ltikorea.or.kr/translatedbooks/476,,번역서 1종 · 영어 · 예: New Translations from Korea,포함
고시조선: 동지섣달 기나긴 밤을,Chung Chul,시조,,발표 시기 미상,https://library.ltikorea.or.kr/translatedbooks/478,,번역서 1종 · 영어 · 예: Love in Mid-winter Night,포함
송강과 고산: 조선 3인 시선집,Chung Chul,시,,발표 시기 미상,https://library.ltikorea.or.kr/translatedbooks/479,,번역서 1종 · 영어 · 예: Pine River and Lone Peak,포함
정철 가사선집,Chung Chul,기타,,발표 시기 미상,https://library.ltikorea.or.kr/translatedbooks/480,,번역서 1종 · 영어 · 예: A Shijo poet at the court of king Sonjo,포함
한국의 애송시,Byun Yeongro,시,,발표 시기 미상,https://library.ltikorea.or.kr/translatedbooks/519,,번역서 1종 · 영어 · 예: Best loved poems of Korea,포함
사우: 한국현대시,An Doseop,시,,발표 시기 미상,https://library.ltikorea.or.kr/translatedbooks/514,,번역서 1종 · 영어 · 예: Friends: Korean Modern Poetry,포함
한국현대시선,Jung Jong Hwa,시,,발표 시기 미상,https://library.ltikorea.or.kr/translatedbooks/515,,번역서 1종 · 영어 · 예: The anthology of modern Korean poetry,포함
한국현대시선,Byun Yeongro,시,,발표 시기 미상,https://library.ltikorea.or.kr/translatedbooks/518,,번역서 1종 · 영어 · 예: Modern Korean Poetry [P.E.N],포함
유예 외,Son Chang-sop,단편소설,,발표 시기 미상,https://library.ltikorea.or.kr/translatedbooks/523,,번역서 1종 · 영어 · 예: A Respite and Other Korean Short Stories Modern Korean Short Stories No. 6,포함
환각의 다리,Lee O Young,기타,,발표 시기 미상,https://library.ltikorea.or.kr/translatedbooks/1541,,번역서 1종 · 프랑스어 · 예: BLESSURES D’AVRIL,포함
먼 계곡,Chong Chi-Yong,기타,,발표 시기 미상,https://library.ltikorea.or.kr/translatedbooks/661,,번역서 1종 · 영어 · 예: Distant Valleys,포함
정현종 시선,Chong Hyon-Jong,기타,,발표 시기 미상,https://library.ltikorea.or.kr/translatedbooks/663,,번역서 1종 · 영어 · 예: Day-Shine,포함
놀이와 풍속의 사회사,Lee I-hwa,기타,,발표 시기 미상,https://library.ltikorea.or.kr/translatedbooks/1076,,번역서 1종 · 영어 · 예: Korea's pastimes and customs,포함
80일간의 세계 일주,Verne,기타,,발표 시기 미상,https://library.ltikorea.or.kr/translatedbooks/1,,번역서 1종 · 중국어(간체) · 예: 环游世界八十天,포함
한국 대표단편선,Kim Dong-in,기타,,발표 시기 미상,https://library.ltikorea.or.kr/translatedbooks/2,,번역서 1종 · 아라비아어 · 예: أمي والحب الراحل وقصص أخرى من الأدب الكوري,포함
한국현대시선집,Kim Sowol,시,,발표 시기 미상,https://library.ltikorea.or.kr/translatedbooks/6,,번역서 1종 · 힌디어 · 예: पहाड़ में फूल – कोरियाई कविता संग्रह,포함
시조: 한국 고전 시선,U Tak,시조,,발표 시기 미상,https://library.ltikorea.or.kr/translatedbooks/7,,번역서 1종 · 불가리아어 · 예: Шиджо,포함
한국의 전통 교육,Choi Wangee,기타,,발표 시기 미상,https://library.ltikorea.or.kr/translatedbooks/1073,,번역서 1종 · 영어 · 예: The Traditional Education of Korea,포함
(한국의 풍속) 잔치,Yoon Suhseok,기타,,발표 시기 미상,https://library.ltikorea.or.kr/translatedbooks/1077,,번역서 1종 · 영어 · 예: Festive Occasions,포함
한국의 신화와 전설,Hwang Paekang,소설,,발표 시기 미상,https://library.ltikorea.or.kr/translatedbooks/1078,,"번역서 2종 · 영어, 일본어 · 예: Korean Myths and Folk Legends",포함
레미제라블,Victor Hugo,기타,,발표 시기 미상,https://library.ltikorea.or.kr/translatedbooks/19,,번역서 1종 · 중국어(간체) · 예: 悲惨世界,포함
로미오와 줄리엣,William Shakespeare,기타,,발표 시기 미상,https://library.ltikorea.or.kr/translatedbooks/20,,번역서 1종 · 중국어(간체) · 예: 罗密欧与朱丽叶,포함
"Robinson Crusoe, 로빈슨 크루소",,기타,,발표 시기 미상,https://library.ltikorea.or.kr/translatedbooks/21,,번역서 1종 · 중국어(간체) · 예: 鲁滨孙漂流记,포함
보물섬,Francesca Salucci,기타,,발표 시기 미상,https://library.ltikorea.or.kr/translatedbooks/22,,번역서 1종 · 중국어(간체) · 예: 金银岛,포함
유교담론의 지형학,Lee Seung-hwan,기타,,발표 시기 미상,https://library.ltikorea.or.kr/translatedbooks/1068,,번역서 1종 · 영어 · 예: A topography of Confucian discourse,포함
(한국의 전통 사회) 화폐,Won Youhan,기타,,발표 시기 미상,https://library.ltikorea.or.kr/translatedbooks/1067,,번역서 1종 · 영어 · 예: Money,포함
불과 재,HYUN,단편소설,,발표 시기 미상,https://library.ltikorea.or.kr/translatedbooks/1005,,번역서 1종 · 영어 · 예: Dead Silence and Other Stories of the Jeju massacre,포함
개구리가 알을 낳았어,I Seongsil,기타,,발표 시기 미상,https://library.ltikorea.or.kr/translatedbooks/1006,,번역서 1종 · 영어 · 예: Look! a frog has laid its eggs,포함
21세기에 남북한은 어떤 길을 걷게 될 것인가,Kim Hak-jun,기타,,발표 시기 미상,https://library.ltikorea.or.kr/translatedbooks/1025,,번역서 1종 · 영어 · 예: Whither Path for the Two Koreans in the 21st Century,포함
한국연구도서목록,The Academy of Korean Studies Press,기타,,발표 시기 미상,https://library.ltikorea.or.kr/translatedbooks/1033,,번역서 1종 · 영어 · 예: Selected Bibliography of Korean Studies,포함
(동양과 서양)두 지평선의 융합,Lee Kwangse,기타,,발표 시기 미상,https://library.ltikorea.or.kr/translatedbooks/1038,,번역서 1종 · 영어 · 예: East and West,포함
(대행 큰스님 법문)맡겨놓고 지켜봐라,Master Daehaeng,기타,,발표 시기 미상,https://library.ltikorea.or.kr/translatedbooks/1047,,번역서 1종 · 영어 · 예: It's hard to say,포함
(한국의 종교) 불교,Choi Joon-Sik,기타,,발표 시기 미상,https://library.ltikorea.or.kr/translatedbooks/1051,,번역서 1종 · 영어 · 예: Buddhism,포함
이 뭐꼬,Seongcheol,기타,,발표 시기 미상,https://library.ltikorea.or.kr/translatedbooks/1052,,번역서 1종 · 영어 · 예: Opening the Eye,포함
배반당한 한국민족주의,Seo Joongseok,기타,,발표 시기 미상,https://library.ltikorea.or.kr/translatedbooks/1059,,번역서 1종 · 영어 · 예: Korean nationalism betrayed,포함
개발독재와 박정희 시대,Byeong-cheon Lee,기타,,발표 시기 미상,https://library.ltikorea.or.kr/translatedbooks/1062,,번역서 1종 · 영어 · 예: Developmental dictatorship and the Park Chung-hee era,포함
(카이사르에서 칭기즈 칸까지) 위대한 정복자들에게 배우는 성공의 기술,Kim Hoo,기타,,발표 시기 미상,https://library.ltikorea.or.kr/translatedbooks/1064,,번역서 1종 · 영어 · 예: Art of success,포함
(한국의 전통 사회) 운송 기구,Choi Wounsik,기타,,발표 시기 미상,https://library.ltikorea.or.kr/translatedbooks/1065,,번역서 1종 · 영어 · 예: Modes of TransportationTraditional Korean Society,포함
(한국의 전통 사회) 시장,Chung Seungmo,기타,,발표 시기 미상,https://library.ltikorea.or.kr/translatedbooks/1066,,번역서 1종 · 영어 · 예: Markets,포함
(한국의 풍속) 민간 신앙,Choi Joon-Sik,기타,,발표 시기 미상,https://library.ltikorea.or.kr/translatedbooks/1079,,번역서 1종 · 영어 · 예: Folk-religion,포함
악,,기타,,발표 시기 미상,https://library.ltikorea.or.kr/translatedbooks/1087,,번역서 1종 · 영어 · 예: Think no evil,포함
비밀의 화원,Frances Hodgson Burnett,기타,,발표 시기 미상,https://library.ltikorea.or.kr/translatedbooks/23,,번역서 1종 · 중국어(간체) · 예: 秘密花园,포함
(영인표점) 한국문집총간 속 42,Institute for the Translation of Korean Classics,기타,,발표 시기 미상,https://library.ltikorea.or.kr/translatedbooks/46,,번역서 1종 · 중국어(번체) · 예: (影印標點) 韓國文集叢刊 續 42,포함
(외국인을 위한) 한국 현대 문화,Lee Sunhee,기타,,발표 시기 미상,https://library.ltikorea.or.kr/translatedbooks/55,,번역서 1종 · 중국어(간체) · 예: 韩国现代文化,포함
30대 당신의 로드맵을 그려라,Yun Yeongdon,기타,,발표 시기 미상,https://library.ltikorea.or.kr/translatedbooks/59,,번역서 2종 · 중국어(간체) · 예: 职场定位,포함
가지 않은 길,Kim Moonsoo,기타,,발표 시기 미상,https://library.ltikorea.or.kr/translatedbooks/64,,번역서 1종 · 중국어(간체) · 예: 未选择的路,포함
동구 밖 당산나무,Oh Sangjo,기타,,발표 시기 미상,https://library.ltikorea.or.kr/translatedbooks/1188,,번역서 1종 · 영어 · 예: The Dangsan tree,포함
한국영화사,Lee Youngil,기타,,발표 시기 미상,https://library.ltikorea.or.kr/translatedbooks/1207,,번역서 1종 · 영어 · 예: The History of Korean Cinema,포함
한국현대시선,Kim Sowol,기타,,발표 시기 미상,https://library.ltikorea.or.kr/translatedbooks/8,,번역서 1종 · 불가리아어 · 예: КОСМОСЪТ НА ВОДНАТА КАПКА,포함
무녀도,Kim Dongri,기타,,발표 시기 미상,https://library.ltikorea.or.kr/translatedbooks/9,,번역서 1종 · 불가리아어 · 예: ШАМАНКАТА ОТ КАРТИНАTA,포함
한국의 자연시,,기타,,발표 시기 미상,https://library.ltikorea.or.kr/translatedbooks/15,,번역서 1종 · 불가리아어 · 예: Искам да попитам Луната - Корейска пейзажна лирика,포함
이명세,Jang Byungwon,기타,,발표 시기 미상,https://library.ltikorea.or.kr/translatedbooks/1213,,번역서 1종 · 영어 · 예: (Korean Films Directors) LEE Myung-Se,포함
훈민정음,Kim-Cho Sek Yen,기타,,발표 시기 미상,https://library.ltikorea.or.kr/translatedbooks/1228,,번역서 1종 · 영어 · 예: The Korean Alphabet of 1446,포함
(알기 쉽게 풀어 쓴) 훈민정음,National Institute of the Korean Language,기타,,발표 시기 미상,https://library.ltikorea.or.kr/translatedbooks/34,,번역서 1종 · 중국어(간체) · 예: 训民正音,포함
소반 (小盤),Pai Mansill,기타,,발표 시기 미상,https://library.ltikorea.or.kr/translatedbooks/1183,,번역서 1종 · 영어 · 예: Dining Tables,포함
셰익스피어 이야기,William Shakespeare,기타,,발표 시기 미상,https://library.ltikorea.or.kr/translatedbooks/24,,번역서 1종 · 중국어(간체) · 예: 莎士比亚故事集,포함
Seton's animal stories,Ernest Thompson Seton,기타,,발표 시기 미상,https://library.ltikorea.or.kr/translatedbooks/25,,번역서 1종 · 중국어(간체) · 예: 西顿动物记,포함
"The little prince, 어린 왕자",,기타,,발표 시기 미상,https://library.ltikorea.or.kr/translatedbooks/27,,번역서 1종 · 중국어(간체) · 예: 小王子,포함
남한과 북한,Kim Kyongdong,기타,,발표 시기 미상,https://library.ltikorea.or.kr/translatedbooks/1124,,번역서 1종 · 영어 · 예: The Two Koreas,포함
CEO: Business fables,Jeong Gwangho,기타,,발표 시기 미상,https://library.ltikorea.or.kr/translatedbooks/1164,,번역서 1종 · 영어 · 예: CEO,포함
한국의 해외입양에 대한 이해,Hubinette TOBiAS,기타,,발표 시기 미상,https://library.ltikorea.or.kr/translatedbooks/1166,,번역서 1종 · 영어 · 예: Comforting an orphaned nationRepresentations of international adoption and adopted koreans in korean popular culture,포함
(한국의 전통과학) 천문학,Park Changbom,기타,,발표 시기 미상,https://library.ltikorea.or.kr/translatedbooks/1168,,번역서 1종 · 영어 · 예: Astronomy,포함
(한국의 전통선박) 한선,Choi Wangee,기타,,발표 시기 미상,https://library.ltikorea.or.kr/translatedbooks/1170,,번역서 1종 · 영어 · 예: The Traditional Ships of Korea,포함
"Sorrows of young Weither, 젊은 베르테르의 슬픔",,기타,,발표 시기 미상,https://library.ltikorea.or.kr/translatedbooks/28,,번역서 1종 · 중국어(간체) · 예: 少年维特之烦恼,포함
"Jane Eyve, 제인 에어",,기타,,발표 시기 미상,https://library.ltikorea.or.kr/translatedbooks/29,,번역서 1종 · 중국어(간체) · 예: 简·爱,포함
"Prestuplenie i nakazanie, 죄와 벌",,기타,,발표 시기 미상,https://library.ltikorea.or.kr/translatedbooks/30,,번역서 1종 · 중국어(간체) · 예: 罪与罚,포함
"Wuthering heights, 폭풍의 언덕",,기타,,발표 시기 미상,https://library.ltikorea.or.kr/translatedbooks/31,,번역서 1종 · 중국어(간체) · 예: 呼啸山庄,포함
"20,000 leagues under the seas, 해저 2만리",Verne,기타,,발표 시기 미상,https://library.ltikorea.or.kr/translatedbooks/32,,번역서 1종 · 중국어(간체) · 예: 海底两万里,포함
"한국의 정원, 선비가 거닐던 세계",Heo Kyun,기타,,발표 시기 미상,https://library.ltikorea.or.kr/translatedbooks/1180,,번역서 1종 · 영어 · 예: Gardens of Korea,포함
(조선 상류 주택의) 내부 공간과 가구,Choi Sanghun,기타,,발표 시기 미상,https://library.ltikorea.or.kr/translatedbooks/1181,,번역서 1종 · 영어 · 예: Interior Space and Furniture of Joseon Upper-lass Houses,포함
(한국의 전통공예) 도기,Rha Sunhwa,기타,,발표 시기 미상,https://library.ltikorea.or.kr/translatedbooks/1182,,번역서 1종 · 영어 · 예: Pottery,포함
마른 꽃,Park Wansuh,기타,,발표 시기 미상,https://library.ltikorea.or.kr/translatedbooks/1003,,번역서 1종 · 영어 · 예: Weathered blossom,포함
사물의 꿈,Chong Hyon-jong,기타,,발표 시기 미상,https://library.ltikorea.or.kr/translatedbooks/999,,번역서 1종 · 영어 · 예: The Dream of things,포함
무정,Yi Kwang-su,기타,,발표 시기 미상,https://library.ltikorea.or.kr/translatedbooks/752,,번역서 1종 · 영어 · 예: Mujǒng,포함
이동하 소설선,Lee Dong-Ha,소설,,발표 시기 미상,https://library.ltikorea.or.kr/translatedbooks/755,,번역서 1종 · 영어 · 예: Shrapnel and Other Stories,포함
눈길,Yi Chong-jun,기타,,발표 시기 미상,https://library.ltikorea.or.kr/translatedbooks/758,,번역서 1종 · 영어 · 예: The snowy road,포함
수색: 그 물빛 무늬,Lee Soon-won,기타,,발표 시기 미상,https://library.ltikorea.or.kr/translatedbooks/764,,번역서 1종 · 영어 · 예: SUSAEK,포함
장군의 수염,Lee O Young,기타,,발표 시기 미상,https://library.ltikorea.or.kr/translatedbooks/766,,번역서 1종 · 영어 · 예: The General's Beard,포함
판문점,Lee Ho-cheol,단편소설,,발표 시기 미상,https://library.ltikorea.or.kr/translatedbooks/773,,"번역서 3종 · 영어, 독일어, 일본어 · 예: Panmunjom And Other Stories",포함
시사회 외 9편,Cho SunJak,단편소설,,발표 시기 미상,https://library.ltikorea.or.kr/translatedbooks/781,,번역서 1종 · 영어 · 예: The Preview and Other Stories,포함
한국현대 초기작가 소설선:,Ch`ae Man-Sik,소설,,발표 시기 미상,https://library.ltikorea.or.kr/translatedbooks/786,,번역서 1종 · 영어 · 예: A Ready-Made Life,포함
슬픔도 힘이 된다,Yang Gui-ja,기타,,발표 시기 미상,https://library.ltikorea.or.kr/translatedbooks/743,,번역서 1종 · 영어 · 예: Strength from sorrow,포함
최승호 시선,Choi Seung-ho,기타,,발표 시기 미상,https://library.ltikorea.or.kr/translatedbooks/673,,번역서 1종 · 영어 · 예: Flowers in the Toilet Bowl,포함
한국현대여류시인선집,Pak Je-Chun,기타,,발표 시기 미상,https://library.ltikorea.or.kr/translatedbooks/676,,번역서 1종 · 영어 · 예: 12 contemporary Korean poetesses,포함
한국선시,Kim Daljin,기타,,발표 시기 미상,https://library.ltikorea.or.kr/translatedbooks/687,,번역서 1종 · 영어 · 예: Because of the rain,포함
오태석 희곡선,Oh Taeseok,희곡,,발표 시기 미상,https://library.ltikorea.or.kr/translatedbooks/689,,번역서 1종 · 영어 · 예: The metacultural theater of Oh T'ae-sŏk,포함
토끼전,,기타,,발표 시기 미상,https://library.ltikorea.or.kr/translatedbooks/705,,"번역서 1종 · 영어 · 예: The story of rabbit, The story of cock pheasant",포함
가까운 골짜기,kang seuk kyong,기타,,발표 시기 미상,https://library.ltikorea.or.kr/translatedbooks/709,,번역서 1종 · 영어 · 예: The Valley Nearby,포함
화엄경,KO UN,기타,,발표 시기 미상,https://library.ltikorea.or.kr/translatedbooks/712,,"번역서 2종 · 영어, 스웨덴어 · 예: Little pilgrim",포함
마록열전,Suh Ki-Won,기타,,발표 시기 미상,https://library.ltikorea.or.kr/translatedbooks/732,,번역서 1종 · 영어 · 예: The Ma Rok biographies,포함
송영 단편선,SONG YONG,기타,,발표 시기 미상,https://library.ltikorea.or.kr/translatedbooks/738,,번역서 1종 · 영어 · 예: Diary of a Vagabond,포함
역사는 흐른다,HAHN MOO-SOOK,기타,,발표 시기 미상,https://library.ltikorea.or.kr/translatedbooks/805,,번역서 1종 · 영어 · 예: And So Flows History,포함
아버지와 아들,Han seung-won,기타,,발표 시기 미상,https://library.ltikorea.or.kr/translatedbooks/807,,번역서 1종 · 영어 · 예: Father and Son,포함
한국의 구비문학,Seo Dae-seok,기타,,발표 시기 미상,https://library.ltikorea.or.kr/translatedbooks/898,,번역서 1종 · 영어 · 예: Oral literature of Korea,포함
한국문학의 이해,Kim Heunggyu,기타,,발표 시기 미상,https://library.ltikorea.or.kr/translatedbooks/902,,"번역서 2종 · 영어, 스페인어 · 예: Understanding Korean literature",포함
꿈꾸는 인큐베이터,Park Wansuh,기타,,발표 시기 미상,https://library.ltikorea.or.kr/translatedbooks/908,,번역서 1종 · 독일어 · 예: Die träumende Brutmaschine,포함
아태평양 단편선,Oh Yeongsu,단편소설,,발표 시기 미상,https://library.ltikorea.or.kr/translatedbooks/909,,번역서 1종 · 영어 · 예: Asian and Pacific Short Stories,포함
En busca de Klingsor,Jorge Volpi,기타,,발표 시기 미상,https://library.ltikorea.or.kr/translatedbooks/943,,번역서 1종 · 영어 · 예: In search of Klingsor,포함
한용운과 이광수: 한국현대문학의 두 선구자,Yu Beongcheon,기타,,발표 시기 미상,https://library.ltikorea.or.kr/translatedbooks/975,,번역서 1종 · 영어 · 예: Han Yong-Un & Yi Kwang-Su,포함
Stomme zonde,,기타,,발표 시기 미상,https://library.ltikorea.or.kr/translatedbooks/945,,번역서 1종 · 영어 · 예: The silent sin,포함
Perro viejo,,기타,,발표 시기 미상,https://library.ltikorea.or.kr/translatedbooks/946,,번역서 1종 · 영어 · 예: Old dog,포함
한국문학사,Lee Peter Hacksoo,기타,,발표 시기 미상,https://library.ltikorea.or.kr/translatedbooks/983,,번역서 1종 · 영어 · 예: A History of Korean literature,포함
"한국학연구총서: 한국, 동아시아, 세계문학 관련 논점",Cho dong-il,기타,,발표 시기 미상,https://library.ltikorea.or.kr/translatedbooks/992,,"번역서 1종 · 영어 · 예: Interrelated issues in Korean, East Asian and world literature",포함
남과 북,KO UN,기타,,발표 시기 미상,https://library.ltikorea.or.kr/translatedbooks/995,,번역서 1종 · 영어 · 예: Abiding places,포함
삼거리 주막,Ko Un,기타,,발표 시기 미상,https://library.ltikorea.or.kr/translatedbooks/996,,번역서 1종 · 영어 · 예: The Three Way Tabern,포함
시민 K,Lee Yountaek,희곡,,발표 시기 미상,https://library.ltikorea.or.kr/translatedbooks/1001,,번역서 1종 · 영어 · 예: Four contemporary Korean plays,포함
비행기 납치,Kim Seung-Hee,기타,,발표 시기 미상,https://library.ltikorea.or.kr/translatedbooks/998,,번역서 1종 · 영어 · 예: I Want to Hijack an Airplane,포함
민통선 평화기행,Lee Siwoo,기타,,발표 시기 미상,https://library.ltikorea.or.kr/translatedbooks/895,,번역서 1종 · 영어 · 예: Life on the edge of the DMZ,포함
한국 현대 소설,Kwon Yeongmin,소설,,발표 시기 미상,https://library.ltikorea.or.kr/translatedbooks/892,,번역서 1종 · 영어 · 예: Modern Korean Fiction,포함
한국 여성작가 12인 단편선,Choi Chung-Hui,기타,,발표 시기 미상,https://library.ltikorea.or.kr/translatedbooks/798,,번역서 1종 · 영어 · 예: Unspoken Voices,포함
탈: 황순원 단편집,Hwang Sun-Won,단편소설,,발표 시기 미상,https://library.ltikorea.or.kr/translatedbooks/819,,번역서 1종 · 영어 · 예: The Book of Masks,포함
선가귀감,Boep Joeng,기타,,발표 시기 미상,https://library.ltikorea.or.kr/translatedbooks/827,,번역서 1종 · 영어 · 예: The Mirror of Zen,포함
한국고전문학선집,Kim Busik,기타,,발표 시기 미상,https://library.ltikorea.or.kr/translatedbooks/858,,번역서 1종 · 영어 · 예: Early Korean Literature,포함
영모가 사라졌다,Kong Jihui,기타,,발표 시기 미상,https://library.ltikorea.or.kr/translatedbooks/832,,번역서 1종 · 영어 · 예: Seasons in another world,포함
두꺼비 신랑,Seo Jeong Oh,기타,,발표 시기 미상,https://library.ltikorea.or.kr/translatedbooks/833,,번역서 1종 · 영어 · 예: The toad bridegroom & other fantastic tales retold,포함
심심해서 그랬어,Yun Kubyong,기타,,발표 시기 미상,https://library.ltikorea.or.kr/translatedbooks/834,,번역서 1종 · 영어 · 예: Because I was bored,포함
호랑이와 곶감,Wi Kichul,기타,,발표 시기 미상,https://library.ltikorea.or.kr/translatedbooks/835,,번역서 1종 · 영어 · 예: The Tiger and the Persimmon,포함
한국 민담과 동화,,동화,,발표 시기 미상,https://library.ltikorea.or.kr/translatedbooks/851,,번역서 1종 · 영어 · 예: Korean folk & fairy tales,포함
한국고전문학,Pak Jiwon,기타,,발표 시기 미상,https://library.ltikorea.or.kr/translatedbooks/867,,번역서 1종 · 영어 · 예: Korean Classical Literature,포함
삶과 무로,Baek Hanyi,기타,,발표 시기 미상,https://library.ltikorea.or.kr/translatedbooks/868,,번역서 1종 · 영어 · 예: Life and misty road,포함
한국 무당의식 가요,Im Sok-Jae,기타,,발표 시기 미상,https://library.ltikorea.or.kr/translatedbooks/881,,번역서 1종 · 영어 · 예: Mu-ga,포함
한국의 민담,Cho Heewoong,소설,,발표 시기 미상,https://library.ltikorea.or.kr/translatedbooks/884,,번역서 1종 · 영어 · 예: Korean folktales,포함
한글의 역사와 미래,Kim Zongsu,기타,,발표 시기 미상,https://library.ltikorea.or.kr/translatedbooks/7967,,번역서 1종 · 영어 · 예: The History and Future of HangeulKorea's Indigenous script,포함
박제천 시선,Pak Je-Chun,기타,,발표 시기 미상,https://library.ltikorea.or.kr/translatedbooks/5308,,번역서 1종 · 스페인어 · 예: La Canción del dragón y otros poemas,포함
국화 옆에서,Chong-ju,기타,,발표 시기 미상,https://library.ltikorea.or.kr/translatedbooks/5309,,번역서 1종 · 스페인어 · 예: Junto al crisantemo,포함
석보상절-월인천강지곡,King Sejong,기타,,발표 시기 미상,https://library.ltikorea.or.kr/translatedbooks/1669,,번역서 1종 · 프랑스어 · 예: Le Chant de la Lune se reflétant dans mille fleuves,포함
선생님의 밥그릇,Yi Chong-Jun,기타,,발표 시기 미상,https://library.ltikorea.or.kr/translatedbooks/1662,,번역서 1종 · 프랑스어 · 예: Le Bol de riz du Maître,포함
열두띠 이야기,JEONG Ha-seop,기타,,발표 시기 미상,https://library.ltikorea.or.kr/translatedbooks/1663,,번역서 1종 · 프랑스어 · 예: L'Histoire des douze signes,포함
늙은 떠돌이의 시,Chong-ju,기타,,발표 시기 미상,https://library.ltikorea.or.kr/translatedbooks/5310,,번역서 1종 · 스페인어 · 예: Poemas de un niño vagabundo de ochenta anõs y otros poemas escogidos,포함
김춘수 시선,Chong-ju,기타,,발표 시기 미상,https://library.ltikorea.or.kr/translatedbooks/5311,,번역서 1종 · 스페인어 · 예: Poemas,포함
신라초,Chong-ju,기타,,발표 시기 미상,https://library.ltikorea.or.kr/translatedbooks/5312,,번역서 1종 · 스페인어 · 예: EPÍTOME DE SIL-LA,포함
무명연시,Oh,시,,발표 시기 미상,https://library.ltikorea.or.kr/translatedbooks/5313,,"번역서 2종 · 스페인어, 독일어 · 예: Más allá del amor",포함
"한국, 동방으로의 여행(가제)",Nicolas BOUVIER,기타,,발표 시기 미상,https://library.ltikorea.or.kr/translatedbooks/1664,,"번역서 1종 · 프랑스어 · 예: La Corée, le voyage vers l'est",포함
우리 할아버지의 평범한 이야기,Pak Jung-Ki,기타,,발표 시기 미상,https://library.ltikorea.or.kr/translatedbooks/1666,,번역서 1종 · 프랑스어 · 예: PAROLES D'UN SAGE CORÉEN À SES PETITS-ENFANTS,포함
우리 옛 여인들의 멋과 지혜,Yi Seong-mi,기타,,발표 시기 미상,https://library.ltikorea.or.kr/translatedbooks/1672,,"번역서 1종 · 프랑스어 · 예: Raffinement, élégance et vertu",포함
Taekwondo,H. Edward Kim,기타,,발표 시기 미상,https://library.ltikorea.or.kr/translatedbooks/1678,,번역서 1종 · 프랑스어 · 예: Taekwondo,포함
유치환 시선,Yoo Chi-hwan,기타,,발표 시기 미상,https://library.ltikorea.or.kr/translatedbooks/5315,,번역서 1종 · 스페인어 · 예: Imágenes del tiempo,포함
죽지 않는 도시,Lee Hyeonggi,기타,,발표 시기 미상,https://library.ltikorea.or.kr/translatedbooks/5317,,번역서 1종 · 스페인어 · 예: La ciudad inmortal,포함
김춘수 시선,Kim Chunsu,기타,,발표 시기 미상,https://library.ltikorea.or.kr/translatedbooks/5306,,"번역서 2종 · 스페인어, 독일어 · 예: Poemas",포함
날카로운 칼날: 고전 및 현대 한국시선,Hwang Ji-U,기타,,발표 시기 미상,https://library.ltikorea.or.kr/translatedbooks/5295,,번역서 1종 · 스페인어 · 예: El Tiempo Transparente,포함
108 선시,KO UN,기타,,발표 시기 미상,https://library.ltikorea.or.kr/translatedbooks/5297,,번역서 1종 · 스페인어 · 예: Ananda,포함
Poesía Zen,Juan W. Bahk,시,,발표 시기 미상,https://library.ltikorea.or.kr/translatedbooks/5298,,번역서 1종 · 스페인어 · 예: Poesía Zen,포함
대설주의보,CHOI Seung-Ho,기타,,발표 시기 미상,https://library.ltikorea.or.kr/translatedbooks/1657,,번역서 1종 · 프랑스어 · 예: Alerte à la neige,포함
이상 시선집,Yi Sang,시,,발표 시기 미상,https://library.ltikorea.or.kr/translatedbooks/5300,,번역서 1종 · 스페인어 · 예: A vista de cuervo y otros poemas,포함
훈민정음,King Sejong,기타,,발표 시기 미상,https://library.ltikorea.or.kr/translatedbooks/1622,,번역서 1종 · 프랑스어 · 예: L'Écriture du coréen,포함
워터보이,Iwan,기타,,발표 시기 미상,https://library.ltikorea.or.kr/translatedbooks/1660,,번역서 1종 · 프랑스어 · 예: Hydromène,포함
물과 불,Yun Yeo-rim,기타,,발표 시기 미상,https://library.ltikorea.or.kr/translatedbooks/1661,,번역서 1종 · 프랑스어 · 예: L'eau et le feu,포함
한국의 석조문화 (문화의 향기 5),Park Jeonggeun,기타,,발표 시기 미상,https://library.ltikorea.or.kr/translatedbooks/1684,,번역서 1종 · 프랑스어 · 예: L'art de la pierre dans la culture coréenne la beauté à son apogée,포함
황동규 시선,Hwang Tong-gyu,기타,,발표 시기 미상,https://library.ltikorea.or.kr/translatedbooks/5323,,번역서 1종 · 스페인어 · 예: Posada de Nubes y Otros Poemas,포함
한국단편소설선,Park Wansuh,단편소설,,발표 시기 미상,https://library.ltikorea.or.kr/translatedbooks/1718,,번역서 1종 · 독일어 · 예: Am Ende der Zeit,포함
춘향전-열녀춘향수절가-,,기타,,발표 시기 미상,https://library.ltikorea.or.kr/translatedbooks/1709,,번역서 1종 · 프랑스어 · 예: LE CHANT DE LA FIDÈLE CHUNHYANG,포함
나의 아틀리에,Lee Hobaek,기타,,발표 시기 미상,https://library.ltikorea.or.kr/translatedbooks/1711,,번역서 1종 · 프랑스어 · 예: Mon atelier des couleurs,포함
"판소리: 춘향가, 심청가, 수궁가",,기타,,발표 시기 미상,https://library.ltikorea.or.kr/translatedbooks/1713,,번역서 1종 · 독일어 · 예: Pansori,포함
한국문학 사화집,Kye Yong-Muk,기타,,발표 시기 미상,https://library.ltikorea.or.kr/translatedbooks/1715,,번역서 1종 · 독일어 · 예: Koreanische Literatur,포함
말뚝,Seo Jeong-in,기타,,발표 시기 미상,https://library.ltikorea.or.kr/translatedbooks/5336,,번역서 1종 · 스페인어 · 예: La hoguera,포함
한국문학 사화집,Choi In-ho,기타,,발표 시기 미상,https://library.ltikorea.or.kr/translatedbooks/1722,,번역서 1종 · 독일어 · 예: Koreanische Literatur,포함
만불의 산,Yun Gyeong-ryeol,기타,,발표 시기 미상,https://library.ltikorea.or.kr/translatedbooks/1683,,번역서 1종 · 프랑스어 · 예: La montagne des dix mille bouddhas,포함
불교미술,Akiyama Terukazu,기타,,발표 시기 미상,https://library.ltikorea.or.kr/translatedbooks/1680,,번역서 1종 · 프랑스어 · 예: L'Art bouddhique,포함
춘향가,,기타,,발표 시기 미상,https://library.ltikorea.or.kr/translatedbooks/5324,,번역서 1종 · 스페인어 · 예: La canción de Chun-hiang,중복 제외 (앞 순위 출처에 있음)
한국 현대시,Hong Shin-seon,시,,발표 시기 미상,https://library.ltikorea.or.kr/translatedbooks/1716,,번역서 1종 · 독일어 · 예: Koreanische moderne Gedichte,포함
현대한국단편소설선,Kim Dong-in,단편소설,,발표 시기 미상,https://library.ltikorea.or.kr/translatedbooks/1717,,번역서 1종 · 독일어 · 예: Moderne Koreanische Erzählungen,포함
아무것도 아니면서 모든것인 나,CHOI Seung-Ho,기타,,발표 시기 미상,https://library.ltikorea.or.kr/translatedbooks/5320,,"번역서 1종 · 스페인어 · 예: Yo que soy nada, lo soy todo",포함
한용운 시선,Han Yong-un,기타,,발표 시기 미상,https://library.ltikorea.or.kr/translatedbooks/5322,,번역서 1종 · 스페인어 · 예: ANTOLOGIA POETICA DE JAN YONG-WUN,포함
성학집요,Yi I,기타,,발표 시기 미상,https://library.ltikorea.or.kr/translatedbooks/1705,,번역서 1종 · 프랑스어 · 예: Anthologie de la sagesse extrême-orientale,포함
남도 사람,Yi Chong-Jun,기타,,발표 시기 미상,https://library.ltikorea.or.kr/translatedbooks/1707,,번역서 1종 · 프랑스어 · 예: LES GENS DU SUD,포함
Taekwondo,Kyong Myong LEE,기타,,발표 시기 미상,https://library.ltikorea.or.kr/translatedbooks/1679,,번역서 1종 · 프랑스어 · 예: Taekwondo,포함
아네모네의 마담,Chu Yo-Sup,기타,,발표 시기 미상,https://library.ltikorea.or.kr/translatedbooks/1656,,번역서 1종 · 프랑스어 · 예: La dame de L'Anémone,포함
종이밥,Kim Jung-mi,기타,,발표 시기 미상,https://library.ltikorea.or.kr/translatedbooks/8307,,번역서 1종 · 중국어(간체) · 예: 纸饭,포함
"은서야, 겁내지마",Sun-mi Hwang,기타,,발표 시기 미상,https://library.ltikorea.or.kr/translatedbooks/8308,,번역서 1종 · 중국어(간체) · 예: 恩实啊，别害怕,포함
열애,Shin dalja,기타,,발표 시기 미상,https://library.ltikorea.or.kr/translatedbooks/8353,,번역서 1종 · 독일어 · 예: Morgendämmerung,포함
한국의 미 특강,Oh Ju-seok,기타,,발표 시기 미상,https://library.ltikorea.or.kr/translatedbooks/8361,,번역서 1종 · 영어 · 예: Special Lecture on Korean Paintings,포함
한국 민담 - 설화집,,소설,,발표 시기 미상,https://library.ltikorea.or.kr/translatedbooks/5243,,번역서 1종 · 러시아어 · 예: НЕИЗВЕСТНЫЙ АВТОРT ФЕИ С АЛМАЗНЫХ ГОР,포함
현대한국문학사,М.В.Солдатова,기타,,발표 시기 미상,https://library.ltikorea.or.kr/translatedbooks/5250,,번역서 1종 · 러시아어 · 예: Современная литература Кореи,포함
한국문화의 이해,Lim Kyungsoon,기타,,발표 시기 미상,https://library.ltikorea.or.kr/translatedbooks/8401,,번역서 1종 · 중국어(간체) · 예: 韩国文化的 理解,포함
"꿈,희망,미래",Steve Kim,기타,,발표 시기 미상,https://library.ltikorea.or.kr/translatedbooks/8404,,번역서 1종 · 중국어(간체) · 예: 從谷底攀上巔峰韓國經營之神 史蒂夫ㆍ金,포함
빈 집에 온 손님,Sun-mi Hwang,기타,,발표 시기 미상,https://library.ltikorea.or.kr/translatedbooks/8305,,번역서 1종 · 중국어(간체) · 예: 谁来到了空房子,포함
인연,Pi Chundeuk,기타,,발표 시기 미상,https://library.ltikorea.or.kr/translatedbooks/5204,,"번역서 2종 · 러시아어, 일본어 · 예: Kaрma",포함
거미아줌마네 사탕 가게,Yu Yeong So,기타,,발표 시기 미상,https://library.ltikorea.or.kr/translatedbooks/8272,,번역서 1종 · 포르투갈어 · 예: A aranha e a loja de balas,포함
회색 눈사람,Choe Yun,기타,,발표 시기 미상,https://library.ltikorea.or.kr/translatedbooks/5174,,번역서 1종 · 프랑스어 · 예: Avec cette neige grise et sale,포함
한국 현대 단편선,Chu Yo-Sup,기타,,발표 시기 미상,https://library.ltikorea.or.kr/translatedbooks/5173,,번역서 1종 · 러시아어 · 예: Избранные кopeйcкиe рассказы новейшего времени,포함
호랑이의 충고: 한국 고전 및 현대 단편소설선,Kim Dong-in,단편소설,,발표 시기 미상,https://library.ltikorea.or.kr/translatedbooks/5193,,번역서 1종 · 헝가리어 · 예: A Tigris Intelme,포함
한국 여성문학 단편선,KIM Ae-ran,단편소설,,발표 시기 미상,https://library.ltikorea.or.kr/translatedbooks/8278,,번역서 1종 · 프랑스어 · 예: COCKTAIL SUGAR ET AUTRES NOUVELLES DE CORÉE,포함
"시절 하나 온다, 잡아 먹자",Lee kyonglim,기타,,발표 시기 미상,https://library.ltikorea.or.kr/translatedbooks/8298,,번역서 1종 · 영어 · 예: A new season approaching devour it,포함
잃어버린 구슬,Hyeon Deok,기타,,발표 시기 미상,https://library.ltikorea.or.kr/translatedbooks/8301,,번역서 1종 · 중국어(간체) · 예: 珠子丢了,포함
황순원 단편선,Hwang Sun-Won,기타,,발표 시기 미상,https://library.ltikorea.or.kr/translatedbooks/5198,,"번역서 3종 · 헝가리어, 세르비아어, 루마니아어 · 예: Kagylóhéjak",포함
패설문학선집,Seo Geojung,기타,,발표 시기 미상,https://library.ltikorea.or.kr/translatedbooks/5276,,번역서 1종 · 러시아어 · 예: Лисий перевал,포함
잃어버린 왕국 5,Choi In-ho,기타,,발표 시기 미상,https://library.ltikorea.or.kr/translatedbooks/1616,,번역서 1종 · 일본어 · 예: 消えた王国 5,포함
한국의 민담집,,소설,,발표 시기 미상,https://library.ltikorea.or.kr/translatedbooks/1617,,번역서 2종 · 프랑스어 · 예: Contes de Corée,포함
한국명시선,King Juri,시,,발표 시기 미상,https://library.ltikorea.or.kr/translatedbooks/5291,,번역서 1종 · 스페인어 · 예: Flor y oro de la poesía coreana,포함
Belka,Anatolij Andreevich Kim,기타,,발표 시기 미상,https://library.ltikorea.or.kr/translatedbooks/1640,,번역서 1종 · 프랑스어 · 예: L'ECUREUIL,포함
판소리,LEE Mee-jeong,기타,,발표 시기 미상,https://library.ltikorea.or.kr/translatedbooks/1642,,번역서 1종 · 프랑스어 · 예: LE PANSORI,포함
마음의 감옥 외,Kim Won il,기타,,발표 시기 미상,https://library.ltikorea.or.kr/translatedbooks/5292,,번역서 1종 · 스페인어 · 예: La cárcel del corazón y otros relatos,포함
한국 중단편선,Yong-jun Pak,단편소설,,발표 시기 미상,https://library.ltikorea.or.kr/translatedbooks/5293,,번역서 1종 · 스페인어 · 예: Cuentos coreanos,포함
山바람 하느님 그리고 나,Jeong-hun Kim,기타,,발표 시기 미상,https://library.ltikorea.or.kr/translatedbooks/1624,,"번역서 1종 · 프랑스어 · 예: La montagne, le vent, Dieu et moi",포함
수련을 위한 노래,Moun Young-Houn,기타,,발표 시기 미상,https://library.ltikorea.or.kr/translatedbooks/1628,,번역서 1종 · 프랑스어 · 예: Chants pour le Nymphea,포함
삶의 죽음,Cho Kwung-soo,기타,,발표 시기 미상,https://library.ltikorea.or.kr/translatedbooks/1630,,번역서 1종 · 프랑스어 · 예: la mort à vie,포함
삶의 소금,Cho Kwung-soo,기타,,발표 시기 미상,https://library.ltikorea.or.kr/translatedbooks/1631,,번역서 1종 · 프랑스어 · 예: le sel à vie,포함
분노의 세월,,기타,,발표 시기 미상,https://library.ltikorea.or.kr/translatedbooks/1634,,번역서 1종 · 프랑스어 · 예: Jours de colère en Corée,포함
한국의 기적,JA SHIL CHOI,기타,,발표 시기 미상,https://library.ltikorea.or.kr/translatedbooks/1644,,번역서 1종 · 프랑스어 · 예: MIRACLES EN CORÉE,포함
한국신화와 예술적 표현,Yi Ok,소설,,발표 시기 미상,https://library.ltikorea.or.kr/translatedbooks/1646,,번역서 1종 · 프랑스어 · 예: La mythologie coreenne et son expression artistique,포함
한국중단편선,Yi Sang,기타,,발표 시기 미상,https://library.ltikorea.or.kr/translatedbooks/5294,,번역서 1종 · 스페인어 · 예: Yi Sang y otros narradores coreanos (RELATOS),포함
서울행 여권,Choe Yun,기타,,발표 시기 미상,https://library.ltikorea.or.kr/translatedbooks/1621,,번역서 1종 · 프랑스어 · 예: PASSEPORT POUR SÉOUL,포함
이상선집: 날개,YI SANG,기타,,발표 시기 미상,https://library.ltikorea.or.kr/translatedbooks/1620,,번역서 1종 · 프랑스어 · 예: CINQUANTE POEMES LES AILES,포함
성학십도,Yi Hwang,기타,,발표 시기 미상,https://library.ltikorea.or.kr/translatedbooks/1604,,번역서 1종 · 프랑스어 · 예: Étude de la sagesse en dix diagrammes,포함
18-19세기 중세소설: 춘향전,,소설,,발표 시기 미상,https://library.ltikorea.or.kr/translatedbooks/5277,,번역서 1종 · 러시아어 · 예: Корейские повести ⅩⅨ в.,포함
송강가사전집: 외로운 학,Chung Chul,기타,,발표 시기 미상,https://library.ltikorea.or.kr/translatedbooks/5278,,번역서 1종 · 러시아어 · 예: Одинокий журавль,포함
서정주 시선,Chong-ju,기타,,발표 시기 미상,https://library.ltikorea.or.kr/translatedbooks/5279,,번역서 1종 · 크로아티아어 · 예: NA BRIJEGU U PODNE,포함
오정희 단편선,OH JUNGHEE,기타,,발표 시기 미상,https://library.ltikorea.or.kr/translatedbooks/5280,,번역서 1종 · 세르비아어 · 예: ПECMA XOДOЧACHИЦE,포함
이청준 작품선집,Yi Chong-Jun,기타,,발표 시기 미상,https://library.ltikorea.or.kr/translatedbooks/5281,,번역서 1종 · 크로아티아어 · 예: ОСТРВО ИО,포함
김우창 평론선,Kim Uchang,평론,,발표 시기 미상,https://library.ltikorea.or.kr/translatedbooks/1606,,번역서 1종 · 프랑스어 · 예: LE ROMAN CORÉEN,포함
산에 가자,Lee Sang-Kwen,기타,,발표 시기 미상,https://library.ltikorea.or.kr/translatedbooks/1608,,번역서 1종 · 프랑스어 · 예: Il neige des couleursun livre coréen,포함
까치와 호랑이와 토끼,Lee Ji Hyeon,기타,,발표 시기 미상,https://library.ltikorea.or.kr/translatedbooks/1609,,번역서 1종 · 프랑스어 · 예: La pie le tigre et le lapin,포함
현대한국시선,Chong-ju,시,,발표 시기 미상,https://library.ltikorea.or.kr/translatedbooks/5288,,번역서 1종 · 스페인어 · 예: POESIA COREANA ACTUAL,포함
우리집에는 괴물이 우글우글,Hong Insoon,기타,,발표 시기 미상,https://library.ltikorea.or.kr/translatedbooks/1611,,번역서 1종 · 프랑스어 · 예: Ils sont affreux les monstres !,포함
잃어버린 왕국 4,Choi In-ho,기타,,발표 시기 미상,https://library.ltikorea.or.kr/translatedbooks/1613,,번역서 1종 · 일본어 · 예: 消えた王国 4,포함
"장마, 몰매, 기억 속의 들꽃",Yun Heunggil,기타,,발표 시기 미상,https://library.ltikorea.or.kr/translatedbooks/5338,,번역서 1종 · 스페인어 · 예: Lluvias,포함
김종길 시선,Kim Jong-Gil,기타,,발표 시기 미상,https://library.ltikorea.or.kr/translatedbooks/5384,,번역서 1종 · 스페인어 · 예: Ya queda poca luz del día,포함
김춘수 시선,KIM CHUNSU,기타,,발표 시기 미상,https://library.ltikorea.or.kr/translatedbooks/5385,,번역서 1종 · 스페인어 · 예: Razón de las sinrazones,포함
이승우 단편집: 미궁에 대한 추측,Lee Seung-u,단편소설,,발표 시기 미상,https://library.ltikorea.or.kr/translatedbooks/1811,,번역서 1종 · 독일어 · 예: Vermutungen über das Labyrinth,포함
숨은 그림찾기1-직선과 곡선,Lee Yun-gi,단편소설,,발표 시기 미상,https://library.ltikorea.or.kr/translatedbooks/1812,,번역서 1종 · 독일어 · 예: Kurve und Gerade. Erzählungen,포함
옹고집이 기가 막혀,Yi Chong-jun,기타,,발표 시기 미상,https://library.ltikorea.or.kr/translatedbooks/1821,,번역서 1종 · 독일어 · 예: Der doppelte Ong,포함
잃어버린 말을 찾아서,Yi Chong-jun,기타,,발표 시기 미상,https://library.ltikorea.or.kr/translatedbooks/1822,,번역서 1종 · 독일어 · 예: DIE SUCHE NACH DEN VERLORENEN WORTEN,포함
소문의 벽,Yi Chong-jun,기타,,발표 시기 미상,https://library.ltikorea.or.kr/translatedbooks/1823,,번역서 1종 · 독일어 · 예: Die Gerüchtemauer,포함
수궁가,Yi Chong-Jun,기타,,발표 시기 미상,https://library.ltikorea.or.kr/translatedbooks/1826,,번역서 1종 · 독일어 · 예: DER HASE IM WASSERPALAST oder Wie es zugeht auf der Welt,포함
소시민,Lee Ho-cheol,기타,,발표 시기 미상,https://library.ltikorea.or.kr/translatedbooks/1828,,"번역서 2종 · 독일어, 스페인어 · 예: Kleine Leute",포함
한국단편선집,Son Chang-sop,기타,,발표 시기 미상,https://library.ltikorea.or.kr/translatedbooks/5389,,번역서 1종 · 스페인어 · 예: JI-DO,포함
누구의 그림자일까?,Choi Sook Hee,기타,,발표 시기 미상,https://library.ltikorea.or.kr/translatedbooks/5390,,번역서 1종 · 스페인어 · 예: ¿De quién es esa sombra?,포함
조그만 발명가,Hyeon Deok,기타,,발표 시기 미상,https://library.ltikorea.or.kr/translatedbooks/5391,,번역서 1종 · 스페인어 · 예: El pequeño inventor,포함
붉은 방/해변의 길손,Lim Chulwoo,단편소설,,발표 시기 미상,https://library.ltikorea.or.kr/translatedbooks/1829,,"번역서 2종 · 독일어, 스페인어 · 예: Das rote Zimmer",포함
모여있는 불빛,Kyung Ran,기타,,발표 시기 미상,https://library.ltikorea.or.kr/translatedbooks/1792,,번역서 1종 · 독일어 · 예: Versammelte Lichter,포함
신경림시집: 농무,Shin Kyeong-nim,시,,발표 시기 미상,https://library.ltikorea.or.kr/translatedbooks/1791,,"번역서 2종 · 독일어, 영어 · 예: Bauerntanz",포함
사흘간의 외출,Lee Chong-Kil,기타,,발표 시기 미상,https://library.ltikorea.or.kr/translatedbooks/1813,,번역서 1종 · 독일어 · 예: Drei Tage unterwegs,포함
그리고 서서 울었다,Lee Chong-Kil,기타,,발표 시기 미상,https://library.ltikorea.or.kr/translatedbooks/1814,,번역서 1종 · 독일어 · 예: Wanyodo,포함
안골이야기,Lee Chong-Kil,기타,,발표 시기 미상,https://library.ltikorea.or.kr/translatedbooks/1815,,번역서 1종 · 독일어 · 예: Geschichten aus Ahngol,포함
춤추는 철학도,Lee Chong-Kil,기타,,발표 시기 미상,https://library.ltikorea.or.kr/translatedbooks/1816,,번역서 1종 · 독일어 · 예: Der tanzende Philosoph,포함
비화밀교,Yi Chong-Jun,기타,,발표 시기 미상,https://library.ltikorea.or.kr/translatedbooks/1818,,번역서 1종 · 독일어 · 예: Das geheime Feuerfest,포함
심청이는 빽이 든든하다,Yi Chong-jun,기타,,발표 시기 미상,https://library.ltikorea.or.kr/translatedbooks/1820,,번역서 1종 · 독일어 · 예: Sim Ch'ŏng hat gute Beziehungen,포함
한국중단편선집,Yi Mun-yol,기타,,발표 시기 미상,https://library.ltikorea.or.kr/translatedbooks/1809,,번역서 1종 · 독일어 · 예: Die Sympathie der Goldfisch,포함
유랑가족,GONG SUN-OK,기타,,발표 시기 미상,https://library.ltikorea.or.kr/translatedbooks/5381,,번역서 1종 · 스페인어 · 예: La familia itinerante,포함
그대 아직도 꿈꾸고 있는가,Park Wansuh,기타,,발표 시기 미상,https://library.ltikorea.or.kr/translatedbooks/5383,,"번역서 2종 · 스페인어, 독일어 · 예: ¿Seguirá soñando?",포함
김약국의 딸들,PAK Kyongni,기타,,발표 시기 미상,https://library.ltikorea.or.kr/translatedbooks/1782,,번역서 1종 · 독일어 · 예: Die Töchter des Apothekers Kim,포함
6.25 전쟁,Byun Won-Lim,기타,,발표 시기 미상,https://library.ltikorea.or.kr/translatedbooks/1790,,번역서 1종 · 독일어 · 예: Der Präventivkrieg Amerikas in Korea 1950,포함
전상국 단편선-아베의 가족,JEON Sang-Guk,기타,,발표 시기 미상,https://library.ltikorea.or.kr/translatedbooks/1830,,번역서 1종 · 독일어 · 예: Ahbes Familie,포함
식빵 굽는 시간,Kyung Ran,기타,,발표 시기 미상,https://library.ltikorea.or.kr/translatedbooks/1831,,번역서 1종 · 독일어 · 예: Zeit zum Toastbacken,포함
코끼리를 찾아서,Kyung Ran,기타,,발표 시기 미상,https://library.ltikorea.or.kr/translatedbooks/1832,,"번역서 2종 · 독일어, 스페인어 · 예: Wie kommt der Elefant in mein Schlafzimmer?",포함
단군과 웅녀: 한국전래동화,,동화,,발표 시기 미상,https://library.ltikorea.or.kr/translatedbooks/1852,,번역서 1종 · 독일어 · 예: Der Himmelsprinz und die Bärin,포함
세계민담집: 한국,,소설,,발표 시기 미상,https://library.ltikorea.or.kr/translatedbooks/1854,,번역서 1종 · 독일어 · 예: Märchen aus aller Welt,포함
"꽃, 새 그리고 하찮은 것들",Chong Chaebong,기타,,발표 시기 미상,https://library.ltikorea.or.kr/translatedbooks/1861,,"번역서 1종 · 독일어 · 예: VON BLUMEN, VÖGELN UND ANDEREN NUTZLOSEN DINGEN",포함
전통과 실험: 한국현대문학,Shin Kyeong-nim,기타,,발표 시기 미상,https://library.ltikorea.or.kr/translatedbooks/1871,,번역서 1종 · 독일어 · 예: Tradition und Experiment,포함
아랍 단편선,,단편소설,,발표 시기 미상,https://library.ltikorea.or.kr/translatedbooks/1885,,번역서 1종 · 독일어 · 예: Arabische Erzählungen,포함
이청준 수상작품 선집,Yi Chong-Jun,기타,,발표 시기 미상,https://library.ltikorea.or.kr/translatedbooks/5410,,번역서 1종 · 튀르키예어 · 예: Io Adasi,포함
두 열림을 향하여,Kim Byong-Ik,기타,,발표 시기 미상,https://library.ltikorea.or.kr/translatedbooks/1849,,번역서 1종 · 독일어 · 예: Grenzerfahrungen,포함
팔려가지 않은 신부,Seok-Hee Choi,수필,,발표 시기 미상,https://library.ltikorea.or.kr/translatedbooks/1848,,번역서 1종 · 독일어 · 예: Die unverkaufte Brautein autobiographischer Essay aus Südkorea,포함
파란 막대,Chmielewska Iwona,기타,,발표 시기 미상,https://library.ltikorea.or.kr/translatedbooks/5392,,번역서 1종 · 스페인어 · 예: La caja azul,포함
꿈,Cho Byeonghwa,기타,,발표 시기 미상,https://library.ltikorea.or.kr/translatedbooks/5394,,번역서 1종 · 스웨덴어 · 예: Dröm,포함
뜨거운 세상과 말의 서늘함,Kim Jooyoun,기타,,발표 시기 미상,https://library.ltikorea.or.kr/translatedbooks/1850,,번역서 1종 · 독일어 · 예: BRENNENDE WIRKLICHKEIT - Literaturkritische Aufsätze zur koreanischen Literatur,포함
"Die ""Erinnerungen"" der Prinzessin Hyae-Gyong (1735 - 1815) aus dem Hause der letzten Herrscherdynastie Koreas",I Deug-Su,기타,,발표 시기 미상,https://library.ltikorea.or.kr/translatedbooks/1845,,번역서 1종 · 독일어 · 예: Die,포함
붕어빵가족,Kim Dongkwang,기타,,발표 시기 미상,https://library.ltikorea.or.kr/translatedbooks/5378,,"번역서 1종 · 스페인어 · 예: La familia de tal palo, tal astilla",포함
사랑의 저쪽,Oh,시,,발표 시기 미상,https://library.ltikorea.or.kr/translatedbooks/1747,,번역서 1종 · 독일어 · 예: Gedichte jenseits der Liebe,포함
"카프카, 나의 카프카",Chon Young-Ae,기타,,발표 시기 미상,https://library.ltikorea.or.kr/translatedbooks/1748,,"번역서 1종 · 독일어 · 예: Kafka, mein Kafka",포함
정현종 시선집: 사람들 사이에 섬이 있다,Chong Hyon-jong,시,,발표 시기 미상,https://library.ltikorea.or.kr/translatedbooks/1751,,번역서 1종 · 독일어 · 예: Unter den Menschen ist eine Insel,포함
낮은 목소리로,Cho Byeonghwa,기타,,발표 시기 미상,https://library.ltikorea.or.kr/translatedbooks/1752,,번역서 1종 · 독일어 · 예: Mit leiser Stimme,포함
어느날 나는 흐린 주점에 앉아 있을 거다,Hwang Ji-U,기타,,발표 시기 미상,https://library.ltikorea.or.kr/translatedbooks/1755,,"번역서 2종 · 독일어, 스페인어 · 예: Sündhafte Sehnsucht",포함
물고기 그림자: 황지우 시선집,Hwang Ji-U,시,,발표 시기 미상,https://library.ltikorea.or.kr/translatedbooks/1756,,번역서 1종 · 독일어 · 예: Die Schatten der Fische,포함
심청이는 왜 인당수에 몸을 두 번 던졌는가,Oh Taeseok,기타,,발표 시기 미상,https://library.ltikorea.or.kr/translatedbooks/1758,,번역서 1종 · 독일어 · 예: Warum das Mädchen Sim-Tscheong zweimal ins Wasser ging,포함
영월행 일기,Kang Baek Lee,기타,,발표 시기 미상,https://library.ltikorea.or.kr/translatedbooks/1759,,번역서 1종 · 독일어 · 예: Es ist weit von Seoul nach Yongwol,포함
전상국 단편선-아베의 가족,Jeon Sang-guk,기타,,발표 시기 미상,https://library.ltikorea.or.kr/translatedbooks/5349,,번역서 1종 · 스페인어 · 예: LA FAMILIA DE ABE,포함
해파리에 관한 명상,Lee Soon-won,기타,,발표 시기 미상,https://library.ltikorea.or.kr/translatedbooks/5344,,번역서 1종 · 스페인어 · 예: Reflexiones sobre una medusa,포함
이상선집: 날개,Yi Sang,기타,,발표 시기 미상,https://library.ltikorea.or.kr/translatedbooks/5343,,번역서 1종 · 스페인어 · 예: Flores de Fuego,포함
드레퓌스의 벤치에서,Ku Sang,기타,,발표 시기 미상,https://library.ltikorea.or.kr/translatedbooks/1732,,번역서 1종 · 독일어 · 예: Auf der Bank von Dreyfus,포함
조개의 깊이,Kim Kwang-Kyu,기타,,발표 시기 미상,https://library.ltikorea.or.kr/translatedbooks/1733,,번역서 1종 · 독일어 · 예: Die Tiefe der Muschel,포함
김수영 시선-구름의 파수병,Kim Su-Young,기타,,발표 시기 미상,https://library.ltikorea.or.kr/translatedbooks/1735,,번역서 1종 · 독일어 · 예: Der Wächter der Wolke,포함
거대한 뿌리,Kim Su-Young,기타,,발표 시기 미상,https://library.ltikorea.or.kr/translatedbooks/1736,,번역서 1종 · 독일어 · 예: Jenseits des Rausches,포함
젊은 날의 초상,Yi Mun-Yol,기타,,발표 시기 미상,https://library.ltikorea.or.kr/translatedbooks/5342,,번역서 1종 · 스페인어 · 예: El Invierno de Aquel Año,포함
정진규 시선,Chyung JinKyu,기타,,발표 시기 미상,https://library.ltikorea.or.kr/translatedbooks/1750,,번역서 1종 · 독일어 · 예: Tanz der Worte,포함
김현승 시선,Kim Hyunseung,기타,,발표 시기 미상,https://library.ltikorea.or.kr/translatedbooks/1739,,번역서 1종 · 독일어 · 예: Der Mai Koreas,포함
어느 별의 지옥,KIM HYESOON,기타,,발표 시기 미상,https://library.ltikorea.or.kr/translatedbooks/1740,,번역서 1종 · 독일어 · 예: Die Frau im Wolkenschloss,포함
하늘의 그물,Pak Hi-jin,기타,,발표 시기 미상,https://library.ltikorea.or.kr/translatedbooks/1741,,번역서 1종 · 독일어 · 예: Himmelsnetz,포함
석류꽃: 시선집,Chong-ju,시,,발표 시기 미상,https://library.ltikorea.or.kr/translatedbooks/1742,,번역서 1종 · 독일어 · 예: Granatapfelblüte,포함
어머니와 할머니의 실루엣,Shin Kyeong-nim,기타,,발표 시기 미상,https://library.ltikorea.or.kr/translatedbooks/1744,,"번역서 1종 · 독일어 · 예: Mutter, Großmutter-Silhouetten",포함
먼 그대,Oh,기타,,발표 시기 미상,https://library.ltikorea.or.kr/translatedbooks/1745,,번역서 1종 · 독일어 · 예: Das ferne Du,포함
둥둥낙락둥,Choi In-Hun,희곡,,발표 시기 미상,https://library.ltikorea.or.kr/translatedbooks/5351,,번역서 1종 · 스페인어 · 예: Tres obras de teatro coreano,포함
겨울의 환,Kim Chae-Won,기타,,발표 시기 미상,https://library.ltikorea.or.kr/translatedbooks/1780,,번역서 1종 · 독일어 · 예: Wintervision,포함
한국의 민담 설화집,,소설,,발표 시기 미상,https://library.ltikorea.or.kr/translatedbooks/5357,,번역서 1종 · 스페인어 · 예: CUENTOS Y LEYENDAS TRADICIONALES DE COREA,포함
은마,Ahn Junghyo,기타,,발표 시기 미상,https://library.ltikorea.or.kr/translatedbooks/1795,,번역서 1종 · 독일어 · 예: Der silberne Hengst,포함
아홉 켤레의 구두로 남은 사내,YUN Heunggil,기타,,발표 시기 미상,https://library.ltikorea.or.kr/translatedbooks/1803,,"번역서 1종 · 독일어 · 예: Der Mann, der neun Paar Schuhe hinterließ",포함
한국의 신화,Hwang Paekang,소설,,발표 시기 미상,https://library.ltikorea.or.kr/translatedbooks/5358,,번역서 1종 · 스페인어 · 예: Mitos coreanos,포함
한국문학강의,Cho Dong-il,기타,,발표 시기 미상,https://library.ltikorea.or.kr/translatedbooks/5359,,번역서 1종 · 스페인어 · 예: HISTORIA DE LA LITERATURA COREANA,포함
풍류도와 한국의 종교사상,Ryu Tongshik,기타,,발표 시기 미상,https://library.ltikorea.or.kr/translatedbooks/5366,,번역서 1종 · 스페인어 · 예: El pungniudo y el pensamiento religioso de Corea,포함
외국인을 위한 한국음식 안내,Chun Huijung,기타,,발표 시기 미상,https://library.ltikorea.or.kr/translatedbooks/5370,,번역서 1종 · 스페인어 · 예: Guía de comida coreana en español,포함
만다라,KIM Seong-Dong,기타,,발표 시기 미상,https://library.ltikorea.or.kr/translatedbooks/1770,,번역서 1종 · 독일어 · 예: Mandala,포함
한국현대단편선,Hyun Jin-geon,단편소설,,발표 시기 미상,https://library.ltikorea.or.kr/translatedbooks/5353,,번역서 1종 · 스페인어 · 예: Cuentos coreanos del siglo XX,포함
한국마당극,Lim Jintaek,기타,,발표 시기 미상,https://library.ltikorea.or.kr/translatedbooks/1761,,번역서 1종 · 독일어 · 예: KOREANISCHES MADANG-THEATER,포함
한국문학 사화집,Heo Kyun,기타,,발표 시기 미상,https://library.ltikorea.or.kr/translatedbooks/1764,,번역서 1종 · 독일어 · 예: Koreanische Literatur,포함
The Happy days,KIM YONG IK,기타,,발표 시기 미상,https://library.ltikorea.or.kr/translatedbooks/1772,,번역서 1종 · 독일어 · 예: Vogelauge,포함
초현실주의와 불교의 선,Juan W. Bahk,기타,,발표 시기 미상,https://library.ltikorea.or.kr/translatedbooks/5354,,번역서 1종 · 스페인어 · 예: Surrealismo y Budismo Zen convergencias y divergencias,포함
현대한국작가선,Kim Won il,기타,,발표 시기 미상,https://library.ltikorea.or.kr/translatedbooks/1775,,번역서 1종 · 독일어 · 예: Edition moderne koreanische Autoren,포함
달맞이꽃,Kim Jong-Gil,기타,,발표 시기 미상,https://library.ltikorea.or.kr/translatedbooks/1776,,번역서 1종 · 독일어 · 예: Nachtkerze,포함
무시무시 고양이를 피하는 방법,Choi Yoonjung,기타,,발표 시기 미상,https://library.ltikorea.or.kr/translatedbooks/8271,,번역서 1종 · 포르투갈어 · 예: Como fugir do gato assustador,포함
세상에서 가장 멋진 돼지,Shin Ji-Yun,기타,,발표 시기 미상,https://library.ltikorea.or.kr/translatedbooks/8269,,번역서 1종 · 포르투갈어 · 예: O porco mais elegante do mundo,포함
사천가,Lee Jaram,기타,,발표 시기 미상,https://library.ltikorea.or.kr/translatedbooks/8007,,번역서 1종 · 프랑스어 · 예: Le dit de Sichuan,포함
음식 동의보감,Shin Jaiyong,기타,,발표 시기 미상,https://library.ltikorea.or.kr/translatedbooks/8010,,번역서 1종 · 중국어(간체) · 예: 韩国世界文化遗产 ≪东医宝鉴≫ 中医养生,포함
아일랜드,Youn Inwan,기타,,발표 시기 미상,https://library.ltikorea.or.kr/translatedbooks/2584,,번역서 6종 · 일본어 · 예: アイランド 4,포함
길,Cho Chang-in,기타,,발표 시기 미상,https://library.ltikorea.or.kr/translatedbooks/2587,,번역서 1종 · 일본어 · 예: スンウ 12歳の明日,포함
조선단편소설선집,Hyun Jin-geon,단편소설,,발표 시기 미상,https://library.ltikorea.or.kr/translatedbooks/2588,,번역서 1종 · 일본어 · 예: 朝鮮短篇小說選集,포함
간양록,Gang Hang,기타,,발표 시기 미상,https://library.ltikorea.or.kr/translatedbooks/2589,,번역서 1종 · 일본어 · 예: 看羊錄,포함
알파벳만 알면 영단어가 보인다,Choe Jaebong,기타,,발표 시기 미상,https://library.ltikorea.or.kr/translatedbooks/8012,,번역서 1종 · 중국어(간체) · 예: 真神奇!我是圖解英交2000單字書從英文子母形狀A to Z中看懂單子,포함
여자조차 모르는 여자몸 설명서,Lee Seonggu,기타,,발표 시기 미상,https://library.ltikorea.or.kr/translatedbooks/8013,,번역서 1종 · 중국어(간체) · 예: 连女性也不知道的-女性身体说明书,포함
한국의 아름다움을 찾아 떠난 여행,Bae Yongjoon,기타,,발표 시기 미상,https://library.ltikorea.or.kr/translatedbooks/8015,,번역서 1종 · 영어 · 예: A journey in search of Korea's beauty,포함
나만의 별자리 풍수 인테리어,Lee Sangin,기타,,발표 시기 미상,https://library.ltikorea.or.kr/translatedbooks/8019,,번역서 1종 · 중국어(간체) · 예: 属于我的星座风水装修,포함
몽골기행,Choi Seungbeom,기타,,발표 시기 미상,https://library.ltikorea.or.kr/translatedbooks/2559,,번역서 1종 · 일본어 · 예: モンゴル 紀行,포함
"서른, 잔치는 끝났다",Choi Youngmi,기타,,발표 시기 미상,https://library.ltikorea.or.kr/translatedbooks/2560,,번역서 1종 · 일본어 · 예: 三十、宴は終わった,포함
죽는 날까지 하늘을 우러러: 기독교시인 윤동주,Yun Tong-Ju,기타,,발표 시기 미상,https://library.ltikorea.or.kr/translatedbooks/2562,,번역서 1종 · 일본어 · 예: 死ぬ日まで天を仰ぎ,포함
"미쳐버리고 싶은, 미쳐지지 않는",YI IN-SEONG,기타,,발표 시기 미상,https://library.ltikorea.or.kr/translatedbooks/8005,,번역서 1종 · 프랑스어 · 예: INTERDIT DE FOLIE,포함
절대고독,Kim Hyunseung,기타,,발표 시기 미상,https://library.ltikorea.or.kr/translatedbooks/8003,,번역서 1종 · 프랑스어 · 예: La Solitude absolue,포함
한일 시인 앤솔러지: 해협을 건너는 소리,Kyushu Poet Festival Executive Committee,시,,발표 시기 미상,https://library.ltikorea.or.kr/translatedbooks/2563,,번역서 1종 · 일본어 · 예: 日韓詩人アソンロジー 海峡を渡る声,포함
감색 치마폭의 하늘은,Han Sungrye,기타,,발표 시기 미상,https://library.ltikorea.or.kr/translatedbooks/2564,,번역서 1종 · 일본어 · 예: 枾色のチマ裾の空は,포함
유토피아를 먹고 잠들다,Kang Baek Lee,기타,,발표 시기 미상,https://library.ltikorea.or.kr/translatedbooks/2565,,번역서 1종 · 일본어 · 예: ユートピアを飲んで眠る,포함
히데요시 조선의 난,Kim Songhan,기타,,발표 시기 미상,https://library.ltikorea.or.kr/translatedbooks/2566,,번역서 1종 · 일본어 · 예: 秀吉朝鮮の乱,포함
칼의 노래,Kim Hoon,기타,,발표 시기 미상,https://library.ltikorea.or.kr/translatedbooks/2577,,번역서 1종 · 일본어 · 예: 孤将,포함
자유의 눈물,Kwang-lim Kim,기타,,발표 시기 미상,https://library.ltikorea.or.kr/translatedbooks/2593,,번역서 1종 · 일본어 · 예: 自由の淚,포함
한국현대수필선집,Maeng Nanja,수필,,발표 시기 미상,https://library.ltikorea.or.kr/translatedbooks/2594,,번역서 1종 · 일본어 · 예: 韓国現代随筆選集,포함
"작고, 낮고, 천천히",Ahn Do-Hyun,기타,,발표 시기 미상,https://library.ltikorea.or.kr/translatedbooks/2595,,번역서 1종 · 일본어 · 예: 小さく、低く、ゆっくりと,포함
사랑의 한국 동화집,Yi Ju-hong,동화,,발표 시기 미상,https://library.ltikorea.or.kr/translatedbooks/2599,,번역서 1종 · 일본어 · 예: 愛の韓国童話集,포함
만화로 아는 한국,Jeong Hyeonsil,기타,,발표 시기 미상,https://library.ltikorea.or.kr/translatedbooks/2604,,번역서 1종 · 일본어 · 예: 民話で知る韓国,포함
아시아의 물가에서 (한일 시인의 대화),Ko Un,시,,발표 시기 미상,https://library.ltikorea.or.kr/translatedbooks/2606,,번역서 1종 · 일본어 · 예: 「アジア」の渚で 日韓詩人の対話,포함
상흔에 핀 꽃,Kim Ji-ha,기타,,발표 시기 미상,https://library.ltikorea.or.kr/translatedbooks/2608,,번역서 1종 · 일본어 · 예: 傷痕に咲いた花,포함
지구별 여행자,Shiva RYU,기타,,발표 시기 미상,https://library.ltikorea.or.kr/translatedbooks/2609,,번역서 1종 · 일본어 · 예: 地球星の旅人,포함
"옛날 옛적의 이야기: 붉은물, 검은물",,기타,,발표 시기 미상,https://library.ltikorea.or.kr/translatedbooks/2613,,번역서 1종 · 일본어 · 예: 赤い水黒い水,포함
한국을 아는 사전,金容権,기타,,발표 시기 미상,https://library.ltikorea.or.kr/translatedbooks/2675,,번역서 1종 · 일본어 · 예: 早わかり韓国を知る事典暮らしから歴史まで厳選500キーワード.,포함
한국인을 바보로 만드는 엉터리 책 비판,otsuki Shoji,기타,,발표 시기 미상,https://library.ltikorea.or.kr/translatedbooks/2676,,번역서 1종 · 일본어 · 예: 韓日戦争勃発!?,포함
사건의 철학,Lee Jung Woo,기타,,발표 시기 미상,https://library.ltikorea.or.kr/translatedbooks/2678,,번역서 1종 · 일본어 · 예: 事件の哲学,포함
한국철학에세이,Kim Kyo Bin,수필,,발표 시기 미상,https://library.ltikorea.or.kr/translatedbooks/2680,,번역서 1종 · 일본어 · 예: 人物でみる韓国哲学の系譜,포함
비밀의 화원: 한국현대중·단편소설선,Kim Yoon Young,단편소설,,발표 시기 미상,https://library.ltikorea.or.kr/translatedbooks/2576,,번역서 1종 · 일본어 · 예: 秘密の花園,포함
요리궁금증400,主婦生活編輯部,기타,,발표 시기 미상,https://library.ltikorea.or.kr/translatedbooks/8020,,번역서 1종 · 중국어(번체) · 예: 大廚也想學的料理難題 400 問Solving Your Cuisine Questions,포함
쿠바에서 보물 찾기,,기타,,발표 시기 미상,https://library.ltikorea.or.kr/translatedbooks/8021,,번역서 1종 · 중국어(번체) · 예: 古巴尋寶記,포함
초등고민 학교탈출 : 초등학생이 가장 고민하는 30가지 심리문제에 답하는 책,Lee Min-Sik,기타,,발표 시기 미상,https://library.ltikorea.or.kr/translatedbooks/8025,,번역서 1종 · 중국어(간체) · 예: 呼叫超人老爸!,포함
장미가족의 포토샵 최우수 작품집,Lee Jeongmin,기타,,발표 시기 미상,https://library.ltikorea.or.kr/translatedbooks/8026,,번역서 1종 · 중국어(번체) · 예: 完美 Photoshop,포함
공기정화식물 키우기,Gwak Byeonghwa,기타,,발표 시기 미상,https://library.ltikorea.or.kr/translatedbooks/8027,,번역서 1종 · 중국어(번체) · 예: 超有效室內空氣淨化植物,포함
미술관에서 만난 수학,Ma jung-mul,기타,,발표 시기 미상,https://library.ltikorea.or.kr/translatedbooks/8028,,번역서 1종 · 포르투갈어 · 예: A Matemática no Museu de Arte,포함
한국아동문학선: 닭을 봉황이라하여 판 김선달:남북조선옛날집,,기타,,발표 시기 미상,https://library.ltikorea.or.kr/translatedbooks/2597,,번역서 1종 · 일본어 · 예: にわとりを鳳凰だといって売ったキムソンダル,포함
슬픈 나막신,Kwon Jeong Saeng,기타,,발표 시기 미상,https://library.ltikorea.or.kr/translatedbooks/2598,,번역서 1종 · 일본어 · 예: 悲しい下駄,포함
최정례 시선,Choi Jeongrye,기타,,발표 시기 미상,https://library.ltikorea.or.kr/translatedbooks/8037,,번역서 1종 · 영어 · 예: Instances,포함
응석받이 외동아이 리더십 있는 아이로 키우기,Gu Jeongeun,기타,,발표 시기 미상,https://library.ltikorea.or.kr/translatedbooks/8030,,번역서 1종 · 중국어(간체) · 예: 将宠坏的孩子培养成领袖人物,포함
아이 인생에 독이 되는 부모와 빽이 되는 부모는 따로 있다,Han Giyeon,기타,,발표 시기 미상,https://library.ltikorea.or.kr/translatedbooks/8031,,번역서 1종 · 중국어(간체) · 예: 別让你的 坏习惯 毁了孩子,포함
한의 이야기: 조선궁녀여류소설집,Hyegyeong-Gung Hong,단편소설,,발표 시기 미상,https://library.ltikorea.or.kr/translatedbooks/2572,,번역서 1종 · 일본어 · 예: 恨のものがたり,포함
사랑 후에 오는 것들,Ji-Young Gong,기타,,발표 시기 미상,https://library.ltikorea.or.kr/translatedbooks/2573,,번역서 1종 · 일본어 · 예: 愛のあとにくるもの,포함
이상시집,Yi Sang,시,,발표 시기 미상,https://library.ltikorea.or.kr/translatedbooks/2558,,번역서 1종 · 일본어 · 예: 李箱詩集,포함
고행,Kim Ji-ha,기타,,발표 시기 미상,https://library.ltikorea.or.kr/translatedbooks/2500,,번역서 1종 · 일본어 · 예: 苦行,포함
민중의 소리,Kim Ji-ha,기타,,발표 시기 미상,https://library.ltikorea.or.kr/translatedbooks/2503,,번역서 1종 · 일본어 · 예: 民衆の声,포함
천국의 계단,Park Hyekyong,기타,,발표 시기 미상,https://library.ltikorea.or.kr/translatedbooks/2504,,번역서 1종 · 일본어 · 예: 天国の階段,포함
웃음삼천리 한국해학걸작선,Park Heungmin,기타,,발표 시기 미상,https://library.ltikorea.or.kr/translatedbooks/2505,,번역서 1종 · 일본어 · 예: 笑いの三千里 朝鮮ユーモア文学傑作選,포함
조선의 저항문학,Song Min-Ho,기타,,발표 시기 미상,https://library.ltikorea.or.kr/translatedbooks/2506,,번역서 1종 · 일본어 · 예: 朝鮮の抵抗文学,포함
별을 노래하는 시인,Yun Tong-Ju,시,,발표 시기 미상,https://library.ltikorea.or.kr/translatedbooks/2507,,번역서 1종 · 일본어 · 예: 星うたう詩人,포함
환상소설첩 근대편,Na Do-hyang,소설,,발표 시기 미상,https://library.ltikorea.or.kr/translatedbooks/7978,,번역서 1종 · 러시아어 · 예: КΛУБ ФАНТАЗИЙ,포함
어머니의 선물,Jang Boksun,기타,,발표 시기 미상,https://library.ltikorea.or.kr/translatedbooks/2531,,번역서 1종 · 일본어 · 예: オモニの 贈り物,포함
계절의 연인,Gim Ryeong,기타,,발표 시기 미상,https://library.ltikorea.or.kr/translatedbooks/2532,,번역서 1종 · 일본어 · 예: 季節の恋人,포함
김립 시선,Kim Sakkat,시,,발표 시기 미상,https://library.ltikorea.or.kr/translatedbooks/2538,,번역서 1종 · 일본어 · 예: キムサッカ 金笠詩選,포함
불꽃 : 선우휘번역집,Sunwoo Hwi,기타,,발표 시기 미상,https://library.ltikorea.or.kr/translatedbooks/2540,,번역서 1종 · 일본어 · 예: 火花,포함
김지하 생을 말하다,Kim Ji-ha,기타,,발표 시기 미상,https://library.ltikorea.or.kr/translatedbooks/2499,,번역서 1종 · 일본어 · 예: 金芝河 生を語る,포함
훨훨 간다,Han Malsook,기타,,발표 시기 미상,https://library.ltikorea.or.kr/translatedbooks/2497,,번역서 1종 · 이탈리아어 · 예: Cantico di frontiera,포함
한국여정 (한일대역),Park In Gee,수필,,발표 시기 미상,https://library.ltikorea.or.kr/translatedbooks/2467,,번역서 1종 · 일본어 · 예: 韓国心の旅 エッセイで学ぶハングル,포함
문학의 귀환,Choi Won-shik,기타,,발표 시기 미상,https://library.ltikorea.or.kr/translatedbooks/2468,,번역서 1종 · 일본어 · 예: 東アジア 文学空間 の創造,포함
초가집이 있던 마을,Kwon Jeong Saeng,기타,,발표 시기 미상,https://library.ltikorea.or.kr/translatedbooks/2473,,번역서 1종 · 일본어 · 예: わら屋根のぬる村,포함
훨훨 간다,Kwon Jeong Saeng,기타,,발표 시기 미상,https://library.ltikorea.or.kr/translatedbooks/2474,,번역서 1종 · 일본어 · 예: ゆらゆら ゆくよ,포함
아이들의 조선전쟁,Lee Wonsu,기타,,발표 시기 미상,https://library.ltikorea.or.kr/translatedbooks/2478,,번역서 1종 · 일본어 · 예: 子どもたちの朝鮮戰爭,포함
한국의 민화,Im Dongkwon,기타,,발표 시기 미상,https://library.ltikorea.or.kr/translatedbooks/2481,,번역서 1종 · 일본어 · 예: 韓国の民話,포함
이상한 항아리. 춘향전,,기타,,발표 시기 미상,https://library.ltikorea.or.kr/translatedbooks/2482,,번역서 1종 · 일본어 · 예: ふしぎな瓶・春香伝,포함
호암미술관에 있는 아름다운 문화예술품,Cha Ik-jong,기타,,발표 시기 미상,https://library.ltikorea.or.kr/translatedbooks/7968,,번역서 1종 · 영어 · 예: Korean art treasures from the Ho-Am museum,포함
한국 1950 - 전쟁과 평화,Park Myunglim,기타,,발표 시기 미상,https://library.ltikorea.or.kr/translatedbooks/7969,,번역서 1종 · 영어 · 예: The Requiem for Peace,포함
시대를 담는 그릇,Kim Bongryol,기타,,발표 시기 미상,https://library.ltikorea.or.kr/translatedbooks/7970,,번역서 1종 · 영어 · 예: The secret spirit of Korean Architecture,포함
용비어천가,,기타,,발표 시기 미상,https://library.ltikorea.or.kr/translatedbooks/7973,,"번역서 1종 · 러시아어 · 예: Ода о драконах, летяших к небу",포함
조선민요집,,노래,,발표 시기 미상,https://library.ltikorea.or.kr/translatedbooks/2483,,번역서 1종 · 일본어 · 예: 朝鮮民謡選,포함
조선민화선,,기타,,발표 시기 미상,https://library.ltikorea.or.kr/translatedbooks/2486,,번역서 1종 · 일본어 · 예: ネギをうえた人,포함
청구야담,,기타,,발표 시기 미상,https://library.ltikorea.or.kr/translatedbooks/2487,,번역서 1종 · 일본어 · 예: 青邱野談,포함
한국풍류이야기,,기타,,발표 시기 미상,https://library.ltikorea.or.kr/translatedbooks/2489,,번역서 1종 · 일본어 · 예: 韓国風流小ばなし,포함
뻐꾸기의 고향: 한국현대단편소설집,Ryoo Kisu,단편소설,,발표 시기 미상,https://library.ltikorea.or.kr/translatedbooks/2541,,번역서 1종 · 일본어 · 예: 郭公の故郷,포함
일동장유가,Gim Ingyeom,기타,,발표 시기 미상,https://library.ltikorea.or.kr/translatedbooks/2543,,번역서 1종 · 일본어 · 예: 日東壮遊歄,포함
한국의 고전단가,,기타,,발표 시기 미상,https://library.ltikorea.or.kr/translatedbooks/2544,,번역서 1종 · 일본어 · 예: 韓國の古典短歌,포함
청포도 이육사시문집,Yi Yuksa,시,,발표 시기 미상,https://library.ltikorea.or.kr/translatedbooks/2508,,번역서 1종 · 일본어 · 예: 青ぶどう イユクサ詩文集,포함
역도산전설,Lee Hoin,소설,,발표 시기 미상,https://library.ltikorea.or.kr/translatedbooks/2509,,번역서 1종 · 일본어 · 예: 力道山伝說,포함
Korea. The Land and People,Huh Woo Kung,기타,,발표 시기 미상,https://library.ltikorea.or.kr/translatedbooks/2510,,"번역서 1종 · 프랑스어 · 예: Coree, espace et societe",포함
노마만리,Kim Sa-ryang,기타,,발표 시기 미상,https://library.ltikorea.or.kr/translatedbooks/2511,,번역서 1종 · 일본어 · 예: 駑馬萬理,포함
단,Gim Jeongbin,기타,,발표 시기 미상,https://library.ltikorea.or.kr/translatedbooks/2512,,번역서 1종 · 일본어 · 예: 丹,포함
양심선언,Kim Ji-ha,기타,,발표 시기 미상,https://library.ltikorea.or.kr/translatedbooks/2515,,번역서 1종 · 일본어 · 예: 良心宣言,포함
천년의 겨울을 건너온 여자,Pak Seowon,기타,,발표 시기 미상,https://library.ltikorea.or.kr/translatedbooks/2518,,번역서 1종 · 일본어 · 예: 千年の冬を渡ってきた女,포함
김동인 단편선,Kim Dong-in,기타,,발표 시기 미상,https://library.ltikorea.or.kr/translatedbooks/2520,,"번역서 2종 · 베트남어, 일본어 · 예: TRUYỆN NGẮN Kim Dong In",포함
흰 뱀을 찾아서,NAM SANG-SUN,기타,,발표 시기 미상,https://library.ltikorea.or.kr/translatedbooks/8000,,번역서 1종 · 프랑스어 · 예: SUR LES TRACES du SERPENT BLANT,포함
전후세대 100인 시선집,Kang Unkyo,시,,발표 시기 미상,https://library.ltikorea.or.kr/translatedbooks/2553,,번역서 1종 · 일본어 · 예: 韓·日 戰後世代100人詩選集世界時人叢書 4,포함
21세기일한신예100인시선집,Jeong Ho-seung,시,,발표 시기 미상,https://library.ltikorea.or.kr/translatedbooks/2554,,번역서 1종 · 일본어 · 예: 21世紀日韓新鋭100人詩選集,포함
충정로사람들,SONG Kijo,기타,,발표 시기 미상,https://library.ltikorea.or.kr/translatedbooks/2555,,번역서 1종 · 일본어 · 예: 忠正路の人々,포함
개미의 탑,Choi In-ho,기타,,발표 시기 미상,https://library.ltikorea.or.kr/translatedbooks/8001,,번역서 1종 · 프랑스어 · 예: LA TOUR DES FOURMIS,포함
21세기세계시인선서 (빙선),Ahn Do-Hyun,시,,발표 시기 미상,https://library.ltikorea.or.kr/translatedbooks/2556,,번역서 1종 · 일본어 · 예: 氷蝉 21世紀世界詩人選書,포함
"여자, 그림으로 행복해지다",Nam Insook,기타,,발표 시기 미상,https://library.ltikorea.or.kr/translatedbooks/7995,,"번역서 1종 · 중국어(간체) · 예: 女人, 因画而幸福",포함
너에게 시가 왔느냐: 고은시선집,Ko Un,시,,발표 시기 미상,https://library.ltikorea.or.kr/translatedbooks/2545,,번역서 1종 · 일본어 · 예: いま、君に詩が来たのか,포함
리틀보이,Ko Hyeong-ryeol,기타,,발표 시기 미상,https://library.ltikorea.or.kr/translatedbooks/2546,,번역서 1종 · 일본어 · 예: リトルボーイ,포함
뗏목을 타고 (동아시아호의 연시),Kwang-lim Kim,시,,발표 시기 미상,https://library.ltikorea.or.kr/translatedbooks/2548,,번역서 1종 · 일본어 · 예: 筏に乗って 東アジア号の連詩,포함
"속, 김광림 시집 108선",Kwang-lim Kim,시,,발표 시기 미상,https://library.ltikorea.or.kr/translatedbooks/2549,,번역서 1종 · 일본어 · 예: (続) キム・クヮンリム詩集 108選,포함
"한국의율리시즈, 김광림에게",新川和江,기타,,발표 시기 미상,https://library.ltikorea.or.kr/translatedbooks/2550,,번역서 1종 · 일본어 · 예: 韓國のュリシ一ズ キムㆍクヮソリム(金光林)ヘ,포함
넌 너무 멋져,Li Jong-Hi,기타,,발표 시기 미상,https://library.ltikorea.or.kr/translatedbooks/7984,,번역서 1종 · 헝가리어 · 예: Annyira kisaly vagy!,포함
1등급 공부습관,Choi In-ho,기타,,발표 시기 미상,https://library.ltikorea.or.kr/translatedbooks/7985,,번역서 1종 · 중국어(간체) · 예: 讓倒數第一變成第一名的神奇力量,포함
고스트 페이스,Hyong Min-u,기타,,발표 시기 미상,https://library.ltikorea.or.kr/translatedbooks/7987,,번역서 1종 · 독일어 · 예: Ghostface,포함
하느님의 램프: 김남조 선시집,Kim Nam Jo,시,,발표 시기 미상,https://library.ltikorea.or.kr/translatedbooks/2551,,번역서 1종 · 일본어 · 예: 神のランプ,포함
그대가 곁에 있어도 나는 그대가 그립다,Shiva RYU,기타,,발표 시기 미상,https://library.ltikorea.or.kr/translatedbooks/2552,,번역서 1종 · 일본어 · 예: 君がそばにいても僕は君が恋しい,포함
이토록 뜨거운 파랑,Shin Yeorang,기타,,발표 시기 미상,https://library.ltikorea.or.kr/translatedbooks/7991,,번역서 1종 · 중국어(간체) · 예: 如此灼热的蓝,포함
깨소금과 옥떨메,Park Bum Shin,기타,,발표 시기 미상,https://library.ltikorea.or.kr/translatedbooks/7992,,번역서 1종 · 중국어(간체) · 예: 小雀斑和豆饼脸,포함
열일곱살의 털,Kim Haewon,기타,,발표 시기 미상,https://library.ltikorea.or.kr/translatedbooks/7993,,번역서 1종 · 중국어(간체) · 예: 十七岁的头发,포함
한국 여성작가 단편선집,OH JUNGHEE,기타,,발표 시기 미상,https://library.ltikorea.or.kr/translatedbooks/8039,,번역서 1종 · 스페인어 · 예: Narradoras coreanas contemporáneas,포함
한국현대중단편선,Lee Ho-cheol,기타,,발표 시기 미상,https://library.ltikorea.or.kr/translatedbooks/5098,,번역서 1종 · 몽골어 · 예: Солонгосын шилдэг зохиолын дээжис,포함
"Jo fortere jeg går, jo mindre er jeg",Kjersti Annesdatter Skomsvold,기타,,발표 시기 미상,https://library.ltikorea.or.kr/translatedbooks/8137,,"번역서 1종 · 영어 · 예: The faster I walk, the smaller I am",포함
Toteninsel,Gerhard Meier,기타,,발표 시기 미상,https://library.ltikorea.or.kr/translatedbooks/8138,,번역서 1종 · 영어 · 예: Isle of the dead,포함
가을 언덕,Kim Sowol,기타,,발표 시기 미상,https://library.ltikorea.or.kr/translatedbooks/5109,,번역서 1종 · 네덜란드어 · 예: Herfstheuvels,포함
이제 닭 울음소리 한번 듣고 나니 대장부 일이 다 끝나버렸네,Wolmyoung,기타,,발표 시기 미상,https://library.ltikorea.or.kr/translatedbooks/5112,,번역서 1종 · 노르웨이어 · 예: HANEN HAR GALT HELTEN HAR GJORT ALT HAN MÅTTE GJØRE,포함
한국시선집,Ch'oe Ch'i-won,시,,발표 시기 미상,https://library.ltikorea.or.kr/translatedbooks/5114,,번역서 1종 · 폴란드어 · 예: Antologia Poezji Koreańskiej,포함
한국현대단편선,Hwang Sun-Won,기타,,발표 시기 미상,https://library.ltikorea.or.kr/translatedbooks/5115,,번역서 1종 · 폴란드어 · 예: Barwy miłości,포함
戀忘れ草,Aiko Kitahara,기타,,발표 시기 미상,https://library.ltikorea.or.kr/translatedbooks/8139,,번역서 1종 · 영어 · 예: The budding tree,포함
갑자기 멈추면 왜 넘어질까?,Lee Ji Hyeon,기타,,발표 시기 미상,https://library.ltikorea.or.kr/translatedbooks/8143,,번역서 1종 · 포르투갈어 · 예: Por que caio quando paro de repente?,포함
모두모두 땅으로 떨어져요,Lee Ji Hyeon,기타,,발표 시기 미상,https://library.ltikorea.or.kr/translatedbooks/8144,,번역서 1종 · 포르투갈어 · 예: A força da grvidade,포함
3인 시선,Kim Sowol,기타,,발표 시기 미상,https://library.ltikorea.or.kr/translatedbooks/5116,,번역서 1종 · 폴란드어 · 예: Mgła jedwabna,포함
뚜벅이들을 위한 걷고싶은 거리여행,Jeong Minyong,기타,,발표 시기 미상,https://library.ltikorea.or.kr/translatedbooks/8131,,번역서 1종 · 중국어(간체) · 예: 徒步玩首尔在世界名画中体悟 幸福的真意,포함
어쨌거나 남자는 필요하다,Nam Insook,기타,,발표 시기 미상,https://library.ltikorea.or.kr/translatedbooks/8128,,"번역서 1종 · 중국어(간체) · 예: 我的男人，你究竟在想什么一本幸福女人必渎的 ""男子书""",포함
시간의 동공,Park Jutaek,기타,,발표 시기 미상,https://library.ltikorea.or.kr/translatedbooks/2762,,번역서 1종 · 일본어 · 예: 時間の瞳孔,포함
태평한화 골계전,Seo Geojung,기타,,발표 시기 미상,https://library.ltikorea.or.kr/translatedbooks/2764,,번역서 1종 · 일본어 · 예: 太平閑話 滑稽伝,포함
살아있는 과학 교과서,Kim Taeil,기타,,발표 시기 미상,https://library.ltikorea.or.kr/translatedbooks/8124,,번역서 5종 · 중국어(간체) · 예: 中学生必读的图解科学漫画.,포함
한국현대시선집,Pak In-Hwan,시,,발표 시기 미상,https://library.ltikorea.or.kr/translatedbooks/5096,,번역서 1종 · 인도네시아어 · 예: Puisi buat Rakyat Indonesia,포함
이강백 희곡집,Kang Baek Lee,희곡,,발표 시기 미상,https://library.ltikorea.or.kr/translatedbooks/5118,,번역서 1종 · 폴란드어 · 예: Dramaty,포함
내일도 나를 사랑할 건가요,Kim Taehoon,기타,,발표 시기 미상,https://library.ltikorea.or.kr/translatedbooks/8216,,번역서 1종 · 중국어(간체) · 예: 讓好男人自動靠過來總明戀愛的49種方法.,포함
재미가 가득한 DSLR 길라잡이,Choe Jaeung,기타,,발표 시기 미상,https://library.ltikorea.or.kr/translatedbooks/8218,,번역서 1종 · 중국어(간체) · 예: 充滿樂趣的DSLR單眼人物風景攝影,포함
집안 치우기,Go Daeyeong,기타,,발표 시기 미상,https://library.ltikorea.or.kr/translatedbooks/8251,,번역서 1종 · 중국어(번체) · 예: 我會整理,포함
두발 자전거 배우기,Go Daeyeong,기타,,발표 시기 미상,https://library.ltikorea.or.kr/translatedbooks/8252,,번역서 1종 · 중국어(번체) · 예: 我的第一輛腳踏車,포함
지하철을 타고서,Go Daeyeong,기타,,발표 시기 미상,https://library.ltikorea.or.kr/translatedbooks/8254,,번역서 1종 · 중국어(번체) · 예: 搭地鐵去外婆家,포함
손톱 깨물기,Go Daeyeong,기타,,발표 시기 미상,https://library.ltikorea.or.kr/translatedbooks/8255,,번역서 1종 · 중국어(번체) · 예: 不再咬指甲,포함
한국 현대 산문선: 혈서 외 6편,Yi Kwang-Su,기타,,발표 시기 미상,https://library.ltikorea.or.kr/translatedbooks/5167,,번역서 1종 · 러시아어 · 예: Избранные кopeйcкиe paccкaзы нoвого времени,포함
"과자, 내 아이를 해치는 달콤한 유혹",Ahn Byungsoo,기타,,발표 시기 미상,https://library.ltikorea.or.kr/translatedbooks/8258,,번역서 1종 · 중국어(간체) · 예: 可怕的零食,포함
요리공주,Studio Haedam,기타,,발표 시기 미상,https://library.ltikorea.or.kr/translatedbooks/8259,,번역서 2종 · 중국어(간체) · 예: 料理公主.,포함
할아버지와 나의 건축여행,Jo Eun Jeong,기타,,발표 시기 미상,https://library.ltikorea.or.kr/translatedbooks/8262,,번역서 1종 · 포르투갈어 · 예: Minha viagem arquitetônica com o vovô,포함
아주 특별한 음악 이야기,Ma jung-mul,기타,,발표 시기 미상,https://library.ltikorea.or.kr/translatedbooks/8264,,번역서 1종 · 포르투갈어 · 예: Por dentro da música,포함
한국단편소설선,Son Chang-sop,단편소설,,발표 시기 미상,https://library.ltikorea.or.kr/translatedbooks/5169,,번역서 1종 · 러시아어 · 예: Золотая Птица Гаруда,포함
곰가족과 시끌벅쩍 괴물들,Cha Bo-Geum,기타,,발표 시기 미상,https://library.ltikorea.or.kr/translatedbooks/8266,,번역서 1종 · 포르투갈어 · 예: A família de ursos e os monstros agitados,포함
누구 알이 더 많을까?,Kim Haewon,기타,,발표 시기 미상,https://library.ltikorea.or.kr/translatedbooks/8267,,번역서 1종 · 포르투갈어 · 예: Quem será que tem mais ovos?,포함
춘향전,Heo Kyun,기타,,발표 시기 미상,https://library.ltikorea.or.kr/translatedbooks/5160,,번역서 1종 · 러시아어 · 예: Верная Чхунхян,포함
거문고: 한말숙 소설집,Han Malsook,단편소설,,발표 시기 미상,https://library.ltikorea.or.kr/translatedbooks/5124,,번역서 1종 · 폴란드어 · 예: Komungo,포함
비행기가 뜨는 원리,Lee Ji Hyeon,기타,,발표 시기 미상,https://library.ltikorea.or.kr/translatedbooks/8145,,번역서 1종 · 포르투갈어 · 예: Como voam os aviões,포함
자석에는 힘이 있어요,Yoo Hosun,기타,,발표 시기 미상,https://library.ltikorea.or.kr/translatedbooks/8146,,번역서 1종 · 포르투갈어 · 예: A Força dos ímãs,포함
"그림에, 마음을 놓다",Lee Jooeun,기타,,발표 시기 미상,https://library.ltikorea.or.kr/translatedbooks/8161,,번역서 1종 · 중국어(간체) · 예: 蒙娜丽莎的眼泪在世界名画中,포함
그림이 그녀에게,Kwack Ahram,기타,,발표 시기 미상,https://library.ltikorea.or.kr/translatedbooks/8162,,번역서 1종 · 중국어(간체) · 예: 在梵高的星空下岁月流转,포함
한 잔의 커피: 소설집,Han Malsook,단편소설,,발표 시기 미상,https://library.ltikorea.or.kr/translatedbooks/5126,,번역서 1종 · 폴란드어 · 예: Filiżanka kawy,포함
김영하 단편선-엘리베이터에 낀 그 남자는 어떻게 되었나-,Kim Young-Ha,기타,,발표 시기 미상,https://library.ltikorea.or.kr/translatedbooks/5128,,번역서 1종 · 폴란드어 · 예: Wampir i inne opowiadania,포함
미당 서정주 시선집,Chong-ju,시,,발표 시기 미상,https://library.ltikorea.or.kr/translatedbooks/5139,,번역서 1종 · 루마니아어 · 예: Poeme alese,포함
천상병 시선집,Cheon Sang-byeong,시,,발표 시기 미상,https://library.ltikorea.or.kr/translatedbooks/5141,,번역서 1종 · 루마니아어 · 예: ÎNTOARCEREA ÎN CER,포함
인상(가제),,기타,,발표 시기 미상,https://library.ltikorea.or.kr/translatedbooks/8166,,번역서 1종 · 프랑스어 · 예: Impressions papier hanji,포함
우리의 옛 노래,Lim Key-Zung,기타,,발표 시기 미상,https://library.ltikorea.or.kr/translatedbooks/8212,,번역서 1종 · 스페인어 · 예: CANTOS CLÁSICOS DE COREA,포함
민담설화집,Kim Man Jung,소설,,발표 시기 미상,https://library.ltikorea.or.kr/translatedbooks/5143,,번역서 1종 · 루마니아어 · 예: TIGRUL CU URECHI ALBE,포함
확실히 몸에 붙는 한국어책,Jeon Seonghui,기타,,발표 시기 미상,https://library.ltikorea.or.kr/translatedbooks/2713,,번역서 1종 · 일본어 · 예: しっかり身につく韓国語トレーニングブック,포함
한국어 첫걸음,Eom Giju,기타,,발표 시기 미상,https://library.ltikorea.or.kr/translatedbooks/2714,,번역서 1종 · 일본어 · 예: 韓國語の 初步,포함
그 가을의 사흘 동안,Park Wansuh,기타,,발표 시기 미상,https://library.ltikorea.or.kr/translatedbooks/8052,,번역서 1종 · 프랑스어 · 예: Trois jours en automne,포함
배고프면 화나는 그녀 여행을 떠나다,Shin Yehui,기타,,발표 시기 미상,https://library.ltikorea.or.kr/translatedbooks/8053,,번역서 1종 · 중국어(간체) · 예: 馋了吗? 想发脾气吗? 去旅行吧!,포함
정체불명 새색시,Huh Kook-Hwa,기타,,발표 시기 미상,https://library.ltikorea.or.kr/translatedbooks/8054,,번역서 1종 · 헝가리어 · 예: a titokzatos menyasszony,포함
동아시아 비교 방언론,Shigetoshi Fujii,기타,,발표 시기 미상,https://library.ltikorea.or.kr/translatedbooks/2715,,번역서 1종 · 일본어 · 예: 東アジア比較方言論,포함
처음부터 다시 시작 한국어,Hayakawa yoshiharu,기타,,발표 시기 미상,https://library.ltikorea.or.kr/translatedbooks/2717,,번역서 1종 · 일본어 · 예: ゼロから始める韓国語,포함
제로에서 말하는 한국어,塩田今日子,기타,,발표 시기 미상,https://library.ltikorea.or.kr/translatedbooks/2718,,번역서 1종 · 일본어 · 예: ゼロから話せる韓国語,포함
한국의 역사,National Institute of Korean History,기타,,발표 시기 미상,https://library.ltikorea.or.kr/translatedbooks/2720,,번역서 1종 · 일본어 · 예: 韓國の 歷史,포함
한국인이야기,Tian zhongming,기타,,발표 시기 미상,https://library.ltikorea.or.kr/translatedbooks/2721,,번역서 1종 · 일본어 · 예: 物語 韓國人,포함
조선왕조사,Lee Sungmoo,기타,,발표 시기 미상,https://library.ltikorea.or.kr/translatedbooks/2722,,번역서 1종 · 일본어 · 예: 朝鮮王朝史,포함
이해하기 쉬운 한국의 역사,한국교육개발원,기타,,발표 시기 미상,https://library.ltikorea.or.kr/translatedbooks/2723,,번역서 1종 · 일본어 · 예: わかりやすい韓国の歴史,포함
김유정 단편소설선,Kim Yujung,단편소설,,발표 시기 미상,https://library.ltikorea.or.kr/translatedbooks/8059,,번역서 1종 · 중국어(간체) · 예: 金裕贞短篇小说选,포함
흙,Yi Kwang-Su,기타,,발표 시기 미상,https://library.ltikorea.or.kr/translatedbooks/8061,,번역서 1종 · 중국어(간체) · 예: 泥土,포함
Practical Korean,油谷幸利,기타,,발표 시기 미상,https://library.ltikorea.or.kr/translatedbooks/2711,,번역서 1종 · 일본어 · 예: 實用韓國語,포함
일본어와 한국어,Oono,기타,,발표 시기 미상,https://library.ltikorea.or.kr/translatedbooks/2709,,번역서 1종 · 일본어 · 예: 日本語と 韓國語,포함
(내 아이의 속마음을 척척 읽어내는) 어린아이 심리학,Hong Gimuk,기타,,발표 시기 미상,https://library.ltikorea.or.kr/translatedbooks/8043,,번역서 1종 · 중국어(간체) · 예: 读懂 孩子的 內心世界,포함
성장비타민,Song Jeongrim,기타,,발표 시기 미상,https://library.ltikorea.or.kr/translatedbooks/8044,,번역서 1종 · 중국어(간체) · 예: 成功养育 孩子必做的 46 件事,포함
서울에 댄스홀을 허하라,Kim Jinsong,기타,,발표 시기 미상,https://library.ltikorea.or.kr/translatedbooks/2682,,번역서 1종 · 일본어 · 예: ソウルにダンスホールを,포함
선비와 사무라이,Park Seungmu,기타,,발표 시기 미상,https://library.ltikorea.or.kr/translatedbooks/2683,,번역서 1종 · 일본어 · 예: ソンビとサムライ,포함
"한반도식 통일, 현재진행형",Yoshikawa Nagi,기타,,발표 시기 미상,https://library.ltikorea.or.kr/translatedbooks/2684,,번역서 1종 · 일본어 · 예: 朝鮮半島の平和と統一,포함
한국의 일본 역전 전략,Kang Heebong,기타,,발표 시기 미상,https://library.ltikorea.or.kr/translatedbooks/2686,,번역서 1종 · 일본어 · 예: 韓国のニッポン逆転戦略,포함
한국이 죽어도 일본을 못 따라잡는 18가지 이유,Momose,기타,,발표 시기 미상,https://library.ltikorea.or.kr/translatedbooks/2687,,번역서 1종 · 일본어 · 예: 韓國が 死んでも 日本に 追いつけない 18の 理由,포함
좋아해서는 안 되는 나라,Kanno,기타,,발표 시기 미상,https://library.ltikorea.or.kr/translatedbooks/2688,,번역서 1종 · 일본어 · 예: 好きになってはいけない国,포함
"동아시아 농업 구조 문제, Dongasia Nongeop Gujo Munje",食料·農業政策硏究,기타,,발표 시기 미상,https://library.ltikorea.or.kr/translatedbooks/2689,,번역서 1종 · 일본어 · 예: =東アジア農業の構造問題,포함
한국의 기업사회와 노사관계,Park Changmyung,기타,,발표 시기 미상,https://library.ltikorea.or.kr/translatedbooks/2690,,번역서 1종 · 일본어 · 예: 韓國の 企業社會と 勞使關係,포함
선덕여왕,Rju Ungjon,기타,,발표 시기 미상,https://library.ltikorea.or.kr/translatedbooks/8055,,번역서 1종 · 헝가리어 · 예: A silla királyság ékköve,포함
이상수필전집,Yi Sang,수필,,발표 시기 미상,https://library.ltikorea.or.kr/translatedbooks/8057,,번역서 1종 · 프랑스어 · 예: ÉCRITS DE SANG,포함
조선의 건축과 예술,關野貞,기타,,발표 시기 미상,https://library.ltikorea.or.kr/translatedbooks/2704,,번역서 1종 · 일본어 · 예: 朝鮮の 建築 と 藝術,포함
아름다운 보자기,渡邊みどり,기타,,발표 시기 미상,https://library.ltikorea.or.kr/translatedbooks/2705,,번역서 1종 · 일본어 · 예: 美しいポジャギ韓国のパッチワーク,포함
수채화 겨울연가의 풍경을 표현하다,,기타,,발표 시기 미상,https://library.ltikorea.or.kr/translatedbooks/2706,,번역서 1종 · 일본어 · 예: 水彩畵 冬 の ソナタの 風景を 描く,포함
윤이상의 음악어법,Tong-ju Kim,기타,,발표 시기 미상,https://library.ltikorea.or.kr/translatedbooks/2707,,번역서 1종 · 일본어 · 예: 尹伊桑の 音樂語法,포함
완당 평전,Yu Hongjun,기타,,발표 시기 미상,https://library.ltikorea.or.kr/translatedbooks/2708,,번역서 1종 · 일본어 · 예: 書聖 金正喜評伝,포함
한국고전문학사: 고대에서 19C말까지,Jung Min,기타,,발표 시기 미상,https://library.ltikorea.or.kr/translatedbooks/8067,,번역서 1종 · 체코어 · 예: DĚJINY KOREJSKÉ KLASICKÉ LITERATURY,포함
환경의 역습,Oh Hyeon,기타,,발표 시기 미상,https://library.ltikorea.or.kr/translatedbooks/8069,,번역서 1종 · 중국어(간체) · 예: 拯救地球大作戰.環境荷爾蒙,포함
한국 현대 단편소설선집,Kim Dong-in,단편소설,,발표 시기 미상,https://library.ltikorea.or.kr/translatedbooks/8075,,"번역서 1종 · 우크라이나어 · 예: Час, коли цвіте гречка",포함
평양프로젝트: 얼렁뚱땅 오공식의 만화 북한기행,Oh Yeongjin,기타,,발표 시기 미상,https://library.ltikorea.or.kr/translatedbooks/8079,,번역서 1종 · 프랑스어 · 예: MISSION PYONG YANG,포함
"일본외교관, 한국분투기",Michigami Hisashi,기타,,발표 시기 미상,https://library.ltikorea.or.kr/translatedbooks/2691,,번역서 1종 · 일본어 · 예: 日本外交官、韓国奮闘記,포함
한국・조선과 마주한 36명의 일본인,Tateno,기타,,발표 시기 미상,https://library.ltikorea.or.kr/translatedbooks/2692,,"번역서 1종 · 일본어 · 예: 韓国・朝鮮と向き合った36人の日本人西鄉隆盛, 福沢諭吉から現代まで",포함
한국온천이야기,竹国友康,기타,,발표 시기 미상,https://library.ltikorea.or.kr/translatedbooks/2693,,번역서 1종 · 일본어 · 예: 韓国温泉物語,포함
한국의 음식,Hwang Haesung,기타,,발표 시기 미상,https://library.ltikorea.or.kr/translatedbooks/2696,,번역서 1종 · 일본어 · 예: 韓国の食,포함
우리가 정말 알아야할 우리 한옥,Shin Young Hoon,기타,,발표 시기 미상,https://library.ltikorea.or.kr/translatedbooks/2697,,번역서 1종 · 일본어 · 예: 韓國の民家,포함
팜므파탈,Marie Myung-Ok Lee,기타,,발표 시기 미상,https://library.ltikorea.or.kr/translatedbooks/2699,,번역서 1종 · 일본어 · 예: ファム・ファタル妖婦伝,포함
파페포포메모리즈,Shim Seung Hyun,기타,,발표 시기 미상,https://library.ltikorea.or.kr/translatedbooks/2701,,번역서 1종 · 일본어 · 예: サランサラン,포함
한국영화배우사전,Korea Screen Editorial Department,기타,,발표 시기 미상,https://library.ltikorea.or.kr/translatedbooks/2703,,번역서 1종 · 일본어 · 예: 韓国映画俳優事典,포함
명성황후 시해의 진실을 밝힌다,Choe Munhyeong,기타,,발표 시기 미상,https://library.ltikorea.or.kr/translatedbooks/2741,,번역서 1종 · 일본어 · 예: 閔妃は誰に殺されたのか見えざる日露戦争の序曲,포함
한국의 문화,Seo Jeongsu,기타,,발표 시기 미상,https://library.ltikorea.or.kr/translatedbooks/2740,,번역서 1종 · 일본어 · 예: 韓国の文化,포함
완역 삼국유사,Ilyeon,기타,,발표 시기 미상,https://library.ltikorea.or.kr/translatedbooks/2724,,번역서 1종 · 일본어 · 예: 完訳三国遺事,포함
입문 한국의 역사,National Institute of Korean History,기타,,발표 시기 미상,https://library.ltikorea.or.kr/translatedbooks/2725,,번역서 1종 · 일본어 · 예: 入門 韓國の 歷史,포함
백제금동대향로,Seo Jeongrok,기타,,발표 시기 미상,https://library.ltikorea.or.kr/translatedbooks/2726,,번역서 1종 · 일본어 · 예: 百濟金銅大香爐,포함
나의 문화유산 답사기 2 산은 강을 넘지 못하고,Yu Heungjun,기타,,발표 시기 미상,https://library.ltikorea.or.kr/translatedbooks/2728,,번역서 2종 · 일본어 · 예: 私の 文化遺産沓査記,포함
나의 문화유산답사기 1,Yu Heungjun,기타,,발표 시기 미상,https://library.ltikorea.or.kr/translatedbooks/2730,,번역서 1종 · 일본어 · 예: 私の 文化遺産沓査記,포함
인간의 시간,Baek Mu-san,기타,,발표 시기 미상,https://library.ltikorea.or.kr/translatedbooks/8080,,번역서 1종 · 스페인어 · 예: EL TIEMPO HUMANO,포함
조선' 표상의 문화지,Nakane,기타,,발표 시기 미상,https://library.ltikorea.or.kr/translatedbooks/2732,,번역서 1종 · 일본어 · 예: 〈朝鮮〉表象の文化誌,포함
"36명의 일본인 한국, 조선에 대한 시선들",Yoshino Makoto,기타,,발표 시기 미상,https://library.ltikorea.or.kr/translatedbooks/2733,,번역서 1종 · 일본어 · 예: 36人の 日本人,포함
한국병합사의 연구,海野福寿,기타,,발표 시기 미상,https://library.ltikorea.or.kr/translatedbooks/2734,,번역서 1종 · 일본어 · 예: 韓國倂合史の硏究,포함
조선통신사: 한일한공통역사교재,Japanese-Korean Interpretation History Textbook Production Team,기타,,발표 시기 미상,https://library.ltikorea.or.kr/translatedbooks/2735,,번역서 1종 · 일본어 · 예: 朝鮮通信使,포함
한국역사만보,Kamiya niji,기타,,발표 시기 미상,https://library.ltikorea.or.kr/translatedbooks/2736,,번역서 1종 · 일본어 · 예: 韓国歴史漫步,포함
한국: 론리 플래닛의 자유여행 가이드,마틴 로빈슨,기타,,발표 시기 미상,https://library.ltikorea.or.kr/translatedbooks/2738,,번역서 1종 · 일본어 · 예: 韓國,포함
아들이여! 한일에 걸쳐진 생명의 다리,Shin yunchan,기타,,발표 시기 미상,https://library.ltikorea.or.kr/translatedbooks/2739,,번역서 1종 · 일본어 · 예: 息子よ! 韓日に 架ける 命の 橋,포함
"산이 있는 집, 우물이 있는 집",Yuko Tsushima,기타,,발표 시기 미상,https://library.ltikorea.or.kr/translatedbooks/10626,,번역서 1종 · 일본어 · 예: 山のある家井戸のある家,포함
