제목,저자,장르,연도,연도 근거,링크,발행처,비고,통합 통계
우리는 사랑일까:알랭 드 보통 장편소설,"보통, 알랭 드",장편소설,2005,발행 연도,https://www.ksponco.or.kr/lib/book/one/view?book_seq=1024005&isbn=9788956601373&mid=b30201000000,은행나무,,포함
그램그램 영문법 원정대 현재완료,장영준,평론,2012,발행 연도,https://www.ksponco.or.kr/lib/book/one/view?book_seq=1024295&isbn=9788964351093&mid=b30201000000,사회평론,,포함
미스 플라이트 : 박민정 장편소설,박민정,장편소설,2018,발행 연도,https://www.ksponco.or.kr/lib/book/one/view?book_seq=1030003&isbn=9788937473203&mid=b30201000000,민음사,,포함
뢴트겐행 열차 : 황수아 시집,황수아,시,2017,발행 연도,https://www.ksponco.or.kr/lib/book/one/view?book_seq=1027974&isbn=9788983926630&mid=b30201000000,문학수첩,,포함
단 하나의 문장 : 구병모 소설,구병모,소설,2018,발행 연도,https://www.ksponco.or.kr/lib/book/one/view?book_seq=1029219&isbn=9788954653480&mid=b30201000000,문학동네,,포함
시진핑 주석이 연설속에 인용한 이야기,인민일보 평론부,평론,2019,발행 연도,https://www.ksponco.or.kr/lib/book/one/view?book_seq=1031356&isbn=9791188783403&mid=b30201000000,징검다리,,포함
팔십이년생 김지영:조남주 장편소설,조남주,장편소설,2016,발행 연도,https://www.ksponco.or.kr/lib/book/one/view?book_seq=1027054&isbn=9788937473135&mid=b30201000000,민음사,,포함
나는 빠리의 택시운전사,홍세화,평론,1996,발행 연도,https://www.ksponco.or.kr/lib/book/one/view?book_seq=1010707&isbn=8936470221&mid=b30201000000,창작과 비평사,,포함
마음이 살짝 기운다 : 나태주 신작 시집,나태주,시,2019,발행 연도,https://www.ksponco.or.kr/lib/book/one/view?book_seq=1029995&isbn=9788925565736&mid=b30201000000,RHK,,중복 제외 (앞 순위 출처에 있음)
슬프다 풀 끗혜 이슬:송재학 시집,송재학,시,2019,발행 연도,https://www.ksponco.or.kr/lib/book/one/view?book_seq=1030583&isbn=9788932035239&mid=b30201000000,문학과지성사,,포함
윤동주 시 깊이 읽기,권오만,시,2009,발행 연도,https://www.ksponco.or.kr/lib/book/one/view?book_seq=1022254&isbn=9788956263687&mid=b30201000000,소명출판,,포함
너도바람꽃:조재형 시집,조재형,시,2019,발행 연도,https://www.ksponco.or.kr/lib/book/one/view?book_seq=1030613&isbn=9788997090983&mid=b30201000000,한티재,,포함
도토리의 크기:심후섭 동시집,심후섭,노래,2018,발행 연도,https://www.ksponco.or.kr/lib/book/one/view?book_seq=1030619&isbn=9791158541538&mid=b30201000000,학이사,,포함
마디마디 팔딱이는 비트를:김미희 시집,김미희,시,2019,발행 연도,https://www.ksponco.or.kr/lib/book/one/view?book_seq=1030621&isbn=9791189228125&mid=b30201000000,창비교육,,포함
역사가들:이.에취. 카에서 하워드 진까지,『역사비평』편집위원회,평론,2011,발행 연도,https://www.ksponco.or.kr/lib/book/one/view?book_seq=1022418&isbn=9788976964175&mid=b30201000000,역사비평사,,포함
호미곶 가는 길:김일광 산문집,김일광,수필,2019,발행 연도,https://www.ksponco.or.kr/lib/book/one/view?book_seq=1030551&isbn=9791163500124&mid=b30201000000,단비,,포함
나는 다른 종족이다:신중철 시집,신중철,시,2018,발행 연도,https://www.ksponco.or.kr/lib/book/one/view?book_seq=1030560&isbn=9791186530603&mid=b30201000000,문학들,,포함
보름달 편지:백민주 청소년 시집,백민주,시,2018,발행 연도,https://www.ksponco.or.kr/lib/book/one/view?book_seq=1030627&isbn=9791196121792&mid=b30201000000,브로콜리숲,,포함
"내인생, 안단테 칸타빌레:여성 마에스트라 김호기의 감동 휴먼에세이",김호기,수필,2009,발행 연도,https://www.ksponco.or.kr/lib/book/one/view?book_seq=1022108&isbn=9788996150619&mid=b30201000000,좋은인상,,포함
천개의 공감:김형경 심리치유 에세이,김형경,수필,2012,발행 연도,https://www.ksponco.or.kr/lib/book/one/view?book_seq=1021457&isbn=9788996773238&mid=b30201000000,사람풍경,,포함
웃는 꽃 : 한성례 시집,한성례,시,2018,발행 연도,https://www.ksponco.or.kr/lib/book/one/view?book_seq=1031367&isbn=9791189205218&mid=b30201000000,황금알,,포함
희망이 외롭다:김승희 시집,김승희,시,2012,발행 연도,https://www.ksponco.or.kr/lib/book/one/view?book_seq=1021418&isbn=9788954619738&mid=b30201000000,문학동네,,중복 제외 (앞 순위 출처에 있음)
"꽃은 젖어도 향기는 젖지 않는다:도종환의 나의 삶, 나의 시",도종,시,2012,발행 연도,https://www.ksponco.or.kr/lib/book/one/view?book_seq=1021485&isbn=9788984315150&mid=b30201000000,한계레출판,,포함
숭고함은 나를 들여다보는 거야 : 김숨 소설,김숨,소설,2018,발행 연도,https://www.ksponco.or.kr/lib/book/one/view?book_seq=1031354&isbn=9788972759041&mid=b30201000000,현대문학,,포함
시를 놓고 살았다 사랑을 놓고 살았다,고두현,시,2018,발행 연도,https://www.ksponco.or.kr/lib/book/one/view?book_seq=1031355&isbn=9788965707158&mid=b30201000000,쌤앤파커스,,포함
쓰리디 프린팅을 활용한 시제작품 제작 마스터 실무,최년식,동화,2019,발행 연도,https://www.ksponco.or.kr/lib/book/one/view?book_seq=1030733&isbn=9788942592319&mid=b30201000000,동화기술,,포함
동화처럼,김경욱,동화,2010,발행 연도,https://www.ksponco.or.kr/lib/book/one/view?book_seq=1011498&isbn=9788937483127&mid=b30201000000,민음사,,중복 제외 (앞 순위 출처에 있음)
2016년 제61회 현대문학상 수상소설집. 베를린 필,김채원,단편소설,2015,발행 연도,https://www.ksponco.or.kr/lib/book/one/view?book_seq=1023688&isbn=9788972757597&mid=b30201000000,현대문학,,포함
장보고 이야기:박두규 청소년 소설,박두규,소설,2010,발행 연도,https://www.ksponco.or.kr/lib/book/one/view?book_seq=1022493&isbn=9788988695906&mid=b30201000000,세계문학,,포함
너의 아름다움이 온통 글이 될까봐:문학동네시인선 100 기념 티저 시집,황유원,시,2017,발행 연도,https://www.ksponco.or.kr/lib/book/one/view?book_seq=1027805&isbn=9788954649223&mid=b30201000000,문학동네,,포함
고양이를 사랑하는 법:박선희 장편소설,박선희,장편소설,2015,발행 연도,https://www.ksponco.or.kr/lib/book/one/view?book_seq=1023933&isbn=9791186748503&mid=b30201000000,나무옆의자,,포함
한국소설문학상 02 부활무렵,공지영외,소설,2001,발행 연도,https://www.ksponco.or.kr/lib/book/one/view?book_seq=1011264&isbn=8989232171&mid=b30201000000,청어,,포함
소설의 본질,조남현,소설,2018,발행 연도,https://www.ksponco.or.kr/lib/book/one/view?book_seq=1029861&isbn=9791188903016&mid=b30201000000,서정시학,,포함
사소한 이야기의 자유:백지연 평론집,백지연,평론,2018,발행 연도,https://www.ksponco.or.kr/lib/book/one/view?book_seq=1030647&isbn=9788936463519&mid=b30201000000,창비,,포함
억울한 남자:곽병창 희곡집,곽병창,희곡,2018,발행 연도,https://www.ksponco.or.kr/lib/book/one/view?book_seq=1030648&isbn=9788957866580&mid=b30201000000,연극과인간,,포함
"그림책, 영화를 만나다",김영욱,동화,2010,발행 연도,https://www.ksponco.or.kr/lib/book/one/view?book_seq=1020585&isbn=9788994464343&mid=b30201000000,교보문고,,포함
판타지랜드,"앤더슨, 커트",소설,2018,발행 연도,https://www.ksponco.or.kr/lib/book/one/view?book_seq=1031161&isbn=9788984077201&mid=b30201000000,세종서적,,포함
불러줘:반해수 장편 소설,반해수,장편소설,2015,발행 연도,https://www.ksponco.or.kr/lib/book/one/view?book_seq=1021279&isbn=9791131567807&mid=b30201000000,다향,,포함
체호프 희곡 전집,안톤 파블로비치 체호프,희곡,2015,발행 연도,https://www.ksponco.or.kr/lib/book/one/view?book_seq=1018000&isbn=9788952760074&mid=b30201000000,시공사,,포함
늙은 낙타의 일과: 이학성 시집,이학성,시,2019,발행 연도,https://www.ksponco.or.kr/lib/book/one/view?book_seq=1031670&isbn=9788983450616&mid=b30201000000,시와반시,,포함
어떤 숲의 전설,최원현,소설,2019,발행 연도,https://www.ksponco.or.kr/lib/book/one/view?book_seq=1031625&isbn=9791160110555&mid=b30201000000,북나비,,포함
보물창고:임민자 수필집,임민자,수필,2019,발행 연도,https://www.ksponco.or.kr/lib/book/one/view?book_seq=1031623&isbn=9788956586243&mid=b30201000000,선우미디어,,포함
무정에세이,부희령,수필,2019,발행 연도,https://www.ksponco.or.kr/lib/book/one/view?book_seq=1031626&isbn=9788997186891&mid=b30201000000,사월의책,,포함
동양하숙: 신원철 시집,신원철,시,2019,발행 연도,https://www.ksponco.or.kr/lib/book/one/view?book_seq=1031661&isbn=9791188903337&mid=b30201000000,서정시학,,포함
정글만리:조정래 장편소설.2,조정래,장편소설,2013,발행 연도,https://www.ksponco.or.kr/lib/book/one/view?book_seq=1021611&isbn=9788965744030&mid=b30201000000,해냄,,중복 제외 (앞 순위 출처에 있음)
파도를 기다리다 :코이께 마사요 소설집,고이케 마사요,단편소설,2010,발행 연도,https://www.ksponco.or.kr/lib/book/one/view?book_seq=1026539&isbn=9788936471958&mid=b30201000000,창비,,포함
조선왕실의 백년손님:벼슬하지 못한 부마와 그 가문의 이야기,신채용,평론,2017,발행 연도,https://www.ksponco.or.kr/lib/book/one/view?book_seq=1027459&isbn=9788976965523&mid=b30201000000,역사비평사,,포함
증오하는 인간의 탄생 : 인종주의는 역사를 어떻게 해석했는가,나인호,평론,2019,발행 연도,https://www.ksponco.or.kr/lib/book/one/view?book_seq=1030932&isbn=9788976964342&mid=b30201000000,역사비평사,,포함
천 개의 바람이 되어:치유 시·산문집,신현림,수필,2014,발행 연도,https://www.ksponco.or.kr/lib/book/one/view?book_seq=1026117&isbn=9791195273928&mid=b30201000000,사과꽃,,포함
엎드려 별을 보다:김일연 시집,김일연,시,2012,발행 연도,https://www.ksponco.or.kr/lib/book/one/view?book_seq=1021483&isbn=9788979443776&mid=b30201000000,책만드는집,,포함
이 모든 극단적인 순간들:윤대녕 산문집,윤대녕,수필,2010,발행 연도,https://www.ksponco.or.kr/lib/book/one/view?book_seq=1021556&isbn=9788992650342&mid=b30201000000,푸르메,,포함
파지에 시를 쓰다:정세훈 산문집,정세훈,시,2019,발행 연도,https://www.ksponco.or.kr/lib/book/one/view?book_seq=1031617&isbn=9791130814575&mid=b30201000000,푸른사상,,포함
남자의 전설 1,임채영,소설,2000,발행 연도,https://www.ksponco.or.kr/lib/book/one/view?book_seq=1010501&isbn=8979192177&mid=b30201000000,창해,,포함
남자의 전설 2,임채영,소설,2000,발행 연도,https://www.ksponco.or.kr/lib/book/one/view?book_seq=1010502&isbn=8979192185&mid=b30201000000,창해,,포함
스마트소설 박인성 문학상,양진채,소설,2014,발행 연도,https://www.ksponco.or.kr/lib/book/one/view?book_seq=1017150&isbn=9791156290001&mid=b30201000000,문학나무,,포함
짧은 느낌 긴 사색:종교학자 정진홍 에세이,정진홍,수필,2015,발행 연도,https://www.ksponco.or.kr/lib/book/one/view?book_seq=1025652&isbn=9788981631659&mid=b30201000000,당대,,포함
수성과 옹호:복거일의 문학 에세이,복거일,수필,2010,발행 연도,https://www.ksponco.or.kr/lib/book/one/view?book_seq=1021570&isbn=9788932020686&mid=b30201000000,문학과지성사,,포함
선생님을 이긴 날:김은영 시,김은영,시,2011,발행 연도,https://www.ksponco.or.kr/lib/book/one/view?book_seq=1023853&isbn=9788954605199&mid=b30201000000,문학동네,,포함
개구쟁이노마와현덕동화나라,현덕,동화,2006,발행 연도,https://www.ksponco.or.kr/lib/book/one/view?book_seq=1015681&isbn=8901059509&mid=b30201000000,웅진씽크빅,,포함
보기왕이 온다 : 사와무리 이치 장편소설,사와무라 이치,장편소설,2018,발행 연도,https://www.ksponco.or.kr/lib/book/one/view?book_seq=1029216&isbn=9788950977795&mid=b30201000000,아르테,,포함
거장들의 스캔들,홍지화,평론,2011,발행 연도,https://www.ksponco.or.kr/lib/book/one/view?book_seq=1021481&isbn=9788997190096&mid=b30201000000,작가와비평,,포함
공기 도미노 : 최영건 장편소설,최영건,장편소설,2017,발행 연도,https://www.ksponco.or.kr/lib/book/one/view?book_seq=1028007&isbn=9788937473159&mid=b30201000000,민음사,,포함
나운규:전설로 남은 한국 영화의 풍운아,서경석,소설,2014,발행 연도,https://www.ksponco.or.kr/lib/book/one/view?book_seq=1022287&isbn=9788937886577&mid=b30201000000,아이세움,,중복 제외 (앞 순위 출처에 있음)
순수:조너선 프랜즌 장편소설,"프랜즌, 조너선",장편소설,2018,발행 연도,https://www.ksponco.or.kr/lib/book/one/view?book_seq=1028496&isbn=9791188810192&mid=b30201000000,은행나무,,포함
손바닥에 쓴 글씨,김옥,평론,2002,발행 연도,https://www.ksponco.or.kr/lib/book/one/view?book_seq=1015487&isbn=8936441981&mid=b30201000000,창작과 비평사,,포함
한국소설문학상 01 내가 살았던 집,은희경,소설,2000,발행 연도,https://www.ksponco.or.kr/lib/book/one/view?book_seq=1011340&isbn=8987038343&mid=b30201000000,개미,,포함
별이 차가운 밤이면:이병주 장편소설,이병주,장편소설,2010,발행 연도,https://www.ksponco.or.kr/lib/book/one/view?book_seq=1022247&isbn=9788995904978&mid=b30201000000,문학의 숲,,포함
나는 외롭다고 아무나 만나지 않는다,양창순,소설,2014,발행 연도,https://www.ksponco.or.kr/lib/book/one/view?book_seq=1017282&isbn=9788998660116&mid=b30201000000,센추리원,,포함
홍보용 소설 : 김민정 소설집,김민정,단편소설,2016,발행 연도,https://www.ksponco.or.kr/lib/book/one/view?book_seq=1027071&isbn=9788939207561&mid=b30201000000,실천문학사,,포함
하늘과 바람과 별과 시,윤동주,시,2016,발행 연도,https://www.ksponco.or.kr/lib/book/one/view?book_seq=1023700&isbn=9788998046682&mid=b30201000000,소와다리,,중복 제외 (앞 순위 출처에 있음)
신현림의 미술관에서 읽은 시,신현림,시,2016,발행 연도,https://www.ksponco.or.kr/lib/book/one/view?book_seq=1023693&isbn=9788974837686&mid=b30201000000,서해문집,,포함
문학이 미래다 : 김욱동 문학 평론집,김욱동,평론,2018,발행 연도,https://www.ksponco.or.kr/lib/book/one/view?book_seq=1029547&isbn=9791159052804&mid=b30201000000,소명출판,,포함
물류창고 : 이수명 시집,이수명,시,2018,발행 연도,https://www.ksponco.or.kr/lib/book/one/view?book_seq=1029548&isbn=9788932031132&mid=b30201000000,문학과지성사,,포함
공터에서:김훈 장편소설,김훈,장편소설,2017,발행 연도,https://www.ksponco.or.kr/lib/book/one/view?book_seq=1026154&isbn=9788965745877&mid=b30201000000,해냄,,포함
선셋 리미티드:코맥 매카시 소설,"매카시, 코맥",소설,2015,발행 연도,https://www.ksponco.or.kr/lib/book/one/view?book_seq=1026150&isbn=9788954634250&mid=b30201000000,문학동네,,포함
"딸아, 외로울때는 시를 읽으렴",신현림,시,2014,발행 연도,https://www.ksponco.or.kr/lib/book/one/view?book_seq=1017138&isbn=9788901121185&mid=b30201000000,걷는나무,,포함
자정의 픽션:박형서 소설집,박형서,단편소설,2009,발행 연도,https://www.ksponco.or.kr/lib/book/one/view?book_seq=1026523&isbn=9788932017365&mid=b30201000000,문학과지성사,,포함
"시가 있는 여행:한 손엔 차표를, 한 손엔 시집을",윤용인,시,2012,발행 연도,https://www.ksponco.or.kr/lib/book/one/view?book_seq=1022368&isbn=9788996697916&mid=b30201000000,에르디아,,포함
발버둥치다 : 박하령 장편소설,박하령,장편소설,2018,발행 연도,https://www.ksponco.or.kr/lib/book/one/view?book_seq=1029550&isbn=9788954438445&mid=b30201000000,자음과모음,,포함
쌍둥이 할아버지의 노래 : 김준태 시집,김준태,시,2018,발행 연도,https://www.ksponco.or.kr/lib/book/one/view?book_seq=1029557&isbn=9791187036555&mid=b30201000000,b,,포함
내가 정말이라면:유이우 시집,유이우,시,2019,발행 연도,https://www.ksponco.or.kr/lib/book/one/view?book_seq=1031649&isbn=9788936424343&mid=b30201000000,창비,,포함
티타티타:김서령 장편소설,김서령,장편소설,2010,발행 연도,https://www.ksponco.or.kr/lib/book/one/view?book_seq=1021581&isbn=9788972754596&mid=b30201000000,현대문학,,포함
"시를 담은 그림, 그림이 된 시",윤철규,시,2016,발행 연도,https://www.ksponco.or.kr/lib/book/one/view?book_seq=1027152&isbn=9788960534223&mid=b30201000000,마로니에북스,,포함
꽃처럼 신화:스토리텔링 세계신화,김남일,소설,2017,발행 연도,https://www.ksponco.or.kr/lib/book/one/view?book_seq=1028691&isbn=9791156623342&mid=b30201000000,아시아,,포함
다시 없을 말: 김윤이 시집,김윤이,시,2019,발행 연도,https://www.ksponco.or.kr/lib/book/one/view?book_seq=1031666&isbn=9788983927569&mid=b30201000000,문학수첩,,포함
"아이는 자라고, 그림책에 흔들리다",감자꽃,동화,2016,발행 연도,https://www.ksponco.or.kr/lib/book/one/view?book_seq=1024423&isbn=9791155250594&mid=b30201000000,낮은산,,포함
가을빛 사서함 : 김경 시집,김경,시,2014,발행 연도,https://www.ksponco.or.kr/lib/book/one/view?book_seq=1029046&isbn=9788994889788&mid=b30201000000,시학,,포함
김승옥소설전집3-내가 훔친 여름,김승옥,소설,2014,발행 연도,https://www.ksponco.or.kr/lib/book/one/view?book_seq=1017895&isbn=9788982818691&mid=b30201000000,문학동네,,포함
제복과 수갑 : 긴급조치 시대의 한국 소설,김형중,소설,2023,발행 연도,https://www.ksponco.or.kr/lib/book/one/view?book_seq=1036790&isbn=9788932041964&mid=b30201000000,문학과지성사,,포함
"마침내, 네가 비밀이 되었다:김윤배 시집",김윤배,시,2019,발행 연도,https://www.ksponco.or.kr/lib/book/one/view?book_seq=1031653&isbn=9788960787087&mid=b30201000000,휴먼앤북스,,포함
제왕나비 : 최동호 시집,최동호,시,2019,발행 연도,https://www.ksponco.or.kr/lib/book/one/view?book_seq=1031369&isbn=9791188903221&mid=b30201000000,서정시학,,중복 제외 (앞 순위 출처에 있음)
유라시아 신화여행,최혜영 외,소설,2018,발행 연도,https://www.ksponco.or.kr/lib/book/one/view?book_seq=1031081&isbn=9788992448741&mid=b30201000000,아모르문디,,포함
가여운 나를 위로하다:박두규 시집,박두규,시,2018,발행 연도,https://www.ksponco.or.kr/lib/book/one/view?book_seq=1030553&isbn=9791188071166&mid=b30201000000,모악,,포함
향촌동 랩소디:이하석 시집,이하석,시,2019,발행 연도,https://www.ksponco.or.kr/lib/book/one/view?book_seq=1031646&isbn=9788983450548&mid=b30201000000,시와반시,,포함
내가 내 심장을 느끼게 될지도 모르니까:정다연 시집,정다연,시,2019,발행 연도,https://www.ksponco.or.kr/lib/book/one/view?book_seq=1031650&isbn=9788972751199&mid=b30201000000,현대문학,,포함
"밤, 비, 뱀:박연준 시집",박연준,시,2019,발행 연도,https://www.ksponco.or.kr/lib/book/one/view?book_seq=1031651&isbn=9788972751175&mid=b30201000000,현대문학,,포함
물고기 신발: 김미정 시집,김미정,시,2019,발행 연도,https://www.ksponco.or.kr/lib/book/one/view?book_seq=1031658&isbn=9788960214569&mid=b30201000000,천년의시작,,포함
시간에는 나사가 있다: 김규성 시집,김규성,시,2019,발행 연도,https://www.ksponco.or.kr/lib/book/one/view?book_seq=1031660&isbn=9791188710492&mid=b30201000000,달아실,,포함
"안녕, 푸른 고래 수염: 홍재운 시집",홍재운,시,2019,발행 연도,https://www.ksponco.or.kr/lib/book/one/view?book_seq=1031662&isbn=9791185260389&mid=b30201000000,시와세계,,포함
당신을 다루는 법: 유현서 시집,유현서,시,2019,발행 연도,https://www.ksponco.or.kr/lib/book/one/view?book_seq=1031664&isbn=9791157283767&mid=b30201000000,지혜,,포함
너의 거기는 작고 나의 여기는 커서 우리들은 헤어지는 중입니다: 김민정 시집,김민정,시,2019,발행 연도,https://www.ksponco.or.kr/lib/book/one/view?book_seq=1031665&isbn=9788932035963&mid=b30201000000,문학과지성사,,포함
모두의 산책: 윤진화 시집,윤진화,시,2019,발행 연도,https://www.ksponco.or.kr/lib/book/one/view?book_seq=1031667&isbn=9788983927835&mid=b30201000000,문학수첩,,포함
오늘의 마음: 김예강 시집,김예강,시,2019,발행 연도,https://www.ksponco.or.kr/lib/book/one/view?book_seq=1031668&isbn=9791158964405&mid=b30201000000,문학의전당,,포함
어디서부터 오는 비인가요: 윤의섭 시집,윤의섭,시,2019,발행 연도,https://www.ksponco.or.kr/lib/book/one/view?book_seq=1031669&isbn=9788937408847&mid=b30201000000,민음사,,포함
누군가 먹고 싶은 오후: 김뱅상 시집,김뱅상,시,2019,발행 연도,https://www.ksponco.or.kr/lib/book/one/view?book_seq=1031671&isbn=9791156061328&mid=b30201000000,작가마을,,포함
장미릉: 오주리 시집,오주리,시,2019,발행 연도,https://www.ksponco.or.kr/lib/book/one/view?book_seq=1031673&isbn=9788961042512&mid=b30201000000,한국문연,,포함
복사꽃 아래로 가는 천년:김왕노 시집,김왕노,시,2019,발행 연도,https://www.ksponco.or.kr/lib/book/one/view?book_seq=1031631&isbn=9788960214415&mid=b30201000000,천년의시작,,포함
오늘의 이야기는 끝이 났어요 내일 이야기는 내일 하기로 해요:길상호 시집,길상호,시,2019,발행 연도,https://www.ksponco.or.kr/lib/book/one/view?book_seq=1031633&isbn=9791189128500&mid=b30201000000,걷는사람,,포함
암마뚜마:김병섭 시집,김병섭,시,2019,발행 연도,https://www.ksponco.or.kr/lib/book/one/view?book_seq=1031635&isbn=9791189898090&mid=b30201000000,b,,포함
"물골, 그 집:최성수 시집",최성수,시,2019,발행 연도,https://www.ksponco.or.kr/lib/book/one/view?book_seq=1031634&isbn=9791189898045&mid=b30201000000,b,,포함
이어도 주막:이성배 시집,이성배,시,2019,발행 연도,https://www.ksponco.or.kr/lib/book/one/view?book_seq=1031637&isbn=9788992219853&mid=b30201000000,애지,,포함
동태:박상화 시집,박상화,시,2019,발행 연도,https://www.ksponco.or.kr/lib/book/one/view?book_seq=1031638&isbn=9791130814490&mid=b30201000000,푸른사상,,포함
비포리 매화:김복근 시조집,김복근,시조,2019,발행 연도,https://www.ksponco.or.kr/lib/book/one/view?book_seq=1031639&isbn=9791189205386&mid=b30201000000,황금알,,포함
고독과 오독에 대한 에필로그:구석본 시집,구석본,시,2019,발행 연도,https://www.ksponco.or.kr/lib/book/one/view?book_seq=1031642&isbn=9791158964344&mid=b30201000000,시인동네,,포함
아무는 밤:김안 시집,김안,시,2019,발행 연도,https://www.ksponco.or.kr/lib/book/one/view?book_seq=1031645&isbn=9788937408793&mid=b30201000000,민음사,,포함
모르는 귀,정진규,시,2017,발행 연도,https://www.ksponco.or.kr/lib/book/one/view?book_seq=1028700&isbn=9791196117405&mid=b30201000000,세상의 모든 시집,,포함
이번 차는 그냥 보내자: 황규관 시집,황규관,시,2019,발행 연도,https://www.ksponco.or.kr/lib/book/one/view?book_seq=1031654&isbn=9788954657969&mid=b30201000000,문학동네,,포함
응강: 이봉환 시집,이봉환,시,2019,발행 연도,https://www.ksponco.or.kr/lib/book/one/view?book_seq=1031656&isbn=9791196396961&mid=b30201000000,반걸음,,포함
육십조각의 비가:이선영 시집,이선영,시,2019,발행 연도,https://www.ksponco.or.kr/lib/book/one/view?book_seq=1030552&isbn=9788937408731&mid=b30201000000,민음사,,포함
강철의 기억:이철산 시집,이철산,시,2019,발행 연도,https://www.ksponco.or.kr/lib/book/one/view?book_seq=1030554&isbn=9788966551118&mid=b30201000000,삶창,,포함
개망초 연대기:김재룡 시집,김재룡,시,2019,발행 연도,https://www.ksponco.or.kr/lib/book/one/view?book_seq=1030555&isbn=9791188710393&mid=b30201000000,달아실,,포함
꽃이라는 말이 있다:신휘 시집,신휘,시,2019,발행 연도,https://www.ksponco.or.kr/lib/book/one/view?book_seq=1030559&isbn=9791188071197&mid=b30201000000,모악,,포함
나무다비:박방희 시집,박방희,시,2019,발행 연도,https://www.ksponco.or.kr/lib/book/one/view?book_seq=1030561&isbn=9791157283194&mid=b30201000000,지혜,,포함
문학시간에 읽은 시:시인교사의 시 수업 읽기,하상만,시,2019,발행 연도,https://www.ksponco.or.kr/lib/book/one/view?book_seq=1030624&isbn=9791196358525&mid=b30201000000,자이,,포함
내일은 희망이 아니다:표성배 시집,표성배,시,2018,발행 연도,https://www.ksponco.or.kr/lib/book/one/view?book_seq=1030564&isbn=9788966551026&mid=b30201000000,삶창,,포함
사랑해요 바보몽땅:강병철 시집,강병철,시,2018,발행 연도,https://www.ksponco.or.kr/lib/book/one/view?book_seq=1030578&isbn=9788966551033&mid=b30201000000,삶창,,포함
소피아 로렌의 시간:기혁 시집,기혁,시,2018,발행 연도,https://www.ksponco.or.kr/lib/book/one/view?book_seq=1030581&isbn=9788932034881&mid=b30201000000,문학과지성사,,포함
수컷의 속성:유승도 시집,유승도,시,2019,발행 연도,https://www.ksponco.or.kr/lib/book/one/view?book_seq=1030582&isbn=9791186111604&mid=b30201000000,시와에세이,,포함
"콩이나 쪼매 심고 놀지머 : 칠곡 할매들, 시를 쓰다",강봉수 외 일백일십팔명,시,2016,발행 연도,https://www.ksponco.or.kr/lib/book/one/view?book_seq=1027177&isbn=9788966550678&mid=b30201000000,삶창,,포함
도보다리가 답이다:김재석 시집,김재석,시,2019,발행 연도,https://www.ksponco.or.kr/lib/book/one/view?book_seq=1030571&isbn=9791188819300&mid=b30201000000,사의재,,포함
등 뒤의 시간:박일환 시집,박일환,시,2019,발행 연도,https://www.ksponco.or.kr/lib/book/one/view?book_seq=1030572&isbn=9791196396930&mid=b30201000000,반걸음,,포함
"로스엔젤레스, 천사의 땅을 거처로 삼았다:정국희 시집",정국희,시,2019,발행 연도,https://www.ksponco.or.kr/lib/book/one/view?book_seq=1030573&isbn=9791162430514&mid=b30201000000,시산맥사,,포함
방바닥이 속삭인다:정은호 시집,정은호,시,2019,발행 연도,https://www.ksponco.or.kr/lib/book/one/view?book_seq=1030574&isbn=9791158964252&mid=b30201000000,문학의전당,,포함
너에게 모든 것을 보여주려고:박소유 시집,박소유,시,2019,발행 연도,https://www.ksponco.or.kr/lib/book/one/view?book_seq=1030565&isbn=9791158964184&mid=b30201000000,시인동네,,포함
업무일지:옥빈 시집,옥빈,시,2019,발행 연도,https://www.ksponco.or.kr/lib/book/one/view?book_seq=1030586&isbn=9788939230361&mid=b30201000000,실천문학사,,포함
우리만 모르게 새가 태어난다최서진 시집,최서진,시,2019,발행 연도,https://www.ksponco.or.kr/lib/book/one/view?book_seq=1030588&isbn=9791187756354&mid=b30201000000,파란,,포함
유리 동물원:양수덕 시집,양수덕,시,2019,발행 연도,https://www.ksponco.or.kr/lib/book/one/view?book_seq=1030589&isbn=9788960214040&mid=b30201000000,천년의시작,,포함
이제 와서 사랑을 말하는 건 미친 짓이야:오광수 시집,오광수,시,2019,발행 연도,https://www.ksponco.or.kr/lib/book/one/view?book_seq=1030590&isbn=9788992219815&mid=b30201000000,애지,,포함
자칭 씨의 오지 입문기:조미희 시집,조미희,시,2019,발행 연도,https://www.ksponco.or.kr/lib/book/one/view?book_seq=1030591&isbn=9788983927477&mid=b30201000000,문학수첩,,포함
파헤치기 쉬운 삶:정다운 시집,정다운,시,2019,발행 연도,https://www.ksponco.or.kr/lib/book/one/view?book_seq=1030599&isbn=9791187756330&mid=b30201000000,파란,,포함
텔레파시폰의 시간:박재연 시집,박재연,시,2018,발행 연도,https://www.ksponco.or.kr/lib/book/one/view?book_seq=1030597&isbn=9788961042284&mid=b30201000000,한국문연,,포함
카뮈에게:이명수 시집,이명수,시,2019,발행 연도,https://www.ksponco.or.kr/lib/book/one/view?book_seq=1030595&isbn=9788993541564&mid=b30201000000,시로여는세상,,포함
함박눈이라는 슬픔:이성목 시집,이성목,시,2018,발행 연도,https://www.ksponco.or.kr/lib/book/one/view?book_seq=1030601&isbn=9791188710256&mid=b30201000000,달아실,,포함
어쩌다 침착하게 예쁜 한국어 : 고운기 시집,고운기,시,2017,발행 연도,https://www.ksponco.or.kr/lib/book/one/view?book_seq=1027986&isbn=9788983926531&mid=b30201000000,문학수첩,,포함
흰 밤에 꿈꾸다:정희성 시집,정희성,시,2019,발행 연도,https://www.ksponco.or.kr/lib/book/one/view?book_seq=1030602&isbn=9788936424312&mid=b30201000000,창비,,포함
고요를 시청하다:고재종 시집,고재종,시,2019,발행 연도,https://www.ksponco.or.kr/lib/book/one/view?book_seq=1031647&isbn=9791186530764&mid=b30201000000,문학들,,포함
누군가 말을 걸었다:우유진 시집,우유진,시,2018,발행 연도,https://www.ksponco.or.kr/lib/book/one/view?book_seq=1030567&isbn=9791158963989&mid=b30201000000,시인동네,,포함
별들은 강으로 갔다:이향아 시집,이향아,시,2019,발행 연도,https://www.ksponco.or.kr/lib/book/one/view?book_seq=1030576&isbn=9791187451624&mid=b30201000000,시와시학,,포함
우리가 견딘 모든 것들이 사랑이라면: 고주희 시집,고주희,시,2019,발행 연도,https://www.ksponco.or.kr/lib/book/one/view?book_seq=1031659&isbn=9791187756552&mid=b30201000000,파란,,포함
편지에는 그냥 잘 지낸다고 쓴다: 윤제림 시집,윤제림,시,2019,발행 연도,https://www.ksponco.or.kr/lib/book/one/view?book_seq=1031655&isbn=9788954658102&mid=b30201000000,문학동네,,포함
편지와 물고기 : 김경수 시집,김경수,시,2018,발행 연도,https://www.ksponco.or.kr/lib/book/one/view?book_seq=1031378&isbn=9788960213890&mid=b30201000000,천년의시작,,포함
유쾌한 회전목마의 서랍 : 박성현 시집,박성현,시,2018,발행 연도,https://www.ksponco.or.kr/lib/book/one/view?book_seq=1029563&isbn=9788927809319&mid=b30201000000,중앙일보플러스,,포함
유다복음 : 김은상 시집,김은상,시,2017,발행 연도,https://www.ksponco.or.kr/lib/book/one/view?book_seq=1027980&isbn=9788961041898&mid=b30201000000,한국문연,,포함
누군가 간절히 나를 부를 때 : 임동확 시집,임동확,시,2017,발행 연도,https://www.ksponco.or.kr/lib/book/one/view?book_seq=1027985&isbn=9788983926623&mid=b30201000000,문학수첩,,포함
우리가 너무 가엾다: 권혁소 시집,권혁소,시,2019,발행 연도,https://www.ksponco.or.kr/lib/book/one/view?book_seq=1031657&isbn=9788966551156&mid=b30201000000,삶창,,포함
내일이 있어 우리는 슬프다 : 김광섭 시집,김광섭,시,2018,발행 연도,https://www.ksponco.or.kr/lib/book/one/view?book_seq=1031342&isbn=9791187756217&mid=b30201000000,함께하는파란,,포함
달의 눈썹:제인자 시집,제인자,시,2018,발행 연도,https://www.ksponco.or.kr/lib/book/one/view?book_seq=1030570&isbn=9791187413967&mid=b30201000000,북인,,포함
"댄스, 푸른푸른 : 김선우 시집",김선우,시,2018,발행 연도,https://www.ksponco.or.kr/lib/book/one/view?book_seq=1029542&isbn=9791186367995&mid=b30201000000,창비교육,,포함
새벽에 생각하다 : 천양희 시집,천양희,시,2017,발행 연도,https://www.ksponco.or.kr/lib/book/one/view?book_seq=1027988&isbn=9788932029962&mid=b30201000000,문학과지성사,,포함
"아버지, 액자는 따스한가요:박대성 시집",박대성,시,2018,발행 연도,https://www.ksponco.or.kr/lib/book/one/view?book_seq=1030584&isbn=9791189205225&mid=b30201000000,황금알,,포함
어떤 사랑도 기록하지 말기를:이영주 시집,이영주,시,2019,발행 연도,https://www.ksponco.or.kr/lib/book/one/view?book_seq=1031640&isbn=9788932035765&mid=b30201000000,문학과지성사,,포함
천 마리의 양들이 구름으로 몰려온다면:박춘희 시집,박춘희,시,2019,발행 연도,https://www.ksponco.or.kr/lib/book/one/view?book_seq=1030594&isbn=9791187756422&mid=b30201000000,파란,,포함
직진 버스 타는 구름:이승일 사진 시집,이승일,시,2019,발행 연도,https://www.ksponco.or.kr/lib/book/one/view?book_seq=1030593&isbn=9788994474731&mid=b30201000000,한그루,,포함
캣콜링:이소호 시집,이소호,시,2018,발행 연도,https://www.ksponco.or.kr/lib/book/one/view?book_seq=1030596&isbn=9788937408748&mid=b30201000000,민음사,,중복 제외 (앞 순위 출처에 있음)
빨강 뒤에 오는 파랑: 손창기 시집,손창기,시,2019,발행 연도,https://www.ksponco.or.kr/lib/book/one/view?book_seq=1031663&isbn=9788992219877&mid=b30201000000,애지,,포함
검은 사슴은 이렇게 말했을 거다:채호기 시집,채호기,시,2018,발행 연도,https://www.ksponco.or.kr/lib/book/one/view?book_seq=1030556&isbn=9788954653510&mid=b30201000000,문학동네,,포함
그리움을 곁에 두고:박춘자 시집,박춘자,시,2019,발행 연도,https://www.ksponco.or.kr/lib/book/one/view?book_seq=1030558&isbn=9791186955765&mid=b30201000000,시와표현,,포함
나의 끝 거창:신용목 시집,신용목,시,2019,발행 연도,https://www.ksponco.or.kr/lib/book/one/view?book_seq=1030562&isbn=9788972759652&mid=b30201000000,현대문학,,포함
내 바다가 되어줄 수 있나요:민왕기 시집,민왕기,시,2019,발행 연도,https://www.ksponco.or.kr/lib/book/one/view?book_seq=1030563&isbn=9791188710324&mid=b30201000000,달아실,,포함
엄마 반가사유상:손종수 시집,손종수,시,2019,발행 연도,https://www.ksponco.or.kr/lib/book/one/view?book_seq=1031636&isbn=9791187413554&mid=b30201000000,북인,,포함
사랑과 교육:송승언 시집,송승언,시,2019,발행 연도,https://www.ksponco.or.kr/lib/book/one/view?book_seq=1031644&isbn=9788937408809&mid=b30201000000,민음사,,포함
여수 : 서효인 시집,서효인,시,2017,발행 연도,https://www.ksponco.or.kr/lib/book/one/view?book_seq=1027977&isbn=9788932029825&mid=b30201000000,문학과지성사,,포함
생활:이은봉 시집,이은봉,시,2019,발행 연도,https://www.ksponco.or.kr/lib/book/one/view?book_seq=1031630&isbn=9788939230392&mid=b30201000000,실천문학,,포함
아득한 사랑의 거리였을까:박남희 시집,박남희,시,2019,발행 연도,https://www.ksponco.or.kr/lib/book/one/view?book_seq=1031632&isbn=9791189128470&mid=b30201000000,걷는사람,,포함
한때 구름이었다:방수진 시집,방수진,시,2019,발행 연도,https://www.ksponco.or.kr/lib/book/one/view?book_seq=1031641&isbn=9788983927538&mid=b30201000000,문학수첩,,포함
"판타지아, 발해:박해성 시집",박해성,소설,2018,발행 연도,https://www.ksponco.or.kr/lib/book/one/view?book_seq=1030600&isbn=9791157283088&mid=b30201000000,지혜,,포함
끝없는 사람 : 이영광 시집,이영광,시,2018,발행 연도,https://www.ksponco.or.kr/lib/book/one/view?book_seq=1031339&isbn=9788932031170&mid=b30201000000,문학과지성사,,포함
해를 오래 바라보았다: 이영광 신작 시집,이영광,시,2019,발행 연도,https://www.ksponco.or.kr/lib/book/one/view?book_seq=1031672&isbn=9791156624202&mid=b30201000000,아시아,,중복 제외 (앞 순위 출처에 있음)
누군가의 시 한 편 : 시는 오래도록 펄럭이는 깃발이다,최승호,시,2018,발행 연도,https://www.ksponco.or.kr/lib/book/one/view?book_seq=1029540&isbn=9791188710119&mid=b30201000000,달아실,,포함
금빛 샌드위치 : 설태수 시집,설태수,시,2018,발행 연도,https://www.ksponco.or.kr/lib/book/one/view?book_seq=1031337&isbn=9791187081111&mid=b30201000000,예술가,,포함
꽃들의 이별법 : 문정영 시집,문정영,시,2018,발행 연도,https://www.ksponco.or.kr/lib/book/one/view?book_seq=1031338&isbn=9791162430279&mid=b30201000000,시산맥사,,포함
북국독립서신:문창길 시집,문창길,시,2019,발행 연도,https://www.ksponco.or.kr/lib/book/one/view?book_seq=1030577&isbn=9791196718701&mid=b30201000000,들꽃세상,,포함
푸른 사자 와니니 : 이현 장편동화,이현,동화,2019,발행 연도,https://www.ksponco.or.kr/lib/book/one/view?book_seq=1030357&isbn=9788936442804&mid=b30201000000,창비,,포함
내가 모조리 차지해야지!,한규호,동화,2012,발행 연도,https://www.ksponco.or.kr/lib/book/one/view?book_seq=1023773&isbn=9788998172046&mid=b30201000000,받침없는동화,,포함
마녀의 빗자루가 부러졌어요,한규호,동화,2013,발행 연도,https://www.ksponco.or.kr/lib/book/one/view?book_seq=1023763&isbn=9788998172077&mid=b30201000000,받침없는동화,,포함
도깨비의 귀가 아파요,한규호,동화,2012,발행 연도,https://www.ksponco.or.kr/lib/book/one/view?book_seq=1023770&isbn=9788998172015&mid=b30201000000,받침없는동화,,포함
나도 사자가 무서워,한규호,동화,2012,발행 연도,https://www.ksponco.or.kr/lib/book/one/view?book_seq=1023771&isbn=9788998172022&mid=b30201000000,받침없는동화,,포함
옹기장수의 옹기가 와장창,한규호,동화,2013,발행 연도,https://www.ksponco.or.kr/lib/book/one/view?book_seq=1023764&isbn=9788998172084&mid=b30201000000,받침없는동화,,포함
이가 아파서 치과에 가요,한규호,동화,2014,발행 연도,https://www.ksponco.or.kr/lib/book/one/view?book_seq=1023774&isbn=9788998172053&mid=b30201000000,받침없는동화,,포함
토끼도 채소예요,한규호,동화,2012,발행 연도,https://www.ksponco.or.kr/lib/book/one/view?book_seq=1023772&isbn=9788998172039&mid=b30201000000,받침없는동화,,포함
감이와 담이의 보름밤 모험,한규호,동화,2013,발행 연도,https://www.ksponco.or.kr/lib/book/one/view?book_seq=1023765&isbn=9788998172091&mid=b30201000000,받침없는동화,,포함
마법의 뒤집개:받침편,한규호,동화,2013,발행 연도,https://www.ksponco.or.kr/lib/book/one/view?book_seq=1023768&isbn=9788998172121&mid=b30201000000,받침없는동화,,포함
신기한 돈궤,한규호,동화,2013,발행 연도,https://www.ksponco.or.kr/lib/book/one/view?book_seq=1023767&isbn=9788998172114&mid=b30201000000,받침없는동화,,포함
내 딸을 돌려다오,한규호,동화,2013,발행 연도,https://www.ksponco.or.kr/lib/book/one/view?book_seq=1023766&isbn=9788998172107&mid=b30201000000,받침없는동화,,포함
척척박사와 꼬마 늑대 삐딱이:ㄱ받침편,한규호,동화,2013,발행 연도,https://www.ksponco.or.kr/lib/book/one/view?book_seq=1023769&isbn=9788998172138&mid=b30201000000,받침없는동화,,포함
내 마음을 읽어주는 그림책,김영아,동화,2018,발행 연도,https://www.ksponco.or.kr/lib/book/one/view?book_seq=1028264&isbn=9791187332152&mid=b30201000000,사우,,포함
시 읽는 밤,하상욱,시,2015,발행 연도,https://www.ksponco.or.kr/lib/book/one/view?book_seq=1018069&isbn=9788959139668&mid=b30201000000,위즈덤하우스,,포함
세계전래동화 나무껍질의 소원,기탄출판 김상희,동화,2006,발행 연도,https://www.ksponco.or.kr/lib/book/one/view?book_seq=1023384&isbn=9788979590241&mid=b30201000000,기탄출판,,포함
테스터 : 이희영 장편소설,이희영,장편소설,2022,발행 연도,https://www.ksponco.or.kr/lib/book/one/view?book_seq=1035285&isbn=9791190090766&mid=b30201000000,허블,,포함
돈의 시나리오,"김종봉, 제갈현열",희곡,2021,발행 연도,https://www.ksponco.or.kr/lib/book/one/view?book_seq=1032698&isbn=9791130634432&mid=b30201000000,다산북스,,포함
메소포타미아와 히브리 신화,조철수,소설,2000,발행 연도,https://www.ksponco.or.kr/lib/book/one/view?book_seq=1028790&isbn=898767089&mid=b30201000000,길,,포함
지는 것들의 이름 불러보면 : 박주용 시집,박주용,시,2020,발행 연도,https://www.ksponco.or.kr/lib/book/one/view?book_seq=1032325&isbn=9791157283989&mid=b30201000000,지혜,,포함
고요한 우연 : 김수빈 장편소설,김수빈,장편소설,2023,발행 연도,https://www.ksponco.or.kr/lib/book/one/view?book_seq=1035282&isbn=9788954691154&mid=b30201000000,문학동네,,포함
오늘의 SF.1,정소연 외,소설,2019,발행 연도,https://www.ksponco.or.kr/lib/book/one/view?book_seq=1032197&isbn=9788950984526&mid=b30201000000,아르테,,포함
번지다:이용익 두 번째 수필집,이용익,수필,2021,발행 연도,https://www.ksponco.or.kr/lib/book/one/view?book_seq=1034232&isbn=9788958244431&mid=b30201000000,정은출판,,포함
착한 여자의 사랑 : 앨리스 먼로 소설,"먼로, 앨리스",소설,2018,발행 연도,https://www.ksponco.or.kr/lib/book/one/view?book_seq=1029284&isbn=9788954653619&mid=b30201000000,문학동네,,포함
국밥論,박기영,수필,2023,발행 연도,https://www.ksponco.or.kr/lib/book/one/view?book_seq=1036672&isbn=9791191914511&mid=b30201000000,詩와에세이,,포함
모든 경계에는 꽃이 핀다,함민복,평론,1996,발행 연도,https://www.ksponco.or.kr/lib/book/one/view?book_seq=1029132&isbn=9788936421564&mid=b30201000000,창작과비평사,,포함
시계탕 : 권정민 그림책,권정민,동화,2025,발행 연도,https://www.ksponco.or.kr/lib/book/one/view?book_seq=1037670&isbn=9788901293905&mid=b30201000000,웅진주니어,,포함
중국의 민간전설 양축 이야기,이주노,소설,2017,발행 연도,https://www.ksponco.or.kr/lib/book/one/view?book_seq=1029756&isbn=9788968493980&mid=b30201000000,전남대학교출판부,,포함
"옛이야기 들썩, 우리 음악 얼쑤",이효분,소설,2013,발행 연도,https://www.ksponco.or.kr/lib/book/one/view?book_seq=1022725&isbn=9788997715138&mid=b30201000000,웃는돌고래,,중복 제외 (앞 순위 출처에 있음)
귀족 시대 : 로맨스 판타지에는 없는 유럽의 실제 역사,임승휘,소설,2024,발행 연도,https://www.ksponco.or.kr/lib/book/one/view?book_seq=1036662&isbn=9791142302084 &mid=b30201000000,타인의사유,,포함
그림책으로 읽는 아이들 마음,서천석,동화,2015,발행 연도,https://www.ksponco.or.kr/lib/book/one/view?book_seq=1018002&isbn=9788936472672&mid=b30201000000,창비,,포함
살인자의 기억법:김영하 장편소설,김영하,장편소설,2013,발행 연도,https://www.ksponco.or.kr/lib/book/one/view?book_seq=1026747&isbn=9788954622035&mid=b30201000000,문학동네,,중복 제외 (앞 순위 출처에 있음)
모방범:미야베 미유키 장편소설 1,미야베 미유키,장편소설,2012,발행 연도,https://www.ksponco.or.kr/lib/book/one/view?book_seq=1027400&isbn=9788954617710&mid=b30201000000,문학동네,,포함
수박수박수 : 이상교 동시집,이상교,노래,2021,발행 연도,https://www.ksponco.or.kr/lib/book/one/view?book_seq=1034678&isbn=9788964964507&mid=b30201000000,토토북,,포함
중동신화여행,김헌선,소설,2018,발행 연도,https://www.ksponco.or.kr/lib/book/one/view?book_seq=1029440&isbn=9791156623571&mid=b30201000000,아시아,,포함
매스커레이드 게임 : 히가시노 게이고 장편소설,히가시노 게이고,장편소설,2023,발행 연도,https://www.ksponco.or.kr/lib/book/one/view?book_seq=1035731&isbn=9791167901996&mid=b30201000000,H(현대문학),,포함
어젯밤 그 소설 읽고 좋아졌어,김혜원,소설,2018,발행 연도,https://www.ksponco.or.kr/lib/book/one/view?book_seq=1028359&isbn=9791186827277&mid=b30201000000,이다북스,,포함
"청소년소설, 어떻게 읽을 것인가",선주원,소설,2019,발행 연도,https://www.ksponco.or.kr/lib/book/one/view?book_seq=1030824&isbn=9791158484149&mid=b30201000000,박이정출판사,,포함
해일 : 제7회 한국서정시문학상 수상시집,김추인,시,2021,발행 연도,https://www.ksponco.or.kr/lib/book/one/view?book_seq=1034223&isbn=9788961043021&mid=b30201000000,한국문연,,포함
영의 기원 : 천희란 소설집,천희란,단편소설,2018,발행 연도,https://www.ksponco.or.kr/lib/book/one/view?book_seq=1029561&isbn=9788972758822&mid=b30201000000,현대문학,,포함
너 없이 걸었다:에세이,허수경,수필,2015,발행 연도,https://www.ksponco.or.kr/lib/book/one/view?book_seq=1021302&isbn=9788954635455&mid=b30201000000,난다:문학동네,,중복 제외 (앞 순위 출처에 있음)
황금열광:하은정 장편소설,하은정,장편소설,2022,발행 연도,https://www.ksponco.or.kr/lib/book/one/view?book_seq=1034422&isbn=9788949137018&mid=b30201000000,비룡소,,포함
"태백산맥:조정래 대하소설.1,제1부 한의 모닥불",조정래,소설,2014,발행 연도,https://www.ksponco.or.kr/lib/book/one/view?book_seq=1021591&isbn=9788973377947&mid=b30201000000,해냄출판사,,포함
괭이부리말 아이들,김중미,평론,2001,발행 연도,https://www.ksponco.or.kr/lib/book/one/view?book_seq=1014955&isbn=893643344X&mid=b30201000000,창작과비평사,,포함
철두철미한 은지: 장성자 동화집,장성자,동화,2021,발행 연도,https://www.ksponco.or.kr/lib/book/one/view?book_seq=1033161&isbn=9791197340802&mid=b30201000000,마루비,,포함
독립운동가의 마음을 하나로 모은 김동삼,김미애,노래,2024,발행 연도,https://www.ksponco.or.kr/lib/book/one/view?book_seq=1036653&isbn=9791198536242&mid=b30201000000,(재)안동시 경상북도호국보훈재단,,포함
하마터면 열심히 살 뻔했다 : 야매 득도 에세이,하완,수필,2018,발행 연도,https://www.ksponco.or.kr/lib/book/one/view?book_seq=1029090&isbn=9788901223032&mid=b30201000000,웅진지식하우스,,중복 제외 (앞 순위 출처에 있음)
고래가 산다 : 김수미 희곡집 5,김수미,희곡,2022,발행 연도,https://www.ksponco.or.kr/lib/book/one/view?book_seq=1035703&isbn=9788971150795&mid=b30201000000,평민사,,포함
눈부신 안부 : 백수린 장편소설,백수린,장편소설,2023,발행 연도,https://www.ksponco.or.kr/lib/book/one/view?book_seq=1035550&isbn=9788954699372&mid=b30201000000,문학동네,,포함
"이십세기 한국소설-43.최성각, 구효서, 이순원, 심상대, 윤대녕",이십세기 한국소설,소설,2010,발행 연도,https://www.ksponco.or.kr/lib/book/one/view?book_seq=1022155&isbn=9788936462536&mid=b30201000000,창비,,포함
체공녀 강주룡 : 박서련 장편소설,박서련,장편소설,2018,발행 연도,https://www.ksponco.or.kr/lib/book/one/view?book_seq=1030308&isbn=9791160401745&mid=b30201000000,한겨레,,중복 제외 (앞 순위 출처에 있음)
미라클 크리크 : 앤지 김 장편소설,앤지 김,장편소설,2021,발행 연도,https://www.ksponco.or.kr/lib/book/one/view?book_seq=1034079&isbn=9788954684125&mid=b30201000000,문학동네,,포함
김수영의 연인:김현경 에세이,김현경,수필,2013,발행 연도,https://www.ksponco.or.kr/lib/book/one/view?book_seq=1026163&isbn=9788998949013&mid=b30201000000,책읽는오두막,,포함
백범 김구,신경림,평론,2002,발행 연도,https://www.ksponco.or.kr/lib/book/one/view?book_seq=1014970&isbn=8936440527&mid=b30201000000,창작과 비평사,,포함
탐정의 탄생 : 한국 근대 추리소설의 기원과 역사,박진영,소설,2018,발행 연도,https://www.ksponco.or.kr/lib/book/one/view?book_seq=1031376&isbn=9791159052767&mid=b30201000000,소명출판,,포함
팥빙수의 전설,이지은,소설,2019,발행 연도,https://www.ksponco.or.kr/lib/book/one/view?book_seq=1030307&isbn=9788901232232&mid=b30201000000,웅진주니어,,포함
뭐든 해 봐요 : 판사 김동현 에세이,김동현,수필,2022,발행 연도,https://www.ksponco.or.kr/lib/book/one/view?book_seq=1034435&isbn=9791130681146&mid=b30201000000,콘택트,,포함
직업으로서의 소설가,무라카미 하루키,소설,2016,발행 연도,https://www.ksponco.or.kr/lib/book/one/view?book_seq=1024007&isbn=9788972757719&mid=b30201000000,현대문학,,포함
아버지의 과수원 : 류해춘 시집,류해춘,시,2024,발행 연도,https://www.ksponco.or.kr/lib/book/one/view?book_seq=1038060&isbn=9791161152431&mid=b30201000000,문예바다,,포함
모두의 연수 : 김려령 장편소설,김려령,장편소설,2023,발행 연도,https://www.ksponco.or.kr/lib/book/one/view?book_seq=1035727&isbn=9788949123523&mid=b30201000000,비룡소,,포함
탈식민주의 성서비평,"수기르타라자, R.S.",평론,2019,발행 연도,https://www.ksponco.or.kr/lib/book/one/view?book_seq=1031964&isbn=9788941919179&mid=b30201000000,분도,,포함
명시:안재성 장편소설,안재성,장편소설,2019,발행 연도,https://www.ksponco.or.kr/lib/book/one/view?book_seq=1032182&isbn=9791189280796&mid=b30201000000,미디어창비,,포함
"담이, 화이 : 배지영 장편소설",배지영,장편소설,2025,발행 연도,https://www.ksponco.or.kr/lib/book/one/view?book_seq=1037715&isbn=9788937473937&mid=b30201000000,민음사,,포함
인기 없는 에세이,"러셀, 버틀런드",수필,2013,발행 연도,https://www.ksponco.or.kr/lib/book/one/view?book_seq=1020617&isbn=9788997680078&mid=b30201000000,함께읽는책,,포함
남자답게 나이 드는 법,존 시 로빈슨,시,2014,발행 연도,https://www.ksponco.or.kr/lib/book/one/view?book_seq=1017109&isbn=9791195270804&mid=b30201000000,아날로그,,포함
항상 조금 추운 극장 : 김승일 시집,김승일,시,2022,발행 연도,https://www.ksponco.or.kr/lib/book/one/view?book_seq=1035661&isbn=9791167901392&mid=b30201000000,H(현대문학),,포함
삼국지 구비동화 2,이상배,동화,2002,발행 연도,https://www.ksponco.or.kr/lib/book/one/view?book_seq=1014944&isbn=8970574468&mid=b30201000000,파랑새어린이,,포함
세계전래동화 뱀 껍질을 쓴 신랑,기탄출판 조평규,동화,2006,발행 연도,https://www.ksponco.or.kr/lib/book/one/view?book_seq=1023407&isbn=9788979590234&mid=b30201000000,기탄출판,,포함
고산자:박범신 장편소설,박범신,장편소설,2009,발행 연도,https://www.ksponco.or.kr/lib/book/one/view?book_seq=1022243&isbn=9788954608275&mid=b30201000000,문학동네,,중복 제외 (앞 순위 출처에 있음)
바게트 소년병 : 오한기 소설,오한기,소설,2022,발행 연도,https://www.ksponco.or.kr/lib/book/one/view?book_seq=1035587&isbn=9788954699259&mid=b30201000000,문학동네,,포함
케네디가의 신화,로렌스 리머,소설,1995,발행 연도,https://www.ksponco.or.kr/lib/book/one/view?book_seq=1014067&isbn=8974470101&mid=b30201000000,창작시대사,,포함
괭이부리말 아이들 1,김중미,평론,2002,발행 연도,https://www.ksponco.or.kr/lib/book/one/view?book_seq=1014963&isbn=8936441833&mid=b30201000000,창작과비평사,,포함
그리스 로마 신화 9 : 가장 아름다운 여신,"불핀치, 토머스",소설,2018,발행 연도,https://www.ksponco.or.kr/lib/book/one/view?book_seq=1029389&isbn=9788957363096&mid=b30201000000,가나,,포함
문득 사람이 그리운 날엔 시를 읽는다.2,박광수,시,2015,발행 연도,https://www.ksponco.or.kr/lib/book/one/view?book_seq=1021278&isbn=9788901205359&mid=b30201000000,걷는나무,,포함
"이윤기의 그리스 로마 신화.4,헤라클레스의 열두가지 과업",이윤기,소설,2007,발행 연도,https://www.ksponco.or.kr/lib/book/one/view?book_seq=1021608&isbn=9788901070858&mid=b30201000000,웅진지식하우스,,포함
밤의 양들 2 : 이정명 장편소설,이정명,장편소설,2019,발행 연도,https://www.ksponco.or.kr/lib/book/one/view?book_seq=1030343&isbn=9791189982478&mid=b30201000000,은행나무,,포함
프랑스 현대 소설의 탄생:발자크에서 카뮈까지,김화영,소설,2012,발행 연도,https://www.ksponco.or.kr/lib/book/one/view?book_seq=1021451&isbn=9788971994849&mid=b30201000000,돌베개,,포함
해리 1 : 공지영 장편소설,공지영,장편소설,2018,발행 연도,https://www.ksponco.or.kr/lib/book/one/view?book_seq=1028840&isbn=9788965746614&mid=b30201000000,해냄,,포함
비눗방울 퐁 : 이유리 소설집,이유리,단편소설,2024,발행 연도,https://www.ksponco.or.kr/lib/book/one/view?book_seq=1037725&isbn=9788937428234&mid=b30201000000,민음사,,포함
코브라 : 이정환 시조집,이정환,시조,2020,발행 연도,https://www.ksponco.or.kr/lib/book/one/view?book_seq=1032327&isbn=9791190566094&mid=b30201000000,작가,,포함
마음 뽑기 : 김경미 동화,김경미,동화,2022,발행 연도,https://www.ksponco.or.kr/lib/book/one/view?book_seq=1035270&isbn=9791158363789&mid=b30201000000,책읽는 곰,,포함
가정 통신문 시 쓰기 소동,송미경,시,2023,발행 연도,https://www.ksponco.or.kr/lib/book/one/view?book_seq=1036961&isbn=9791192655314&mid=b30201000000,위즈덤하우스,,포함
우리는 약속도 없이 사랑을 하고:정현우 에세이,정현우,수필,2021,발행 연도,https://www.ksponco.or.kr/lib/book/one/view?book_seq=1034263&isbn=9788901254296&mid=b30201000000,웅진지식하우스,,포함
우리는 우리의 최선을:강석희 소설집,강석희,단편소설,2021,발행 연도,https://www.ksponco.or.kr/lib/book/one/view?book_seq=1034248&isbn=9791165701000&mid=b30201000000,창비교육,,포함
어둠을 걷는 아이들 : 크리스티나 순토르밧 장편동화,"순토르밧, 크리스티나",동화,2022,발행 연도,https://www.ksponco.or.kr/lib/book/one/view?book_seq=1035441&isbn=9791158363512&mid=b30201000000,책읽는곰,,포함
붉은 무늬 상자 : 김선영 장편소설,김선영,장편소설,2022,발행 연도,https://www.ksponco.or.kr/lib/book/one/view?book_seq=1035021&isbn=9791167030511&mid=b30201000000,특별한서재,,포함
백 투 더 퓨처1,조지 가이프,동화,1992,발행 연도,https://www.ksponco.or.kr/lib/book/one/view?book_seq=1011869&isbn=8973720104&mid=b30201000000,동화문화사,,포함
한강:조정래 대하소설.6,조정래,소설,2011,발행 연도,https://www.ksponco.or.kr/lib/book/one/view?book_seq=1021672&isbn=9788973378364&mid=b30201000000,해냄,,포함
언제 들어도 좋은 말:이석원 이야기 산문집,이석원,수필,2015,발행 연도,https://www.ksponco.or.kr/lib/book/one/view?book_seq=1021284&isbn=9788994040738&mid=b30201000000,그책,,포함
자유로울 것:임경선 에세이,임경선,수필,2017,발행 연도,https://www.ksponco.or.kr/lib/book/one/view?book_seq=1026147&isbn=9788959134717&mid=b30201000000,예담,,포함
한때 소중했던 것들:이기주 산문집,이기주,수필,2018,발행 연도,https://www.ksponco.or.kr/lib/book/one/view?book_seq=1028525&isbn=9791158160807&mid=b30201000000,달,,중복 제외 (앞 순위 출처에 있음)
아폴론 저축은행 : 라이프 앤드 데스 단편집,차무진,단편소설,2022,발행 연도,https://www.ksponco.or.kr/lib/book/one/view?book_seq=1035589&isbn=9791190749459&mid=b30201000000,요다,,포함
동물 학교 : 정제광 장편동화,정제광,동화,2026,발행 연도,https://www.ksponco.or.kr/lib/book/one/view?book_seq=1038037&isbn=9791192370965&mid=b30201000000,별숲,,포함
청소년이 꼭 읽어야 할 한국 세계 단편소설 26,김동인,단편소설,2004,발행 연도,https://www.ksponco.or.kr/lib/book/one/view?book_seq=1015559&isbn=8973821784&mid=b30201000000,인화,,포함
기록자들 : 임성용 소설집,임성용,단편소설,2021,발행 연도,https://www.ksponco.or.kr/lib/book/one/view?book_seq=1032886&isbn=9791191262117&mid=b30201000000,걷는사람,,포함
귀머거리너구리와백석동화나라,백석,동화,2009,발행 연도,https://www.ksponco.or.kr/lib/book/one/view?book_seq=1015683&isbn=9788901059495&mid=b30201000000,웅진씽크빅,,중복 제외 (앞 순위 출처에 있음)
크리스천의 그림책 공부,박제민,동화,2024,발행 연도,https://www.ksponco.or.kr/lib/book/one/view?book_seq=1036875&isbn=9791198112538&mid=b30201000000,생애,,포함
"이십세기 한국소설-48.신경숙, 은희경, 전경린 외",이십세기 한국소설,소설,2011,발행 연도,https://www.ksponco.or.kr/lib/book/one/view?book_seq=1022160&isbn=9788936462581&mid=b30201000000,창비,,포함
달밤에 : 이혜리 그림책,이혜리,동화,2022,발행 연도,https://www.ksponco.or.kr/lib/book/one/view?book_seq=1034110&isbn=9788943314392&mid=b30201000000,보림,,포함
"제3인류:베르나르 베르베르 장편소설., 1","베르베르, 베르나르",장편소설,2013,발행 연도,https://www.ksponco.or.kr/lib/book/one/view?book_seq=1027390&isbn=9788932916378&mid=b30201000000,열린책들,,포함
꽁꽁꽁 캠핑 : 윤정주 그림책,윤정주,동화,2023,발행 연도,https://www.ksponco.or.kr/lib/book/one/view?book_seq=1035751&isbn=9791158364120&mid=b30201000000,책읽는곰,,포함
남매의 탄생 : 안세화 장편소설,안세화,장편소설,2021,발행 연도,https://www.ksponco.or.kr/lib/book/one/view?book_seq=1034099&isbn=9788949137001&mid=b30201000000,비룡소,,포함
그램그램 영문법 원정대5 전치사,장영준,평론,2012,발행 연도,https://www.ksponco.or.kr/lib/book/one/view?book_seq=1024286&isbn=9788956026268&mid=b30201000000,사회평론,,포함
고독사 워크숍 : 박지영 장편소설,박지영,장편소설,2022,발행 연도,https://www.ksponco.or.kr/lib/book/one/view?book_seq=1034316&isbn=9788937473364&mid=b30201000000,민음사,,포함
그리스 로마 신화 13 : 슬픈 운명,"불핀치, 토머스",소설,2018,발행 연도,https://www.ksponco.or.kr/lib/book/one/view?book_seq=1029393&isbn=9788957363133&mid=b30201000000,가나,,포함
그리스 로마 신화 3 : 신과 요정과 인간,"불핀치, 토머스",소설,2018,발행 연도,https://www.ksponco.or.kr/lib/book/one/view?book_seq=1029383&isbn=9788957363034&mid=b30201000000,가나,,포함
그리스 로마 신화 4 : 페르세우스와 메두사,"불핀치, 토머스",소설,2018,발행 연도,https://www.ksponco.or.kr/lib/book/one/view?book_seq=1029384&isbn=9788957363041&mid=b30201000000,가나,,포함
쪽배:조성래 시집,조성래,시,2021,발행 연도,https://www.ksponco.or.kr/lib/book/one/view?book_seq=1033130&isbn=9788965457251&mid=b30201000000,산지니,,포함
우리가 인생이라 부르는 것들 [큰글자책] : 자기 삶의 언어를 찾는 열네 번의 시 강의,정재찬,시,2020,발행 연도,https://www.ksponco.or.kr/lib/book/one/view?book_seq=1031900&isbn=9791189995959&mid=b30201000000,인플루엔셜,,포함
우유는 안 마셔 : 노인경 그림책,노인경,동화,2022,발행 연도,https://www.ksponco.or.kr/lib/book/one/view?book_seq=1035230&isbn=9788954689335&mid=b30201000000,문학동네,,포함
두고 온 여름 : 성해나 소설,성해나,소설,2023,발행 연도,https://www.ksponco.or.kr/lib/book/one/view?book_seq=1035547&isbn=9788936439002&mid=b30201000000,창비,,포함
그리스 로마 신화 11 : 운명의 대결,"불핀치, 토머스",소설,2018,발행 연도,https://www.ksponco.or.kr/lib/book/one/view?book_seq=1029391&isbn=9788957363119&mid=b30201000000,가나,,포함
한국 희곡선. 1,송영,희곡,2014,발행 연도,https://www.ksponco.or.kr/lib/book/one/view?book_seq=1027839&isbn=9788937463174&mid=b30201000000,민음사,,포함
이 격렬한 유한 속에서 : 박용하 시집,박용하,시,2022,발행 연도,https://www.ksponco.or.kr/lib/book/one/view?book_seq=1034675&isbn=9791191668353&mid=b30201000000,달아실,,포함
오키나와 스파이 : 김숨 장편소설,김숨,장편소설,2024,발행 연도,https://www.ksponco.or.kr/lib/book/one/view?book_seq=1037704&isbn=9788997066940&mid=b30201000000,모요사,,포함
비에도 지지 않고,미야자와 겐지,동화,2015,발행 연도,https://www.ksponco.or.kr/lib/book/one/view?book_seq=1024479&isbn=9791186825006&mid=b30201000000,그림책공작소,,중복 제외 (앞 순위 출처에 있음)
내 이름을 자꾸 써 보게 된다,각산마을 시 쓰는 할매들,시,2024,발행 연도,https://www.ksponco.or.kr/lib/book/one/view?book_seq=1037706&isbn=9791189847937&mid=b30201000000,브로콜리숲,,포함
보보경심2,동화,동화,2013,발행 연도,https://www.ksponco.or.kr/lib/book/one/view?book_seq=1012811&isbn=9788963710631&mid=b30201000000,새파란사상,,포함
"홀딩, 턴:서유미 장편소설",서유미,장편소설,2018,발행 연도,https://www.ksponco.or.kr/lib/book/one/view?book_seq=1028487&isbn=9791162202531&mid=b30201000000,위즈덤하우스,,포함
미움 : 조원희 그림책,조원희,동화,2020,발행 연도,https://www.ksponco.or.kr/lib/book/one/view?book_seq=1032493&isbn=9791189499112&mid=b30201000000,만만한책방,,포함
추리 천재 엉덩이 탐정 8 - 괴도와 납치된 신부 사건,트롤,소설,2019,발행 연도,https://www.ksponco.or.kr/lib/book/one/view?book_seq=1030354&isbn=9791164131914&mid=b30201000000,미래엔아이세움,,포함
그대 눈동자에 건배:히가시노 게이고 소설집,히가시노 게이고,단편소설,2017,발행 연도,https://www.ksponco.or.kr/lib/book/one/view?book_seq=1027787&isbn=9788972758426&mid=b30201000000,현대문학,,포함
도토리랑 콩콩 : 윤지회 그림책,윤지회,동화,2020,발행 연도,https://www.ksponco.or.kr/lib/book/one/view?book_seq=1032936&isbn=9791164137060&mid=b30201000000,미래엔,,포함
금오신화,김시습,소설,2009,발행 연도,https://www.ksponco.or.kr/lib/book/one/view?book_seq=1017663&isbn=9788937462047&mid=b30201000000,민음사,,중복 제외 (앞 순위 출처에 있음)
진작 할 걸 그랬어:김소영 에세이,김소영,수필,2018,발행 연도,https://www.ksponco.or.kr/lib/book/one/view?book_seq=1028490&isbn=9791162203637&mid=b30201000000,위즈덤하우스,,포함
빛과 멜로디 : 조해진 장편소설,조해진,장편소설,2024,발행 연도,https://www.ksponco.or.kr/lib/book/one/view?book_seq=1037713&isbn=9791141607241&mid=b30201000000,문학동네,,포함
"첫 여름, 완주 : 김금희 읽는소설",김금희,소설,2025,발행 연도,https://www.ksponco.or.kr/lib/book/one/view?book_seq=1038012&isbn=9791199364417&mid=b30201000000,무제,,포함
사악한 늑대:넬레 노이하우스 장편소설,"노이하우스, 넬레",장편소설,2013,발행 연도,https://www.ksponco.or.kr/lib/book/one/view?book_seq=1025277&isbn=9791185051062&mid=b30201000000,북로드,,포함
그램그램 영문법 원정대3 형용사,장영준,평론,2012,발행 연도,https://www.ksponco.or.kr/lib/book/one/view?book_seq=1024300&isbn=9788956026244&mid=b30201000000,사회평론,,포함
신과 함께 살아온 사람들 : 이야기로 만나는 23가지 한국신화,이상권,소설,2020,발행 연도,https://www.ksponco.or.kr/lib/book/one/view?book_seq=1035454&isbn=9788954445283&mid=b30201000000,자음과모음,,포함
몸과 여자들 : 이서수 소설,이서수,소설,2022,발행 연도,https://www.ksponco.or.kr/lib/book/one/view?book_seq=1035586&isbn=9791167901507&mid=b30201000000,H(현대문학),,포함
젊은 ADHD의 슬픔 : 정지음 에세이,정지음,수필,2021,발행 연도,https://www.ksponco.or.kr/lib/book/one/view?book_seq=1034092&isbn=9788937472114&mid=b30201000000,민음사,,포함
불편한 편의점 2 : 김호연 장편소설,김호연,장편소설,2022,발행 연도,https://www.ksponco.or.kr/lib/book/one/view?book_seq=1034475&isbn=9791161571379&mid=b30201000000,나무옆의자,,중복 제외 (앞 순위 출처에 있음)
용선생 처음 세계사 1 : 고대문명 ~ 중세,사회평론 역사연구소,평론,2019,발행 연도,https://www.ksponco.or.kr/lib/book/one/view?book_seq=1030329&isbn=9791162730522&mid=b30201000000,사회평론,,포함
엄마 사용법:김성진 동화,김성진,동화,2012,발행 연도,https://www.ksponco.or.kr/lib/book/one/view?book_seq=1022941&isbn=9788936451332&mid=b30201000000,창비,,포함
흑석동 산 1번지 : 방승순 수필집,방승순,수필,2016,발행 연도,https://www.ksponco.or.kr/lib/book/one/view?book_seq=1027088&isbn=9791155550496&mid=b30201000000,이지출판,,포함
얼토당토않고 불가해한 슬픔에 관한 천팔백삽심일일의 보고서 : 조우리 장편소설,조우리,장편소설,2022,발행 연도,https://www.ksponco.or.kr/lib/book/one/view?book_seq=1035051&isbn=9788954699679&mid=b30201000000,문학동네,,포함
이중 작가 초롱 : 이미상 소설,이미상,소설,2022,발행 연도,https://www.ksponco.or.kr/lib/book/one/view?book_seq=1035592&isbn=9788954699006&mid=b30201000000,문학동네,,포함
악몽을 파는 가게:스티븐 킹 단편집. 1,"킹, 스티븐",단편소설,2017,발행 연도,https://www.ksponco.or.kr/lib/book/one/view?book_seq=1027801&isbn=9791158883324&mid=b30201000000,황금가지,,포함
지평선 : 김시종 시집,김시종,시,2018,발행 연도,https://www.ksponco.or.kr/lib/book/one/view?book_seq=1029566&isbn=9791159052774&mid=b30201000000,소명출판,,포함
잠 못 드는 밤 백석의 시를 생각하며,김상욱,시,2020,발행 연도,https://www.ksponco.or.kr/lib/book/one/view?book_seq=1032203&isbn=9791196925109&mid=b30201000000,뒤란,,포함
괭이부리말 아이들 2,김중미,평론,2002,발행 연도,https://www.ksponco.or.kr/lib/book/one/view?book_seq=1015087&isbn=8936441841&mid=b30201000000,창작과비평사,,포함
나이트 러닝 : 이지 소설집,이지,단편소설,2022,발행 연도,https://www.ksponco.or.kr/lib/book/one/view?book_seq=1035580&isbn=9791160409123&mid=b30201000000,한겨례,,포함
유쾌한 감옥,"김상준,",평론,2011,발행 연도,https://www.ksponco.or.kr/lib/book/one/view?book_seq=1020666&isbn=9788964351123&mid=b30201000000,사회평론,,포함
너를 기억하는 풍경 : 손홍규 연작소설,손홍규,소설,2024,발행 연도,https://www.ksponco.or.kr/lib/book/one/view?book_seq=1037726&isbn=9788932043005&mid=b30201000000,문학과지성사,,포함
태백산맥 청소년판:조정래 대하소설 8,조정래,소설,2016,발행 연도,https://www.ksponco.or.kr/lib/book/one/view?book_seq=1025127&isbn=9788965746089&mid=b30201000000,해냄출판,,포함
"단군 신화:단군, 첫 나라 조선을 세우다",정해왕,소설,2012,발행 연도,https://www.ksponco.or.kr/lib/book/one/view?book_seq=1022606&isbn=9788932372570&mid=b30201000000,현암사,,포함
티어링의 침공 : 에리카 조핸슨 장편소설,"조핸슨, 에리카",장편소설,2018,발행 연도,https://www.ksponco.or.kr/lib/book/one/view?book_seq=1029220&isbn=9791188810611&mid=b30201000000,은행나무,,포함
나는 까칠하게 살기로 했다,양창순,소설,,발표 시기 미상,https://www.ksponco.or.kr/lib/book/one/view?book_seq=1014662&isbn=9788996746416&mid=b30201000000,센추리원,,포함
"다 괜찮아요, 천국이 말했다 : 미치 앨봄 장편소설","앨봄, 미치",장편소설,2020,발행 연도,https://www.ksponco.or.kr/lib/book/one/view?book_seq=1031747&isbn=9788952241979&mid=b30201000000,살림,,포함
오늘의 인사 : 김민령 소설,김민령,소설,2022,발행 연도,https://www.ksponco.or.kr/lib/book/one/view?book_seq=1035699&isbn=9788954699662&mid=b30201000000,문학동네,,포함
악몽과 몽상 1 : 스티븐 킹 단편집,"킹, 스티븐",단편소설,2019,발행 연도,https://www.ksponco.or.kr/lib/book/one/view?book_seq=1030386&isbn=9788954655347&mid=b30201000000,엘릭시르,,포함
들어도 들어도 재미있어요! 구연동화,이상배,동화,2002,발행 연도,https://www.ksponco.or.kr/lib/book/one/view?book_seq=1015162&isbn=8915025539&mid=b30201000000,삼성출판사,,포함
황만근은 이렇게말했다,성석제,평론,2002,발행 연도,https://www.ksponco.or.kr/lib/book/one/view?book_seq=1010795&isbn=893643666X&mid=b30201000000,창작과비평사,,포함
2015년 제60회 현대문학상 수상소설집. 소년이로,편혜영,단편소설,2014,발행 연도,https://www.ksponco.or.kr/lib/book/one/view?book_seq=1017669&isbn=9788972757290&mid=b30201000000,현대문학,,포함
카지노 베이비 : 강성봉 장편소설,강성봉,장편소설,2022,발행 연도,https://www.ksponco.or.kr/lib/book/one/view?book_seq=1035054&isbn=9791160408423&mid=b30201000000,한겨레출판,,포함
안데르센 동화,고계영,동화,1992,발행 연도,https://www.ksponco.or.kr/lib/book/one/view?book_seq=1014996&isbn=&mid=b30201000000,태서출판사,,포함
감옥 설계사 : 기괴하고 아름다운 환상소설,박화영,소설,2022,발행 연도,https://www.ksponco.or.kr/lib/book/one/view?book_seq=1034440&isbn=9791167521590&mid=b30201000000,책과나무,,포함
리틀 라이프 1 : 한야 야나기하라 장편소설,"야나기하라, 한야",장편소설,2017,발행 연도,https://www.ksponco.or.kr/lib/book/one/view?book_seq=1030048&isbn=9788952776372&mid=b30201000000,시공사,,포함
"찢었다, 멜빵바지 : 박서현 그림책",박서현,동화,2025,발행 연도,https://www.ksponco.or.kr/lib/book/one/view?book_seq=1037684&isbn=9791192697987&mid=b30201000000,한림출판사,,포함
백 투 더 퓨처2,크레이크S.가드너,동화,1992,발행 연도,https://www.ksponco.or.kr/lib/book/one/view?book_seq=1011870&isbn=8973720112&mid=b30201000000,동화문화사,,포함
민씨댁 불가마전 : 민병권 그림책,민병권,동화,2025,발행 연도,https://www.ksponco.or.kr/lib/book/one/view?book_seq=1037682&isbn=9791159954856&mid=b30201000000,노란돼지,,포함
한국문학작품선 91 단편소설,강병석 외,단편소설,1991,발행 연도,https://www.ksponco.or.kr/lib/book/one/view?book_seq=1011341&isbn=&mid=b30201000000,한국문화예술진흥원,,포함
심리상담 이론과 그림책을 유기적으로 연결한 그림책 아이 심리상담,그림책사랑교사모임,동화,2025,발행 연도,https://www.ksponco.or.kr/lib/book/one/view?book_seq=1037780&isbn=9791191724783&mid=b30201000000,교육과실천,,포함
낭만적 루프탑과 고딕의 밤 : 장수철 시집,장수철,시,2022,발행 연도,https://www.ksponco.or.kr/lib/book/one/view?book_seq=1034409&isbn=9788994833774&mid=b30201000000,시와문화,,포함
풍수전쟁 : 김진명 장편소설,김진명,장편소설,2023,발행 연도,https://www.ksponco.or.kr/lib/book/one/view?book_seq=1035548&isbn=9791167763846&mid=b30201000000,이타,,포함
인생은 뜨겁게,"러셀, 버트런드",평론,2014,발행 연도,https://www.ksponco.or.kr/lib/book/one/view?book_seq=1023754&isbn=9788964356142&mid=b30201000000,사회평론,,포함
봄 여름 가을 겨울 계절아 사랑해!:감수성을 깨워 주는 자연 그림책,"폴리아노, 줄리",동화,2017,발행 연도,https://www.ksponco.or.kr/lib/book/one/view?book_seq=1026236&isbn=9788994368627&mid=b30201000000,찰리북,,포함
소설 동의보감 중,이은성,소설,1990,발행 연도,https://www.ksponco.or.kr/lib/book/one/view?book_seq=1011346&isbn=8936430181&mid=b30201000000,창작과비평사,,포함
각각의 계절 : 권여선 소설,권여선,소설,2023,발행 연도,https://www.ksponco.or.kr/lib/book/one/view?book_seq=1035549&isbn=9788954692526&mid=b30201000000,문학동네,,포함
아가씨와 빵 : 심민아 시집,심민아,시,2020,발행 연도,https://www.ksponco.or.kr/lib/book/one/view?book_seq=1032318&isbn=9788937408922&mid=b30201000000,민음사,,포함
어느 악기의 고백 : 김효선 시집,김효선,시,2020,발행 연도,https://www.ksponco.or.kr/lib/book/one/view?book_seq=1032319&isbn=9788983928160&mid=b30201000000,문학수첩,,포함
오래된 것들을 생각할 때에는 : 고형렬 시집,고형렬,시,2020,발행 연도,https://www.ksponco.or.kr/lib/book/one/view?book_seq=1032320&isbn=9788936424442&mid=b30201000000,창비,,중복 제외 (앞 순위 출처에 있음)
연대기 : 한유주 소설집,한유주,단편소설,2019,발행 연도,https://www.ksponco.or.kr/lib/book/one/view?book_seq=1032462&isbn=9788932035581&mid=b30201000000,문학과지성사,,포함
"질투는 아웃, 야구 장갑!",유설화,소설,2024,발행 연도,https://www.ksponco.or.kr/lib/book/one/view?book_seq=1036342&isbn=9791158364595&mid=b30201000000,책읽는곰,,포함
나의 문화유산답사기 1,유홍준,평론,2001,발행 연도,https://www.ksponco.or.kr/lib/book/one/view?book_seq=1014116&isbn=8936470116&mid=b30201000000,창작과비평사,,중복 제외 (앞 순위 출처에 있음)
소금의 밑바닥 : 이선희 시집,이선희,시,2020,발행 연도,https://www.ksponco.or.kr/lib/book/one/view?book_seq=1032314&isbn=9791157283996&mid=b30201000000,지혜,,포함
슬픔도 깊으면 힘이 세진다 : 전윤호 시집,전윤호,시,2020,발행 연도,https://www.ksponco.or.kr/lib/book/one/view?book_seq=1032316&isbn=9791165121143&mid=b30201000000,북인,,포함
시간의 색깔은 자신이 지향하는 빛깔로 간다 : 박석준 시집,박석준,시,2020,발행 연도,https://www.ksponco.or.kr/lib/book/one/view?book_seq=1032317&isbn=9791130816722&mid=b30201000000,푸른사상,,포함
행성 2 : 베르나르 베르베르 장편소설,"베르베르, 베르나르",장편소설,2022,발행 연도,https://www.ksponco.or.kr/lib/book/one/view?book_seq=1034162&isbn=9788932922379&mid=b30201000000,열린책들,,포함
쥐와 굴: 배수연 시집,배수연,시,2021,발행 연도,https://www.ksponco.or.kr/lib/book/one/view?book_seq=1033180&isbn=9791190885751&mid=b30201000000,현대문학,,포함
제레나폴리스: 조선수 소설집,조선수,단편소설,2021,발행 연도,https://www.ksponco.or.kr/lib/book/one/view?book_seq=1033179&isbn=9791160201499&mid=b30201000000,솔,,포함
마음챙김의 시 [큰글자책],류시화 엮음,시,2022,발행 연도,https://www.ksponco.or.kr/lib/book/one/view?book_seq=1034376&isbn=9791190382731&mid=b30201000000,수오서재,,포함
동그랗게 날아야 빠져나갈 수 있다 : 김성신 시집,김성신,시,2022,발행 연도,https://www.ksponco.or.kr/lib/book/one/view?book_seq=1035635&isbn=9791197019784&mid=b30201000000,포지션,,포함
작은 땅의 야수들 : 김주혜 장편소설,김주혜,장편소설,2022,발행 연도,https://www.ksponco.or.kr/lib/book/one/view?book_seq=1034951&isbn=9791130693927&mid=b30201000000,다산책방,,포함
생의 전부가 내 옆을 스쳐 지나간 오후 : 안채영 시집,안채영,시,2020,발행 연도,https://www.ksponco.or.kr/lib/book/one/view?book_seq=1032921&isbn=9791188710836&mid=b30201000000,달아실,,포함
앵무새 죽이기:하퍼 리 장편소설,"리, 하퍼",장편소설,2017,발행 연도,https://www.ksponco.or.kr/lib/book/one/view?book_seq=1027463&isbn=9788932917207&mid=b30201000000,열린책들,,포함
기다릴 때 우리가 하는 말들 : 김병운 소설집,김병운,단편소설,2022,발행 연도,https://www.ksponco.or.kr/lib/book/one/view?book_seq=1035579&isbn=9788937456039&mid=b30201000000,민음사,,포함
"임꺽정:벽초 홍명희 소설.2,피장편",홍명희,소설,2008,발행 연도,https://www.ksponco.or.kr/lib/book/one/view?book_seq=1021633&isbn=9788958282624&mid=b30201000000,사계절,,중복 제외 (앞 순위 출처에 있음)
그대는 할말을 어디에 두고 왔는가 : 허수경 산문집,허수경,수필,2018,발행 연도,https://www.ksponco.or.kr/lib/book/one/view?book_seq=1029214&isbn=9791188862160&mid=b30201000000,난다,,포함
앨리스의 생활방식:장은진 장편소설,장은진,장편소설,2011,발행 연도,https://www.ksponco.or.kr/lib/book/one/view?book_seq=1022242&isbn=9788937482649&mid=b30201000000,민음사,,포함
빛을 두려워하는 : 더글라스 케네디 장편소설,"케네디, 더글라스",장편소설,2021,발행 연도,https://www.ksponco.or.kr/lib/book/one/view?book_seq=1034123&isbn=9788984374362&mid=b30201000000,밝은세상,,포함
소설 동의보감 하,이은성,소설,1990,발행 연도,https://www.ksponco.or.kr/lib/book/one/view?book_seq=1011347&isbn=893643019X&mid=b30201000000,창작과비평사,,포함
보통의 노을: 이희영 장편소설,이희영,장편소설,2021,발행 연도,https://www.ksponco.or.kr/lib/book/one/view?book_seq=1033176&isbn=9788954445764&mid=b30201000000,자음과모음,,중복 제외 (앞 순위 출처에 있음)
내가 죽고 싶다고 하자 삶이 농담을 시작했다 : 김현진 에세이,김현진,수필,2020,발행 연도,https://www.ksponco.or.kr/lib/book/one/view?book_seq=1032895&isbn=9791189336301&mid=b30201000000,프시케의숲,,포함
그때 치마가 빛났다 : 안미선 에세이,안미선,수필,2022,발행 연도,https://www.ksponco.or.kr/lib/book/one/view?book_seq=1035601&isbn=9791168730342&mid=b30201000000,오월의봄,,포함
레슨 인 케미스트리 1 : 보니 가머스 장편소설,"가머스, 보니",장편소설,2022,발행 연도,https://www.ksponco.or.kr/lib/book/one/view?book_seq=1035407&isbn=9791130617039&mid=b30201000000,다산책방,,포함
우리의 사람들: 박솔뫼 소설집,박솔뫼,단편소설,2021,발행 연도,https://www.ksponco.or.kr/lib/book/one/view?book_seq=1033177&isbn=9788936438371&mid=b30201000000,창비,,포함
안드로메다로 가는 배민 라이더:주창윤 시집,주창윤,시,2021,발행 연도,https://www.ksponco.or.kr/lib/book/one/view?book_seq=1033122&isbn=9788961042826&mid=b30201000000,한국문연,,포함
연어가 돌아오는 계절:고영서 시집,고영서,시,2021,발행 연도,https://www.ksponco.or.kr/lib/book/one/view?book_seq=1033123&isbn=9788960215559&mid=b30201000000,천년의시작,,포함
우리가 동시에 여기 있다는 소문:김미령 시집,김미령,시,2021,발행 연도,https://www.ksponco.or.kr/lib/book/one/view?book_seq=1033125&isbn=9788937409011&mid=b30201000000,민음사,,포함
팔순의 어머니께서 아들의 시집을 읽으시네:이용호 시집,이용호,시,2021,발행 연도,https://www.ksponco.or.kr/lib/book/one/view?book_seq=1033131&isbn=9788939230668&mid=b30201000000,실천문학,,포함
적절한 웃음이 떠오르지 않았다:조성국 시집,조성국,시,2021,발행 연도,https://www.ksponco.or.kr/lib/book/one/view?book_seq=1033128&isbn=9791158965068&mid=b30201000000,시인동네,,포함
저물어도 돌아갈 줄 모르는 사람:이상국 시집,이상국,시,2021,발행 연도,https://www.ksponco.or.kr/lib/book/one/view?book_seq=1033127&isbn=9788936424565&mid=b30201000000,창비,,포함
나무는 나무를 : 이병일 시집,이병일,시,2020,발행 연도,https://www.ksponco.or.kr/lib/book/one/view?book_seq=1032302&isbn=9788983928252&mid=b30201000000,문학수첩,,포함
마음챙김의 시,류시화,시,2020,발행 연도,https://www.ksponco.or.kr/lib/book/one/view?book_seq=1032406&isbn=9791190382267&mid=b30201000000,수오서재,,포함
하얀 국화 : 매리 린 브락트 장편소설,"브락트, 매리 린",장편소설,2018,발행 연도,https://www.ksponco.or.kr/lib/book/one/view?book_seq=1031379&isbn=9788970758787&mid=b30201000000,문학세계사,,포함
난 혼자인 적 없어: 이근정 동시집,이근정,노래,2021,발행 연도,https://www.ksponco.or.kr/lib/book/one/view?book_seq=1033147&isbn=9791156761266&mid=b30201000000,오픈키드,,포함
눈물 소금: 이묘신 동시집,이묘신,노래,2021,발행 연도,https://www.ksponco.or.kr/lib/book/one/view?book_seq=1033148&isbn=9791191531015&mid=b30201000000,걸음,,포함
오늘도 학교로 로그인: 문현식 동시집,문현식,노래,2021,발행 연도,https://www.ksponco.or.kr/lib/book/one/view?book_seq=1033150&isbn=9788936448004&mid=b30201000000,창비,,포함
헤밍웨이 : 시대의 아픔을 함께 나눈 소설가,양지숙,소설,2010,발행 연도,https://www.ksponco.or.kr/lib/book/one/view?book_seq=1030988&isbn=8956145032&mid=b30201000000,한국차일드아카데미,,포함
안데르센 : 꿈의 세계를 그려 낸 동화 작가,박진숙,동화,2010,발행 연도,https://www.ksponco.or.kr/lib/book/one/view?book_seq=1030990&isbn=8956145059&mid=b30201000000,한국차일드아카데미,,포함
칼과 혀:권정현 장편소설,권정현,장편소설,2017,발행 연도,https://www.ksponco.or.kr/lib/book/one/view?book_seq=1027458&isbn=9791130614311&mid=b30201000000,다산책방,,중복 제외 (앞 순위 출처에 있음)
우리아이 어릴적부터 책읽는 습관을 길러주는 동화,이규희,동화,2002,발행 연도,https://www.ksponco.or.kr/lib/book/one/view?book_seq=1015665&isbn=8989324076&mid=b30201000000,효리원,,포함
최초의 책 : 이민항 장편소설,이민항,장편소설,2019,발행 연도,https://www.ksponco.or.kr/lib/book/one/view?book_seq=1030305&isbn=9788954439862&mid=b30201000000,자음과모음,,포함
하늘땅만큼 좋은 이원수 동화나라,이원수,동화,2006,발행 연도,https://www.ksponco.or.kr/lib/book/one/view?book_seq=1023492&isbn=9788901059488&mid=b30201000000,웅진주니어,,포함
완벽한 개업 축하 시:강보원 시집,강보원,시,2021,발행 연도,https://www.ksponco.or.kr/lib/book/one/view?book_seq=1033124&isbn=9788937409042&mid=b30201000000,민음사,,포함
"대하소설 혼불.제1부 흔들리는 바람, 2",최명희,소설,2011,발행 연도,https://www.ksponco.or.kr/lib/book/one/view?book_seq=1023057&isbn=9788993607024&mid=b30201000000,매안,,포함
크리스마스 타일 : 김금희 연작소설,김금희,소설,2022,발행 연도,https://www.ksponco.or.kr/lib/book/one/view?book_seq=1035599&isbn=9788936438890&mid=b30201000000,창비,,포함
달 너머로 달리는 말 : 김훈 장편소설,김훈,장편소설,2020,발행 연도,https://www.ksponco.or.kr/lib/book/one/view?book_seq=1031793&isbn=9791190052337&mid=b30201000000,파람북,,포함
올라가요 내려가요 : 최소윤 그림책,최소윤,동화,2026,발행 연도,https://www.ksponco.or.kr/lib/book/one/view?book_seq=1037999&isbn=9791172546144&mid=b30201000000,푸른숲주니어,,포함
스마일 : 김중혁 소설집,김중혁,단편소설,2022,발행 연도,https://www.ksponco.or.kr/lib/book/one/view?book_seq=1034181&isbn=9788932040004&mid=b30201000000,문학과지성사,,포함
내가 그 나이였을때 소설이 나를 찾아왔다,최인호 오정희,소설,2001,발행 연도,https://www.ksponco.or.kr/lib/book/one/view?book_seq=1011149&isbn=8985804596&mid=b30201000000,여백,,포함
비가 오면 열리는 상점 : 유영광 장편소설,유영광,장편소설,2023,발행 연도,https://www.ksponco.or.kr/lib/book/one/view?book_seq=1035715&isbn=9791198173898&mid=b30201000000,클레이하우스,,중복 제외 (앞 순위 출처에 있음)
소설 목민심서 중,황인경,소설,2007,발행 연도,https://www.ksponco.or.kr/lib/book/one/view?book_seq=1017200&isbn=9788925508337&mid=b30201000000,랜덤하우스코리아,,포함
녀석의 깃털 : 윤해연 단편집,윤해연,단편소설,2022,발행 연도,https://www.ksponco.or.kr/lib/book/one/view?book_seq=1035697&isbn=9788949192598&mid=b30201000000,비룡소,,포함
한국인이 뽑은 한국 고전소설 모음집,김시습 외,소설,2006,발행 연도,https://www.ksponco.or.kr/lib/book/one/view?book_seq=1011178&isbn=8989994136&mid=b30201000000,북앤북,,포함
잠이 솔솔 핫초코 : 양선 그림책,양선,동화,2022,발행 연도,https://www.ksponco.or.kr/lib/book/one/view?book_seq=1034980&isbn=9791170441595&mid=b30201000000,소원나무,,포함
소설 목민심서 하,황인경,소설,2007,발행 연도,https://www.ksponco.or.kr/lib/book/one/view?book_seq=1017201&isbn=9788925508344&mid=b30201000000,랜덤하우스코리아,,포함
나무가 말하였네 : 나무에게 길을 묻다,고규홍,노래,2012,발행 연도,https://www.ksponco.or.kr/lib/book/one/view?book_seq=1032269&isbn=9788960901223&mid=b30201000000,마음산책,,중복 제외 (앞 순위 출처에 있음)
피안의 어머니:조열태 치매 소설,조열태,소설,2019,발행 연도,https://www.ksponco.or.kr/lib/book/one/view?book_seq=1032214&isbn=9791189597009&mid=b30201000000,브레인와이즈,,포함
슬픔의 바닥:김경윤 시집,김경윤,시,2019,발행 연도,https://www.ksponco.or.kr/lib/book/one/view?book_seq=1031648&isbn=9791186530726&mid=b30201000000,문학들,,포함
벗에게 시집을 들고:헤르만 헤세 시집,"헤세, 헤르만",시,2015,발행 연도,https://www.ksponco.or.kr/lib/book/one/view?book_seq=1026115&isbn=9791195402274&mid=b30201000000,종문화사,,포함
추리 천재 엉덩이 탐정 7-기이한 전망 여관 사건,트롤,소설,2018,발행 연도,https://www.ksponco.or.kr/lib/book/one/view?book_seq=1029211&isbn=9791162339466&mid=b30201000000,아이세움,,포함
2021년 제66회 현대문학상 수상소설집.여기 우리 마주,최은미 외,단편소설,2020,발행 연도,https://www.ksponco.or.kr/lib/book/one/view?book_seq=1032626&isbn=9791190885461&mid=b30201000000,현대문학,,포함
호텔 이야기 : 임경선 단편소설집,임경선,단편소설,2022,발행 연도,https://www.ksponco.or.kr/lib/book/one/view?book_seq=1034924&isbn=9791197346538&mid=b30201000000,토스트,,중복 제외 (앞 순위 출처에 있음)
준주 : 조양희 장편소설,조양희,장편소설,2023,발행 연도,https://www.ksponco.or.kr/lib/book/one/view?book_seq=1035595&isbn=9791186452868&mid=b30201000000,숨쉬는책공장,,포함
비의 세상: 최상희 소설,최상희,소설,2019,발행 연도,https://www.ksponco.or.kr/lib/book/one/view?book_seq=1031675&isbn=9788954657488&mid=b30201000000,문학동네,,포함
가재가 노래하는 곳 : 델리아 오언스 장편소설,"오언스, 델리아",장편소설,2019,발행 연도,https://www.ksponco.or.kr/lib/book/one/view?book_seq=1030322&isbn=9788952240569&mid=b30201000000,살림,,포함
기타 부기 셔플 : 이진 장편소설,이진,장편소설,2017,발행 연도,https://www.ksponco.or.kr/lib/book/one/view?book_seq=1031765&isbn=9788974331276&mid=b30201000000,광화문글방,,중복 제외 (앞 순위 출처에 있음)
난생 처음 한번 공부하는 미술 이야기 5 : 이탈리아 르네상스 문명과 미술,양정무,평론,2019,발행 연도,https://www.ksponco.or.kr/lib/book/one/view?book_seq=1030382&isbn=9791162730249&mid=b30201000000,사회평론,,포함
눈물이 방긋: 조하연 동시집,조하연,노래,2019,발행 연도,https://www.ksponco.or.kr/lib/book/one/view?book_seq=1031694&isbn=9791189176259&mid=b30201000000,청색종이,,포함
일곱 해의 마지막 : 김연수 장편소설,김연수,장편소설,2020,발행 연도,https://www.ksponco.or.kr/lib/book/one/view?book_seq=1031772&isbn=9788954672771&mid=b30201000000,문학동네,,중복 제외 (앞 순위 출처에 있음)
아이러니 염소:유태안 시집,유태안,시,2018,발행 연도,https://www.ksponco.or.kr/lib/book/one/view?book_seq=1031629&isbn=9788992044417&mid=b30201000000,한결,,포함
하얼빈 : 김훈 장편소설,김훈,장편소설,2022,발행 연도,https://www.ksponco.or.kr/lib/book/one/view?book_seq=1034355&isbn=9788954699914&mid=b30201000000,문학동네,,중복 제외 (앞 순위 출처에 있음)
귤의 맛 : 조남주 장편소설,조남주,장편소설,2020,발행 연도,https://www.ksponco.or.kr/lib/book/one/view?book_seq=1031790&isbn=9788954671989&mid=b30201000000,문학동네,,중복 제외 (앞 순위 출처에 있음)
뜨거운 건 왜 눈물이 날까:김회권 시집,김회권,시,2019,발행 연도,https://www.ksponco.or.kr/lib/book/one/view?book_seq=1031643&isbn=9791158964313&mid=b30201000000,문학의전당,,포함
레바나:마리사 마이어 장편소설,"마이어, 마리사",장편소설,2017,발행 연도,https://www.ksponco.or.kr/lib/book/one/view?book_seq=1027815&isbn=9791158790684&mid=b30201000000,북로드,,포함
아홉번째 파도:최은미 장편소설,최은미,장편소설,2017,발행 연도,https://www.ksponco.or.kr/lib/book/one/view?book_seq=1027404&isbn=9788954648714&mid=b30201000000,문학동네,,중복 제외 (앞 순위 출처에 있음)
가족 판타지,김별아,소설,2008,발행 연도,https://www.ksponco.or.kr/lib/book/one/view?book_seq=1013681&isbn=9788939550117&mid=b30201000000,대교출판,,포함
소설 속 영화 영화 속 소설,이대현,소설,2016,발행 연도,https://www.ksponco.or.kr/lib/book/one/view?book_seq=1027167&isbn=9791186306598&mid=b30201000000,다할미디어:Snifactory,,포함
받침 배우는 동화7. 척척박사와 꼬마 늑대 삐딱이:ㄱ받침편,한규호,동화,2013,발행 연도,https://www.ksponco.or.kr/lib/book/one/view?book_seq=1023769&isbn=9788998172138&mid=b30201000000,받침없는동화,,포함
페이퍼돌 : 김지은 시집,김지은,시,2022,발행 연도,https://www.ksponco.or.kr/lib/book/one/view?book_seq=1035658&isbn=9791191897340&mid=b30201000000,파란,,포함
형사 K의 미필적 고의 : 이춘길 소설집,이춘길,단편소설,2021,발행 연도,https://www.ksponco.or.kr/lib/book/one/view?book_seq=1032893&isbn=9791191262100&mid=b30201000000,걷는사람,,포함
고연옥 희곡집 3,고연옥,희곡,2020,발행 연도,https://www.ksponco.or.kr/lib/book/one/view?book_seq=1032553&isbn=9788957867433&mid=b30201000000,연극과인간,,포함
펭귄철도 분실물센터 :나토리 사와코 소설,나토리 사와코,소설,2017,발행 연도,https://www.ksponco.or.kr/lib/book/one/view?book_seq=1026540&isbn=9788972758174&mid=b30201000000,현대문학,,포함
천사의 시,조광호 정호승,시,2007,발행 연도,https://www.ksponco.or.kr/lib/book/one/view?book_seq=1016431&isbn=9788957593592&mid=b30201000000,대교베텔스만,,포함
티어링의 운명 : 에리카 조핸슨 장편소설,"조핸슨, 에리카",장편소설,2018,발행 연도,https://www.ksponco.or.kr/lib/book/one/view?book_seq=1029221&isbn=9791188810628&mid=b30201000000,은행나무,,포함
사십일간의 남미 일주 : 최민석 에세이,최민석,수필,2020,발행 연도,https://www.ksponco.or.kr/lib/book/one/view?book_seq=1032519&isbn=9788965749479&mid=b30201000000,해냄,,포함
우아한 거짓말:김려령 장편소설,김려령,장편소설,2009,발행 연도,https://www.ksponco.or.kr/lib/book/one/view?book_seq=1022957&isbn=9788936456221&mid=b30201000000,창비,,중복 제외 (앞 순위 출처에 있음)
그리스로마신화,토머스 볼핀치,소설,1995,발행 연도,https://www.ksponco.or.kr/lib/book/one/view?book_seq=1012104&isbn=897330321X&mid=b30201000000,하서,,포함
그곳이 사라지고 그곳이 살아나고:인문지리로 읽는 우리 주변의 장소들,천종호,평론,2015,발행 연도,https://www.ksponco.or.kr/lib/book/one/view?book_seq=1026217&isbn=9788976962904&mid=b30201000000,역사비평사,,포함
맥파이 살인 사건 : 앤서니 호로비츠 장편소설,"호로비츠, 앤서니",장편소설,2018,발행 연도,https://www.ksponco.or.kr/lib/book/one/view?book_seq=1028832&isbn=9788932919188&mid=b30201000000,열린책들,,포함
광주의 푸가:박관서 시집,박관서,시,2022,발행 연도,https://www.ksponco.or.kr/lib/book/one/view?book_seq=1034206&isbn=9788966551484&mid=b30201000000,삶창,,포함
오후3시 어디에도 행복은 없다,차현숙,시,2000,발행 연도,https://www.ksponco.or.kr/lib/book/one/view?book_seq=1010573&isbn=8932012059&mid=b30201000000,문학과 지성사,,포함
파커 : 명지현 소설집,명지현,단편소설,2020,발행 연도,https://www.ksponco.or.kr/lib/book/one/view?book_seq=1032505&isbn=9791189176419&mid=b30201000000,청색종이,,포함
말놀이동시,삼성출판사,노래,2010,발행 연도,https://www.ksponco.or.kr/lib/book/one/view?book_seq=1016032&isbn=9788915074095&mid=b30201000000,삼성출판사,,포함
우리가 간신히 희망할 수 있는 것,김영민,평론,2019,발행 연도,https://www.ksponco.or.kr/lib/book/one/view?book_seq=1031428&isbn=9791162730652&mid=b30201000000,사회평론,,포함
화이트 호스 : 강화길 소설,강화길,소설,2020,발행 연도,https://www.ksponco.or.kr/lib/book/one/view?book_seq=1031770&isbn=9788954672221&mid=b30201000000,문학동네,,포함
아버지의 해방일지 : 정지아 장편소설,정지아,장편소설,2022,발행 연도,https://www.ksponco.or.kr/lib/book/one/view?book_seq=1034458&isbn=9788936438838&mid=b30201000000,창비,,중복 제외 (앞 순위 출처에 있음)
청소부 매뉴얼 : 루시아 벌린 단편집,"벌린, 루시아",단편소설,2019,발행 연도,https://www.ksponco.or.kr/lib/book/one/view?book_seq=1030351&isbn=9788901232867&mid=b30201000000,웅진지식하우스,,포함
푸른수염의 첫번째 아내,하성란,평론,,발표 시기 미상,https://www.ksponco.or.kr/lib/book/one/view?book_seq=1011279&isbn=8936433644&mid=b30201000000,창작과 비평사,,중복 제외 (앞 순위 출처에 있음)
오래전 집을 떠날 때,신경숙,평론,1997,발행 연도,https://www.ksponco.or.kr/lib/book/one/view?book_seq=1010570&isbn=8936436422&mid=b30201000000,창작과 비평사,,포함
사육사:임후 시집,임후,시,2022,발행 연도,https://www.ksponco.or.kr/lib/book/one/view?book_seq=1034227&isbn=9791191897135&mid=b30201000000,파란,,포함
저주토끼 : 정보라 소설집,정보라,단편소설,2017,발행 연도,https://www.ksponco.or.kr/lib/book/one/view?book_seq=1034070&isbn=9791166686665&mid=b30201000000,아작,,중복 제외 (앞 순위 출처에 있음)
느티나무 수호대 : 김중미 장편소설,김중미,장편소설,2023,발행 연도,https://www.ksponco.or.kr/lib/book/one/view?book_seq=1035492&isbn=9791192836072&mid=b30201000000,돌베개,,포함
그램그램 영문법 원정대 24,브릭스,평론,2015,발행 연도,https://www.ksponco.or.kr/lib/book/one/view?book_seq=1036176&isbn=9788964358016&mid=b30201000000,사회평론,,포함
지구 레스토랑 : 조영글 그림책,조영글,동화,2023,발행 연도,https://www.ksponco.or.kr/lib/book/one/view?book_seq=1035747&isbn=9791193022078&mid=b30201000000,미디어창비,,포함
토성의 겨울 : 김갑용 소설집,김갑용,단편소설,2022,발행 연도,https://www.ksponco.or.kr/lib/book/one/view?book_seq=1034434&isbn=9788982183010&mid=b30201000000,강,,포함
청년 주부 구운몽 : 강선우 장편소설,강선우,장편소설,2023,발행 연도,https://www.ksponco.or.kr/lib/book/one/view?book_seq=1035596&isbn=9791163164883&mid=b30201000000,고즈넉이엔티,,중복 제외 (앞 순위 출처에 있음)
죽음과 크림빵 : 우신영 장편소설,우신영,장편소설,2025,발행 연도,https://www.ksponco.or.kr/lib/book/one/view?book_seq=1037693&isbn=9788954452625&mid=b30201000000,자음과모음,,포함
브루클린의 소녀:기욤 뮈소 장편소설,"뮈소, 기욤",장편소설,2016,발행 연도,https://www.ksponco.or.kr/lib/book/one/view?book_seq=1025315&isbn=9788984373068&mid=b30201000000,밝은세상,,포함
소설 마시는 시간,정인성,소설,2016,발행 연도,https://www.ksponco.or.kr/lib/book/one/view?book_seq=1027166&isbn=9788998529123&mid=b30201000000,나무나무(나무플러스나무),,포함
당근밭 걷기 : 안희연 시집,안희연,시,2024,발행 연도,https://www.ksponco.or.kr/lib/book/one/view?book_seq=1037732&isbn=9791141600778&mid=b30201000000,문학동네,,포함
그림 형제의 길:흔들림 없이 끝까지 함께 걸어간 동화의 길,손관승,동화,2015,발행 연도,https://www.ksponco.or.kr/lib/book/one/view?book_seq=1025576&isbn=9788955618082&mid=b30201000000,바다출판사,,포함
밀레니얼 칠드런:장은선 장편소설,장은선,장편소설,2014,발행 연도,https://www.ksponco.or.kr/lib/book/one/view?book_seq=1022791&isbn=9788949123363&mid=b30201000000,비룡소,,포함
사랑하기 때문에:기욤 뮈소 장편소설,"뮈소, 기욤",장편소설,2014,발행 연도,https://www.ksponco.or.kr/lib/book/one/view?book_seq=1027394&isbn=9788984370869&mid=b30201000000,밝은세상,,포함
부끄러움의 시대 : 장은진 장편소설,장은진,장편소설,2024,발행 연도,https://www.ksponco.or.kr/lib/book/one/view?book_seq=1037710&isbn=9788954451819&mid=b30201000000,자음과모음,,포함
런던라사 삐에르의 세련된 옷차림 : 박혜지 장편소설,박혜지,장편소설,2024,발행 연도,https://www.ksponco.or.kr/lib/book/one/view?book_seq=1037711&isbn=9791191306637&mid=b30201000000,고두미,,포함
크루아상 사러 가는 아침 : 필리프 들레름 에세이,"들레름, 필리프",수필,2021,발행 연도,https://www.ksponco.or.kr/lib/book/one/view?book_seq=1034077&isbn=9788932039008&mid=b30201000000,문학과지성사,,포함
몸과 마음을 산뜻하게 : 정재율 시집,정재율,시,2022,발행 연도,https://www.ksponco.or.kr/lib/book/one/view?book_seq=1035015&isbn=9788937409189&mid=b30201000000,민음사,,포함
훌훌 : 문경민 장편소설,문경민,장편소설,2022,발행 연도,https://www.ksponco.or.kr/lib/book/one/view?book_seq=1035533&isbn=9788954685030&mid=b30201000000,문학동네,,포함
애쓰지 않아도 : 최은영 짧은 소설,최은영,소설,2022,발행 연도,https://www.ksponco.or.kr/lib/book/one/view?book_seq=1034180&isbn=9788960907348&mid=b30201000000,마음산책,,중복 제외 (앞 순위 출처에 있음)
파주 : 김남숙 소설,김남숙,소설,2024,발행 연도,https://www.ksponco.or.kr/lib/book/one/view?book_seq=1037716&isbn=9788954451895&mid=b30201000000,자음과모음,,포함
세계전래동화 거미의 땅콩 농사,기탄출판 곽종분,동화,2006,발행 연도,https://www.ksponco.or.kr/lib/book/one/view?book_seq=1023374&isbn=9788979590128&mid=b30201000000,기탄출판,,포함
옛날에 내가 죽은 집:히가시노 게이고 장편소설,히가시노 게이고,장편소설,2008,발행 연도,https://www.ksponco.or.kr/lib/book/one/view?book_seq=1027398&isbn=9788979198478&mid=b30201000000,창해,,포함
나는 언니가 좋아요 : 신현이 동화집,신현이,동화,2024,발행 연도,https://www.ksponco.or.kr/lib/book/one/view?book_seq=1037618&isbn=9788932043135&mid=b30201000000,문학과지성사,,포함
백두 영웅 전설 : 영웅 흰달,임정자,소설,2024,발행 연도,https://www.ksponco.or.kr/lib/book/one/view?book_seq=1037722&isbn=9791191900163 (1)&mid=b30201000000,놀궁리,,포함
도시에서 살아남기 : 현대 도시성장소설 연구,김한식,소설,2016,발행 연도,https://www.ksponco.or.kr/lib/book/one/view?book_seq=1026852&isbn=9791156863267&mid=b30201000000,역락,,포함
월계동 풀 : 서상만 시집,서상만,시,2020,발행 연도,https://www.ksponco.or.kr/lib/book/one/view?book_seq=1032550&isbn=9788979447323&mid=b30201000000,책만드는집,,포함
그림책 상상 그림책 여행,천상현,동화,2014,발행 연도,https://www.ksponco.or.kr/lib/book/one/view?book_seq=1025272&isbn=9788970597447&mid=b30201000000,안그라픽스,,포함
"멋진, 기막히게 멋진 여행","더 레이우, 마티스",동화,2016,발행 연도,https://www.ksponco.or.kr/lib/book/one/view?book_seq=1024461&isbn=9791186825020&mid=b30201000000,그림책공작소,,포함
여덟 개의 산:파올로 코녜티 장편소설,"코녜티, 파올로",장편소설,2017,발행 연도,https://www.ksponco.or.kr/lib/book/one/view?book_seq=1028199&isbn=9788972758549&mid=b30201000000,현대문학,,포함
고래 : 천명관 장편소설,천명관,장편소설,2004,발행 연도,https://www.ksponco.or.kr/lib/book/one/view?book_seq=1035425&isbn=9788982819278&mid=b30201000000,문학동네,,중복 제외 (앞 순위 출처에 있음)
나의 완벽한 장례식 : 조현선 장편소설,조현선,장편소설,2026,발행 연도,https://www.ksponco.or.kr/lib/book/one/view?book_seq=1038029&isbn=9791124038192&mid=b30201000000,북로망스,,포함
바르도의 링컨 : 조지 손더스 장편소설,"손더스, 조지",장편소설,2018,발행 연도,https://www.ksponco.or.kr/lib/book/one/view?book_seq=1029059&isbn=9788954653428&mid=b30201000000,문학동네,,포함
용선생 처음 한국사 2 : 조선 후기~현대,사회평론 역사연구소,평론,2019,발행 연도,https://www.ksponco.or.kr/lib/book/one/view?book_seq=1030102&isbn=9791162730287&mid=b30201000000,사회평론,,포함
박수 준비!,"마토소, 마달레나",동화,2015,발행 연도,https://www.ksponco.or.kr/lib/book/one/view?book_seq=1024471&isbn=9791186825013&mid=b30201000000,그림책공작소,,포함
용선생 처음 한국사 1 : 선사 시대~조선 전기,사회평론 역사연구소,평론,2019,발행 연도,https://www.ksponco.or.kr/lib/book/one/view?book_seq=1030103&isbn=9791162730270&mid=b30201000000,사회평론,,포함
아가미가 그을었다 : 황순희 시조집,황순희,시조,2022,발행 연도,https://www.ksponco.or.kr/lib/book/one/view?book_seq=1035643&isbn=9788979448146&mid=b30201000000,책만드는집,,포함
기나긴 이별:레이먼드 챈들러 추리소설,"챈들러, 레이먼드",소설,2014,발행 연도,https://www.ksponco.or.kr/lib/book/one/view?book_seq=1027773&isbn=9788956051208&mid=b30201000000,북하우스,,포함
류 : 히가시야마 아키라 장편소설,히가시야마 아키라,장편소설,2022,발행 연도,https://www.ksponco.or.kr/lib/book/one/view?book_seq=1034314&isbn=9791164796885&mid=b30201000000,해피북스투유,,포함
지구에서 한아뿐 : 정세랑 장편소설,정세랑,장편소설,2019,발행 연도,https://www.ksponco.or.kr/lib/book/one/view?book_seq=1030353&isbn=9791188862290&mid=b30201000000,난다,,중복 제외 (앞 순위 출처에 있음)
인생 수정:조너선 프랜즌 장편소설,"프랜즌, 조너선",장편소설,2012,발행 연도,https://www.ksponco.or.kr/lib/book/one/view?book_seq=1027538&isbn=9788956606231&mid=b30201000000,은행나무,,포함
날개와 날개 : 시조새부터 비행기까지,콜라드 스니드,시조,2009,발행 연도,https://www.ksponco.or.kr/lib/book/one/view?book_seq=1025357&isbn=9788954609258&mid=b30201000000,문학동네,,포함
조선낫에 벼린 수필 : 창작 수필집,서태수,수필,2017,발행 연도,https://www.ksponco.or.kr/lib/book/one/view?book_seq=1028000&isbn=9791159874512&mid=b30201000000,북랩,,포함
볼티모어의 서:조엘 디케르 장편소설,"디케르, 조엘",장편소설,2017,발행 연도,https://www.ksponco.or.kr/lib/book/one/view?book_seq=1027455&isbn=9788984373327&mid=b30201000000,밝은세상,,포함
배반:폴 비티 장편소설,"비티, 폴",장편소설,2017,발행 연도,https://www.ksponco.or.kr/lib/book/one/view?book_seq=1027451&isbn=9788932918594&mid=b30201000000,열린책들,,포함
여기까지가 미래입니다:황인찬 시집,황인찬,시,2022,발행 연도,https://www.ksponco.or.kr/lib/book/one/view?book_seq=1034217&isbn=9791156625810&mid=b30201000000,아시아,,중복 제외 (앞 순위 출처에 있음)
백권의 그림책:그림책을 사랑하는 모든 이들에게,"솔즈베리, 마틴",동화,2016,발행 연도,https://www.ksponco.or.kr/lib/book/one/view?book_seq=1025271&isbn=9788952776631&mid=b30201000000,시공아트,,포함
이건희 에세이,이건희,수필,1997,발행 연도,https://www.ksponco.or.kr/lib/book/one/view?book_seq=1014252&isbn=8970901426&mid=b30201000000,동아일보사,,포함
버드나무의 네 가지 삶:샨사 소설,샨사,소설,2009,발행 연도,https://www.ksponco.or.kr/lib/book/one/view?book_seq=1022251&isbn=9788972754336&mid=b30201000000,현대문학,,포함
객주:김주영 장편소설.1,김주영,장편소설,2013,발행 연도,https://www.ksponco.or.kr/lib/book/one/view?book_seq=1021642&isbn=9788954621083&mid=b30201000000,문학동네,,포함
베스트 세계 명작 동화.로빈슨 크루소 18,"디포, 대니얼",동화,2012,발행 연도,https://www.ksponco.or.kr/lib/book/one/view?book_seq=1024127&isbn=9788993929669&mid=b30201000000,훈민,,포함
엄마 아빠 기다리신다:박완서 그림동화,박완서,동화,2014,발행 연도,https://www.ksponco.or.kr/lib/book/one/view?book_seq=1022881&isbn=9788972887522&mid=b30201000000,작가정신,,포함
신의 아이 2 : 야쿠마루 가쿠 장편소설,야쿠마루 가쿠,장편소설,2019,발행 연도,https://www.ksponco.or.kr/lib/book/one/view?book_seq=1030045&isbn=9791189178079&mid=b30201000000,몽실북스,,포함
(진짜 진짜 재밌는) 멸종위기동물 그림책,"우트리지, 사라",동화,2015,발행 연도,https://www.ksponco.or.kr/lib/book/one/view?book_seq=1028098&isbn=9791186073681&mid=b30201000000,부즈펌어린이,,포함
사랑의 생애:이승우 장편소설,이승우,장편소설,2017,발행 연도,https://www.ksponco.or.kr/lib/book/one/view?book_seq=1027539&isbn=9788959134823&mid=b30201000000,예담,,포함
헛개나무 집 : 김상렬 연작·소설집,김상렬,단편소설,2016,발행 연도,https://www.ksponco.or.kr/lib/book/one/view?book_seq=1027070&isbn=9788930006330&mid=b30201000000,나남,,포함
태양은 움직이지 않는다 : 요시다 슈이치 장편소설,요시다 슈이치,장편소설,2013,발행 연도,https://www.ksponco.or.kr/lib/book/one/view?book_seq=1025398&isbn=9788956607313&mid=b30201000000,은행나무,,포함
한눈에 펼쳐보는 문화유산 그림책,이광표,동화,2023,발행 연도,https://www.ksponco.or.kr/lib/book/one/view?book_seq=1035893&isbn=9791193003084&mid=b30201000000,진선아이,,포함
반반 무 많이 : 김소연 소설집,김소연,단편소설,2021,발행 연도,https://www.ksponco.or.kr/lib/book/one/view?book_seq=1034690&isbn=9791190893930&mid=b30201000000,서해문집,,중복 제외 (앞 순위 출처에 있음)
달의 영휴:사토 쇼고 장편소설,사토 쇼고,장편소설,2017,발행 연도,https://www.ksponco.or.kr/lib/book/one/view?book_seq=1027793&isbn=9788965746393&mid=b30201000000,해냄,,포함
내 왼쪽 가슴속의 밭:박형진 시집,박형진,시,2022,발행 연도,https://www.ksponco.or.kr/lib/book/one/view?book_seq=1034406&isbn=9788960216297&mid=b30201000000,천년의시작,,포함
"이십세기 한국소설-15.김성한, 장용학, 박경리, 오상원, 송병수 외",이십세기 한국소설,소설,2012,발행 연도,https://www.ksponco.or.kr/lib/book/one/view?book_seq=1022127&isbn=9788936462253&mid=b30201000000,창비,,포함
옥상에서 만나요 : 정세랑 소설집,정세랑,단편소설,2018,발행 연도,https://www.ksponco.or.kr/lib/book/one/view?book_seq=1029301&isbn=9788936437534&mid=b30201000000,창비,,중복 제외 (앞 순위 출처에 있음)
윈터:마리사 마이어 장편소설 1,"마이어, 마리사",장편소설,2016,발행 연도,https://www.ksponco.or.kr/lib/book/one/view?book_seq=1025285&isbn=9791158790462&mid=b30201000000,북로드,,포함
회복기 : 허은실 시집,허은실,시,2022,발행 연도,https://www.ksponco.or.kr/lib/book/one/view?book_seq=1035662&isbn=9788954689120&mid=b30201000000,문학동네,,포함
세계전래동화 루텍의 황금 오리,기탄출판 이경순,동화,2006,발행 연도,https://www.ksponco.or.kr/lib/book/one/view?book_seq=1023396&isbn=9788979590111&mid=b30201000000,기탄출판,,포함
바람의 잔해를 줍다 : 제스민 워드 장편소설,워드 제스민,장편소설,2012,발행 연도,https://www.ksponco.or.kr/lib/book/one/view?book_seq=1025369&isbn=9788956606576&mid=b30201000000,은행나무,,포함
대도시의 사랑법 : 박상영 연작소설,박상영,소설,2019,발행 연도,https://www.ksponco.or.kr/lib/book/one/view?book_seq=1030300&isbn=9788936437978&mid=b30201000000,창비,,중복 제외 (앞 순위 출처에 있음)
세계전래동화 호랑이에게 왜 줄무늬가 생겼을까,기탄출판 김현우,동화,2006,발행 연도,https://www.ksponco.or.kr/lib/book/one/view?book_seq=1023464&isbn=9788979590289&mid=b30201000000,기탄출판,,포함
푸른 늑대의 파수꾼:김은진 장편소설,김은진,장편소설,2016,발행 연도,https://www.ksponco.or.kr/lib/book/one/view?book_seq=1024140&isbn=9788936456726&mid=b30201000000,창비,,포함
키메라의 땅 : 베르나르 베르베르 장편소설,"베르베르, 베르나르",장편소설,2025,발행 연도,https://www.ksponco.or.kr/lib/book/one/view?book_seq=1037312&isbn=9788932925349&mid=b30201000000,열린책들,,포함
다시 현실과 전통의 지평에서,유홍준,평론,1996,발행 연도,https://www.ksponco.or.kr/lib/book/one/view?book_seq=1015965&isbn=8936411489&mid=b30201000000,창작과비평사,,포함
당신을 부르며 살았다:마종기 시작 에세이,마종기,수필,2010,발행 연도,https://www.ksponco.or.kr/lib/book/one/view?book_seq=1021578&isbn=9788994343037&mid=b30201000000,비채,,포함
낯설지만 익숙한:심윤서 장편소설,심윤서,장편소설,2015,발행 연도,https://www.ksponco.or.kr/lib/book/one/view?book_seq=1025036&isbn=9791129568007&mid=b30201000000,가하,,포함
안녕하다(고정순 산문집),고정순,수필,2016,발행 연도,https://www.ksponco.or.kr/lib/book/one/view?book_seq=1025628&isbn=9791195658527&mid=b30201000000,제철소,,포함
동화 넘어 인문학:미운 오리 새끼도 행복한 어른을 꿈꾼다,조정현,동화,2017,발행 연도,https://www.ksponco.or.kr/lib/book/one/view?book_seq=1027339&isbn=9788932473536&mid=b30201000000,을유문화사,,포함
영어 그림책의 기적,전은주,동화,2017,발행 연도,https://www.ksponco.or.kr/lib/book/one/view?book_seq=1026092&isbn=9788956055619&mid=b30201000000,북하우스 퍼블리셔스,,포함
더하고 빼기만 해도 : 별다름 동시집,별다름,노래,2022,발행 연도,https://www.ksponco.or.kr/lib/book/one/view?book_seq=1035044&isbn=9791170440925&mid=b30201000000,소원나무,,포함
내 마음의 동시 4학년,엄기원,노래,2005,발행 연도,https://www.ksponco.or.kr/lib/book/one/view?book_seq=1023346&isbn=9788981068462&mid=b30201000000,계림,,포함
소설 속을 거닐다,김경옥,소설,2009,발행 연도,https://www.ksponco.or.kr/lib/book/one/view?book_seq=1025378&isbn=9788993210255&mid=b30201000000,장서가,,포함
세계전래동화 개구리 아가씨,기탄출판 김삼진,동화,2006,발행 연도,https://www.ksponco.or.kr/lib/book/one/view?book_seq=1023371&isbn=9788979590227&mid=b30201000000,기탄출판,,포함
세계전래동화 마법에 걸린 새,기탄출판 이붕,동화,2006,발행 연도,https://www.ksponco.or.kr/lib/book/one/view?book_seq=1023397&isbn=9788979590210&mid=b30201000000,기탄출판,,포함
양배추를 응원해 주세요 : 온선영 동화,온선영,동화,2026,발행 연도,https://www.ksponco.or.kr/lib/book/one/view?book_seq=1038052&isbn=9788936451684&mid=b30201000000,창비,,포함
변방에 피는 꽃 : 이경희 에세이집,이경희,수필,2011,발행 연도,https://www.ksponco.or.kr/lib/book/one/view?book_seq=1025371&isbn=9788993280319&mid=b30201000000,학이사,,포함
세계전래동화 초승달 호수,기탄출판 이규희,동화,2006,발행 연도,https://www.ksponco.or.kr/lib/book/one/view?book_seq=1023450&isbn=9788979598919&mid=b30201000000,기탄출판,,포함
세계전래동화 세 왕자의 모험,기탄출판 문선희,동화,2006,발행 연도,https://www.ksponco.or.kr/lib/book/one/view?book_seq=1023419&isbn=9788979590197&mid=b30201000000,기탄출판,,포함
귤이: 서지현 그림책,서지현,동화,2021,발행 연도,https://www.ksponco.or.kr/lib/book/one/view?book_seq=1033136&isbn=9791158362300&mid=b30201000000,책읽는곰,,포함
장미의 은하:박춘석 시집,박춘석,시,2021,발행 연도,https://www.ksponco.or.kr/lib/book/one/view?book_seq=1034228&isbn=9788961043083&mid=b30201000000,한국문연,,포함
원조 프로파일러 명탐정홈즈의 추리 : 통학문적 접근,정계섭,소설,2012,발행 연도,https://www.ksponco.or.kr/lib/book/one/view?book_seq=1025385&isbn=9788981729325&mid=b30201000000,교유사,,포함
톨스토이 동화,톨스토이 레프 니콜라예비치,동화,2003,발행 연도,https://www.ksponco.or.kr/lib/book/one/view?book_seq=1023363&isbn=9788915032101&mid=b30201000000,삼성출판사,,포함
바퀴벌레:요 네스뵈 장편소설,"네스뵈, 요",장편소설,2016,발행 연도,https://www.ksponco.or.kr/lib/book/one/view?book_seq=1025068&isbn=9788934975519&mid=b30201000000,비채,,포함
희지의 세계:황인찬 시집,황인찬,시,2015,발행 연도,https://www.ksponco.or.kr/lib/book/one/view?book_seq=1021283&isbn=9788937408342&mid=b30201000000,민음사,,포함
우리 시대의 소설가 박완서를 찾아서,박완서,소설,2002,발행 연도,https://www.ksponco.or.kr/lib/book/one/view?book_seq=1013102&isbn=8901039087&mid=b30201000000,웅진닷컴,,포함
나목:박완서 장편소설,박완서,장편소설,2012,발행 연도,https://www.ksponco.or.kr/lib/book/one/view?book_seq=1021475&isbn=9788933801741&mid=b30201000000,세계사,,중복 제외 (앞 순위 출처에 있음)
화이트 밸런스 : 김민주 소설집,김민주,단편소설,2020,발행 연도,https://www.ksponco.or.kr/lib/book/one/view?book_seq=1032495&isbn=9788982182631&mid=b30201000000,강,,포함
미쓰윤의 알바일지 : 14년차 알바생의 웃픈 노동 에세이,윤이나,수필,2016,발행 연도,https://www.ksponco.or.kr/lib/book/one/view?book_seq=1025602&isbn=9788959894024&mid=b30201000000,미래의창,,포함
딥뉴스 : 안형준 장편소설,안형준,장편소설,2018,발행 연도,https://www.ksponco.or.kr/lib/book/one/view?book_seq=1029544&isbn=9791187192916&mid=b30201000000,새움출판사,,포함
브리짓 존스의 베이비:헬렌 필딩 장편소설,"필딩, 헬렌",장편소설,2017,발행 연도,https://www.ksponco.or.kr/lib/book/one/view?book_seq=1027809&isbn=9788970129648&mid=b30201000000,문학사상,,포함
세계전래동화 당나귀 울음소리,기탄출판 차원재,동화,2006,발행 연도,https://www.ksponco.or.kr/lib/book/one/view?book_seq=1023392&isbn=9788979590296&mid=b30201000000,기탄출판,,포함
꽃을 품다:한복용 꽃 에세이,한복용,수필,2019,발행 연도,https://www.ksponco.or.kr/lib/book/one/view?book_seq=1031619&isbn=9791160841008&mid=b30201000000,인간과문학,,포함
소설 독도,황인경,소설,2015,발행 연도,https://www.ksponco.or.kr/lib/book/one/view?book_seq=1025544&isbn=9788997383559&mid=b30201000000,Book Star(북스타),,포함
악플 전쟁:이규희 장편동화,이규희,동화,2013,발행 연도,https://www.ksponco.or.kr/lib/book/one/view?book_seq=1022913&isbn=9788997798131&mid=b30201000000,별숲,,포함
매스커레이드 나이트 : 히가시노 게이고 장편소설,히가시노 게이고,장편소설,2018,발행 연도,https://www.ksponco.or.kr/lib/book/one/view?book_seq=1028833&isbn=9788972758990&mid=b30201000000,현대문학,,포함
베스트 세계 명작 동화.헨젤과 그레텔 4,그림형제,동화,2012,발행 연도,https://www.ksponco.or.kr/lib/book/one/view?book_seq=1024113&isbn=9788993929409&mid=b30201000000,훈민,,포함
미지를 위한 루바토 : 김선오 산문집,김선오,수필,2022,발행 연도,https://www.ksponco.or.kr/lib/book/one/view?book_seq=1035609&isbn=9791189467708&mid=b30201000000,아침달,,포함
피에로들의 집:윤대녕 장편소설,윤대녕,장편소설,2016,발행 연도,https://www.ksponco.or.kr/lib/book/one/view?book_seq=1023915&isbn=9788954639637&mid=b30201000000,문학동네,,포함
섬에 있는 서점:개브리얼 제빈 장편소설,"제빈, 개브리얼",장편소설,2017,발행 연도,https://www.ksponco.or.kr/lib/book/one/view?book_seq=1027596&isbn=9788954648301&mid=b30201000000,문학동네,,포함
춘천 사는 이야기 : 전상국 산문집,전상국,수필,2017,발행 연도,https://www.ksponco.or.kr/lib/book/one/view?book_seq=1028004&isbn=9788962532012&mid=b30201000000,연인M&B,,포함
별 신화와 말의 기원,문창범,소설,2024,발행 연도,https://www.ksponco.or.kr/lib/book/one/view?book_seq=1037868&isbn=9788955069785&mid=b30201000000,동인,,포함
손을 잡으면 눈이 녹아:장수양 시집,장수양,시,2021,발행 연도,https://www.ksponco.or.kr/lib/book/one/view?book_seq=1033120&isbn=9788954677639&mid=b30201000000,문학동네,,포함
그들이 사라진 뒤에:조수경 장편소설,조수경,장편소설,2021,발행 연도,https://www.ksponco.or.kr/lib/book/one/view?book_seq=1034241&isbn=9791160406849&mid=b30201000000,한겨레,,포함
튜브 : 손원평 장편소설,손원평,장편소설,2022,발행 연도,https://www.ksponco.or.kr/lib/book/one/view?book_seq=1034308&isbn=9788936434625&mid=b30201000000,창비,,중복 제외 (앞 순위 출처에 있음)
우리의 커튼콜은 코끼리와 반반 : 임효빈 시집,임효빈,시,2022,발행 연도,https://www.ksponco.or.kr/lib/book/one/view?book_seq=1035649&isbn=9791192651026&mid=b30201000000,여우난골,,포함
어느 날 똑똑 : 박지희 그림책,박지희,동화,2024,발행 연도,https://www.ksponco.or.kr/lib/book/one/view?book_seq=1037698&isbn=9791165884062&mid=b30201000000,북극곰,,포함
당신의 이름을 지어다가 며칠은 먹었다:박준 시집,박준,시,2012,발행 연도,https://www.ksponco.or.kr/lib/book/one/view?book_seq=1021431&isbn=9788954619578&mid=b30201000000,문학동네,,포함
우리는 한편이야:정영애 장편동화,정영애,동화,2010,발행 연도,https://www.ksponco.or.kr/lib/book/one/view?book_seq=1023884&isbn=9788957981580&mid=b30201000000,푸른책들,,포함
받침없는동화1. 도깨비의 귀가 아파요,한규호,동화,2012,발행 연도,https://www.ksponco.or.kr/lib/book/one/view?book_seq=1023770&isbn=9788998172015&mid=b30201000000,받침없는동화,,포함
레이디 맥도날드 : 한은형 장편소설,한은형,장편소설,2022,발행 연도,https://www.ksponco.or.kr/lib/book/one/view?book_seq=1034072&isbn=9788954685733&mid=b30201000000,문학동네,,포함
"마법 숲 탐정.1,사과숲 이층집의 전설",선자은,소설,2021,발행 연도,https://www.ksponco.or.kr/lib/book/one/view?book_seq=1035680&isbn=9791190409032&mid=b30201000000,슈크림북,,포함
유원 : 백온유 장편소설,백온유,장편소설,2020,발행 연도,https://www.ksponco.or.kr/lib/book/one/view?book_seq=1031801&isbn=9788936456962&mid=b30201000000,창비,,중복 제외 (앞 순위 출처에 있음)
아주 긴 변명:니시카와 미와 장편소설,니시카와 미와,장편소설,2017,발행 연도,https://www.ksponco.or.kr/lib/book/one/view?book_seq=1026123&isbn=9791186686188&mid=b30201000000,무소의뿔,,포함
베스트 세계 명작 동화.아기돼지 삼형제 16,"제이콥스, 조셉",동화,2012,발행 연도,https://www.ksponco.or.kr/lib/book/one/view?book_seq=1024125&isbn=9788993929607&mid=b30201000000,훈민,,포함
베스트 세계 명작 동화.잭과 콩줄기 5,영국민화,동화,2012,발행 연도,https://www.ksponco.or.kr/lib/book/one/view?book_seq=1024114&isbn=9788993929416&mid=b30201000000,훈민,,포함
베스트 세계 명작 동화.톰 소여의 모험 22,"트웨인, 마크",동화,2012,발행 연도,https://www.ksponco.or.kr/lib/book/one/view?book_seq=1024131&isbn=9788993929737&mid=b30201000000,훈민,,포함
베스트 세계 명작 동화.벌거벗은 임금님 15,안데르센,동화,2012,발행 연도,https://www.ksponco.or.kr/lib/book/one/view?book_seq=1024124&isbn=9788993929584&mid=b30201000000,훈민,,포함
베스트 세계 명작 동화.정글북 17,"키플링, J.R.",동화,2012,발행 연도,https://www.ksponco.or.kr/lib/book/one/view?book_seq=1024126&isbn=9788993929652&mid=b30201000000,훈민,,포함
이어달리기 : 조우리 연작소설,조우리,소설,2022,발행 연도,https://www.ksponco.or.kr/lib/book/one/view?book_seq=1034445&isbn=9791160407525&mid=b30201000000,한겨레출판,,포함
골말 산지당골 대장간에서 제누리 먹다:허림 시집,허림,시,2021,발행 연도,https://www.ksponco.or.kr/lib/book/one/view?book_seq=1034205&isbn=9791191668216&mid=b30201000000,달아실,,포함
메르타 할머니 라스베이거스로 가다:카타리나 잉엘만순드베리 장편소설,"잉엘만순드베리, 카타리나",장편소설,2017,발행 연도,https://www.ksponco.or.kr/lib/book/one/view?book_seq=1026149&isbn=9788932918211&mid=b30201000000,열린책들,,포함
시대의 소음 :줄리언 반스 장편소설,"반스, 줄리언",장편소설,2017,발행 연도,https://www.ksponco.or.kr/lib/book/one/view?book_seq=1026676&isbn=9791130612485&mid=b30201000000,다산책방,,포함
용선생의 시끌벅적 한국사 8,금현진 손정혜 주유정 김우택,평론,2012,발행 연도,https://www.ksponco.or.kr/lib/book/one/view?book_seq=1017634&isbn=9788964355282&mid=b30201000000,사회평론,,포함
더 나은 세상을 찾아서:최민식 사진에세이,최민식,수필,2012,발행 연도,https://www.ksponco.or.kr/lib/book/one/view?book_seq=1020648&isbn=9788996812722&mid=b30201000000,로도스,,포함
"엄마 딸 하정연이야,양인자 장편동화",양인자,동화,2014,발행 연도,https://www.ksponco.or.kr/lib/book/one/view?book_seq=1022859&isbn=9788909187015&mid=b30201000000,교학사,,포함
중국신화전설.1,워앤커,소설,2007,발행 연도,https://www.ksponco.or.kr/lib/book/one/view?book_seq=1021760&isbn=9788937460166&mid=b30201000000,민음사,,포함
간과 강 : 동이향 희곡집,동이향,희곡,2025,발행 연도,https://www.ksponco.or.kr/lib/book/one/view?book_seq=1037592&isbn=9791193412909&mid=b30201000000,걷는사람,,포함
그것이 나만은 아니기를:구병모 소설집,구병모,단편소설,2015,발행 연도,https://www.ksponco.or.kr/lib/book/one/view?book_seq=1026432&isbn=9788932027173&mid=b30201000000,문학과지성사,,포함
수잔 이펙트:페터 회 장편소설,"회, 페터",장편소설,2017,발행 연도,https://www.ksponco.or.kr/lib/book/one/view?book_seq=1026176&isbn=9788972758150&mid=b30201000000,현대문학,,포함
베스트 세계 명작 동화.오즈의 마법사 19,"바움, 프랭크",동화,2012,발행 연도,https://www.ksponco.or.kr/lib/book/one/view?book_seq=1024128&isbn=9788993929683&mid=b30201000000,훈민,,포함
너무 시끄러운 고독:보후밀 흐라발 장편소설,"흐라발, 보후밀",장편소설,2016,발행 연도,https://www.ksponco.or.kr/lib/book/one/view?book_seq=1025963&isbn=9788954641548&mid=b30201000000,문학동네,,포함
베스트 세계 명작 동화.이솝 이야기 23,이솝,동화,2012,발행 연도,https://www.ksponco.or.kr/lib/book/one/view?book_seq=1024132&isbn=9788993929751&mid=b30201000000,훈민,,포함
삿포로의 여인:이순원 장편소설,이순원,장편소설,2016,발행 연도,https://www.ksponco.or.kr/lib/book/one/view?book_seq=1024226&isbn=9788927807506&mid=b30201000000,문예중앙,,포함
추리 천재 엉덩이 탐정 9,트롤,소설,2020,발행 연도,https://www.ksponco.or.kr/lib/book/one/view?book_seq=1031482&isbn=9791164134090&mid=b30201000000,아이세움,,포함
신현림의 세계명화와 뛰노는 동시 놀이터,신현림,노래,2012,발행 연도,https://www.ksponco.or.kr/lib/book/one/view?book_seq=1026120&isbn=9788952221421&mid=b30201000000,살림,,포함
레슨 인 케미스트리 2 : 보니 가머스 장편소설,"가머스, 보니",장편소설,2022,발행 연도,https://www.ksponco.or.kr/lib/book/one/view?book_seq=1035408&isbn=9791130620848&mid=b30201000000,다산책방,,포함
츠바키 문구점:오가와 이토 장편소설,오가와 이토,장편소설,2017,발행 연도,https://www.ksponco.or.kr/lib/book/one/view?book_seq=1027593&isbn=9788959135172&mid=b30201000000,위즈덤하우스 미디어그룹,,포함
달항아리 어머니 : 유재영 시조집,유재영,시조,2025,발행 연도,https://www.ksponco.or.kr/lib/book/one/view?book_seq=1037602&isbn=9788971909027&mid=b30201000000,동학사,,포함
유행가들 : 김형수 에세이,김형수,수필,2020,발행 연도,https://www.ksponco.or.kr/lib/book/one/view?book_seq=1032905&isbn=9788954445719&mid=b30201000000,자음과모음,,포함
행성 1 : 베르나르 베르베르 장편소설,"베르베르, 베르나르",장편소설,2022,발행 연도,https://www.ksponco.or.kr/lib/book/one/view?book_seq=1034160&isbn=9788932922362&mid=b30201000000,열린책들,,포함
호랑이 생일날이렷다 : 강혜숙 그림책,강혜숙,동화,2022,발행 연도,https://www.ksponco.or.kr/lib/book/one/view?book_seq=1034113&isbn=9791167550347&mid=b30201000000,우리학교,,포함
어느 날 걱정나무가 뽑혔다,홍종의,노래,2021,발행 연도,https://www.ksponco.or.kr/lib/book/one/view?book_seq=1033157&isbn=9788911128495&mid=b30201000000,국민서관,,포함
신화가 된 여자 오프라 윈프리,자넷 로우,소설,2002,발행 연도,https://www.ksponco.or.kr/lib/book/one/view?book_seq=1014112&isbn=8987999483&mid=b30201000000,청년정신,,포함
비밀의 계절:도나 타트 장편소설 1,"타트, 도나",장편소설,2015,발행 연도,https://www.ksponco.or.kr/lib/book/one/view?book_seq=1026474&isbn=9788956608808&mid=b30201000000,은행나무,,포함
사이코패스 : 박상현 희곡집,박상현,희곡,2024,발행 연도,https://www.ksponco.or.kr/lib/book/one/view?book_seq=1037577&isbn=9791188343737&mid=b30201000000,제철소,,포함
뭐하니? 놀기 딱 좋은 날인데!:김기정 장편 동화,김기정,동화,2010,발행 연도,https://www.ksponco.or.kr/lib/book/one/view?book_seq=1023939&isbn=9788989646532&mid=b30201000000,낮은산,,포함
"사랑이라니, 선영아:김연수 장편소설",김연수,장편소설,2015,발행 연도,https://www.ksponco.or.kr/lib/book/one/view?book_seq=1021273&isbn=9788954637817&mid=b30201000000,문학동네,,중복 제외 (앞 순위 출처에 있음)
이천이십 신춘문예당선소설집,임수정 외,단편소설,2020,발행 연도,https://www.ksponco.or.kr/lib/book/one/view?book_seq=1032162&isbn=9791170320784&mid=b30201000000,한국소설가협회,,포함
까멜리아 싸롱 : 고수리 장편소설,고수리,장편소설,2024,발행 연도,https://www.ksponco.or.kr/lib/book/one/view?book_seq=1037607&isbn=9791193235263&mid=b30201000000,클레이하우스,,포함
베스트 세계 명작 동화.손오공 21,오승은,동화,2012,발행 연도,https://www.ksponco.or.kr/lib/book/one/view?book_seq=1024130&isbn=9788993929713&mid=b30201000000,훈민,,포함
베스트 세계 명작 동화.빨강머리 앤 6,몽고메리,동화,2012,발행 연도,https://www.ksponco.or.kr/lib/book/one/view?book_seq=1024115&isbn=9788993929430&mid=b30201000000,훈민,,포함
사랑을 기억하는 방식 :김주대 시집,김주대,시,2017,발행 연도,https://www.ksponco.or.kr/lib/book/one/view?book_seq=1026477&isbn=9788960213142&mid=b30201000000,천년의시작,,포함
낮이 말라 밤이 차오르듯:조달곤 시집,조달곤,시,2021,발행 연도,https://www.ksponco.or.kr/lib/book/one/view?book_seq=1033118&isbn=9791160201512&mid=b30201000000,솔,,포함
스크롤!: 정지돈 장편소설,정지,장편소설,2022,발행 연도,https://www.ksponco.or.kr/lib/book/one/view?book_seq=1034444&isbn=9788937473357&mid=b30201000000,민음사,,포함
소년아 나를 꺼내 줘:김진나 장편소설,김진나,장편소설,2017,발행 연도,https://www.ksponco.or.kr/lib/book/one/view?book_seq=1027240&isbn=9791160941050&mid=b30201000000,사계절,,포함
마지막 레벨 업: 윤영주 장편동화,윤영주,동화,2021,발행 연도,https://www.ksponco.or.kr/lib/book/one/view?book_seq=1033167&isbn=9788936443177&mid=b30201000000,창비,,포함
그램그램 영문법 원정대13 관계대명사,장영준,평론,2012,발행 연도,https://www.ksponco.or.kr/lib/book/one/view?book_seq=1024299&isbn=9788964350935&mid=b30201000000,사회평론,,포함
오늘도 호라는 라라라 : 김선정 창작동화,김선정,동화,2026,발행 연도,https://www.ksponco.or.kr/lib/book/one/view?book_seq=1038055&isbn=9791169814300&mid=b30201000000,사계절,,포함
우먼 인 캐빈 십:루스 웨어 장편소설,"웨어, 루스",장편소설,2017,발행 연도,https://www.ksponco.or.kr/lib/book/one/view?book_seq=1026764&isbn=9788959135141&mid=b30201000000,예담,,포함
금시조,이문열,시조,2006,발행 연도,https://www.ksponco.or.kr/lib/book/one/view?book_seq=1024281&isbn=9788937841767&mid=b30201000000,대한교과서,,중복 제외 (앞 순위 출처에 있음)
베스트 세계 명작 동화.신데렐라 9,"페로, 샤를",동화,2012,발행 연도,https://www.ksponco.or.kr/lib/book/one/view?book_seq=1024118&isbn=9788993929485&mid=b30201000000,훈민,,포함
그램그램 영문법 원정대12 수동태,장영준,평론,2012,발행 연도,https://www.ksponco.or.kr/lib/book/one/view?book_seq=1024282&isbn=9788964350461&mid=b30201000000,사회평론,,포함
그램그램 영문법 원정대14 문장2,장영준,평론,2012,발행 연도,https://www.ksponco.or.kr/lib/book/one/view?book_seq=1024298&isbn=9788964351017&mid=b30201000000,사회평론,,포함
장미의 이름:움베르토 에코 장편소설 1,"에코, 움베르토",장편소설,2006,발행 연도,https://www.ksponco.or.kr/lib/book/one/view?book_seq=1025232&isbn=9788932906751&mid=b30201000000,열린책들,,포함
베스트 세계 명작 동화.어린왕자 29,생텍쥐페리,동화,2012,발행 연도,https://www.ksponco.or.kr/lib/book/one/view?book_seq=1024138&isbn=9788993929867&mid=b30201000000,훈민,,포함
키드키드 한영동화 나는 되고 싶어,이미애,동화,2009,발행 연도,https://www.ksponco.or.kr/lib/book/one/view?book_seq=1024342&isbn=9788985933759&mid=b30201000000,씽크스마트,,포함
그램그램 영문법 원정대 15,장영준,평론,2010,발행 연도,https://www.ksponco.or.kr/lib/book/one/view?book_seq=1029209&isbn=9788964351093&mid=b30201000000,사회평론,,포함
새벽 세시 바람이 부나요?:다니엘 글라타우어 장편소설,"글라타우어, 다니엘",장편소설,2015,발행 연도,https://www.ksponco.or.kr/lib/book/one/view?book_seq=1024002&isbn=9788954605335&mid=b30201000000,문학동네,,포함
마지막으로 할 만한 멋진 일:제임스 팁트리 주니어 소설집,제임스 팁트리 주니어,단편소설,2016,발행 연도,https://www.ksponco.or.kr/lib/book/one/view?book_seq=1025975&isbn=9791187206361&mid=b30201000000,아작,,포함
기척 : 레이철 호킨스 장편소설,"호킨스, 레이철",장편소설,2022,발행 연도,https://www.ksponco.or.kr/lib/book/one/view?book_seq=1034470&isbn=9791192579047&mid=b30201000000,모모,,포함
정약용의 여인들:최문희 장편소설,최문희,장편소설,2017,발행 연도,https://www.ksponco.or.kr/lib/book/one/view?book_seq=1026528&isbn=9791130611068&mid=b30201000000,다산책방,,포함
아주 오랜만에 행복하다는 느낌 : 백수린 에세이,백수린,수필,2022,발행 연도,https://www.ksponco.or.kr/lib/book/one/view?book_seq=1034967&isbn=9788936438869&mid=b30201000000,창비,,중복 제외 (앞 순위 출처에 있음)
짧은 동화 긴 생각 1,이규경,동화,2011,발행 연도,https://www.ksponco.or.kr/lib/book/one/view?book_seq=1023135&isbn=9788928100668&mid=b30201000000,효리원,,포함
기억의 사각지대 : 김동준 시집,김동준,시,2020,발행 연도,https://www.ksponco.or.kr/lib/book/one/view?book_seq=1032301&isbn=9791186111796&mid=b30201000000,시와에세이,,포함
가짜 팔로 하는 포옹:김중혁 소설,김중혁,소설,2015,발행 연도,https://www.ksponco.or.kr/lib/book/one/view?book_seq=1021307&isbn=9788954637107&mid=b30201000000,문학동네,,포함
무코다 이발소:오쿠다 히데오 소설,오쿠다 히데오,소설,2017,발행 연도,https://www.ksponco.or.kr/lib/book/one/view?book_seq=1025978&isbn=9791158790554&mid=b30201000000,북로드,,포함
난생 처음 한번 공부하는 미술 이야기 2,양정무,평론,2016,발행 연도,https://www.ksponco.or.kr/lib/book/one/view?book_seq=1024433&isbn=9788964358306&mid=b30201000000,사회평론,,포함
그램그램 영문법 원정대 17,장영준,평론,2016,발행 연도,https://www.ksponco.or.kr/lib/book/one/view?book_seq=1029207&isbn=9788964354360&mid=b30201000000,사회평론,,포함
조현설의 전설 에세이. 예천군 편,조현설,수필,2025,발행 연도,https://www.ksponco.or.kr/lib/book/one/view?book_seq=1037492&isbn=9791188071708&mid=b30201000000,물개,,포함
셈을 할 줄 아는 까막눈이 여자 [큰글자책] :요나스 요나손 장편소설,"요나손, 요나스",장편소설,2017,발행 연도,https://www.ksponco.or.kr/lib/book/one/view?book_seq=1026488&isbn=9788932918006&mid=b30201000000,열린책들,,포함
광장/구운몽 : 최인훈 장편소설,최인훈,장편소설,2019,발행 연도,https://www.ksponco.or.kr/lib/book/one/view?book_seq=1030339&isbn=9788932027098&mid=b30201000000,문학과지성사,,포함
한눈에펼쳐보는세계지도그림책,최선웅,동화,2011,발행 연도,https://www.ksponco.or.kr/lib/book/one/view?book_seq=1016515&isbn=9788972217176&mid=b30201000000,진선아이,,포함
감정 백과사전:내 안의 모든 감정과 만나는 그림책,"호프만, 메리",동화,2014,발행 연도,https://www.ksponco.or.kr/lib/book/one/view?book_seq=1022588&isbn=9788965461449&mid=b30201000000,밝은미래,,포함
네 기분은 어떤 색깔이니? : 최숙희 그림책,최숙희,동화,2023,발행 연도,https://www.ksponco.or.kr/lib/book/one/view?book_seq=1035354&isbn=9791158363925&mid=b30201000000,책읽는곰,,포함
포르투갈의 높은 산:얀 마텔 장편소설,"마텔, 얀",장편소설,2017,발행 연도,https://www.ksponco.or.kr/lib/book/one/view?book_seq=1027826&isbn=9791160260632&mid=b30201000000,작가정신,,포함
나와 청소년문학 20년,박상률,소설,2016,발행 연도,https://www.ksponco.or.kr/lib/book/one/view?book_seq=1027089&isbn=9788969150233&mid=b30201000000,학교도서관저널,,포함
그림책에 흔들리다,김미자,동화,2016,발행 연도,https://www.ksponco.or.kr/lib/book/one/view?book_seq=1025577&isbn=9791155250594&mid=b30201000000,낮은산,,포함
"난생 처음 한번 공부하는 미술 이야기., 1",양정무,평론,2016,발행 연도,https://www.ksponco.or.kr/lib/book/one/view?book_seq=1024195&isbn=9788964358290&mid=b30201000000,사회평론,,포함
프린세스 바리:박정윤 장편소설,박정윤,장편소설,2012,발행 연도,https://www.ksponco.or.kr/lib/book/one/view?book_seq=1026729&isbn=9788963700380&mid=b30201000000,다산책방:,,포함
새들이 모조리 사라진다면 : 리처드 파워스 장편소설,"파워스, 리처드",장편소설,2022,발행 연도,https://www.ksponco.or.kr/lib/book/one/view?book_seq=1034353&isbn=9788925578422&mid=b30201000000,RHK(알에이치코리아),,포함
오싹오싹 편의점 : 김영진 그림책,김영진,동화,2023,발행 연도,https://www.ksponco.or.kr/lib/book/one/view?book_seq=1035485&isbn=9791158364083&mid=b30201000000,책읽는곰,,포함
골목 끝 집:이노나 시집,이노나,시,2021,발행 연도,https://www.ksponco.or.kr/lib/book/one/view?book_seq=1034212&isbn=9791191478051&mid=b30201000000,인문엠앤비,,포함
술이 있으면 어디든 좋아:기타무라 가오루 장편소설,기타무라 카오루,장편소설,2016,발행 연도,https://www.ksponco.or.kr/lib/book/one/view?book_seq=1024217&isbn=9788972885757&mid=b30201000000,작가정신,,포함
바람 속에 들다 : 권현숙 수필집,권현숙,수필,2016,발행 연도,https://www.ksponco.or.kr/lib/book/one/view?book_seq=1027077&isbn=9788963394893&mid=b30201000000,책나무,,포함
미키세븐 : 에드워드 애슈턴 SF 장편소설,"애슈턴, 에드워드",장편소설,2022,발행 연도,https://www.ksponco.or.kr/lib/book/one/view?book_seq=1034302&isbn=9791170521730&mid=b30201000000,황금가지,,포함
이 시는 누워 있고 일어날 생각을 안 한다,임지은,시,2025,발행 연도,https://www.ksponco.or.kr/lib/book/one/view?book_seq=1037650&isbn=9788937409424&mid=b30201000000,민음사,,포함
날마다 만우절 : 윤성희 소설,윤성희,소설,2021,발행 연도,https://www.ksponco.or.kr/lib/book/one/view?book_seq=1033252&isbn=9788954680691&mid=b30201000000,문학동네,,포함
안녕 : 안녕달 그림책,안녕달,동화,2018,발행 연도,https://www.ksponco.or.kr/lib/book/one/view?book_seq=1028835&isbn=9788936455309&mid=b30201000000,창비,,포함
죽이고 싶은 아이 : 이꽃님 장편소설,이꽃님,장편소설,2023,발행 연도,https://www.ksponco.or.kr/lib/book/one/view?book_seq=1035514&isbn=9791167552082&mid=b30201000000,우리학교,,중복 제외 (앞 순위 출처에 있음)
믿음에 대하여 : 박상영 연작소설,박상영,소설,2022,발행 연도,https://www.ksponco.or.kr/lib/book/one/view?book_seq=1034313&isbn=9788954699808&mid=b30201000000,문학동네,,포함
인생은 소설이다,"뮈소, 기욤",소설,2020,발행 연도,https://www.ksponco.or.kr/lib/book/one/view?book_seq=1032633&isbn=9788984374164&mid=b30201000000,밝은세상,,포함
노랜드 : 천선란 소설집,천선란,단편소설,2022,발행 연도,https://www.ksponco.or.kr/lib/book/one/view?book_seq=1034303&isbn=9791160404944&mid=b30201000000,한겨레출판,,중복 제외 (앞 순위 출처에 있음)
산책 안에 담은 것들 : 이원 산문집,이원,수필,2016,발행 연도,https://www.ksponco.or.kr/lib/book/one/view?book_seq=1027078&isbn=9788984075849&mid=b30201000000,세종서적,,포함
나의 하루는 4시 30분에 시작된다,김유진,시,2020,발행 연도,https://www.ksponco.or.kr/lib/book/one/view?book_seq=1032355&isbn=9791158511906&mid=b30201000000,토네이도,,포함
평론가 K는 광주에서만 살았다 : 김형중 에세이,김형중,수필,2016,발행 연도,https://www.ksponco.or.kr/lib/book/one/view?book_seq=1027084&isbn=9791195907700&mid=b30201000000,난다,,포함
비탄의 문 2 : 미야베 미유키 장편소설,미야베 미유키,장편소설,2018,발행 연도,https://www.ksponco.or.kr/lib/book/one/view?book_seq=1029292&isbn=9788954653213&mid=b30201000000,문학동네,,포함
세계전래동화 처녀 쥐의 신랑 찾기,기탄출판 김완기,동화,2006,발행 연도,https://www.ksponco.or.kr/lib/book/one/view?book_seq=1023444&isbn=9788979590173&mid=b30201000000,기탄출판,,포함
그램그램 영문법 원정대 22,장영준,평론,2015,발행 연도,https://www.ksponco.or.kr/lib/book/one/view?book_seq=1031509&isbn=9788964357347&mid=b30201000000,사회평론,,포함
원미동 사람들:양귀자 연작소설,양귀자,소설,2013,발행 연도,https://www.ksponco.or.kr/lib/book/one/view?book_seq=1021416&isbn=9788998441005&mid=b30201000000,쓰다,,중복 제외 (앞 순위 출처에 있음)
황석영의 어린이 민담집 2 : 연오랑과 세오녀,황석영,소설,2023,발행 연도,https://www.ksponco.or.kr/lib/book/one/view?book_seq=1036054&isbn=9791165383626&mid=b30201000000,아이휴먼,,포함
하얗게 말려 쓰는 슬픔 : 김선아 시집,김선아,시,2022,발행 연도,https://www.ksponco.or.kr/lib/book/one/view?book_seq=1035660&isbn=9791192580029&mid=b30201000000,서정시학,,포함
우리를 행복하게 하는 것들 : 장석주 에세이,장석주,수필,2019,발행 연도,https://www.ksponco.or.kr/lib/book/one/view?book_seq=1030304&isbn=9788932474045&mid=b30201000000,을유문화사,,포함
한국단편소설 베스트37,김동인 외,단편소설,2009,발행 연도,https://www.ksponco.or.kr/lib/book/one/view?book_seq=1011452&isbn=9788976701060&mid=b30201000000,혜문서관,,포함
그램그램 영문법 원정대 21,장영준,평론,2014,발행 연도,https://www.ksponco.or.kr/lib/book/one/view?book_seq=1031508&isbn=9788964357330&mid=b30201000000,사회평론,,포함
경우 없는 세계 : 백온유 장편소설,백온유,장편소설,2023,발행 연도,https://www.ksponco.or.kr/lib/book/one/view?book_seq=1035491&isbn=9788936439026&mid=b30201000000,창비,,포함
형평사를 그리다:박구경 시집,박구경,시,2021,발행 연도,https://www.ksponco.or.kr/lib/book/one/view?book_seq=1034230&isbn=9788939230934&mid=b30201000000,실천문학사,,포함
은목서 피고 지는 조울의 시간 속에서 : 박두규 시집,박두규,시,2022,발행 연도,https://www.ksponco.or.kr/lib/book/one/view?book_seq=1034413&isbn=9791189898687&mid=b30201000000,b,,포함
여름의 빌라 : 백수린 소설,백수린,소설,2020,발행 연도,https://www.ksponco.or.kr/lib/book/one/view?book_seq=1031773&isbn=9788954673105&mid=b30201000000,문학동네,,중복 제외 (앞 순위 출처에 있음)
결혼이라는 소설 1,"유제니디스, 제프리",소설,2017,발행 연도,https://www.ksponco.or.kr/lib/book/one/view?book_seq=1027273&isbn=9788937434426&mid=b30201000000,민음사,,포함
고양이는 내게 행복하라고 말했다:에두아르도 하우레기 장편소설,"하우레기, 에두아르도",장편소설,2016,발행 연도,https://www.ksponco.or.kr/lib/book/one/view?book_seq=1025113&isbn=9791130610207&mid=b30201000000,다산책방,,포함
백팔요괴의 수염 : 김동식 주니어소설,김동식,소설,2024,발행 연도,https://www.ksponco.or.kr/lib/book/one/view?book_seq=1037667&isbn=9788969151698&mid=b30201000000,학교도서관저널,,포함
작별의 리듬 : 문학·예술에 관한 횡단 비평,이광호,평론,2024,발행 연도,https://www.ksponco.or.kr/lib/book/one/view?book_seq=1037666&isbn=9788932042497&mid=b30201000000,문학과지성사,,포함
베스트 세계 명작 동화.거인의 정원 8,"와일드, 오스카",동화,2012,발행 연도,https://www.ksponco.or.kr/lib/book/one/view?book_seq=1024117&isbn=9788993929478&mid=b30201000000,훈민,,포함
우리가 함께 장마를 볼 수도 있겠습니다 : 박준 시집,박준,시,2018,발행 연도,https://www.ksponco.or.kr/lib/book/one/view?book_seq=1029306&isbn=9788932034942&mid=b30201000000,문학과지성사,,포함
오래 보아야 예쁘다 너도 그렇다:나를 감싸 안는 따뜻한 시 문장들,나태주,시,2016,발행 연도,https://www.ksponco.or.kr/lib/book/one/view?book_seq=1025202&isbn=9788925558110&mid=b30201000000,알에이치코리아,,포함
머리 위를 조심해 : 이수진 소설,이수진,소설,2016,발행 연도,https://www.ksponco.or.kr/lib/book/one/view?book_seq=1027064&isbn=9788954642057&mid=b30201000000,문학동네,,포함
쓰엉 : 서성란 장편소설,서성란,장편소설,2016,발행 연도,https://www.ksponco.or.kr/lib/book/one/view?book_seq=1027065&isbn=9788965453772&mid=b30201000000,산지니,,포함
굿바이 아마레 : 문형렬 소설,문형렬,소설,2016,발행 연도,https://www.ksponco.or.kr/lib/book/one/view?book_seq=1027056&isbn=9791186748695&mid=b30201000000,나무옆의자,,포함
둥근 것을 보면 아프다 : 김남수 시집,김남수,시,2020,발행 연도,https://www.ksponco.or.kr/lib/book/one/view?book_seq=1032529&isbn=9791196362591&mid=b30201000000,상상인,,포함
아무도 아닌 : 황정은 소설,황정은,소설,2018,발행 연도,https://www.ksponco.or.kr/lib/book/one/view?book_seq=1030029&isbn=9788954643306&mid=b30201000000,문학동네,,중복 제외 (앞 순위 출처에 있음)
밤의 피크닉:온다 리쿠 장편소설,온다 리쿠,장편소설,2005,발행 연도,https://www.ksponco.or.kr/lib/book/one/view?book_seq=1025198&isbn=9788937830891&mid=b30201000000,북폴리오,,포함
장수하늘소 : 성선경 시집,성선경,시,2020,발행 연도,https://www.ksponco.or.kr/lib/book/one/view?book_seq=1032530&isbn=9791188903542&mid=b30201000000,서정시학,,포함
세종의 나라 1 : 김진명 장편소설,김진명,장편소설,2026,발행 연도,https://www.ksponco.or.kr/lib/book/one/view?book_seq=1038044&isbn=9791167764119&mid=b30201000000,이타북스,,포함
포로들의 춤 : 최수철 연작소설집,최수철,단편소설,2016,발행 연도,https://www.ksponco.or.kr/lib/book/one/view?book_seq=1027069&isbn=9788932028804&mid=b30201000000,문학과지성사,,포함
키드키드 한영동화 바보를 사랑한 공주,이미애,동화,2009,발행 연도,https://www.ksponco.or.kr/lib/book/one/view?book_seq=1024345&isbn=9788985933773&mid=b30201000000,씽크스마트,,포함
키드키드 한영동화 해와 달이 사라졌다,이미애,동화,2009,발행 연도,https://www.ksponco.or.kr/lib/book/one/view?book_seq=1024343&isbn=9788985933766&mid=b30201000000,씽크스마트,,포함
아름답습니까:권박 시집,권박,시,2021,발행 연도,https://www.ksponco.or.kr/lib/book/one/view?book_seq=1034262&isbn=9788932039183&mid=b30201000000,문학과지성사,,포함
인천 소설을 낳다,김진초 이목연 양진채 구자인혜 신미송 정이수,소설,2015,발행 연도,https://www.ksponco.or.kr/lib/book/one/view?book_seq=1025752&isbn=9788994519852&mid=b30201000000,케포이북스,,포함
호랑이를 잡은 반쪽이,최내옥,평론,2002,발행 연도,https://www.ksponco.or.kr/lib/book/one/view?book_seq=1038000&isbn=9788936440336&mid=b30201000000,창작과 비평사,,포함
천지신명은 여자의 말을 듣지 않지 : 김이삭 소설집,김이삭,단편소설,2024,발행 연도,https://www.ksponco.or.kr/lib/book/one/view?book_seq=1037727&isbn=9791168341968&mid=b30201000000,래빗홀 : 인플루엔셜,,포함
여름의 비행운 : 이혜령 소설집,이혜령,단편소설,2025,발행 연도,https://www.ksponco.or.kr/lib/book/one/view?book_seq=1038054&isbn=9791174760449&mid=b30201000000,소원나무,,포함
빙긋과 쿡:정진권 수필선,정진권,수필,2012,발행 연도,https://www.ksponco.or.kr/lib/book/one/view?book_seq=1021502&isbn=9788959253685&mid=b30201000000,좋은수필사:신아출판사,,포함
핏빛 자오선:코맥 매카시 장편소설,"매카시, 코맥",장편소설,2013,발행 연도,https://www.ksponco.or.kr/lib/book/one/view?book_seq=1022168&isbn=9788937490064&mid=b30201000000,민음사,,포함
거짓말을 먹는 나무:프랜시스 하딩 장편소설,"하딩, 프랜시스",장편소설,2017,발행 연도,https://www.ksponco.or.kr/lib/book/one/view?book_seq=1027265&isbn=9788925562223&mid=b30201000000,알에이치코리아,,포함
부다페스트 이야기 : 김솔 장편소설,김솔,장편소설,2020,발행 연도,https://www.ksponco.or.kr/lib/book/one/view?book_seq=1032889&isbn=9788937417849&mid=b30201000000,민음사,,포함
가벼운 선물 : 조해주 시집,조해주,시,2022,발행 연도,https://www.ksponco.or.kr/lib/book/one/view?book_seq=1035623&isbn=9788937409219&mid=b30201000000,민음사,,포함
시커의 영역:이수안 장편소설,이수안,장편소설,2022,발행 연도,https://www.ksponco.or.kr/lib/book/one/view?book_seq=1034243&isbn=9788954448000&mid=b30201000000,자음과모음,,포함
베스트 세계 명작 동화.이상한 나라의 앨리스 26,"캐럴, 루이스",동화,2012,발행 연도,https://www.ksponco.or.kr/lib/book/one/view?book_seq=1024135&isbn=9788993929829&mid=b30201000000,훈민,,포함
꽃이 된 씨앗 : The seed that became a flower : 토산초등학교 시그림책,토산초등학교 6학년 학생들,동화,2024,발행 연도,https://www.ksponco.or.kr/lib/book/one/view?book_seq=1037687&isbn=9791198978059&mid=b30201000000,문학산책,,포함
한 사람의 불확실 : 오은경 시집,오은경,시,2020,발행 연도,https://www.ksponco.or.kr/lib/book/one/view?book_seq=1032543&isbn=9788937408939&mid=b30201000000,민음사,,포함
검은 문을 녹이는: 김연필 시집,김연필,시,2021,발행 연도,https://www.ksponco.or.kr/lib/book/one/view?book_seq=1034203&isbn=9791191897074&mid=b30201000000,파란,,포함
종말의 소년 : 대전의 근현대사를 배경으로 한 최초의 에스에프소설,최참치,소설,2022,발행 연도,https://www.ksponco.or.kr/lib/book/one/view?book_seq=1035594&isbn=9791187919957&mid=b30201000000,모두의책,,포함
김승옥소설전집1-무진기행,김승옥,소설,2014,발행 연도,https://www.ksponco.or.kr/lib/book/one/view?book_seq=1017893&isbn=9788982818677&mid=b30201000000,문학동네,,포함
당신의 정면과 나의 정면이 반대로 움직일 때 : 이훤 사진산문집,이훤,수필,2019,발행 연도,https://www.ksponco.or.kr/lib/book/one/view?book_seq=1032461&isbn=9788965707998&mid=b30201000000,쌤앤파커스,,포함
소설을 쓸 때 내가 생각하는 것들 : 셰익스피어 앤드 컴퍼니 인터뷰집,"바일스, 애덤",소설,2025,발행 연도,https://www.ksponco.or.kr/lib/book/one/view?book_seq=1037700&isbn=9788932924939&mid=b30201000000,열린책들,,포함
디카페인 커피와 무알코올 맥주 : 조우리 짧은 소설,조우리,소설,2024,발행 연도,https://www.ksponco.or.kr/lib/book/one/view?book_seq=1037702&isbn=9788960908963&mid=b30201000000,마음산책,,포함
황석영의 어린이 민담집 3 : 해님 달님,황석영,소설,2023,발행 연도,https://www.ksponco.or.kr/lib/book/one/view?book_seq=1036296&isbn=9791165383633&mid=b30201000000,아이휴먼,,포함
"이십세기 한국소설-10.계용묵, 김동리, 정비석, 황순원",이십세기 한국소설,소설,2011,발행 연도,https://www.ksponco.or.kr/lib/book/one/view?book_seq=1022122&isbn=9788936462208&mid=b30201000000,창비,,포함
짧은 동화 긴 생각 4,이규경,동화,2011,발행 연도,https://www.ksponco.or.kr/lib/book/one/view?book_seq=1023138&isbn=9788928100866&mid=b30201000000,효리원,,포함
해피 버스데이 우리 동네:신지영 시집,신지영,시,2021,발행 연도,https://www.ksponco.or.kr/lib/book/one/view?book_seq=1034202&isbn=9791165700942&mid=b30201000000,창비교육,,포함
이천이십 신예작가,류시은 외,소설,2019,발행 연도,https://www.ksponco.or.kr/lib/book/one/view?book_seq=1032161&isbn=9791170320777&mid=b30201000000,한국소설가협회,,포함
너만 모르는 진실 : 김하연 장편소설,김하연,장편소설,2022,발행 연도,https://www.ksponco.or.kr/lib/book/one/view?book_seq=1035696&isbn=9791167030580&mid=b30201000000,특별한서재,,포함
삼월의 마치 : 정한아 장편소설,정한아,장편소설,2025,발행 연도,https://www.ksponco.or.kr/lib/book/one/view?book_seq=1037708&isbn=9791141609313&mid=b30201000000,문학동네,,포함
눈감지 마라 : 이기호 연작 짧은 소설,이기호,소설,2022,발행 연도,https://www.ksponco.or.kr/lib/book/one/view?book_seq=1035581&isbn=9788960907706&mid=b30201000000,마음산책,,포함
"그 언덕, 개마고원의 꿈:김정란 시집",김정람,시,2021,발행 연도,https://www.ksponco.or.kr/lib/book/one/view?book_seq=1034209&isbn=9788960216051&mid=b30201000000,천년의시작,,포함
세계전래동화 슬기의 열쇠,기탄출판 백미숙,동화,2006,발행 연도,https://www.ksponco.or.kr/lib/book/one/view?book_seq=1023421&isbn=9788979598940&mid=b30201000000,기탄출판,,포함
체리새우: 비밀글입니다 : 황영미 장편소설,황영미,장편소설,2019,발행 연도,https://www.ksponco.or.kr/lib/book/one/view?book_seq=1029986&isbn=9788954654753&mid=b30201000000,문학동네,,중복 제외 (앞 순위 출처에 있음)
한밤의 시간표 : 정보라 연작소설집,정보라,단편소설,2023,발행 연도,https://www.ksponco.or.kr/lib/book/one/view?book_seq=1035725&isbn=9791191842517&mid=b30201000000,퍼플레인,,중복 제외 (앞 순위 출처에 있음)
그리스 로마 신화 5 : 이아손과 메데이아,"불핀치, 토마스",소설,2022,발행 연도,https://www.ksponco.or.kr/lib/book/one/view?book_seq=1036205&isbn=9791168090514&mid=b30201000000,가나,,포함
"토지:박경리 대하소설.6,2부 2권",박경리,소설,2012,발행 연도,https://www.ksponco.or.kr/lib/book/one/view?book_seq=1021703&isbn=9788960532465&mid=b30201000000,마로니에북스,,중복 제외 (앞 순위 출처에 있음)
"서른, 잔치는 끝났다",최영미,평론,1994,발행 연도,https://www.ksponco.or.kr/lib/book/one/view?book_seq=1012922&isbn=8936421212&mid=b30201000000,창작과비평사,,포함
리틀 라이프 2 : 한야 야나기하라 장편소설,"야나기하라, 한야",장편소설,2019,발행 연도,https://www.ksponco.or.kr/lib/book/one/view?book_seq=1030047&isbn=9788952776389&mid=b30201000000,시공사,,포함
그리스 로마 신화 7 : 행운과 비극,"불핀치, 토머스",소설,2018,발행 연도,https://www.ksponco.or.kr/lib/book/one/view?book_seq=1029387&isbn=9788957363072&mid=b30201000000,가나,,포함
작은 손에 움켜쥔 큰 세계 : 핸드볼 그랜드슬램의 신화 정형균,백상서,소설,2020,발행 연도,https://www.ksponco.or.kr/lib/book/one/view?book_seq=1035194&isbn=9788997613182&mid=b30201000000,디자인소리,,포함
저녁의 마음가짐 : 박용하 시집,박용하,시,2023,발행 연도,https://www.ksponco.or.kr/lib/book/one/view?book_seq=1035653&isbn=9791191668636&mid=b30201000000,달아실,,포함
참 소중한 너라서 : 김지훈 에세이,김지훈,수필,2018,발행 연도,https://www.ksponco.or.kr/lib/book/one/view?book_seq=1030282&isbn=9791197484224&mid=b30201000000,진심의꽃한송이,,포함
세계전래동화 곰이 된 사냥꾼,기탄출판 오윤현,동화,2006,발행 연도,https://www.ksponco.or.kr/lib/book/one/view?book_seq=1023377&isbn=9788979598964&mid=b30201000000,기탄출판,,포함
귀를 기울이면:조남주 장편소설,조남주,장편소설,2011,발행 연도,https://www.ksponco.or.kr/lib/book/one/view?book_seq=1026431&isbn=9788954617147&mid=b30201000000,문학동네,,중복 제외 (앞 순위 출처에 있음)
세계전래동화 북풍을 찾아간 소년,자연스쿨 배익천,동화,2006,발행 연도,https://www.ksponco.or.kr/lib/book/one/view?book_seq=1023412&isbn=9788979590166&mid=b30201000000,기탄출판,,포함
칠년 동안의 잠:박완서 그림동화,박완서,동화,2015,발행 연도,https://www.ksponco.or.kr/lib/book/one/view?book_seq=1021328&isbn=9788972887683&mid=b30201000000,어린이작가정신,,포함
앙통의 완벽한 수박밭,"로브라 비탈리, 코린",동화,2021,발행 연도,https://www.ksponco.or.kr/lib/book/one/view?book_seq=1034708&isbn=9791186825303&mid=b30201000000,그림책공작소,,포함
파리의 우울:샤를 피에르 보들레르 산문시집,"보들레르, 샤를 피에르",시,2015,발행 연도,https://www.ksponco.or.kr/lib/book/one/view?book_seq=1021294&isbn=9788954636650&mid=b30201000000,문학동네,,포함
그리스 로마 신화 19 : 오디세우스의 복수,"불핀치, 토머스",소설,2018,발행 연도,https://www.ksponco.or.kr/lib/book/one/view?book_seq=1029399&isbn=9788990103192&mid=b30201000000,가나,,포함
이태원 곰팡이꽃 풀 옵션 : 하여진 시집,하여진,시,2022,발행 연도,https://www.ksponco.or.kr/lib/book/one/view?book_seq=1035622&isbn=9791197019777&mid=b30201000000,포지션,,포함
먼지 먹는 개:손솔지 장편소설,손솔지,장편소설,2016,발행 연도,https://www.ksponco.or.kr/lib/book/one/view?book_seq=1026614&isbn=9791187192121&mid=b30201000000,새움,,중복 제외 (앞 순위 출처에 있음)
점멸과 침묵 사이:배귀선 시집,배귀선,시,2021,발행 연도,https://www.ksponco.or.kr/lib/book/one/view?book_seq=1034222&isbn=9788961043045&mid=b30201000000,한국문연,,포함
세계전래동화 욕심꾸러기 왕과 생쥐 가족,기탄출판 최경희,동화,2006,발행 연도,https://www.ksponco.or.kr/lib/book/one/view?book_seq=1023431&isbn=9788979590302&mid=b30201000000,기탄출판,,포함
퍼스트 러브 : 시마모토 리오 장편소설,시마모토 리오,장편소설,2019,발행 연도,https://www.ksponco.or.kr/lib/book/one/view?book_seq=1029978&isbn=9788965746775&mid=b30201000000,해냄,,포함
저녁이 슬그머니:나석중 시집,나석중,시,2021,발행 연도,https://www.ksponco.or.kr/lib/book/one/view?book_seq=1033126&isbn=9791165121273&mid=b30201000000,북인,,포함
어서 오세요 휴남동 서점입니다:황보름 장편소설,황보름,장편소설,2022,발행 연도,https://www.ksponco.or.kr/lib/book/one/view?book_seq=1034082&isbn=9791197377143&mid=b30201000000,클레이하우스,,중복 제외 (앞 순위 출처에 있음)
세계전래동화 날지 못하는 새 키위,기탄출판 박재형,동화,2006,발행 연도,https://www.ksponco.or.kr/lib/book/one/view?book_seq=1023385&isbn=9788979590180&mid=b30201000000,기탄출판,,포함
소설 동의보감 상,이은성,소설,1990,발행 연도,https://www.ksponco.or.kr/lib/book/one/view?book_seq=1011345&isbn=8936430173&mid=b30201000000,창작과비평사,,포함
세계전래동화 내 눈으로 보았네,기탄출판 김병규,동화,2006,발행 연도,https://www.ksponco.or.kr/lib/book/one/view?book_seq=1023388&isbn=9788979598988&mid=b30201000000,기탄출판,,포함
이십세기 한국소설-25.황석영,이십세기 한국소설,소설,2011,발행 연도,https://www.ksponco.or.kr/lib/book/one/view?book_seq=1022137&isbn=9788936462352&mid=b30201000000,창비,,포함
트랙을 도는 여자들:차현지 소설,차현지,소설,2021,발행 연도,https://www.ksponco.or.kr/lib/book/one/view?book_seq=1034265&isbn=9791130677804&mid=b30201000000,다산책방,,포함
세계전래동화 한 번 속지 두 번 속나,기탄출판 김경화,동화,2006,발행 연도,https://www.ksponco.or.kr/lib/book/one/view?book_seq=1023462&isbn=9788979598957&mid=b30201000000,기탄출판,,포함
황석영의 어린이 민담집 5 : 지하 마왕과 한량,황석영,소설,2023,발행 연도,https://www.ksponco.or.kr/lib/book/one/view?book_seq=1036298&isbn=9791165383657&mid=b30201000000,아이휴먼,,포함
노랑무늬영원:한강 소설집,한강,단편소설,2012,발행 연도,https://www.ksponco.or.kr/lib/book/one/view?book_seq=1021434&isbn=9788932023533&mid=b30201000000,문학과지성사,,중복 제외 (앞 순위 출처에 있음)
"이십세기 한국소설-4.최서해, 이기영, 한설야, 조명희, 이익상, 송영",이십세기 한국소설,소설,2010,발행 연도,https://www.ksponco.or.kr/lib/book/one/view?book_seq=1022116&isbn=9788936462147&mid=b30201000000,창비,,포함
"이십세기 한국소설-38.양귀자, 윤정모, 강석경 외",이십세기 한국소설,소설,2014,발행 연도,https://www.ksponco.or.kr/lib/book/one/view?book_seq=1022150&isbn=9788936462482&mid=b30201000000,창비,,포함
상추씨 : 조혜란 그림책,조혜란,동화,2017,발행 연도,https://www.ksponco.or.kr/lib/book/one/view?book_seq=1027925&isbn=9791160940169&mid=b30201000000,사계절,,포함
감정을 이해하는 그림책 큐레이션,그림책심리성장연구소,동화,2024,발행 연도,https://www.ksponco.or.kr/lib/book/one/view?book_seq=1037760&isbn=9791194126027&mid=b30201000000,사우,,포함
겨울 이불 : 안녕달 그림책,안녕달,동화,2023,발행 연도,https://www.ksponco.or.kr/lib/book/one/view?book_seq=1035247&isbn=9788936455965&mid=b30201000000,창비,,포함
들꽃에 그리스 신화를 담아:그리스 신화와 함께 읽는 토종 야생 들꽃 생태 기행,진종구,소설,2011,발행 연도,https://www.ksponco.or.kr/lib/book/one/view?book_seq=1020860&isbn=9788961841368&mid=b30201000000,어문학사,,포함
"이십세기 한국소설-26.이문구, 박상륭 외",이십세기 한국소설,소설,2011,발행 연도,https://www.ksponco.or.kr/lib/book/one/view?book_seq=1022138&isbn=9788936462369&mid=b30201000000,창비,,포함
끝없는 세상 1 : 켄 폴릿 장편소설,"폴릿, 켄",장편소설,2019,발행 연도,https://www.ksponco.or.kr/lib/book/one/view?book_seq=1030081&isbn=9788954655057&mid=b30201000000,문학동네,,포함
"이십세기 한국소설-19.김승옥, 이제하 외",이십세기 한국소설,소설,2011,발행 연도,https://www.ksponco.or.kr/lib/book/one/view?book_seq=1022131&isbn=9788936462291&mid=b30201000000,창비,,포함
"이십세기 한국소설-29.송영, 조해일, 조선작",이십세기 한국소설,소설,2010,발행 연도,https://www.ksponco.or.kr/lib/book/one/view?book_seq=1022141&isbn=9788936462390&mid=b30201000000,창비,,포함
세계전래동화 게으름뱅이 잭,기탄출판 신송민,동화,2006,발행 연도,https://www.ksponco.or.kr/lib/book/one/view?book_seq=1023376&isbn=9788979590142&mid=b30201000000,기탄출판,,포함
그 산이 정말 거기 있었을까:박완서 장편소설,박완서,장편소설,2012,발행 연도,https://www.ksponco.or.kr/lib/book/one/view?book_seq=1026124&isbn=9788933801932&mid=b30201000000,세계사,,중복 제외 (앞 순위 출처에 있음)
단지 유령일 뿐:유디트 헤르만 소설,"헤르만, 유디트",소설,2015,발행 연도,https://www.ksponco.or.kr/lib/book/one/view?book_seq=1022233&isbn=9788937490712&mid=b30201000000,민음사,,포함
"이십세기 한국소설-30.최인호, 오탁번, 한수산, 박범신",이십세기 한국소설,소설,2011,발행 연도,https://www.ksponco.or.kr/lib/book/one/view?book_seq=1022142&isbn=9788936462406&mid=b30201000000,창비,,포함
"이십세기 한국소설-31.김원일, 송기원 외",이십세기 한국소설,소설,2013,발행 연도,https://www.ksponco.or.kr/lib/book/one/view?book_seq=1022143&isbn=9788936462413&mid=b30201000000,창비,,포함
"방구석 수필 : 가족, 나를 만든 사람들",이민석,수필,2024,발행 연도,https://www.ksponco.or.kr/lib/book/one/view?book_seq=1037561&isbn=9791167565327&mid=b30201000000,인디펍,,포함
싸울 때마다 투명해진다 : 은유 산문집,은유,수필,2016,발행 연도,https://www.ksponco.or.kr/lib/book/one/view?book_seq=1027080&isbn=9788974838225&mid=b30201000000,서해문집,,포함
유퀴즈에서 만난 사람들 : 모든 사람은 한 편의 드라마다 : 이언주 에세이,이언주,수필,2024,발행 연도,https://www.ksponco.or.kr/lib/book/one/view?book_seq=1037995&isbn=9788934946557&mid=b30201000000,비채 김영사,,포함
향기로운 우물 이야기,박범신,평론,2000,발행 연도,https://www.ksponco.or.kr/lib/book/one/view?book_seq=1010843&isbn=8936436589&mid=b30201000000,창작과비평사,,포함
맥베스 : 요 네스뵈 장편소설,"네스뵈, 요",장편소설,2018,발행 연도,https://www.ksponco.or.kr/lib/book/one/view?book_seq=1029235&isbn=9788972759300&mid=b30201000000,현대문학,,포함
신비한 동물사전 :원작 시나리오,"롤링, J. K.",희곡,2017,발행 연도,https://www.ksponco.or.kr/lib/book/one/view?book_seq=1026693&isbn=9788983926562&mid=b30201000000,문학수첩,,포함
연애의 기억 : 줄리언 반스 장편소설,"반스, 줄리언",장편소설,2018,발행 연도,https://www.ksponco.or.kr/lib/book/one/view?book_seq=1029242&isbn=9791130618937&mid=b30201000000,다산책방,,포함
"뒤렌마트 희곡선 : 노부인의 방문, 물리학자들","뒤렌마트, 프리드리히",희곡,2018,발행 연도,https://www.ksponco.or.kr/lib/book/one/view?book_seq=1029268&isbn=9788937462658&mid=b30201000000,민음사,,포함
우리와 당신들 : 프레드릭 배크만 장편소설,"배크만, 프레드릭",장편소설,2019,발행 연도,https://www.ksponco.or.kr/lib/book/one/view?book_seq=1030013&isbn=9791130620473&mid=b30201000000,다산책방,,포함
제노사이드 : 다카노 가즈아키 장편소설,다카노 가즈아키,장편소설,2018,발행 연도,https://www.ksponco.or.kr/lib/book/one/view?book_seq=1028857&isbn=9788960174191&mid=b30201000000,황금가지,,포함
그램그램 영문법 원정대2 동사,장영준,평론,2012,발행 연도,https://www.ksponco.or.kr/lib/book/one/view?book_seq=1024285&isbn=9788956026237&mid=b30201000000,사회평론,,포함
대장간 골목:바츨라프 르제자치 장편동화,"르제자치, 바출라프",동화,2012,발행 연도,https://www.ksponco.or.kr/lib/book/one/view?book_seq=1022926&isbn=9788984316348&mid=b30201000000,한겨레아이들,,포함
미스터 메르세데스:스티븐 킹 장편소설,"킹, 스티븐",장편소설,2015,발행 연도,https://www.ksponco.or.kr/lib/book/one/view?book_seq=1021311&isbn=9788960176751&mid=b30201000000,황금가지,,포함
장면들 : 손석희의 저널리즘 에세이,손석희,수필,2021,발행 연도,https://www.ksponco.or.kr/lib/book/one/view?book_seq=1033192&isbn=9788936478902&mid=b30201000000,창비,,포함
리시안셔스 : 연여름 소설집,연여름,단편소설,2022,발행 연도,https://www.ksponco.or.kr/lib/book/one/view?book_seq=1034438&isbn=9791170520733&mid=b30201000000,황금가지,,포함
"이십세기 한국소설-39.김원우,·김성동,이외수 외",이십세기 한국소설,소설,2014,발행 연도,https://www.ksponco.or.kr/lib/book/one/view?book_seq=1022151&isbn=9788936462499&mid=b30201000000,창비,,포함
"이십세기 한국소설-20.한남철, 서정인, 박태순",이십세기 한국소설,소설,2011,발행 연도,https://www.ksponco.or.kr/lib/book/one/view?book_seq=1022132&isbn=9788936462307&mid=b30201000000,창비,,포함
매스커레이드 이브 : 히가시노 게이고 연작소설,히가시노 게이고,소설,2018,발행 연도,https://www.ksponco.or.kr/lib/book/one/view?book_seq=1029278&isbn=9788972757467&mid=b30201000000,현대문학,,포함
"잘 가라, 서커스:천운영 장편소설",천운영,장편소설,2011,발행 연도,https://www.ksponco.or.kr/lib/book/one/view?book_seq=1021517&isbn=9788954614399&mid=b30201000000,문학동네,,중복 제외 (앞 순위 출처에 있음)
당연하게도 나는 너를 : 이꽃님 장편소설,이꽃님,장편소설,2023,발행 연도,https://www.ksponco.or.kr/lib/book/one/view?book_seq=1035402&isbn=9791167550972&mid=b30201000000,우리학교,,중복 제외 (앞 순위 출처에 있음)
"이십세기 한국소설-9.이상, 주요섭, 최명익 외",이십세기 한국소설,소설,2011,발행 연도,https://www.ksponco.or.kr/lib/book/one/view?book_seq=1022121&isbn=9788936462192&mid=b30201000000,창비,,포함
왕은 안녕하시다 2 : 성석제 장편소설,성석제,장편소설,2019,발행 연도,https://www.ksponco.or.kr/lib/book/one/view?book_seq=1030007&isbn=9788954654524&mid=b30201000000,문학동네,,포함
모나리자의 발가락 : 최진우 창작 동화,최진우,동화,2024,발행 연도,https://www.ksponco.or.kr/lib/book/one/view?book_seq=1037601&isbn=9791157414277&mid=b30201000000,현북스,,포함
여성의 다시쓰기 : 고전소설을 읽는 욕망에 관하여,노지승,소설,2022,발행 연도,https://www.ksponco.or.kr/lib/book/one/view?book_seq=1034905&isbn=9791168730076&mid=b30201000000,오월의봄,,포함
초보 노인입니다:김순옥 에세이,김순옥,수필,2025,발행 연도,https://www.ksponco.or.kr/lib/book/one/view?book_seq=1037275&isbn=9788937422874&mid=b30201000000,민음사,,중복 제외 (앞 순위 출처에 있음)
받침 배우는 동화4. 감이와 담이의 보름밤 모험:ㅁ받침편,한규호,동화,2013,발행 연도,https://www.ksponco.or.kr/lib/book/one/view?book_seq=1023765&isbn=9788998172091&mid=b30201000000,받침없는동화,,포함
미국의 본심 : 트럼프 2.0 시대의 글로벌 각자도생 시나리오,이성현,희곡,2025,발행 연도,https://www.ksponco.or.kr/lib/book/one/view?book_seq=1037863&isbn=9791173475542&mid=b30201000000,와이즈베리 : 미래엔,,포함
"이십세기 한국소설-14. 김이석, 최인욱 외",이십세기 한국소설,소설,2005,발행 연도,https://www.ksponco.or.kr/lib/book/one/view?book_seq=1022126&isbn=9788936462246&mid=b30201000000,창비,,포함
브로콜리 펀치 : 이유리 소설집,이유리,단편소설,2021,발행 연도,https://www.ksponco.or.kr/lib/book/one/view?book_seq=1035427&isbn=9788932039114&mid=b30201000000,문학과지성사,,중복 제외 (앞 순위 출처에 있음)
죽는 것보다 늙는 게 걱정인 [큰글자책] : 여든 이후에 쓴 시인의 에세이,홀 도널드,수필,2020,발행 연도,https://www.ksponco.or.kr/lib/book/one/view?book_seq=1031905&isbn=9788962623437&mid=b30201000000,동아시아,,포함
돌의 미학:지훈상 십주년 기념 수필집,조지훈,수필,2011,발행 연도,https://www.ksponco.or.kr/lib/book/one/view?book_seq=1021573&isbn=9788930084871&mid=b30201000000,나남,,포함
"이십세기 한국소설-23.최일남, 송기숙 외",이십세기 한국소설,소설,2011,발행 연도,https://www.ksponco.or.kr/lib/book/one/view?book_seq=1022135&isbn=9788936462338&mid=b30201000000,창비,,포함
"노비에서 양반으로, 그 머나먼 여정:어느 노비 가계 이백 년의 기록",권내현,평론,2014,발행 연도,https://www.ksponco.or.kr/lib/book/one/view?book_seq=1022281&isbn=9788976965479&mid=b30201000000,역사비평사,,포함
죽은 새를 먹다 : 이시유 시집,이시유,시,2020,발행 연도,https://www.ksponco.or.kr/lib/book/one/view?book_seq=1032924&isbn=9791188710911&mid=b30201000000,달아실,,포함
이십세기 한국소설-35.박완서,이십세기 한국소설,소설,2011,발행 연도,https://www.ksponco.or.kr/lib/book/one/view?book_seq=1022147&isbn=9788936462451&mid=b30201000000,창비,,포함
그리스 로마 신화 8 : 오르페우스의 사랑,"불핀치, 토머스",소설,2018,발행 연도,https://www.ksponco.or.kr/lib/book/one/view?book_seq=1029388&isbn=9788957363089&mid=b30201000000,가나,,포함
작가의 객석 : 강병철 에세이,강병철,수필,2017,발행 연도,https://www.ksponco.or.kr/lib/book/one/view?book_seq=1027992&isbn=9788966550760&mid=b30201000000,삶창,,포함
최초의 소설 시누헤 이야기,유성환,소설,2024,발행 연도,https://www.ksponco.or.kr/lib/book/one/view?book_seq=1036876&isbn=9791170871514&mid=b30201000000,휴머니스트,,포함
천국에 염라가 산다,이담,평론,2025,발행 연도,https://www.ksponco.or.kr/lib/book/one/view?book_seq=1037240&isbn=9791197407086&mid=b30201000000,사회평론주니어,,포함
받침없는동화3. 토끼도 채소예요,한규호,동화,2012,발행 연도,https://www.ksponco.or.kr/lib/book/one/view?book_seq=1023772&isbn=9788998172039&mid=b30201000000,받침없는동화,,포함
100 인생 그림책,"팔러, 하이케",동화,2019,발행 연도,https://www.ksponco.or.kr/lib/book/one/view?book_seq=1031521&isbn=9791160944426&mid=b30201000000,사계절,,포함
"이십세기 한국소설-22.천승세, 남정현, 박용숙, 전병순, 이정호, 방영웅",이십세기 한국소설,소설,2011,발행 연도,https://www.ksponco.or.kr/lib/book/one/view?book_seq=1022134&isbn=9788936462321&mid=b30201000000,창비,,포함
그랜드 캉티뉴쓰 호텔 : 리보칭 장편소설,리보칭,장편소설,2022,발행 연도,https://www.ksponco.or.kr/lib/book/one/view?book_seq=1034094&isbn=9788934975090&mid=b30201000000,비채,,포함
한 끼의 시 : 이태순 시조집,이태순,시,2020,발행 연도,https://www.ksponco.or.kr/lib/book/one/view?book_seq=1032546&isbn=9788971907566&mid=b30201000000,동학사,,포함
모두 웃는 장례식: 홍민정 장편동화,홍민정,동화,2021,발행 연도,https://www.ksponco.or.kr/lib/book/one/view?book_seq=1033164&isbn=9791191204063&mid=b30201000000,별숲,,포함
난생 처음 한번 공부하는 미술 이야기 6,양정무,평론,2020,발행 연도,https://www.ksponco.or.kr/lib/book/one/view?book_seq=1031505&isbn=9791162730829&mid=b30201000000,사회평론,,포함
몸의 일기:다니엘 페나크 장편소설,"페나크, 다니엘",장편소설,2015,발행 연도,https://www.ksponco.or.kr/lib/book/one/view?book_seq=1021308&isbn=9788932027623&mid=b30201000000,문학과지성사,,포함
그 변기의 역학 : 설재인 장편소설,설재인,장편소설,2024,발행 연도,https://www.ksponco.or.kr/lib/book/one/view?book_seq=1037457&isbn=9791172130664&mid=b30201000000,한겨레엔,,포함
꿀벌의 예언 1 : 베르나르 베르베르 장편소설,"베르베르, 베르나르",장편소설,2023,발행 연도,https://www.ksponco.or.kr/lib/book/one/view?book_seq=1035705&isbn=9788932923413&mid=b30201000000,열린책들,,포함
"이십세기 한국소설-13.김학철, 이선희, 지하련 외",이십세기 한국소설,소설,2011,발행 연도,https://www.ksponco.or.kr/lib/book/one/view?book_seq=1022125&isbn=9788936462239&mid=b30201000000,창비,,포함
내일 말할 진실: 정은숙 소설집,정은숙,단편소설,2019,발행 연도,https://www.ksponco.or.kr/lib/book/one/view?book_seq=1031693&isbn=9788936456931&mid=b30201000000,창비,,포함
악몽과 몽상 2 : 스티븐 킹 단편집,"킹, 스티븐",단편소설,2019,발행 연도,https://www.ksponco.or.kr/lib/book/one/view?book_seq=1030385&isbn=9788954655354&mid=b30201000000,엘릭시르,,포함
런어웨이:앨리스 먼로 소설,"먼로, 앨리스",소설,2013,발행 연도,https://www.ksponco.or.kr/lib/book/one/view?book_seq=1022032&isbn=9788901162140&mid=b30201000000,곰;[파주]:웅진씽크빅,,포함
학교에서 기적을 만났습니다 : 김애란 시집,김애란,시,2022,발행 연도,https://www.ksponco.or.kr/lib/book/one/view?book_seq=1035700&isbn=9791130819501&mid=b30201000000,푸른사상,,포함
그녀를 그리다 : 박상천 시집,박상천,시,2022,발행 연도,https://www.ksponco.or.kr/lib/book/one/view?book_seq=1034920&isbn=9791186536858&mid=b30201000000,나무발전소,,포함
부로두웨 마술단: 박미연 장편소설,박미연,장편소설,2021,발행 연도,https://www.ksponco.or.kr/lib/book/one/view?book_seq=1033173&isbn=9791190893640&mid=b30201000000,서해문집,,포함
베스트 세계 명작 동화.80일간의 세계 일주 28,"베른, 쥘",동화,2012,발행 연도,https://www.ksponco.or.kr/lib/book/one/view?book_seq=1024137&isbn=9788993929850&mid=b30201000000,훈민,,포함
한식의 품격:맛의 원리와 개년으로 쓰는 본격 한식 비평,이용재,평론,2017,발행 연도,https://www.ksponco.or.kr/lib/book/one/view?book_seq=1026707&isbn=9788983718501&mid=b30201000000,반비,,포함
"항해와 정복 : 아스테카 신화, 콜럼버스와 베스푸치의 보고서, 필리핀 정복 문헌",박병규,소설,2017,발행 연도,https://www.ksponco.or.kr/lib/book/one/view?book_seq=1029774&isbn=9788941181811&mid=b30201000000,동명사,,포함
거미줄에 걸린 소녀 : 다비드 라게르크란츠 장편소설,"라게르크란츠, 다비드",장편소설,2017,발행 연도,https://www.ksponco.or.kr/lib/book/one/view?book_seq=1028827&isbn=9788954646611&mid=b30201000000,문학동네,,포함
비탄의 문 1 : 미야베 미유키 장편소설,미야베 미유키,장편소설,2018,발행 연도,https://www.ksponco.or.kr/lib/book/one/view?book_seq=1029291&isbn=9788954653206&mid=b30201000000,문학동네,,포함
부디 아프지 마라 : 나태주 산문집,나태주,수필,2020,발행 연도,https://www.ksponco.or.kr/lib/book/one/view?book_seq=1032509&isbn=9791165791278&mid=b30201000000,시공사,,포함
마법의 나날들:미리암 프레슬러 장편동화,"프레슬러, 미리암",동화,2013,발행 연도,https://www.ksponco.or.kr/lib/book/one/view?book_seq=1022922&isbn=9788984316515&mid=b30201000000,한겨레아이들:한겨레,,포함
잠든 사람과의 통화 : 김민지 시집,김민지,시,2024,발행 연도,https://www.ksponco.or.kr/lib/book/one/view?book_seq=1037484&isbn=9788936425098&mid=b30201000000,창비,,포함
회색문헌 = Grey literature : 강영숙 소설집,강영숙,단편소설,2016,발행 연도,https://www.ksponco.or.kr/lib/book/one/view?book_seq=1027072&isbn=9788932028903&mid=b30201000000,문학과지성사,,포함
빛을 훔쳐 온 까마귀:이뉴잇 옛이야기,이수영,소설,2010,발행 연도,https://www.ksponco.or.kr/lib/book/one/view?book_seq=1022959&isbn=9788993837025&mid=b30201000000,푸른디딤돌,,포함
고요한 읽기 : 이승우 산문집,이승우,수필,2024,발행 연도,https://www.ksponco.or.kr/lib/book/one/view?book_seq=1037493&isbn=9791141601164&mid=b30201000000,문학동네,,포함
그램그램 영문법 원정대7 접속사,장영준,평론,2012,발행 연도,https://www.ksponco.or.kr/lib/book/one/view?book_seq=1024294&isbn=9788956029023&mid=b30201000000,사회평론,,포함
그램그램 영문법 원정대6 문장1,장영준,평론,2012,발행 연도,https://www.ksponco.or.kr/lib/book/one/view?book_seq=1024301&isbn=9788956029016&mid=b30201000000,사회평론,,포함
그램그램 영문법 원정대4 시제,장영준,평론,2012,발행 연도,https://www.ksponco.or.kr/lib/book/one/view?book_seq=1024287&isbn=9788956026251&mid=b30201000000,사회평론,,포함
바깥은 여름 [큰글자책] : 김애란 소설,김애란,소설,2019,발행 연도,https://www.ksponco.or.kr/lib/book/one/view?book_seq=1030405&isbn=9788954657532&mid=b30201000000,문학동네,,중복 제외 (앞 순위 출처에 있음)
파크애비뉴의 영장류:뉴욕 염정일프로 최상류층의 특이 습성에 대한 인류학적 뒷담화,"마틴, 웬즈데이",평론,2016,발행 연도,https://www.ksponco.or.kr/lib/book/one/view?book_seq=1025999&isbn=9788964359310&mid=b30201000000,사회평론,,포함
"이십세기 한국소설-41.임철우, 이창동, 김유택, 정도상, 홍희담",이십세기 한국소설,소설,2011,발행 연도,https://www.ksponco.or.kr/lib/book/one/view?book_seq=1022153&isbn=9788936462512&mid=b30201000000,창비,,포함
그램그램 영문법 원정대11 가정법,장영준,평론,2012,발행 연도,https://www.ksponco.or.kr/lib/book/one/view?book_seq=1024284&isbn=9788956029764&mid=b30201000000,사회평론,,포함
"이십세기 한국소설-32.백시종, 유재용, 한승원, 조정래",이십세기 한국소설,소설,2010,발행 연도,https://www.ksponco.or.kr/lib/book/one/view?book_seq=1022144&isbn=9788936462420&mid=b30201000000,창비,,포함
보보경심1,동화,동화,2013,발행 연도,https://www.ksponco.or.kr/lib/book/one/view?book_seq=1012810&isbn=9788963710624&mid=b30201000000,새파란사상,,포함
어떻게 늙을까 : 전설적인 편집자 다이애너 애실이 전하는 노년의 꿀팁,"애실, 다이애너",소설,2018,발행 연도,https://www.ksponco.or.kr/lib/book/one/view?book_seq=1030018&isbn=9788994015873&mid=b30201000000,뮤진트리,,포함
추리소설가의 살인사건,히가시노 게이고,소설,2020,발행 연도,https://www.ksponco.or.kr/lib/book/one/view?book_seq=1032400&isbn=9791166111983&mid=b30201000000,소미미디어,,포함
안녕 주정뱅이:권여선 소설집,권여선,단편소설,2016,발행 연도,https://www.ksponco.or.kr/lib/book/one/view?book_seq=1026494&isbn=9788936437381&mid=b30201000000,창비,,중복 제외 (앞 순위 출처에 있음)
나비를 이루는 말들 : 박이정 시집,박이정,시,2020,발행 연도,https://www.ksponco.or.kr/lib/book/one/view?book_seq=1032304&isbn=9791162431054&mid=b30201000000,시산맥사,,포함
방주 : 유키 하루오 장편소설,유키 하루오,장편소설,2023,발행 연도,https://www.ksponco.or.kr/lib/book/one/view?book_seq=1035707&isbn=9791189571894&mid=b30201000000,블루홀6(블루홀식스),,포함
두꺼비 올챙이 : 김양기 시집,김양기,시,2020,발행 연도,https://www.ksponco.or.kr/lib/book/one/view?book_seq=1032306&isbn=9791163250111&mid=b30201000000,시와소금,,포함
"이십세기 한국소설-46.이남희, 정화진, 방현석, 김한수, 전성태",이십세기 한국소설,소설,2011,발행 연도,https://www.ksponco.or.kr/lib/book/one/view?book_seq=1022158&isbn=8936462563&mid=b30201000000,창비,,포함
"이십세기 한국소설-50. 배수아, 김경욱, 김연수, 하성란 조경란",이십세기 한국소설,소설,2011,발행 연도,https://www.ksponco.or.kr/lib/book/one/view?book_seq=1022162&isbn=9788936462604&mid=b30201000000,창비,,포함
별도 없는 한밤에:스티븐 킹 소설,"킹, 스티븐",소설,2015,발행 연도,https://www.ksponco.or.kr/lib/book/one/view?book_seq=1021744&isbn=9788960175549&mid=b30201000000,황금가지,,포함
그림책 마음 약방 : 내면아이를 다독이는 그림책 이야기,주효림,동화,2022,발행 연도,https://www.ksponco.or.kr/lib/book/one/view?book_seq=1035603&isbn=9791164712052&mid=b30201000000,행성B,,포함
부암동 살구나무집 : 인연정 수필집,인연정,수필,2017,발행 연도,https://www.ksponco.or.kr/lib/book/one/view?book_seq=1028028&isbn=9791155550649&mid=b30201000000,이지출판,,포함
빛의 호위 : 조해진 소설집,조해진,단편소설,2017,발행 연도,https://www.ksponco.or.kr/lib/book/one/view?book_seq=1028023&isbn=9788936437459&mid=b30201000000,창비,,중복 제외 (앞 순위 출처에 있음)
"돈키호테, 열린 소설",민용태,소설,2009,발행 연도,https://www.ksponco.or.kr/lib/book/one/view?book_seq=1022109&isbn=9788976416940&mid=b30201000000,고려대학교출판부,,포함
느낌의 공동체:신형철 산문집,신형철,수필,2011,발행 연도,https://www.ksponco.or.kr/lib/book/one/view?book_seq=1024997&isbn=9788954614511&mid=b30201000000,문학동네,,포함
아웃사이더 2 : 스티븐 킹 장편소설,킹 스티븐,장편소설,2019,발행 연도,https://www.ksponco.or.kr/lib/book/one/view?book_seq=1030467&isbn=9791158885502&mid=b30201000000,황금가지,,포함
"이십세기 한국소설-40.이균영, 박영한, 현길언, 이원규, 최인석",이십세기 한국소설,소설,2011,발행 연도,https://www.ksponco.or.kr/lib/book/one/view?book_seq=1022152&isbn=9788936462505&mid=b30201000000,창비,,포함
한계에서,김상묵,평론,2016,발행 연도,https://www.ksponco.or.kr/lib/book/one/view?book_seq=1025563&isbn=9788976966407&mid=b30201000000,모비딕(역사비평사),,포함
누운 배 : 이혁진 장편소설,이혁진,장편소설,2016,발행 연도,https://www.ksponco.or.kr/lib/book/one/view?book_seq=1031766&isbn=9788984310407&mid=b30201000000,한겨레출판,,포함
구름 농사 : 유재영 시집,유재영,시,2022,발행 연도,https://www.ksponco.or.kr/lib/book/one/view?book_seq=1035023&isbn=9788971908372&mid=b30201000000,동학사,,포함
"이십세기 한국소설-16.손창섭, 선우휘 외",이십세기 한국소설,소설,2013,발행 연도,https://www.ksponco.or.kr/lib/book/one/view?book_seq=1022128&isbn=9788936462260&mid=b30201000000,창비,,포함
"이십세기 한국소설-24.김용성, 전상국, 이동하",이십세기 한국소설,소설,2013,발행 연도,https://www.ksponco.or.kr/lib/book/one/view?book_seq=1022136&isbn=9788936462345&mid=b30201000000,창비,,포함
자폐특공대 : '자폐한나씨'를 지키는 유쾌한 가족 히어로 에세이,김사라 외,수필,2025,발행 연도,https://www.ksponco.or.kr/lib/book/one/view?book_seq=1037490&isbn=9788925573755&mid=b30201000000,RHK,,포함
(진짜 진짜 재밌는) 신기한 동물 그림책,"해먼드,폴라",동화,2016,발행 연도,https://www.ksponco.or.kr/lib/book/one/view?book_seq=1028099&isbn=9791186073834&mid=b30201000000,부즈펌어린이,,포함
조선시대 천재들의 빛나는 동시 이야기,권오단,노래,2021,발행 연도,https://www.ksponco.or.kr/lib/book/one/view?book_seq=1033160&isbn=9788980975327&mid=b30201000000,산수야,,포함
딸에 대하여:김혜진 장편소설,김혜진,장편소설,2017,발행 연도,https://www.ksponco.or.kr/lib/book/one/view?book_seq=1027592&isbn=9788937473173&mid=b30201000000,민음사,,중복 제외 (앞 순위 출처에 있음)
시로 납치하다,류시화,시,2018,발행 연도,https://www.ksponco.or.kr/lib/book/one/view?book_seq=1028361&isbn=9791186900420&mid=b30201000000,더숲,,포함
사소한 자비 : 앤 레키 장편소설,"레키, 앤",장편소설,2018,발행 연도,https://www.ksponco.or.kr/lib/book/one/view?book_seq=1030010&isbn=9791187206996&mid=b30201000000,아작,,포함
신중한 사람:이승우 소설집,이승우,단편소설,2014,발행 연도,https://www.ksponco.or.kr/lib/book/one/view?book_seq=1021356&isbn=9788932026312&mid=b30201000000,문학과지성사,,포함
"신화의 섬, 시칠리아:한 여자와 산 하나를 찾아가는 시칠리아 기행",박제,소설,2008,발행 연도,https://www.ksponco.or.kr/lib/book/one/view?book_seq=1022535&isbn=9788961960205&mid=b30201000000,아트북스,,포함
그램그램 영문법 원정대8 to부정사,장영준,평론,2012,발행 연도,https://www.ksponco.or.kr/lib/book/one/view?book_seq=1024297&isbn=9788956029030&mid=b30201000000,사회평론,,포함
물위에 씌어진:최승자 시집,최승자,시,2013,발행 연도,https://www.ksponco.or.kr/lib/book/one/view?book_seq=1021503&isbn=9788960211605&mid=b30201000000,천년의시작,,포함
받침 배우는 동화6. 마법의 뒤집개:ㅂ받침편,한규호,동화,2013,발행 연도,https://www.ksponco.or.kr/lib/book/one/view?book_seq=1023768&isbn=9788998172121&mid=b30201000000,받침없는동화,,포함
세상에서 가장 힘센 것:지구촌 평화 그림책,오진희,동화,2014,발행 연도,https://www.ksponco.or.kr/lib/book/one/view?book_seq=1022816&isbn=9791157231010&mid=b30201000000,내인생의책,,포함
구경꾼들:윤성희 장편소설,윤성희,장편소설,2010,발행 연도,https://www.ksponco.or.kr/lib/book/one/view?book_seq=1027494&isbn=9788954612807&mid=b30201000000,문학동네,,중복 제외 (앞 순위 출처에 있음)
받침 배우는 동화5. 신기한 돈궤:ㄴ받침편,한규호,동화,2013,발행 연도,https://www.ksponco.or.kr/lib/book/one/view?book_seq=1023767&isbn=9788998172114&mid=b30201000000,받침없는동화,,포함
연암과 선귤당의 대화:종북소선의 평점비평 연구,박희병,평론,2010,발행 연도,https://www.ksponco.or.kr/lib/book/one/view?book_seq=1021560&isbn=9788971994023&mid=b30201000000,돌베게,,포함
삼국유사:건국신화,이현,소설,2014,발행 연도,https://www.ksponco.or.kr/lib/book/one/view?book_seq=1022995&isbn=9788901163130&mid=b30201000000,웅진주니어,,포함
세상에서 제일 바쁜 마을,강경수,동화,2014,발행 연도,https://www.ksponco.or.kr/lib/book/one/view?book_seq=1022795&isbn=9791195328222&mid=b30201000000,그림책공작소,,포함
그 웃음을 나도 좋아해 : 이기리 시집,이기리,시,2020,발행 연도,https://www.ksponco.or.kr/lib/book/one/view?book_seq=1032912&isbn=9788937408991&mid=b30201000000,민음사,,포함
변두리 : 이상원 시집,이상원,시,2021,발행 연도,https://www.ksponco.or.kr/lib/book/one/view?book_seq=1032919&isbn=9791189205881&mid=b30201000000,황금알,,포함
내 마음의 동시 1학년,김양순,노래,2003,발행 연도,https://www.ksponco.or.kr/lib/book/one/view?book_seq=1023192&isbn=9788981068431&mid=b30201000000,계림닷컴,,포함
"이십세기 한국소설-49.성석제, 채영주, 함정임, 고종석, 한강, 김영하,",이십세기 한국소설,소설,2009,발행 연도,https://www.ksponco.or.kr/lib/book/one/view?book_seq=1022161&isbn=9788936462598&mid=b30201000000,창비,,포함
"이십세기 한국소설-11.안수길, 김정한",김정한,소설,2013,발행 연도,https://www.ksponco.or.kr/lib/book/one/view?book_seq=1022123&isbn=9788936462210&mid=b30201000000,창비,,포함
엄청나게 시끄럽고 믿을 수 없게 가까운:조너선 사프란 포어 소설,"포어, 조너선 사프란",소설,2009,발행 연도,https://www.ksponco.or.kr/lib/book/one/view?book_seq=1022167&isbn=9788937490040&mid=b30201000000,민음사,,포함
윤미네 집;마이 와이프:윤미 태어나서 시집가던 날까지,전몽각,시,2014,발행 연도,https://www.ksponco.or.kr/lib/book/one/view?book_seq=1021147&isbn=9788993818086&mid=b30201000000,Photonet:포토넷,,포함
그대의 강 : 전진우 장편소설,전진우,장편소설,2020,발행 연도,https://www.ksponco.or.kr/lib/book/one/view?book_seq=1032885&isbn=9788964452295&mid=b30201000000,길,,포함
한국 대표 동시 100편,박두순,노래,2009,발행 연도,https://www.ksponco.or.kr/lib/book/one/view?book_seq=1023172&isbn=9788960651135&mid=b30201000000,큰나(시와시학사),,포함
태고의 시간들 : 올가 토카르축 장편소설,"토카르축, 올가",장편소설,2019,발행 연도,https://www.ksponco.or.kr/lib/book/one/view?book_seq=1030053&isbn=9791188810895&mid=b30201000000,은행나무,,포함
"이십세기 한국소설-18.하근찬, 한무숙 외",한무숙,소설,2011,발행 연도,https://www.ksponco.or.kr/lib/book/one/view?book_seq=1022130&isbn=9788936462284&mid=b30201000000,창비,,포함
소설가라는 이상한 직업,장강명,소설,2023,발행 연도,https://www.ksponco.or.kr/lib/book/one/view?book_seq=1035388&isbn=9791198159601&mid=b30201000000,유유히,,포함
"이십세기 한국소설-27.홍성원, 신상웅 외",이십세기 한국소설,소설,2011,발행 연도,https://www.ksponco.or.kr/lib/book/one/view?book_seq=1022139&isbn=9788936462376&mid=b30201000000,창비,,포함
우리는 당신에 대해 조금 알고 있습니다 : 권정민 그림책,권정민,동화,2019,발행 연도,https://www.ksponco.or.kr/lib/book/one/view?book_seq=1030362&isbn=9788954657181&mid=b30201000000,문학동네,,포함
세월호 이야기:동시인·동화작가·그림작가 예순다섯명이 모여 쓰고 그린,한뼘작가들,동화,2014,발행 연도,https://www.ksponco.or.kr/lib/book/one/view?book_seq=1022844&isbn=9788997798285&mid=b30201000000,별숲,,포함
솔라 : 이언 매큐언 장편소설,"매큐언, 이언",장편소설,2018,발행 연도,https://www.ksponco.or.kr/lib/book/one/view?book_seq=1029296&isbn=9788954652087&mid=b30201000000,문학동네,,포함
가차 없는 나의 촉법소녀 : 황성희 시집,황성희,시,2020,발행 연도,https://www.ksponco.or.kr/lib/book/one/view?book_seq=1032911&isbn=9791190885447&mid=b30201000000,현대문학,,포함
너를 생각해 : 권상혁 소설집,권상혁,단편소설,2020,발행 연도,https://www.ksponco.or.kr/lib/book/one/view?book_seq=1032887&isbn=9791189176570&mid=b30201000000,청색종이,,포함
계절의 냄새: 양양 그림책,양양,동화,2021,발행 연도,https://www.ksponco.or.kr/lib/book/one/view?book_seq=1033135&isbn=9791188867981&mid=b30201000000,노란상상,,포함
숨 : 한유주 연작소설집,한유주,단편소설,2020,발행 연도,https://www.ksponco.or.kr/lib/book/one/view?book_seq=1032890&isbn=9791197085420&mid=b30201000000,문학실험실,,포함
타오르는 마음 : 이두온 장편소설,이두온,장편소설,2020,발행 연도,https://www.ksponco.or.kr/lib/book/one/view?book_seq=1031779&isbn=9791190492836&mid=b30201000000,은행나무,,포함
때때로 캥거루:임지은 시집,임지은,시,2021,발행 연도,https://www.ksponco.or.kr/lib/book/one/view?book_seq=1034260&isbn=9788932039268&mid=b30201000000,문학과지성사,,포함
베스트 세계 명작 동화.피리 부는 사나이 20,독일민화,동화,2012,발행 연도,https://www.ksponco.or.kr/lib/book/one/view?book_seq=1024129&isbn=9788993929690&mid=b30201000000,훈민,,포함
"이십세기 한국소설-44.이혜경, 김인숙 외",이십세기 한국소설,소설,2014,발행 연도,https://www.ksponco.or.kr/lib/book/one/view?book_seq=1022156&isbn=9788936462543&mid=b30201000000,창비,,포함
영원이 아니라서 가능한:이장욱 시집,이장욱,시,2016,발행 연도,https://www.ksponco.or.kr/lib/book/one/view?book_seq=1026505&isbn=9788932028774&mid=b30201000000,문학과지성사,,포함
"이십세기 한국소설-37.조성기, 이문열, 최시한",이십세기 한국소설,소설,2011,발행 연도,https://www.ksponco.or.kr/lib/book/one/view?book_seq=1022149&isbn=9788936462475&mid=b30201000000,창비,,포함
남류문학론,우에노 지즈코 외,평론,2024,발행 연도,https://www.ksponco.or.kr/lib/book/one/view?book_seq=1036665&isbn=9791191803372 &mid=b30201000000,버터북스,,포함
슬픔의 방문 : 장일호 에세이,장일호,수필,2022,발행 연도,https://www.ksponco.or.kr/lib/book/one/view?book_seq=1035292&isbn=9791155251591&mid=b30201000000,낮은산,,포함
다섯번째 산 : 파울로 코엘료 장편소설,"코엘료, 파울로",장편소설,2022,발행 연도,https://www.ksponco.or.kr/lib/book/one/view?book_seq=1034319&isbn=9788954687485&mid=b30201000000,문학동네,,포함
뱀파이어의 봄 : 우남정 시집,우남정,시,2022,발행 연도,https://www.ksponco.or.kr/lib/book/one/view?book_seq=1035638&isbn=9788960216778&mid=b30201000000,천년의시작,,포함
"다정하게, 토닥토닥 : 나를 안아주는 그림책의 말들",김글향,동화,2024,발행 연도,https://www.ksponco.or.kr/lib/book/one/view?book_seq=1037526&isbn=9791190105736&mid=b30201000000,빈빈冊방,,포함
그리스 로마 신화 12 : 신들의 싸움,"불핀치, 토머스",소설,2018,발행 연도,https://www.ksponco.or.kr/lib/book/one/view?book_seq=1029392&isbn=9788957363126&mid=b30201000000,가나,,포함
리디머:요 네스뵈 장편소설,"네스뵈, 요",장편소설,2018,발행 연도,https://www.ksponco.or.kr/lib/book/one/view?book_seq=1028488&isbn=9788934980940&mid=b30201000000,비채,,포함
"이십세기 한국소설-8. 이무영, 유진오, 이효석 외",이십세기 한국소설,소설,2005,발행 연도,https://www.ksponco.or.kr/lib/book/one/view?book_seq=1022120&isbn=9788936462185&mid=b30201000000,창비,,포함
"이십세기 한국소설-7.김남천, 강경애, 이북명",이십세기 한국소설,소설,2005,발행 연도,https://www.ksponco.or.kr/lib/book/one/view?book_seq=1022119&isbn=9788936462178&mid=b30201000000,창비,,포함
오다라의 불량감자 : 불량 감자의 바삭한 여행 : 오다라 그림책,오다라,동화,2024,발행 연도,https://www.ksponco.or.kr/lib/book/one/view?book_seq=1037998&isbn=9791197931666&mid=b30201000000,페이퍼독,,포함
그리스 로마 신화 17 : 칼립소 여신과 구혼자들,"불핀치, 토머스",소설,2018,발행 연도,https://www.ksponco.or.kr/lib/book/one/view?book_seq=1029397&isbn=9788957363171&mid=b30201000000,가나,,포함
"그리스 로마 신화 18 : 오, 이타케, 이타케!","불핀치, 토머스",소설,2018,발행 연도,https://www.ksponco.or.kr/lib/book/one/view?book_seq=1029398&isbn=9788957363188&mid=b30201000000,가나,,포함
"이십세기 한국소설-1.신채호, 이광수 김동인 외",이십세기 한국소설,소설,2011,발행 연도,https://www.ksponco.or.kr/lib/book/one/view?book_seq=1022113&isbn=9788936462116&mid=b30201000000,창비,,포함
"이십세기 한국소설-33.오정희, 김채원 외",이십세기 한국소설,소설,2012,발행 연도,https://www.ksponco.or.kr/lib/book/one/view?book_seq=1022145&isbn=9788936462437&mid=b30201000000,창비,,포함
봄에 나는 없었다:애거서 크리스티 장편소설,"크리스티, 애거서",장편소설,2014,발행 연도,https://www.ksponco.or.kr/lib/book/one/view?book_seq=1021362&isbn=9788954623865&mid=b30201000000,문학동네:포레,,포함
열심히 하지 않습니다:격하게 솔직한 사노 요코의 근심 소멸 에세이,사노 요코,수필,2016,발행 연도,https://www.ksponco.or.kr/lib/book/one/view?book_seq=1023880&isbn=9788932473314&mid=b30201000000,을유문화사,,포함
철도원 삼대 : 황석영 장편소설,황석영,장편소설,2020,발행 연도,https://www.ksponco.or.kr/lib/book/one/view?book_seq=1031798&isbn=9788936434434&mid=b30201000000,창비,,중복 제외 (앞 순위 출처에 있음)
엑시트 : 황선미 장편소설,황선미,장편소설,2018,발행 연도,https://www.ksponco.or.kr/lib/book/one/view?book_seq=1029559&isbn=9788949121789&mid=b30201000000,비룡소,,포함
문학의 중력: 고명철 문학평론집,고명철,평론,2021,발행 연도,https://www.ksponco.or.kr/lib/book/one/view?book_seq=1033183&isbn=9791189898489&mid=b30201000000,b,,포함
나는 힘이 들 때 그림책을 읽는다,강지해,동화,2019,발행 연도,https://www.ksponco.or.kr/lib/book/one/view?book_seq=1030528&isbn=9791162850213&mid=b30201000000,마음의숲,,포함
모든 것은 영원했다 : 정지돈 장편소설,정지돈,장편소설,2020,발행 연도,https://www.ksponco.or.kr/lib/book/one/view?book_seq=1032888&isbn=9788932038124&mid=b30201000000,문학과지성사,,포함
하모니카를 찾아서 : 이강산 시집,이강산,시,2020,발행 연도,https://www.ksponco.or.kr/lib/book/one/view?book_seq=1032330&isbn=9788960214880&mid=b30201000000,천년의시작,,포함
정오에게 레이스 달아주기 : 안은숙 시집,안은숙,시,2022,발행 연도,https://www.ksponco.or.kr/lib/book/one/view?book_seq=1035654&isbn=9791192379043&mid=b30201000000,달을쏘다,,포함
"이십세기 한국소설-28.조세희, 윤흥길",이십세기 한국소설,소설,2011,발행 연도,https://www.ksponco.or.kr/lib/book/one/view?book_seq=1022140&isbn=9788936462383&mid=b30201000000,창비,,포함
왜 지금 지리학인가,"데 블레이, 하름",평론,2015,발행 연도,https://www.ksponco.or.kr/lib/book/one/view?book_seq=1024037&isbn=9788964357774&mid=b30201000000,사회평론,,포함
초원의 페이지를 넘기며:카자흐스탄 현대 아홉인 시선집,"술레이메노브, 올자스",시,2011,발행 연도,https://www.ksponco.or.kr/lib/book/one/view?book_seq=1021540&isbn=9788994138152&mid=b30201000000,인터북스,,포함
삼생삼세십리도화:당칠공자 장편소설,당칠공자,장편소설,2017,발행 연도,https://www.ksponco.or.kr/lib/book/one/view?book_seq=1026704&isbn=9788954645935&mid=b30201000000,문학동네,,포함
"0~3세 육아, 그림책에 답이 있습니다 : 하루 10분 언어·정서·사회성 발달을 위한 성장 단계별 120권 그림책 육아법",이임숙,동화,2025,발행 연도,https://www.ksponco.or.kr/lib/book/one/view?book_seq=1037736&isbn=9791168272842&mid=b30201000000,카시오페아,,포함
그리스 로마 신화 6 : 영웅 헤라클레스,"불핀치, 토머스",소설,2018,발행 연도,https://www.ksponco.or.kr/lib/book/one/view?book_seq=1029386&isbn=9788957363065&mid=b30201000000,가나,,포함
슬픔이 없는 십오 초:심보선 시집,심보선,시,2014,발행 연도,https://www.ksponco.or.kr/lib/book/one/view?book_seq=1024003&isbn=9788932018508&mid=b30201000000,문학과지성사,,중복 제외 (앞 순위 출처에 있음)
메모중독자 : 박헌규 시집,박헌규,시,2020,발행 연도,https://www.ksponco.or.kr/lib/book/one/view?book_seq=1032308&isbn=9788961042659&mid=b30201000000,한국문연,,포함
우르비노의 비너스:유목민을 위한 티치아노:윤혜준 장편소설,윤혜준,장편소설,2009,발행 연도,https://www.ksponco.or.kr/lib/book/one/view?book_seq=1022249&isbn=9788930005852&mid=b30201000000,나남,,포함
짧은 동화 긴 생각 2,이규경,동화,2011,발행 연도,https://www.ksponco.or.kr/lib/book/one/view?book_seq=1023136&isbn=9788928100750&mid=b30201000000,효리원,,포함
아몬드:손원평 장편소설,손원평,장편소설,2017,발행 연도,https://www.ksponco.or.kr/lib/book/one/view?book_seq=1026190&isbn=9788936434267&mid=b30201000000,창비,,중복 제외 (앞 순위 출처에 있음)
"용기를 내, 비닐장갑!",유설화,소설,2021,발행 연도,https://www.ksponco.or.kr/lib/book/one/view?book_seq=1032872&isbn=9791158362249&mid=b30201000000,책읽는곰,,포함
마력의 태동 : 히가시노 게이고 소설,히가시노 게이고,소설,2019,발행 연도,https://www.ksponco.or.kr/lib/book/one/view?book_seq=1030024&isbn=9788972759546&mid=b30201000000,현대문학,,포함
맥박 : 김무웅 시집,김무웅,시,2020,발행 연도,https://www.ksponco.or.kr/lib/book/one/view?book_seq=1032917&isbn=9791190943116&mid=b30201000000,시와표현,,포함
물소의 춤 : 강현숙 시집,강현숙,시,2020,발행 연도,https://www.ksponco.or.kr/lib/book/one/view?book_seq=1032918&isbn=9791130817538&mid=b30201000000,푸른사상사,,포함
그렇게 할 수밖에 : 최도담 장편소설,최도담,장편소설,2022,발행 연도,https://www.ksponco.or.kr/lib/book/one/view?book_seq=1035578&isbn=9791157403493&mid=b30201000000,네오픽션,,포함
황제의 외동딸:윤슬 장편소설.2,윤슬,장편소설,2013,발행 연도,https://www.ksponco.or.kr/lib/book/one/view?book_seq=1021413&isbn=9788926761427&mid=b30201000000,디엔씨미디어:파피루스,,포함
하류 : 서정춘 시집,서정춘,시,2020,발행 연도,https://www.ksponco.or.kr/lib/book/one/view?book_seq=1032927&isbn=9791189898380 &mid=b30201000000,b,,포함
수업 비평가의 시선 : 수업에 관한 오해와 이해,이혁규,평론,2018,발행 연도,https://www.ksponco.or.kr/lib/book/one/view?book_seq=1029723&isbn=9788968801020&mid=b30201000000,교육공동체 벗,,포함
중세를 적다 : 홍일표 시집,홍일표,시,2021,발행 연도,https://www.ksponco.or.kr/lib/book/one/view?book_seq=1032925&isbn=9788937409004&mid=b30201000000,민음사,,포함
흰 개 옮겨 적기 : 강주 시집,강주,시,2020,발행 연도,https://www.ksponco.or.kr/lib/book/one/view?book_seq=1032930&isbn=9791197242502 &mid=b30201000000,시산맥사,,포함
해저의 교실에서 소년은 흰 달을 본다 : 장이지 신작 시집,장이지,시,2020,발행 연도,https://www.ksponco.or.kr/lib/book/one/view?book_seq=1032928&isbn=9791156625193&mid=b30201000000,아시아,,포함
세이렌의 항해 : 박진임 평론집,박진임,평론,2020,발행 연도,https://www.ksponco.or.kr/lib/book/one/view?book_seq=1032931&isbn=9788983928375 &mid=b30201000000,문학수첩,,포함
외계 행성 사과밭 : 고광식 시집,고광식,시,2020,발행 연도,https://www.ksponco.or.kr/lib/book/one/view?book_seq=1032321&isbn=9791187756668&mid=b30201000000,함께하는출판그룹파란,,포함
수용소:정신병 환자와 그 외 재소자들의 사회적 상황에 대한 에세이,"고프먼, 어빙",수필,2018,발행 연도,https://www.ksponco.or.kr/lib/book/one/view?book_seq=1029724&isbn=9788932031057&mid=b30201000000,문학과지성사,,포함
"저 눈빛, 헛것을 만난 : 조창환 동물시집",조창환,시,2020,발행 연도,https://www.ksponco.or.kr/lib/book/one/view?book_seq=1032323&isbn=9791186557648 &mid=b30201000000,현대시학사,,포함
밥이 예수다 : 손종수 시집,손종수,시,2017,발행 연도,https://www.ksponco.or.kr/lib/book/one/view?book_seq=1027982&isbn=9791187413745&mid=b30201000000,Bookin(북인),,포함
현대시조의 폭과 깊이 : 황치복 평론집,황치복,시조,2020,발행 연도,https://www.ksponco.or.kr/lib/book/one/view?book_seq=1032933&isbn=9791190487764 &mid=b30201000000,고요아침,,포함
허수아비는 허수아비다 : 복효근 디카시집,복효근,시,2020,발행 연도,https://www.ksponco.or.kr/lib/book/one/view?book_seq=1032332&isbn=9788992219907&mid=b30201000000,애지,,포함
"마음이 예뻐지는 동시, 따라 쓰는 꽃 동시",이상교,노래,2020,발행 연도,https://www.ksponco.or.kr/lib/book/one/view?book_seq=1031877&isbn=9791162180907&mid=b30201000000,나무생각,,포함
"도망쳐요, 달평 씨 : 신민재 그림책",신민재,동화,2022,발행 연도,https://www.ksponco.or.kr/lib/book/one/view?book_seq=1034968&isbn=9791158363697&mid=b30201000000,책읽는곰,,포함
진짜 진짜 재밌는 자동차 그림책,톰 잭슨,동화,2015,발행 연도,https://www.ksponco.or.kr/lib/book/one/view?book_seq=1023143&isbn=9791186073575&mid=b30201000000,부즈펌어린이,,포함
칼의 노래:김훈 장편소설,김훈,장편소설,2012,발행 연도,https://www.ksponco.or.kr/lib/book/one/view?book_seq=1021477&isbn=9788954617246&mid=b30201000000,문학동네,,중복 제외 (앞 순위 출처에 있음)
시지프 신화,"카뮈, 알베르",소설,2016,발행 연도,https://www.ksponco.or.kr/lib/book/one/view?book_seq=1027863&isbn=9788937463433&mid=b30201000000,민음사,,포함
굳빠이 이상:김연수 장편소설,김연수,장편소설,2016,발행 연도,https://www.ksponco.or.kr/lib/book/one/view?book_seq=1024225&isbn=9788954640152&mid=b30201000000,문학동네,,포함
신화의 언어,조현설,소설,2020,발행 연도,https://www.ksponco.or.kr/lib/book/one/view?book_seq=1032020&isbn=9791160403619&mid=b30201000000,한겨레,,포함
저만치 혼자서 : 김훈 소설,김훈,소설,2022,발행 연도,https://www.ksponco.or.kr/lib/book/one/view?book_seq=1034155&isbn=9788954686921&mid=b30201000000,문학동네,,중복 제외 (앞 순위 출처에 있음)
이야기를 보여 줘! : 그림책 거장 21인과 나눈 속 깊은 대화,"마커스, 레너드 S",동화,2025,발행 연도,https://www.ksponco.or.kr/lib/book/one/view?book_seq=1038024&isbn=9791158365561&mid=b30201000000,책읽는곰,,포함
그리스 로마 신화 1 : 올림포스의 신들,"불핀치, 토마스",소설,2022,발행 연도,https://www.ksponco.or.kr/lib/book/one/view?book_seq=1036203&isbn=9791168090477&mid=b30201000000,가나,,포함
화장의 기술 : 문화영 시집,문화영,시,2020,발행 연도,https://www.ksponco.or.kr/lib/book/one/view?book_seq=1032545&isbn=9791186111840&mid=b30201000000,시와에세이,,포함
신화로 즐기는 품질 여행,한재훈,소설,2024,발행 연도,https://www.ksponco.or.kr/lib/book/one/view?book_seq=1036927&isbn=9791160100679&mid=b30201000000,KSAM 한국표준협회미디어,,포함
내 심장을 쏴라 : 정유정 장편소설,정유정,장편소설,2009,발행 연도,https://www.ksponco.or.kr/lib/book/one/view?book_seq=1035090&isbn=9788956602998&mid=b30201000000,은행나무,,중복 제외 (앞 순위 출처에 있음)
짧은 동화 긴 생각 6,이규경,동화,2014,발행 연도,https://www.ksponco.or.kr/lib/book/one/view?book_seq=1023140&isbn=9788928103751&mid=b30201000000,효리원,,포함
짧은 동화 긴 생각 3,이규경,동화,2011,발행 연도,https://www.ksponco.or.kr/lib/book/one/view?book_seq=1023137&isbn=9788928100767&mid=b30201000000,효리원,,포함
올드걸의 시집,은유,시,2012,발행 연도,https://www.ksponco.or.kr/lib/book/one/view?book_seq=1024621&isbn=9788997162321&mid=b30201000000,청어람미디어,,포함
SF 작가입니다,배명훈,소설,2020,발행 연도,https://www.ksponco.or.kr/lib/book/one/view?book_seq=1031840&isbn=9788932036007&mid=b30201000000,문학과지성사,,포함
시는 휴일도 없이,이용임,시,2020,발행 연도,https://www.ksponco.or.kr/lib/book/one/view?book_seq=1031852&isbn=9791189128937&mid=b30201000000,걷는사람,,포함
근로하는 자세 : 이태승 소설,이태승,소설,2022,발행 연도,https://www.ksponco.or.kr/lib/book/one/view?book_seq=1034431&isbn=9791167371522&mid=b30201000000,은행나무,,포함
지지 않는다는 말:김연수 산문집,김연수,수필,2012,발행 연도,https://www.ksponco.or.kr/lib/book/one/view?book_seq=1021445&isbn=9788992783613&mid=b30201000000,마음의 숲,,포함
신화와 콘텐츠,박희영,소설,2017,발행 연도,https://www.ksponco.or.kr/lib/book/one/view?book_seq=1029643&isbn=9791159012051&mid=b30201000000,한국외국어대학교 지식출판원,,포함
하루거리,김휘훈,동화,2020,발행 연도,https://www.ksponco.or.kr/lib/book/one/view?book_seq=1031869&isbn=9791186825241&mid=b30201000000,그림책공작소,,포함
고양이는 사라지지 않는다 : 정선임 소설,정선임,소설,2022,발행 연도,https://www.ksponco.or.kr/lib/book/one/view?book_seq=1035577&isbn=9791130695136&mid=b30201000000,다산책방,,포함
우리의 밤이 시작되는 곳 : 고요한 장편소설,고요한,장편소설,2022,발행 연도,https://www.ksponco.or.kr/lib/book/one/view?book_seq=1034170&isbn=9791161571317&mid=b30201000000,나무옆의자,,포함
그린펜션,김제철,평론,2020,발행 연도,https://www.ksponco.or.kr/lib/book/one/view?book_seq=1031821&isbn=9791155922422&mid=b30201000000,작가와비평,,포함
귀는 눈을 감았다 : 김은우 시집,김은우,시,2020,발행 연도,https://www.ksponco.or.kr/lib/book/one/view?book_seq=1032544&isbn=9791162431306&mid=b30201000000,시산맥사,,포함
느낌은 멈추지 않는다 : 안주철 시집,안주철,시,2020,발행 연도,https://www.ksponco.or.kr/lib/book/one/view?book_seq=1032547&isbn=9791156625063&mid=b30201000000,아시아,,중복 제외 (앞 순위 출처에 있음)
능소화가 피면서 악기를 창가에 걸어둘 수 있게 되었다 : 안도현 시집,안도현,시,2020,발행 연도,https://www.ksponco.or.kr/lib/book/one/view?book_seq=1032548&isbn=9788936424497&mid=b30201000000,창비,,포함
그램그램 영문법 원정대 23,장영준,평론,2015,발행 연도,https://www.ksponco.or.kr/lib/book/one/view?book_seq=1031510&isbn=9788964357712&mid=b30201000000,사회평론,,포함
실전 모국어 : 양정규 소설집,양정규,단편소설,2020,발행 연도,https://www.ksponco.or.kr/lib/book/one/view?book_seq=1032504&isbn=9791189176358&mid=b30201000000,청색종이,,포함
환상의 동네서점 : 배지영 에세이,배지영,수필,2020,발행 연도,https://www.ksponco.or.kr/lib/book/one/view?book_seq=1032508&isbn=9791190473385&mid=b30201000000,새움,,포함
양치식물 : 김정희 시집,김정희,시,2020,발행 연도,https://www.ksponco.or.kr/lib/book/one/view?book_seq=1032551&isbn=9788961042703&mid=b30201000000,한국문연,,포함
친애하는 인민들의 문학 생활 : 북한의 페미니즘 소설부터 반체제 지하문학까지,오창은,소설,2020,발행 연도,https://www.ksponco.or.kr/lib/book/one/view?book_seq=1032552&isbn=9791190893268&mid=b30201000000,서해문집,,포함
타인의 집: 손원평 소설집,손원평,단편소설,2021,발행 연도,https://www.ksponco.or.kr/lib/book/one/view?book_seq=1034059&isbn=9788936438456&mid=b30201000000,창비,,중복 제외 (앞 순위 출처에 있음)
우리의 초능력은 우는 일이 전부라고 생각해 : 윤종욱 시집,윤종욱,시,2020,발행 연도,https://www.ksponco.or.kr/lib/book/one/view?book_seq=1032542&isbn=9788937408946&mid=b30201000000,민음사,,포함
시나리오 쓰고 있네 : 황서미 에세이,황서미,희곡,2020,발행 연도,https://www.ksponco.or.kr/lib/book/one/view?book_seq=1032515&isbn=9788965292470&mid=b30201000000,씽크스마트,,포함
환상 이야기 : 금기웅 소설집,금기웅,단편소설,2019,발행 연도,https://www.ksponco.or.kr/lib/book/one/view?book_seq=1032460&isbn=9788970759128 &mid=b30201000000,문학세계사,,포함
왕진 가방 속의 페미니즘 : 동네 주치의의 명랑 뭉클 에세이,추혜인,수필,2020,발행 연도,https://www.ksponco.or.kr/lib/book/one/view?book_seq=1032514&isbn=9791186757642&mid=b30201000000,심플라이프,,포함
조용희 청소기 : 김보라 그림책,김보라,동화,2023,발행 연도,https://www.ksponco.or.kr/lib/book/one/view?book_seq=1035738&isbn=9788936429027&mid=b30201000000,창비,,포함
어느 날 마음이 불행하다고 말했다 : 손미나 에세이,손미나,수필,2020,발행 연도,https://www.ksponco.or.kr/lib/book/one/view?book_seq=1032516&isbn=9791190908603&mid=b30201000000,위즈덤하우스,,포함
시를 잊은 그대에게,정재찬,시,2015,발행 연도,https://www.ksponco.or.kr/lib/book/one/view?book_seq=1018047&isbn=9788958628224&mid=b30201000000,휴머니스트,,중복 제외 (앞 순위 출처에 있음)
길에서 개손자를 만나다 : 박상률 시집,박상률,시,2020,발행 연도,https://www.ksponco.or.kr/lib/book/one/view?book_seq=1032522&isbn=9788960215108&mid=b30201000000,천년의시작,,포함
지질 시간 : 김백겸 시집,김백겸,시,2020,발행 연도,https://www.ksponco.or.kr/lib/book/one/view?book_seq=1032523&isbn=9791187756736&mid=b30201000000,함께하는출판그룹파란,,포함
한정판 인생 : 이철경 시집,이철경,시,2020,발행 연도,https://www.ksponco.or.kr/lib/book/one/view?book_seq=1032521&isbn=9788939230538&mid=b30201000000,실천문학사,,포함
넌 무작정 온다 : 김양희 시집,김양희,시,2020,발행 연도,https://www.ksponco.or.kr/lib/book/one/view?book_seq=1032525&isbn=9791190487290&mid=b30201000000,고요아침,,포함
나무의 목숨 : 신승근 시집,신승근,시,2020,발행 연도,https://www.ksponco.or.kr/lib/book/one/view?book_seq=1032526&isbn=9791188710775&mid=b30201000000,달아실,,포함
누구도 모르는 저쪽 : 허림 시집,허림,시,2020,발행 연도,https://www.ksponco.or.kr/lib/book/one/view?book_seq=1032527&isbn=9791188710768&mid=b30201000000,달아실,,포함
섬의 오디세이 : 박선우 시집,박선우,시,2020,발행 연도,https://www.ksponco.or.kr/lib/book/one/view?book_seq=1032528&isbn=9791196810726&mid=b30201000000,더푸른 출판사,,포함
우리가 만난 시간 : 이은용 장편소설,이은용,장편소설,2020,발행 연도,https://www.ksponco.or.kr/lib/book/one/view?book_seq=1032489&isbn=9788932037608&mid=b30201000000,문학과지성사,,포함
괴불주머니 : 윤혜숙 장편소설,윤혜숙,장편소설,2020,발행 연도,https://www.ksponco.or.kr/lib/book/one/view?book_seq=1032488&isbn=9791163500292&mid=b30201000000,단비,,포함
세 그루 밀원 : 이상열 시집,이상열,시,2020,발행 연도,https://www.ksponco.or.kr/lib/book/one/view?book_seq=1032532&isbn=9788992219938&mid=b30201000000,애지,,포함
아브락사스의 정원 : 이평재 소설,이평재,소설,2017,발행 연도,https://www.ksponco.or.kr/lib/book/one/view?book_seq=1027998&isbn=9791186748916&mid=b30201000000,나무옆의자,,포함
그 개와 같은 말:임현 소설집,임현,단편소설,2017,발행 연도,https://www.ksponco.or.kr/lib/book/one/view?book_seq=1027516&isbn=9788972758310&mid=b30201000000,현대문학,,포함
한류 신화에 관한 열가지 논쟁,진달용,소설,2022,발행 연도,https://www.ksponco.or.kr/lib/book/one/view?book_seq=1034836&isbn=9788946073692&mid=b30201000000,한울아카데미,,포함
도깨비가 없다고?:권영상 동시집,권영상,노래,2019,발행 연도,https://www.ksponco.or.kr/lib/book/one/view?book_seq=1030618&isbn=9791160944419&mid=b30201000000,사계절,,포함
가녀장의 시대 : 이슬아 장편소설,이슬아,장편소설,2022,발행 연도,https://www.ksponco.or.kr/lib/book/one/view?book_seq=1035252&isbn=9788954688796&mid=b30201000000,이야기장수,,중복 제외 (앞 순위 출처에 있음)
언제나 민생을 염려하노니:조선을 움직인 사인의 경세가들,이정철,평론,2013,발행 연도,https://www.ksponco.or.kr/lib/book/one/view?book_seq=1022319&isbn=9788976965394&mid=b30201000000,역사비평사,,포함
오직 한 사람의 차지 : 김금희 소설,김금희,소설,2019,발행 연도,https://www.ksponco.or.kr/lib/book/one/view?book_seq=1030390&isbn=9788954657273&mid=b30201000000,문학동네,,포함
이혼 법정에 선 식민지 조선 여성들 : 근대적 이혼제도의 도입과 젠더,소현숙,평론,2017,발행 연도,https://www.ksponco.or.kr/lib/book/one/view?book_seq=1029884&isbn=9788976961389&mid=b30201000000,역사비평사,,포함
경성 탐정 사무소:박하민 장편소설 4,박하민,장편소설,2017,발행 연도,https://www.ksponco.or.kr/lib/book/one/view?book_seq=1026424&isbn=9791156410812&mid=b30201000000,로담,,포함
신과 함께:신화편.3-3,주호민,소설,2012,발행 연도,https://www.ksponco.or.kr/lib/book/one/view?book_seq=1022083&isbn=9788959195008&mid=b30201000000,애니북스,,포함
역사는 왜 가르쳐야 하는가 : 민주시민을 키우는 새로운 역사교육,"바튼, 키쓰",평론,2017,발행 연도,https://www.ksponco.or.kr/lib/book/one/view?book_seq=1029737&isbn=9788976964298&mid=b30201000000,역사비평사,,포함
달에도 시인이 살겠지:백이운 시조집,백이운,시조,2019,발행 연도,https://www.ksponco.or.kr/lib/book/one/view?book_seq=1030569&isbn=9788979446791&mid=b30201000000,책만드는집,,포함
버릴까:홍성훈 시조집,홍성훈,시조,2019,발행 연도,https://www.ksponco.or.kr/lib/book/one/view?book_seq=1030575&isbn=9791130813981&mid=b30201000000,푸른사상,,포함
"추리 천재 엉덩이 탐정.6,수상한 탐정 사무소 사건",트롤,소설,2018,발행 연도,https://www.ksponco.or.kr/lib/book/one/view?book_seq=1035157&isbn=9791162335123&mid=b30201000000,아이세움(미래엔),,포함
시를 읽는 오후,최영미,시,2017,발행 연도,https://www.ksponco.or.kr/lib/book/one/view?book_seq=1027213&isbn=9788965746294&mid=b30201000000,해냄,,포함
세종의 나라 2 : 김진명 장편소설,김진명,장편소설,2026,발행 연도,https://www.ksponco.or.kr/lib/book/one/view?book_seq=1038046&isbn=9791167764126&mid=b30201000000,이타북스,,포함
오늘처럼 인생이 싫었던 날은:세사르 바예호 시선집,"바예호, 세사르",시,2017,발행 연도,https://www.ksponco.or.kr/lib/book/one/view?book_seq=1027560&isbn=9791130614151&mid=b30201000000,다산책방,,포함
돈의 시나리오 [큰글자책] : 계획이 있는 돈은 흔들리지 않는다,"김종봉, 제갈현열",희곡,2021,발행 연도,https://www.ksponco.or.kr/lib/book/one/view?book_seq=1033027&isbn=9791130639321&mid=b30201000000,다산북스,,포함
금강에 백석의 흰 당나귀가 지나갔다 : 박재홍 시집,박재홍,시,2022,발행 연도,https://www.ksponco.or.kr/lib/book/one/view?book_seq=1035627&isbn=9791162433164&mid=b30201000000,시산맥사,,포함
어린 만세꾼:정명섭 장편동화,정명섭,동화,2019,발행 연도,https://www.ksponco.or.kr/lib/book/one/view?book_seq=1030638&isbn=9791160944433&mid=b30201000000,사계절,,포함
우리가 다리를 건널 때 : 문지혁 소설,문지혁,소설,2022,발행 연도,https://www.ksponco.or.kr/lib/book/one/view?book_seq=1034446&isbn=9791130690230&mid=b30201000000,다산책방,,포함
김윤미 희곡집.5,김윤미,희곡,2017,발행 연도,https://www.ksponco.or.kr/lib/book/one/view?book_seq=1028011&isbn=9788971156391&mid=b30201000000,평민사,,포함
"그리스 로마 신화 10 : 트로이, 트로이로!","불핀치, 토머스",소설,2018,발행 연도,https://www.ksponco.or.kr/lib/book/one/view?book_seq=1029390&isbn=9788957363102&mid=b30201000000,가나,,포함
투명 의자:윤해연 장편동화,윤해연,동화,2019,발행 연도,https://www.ksponco.or.kr/lib/book/one/view?book_seq=1030645&isbn=9788997798681&mid=b30201000000,별숲,,포함
밤의 양들 1 : 이정명 장편소설,이정명,장편소설,2019,발행 연도,https://www.ksponco.or.kr/lib/book/one/view?book_seq=1030342&isbn=9791189982461&mid=b30201000000,은행나무,,포함
사소한 정의 : 앤 레키 장편소설,"레키, 앤",장편소설,2018,발행 연도,https://www.ksponco.or.kr/lib/book/one/view?book_seq=1030009&isbn=9791187206088&mid=b30201000000,아작,,포함
우리의 남극 탐험기 : 김근우 장편소설,김근우,장편소설,2017,발행 연도,https://www.ksponco.or.kr/lib/book/one/view?book_seq=1028001&isbn=9791161570082&mid=b30201000000,나무옆의자,,중복 제외 (앞 순위 출처에 있음)
건전지 할머니 : 강인숙·전승배 그림책,"강인숙,전승배",동화,2025,발행 연도,https://www.ksponco.or.kr/lib/book/one/view?book_seq=1038102&isbn=9788936429454&mid=b30201000000,창비,,포함
아침 일곱 시,임유,시,2022,발행 연도,https://www.ksponco.or.kr/lib/book/one/view?book_seq=1036455&isbn=9791191886160&mid=b30201000000,향출판사,,포함
그가 내린 곳 : 박혜상 소설집,박혜상,단편소설,2017,발행 연도,https://www.ksponco.or.kr/lib/book/one/view?book_seq=1028013&isbn=9788932029832&mid=b30201000000,문학과지성사,,포함
꽃을 보듯 너를 본다 [큰글자책] : 나태주 시집,나태주,시,2019,발행 연도,https://www.ksponco.or.kr/lib/book/one/view?book_seq=1030415&isbn=9791157283644&mid=b30201000000,지혜,,중복 제외 (앞 순위 출처에 있음)
"연대기, 괴물 : 임철우 소설집",임철우,단편소설,2017,발행 연도,https://www.ksponco.or.kr/lib/book/one/view?book_seq=1027993&isbn=9788932029955&mid=b30201000000,문학과지성사,,포함
한눈에펼쳐보는한국사연표그림책,정연,동화,2011,발행 연도,https://www.ksponco.or.kr/lib/book/one/view?book_seq=1016521&isbn=9788972216988&mid=b30201000000,진선아이,,포함
급소 : 김덕희 소설집,김덕희,단편소설,2017,발행 연도,https://www.ksponco.or.kr/lib/book/one/view?book_seq=1028021&isbn=9788932030135&mid=b30201000000,문학과지성사,,포함
예의 바른 딸기 : 김미희 동시집,김미희,노래,2017,발행 연도,https://www.ksponco.or.kr/lib/book/one/view?book_seq=1028031&isbn=9788965913313&mid=b30201000000,휴먼어린이,,포함
소리가 들리는 동시집,이상교,노래,2010,발행 연도,https://www.ksponco.or.kr/lib/book/one/view?book_seq=1023180&isbn=9788990611932&mid=b30201000000,토토북,,포함
일하고 일하고 사랑을 하고 : 최지인 시집,최지인,시,2022,발행 연도,https://www.ksponco.or.kr/lib/book/one/view?book_seq=1034417&isbn=9788936424725&mid=b30201000000,창비,,포함
공정제어기초,도진환,동화,2018,발행 연도,https://www.ksponco.or.kr/lib/book/one/view?book_seq=1030847&isbn=9788942591923&mid=b30201000000,동화기술,,포함
사과의 진실 : 배경희 시집,배경희,시,2022,발행 연도,https://www.ksponco.or.kr/lib/book/one/view?book_seq=1035640&isbn=9791158965587&mid=b30201000000,시인동네,,포함
베스트 세계 명작 동화.걸리버 여행기 25,"스위프트, 조너선",동화,2012,발행 연도,https://www.ksponco.or.kr/lib/book/one/view?book_seq=1024134&isbn=9788993929782&mid=b30201000000,훈민,,포함
그리스 로마 신화 14 : 트로이의 목마,"불핀치, 토머스",소설,2018,발행 연도,https://www.ksponco.or.kr/lib/book/one/view?book_seq=1029394&isbn=9788957363140&mid=b30201000000,가나,,포함
매스커레이드 라이프 : 히가시노 게이고 장편소설,히가시노 게이고,장편소설,2026,발행 연도,https://www.ksponco.or.kr/lib/book/one/view?book_seq=1038109&isbn=9791167903662&mid=b30201000000,H(현대문학),,포함
문신 3 : 윤흥길 장편소설,윤흥길,장편소설,2018,발행 연도,https://www.ksponco.or.kr/lib/book/one/view?book_seq=1030037&isbn=9788954654104&mid=b30201000000,문학동네,,포함
"우리 꽃, 우리 나무 : 양재홍 외 동시집","양재홍, 한상순, 이묘신, 박신식, 박혜선",노래,2017,발행 연도,https://www.ksponco.or.kr/lib/book/one/view?book_seq=1027934&isbn=9788993471519&mid=b30201000000,섬아이,,포함
(진짜 진짜 재밌는) 곤충 그림책,"바라클로우, 수잔",동화,2016,발행 연도,https://www.ksponco.or.kr/lib/book/one/view?book_seq=1028102&isbn=9788994545912&mid=b30201000000,부즈펌어린이,,포함
이루의 세상,정설아,평론,2025,발행 연도,https://www.ksponco.or.kr/lib/book/one/view?book_seq=1037229&isbn=9791197407062&mid=b30201000000,사회평론주니어,,포함
(진짜 진짜 재밌는) 공룡 그림책,"로스, 베로니카",동화,2016,발행 연도,https://www.ksponco.or.kr/lib/book/one/view?book_seq=1028103&isbn=9788994545714&mid=b30201000000,부즈펌어린이,,포함
아웃사이더 1 : 스티븐 킹 장편소설,킹 스티븐,장편소설,2019,발행 연도,https://www.ksponco.or.kr/lib/book/one/view?book_seq=1030466&isbn=9791158885502&mid=b30201000000,황금가지,,포함
베스트 세계 명작 동화.알라딘의 요술 램프 24,아라비아,동화,2012,발행 연도,https://www.ksponco.or.kr/lib/book/one/view?book_seq=1024133&isbn=9788993929775&mid=b30201000000,훈민,,포함
끝없는 세상 2 : 켄 폴릿 장편소설,"폴릿, 켄",장편소설,2019,발행 연도,https://www.ksponco.or.kr/lib/book/one/view?book_seq=1030080&isbn=9788954655064&mid=b30201000000,문학동네,,포함
그림책의 모든 것,"솔즈베리, 마틴",동화,2012,발행 연도,https://www.ksponco.or.kr/lib/book/one/view?book_seq=1030483&isbn=9788952765109&mid=b30201000000,시공사,,포함
즐거운 반란:김지선 평론집,김지선,평론,2012,발행 연도,https://www.ksponco.or.kr/lib/book/one/view?book_seq=1021455&isbn=9788994519241&mid=b30201000000,케포이북스,,포함
그램그램 영문법 원정대 20,브릭스,평론,2014,발행 연도,https://www.ksponco.or.kr/lib/book/one/view?book_seq=1036175&isbn=9788964357156&mid=b30201000000,사회평론,,포함
태양 왕 수바 : 수박의 전설,이지은,소설,2023,발행 연도,https://www.ksponco.or.kr/lib/book/one/view?book_seq=1035472&isbn=9788901271323&mid=b30201000000,웅진주니어,,포함
파일명 서정시:나희덕 시집,나희덕,시,2018,발행 연도,https://www.ksponco.or.kr/lib/book/one/view?book_seq=1030598&isbn=9788936424268&mid=b30201000000,창비,,포함
끝없는 세상 3 : 켄 폴릿 장편소설,"폴릿, 켄",장편소설,2019,발행 연도,https://www.ksponco.or.kr/lib/book/one/view?book_seq=1030079&isbn=9788954655071&mid=b30201000000,문학동네,,포함
차라리 피고인이 되고 싶다 : 유중원 중편소설,유중원,소설,2019,발행 연도,https://www.ksponco.or.kr/lib/book/one/view?book_seq=1031371&isbn=9788963275659&mid=b30201000000,글누림,,포함
신현림의 옛 그림과 뛰노는 동시 놀이터,신현림,노래,2013,발행 연도,https://www.ksponco.or.kr/lib/book/one/view?book_seq=1022943&isbn=9788952216083&mid=b30201000000,살림어린이,,중복 제외 (앞 순위 출처에 있음)
수국 찻집 : 김지안 그림책,김지안,동화,2026,발행 연도,https://www.ksponco.or.kr/lib/book/one/view?book_seq=1038122&isbn=9788936429669&mid=b30201000000,창비,,포함
수박의 전설 외전,이지은,소설,2023,발행 연도,https://www.ksponco.or.kr/lib/book/one/view?book_seq=1035764&isbn=9791198361202&mid=b30201000000,쿵프레스,,포함
시간관리국 : 캘리앤 브래들리 장편소설,"브래들리, 캘리앤",장편소설,2026,발행 연도,https://www.ksponco.or.kr/lib/book/one/view?book_seq=1038123&isbn=9791173325441&mid=b30201000000,김영사,,포함
윗집 부부 : 황보름 장편소설,황보름,장편소설,2026,발행 연도,https://www.ksponco.or.kr/lib/book/one/view?book_seq=1038132&isbn=9791193235966&mid=b30201000000,클레이하우스,,포함
"이십세기 한국소설-6.이태준, 박태원",이십세기 한국소설,소설,2005,발행 연도,https://www.ksponco.or.kr/lib/book/one/view?book_seq=1022118&isbn=9788936462161&mid=b30201000000,창비,,포함
때로는 행복 대신 불행을 택하기도 한다 : 김진명 에세이,김진명,수필,2022,발행 연도,https://www.ksponco.or.kr/lib/book/one/view?book_seq=1034295&isbn=9791167763204&mid=b30201000000,이타북스,,포함
숨겨 둔 말 : 김현서 시집,김현서,시,2022,발행 연도,https://www.ksponco.or.kr/lib/book/one/view?book_seq=1035698&isbn=9791165701130&mid=b30201000000,창비,,포함
할매들은 시방 : 전라도 장흥 할머니들의 두근두근 내 생애 첫 시와 그림,김기순 외,시,2020,발행 연도,https://www.ksponco.or.kr/lib/book/one/view?book_seq=1032216&isbn=9791187685418&mid=b30201000000,정한책방,,포함
퀴르발 남작의 성:최제훈 소설집,최제훈,단편소설,2010,발행 연도,https://www.ksponco.or.kr/lib/book/one/view?book_seq=1024009&isbn=9788932020525&mid=b30201000000,문학과지성사,,중복 제외 (앞 순위 출처에 있음)
"난생 처음 한번 공부하는 미술 이야기 1 : 원시, 이집트, 메소포타미아 문명과 미술",양정무,평론,2019,발행 연도,https://www.ksponco.or.kr/lib/book/one/view?book_seq=1030379&isbn=9788964358290&mid=b30201000000,사회평론,,포함
아프리카의 별:정미경 장편소설,정미경,장편소설,2010,발행 연도,https://www.ksponco.or.kr/lib/book/one/view?book_seq=1021571&isbn=9788954611558&mid=b30201000000,문학동네,,포함
초자연적 3D 프린팅 : 황유원 시집,황유원,시,2022,발행 연도,https://www.ksponco.or.kr/lib/book/one/view?book_seq=1035049&isbn=9788954687683&mid=b30201000000,문학동네,,포함
이천십구 신춘문예당선소설집,함지연 외,단편소설,2019,발행 연도,https://www.ksponco.or.kr/lib/book/one/view?book_seq=1031328&isbn=9791170320746&mid=b30201000000,한국소설가협회,,포함
계절은 너에게 배웠어 : 윤종신 산문집,윤종신,수필,2018,발행 연도,https://www.ksponco.or.kr/lib/book/one/view?book_seq=1028847&isbn=9788954652773&mid=b30201000000,문학동네,,포함
"발레 너머 예술 : 발레, 예술, 문화를 향한 비평적 시선",노영재,평론,2024,발행 연도,https://www.ksponco.or.kr/lib/book/one/view?book_seq=1038021&isbn=9791157414291&mid=b30201000000,현북스,,포함
몽실 언니,권정생,평론,2003,발행 연도,https://www.ksponco.or.kr/lib/book/one/view?book_seq=1017051&isbn=9788936440145&mid=b30201000000,창작과비평사,,중복 제외 (앞 순위 출처에 있음)
북유럽 신화,"게이먼, 닐",소설,2017,발행 연도,https://www.ksponco.or.kr/lib/book/one/view?book_seq=1027320&isbn=9791158510688&mid=b30201000000,나무의철학,,포함
모스크바의 신사 : 에이모 토울스 장편소설,"토울스, 에이모",장편소설,2018,발행 연도,https://www.ksponco.or.kr/lib/book/one/view?book_seq=1028851&isbn=9788972758945&mid=b30201000000,현대문학,,포함
하늘비자 : 송마나 수필집,송마나,수필,2022,발행 연도,https://www.ksponco.or.kr/lib/book/one/view?book_seq=1035620&isbn=9791190629256&mid=b30201000000,에세이문학출판부,,포함
브레이크 다운 : B. A. 패리스 장편소설,"패리스,B.A",장편소설,2018,발행 연도,https://www.ksponco.or.kr/lib/book/one/view?book_seq=1028862&isbn=9788950975524&mid=b30201000000,아르테,,포함
사랑하는 개 : 박솔뫼 소설집,박솔뫼,단편소설,2018,발행 연도,https://www.ksponco.or.kr/lib/book/one/view?book_seq=1029068&isbn=9791196074418&mid=b30201000000,스위밍꿀,,포함
픽업:더글라스 케네디 소설,"케네디, 더글라스",소설,2016,발행 연도,https://www.ksponco.or.kr/lib/book/one/view?book_seq=1026005&isbn=9788984372993&mid=b30201000000,밝은세상,,포함
광해군,한명기,평론,2018,발행 연도,https://www.ksponco.or.kr/lib/book/one/view?book_seq=1028996&isbn=9788976968043&mid=b30201000000,역사비평사,,포함
식탁 위의 작가 : 하미라 에세이,하미라,수필,2022,발행 연도,https://www.ksponco.or.kr/lib/book/one/view?book_seq=1035610&isbn=9791160545760&mid=b30201000000,렛츠북,,포함
"얘들아, 너희들의 노래를 불러라:이오덕 시집",이오덕,시,2013,발행 연도,https://www.ksponco.or.kr/lib/book/one/view?book_seq=1021390&isbn=9788994372594&mid=b30201000000,고인돌,,중복 제외 (앞 순위 출처에 있음)
스페이스 보이 : 박형근 장편소설,박형근,장편소설,2018,발행 연도,https://www.ksponco.or.kr/lib/book/one/view?book_seq=1029088&isbn=9791161570303&mid=b30201000000,나무옆의자,,포함
마음의 음력 : 염창권 시집,염창권,시,2019,발행 연도,https://www.ksponco.or.kr/lib/book/one/view?book_seq=1031345&isbn=9788968790379&mid=b30201000000,발견,,포함
셰어하우스 : 베스 올리리 장편소설,"올리리, 베스",장편소설,2019,발행 연도,https://www.ksponco.or.kr/lib/book/one/view?book_seq=1034362&isbn=9788952241597&mid=b30201000000,살림,,포함
난생 처음 한번 공부하는 미술 이야기 7,양정무,평론,2022,발행 연도,https://www.ksponco.or.kr/lib/book/one/view?book_seq=1034157&isbn=9791162732274&mid=b30201000000,사회평론,,포함
김승옥소설전집4-강변부인,김승옥,소설,2014,발행 연도,https://www.ksponco.or.kr/lib/book/one/view?book_seq=1017896&isbn=9788982818707&mid=b30201000000,문학동네,,포함
테스토스테론 렉스 : 남성성 신화의 종말,"파인, 코델리아",소설,2018,발행 연도,https://www.ksponco.or.kr/lib/book/one/view?book_seq=1031062&isbn=9791195588893&mid=b30201000000,딜라일라북스,,포함
스마트폰 말고 스케이트보드:송아주 장편동화,송아주,동화,2014,발행 연도,https://www.ksponco.or.kr/lib/book/one/view?book_seq=1022863&isbn=9788997798261&mid=b30201000000,별숲,,포함
용선생 처음 세계사 2 : 산업혁명 ~ 현대,사회평론 역사연구소,평론,2019,발행 연도,https://www.ksponco.or.kr/lib/book/one/view?book_seq=1030328&isbn=9791162730539&mid=b30201000000,사회평론,,포함
모두 너와 이야기하고 싶어 해 : 은모든 장편소설,은모든,장편소설,2020,발행 연도,https://www.ksponco.or.kr/lib/book/one/view?book_seq=1031746&isbn=9788937473272&mid=b30201000000,민음사,,중복 제외 (앞 순위 출처에 있음)
"나비는, 날개로 잠을 잤다 : 최형심 시집",최형심,시,2020,발행 연도,https://www.ksponco.or.kr/lib/book/one/view?book_seq=1032303&isbn=9791156624912&mid=b30201000000,아시아,,포함
갱년기 영애씨 : 박수서 시집,박수서,시,2020,발행 연도,https://www.ksponco.or.kr/lib/book/one/view?book_seq=1032300&isbn=9791165121150&mid=b30201000000,북인,,포함
밤의 팔레트 : 강혜빈 시집,강혜빈,시,2020,발행 연도,https://www.ksponco.or.kr/lib/book/one/view?book_seq=1032309&isbn=9788932036151&mid=b30201000000,문학과지성사,,포함
"봄 봐라, 봄 : 정충화 시집",정충,시,2020,발행 연도,https://www.ksponco.or.kr/lib/book/one/view?book_seq=1032311&isbn=9791188710683&mid=b30201000000,달아실,,포함
일기: 황정은 에세이,황정은,수필,2021,발행 연도,https://www.ksponco.or.kr/lib/book/one/view?book_seq=1033195&isbn=9788936438586&mid=b30201000000,창비,,포함
희망은 사랑을 한다 : 김복희 시집,김복희,시,2020,발행 연도,https://www.ksponco.or.kr/lib/book/one/view?book_seq=1032520&isbn=9788954673563&mid=b30201000000,문학동네,,포함
아무 사무소의 기이한 수집: 선자은 장편소설,선자은,장편소설,2021,발행 연도,https://www.ksponco.or.kr/lib/book/one/view?book_seq=1033175&isbn=9791190409018&mid=b30201000000,슈크림북,,포함
사서함 백십호의 우편물:이도우 장편소설,이도우,장편소설,2016,발행 연도,https://www.ksponco.or.kr/lib/book/one/view?book_seq=1024000&isbn=9788952782076&mid=b30201000000,시공사,,포함
밤의 여행자들 : 윤고은 장편소설,윤고은,장편소설,2013,발행 연도,https://www.ksponco.or.kr/lib/book/one/view?book_seq=1032998&isbn=9788937473036&mid=b30201000000,민음사,,중복 제외 (앞 순위 출처에 있음)
위험한 행운의 편지: 이지수 장편동화,이지수,동화,2021,발행 연도,https://www.ksponco.or.kr/lib/book/one/view?book_seq=1033163&isbn=9791191204032&mid=b30201000000,별숲,,포함
귀신 들린 책:우리 설화 스토리텔링,유동후,소설,2017,발행 연도,https://www.ksponco.or.kr/lib/book/one/view?book_seq=1028686&isbn=9788992512510&mid=b30201000000,토파즈,,포함
기술자가 등장하는 시간 : 조기조 시집,조기조,시,2021,발행 연도,https://www.ksponco.or.kr/lib/book/one/view?book_seq=1033114&isbn=9791189898359&mid=b30201000000,b,,포함
써칭 포 캔디맨:송기영 시집,송기영,시,2021,발행 연도,https://www.ksponco.or.kr/lib/book/one/view?book_seq=1033121&isbn=9788937409028&mid=b30201000000,민음사,,포함
작별 곁에서 : 신경숙 연작소설,신경숙,소설,2023,발행 연도,https://www.ksponco.or.kr/lib/book/one/view?book_seq=1035494&isbn=9788936439019&mid=b30201000000,창비,,포함
에세이 만드는 법,이연실,수필,2021,발행 연도,https://www.ksponco.or.kr/lib/book/one/view?book_seq=1033103&isbn=9791189683849&mid=b30201000000,유유,,포함
저녁의 배꼽 : 김수복 사행시집,김수복,시,2025,발행 연도,https://www.ksponco.or.kr/lib/book/one/view?book_seq=1037719&isbn=9791192580555&mid=b30201000000,서정시학,,포함
감은 눈이 내 얼굴을:안태운 시집,안태운,시,2016,발행 연도,https://www.ksponco.or.kr/lib/book/one/view?book_seq=1026417&isbn=9788937408489&mid=b30201000000,민음사,,포함
겨울이 복도처럼 길어서 : 이기린 시집,이기린,시,2022,발행 연도,https://www.ksponco.or.kr/lib/book/one/view?book_seq=1035625&isbn=9791189898793&mid=b30201000000,도서출판 b,,포함
부의 시나리오,오건영,희곡,2021,발행 연도,https://www.ksponco.or.kr/lib/book/one/view?book_seq=1032970&isbn=9791190977265&mid=b30201000000,페이지2,,포함
그 오렌지만이 유일한 빛이었네 : 조혜경 시집,조혜경,시,2021,발행 연도,https://www.ksponco.or.kr/lib/book/one/view?book_seq=1033113&isbn=9791188071319&mid=b30201000000,모악,,포함
나는 아무렇지도 않다 : 김나영 시집,김나영,시,2021,발행 연도,https://www.ksponco.or.kr/lib/book/one/view?book_seq=1033115&isbn=9788960215481&mid=b30201000000,천년의시작,,포함
나보다 더 오래 내게 다가온 사람 : 이윤학 시집,이윤학,시,2021,발행 연도,https://www.ksponco.or.kr/lib/book/one/view?book_seq=1033116&isbn=9791197155918&mid=b30201000000,간드레,,포함
결혼이라는 소설 2,"유제니디스, 제프리",소설,2017,발행 연도,https://www.ksponco.or.kr/lib/book/one/view?book_seq=1033014&isbn=9788937434433&mid=b30201000000,민음사,,포함
타이포토피아 : 김청우 시집,김청우,시,2020,발행 연도,https://www.ksponco.or.kr/lib/book/one/view?book_seq=1032328&isbn=9788983450678&mid=b30201000000,시와반시,,포함
이만큼 가까이 : 정세랑 장편소설,정세랑,장편소설,2021,발행 연도,https://www.ksponco.or.kr/lib/book/one/view?book_seq=1034292&isbn=9788936434533&mid=b30201000000,창비,,중복 제외 (앞 순위 출처에 있음)
그램그램 영문법 원정대 26,브릭스,평론,2017,발행 연도,https://www.ksponco.or.kr/lib/book/one/view?book_seq=1031513&isbn=9788964358313&mid=b30201000000,사회평론,,포함
그림자의 빛 : 김미현 평론집,김미현,평론,2020,발행 연도,https://www.ksponco.or.kr/lib/book/one/view?book_seq=1032333&isbn=9788937491375&mid=b30201000000,민음사,,포함
너무도 쓸쓸한 당신,박완서,평론,1999,발행 연도,https://www.ksponco.or.kr/lib/book/one/view?book_seq=1010479&isbn=893643652X&mid=b30201000000,창작과비평사,,중복 제외 (앞 순위 출처에 있음)
당신의 별자리는 무엇인가요 : 건축가 유현준의 첫 번째 도시 에세이,유현준,수필,2019,발행 연도,https://www.ksponco.or.kr/lib/book/one/view?book_seq=1029994&isbn=9791164130320&mid=b30201000000,와이즈베리,,포함
설이 : 심윤경 장편소설,심윤경,장편소설,2019,발행 연도,https://www.ksponco.or.kr/lib/book/one/view?book_seq=1029993&isbn=9791160402247&mid=b30201000000,한겨레출판,,중복 제외 (앞 순위 출처에 있음)
홍학의 자리 : 정해연 장편소설,정해연,장편소설,2021,발행 연도,https://www.ksponco.or.kr/lib/book/one/view?book_seq=1035253&isbn=9788954681155&mid=b30201000000,정해연,,포함
"여름, 스피드 : 김봉곤 소설",김봉곤,소설,2018,발행 연도,https://www.ksponco.or.kr/lib/book/one/view?book_seq=1030315&isbn=9788954651844&mid=b30201000000,문학동네,,포함
말도 안 되는 : 류정환 시집,류정환,시,2020,발행 연도,https://www.ksponco.or.kr/lib/book/one/view?book_seq=1032307&isbn=9791186060919&mid=b30201000000,고두미,,포함
보이저 1호에게 : 류성훈 시집,류성훈,시,2020,발행 연도,https://www.ksponco.or.kr/lib/book/one/view?book_seq=1032310&isbn=9791187756675 &mid=b30201000000,함께하는출판그룹파란,,포함
붉은 수숫대 : 정완희 시집,정완희,시,2020,발행 연도,https://www.ksponco.or.kr/lib/book/one/view?book_seq=1032312&isbn=9788939230507&mid=b30201000000,실천문학사,,포함
브레이크 : 김미순 시집,김미순,시,2020,발행 연도,https://www.ksponco.or.kr/lib/book/one/view?book_seq=1032313&isbn=9788961042666&mid=b30201000000,한국문연,,포함
숲속의 어부 : 강영환 시집,강영환,시,2020,발행 연도,https://www.ksponco.or.kr/lib/book/one/view?book_seq=1032315&isbn=9791188048403&mid=b30201000000,책펴냄열린시,,포함
시나리오 어떻게 쓸 것인가 2,"맥키, 로버트",희곡,2018,발행 연도,https://www.ksponco.or.kr/lib/book/one/view?book_seq=1030001&isbn=9791158884567&mid=b30201000000,민음인,,포함
바늘과 가죽의 시,구병모,시,2021,발행 연도,https://www.ksponco.or.kr/lib/book/one/view?book_seq=1032854&isbn=9791190885713&mid=b30201000000,현대문학,,중복 제외 (앞 순위 출처에 있음)
디디의 우산 : 황정은 연작소설,황정은,소설,2019,발행 연도,https://www.ksponco.or.kr/lib/book/one/view?book_seq=1030060&isbn=9788936437541&mid=b30201000000,창비,,중복 제외 (앞 순위 출처에 있음)
왕은 안녕하시다 1 : 성석제 장편소설,성석제,장편소설,2019,발행 연도,https://www.ksponco.or.kr/lib/book/one/view?book_seq=1030008&isbn=9788954654517&mid=b30201000000,문학동네,,포함
사라진 숲의 아이들 : 손보미 장편소설,손보미,장편소설,2022,발행 연도,https://www.ksponco.or.kr/lib/book/one/view?book_seq=1035045&isbn=9791197873041&mid=b30201000000,안온북스,,포함
그램그램 영문법 원정대1 명사,장영준,평론,2012,발행 연도,https://www.ksponco.or.kr/lib/book/one/view?book_seq=1024283&isbn=9788956026220&mid=b30201000000,사회평론,,포함
우리 가족은 꽤나 진지합니다 : 봉태규 에세이,봉태규,수필,2019,발행 연도,https://www.ksponco.or.kr/lib/book/one/view?book_seq=1030075&isbn=9791160507331&mid=b30201000000,더퀘스트,,포함
나는 그것에 대해 아주 오랫동안 생각해 : 김금희 짧은 소설,김금희,소설,2018,발행 연도,https://www.ksponco.or.kr/lib/book/one/view?book_seq=1029304&isbn=9788960905481&mid=b30201000000,마음산책,,포함
노을에 물들다 : 고연숙 수필집,고연숙,수필,2020,발행 연도,https://www.ksponco.or.kr/lib/book/one/view?book_seq=1032896&isbn=9791159333149&mid=b30201000000,수필과비평사,,포함
못갖춘마디 : 윤혜주 수필집,윤혜주,수필,2020,발행 연도,https://www.ksponco.or.kr/lib/book/one/view?book_seq=1032897&isbn=9788977879645&mid=b30201000000,북랜드,,포함
타조 소년들:키스 그레이 장편소설,"그레이, 키스",장편소설,2016,발행 연도,https://www.ksponco.or.kr/lib/book/one/view?book_seq=1025279&isbn=9791195658565&mid=b30201000000,제철소,,포함
비하인드 도어:B. A. 패리스 장편소설,"패리스, B. A.",장편소설,2017,발행 연도,https://www.ksponco.or.kr/lib/book/one/view?book_seq=1026683&isbn=9788950970888&mid=b30201000000,아르테,,포함
돌 속의 울음 : 서영택 시집,서영택,시,2020,발행 연도,https://www.ksponco.or.kr/lib/book/one/view?book_seq=1032305&isbn=9791188903474&mid=b30201000000,서정시학,,포함
"욕심은 그만, 레이스 장갑!",유설화,소설,2022,발행 연도,https://www.ksponco.or.kr/lib/book/one/view?book_seq=1034107&isbn=9791158363154&mid=b30201000000,책읽는곰,,포함
일부러 틀리게 진심으로 : 김경인 시집,김경인,시,2020,발행 연도,https://www.ksponco.or.kr/lib/book/one/view?book_seq=1032322&isbn=9788954672177&mid=b30201000000,문학동네,,포함
베이비 박스 : 박선희 장편소설,박선희,장편소설,2018,발행 연도,https://www.ksponco.or.kr/lib/book/one/view?book_seq=1030015&isbn=9788954438261&mid=b30201000000,자음과모음,,포함
괴짜 노인 그럼프 : 투오마스 퀴뢰 장편소설,"퀴뢰, 투오마스",장편소설,2018,발행 연도,https://www.ksponco.or.kr/lib/book/one/view?book_seq=1030019&isbn=9788984076815&mid=b30201000000,세종서적,,포함
스타더스트 패밀리 : 안세화 장편소설,안세화,장편소설,2022,발행 연도,https://www.ksponco.or.kr/lib/book/one/view?book_seq=1034928&isbn=9791191193732&mid=b30201000000,안전가옥,,포함
문신 5 : 윤흥길 장편소설,윤흥길,장편소설,2024,발행 연도,https://www.ksponco.or.kr/lib/book/one/view?book_seq=1036306&isbn=9788954698214&mid=b30201000000,문학동네,,포함
진짜 같은 마음 : 이서하 시집,이서하,시,2020,발행 연도,https://www.ksponco.or.kr/lib/book/one/view?book_seq=1032326&isbn=9788937408908&mid=b30201000000,민음사,,포함
조용한 폭발 : 이수익 시집,이수익,시,2020,발행 연도,https://www.ksponco.or.kr/lib/book/one/view?book_seq=1032324&isbn=9791189205652&mid=b30201000000,황금알,,포함
확장 소설 : 김태용 소설집,김태용,단편소설,2022,발행 연도,https://www.ksponco.or.kr/lib/book/one/view?book_seq=1034437&isbn=9788932040141&mid=b30201000000,문학과지성사,,포함
나는 가끔 혼자 웃는다 : 박세현 시집,박세현,시,2020,발행 연도,https://www.ksponco.or.kr/lib/book/one/view?book_seq=1032913&isbn=9791196850838&mid=b30201000000,경진출판,,포함
후후후의 숲 : 조경란 짧은 소설,조경란,소설,2016,발행 연도,https://www.ksponco.or.kr/lib/book/one/view?book_seq=1032794&isbn=9791186661116 &mid=b30201000000,스윙밴드,,포함
사라진 여자들 : 메리 쿠비카 장편소설,"쿠비카, 메리",장편소설,2022,발행 연도,https://www.ksponco.or.kr/lib/book/one/view?book_seq=1034984&isbn=9791164797707&mid=b30201000000,해피북스투유,,포함
(진짜 진짜 재밌는) 새 그림책,"우트리지, 사라",동화,2017,발행 연도,https://www.ksponco.or.kr/lib/book/one/view?book_seq=1028097&isbn=9791187504191&mid=b30201000000,부즈펌어린이,,포함
좋은 일이 아주 없는 건 아니잖아 : 황인숙 산문집,황인숙,수필,2020,발행 연도,https://www.ksponco.or.kr/lib/book/one/view?book_seq=1032907&isbn=9791158161200&mid=b30201000000,달,,포함
해가 지는 곳으로 : 최진영 장편소설,최진영,장편소설,2017,발행 연도,https://www.ksponco.or.kr/lib/book/one/view?book_seq=1028024&isbn=9788937473166&mid=b30201000000,민음사,,중복 제외 (앞 순위 출처에 있음)
코리아 블루 : 서종택 산문집,서종택,수필,2020,발행 연도,https://www.ksponco.or.kr/lib/book/one/view?book_seq=1032910&isbn=9791130817248&mid=b30201000000,푸른사상사,,포함
네 눈물은 신의 발등 위에 떨어질 거야 : 김태형 시집,김태형,시,2020,발행 연도,https://www.ksponco.or.kr/lib/book/one/view?book_seq=1032915&isbn=9788983928405&mid=b30201000000,문학수첩,,포함
아버지들의 아버지 2 : 베르나르 베르베르 장편소설,"베르베르, 베르나르",장편소설,2018,발행 연도,https://www.ksponco.or.kr/lib/book/one/view?book_seq=1029977&isbn=9788932903873&mid=b30201000000,열린책들,,포함
문신 2 : 윤흥길 장편소설,윤흥길,장편소설,2018,발행 연도,https://www.ksponco.or.kr/lib/book/one/view?book_seq=1030038&isbn=9788954654098&mid=b30201000000,문학동네,,포함
한국의 리더쉽 선비를 말하다:정옥자 역사에세이,정옥자,수필,2011,발행 연도,https://www.ksponco.or.kr/lib/book/one/view?book_seq=1022377&isbn=9788974564452&mid=b30201000000,문이당,,포함
다정의 온도 : 정다연 에세이,정다연,수필,2024,발행 연도,https://www.ksponco.or.kr/lib/book/one/view?book_seq=1037718&isbn=9791167902764&mid=b30201000000,H(현대문학),,포함
"예순 살, 나는 또 깨꽃이 되어 : 이순자 유고 산문집",이순자,수필,2022,발행 연도,https://www.ksponco.or.kr/lib/book/one/view?book_seq=1034167&isbn=9791160808476&mid=b30201000000,휴머니스트출판그룹,,포함
우간다 카페 : 박노동 시집,박노동,시,2022,발행 연도,https://www.ksponco.or.kr/lib/book/one/view?book_seq=1035648&isbn=9791191277517&mid=b30201000000,문학들,,포함
나의 로스 앤젤레스 : 이근미 장편소설,이근미,장편소설,2024,발행 연도,https://www.ksponco.or.kr/lib/book/one/view?book_seq=1037709&isbn=9788983949882&mid=b30201000000,미래인,,포함
악의 숲:장 크리스토프 그랑제 장편소설,"그랑제, 장 크리스토프",장편소설,2015,발행 연도,https://www.ksponco.or.kr/lib/book/one/view?book_seq=1021268&isbn=9788954636964&mid=b30201000000,포레:문학동네,,포함
호랑말코 : 김언희 시집,김언희,시,2024,발행 연도,https://www.ksponco.or.kr/lib/book/one/view?book_seq=1037720&isbn=9788932043357&mid=b30201000000,문학과지성사,,포함
환희의 책 : 김멜라 소설,김멜라,소설,2024,발행 연도,https://www.ksponco.or.kr/lib/book/one/view?book_seq=1037723&isbn=9791167902627&mid=b30201000000,H(현대문학),,포함
데스큐어:제임스 대시너 장편소설,"대시너, 제임스",장편소설,2014,발행 연도,https://www.ksponco.or.kr/lib/book/one/view?book_seq=1021354&isbn=9788983925251&mid=b30201000000,문학수첩,,포함
안젤리크 : 기욤 뮈소 장편소설,"뮈소, 기욤",장편소설,2022,발행 연도,https://www.ksponco.or.kr/lib/book/one/view?book_seq=1035345&isbn=&mid=b30201000000,밝은세상,,포함
축구를 하며 생각한 것들 1 : 손흥민 첫 에세이,손흥민,수필,2019,발행 연도,https://www.ksponco.or.kr/lib/book/one/view?book_seq=1030298&isbn=9791188073382&mid=b30201000000,브레인스토어,,포함
나무가 된 아이: 남유하 창작동화집,남유하,동화,2021,발행 연도,https://www.ksponco.or.kr/lib/book/one/view?book_seq=1033153&isbn=9791160947106&mid=b30201000000,사계절출판사,,포함
그림책 육아,임영주,동화,2019,발행 연도,https://www.ksponco.or.kr/lib/book/one/view?book_seq=1032040&isbn=9791170430278&mid=b30201000000,믹스커피,,포함
지구 끝의 온실 : 김초엽 장편소설,김초엽,장편소설,2021,발행 연도,https://www.ksponco.or.kr/lib/book/one/view?book_seq=1033056&isbn=9791191824001&mid=b30201000000,자이언트북스,,중복 제외 (앞 순위 출처에 있음)
헬프 미 시스터 : 이서수 장편소설,이서수,장편소설,2022,발행 연도,https://www.ksponco.or.kr/lib/book/one/view?book_seq=1034091&isbn=9791167371379&mid=b30201000000,은행나무,,포함
메리:안녕달 그림책,안녕달,동화,2017,발행 연도,https://www.ksponco.or.kr/lib/book/one/view?book_seq=1027595&isbn=9791160943061&mid=b30201000000,사계절,,포함
테라피스트 : B.A. 패리스 장편소설,"패리스, B.A.",장편소설,2021,발행 연도,https://www.ksponco.or.kr/lib/book/one/view?book_seq=1034140&isbn=9791191043518&mid=b30201000000,모모,,포함
문해력이 자라는 아이들 : 어린이의 어휘력을 키워 주는 동화,전병규,동화,2022,발행 연도,https://www.ksponco.or.kr/lib/book/one/view?book_seq=1035393&isbn=9788947548595&mid=b30201000000,한국경제신문,,포함
내 이름은 루시 바턴:엘리자베스 스트라우트 장편소설,"스트라우트, 엘리자베스",장편소설,2017,발행 연도,https://www.ksponco.or.kr/lib/book/one/view?book_seq=1027594&isbn=9788954646970&mid=b30201000000,문학동네,,포함
친밀한 이방인 : 정한아 장편소설,정한아,장편소설,2017,발행 연도,https://www.ksponco.or.kr/lib/book/one/view?book_seq=1034357&isbn=9788954648523&mid=b30201000000,문학동네,,중복 제외 (앞 순위 출처에 있음)
가난하다고 꿈조차 가난할 수는 없다,김현근,평론,2006,발행 연도,https://www.ksponco.or.kr/lib/book/one/view?book_seq=1017730&isbn=9788956026442&mid=b30201000000,사회평론,,포함
나는 무늬: 김해원 장편소설,김해원,장편소설,2021,발행 연도,https://www.ksponco.or.kr/lib/book/one/view?book_seq=1033172&isbn=9791155251423&mid=b30201000000,낮은산,,포함
사랑의 이해 : 이혁진 장편소설,이혁진,장편소설,2019,발행 연도,https://www.ksponco.or.kr/lib/book/one/view?book_seq=1035306&isbn=9788937439933&mid=b30201000000,민음사,,포함
휘어진 낮달과 낫과 푸른 산등성이 : 권달웅 시집,권달웅,시,2021,발행 연도,https://www.ksponco.or.kr/lib/book/one/view?book_seq=1032929&isbn=9791158965013&mid=b30201000000,문학의전당,,포함
하바롭스크의 밤 : 유재영 소설집,유재영,단편소설,2017,발행 연도,https://www.ksponco.or.kr/lib/book/one/view?book_seq=1028026&isbn=9788937434105&mid=b30201000000,민음사,,포함
세계전래동화 친구가 없어졌다,기탄출판 김향,동화,2006,발행 연도,https://www.ksponco.or.kr/lib/book/one/view?book_seq=1023453&isbn=9788979598902&mid=b30201000000,기탄출판,,포함
신의 한 수 : 심아진 소설집,심아진,단편소설,2022,발행 연도,https://www.ksponco.or.kr/lib/book/one/view?book_seq=1034433&isbn=9788982182990&mid=b30201000000,강,,포함
"보자기 할배, 허동화 : 자수와 보자기로 세계를 지배하다",허동화,동화,2015,발행 연도,https://www.ksponco.or.kr/lib/book/one/view?book_seq=1025607&isbn=9791186306116&mid=b30201000000,다할미디어,,포함
사랑의 온도:하명희 장편소설,하명희,장편소설,2017,발행 연도,https://www.ksponco.or.kr/lib/book/one/view?book_seq=1027577&isbn=9791158790721&mid=b30201000000,북로드,,포함
클로버 : 나혜림 장편소설,나혜림,장편소설,2022,발행 연도,https://www.ksponco.or.kr/lib/book/one/view?book_seq=1034522&isbn=9788936438821&mid=b30201000000,창비,,중복 제외 (앞 순위 출처에 있음)
한 사흘은 수천 년이고:최동은 시집,최동은,시,2021,발행 연도,https://www.ksponco.or.kr/lib/book/one/view?book_seq=1033132&isbn=9791187756941&mid=b30201000000,함께하는출판그룹파란,,포함
사라진 소녀들의 숲 : 허주은 장편소설,허주은,장편소설,2022,발행 연도,https://www.ksponco.or.kr/lib/book/one/view?book_seq=1035387&isbn=9791191248913&mid=b30201000000,미디어창비,,포함
외계인 전학생 마리:이진하 창작 동화,이진하,동화,2014,발행 연도,https://www.ksponco.or.kr/lib/book/one/view?book_seq=1022867&isbn=9788997175987&mid=b30201000000,현북스,,포함
"고흐씨, 시 읽어 줄까요",이운진,시,2016,발행 연도,https://www.ksponco.or.kr/lib/book/one/view?book_seq=1027160&isbn=9788958284277&mid=b30201000000,사계절,,포함
"이십세기 한국소설-36.김주영, 현기영",이십세기 한국소설,소설,2011,발행 연도,https://www.ksponco.or.kr/lib/book/one/view?book_seq=1022148&isbn=9788936462468&mid=b30201000000,창비,,포함
"이십세기 한국소설-47.공선옥, 김소진 외",이십세기 한국소설,소설,2014,발행 연도,https://www.ksponco.or.kr/lib/book/one/view?book_seq=1022159&isbn=9788936462574&mid=b30201000000,창비,,포함
"이십세기 한국소설-45.김남일, 김영현, 공지영, 김하기 주인석",이십세기 한국소설,소설,2011,발행 연도,https://www.ksponco.or.kr/lib/book/one/view?book_seq=1022157&isbn=9788936462550&mid=b30201000000,창비,,포함
"내게 울림 준 세계 문학, 스물다섯 : 명작 소설 기행 에세이",하창식,소설,2021,발행 연도,https://www.ksponco.or.kr/lib/book/one/view?book_seq=1034701&isbn=9788973167227&mid=b30201000000,부산대학교출판문화원,,포함
붉은 보자기: 윤소희 장편동화,윤소희,동화,2019,발행 연도,https://www.ksponco.or.kr/lib/book/one/view?book_seq=1031686&isbn=9788961558723&mid=b30201000000,파랑새,,포함
"이십세기 한국소설-12.최정희, 현덕, 허준, 김사량",이십세기 한국소설,소설,2010,발행 연도,https://www.ksponco.or.kr/lib/book/one/view?book_seq=1022124&isbn=9788936462222&mid=b30201000000,창비,,포함
이것은 소설이 아니다:프랑스.,"디드로, 드니",소설,2009,발행 연도,https://www.ksponco.or.kr/lib/book/one/view?book_seq=1022027&isbn=9788936471781&mid=b30201000000,창비,,포함
"이십세기 한국소설-21.이청준, 이병주 외",이십세기 한국소설,소설,2012,발행 연도,https://www.ksponco.or.kr/lib/book/one/view?book_seq=1022133&isbn=9788936462314&mid=b30201000000,창비,,포함
추리 천재 엉덩이 탐정 4-괴도 대 탐정 대결 사건,트롤,소설,2017,발행 연도,https://www.ksponco.or.kr/lib/book/one/view?book_seq=1027216&isbn=9788937848247&mid=b30201000000,미래엔,,포함
흐린 저녁의 말들:임성용 시집,임성용,시,2021,발행 연도,https://www.ksponco.or.kr/lib/book/one/view?book_seq=1033133&isbn=9791196396978&mid=b30201000000,반걸음,,포함
열일곱살의 비밀:바히니 나이두 장편소설,"나이두, 바히니",장편소설,2014,발행 연도,https://www.ksponco.or.kr/lib/book/one/view?book_seq=1022839&isbn=9788997824441&mid=b30201000000,꿈꾸는꼬리연,,포함
"이십세기 한국소설-34.서영은, 김민숙, 김만옥, 윤후명",이십세기 한국소설,소설,2011,발행 연도,https://www.ksponco.or.kr/lib/book/one/view?book_seq=1022146&isbn=9788936462444&mid=b30201000000,창비,,포함
그리스 문학의 신화적 상상력,김헌,소설,2016,발행 연도,https://www.ksponco.or.kr/lib/book/one/view?book_seq=1027162&isbn=9788952118400&mid=b30201000000,서울대학교 출판문화원,,포함
앙코르 : 신동옥 시집,신동옥,시,2022,발행 연도,https://www.ksponco.or.kr/lib/book/one/view?book_seq=1035645&isbn=9791156626190&mid=b30201000000,아시아,,중복 제외 (앞 순위 출처에 있음)
좀비 시대 : 방서현 장편소설,방서현,장편소설,2022,발행 연도,https://www.ksponco.or.kr/lib/book/one/view?book_seq=1034423&isbn=9788964121627&mid=b30201000000,리토피아,,포함
난생 처음 한번 공부하는 미술 이야기 4 : 중세 문명과 예술,양정무,평론,2019,발행 연도,https://www.ksponco.or.kr/lib/book/one/view?book_seq=1030381&isbn=9788964359419&mid=b30201000000,사회평론,,포함
이래서 산다,형효순,수필,2015,발행 연도,https://www.ksponco.or.kr/lib/book/one/view?book_seq=1025644&isbn=9791185796840&mid=b30201000000,수필과비평사,,포함
모성과 모성 경험에 관하여 : 아드리안 리치의 삶과 페미니스트 비평의 이해,한지희,평론,2017,발행 연도,https://www.ksponco.or.kr/lib/book/one/view?book_seq=1029702&isbn=9791159052316&mid=b30201000000,소명출판,,포함
데드 하트:더글라스 케네디 장편소설,"케네디, 더글라스",장편소설,2017,발행 연도,https://www.ksponco.or.kr/lib/book/one/view?book_seq=1026446&isbn=9788984373174&mid=b30201000000,밝은세상,,포함
한국 고대사 산책,한국역사연구회,평론,2017,발행 연도,https://www.ksponco.or.kr/lib/book/one/view?book_seq=1026624&isbn=9788976965509&mid=b30201000000,역사비평사,,포함
받침 배우는 동화1. 마녀의 빗자루가 부러졌어요:ㅅ받침편,한규호,동화,2013,발행 연도,https://www.ksponco.or.kr/lib/book/one/view?book_seq=1023763&isbn=9788998172077&mid=b30201000000,받침없는동화,,포함
받침없는동화5 이가 아파서 치과에 가요,한규호,동화,2014,발행 연도,https://www.ksponco.or.kr/lib/book/one/view?book_seq=1023774&isbn=9788998172053&mid=b30201000000,받침없는동화,,포함
일주일의 학교: 김혜진 창작동화,김혜진,동화,2021,발행 연도,https://www.ksponco.or.kr/lib/book/one/view?book_seq=1033187&isbn=9791160947212&mid=b30201000000,사계절출판사,,포함
겨울 숲으로 몇 발자국 더:이경임 시집,이경임,시,2011,발행 연도,https://www.ksponco.or.kr/lib/book/one/view?book_seq=1021497&isbn=9788932022307&mid=b30201000000,문학과지성사,,포함
히피 : 파울로 코엘료 장편소설,"코엘료, 파울로",장편소설,2018,발행 연도,https://www.ksponco.or.kr/lib/book/one/view?book_seq=1029287&isbn=9788954653954&mid=b30201000000,문학동네,,포함
연수 : 장류진 소설집,장류진,단편소설,2023,발행 연도,https://www.ksponco.or.kr/lib/book/one/view?book_seq=1035728&isbn=9788936439170&mid=b30201000000,창비,,중복 제외 (앞 순위 출처에 있음)
낯선 위로가 눈물을 닦아주네 : 어향숙 시집,어향숙,시,2020,발행 연도,https://www.ksponco.or.kr/lib/book/one/view?book_seq=1032533&isbn=9791157284085&mid=b30201000000,애지,,포함
포기를 모르는 잠수함 : 김학중 시집,김학중,시,2020,발행 연도,https://www.ksponco.or.kr/lib/book/one/view?book_seq=1032491&isbn=9791165700188&mid=b30201000000,창비,,포함
캔버스에 세우는 나라 : 이향아 시집,이향아,시,2020,발행 연도,https://www.ksponco.or.kr/lib/book/one/view?book_seq=1032534&isbn=9791157284092&mid=b30201000000,애지,,포함
신몽유도원도 : 심종록 시집,심종록,시,2020,발행 연도,https://www.ksponco.or.kr/lib/book/one/view?book_seq=1032536&isbn=9788992044493&mid=b30201000000,한결,,포함
대장장이 딸 : 김소해 단시조집,김소해,시조,2020,발행 연도,https://www.ksponco.or.kr/lib/book/one/view?book_seq=1032537&isbn=9791190566087&mid=b30201000000,작가,,포함
중심은 비어 있었다 : 조성웅 시집,조성웅,시,2020,발행 연도,https://www.ksponco.or.kr/lib/book/one/view?book_seq=1032535&isbn=9791130816852&mid=b30201000000,푸른사상,,포함
풍경도둑 : 천세진 시집,천세진,시,2020,발행 연도,https://www.ksponco.or.kr/lib/book/one/view?book_seq=1032538&isbn=9791188071265&mid=b30201000000,모악,,포함
첫 이라는 쓸쓸이 내게도 왔다 : 이승은 시집,이승은,시,2020,발행 연도,https://www.ksponco.or.kr/lib/book/one/view?book_seq=1032541&isbn=9791158964832&mid=b30201000000,시인동네,,포함
베스트 세계 명작 동화.돈키호테 27,세르반테스,동화,2012,발행 연도,https://www.ksponco.or.kr/lib/book/one/view?book_seq=1024136&isbn=9788993929836&mid=b30201000000,훈민,,포함
와이? 한국사 신화와 전설,박연아,소설,2013,발행 연도,https://www.ksponco.or.kr/lib/book/one/view?book_seq=1028219&isbn=9788930232470&mid=b30201000000,예림당,,포함
리에종:이원복 시집,이원복,시,2021,발행 연도,https://www.ksponco.or.kr/lib/book/one/view?book_seq=1034226&isbn=9791191897104&mid=b30201000000,파란,,포함
도시는 무엇을 꿈꾸는가 : 근현대 소설을 통해 본 한국 도시 연대기,김정남,소설,2022,발행 연도,https://www.ksponco.or.kr/lib/book/one/view?book_seq=1034901&isbn=9788959968411&mid=b30201000000,경진출판,,포함
라흐 뒤 프루콩 드 네주 말하자면 눈송이의 예술:박정대 시집,박정대,시,2021,발행 연도,https://www.ksponco.or.kr/lib/book/one/view?book_seq=1034218&isbn=9788937409134&mid=b30201000000,민음사,,포함
우리가 오르지 못할 방주:심너울 장편소설,심너울,장편소설,2021,발행 연도,https://www.ksponco.or.kr/lib/book/one/view?book_seq=1034251&isbn=9791191193350&mid=b30201000000,안전가옥,,포함
호시절 : 김현 시집,김현,시,2020,발행 연도,https://www.ksponco.or.kr/lib/book/one/view?book_seq=1032549&isbn=9788936424473&mid=b30201000000,창비,,포함
복수전자 : 조경아 장편소설,조경아,장편소설,2020,발행 연도,https://www.ksponco.or.kr/lib/book/one/view?book_seq=1032497&isbn=9791161571065&mid=b30201000000,나무옆의자,,포함
동물의 자서전 : 이기성 시집,이기성,시,2020,발행 연도,https://www.ksponco.or.kr/lib/book/one/view?book_seq=1032539&isbn=9788932037691&mid=b30201000000,문학과지성사,,포함
나와 아로와나 : 박성경 장편소설,박성경,장편소설,2020,발행 연도,https://www.ksponco.or.kr/lib/book/one/view?book_seq=1032498&isbn=9791187514480&mid=b30201000000,폭스코너,,포함
소녀 연예인 이보나 : 한정현 소설집,한정현,단편소설,2020,발행 연도,https://www.ksponco.or.kr/lib/book/one/view?book_seq=1032500&isbn=9788937472725&mid=b30201000000,민음사,,포함
팔월의 화염 : 변정욱 장편소설,변정욱,장편소설,2020,발행 연도,https://www.ksponco.or.kr/lib/book/one/view?book_seq=1032501&isbn=9791165342302&mid=b30201000000,마음서재,,포함
"머니스타디움: 소설로 읽는 돈의 역사, 부의 기회",이재득,소설,2019,발행 연도,https://www.ksponco.or.kr/lib/book/one/view?book_seq=1032018&isbn=9791187059509&mid=b30201000000,끌리는책,,포함
서로에게 기대서 끝까지:정다연 시집,정다연,시,2021,발행 연도,https://www.ksponco.or.kr/lib/book/one/view?book_seq=1034261&isbn=9788936424640&mid=b30201000000,창비,,포함
산책 소설:오은경 시집,오은경,소설,2021,발행 연도,https://www.ksponco.or.kr/lib/book/one/view?book_seq=1034216&isbn=9791167900753&mid=b30201000000,현대문학,,포함
시가 있는 간이역,최학,시,2012,발행 연도,https://www.ksponco.or.kr/lib/book/one/view?book_seq=1021463&isbn=9788994824581&mid=b30201000000,서정시학,,포함
여름에 우리가 먹는 것:송지현 소설집,송지현,단편소설,2021,발행 연도,https://www.ksponco.or.kr/lib/book/one/view?book_seq=1034247&isbn=9788954683739&mid=b30201000000,문학동네,,중복 제외 (앞 순위 출처에 있음)
개의 시간:임이송 소설집,임이송,단편소설,2021,발행 연도,https://www.ksponco.or.kr/lib/book/one/view?book_seq=1034264&isbn=9791165120382&mid=b30201000000,북인,,포함
세계전래동화 세상에서 가장 아름다운 것,기탄출판 곽영석,동화,2006,발행 연도,https://www.ksponco.or.kr/lib/book/one/view?book_seq=1023417&isbn=9788979590272&mid=b30201000000,기탄출판,,포함
너를 혼잣말로 두지 않을게:박상수 시집,박상수,시,2022,발행 연도,https://www.ksponco.or.kr/lib/book/one/view?book_seq=1034211&isbn=9791167900876&mid=b30201000000,현대문학,,포함
내게 왔던 그 모든 당신:안도현 산문집,안도현,수필,2021,발행 연도,https://www.ksponco.or.kr/lib/book/one/view?book_seq=1034237&isbn=9788936478957&mid=b30201000000,창비,,포함
환타지 없는 여행:환타 전명윤 여행 에세이,전명윤,수필,2019,발행 연도,https://www.ksponco.or.kr/lib/book/one/view?book_seq=1031611&isbn=9791160944921&mid=b30201000000,사계절,,포함
칼 : 요 네스뵈 장편소설,"네스뵈, 요",장편소설,2022,발행 연도,https://www.ksponco.or.kr/lib/book/one/view?book_seq=1034187&isbn=9788934975120&mid=b30201000000,비채,,포함
붉은색 옷을 입고 간다 : 김윤삼 시집,김윤삼,시,2022,발행 연도,https://www.ksponco.or.kr/lib/book/one/view?book_seq=1035639&isbn=9788966551552&mid=b30201000000,삶창,,포함
맹물 같고 맨밥 같은 : 박명숙 시조집,박명숙,시조,2022,발행 연도,https://www.ksponco.or.kr/lib/book/one/view?book_seq=1035636&isbn=9791167241085&mid=b30201000000,고요아침,,포함
검은 양 세기 : 김종연 시집,김종연,시,2025,발행 연도,https://www.ksponco.or.kr/lib/book/one/view?book_seq=1037707&isbn=9788937409493&mid=b30201000000,민음사,,포함
달리다 보면 : 김지안 그림책,김지안,동화,2023,발행 연도,https://www.ksponco.or.kr/lib/book/one/view?book_seq=1035473&isbn=9788901271316&mid=b30201000000,웅진주니어,,포함
서른의 반격:손원평 장편소설,손원평,장편소설,2017,발행 연도,https://www.ksponco.or.kr/lib/book/one/view?book_seq=1027521&isbn=9791196199807&mid=b30201000000,은행나무,,중복 제외 (앞 순위 출처에 있음)
늦은 꽃:이현조 시집,이현조,시,2021,발행 연도,https://www.ksponco.or.kr/lib/book/one/view?book_seq=1034224&isbn=9788966551446&mid=b30201000000,삶창,,포함
두근두근 편의점 : 김영진 그림책,김영진,동화,2022,발행 연도,https://www.ksponco.or.kr/lib/book/one/view?book_seq=1034104&isbn=9791158363178&mid=b30201000000,책읽는곰,,포함
그대라는 오해를 사랑하였다 : 김은상 시집,김은상,시,2024,발행 연도,https://www.ksponco.or.kr/lib/book/one/view?book_seq=1037480&isbn=9791193093764&mid=b30201000000,상상인,,포함
피로의 필요 : 김지윤 시집,김지윤,시,2025,발행 연도,https://www.ksponco.or.kr/lib/book/one/view?book_seq=1037469&isbn=9791193509135&mid=b30201000000,청색종이,,포함
한국단편소설 40,김동인 외,단편소설,2018,발행 연도,https://www.ksponco.or.kr/lib/book/one/view?book_seq=1031529&isbn=9788965820475&mid=b30201000000,리베르,,포함
신라의 아이: 경주 문화유산 동시집,이봉직,노래,2021,발행 연도,https://www.ksponco.or.kr/lib/book/one/view?book_seq=1033149&isbn=9791167010315&mid=b30201000000,이든북,,포함
닷다의 목격:최상희 소설집,최상희,단편소설,2021,발행 연도,https://www.ksponco.or.kr/lib/book/one/view?book_seq=1034258&isbn=9791160948912&mid=b30201000000,사계절,,포함
겨울의 색채 : 서동욱 소설집,서동욱,단편소설,2022,발행 연도,https://www.ksponco.or.kr/lib/book/one/view?book_seq=1035576&isbn=9791168260771&mid=b30201000000,호밀밭,,포함
나비가 돌아왔다:이시영 시집,이시영,시,2021,발행 연도,https://www.ksponco.or.kr/lib/book/one/view?book_seq=1034207&isbn=9788932039121&mid=b30201000000,문학과지성사,,포함
질문의 힘을 키우는 초등 그림책 인문학,문화라,동화,2022,발행 연도,https://www.ksponco.or.kr/lib/book/one/view?book_seq=1034100&isbn=9791164051502&mid=b30201000000,북하우스,,포함
청춘 시절:파트릭 모디아노 장편소설,"모디아노, 파트릭",장편소설,2014,발행 연도,https://www.ksponco.or.kr/lib/book/one/view?book_seq=1022033&isbn=9788954626613&mid=b30201000000,문학동네,,포함
의자를 두고 내렸다 : 신정민 시집,신정민,시,2022,발행 연도,https://www.ksponco.or.kr/lib/book/one/view?book_seq=1035650&isbn=9791192379036&mid=b30201000000,달을쏘다,,포함
거푸집의 국적 : 황정산 시집,황정산,시,2024,발행 연도,https://www.ksponco.or.kr/lib/book/one/view?book_seq=1037477&isbn=9791193093696&mid=b30201000000,상상인,,포함
이팝나무 가지마다 흰 새들이:노태맹 시집,노태맹,시,2021,발행 연도,https://www.ksponco.or.kr/lib/book/one/view?book_seq=1034219&isbn=9791190178846&mid=b30201000000,한티재,,포함
메롱메롱 은주:김점용 시집,김점용,시,2010,발행 연도,https://www.ksponco.or.kr/lib/book/one/view?book_seq=1021555&isbn=9788932021645&mid=b30201000000,문학과지성사,,포함
놀이터는 24시,김초엽 외,시,2021,발행 연도,https://www.ksponco.or.kr/lib/book/one/view?book_seq=1032986&isbn=9791196866792&mid=b30201000000,자이언트북스,,포함
만리향 : 가족 3부작 : 김원 희곡집,김원,희곡,2024,발행 연도,https://www.ksponco.or.kr/lib/book/one/view?book_seq=1037489&isbn=9791198203304&mid=b30201000000,문장과바다,,포함
누군가 나에 대해 말할 때 : 김경욱 소설집,김경욱,단편소설,2022,발행 연도,https://www.ksponco.or.kr/lib/book/one/view?book_seq=1035052&isbn=9788932040479&mid=b30201000000,문학과지성사,,포함
그림자의 눈물:장성희 아동극본집,장성희,희곡,2021,발행 연도,https://www.ksponco.or.kr/lib/book/one/view?book_seq=1034199&isbn=9791157284580&mid=b30201000000,지혜,,포함
소마 : 채사장 장편소설,채사장,장편소설,2021,발행 연도,https://www.ksponco.or.kr/lib/book/one/view?book_seq=1033973&isbn=9791192097060&mid=b30201000000,whale books,,포함
고양이의 골골송이 흘러나올 게다 : 조은 산문집,조은,수필,2022,발행 연도,https://www.ksponco.or.kr/lib/book/one/view?book_seq=1035600&isbn=9791189467739&mid=b30201000000,아침달,,포함
고백의 파동 : 이혜원 비평집,이혜원,평론,2024,발행 연도,https://www.ksponco.or.kr/lib/book/one/view?book_seq=1037501&isbn=9791191897876&mid=b30201000000,함께하는출판그룹파란,,포함
우정의 정원 : 서영채 평론집,서영채,평론,2022,발행 연도,https://www.ksponco.or.kr/lib/book/one/view?book_seq=1035702&isbn=9788954690478&mid=b30201000000,문학동네,,포함
오후의 시차 : 염창권 시집,염창권,시,2022,발행 연도,https://www.ksponco.or.kr/lib/book/one/view?book_seq=1035647&isbn=9788979448184&mid=b30201000000,책만드는집,,포함
어떤 슬픔은 함께할 수 없다 : 손택수 시집,손택수,시,2022,발행 연도,https://www.ksponco.or.kr/lib/book/one/view?book_seq=1035646&isbn=9788954688673&mid=b30201000000,문학동네,,포함
책 속으로 : 조미자 그림책,조미자,동화,2022,발행 연도,https://www.ksponco.or.kr/lib/book/one/view?book_seq=1034697&isbn=9791197775840&mid=b30201000000,핑거,,포함
시간 택배 : 임후남 동시집,임후남,노래,2022,발행 연도,https://www.ksponco.or.kr/lib/book/one/view?book_seq=1035671&isbn=9788964964835&mid=b30201000000,토토북,,포함
나의 아름다운 날들 : 정지아 소설,정지아,소설,2023,발행 연도,https://www.ksponco.or.kr/lib/book/one/view?book_seq=1035729&isbn=9791167372703&mid=b30201000000,은행나무,,포함
아틀란티스 소녀:전혜진 소설집,전혜진,단편소설,2021,발행 연도,https://www.ksponco.or.kr/lib/book/one/view?book_seq=1034245&isbn=9791166686436&mid=b30201000000,아작,,포함
"궤도의 밖에서, 나의 룸메이트에게: 전삼혜 장편소설",전삼혜,장편소설,2021,발행 연도,https://www.ksponco.or.kr/lib/book/one/view?book_seq=1033171&isbn=9788954679527&mid=b30201000000,문학동네,,포함
빛의 과거 : 은희경 장편소설,은희경,장편소설,2019,발행 연도,https://www.ksponco.or.kr/lib/book/one/view?book_seq=1030400&isbn=9788932035635&mid=b30201000000,문학과지성사,,포함
암시랑토앙케 : 정양 시집,정양,시,2023,발행 연도,https://www.ksponco.or.kr/lib/book/one/view?book_seq=1035644&isbn=9791188071562&mid=b30201000000,몰개,,포함
짧은 동화 긴 생각 5,이규경,동화,2012,발행 연도,https://www.ksponco.or.kr/lib/book/one/view?book_seq=1023139&isbn=9788928102136&mid=b30201000000,효리원,,포함
기억 : 베르나르 베르베르 장편소설2,"베르베르, 베르나르",장편소설,2020,발행 연도,https://www.ksponco.or.kr/lib/book/one/view?book_seq=1031762&isbn=9788932920344&mid=b30201000000,열린책들,,포함
기내식 먹는 기분 : 정은 산문집,정은,수필,2022,발행 연도,https://www.ksponco.or.kr/lib/book/one/view?book_seq=1035604&isbn=9791160949810&mid=b30201000000,사계절,,포함
싱글몰트 사나이 2 : 유광수 추리소설,유광수,소설,2019,발행 연도,https://www.ksponco.or.kr/lib/book/one/view?book_seq=1030021&isbn=9788960786882&mid=b30201000000,Human & Books,,포함
나를 위한 신화력,유선경,소설,2021,발행 연도,https://www.ksponco.or.kr/lib/book/one/view?book_seq=1034548&isbn=9788934944126&mid=b30201000000,김영사,,포함
"이십세기 한국소설-5.채만식, 김유정",이십세기 한국소설,소설,2013,발행 연도,https://www.ksponco.or.kr/lib/book/one/view?book_seq=1022117&isbn=9788936462154&mid=b30201000000,창비,,포함
해리 2 : 공지영 장편소설,공지영,장편소설,2018,발행 연도,https://www.ksponco.or.kr/lib/book/one/view?book_seq=1028841&isbn=9788965746621&mid=b30201000000,해냄,,포함
조선시대산불,강영호 김동현,동화,2015,발행 연도,https://www.ksponco.or.kr/lib/book/one/view?book_seq=1024904&isbn=9788942519613&mid=b30201000000,동화기술,,포함
늦게 오는 사람 : 이잠 시집,이잠,시,2023,발행 연도,https://www.ksponco.or.kr/lib/book/one/view?book_seq=1035633&isbn=9791191897463&mid=b30201000000,파란,,포함
세계 대표 작가들이 들려주는 큰사람 가치 동화,"폰스, 에스티브 푸즐 이",동화,2013,발행 연도,https://www.ksponco.or.kr/lib/book/one/view?book_seq=1023524&isbn=9788993900446&mid=b30201000000,가람어린이,,포함
되겠다는 마음 : 오성은 소설,오성은,소설,2022,발행 연도,https://www.ksponco.or.kr/lib/book/one/view?book_seq=1035582&isbn=9791167372611&mid=b30201000000,은행나무,,포함
50 홍정욱 에세이,홍정욱,수필,2021,발행 연도,https://www.ksponco.or.kr/lib/book/one/view?book_seq=1032852&isbn=9791191308198&mid=b30201000000,위즈덤하우스,,포함
돌을 쥐려는 사람에게 : 김석영 시집,김석영,시,2022,발행 연도,https://www.ksponco.or.kr/lib/book/one/view?book_seq=1035634&isbn=9788937409264&mid=b30201000000,민음사,,포함
구름의 건축술 : 노자은 시집,노자은,시,2024,발행 연도,https://www.ksponco.or.kr/lib/book/one/view?book_seq=1037503&isbn=9791168150805&mid=b30201000000,황금알,,포함
그것을 이해해야 한다 : 박춘 수필집,박춘,수필,2024,발행 연도,https://www.ksponco.or.kr/lib/book/one/view?book_seq=1037506&isbn=9791165120917&mid=b30201000000,북인,,포함
나도 누군가 먼저 그려준 그늘이었다 : 허인혜 시집,허인혜,시,2022,발행 연도,https://www.ksponco.or.kr/lib/book/one/view?book_seq=1035630&isbn=9791191719116&mid=b30201000000,애지,,포함
설운 일 덜 생각하고 : 문동만 시집,문동만,시,2022,발행 연도,https://www.ksponco.or.kr/lib/book/one/view?book_seq=1034396&isbn=9791156625896&mid=b30201000000,아시아,,중복 제외 (앞 순위 출처에 있음)
적의의 정서 : 김호성 시집,김호성,시,2022,발행 연도,https://www.ksponco.or.kr/lib/book/one/view?book_seq=1034403&isbn=9791191897142&mid=b30201000000,함께하는출판그룹파란,,포함
내 삶의 예쁜 종아리 : 황인숙 시집,황인숙,시,2022,발행 연도,https://www.ksponco.or.kr/lib/book/one/view?book_seq=1035631&isbn=9788932040608&mid=b30201000000,문학과지성사,,포함
내일은 어디쯤인가요 : 이병국 시집,이병국,시,2022,발행 연도,https://www.ksponco.or.kr/lib/book/one/view?book_seq=1034400&isbn=9791197509032&mid=b30201000000,시인의일요일,,포함
복숭아 판나코타식 사랑 고백:이음시집,이음,시,2022,발행 연도,https://www.ksponco.or.kr/lib/book/one/view?book_seq=1034405&isbn=9791192134161&mid=b30201000000,꿈공장플러스,,포함
기소영의 친구들 : 정은주 창작동화,정은주,동화,2022,발행 연도,https://www.ksponco.or.kr/lib/book/one/view?book_seq=1035676&isbn=9791160949797&mid=b30201000000,사계절,,포함
벌들의 역사:마야 룬데 장편소설,"룬데, 마야",장편소설,2016,발행 연도,https://www.ksponco.or.kr/lib/book/one/view?book_seq=1025981&isbn=9788972758020&mid=b30201000000,현대문학,,포함
이강백 희곡전집.9,이강백,희곡,2022,발행 연도,https://www.ksponco.or.kr/lib/book/one/view?book_seq=1034424&isbn=9788971158258&mid=b30201000000,평민사,,포함
새를 따라서 : 박철 시집,박철,시,2022,발행 연도,https://www.ksponco.or.kr/lib/book/one/view?book_seq=1034397&isbn=9791156625872&mid=b30201000000,아시아,,중복 제외 (앞 순위 출처에 있음)
신의 뜨락에 그녀들의 자리는 없다이정연 소설,이정연,소설,2022,발행 연도,https://www.ksponco.or.kr/lib/book/one/view?book_seq=1034432&isbn=9788958244493&mid=b30201000000,정은출판,,포함
이파리 같은 새말 하나 : 변홍철 시집,변홍철,시,2022,발행 연도,https://www.ksponco.or.kr/lib/book/one/view?book_seq=1034402&isbn=9788966551507&mid=b30201000000,삶창,,포함
맨발로 서 있는 나무,손계옥,시,1998,발행 연도,https://www.ksponco.or.kr/lib/book/one/view?book_seq=1012913&isbn=8982120696&mid=b30201000000,시와 시학사,,포함
황석영의 어린이 민담집 4 : 우렁각시,황석영,소설,2023,발행 연도,https://www.ksponco.or.kr/lib/book/one/view?book_seq=1036297&isbn=9791165383640&mid=b30201000000,아이휴먼,,포함
세트장 : 김선오 시집,김선오,시,2022,발행 연도,https://www.ksponco.or.kr/lib/book/one/view?book_seq=1034410&isbn=9788932040134&mid=b30201000000,문학과지성사,,포함
만 가지 행동:김형경 심리훈습 에세이,김형경,수필,2012,발행 연도,https://www.ksponco.or.kr/lib/book/one/view?book_seq=1021467&isbn=9788996773214&mid=b30201000000,사람풍경,,포함
올리브 키터리지:엘리자베스 스트라우트 소설,"스트라우트, 엘리자베스",소설,2013,발행 연도,https://www.ksponco.or.kr/lib/book/one/view?book_seq=1022036&isbn=9788954611152&mid=b30201000000,문학동네,,포함
그러나 러브스토리 : 장수진 시집,장수진,시,2022,발행 연도,https://www.ksponco.or.kr/lib/book/one/view?book_seq=1034394&isbn=9791167900968&mid=b30201000000,H현대문학,,포함
완벽한 인생:이동원 장편소설,이동원,장편소설,2016,발행 연도,https://www.ksponco.or.kr/lib/book/one/view?book_seq=1026121&isbn=9791158090630&mid=b30201000000,포이에마,,중복 제외 (앞 순위 출처에 있음)
눈부신 혼란 : 황성진 수필집,황성진,수필,2021,발행 연도,https://www.ksponco.or.kr/lib/book/one/view?book_seq=1034698&isbn=9791167240590&mid=b30201000000,고요아침,,포함
여기는 큐대학교 입학처입니다 : 권제훈 장편소설,권제훈,장편소설,2022,발행 연도,https://www.ksponco.or.kr/lib/book/one/view?book_seq=1035590&isbn=9791166833694&mid=b30201000000,&(앤드),,포함
다리를 건너다 : 요시다 슈이치 장편소설,요시다 슈이치,장편소설,2017,발행 연도,https://www.ksponco.or.kr/lib/book/one/view?book_seq=1029136&isbn=9788956603674&mid=b30201000000,은행나무,,포함
파묻힌 거인:가즈오 이시구로 장편소설,가즈오 이시구로,장편소설,2015,발행 연도,https://www.ksponco.or.kr/lib/book/one/view?book_seq=1027589&isbn=9788952774682&mid=b30201000000,시공사,,포함
시민의 기분 : 변희수 시집,변희수,시,2022,발행 연도,https://www.ksponco.or.kr/lib/book/one/view?book_seq=1035642&isbn=9791158965754&mid=b30201000000,시인동네,,포함
외주 : 김경옥 시집,김경옥,시,2022,발행 연도,https://www.ksponco.or.kr/lib/book/one/view?book_seq=1034427&isbn=9791191719079&mid=b30201000000,애지,,포함
그림책 읽어주는 시간,권옥경,동화,2016,발행 연도,https://www.ksponco.or.kr/lib/book/one/view?book_seq=1025855&isbn=9791185400303&mid=b30201000000,북바이북,,포함
똥의 인문학 : 생태와 순환의 감각을 깨우다,김성원,평론,2021,발행 연도,https://www.ksponco.or.kr/lib/book/one/view?book_seq=1034729&isbn=9788976964465&mid=b30201000000,역사비평사,,포함
"순한 맛, 매운 맛 매생이 클럽 아이들 : 어린이를 위한 글쓰기 교육 동화",이은경,동화,2021,발행 연도,https://www.ksponco.or.kr/lib/book/one/view?book_seq=1033975&isbn=9788947547741&mid=b30201000000,한국경제신문,,포함
급류 : 정대건 장편소설,정대건,장편소설,2022,발행 연도,https://www.ksponco.or.kr/lib/book/one/view?book_seq=1035254&isbn=9788937473401&mid=b30201000000,민음사,,포함
공터에서 [큰글자책] :김훈 장편소설,김훈,장편소설,2018,발행 연도,https://www.ksponco.or.kr/lib/book/one/view?book_seq=1028539&isbn=9788965745815&mid=b30201000000,해냄,,포함
받침 배우는 동화2. 옹기장수의 옹기가 와장창:ㅇ받침편,한규호,동화,2013,발행 연도,https://www.ksponco.or.kr/lib/book/one/view?book_seq=1023764&isbn=9788998172084&mid=b30201000000,받침없는동화,,포함
꽃을 보듯 너를 본다:나태주 시집,나태주,시,2015,발행 연도,https://www.ksponco.or.kr/lib/book/one/view?book_seq=1025018&isbn=9791157280292&mid=b30201000000,지혜,,중복 제외 (앞 순위 출처에 있음)
이토록 평범한 미래 : 김연수 소설,김연수,소설,2022,발행 연도,https://www.ksponco.or.kr/lib/book/one/view?book_seq=1034516&isbn=9788954680004&mid=b30201000000,문학동네,,포함
신의 아이 1 : 야쿠마루 가쿠 장편소설,야쿠마루 가쿠,장편소설,2019,발행 연도,https://www.ksponco.or.kr/lib/book/one/view?book_seq=1030046&isbn=9791189178062&mid=b30201000000,몽실북스,,포함
세계전래동화 황금을 쏟아 내는 돌사자,기탄출판,동화,2006,발행 연도,https://www.ksponco.or.kr/lib/book/one/view?book_seq=1023465&isbn=9788979590203&mid=b30201000000,기탄출판,,포함
"카페, 공장:이진 장편소설",이진,장편소설,2020,발행 연도,https://www.ksponco.or.kr/lib/book/one/view?book_seq=1032346&isbn=9788954442619&mid=b30201000000,자음과모음,,포함
오늘은 우리 집 놀이터: 박서현 그림책,박서현,동화,2021,발행 연도,https://www.ksponco.or.kr/lib/book/one/view?book_seq=1033141&isbn=9788970947761&mid=b30201000000,한림출판사,,포함
최소한의 이웃 : 허지웅 산문집,허지웅,수필,2022,발행 연도,https://www.ksponco.or.kr/lib/book/one/view?book_seq=1034506&isbn=9788934942405&mid=b30201000000,김영사,,포함
언니의 물허벅 : 오미향 수필집,오미향,수필,2022,발행 연도,https://www.ksponco.or.kr/lib/book/one/view?book_seq=1035614&isbn=9791156227618&mid=b30201000000,문학공감,,포함
내일의 노래,고은,평론,1992,발행 연도,https://www.ksponco.or.kr/lib/book/one/view?book_seq=1012975&isbn=&mid=b30201000000,창작과 비평사,,포함
빨강의 자서전:시로 쓴 소설,"카슨, 앤",소설,2016,발행 연도,https://www.ksponco.or.kr/lib/book/one/view?book_seq=1027254&isbn=9788984319547&mid=b30201000000,한겨레,,포함
루거 총을 든 할머니 : 브누아 필리퐁 장편소설,"필리퐁, 브누아",장편소설,2019,발행 연도,https://www.ksponco.or.kr/lib/book/one/view?book_seq=1030384&isbn=9791190182591&mid=b30201000000,위즈덤하우스,,포함
여성민요의 틈과 경계 : 이름 없이 살다 간 그들의 목소리,이정아,노래,2021,발행 연도,https://www.ksponco.or.kr/lib/book/one/view?book_seq=1034808&isbn=9791166035005&mid=b30201000000,한국학술정보,,포함
수축사회 : 성장 신화를 버려야 미래가 보인다,홍성국,소설,2019,발행 연도,https://www.ksponco.or.kr/lib/book/one/view?book_seq=1030398&isbn=9791157061402&mid=b30201000000,메디치미디어,,포함
통행금지 : 박상률 소설,박상률,소설,2018,발행 연도,https://www.ksponco.or.kr/lib/book/one/view?book_seq=1029570&isbn=9788974839338&mid=b30201000000,서해문집,,포함
위험한 비너스:히가시노 게이고 장편소설,히가시노 게이고,장편소설,2017,발행 연도,https://www.ksponco.or.kr/lib/book/one/view?book_seq=1026681&isbn=9788972758242&mid=b30201000000,현대문학,,포함
흰 빨래는 희게 빨고 검은 빨래 검게 빨아 : 박순원 시집,박순원,시,2021,발행 연도,https://www.ksponco.or.kr/lib/book/one/view?book_seq=1034677&isbn=9791191897050&mid=b30201000000,파란,,포함
이십세기 한국소설-2.염상섭,이십세기 한국소설,소설,2011,발행 연도,https://www.ksponco.or.kr/lib/book/one/view?book_seq=1022114&isbn=9788936462123&mid=b30201000000,창비,,포함
타임머신 북머신:홍길동을 만나 금오신화로,권타오,소설,2015,발행 연도,https://www.ksponco.or.kr/lib/book/one/view?book_seq=1022764&isbn=9788980713615&mid=b30201000000,미세기,,포함
이곳에서 저 끝을 바라보면 : 장효성 시집,장효성,시,2021,발행 연도,https://www.ksponco.or.kr/lib/book/one/view?book_seq=1034673&isbn=9791168060081&mid=b30201000000,도반,,포함
"소녀, 조선을 달리다 : 이민숙 장편동화",이민숙,동화,2022,발행 연도,https://www.ksponco.or.kr/lib/book/one/view?book_seq=1035689&isbn=9788943315092&mid=b30201000000,보림,,포함
꿈꾸는 마리오네뜨,권지예,평론,2002,발행 연도,https://www.ksponco.or.kr/lib/book/one/view?book_seq=1011151&isbn=8936436635&mid=b30201000000,창자과비평사,,포함
"시대와의 감흥, 역사추리소설",오혜진,소설,2021,발행 연도,https://www.ksponco.or.kr/lib/book/one/view?book_seq=1034904&isbn=9791167420374&mid=b30201000000,역락,,포함
아노말리 : 에르베 르 텔리에 장편소설,"텔리에, 에르베 르",장편소설,2022,발행 연도,https://www.ksponco.or.kr/lib/book/one/view?book_seq=1034323&isbn=9788937427220&mid=b30201000000,민음사,,포함
그녀 이름은:조남주 소설,조남주,소설,2018,발행 연도,https://www.ksponco.or.kr/lib/book/one/view?book_seq=1028495&isbn=9791130617084&mid=b30201000000,다산책방(다산북스),,중복 제외 (앞 순위 출처에 있음)
시를 잊은 그대에게 [큰글자책],정재찬,시,2019,발행 연도,https://www.ksponco.or.kr/lib/book/one/view?book_seq=1030410&isbn=9791160802962&mid=b30201000000,휴머니스트,,중복 제외 (앞 순위 출처에 있음)
소설 징비록,이재운,소설,2015,발행 연도,https://www.ksponco.or.kr/lib/book/one/view?book_seq=1017766&isbn=9788956392196&mid=b30201000000,책이 있는 마을,,포함
그 모퉁이 자작나무 : 윤재철 시집,윤재철,시,2021,발행 연도,https://www.ksponco.or.kr/lib/book/one/view?book_seq=1034672&isbn=9791189898649&mid=b30201000000,도서출판 b,,포함
세계전래동화 남의 땅에 돌 던지기,기탄출판 이상교,동화,2006,발행 연도,https://www.ksponco.or.kr/lib/book/one/view?book_seq=1023386&isbn=9788979598896&mid=b30201000000,기탄출판,,포함
춘란의 계절 : 김선희 장편소설,김선희,장편소설,2022,발행 연도,https://www.ksponco.or.kr/lib/book/one/view?book_seq=1034443&isbn=9788954448086&mid=b30201000000,자음과모음,,포함
소설 목민심서 상,황인경,소설,2007,발행 연도,https://www.ksponco.or.kr/lib/book/one/view?book_seq=1017199&isbn=9788925508320&mid=b30201000000,랜덤하우스코리아,,포함
박근형 희곡집.2,박근형,희곡,2017,발행 연도,https://www.ksponco.or.kr/lib/book/one/view?book_seq=1028703&isbn=9788957866283&mid=b30201000000,연극과인간,,포함
나는 천사에게 말을 배웠지 : 정현우 시집,정현우,시,2021,발행 연도,https://www.ksponco.or.kr/lib/book/one/view?book_seq=1032914&isbn=9788936424527&mid=b30201000000,창비,,포함
"블랙아웃, 블랙리스트와 미투 : 김옥란 연극평론집",김옥란,평론,2021,발행 연도,https://www.ksponco.or.kr/lib/book/one/view?book_seq=1034664&isbn=9791159056505&mid=b30201000000,소명,,포함
쟁이로 불린다는 건 : 박재웅 시집,박재웅,시,2022,발행 연도,https://www.ksponco.or.kr/lib/book/one/view?book_seq=1035652&isbn=9791197947407&mid=b30201000000,봄싹,,포함
사슴 접기 : 조효복 시집,조효복,시,2024,발행 연도,https://www.ksponco.or.kr/lib/book/one/view?book_seq=1037604&isbn=9791191897944&mid=b30201000000,함께하는 출판그룹 파란,,포함
나는 주니어 개발자다 : 청년 개발자 다섯의 성장 이야기,김설화,소설,2021,발행 연도,https://www.ksponco.or.kr/lib/book/one/view?book_seq=1034744&isbn=9788997924882&mid=b30201000000,로드북,,포함
타오르는 영산강 : 문순태 시집,문순태,시,2024,발행 연도,https://www.ksponco.or.kr/lib/book/one/view?book_seq=1037603&isbn=9791191277999&mid=b30201000000,문학들,,포함
가사도와 진섬 사이 : 김승재 시조집,김승재,시조,2024,발행 연도,https://www.ksponco.or.kr/lib/book/one/view?book_seq=1037599&isbn=9791167242174&mid=b30201000000,고요아침,,포함
불이론 : 문숙 시집,문숙,시,2021,발행 연도,https://www.ksponco.or.kr/lib/book/one/view?book_seq=1034674&isbn=9788960215672&mid=b30201000000,천년의시작,,포함
이상 소설 전집,이상,소설,2018,발행 연도,https://www.ksponco.or.kr/lib/book/one/view?book_seq=1029245&isbn=9788937463006&mid=b30201000000,민음사,,포함
감정리:최현순 시집,최현순,시,2020,발행 연도,https://www.ksponco.or.kr/lib/book/one/view?book_seq=1032299&isbn=9791163250135&mid=b30201000000,시와소금,,포함
퀴어 (포)에티카 : 전승민 평론집,전승민,평론,2024,발행 연도,https://www.ksponco.or.kr/lib/book/one/view?book_seq=1037616&isbn=9791141601096&mid=b30201000000,문학동네,,포함
시나리오 어떻게 쓸 것인가 1,"맥키, 로버트",희곡,2018,발행 연도,https://www.ksponco.or.kr/lib/book/one/view?book_seq=1030000&isbn=9788982735509&mid=b30201000000,민음인,,포함
슈퍼 토끼,유설화,소설,2020,발행 연도,https://www.ksponco.or.kr/lib/book/one/view?book_seq=1031776&isbn=9791158361839&mid=b30201000000,책읽는곰,,포함
"역사, 라프로쉬망을 꿈꾸다 : 문화사와 지성사에 대한 열두편의 에세이",곽차섭,수필,2022,발행 연도,https://www.ksponco.or.kr/lib/book/one/view?book_seq=1034914&isbn=9791156122135&mid=b30201000000,푸른역사,,포함
모퉁이를 돌면 : 성현정 동화집,성현정,동화,2021,발행 연도,https://www.ksponco.or.kr/lib/book/one/view?book_seq=1034684&isbn=9791158362652&mid=b30201000000,책읽는곰,,포함
"이 밤은 괜찮아, 내일은 모르겠지만:서유미 소설집",서유미,단편소설,2021,발행 연도,https://www.ksponco.or.kr/lib/book/one/view?book_seq=1034249&isbn=9788937472213&mid=b30201000000,민음사,,포함
2022년 제67회 현대문학상 수상소설집.그때 그 마음,정소현 외,단편소설,2021,발행 연도,https://www.ksponco.or.kr/lib/book/one/view?book_seq=1033226&isbn=9791167900791&mid=b30201000000,현대문학,,포함
재수사 1 : 장강명 장편소설,장강명,장편소설,2022,발행 연도,https://www.ksponco.or.kr/lib/book/one/view?book_seq=1034450&isbn=9791167372017&mid=b30201000000,은행나무,,중복 제외 (앞 순위 출처에 있음)
근무일지 : 이용훈 시집,이용훈,시,2022,발행 연도,https://www.ksponco.or.kr/lib/book/one/view?book_seq=1034998&isbn=9788936424794&mid=b30201000000,창비,,포함
그녀들의 루즈는 소음기가 장착된 피스톨이다 : 김윤배 시집,김윤배,시,2022,발행 연도,https://www.ksponco.or.kr/lib/book/one/view?book_seq=1035007&isbn=9788970753348&mid=b30201000000,문학세계사,,포함
제주:권상혁 소설,권상혁,소설,2021,발행 연도,https://www.ksponco.or.kr/lib/book/one/view?book_seq=1034252&isbn=9791189176730&mid=b30201000000,청색종이,,포함
거짓말이다 : 김탁환 장편소설,김탁환,장편소설,2016,발행 연도,https://www.ksponco.or.kr/lib/book/one/view?book_seq=1027055&isbn=9788998791544&mid=b30201000000,북스피어,,중복 제외 (앞 순위 출처에 있음)
특별 주문 케이크 : 박지윤 그림책,박지윤,동화,2022,발행 연도,https://www.ksponco.or.kr/lib/book/one/view?book_seq=1034970&isbn=9788943314552&mid=b30201000000,보림,,포함
우리는 오피스텔에 산다 : 전민식 장편소설,전민식,장편소설,2022,발행 연도,https://www.ksponco.or.kr/lib/book/one/view?book_seq=1034692&isbn=9791156625834&mid=b30201000000,아시아,,포함
"인문학자 공원국의 유목문명 기행 : 신화부터 역사까지, 처음 읽는 유목문명 이야기",공원국,소설,2021,발행 연도,https://www.ksponco.or.kr/lib/book/one/view?book_seq=1034713&isbn=9791191766578&mid=b30201000000,위즈덤하우스,,포함
랑과 나의 사막 : 천선란 소설,천선란,소설,2022,발행 연도,https://www.ksponco.or.kr/lib/book/one/view?book_seq=1034925&isbn=9791167901354&mid=b30201000000,현대문학,,포함
안젤라 : 안이희옥 연작소설,안이희옥,소설,2021,발행 연도,https://www.ksponco.or.kr/lib/book/one/view?book_seq=1034691&isbn=9788932921402&mid=b30201000000,열린책들,,포함
작별하지 않는다 [큰글자책] : 한강 장편소설,한강,장편소설,2022,발행 연도,https://www.ksponco.or.kr/lib/book/one/view?book_seq=1034371&isbn=9788954687799&mid=b30201000000,문학동네,,중복 제외 (앞 순위 출처에 있음)
"포르투갈, 땅이 끝나고 바다가 시작되는 곳 : 펜 드로잉 여행 산문집",오건호,수필,2021,발행 연도,https://www.ksponco.or.kr/lib/book/one/view?book_seq=1034700&isbn=9791188969388&mid=b30201000000,txt.kcal(텍스트칼로리),,포함
여섯 번째 가족 : 박태우 수필집,박태우,수필,2022,발행 연도,https://www.ksponco.or.kr/lib/book/one/view?book_seq=1034699&isbn=9791192096247&mid=b30201000000,북랜드,,포함
"조선의 힘:조선, 오백년 문명의 역동성을 찾다",오항녕,평론,2012,발행 연도,https://www.ksponco.or.kr/lib/book/one/view?book_seq=1022095&isbn=9788976965356&mid=b30201000000,역사비평사,,포함
서울연극제희곡집.이천십일,서울연극협회,희곡,2011,발행 연도,https://www.ksponco.or.kr/lib/book/one/view?book_seq=1021511&isbn=9788957863831&mid=b30201000000,연극과인간,,포함
지구가 죽으면 달은 누굴 돌지? : 김혜순 시집,김혜순,시,2022,발행 연도,https://www.ksponco.or.kr/lib/book/one/view?book_seq=1034676&isbn=9788932039985&mid=b30201000000,문학과지성사,,포함
인생의 허무를 어떻게 할 것인가,김영민,평론,2022,발행 연도,https://www.ksponco.or.kr/lib/book/one/view?book_seq=1034953&isbn=9791167070791&mid=b30201000000,사회평론,,포함
묘사하는 마음 : 김혜리 영화 산문집,김혜리,수필,2022,발행 연도,https://www.ksponco.or.kr/lib/book/one/view?book_seq=1035005&isbn=9788960907515&mid=b30201000000,마음산책,,포함
싱글몰트 사나이 1 : 유광수 추리소설,유광수,소설,2019,발행 연도,https://www.ksponco.or.kr/lib/book/one/view?book_seq=1030020&isbn=9788960786875&mid=b30201000000,Human & Books,,포함
어쨌거나 스무 살은 되고 싶지 않아:조우리 연작소설,조우리,소설,2019,발행 연도,https://www.ksponco.or.kr/lib/book/one/view?book_seq=1030639&isbn=9788949120720&mid=b30201000000,비룡소,,포함
일곱 명의 엄마 : 제11회 시산맥 기획시선 공모 당선시집,이해원,시,2016,발행 연도,https://www.ksponco.or.kr/lib/book/one/view?book_seq=1027044&isbn=9788998133726&mid=b30201000000,시산맥사,,포함
습지 장례법 : 신종원 장편소설,신종원,장편소설,2022,발행 연도,https://www.ksponco.or.kr/lib/book/one/view?book_seq=1035016&isbn=9788932040400&mid=b30201000000,문학과지성사,,포함
그리움은 모두 북유럽에서 왔다:양정훈 여행수필,양정훈,수필,2013,발행 연도,https://www.ksponco.or.kr/lib/book/one/view?book_seq=1021391&isbn=9788994545646&mid=b30201000000,부즈펌,,포함
우린 더 뜨거워질 수 있었다 : 강기희 시집,강기희,시,2022,발행 연도,https://www.ksponco.or.kr/lib/book/one/view?book_seq=1035020&isbn=9791191668391&mid=b30201000000,달아실,,포함
결: 거칢에 대하여 : 홍세화 사회비평에세이,홍세화,수필,2020,발행 연도,https://www.ksponco.or.kr/lib/book/one/view?book_seq=1031496&isbn=9791160403657&mid=b30201000000,한겨레출판,,포함
뿌리를 위하여 : 선종구 시집,선종구,시,2022,발행 연도,https://www.ksponco.or.kr/lib/book/one/view?book_seq=1035012&isbn=9791162432938&mid=b30201000000,시산맥,,포함
연년세세 : 황정은 연작소설,황정은,소설,2020,발행 연도,https://www.ksponco.or.kr/lib/book/one/view?book_seq=1032503&isbn=9788936434441&mid=b30201000000,창비,,중복 제외 (앞 순위 출처에 있음)
돌이킬 수 있는 : 문목하 장편소설,문목하,장편소설,2018,발행 연도,https://www.ksponco.or.kr/lib/book/one/view?book_seq=1031788&isbn=9791189015381&mid=b30201000000,아작,,포함
너였구나:전미화 그림책,전미화,동화,2017,발행 연도,https://www.ksponco.or.kr/lib/book/one/view?book_seq=1026442&isbn=9788954644747&mid=b30201000000,문학동네,,포함
디어 시스터 : 김혜정 장편소설,김혜정,장편소설,2021,발행 연도,https://www.ksponco.or.kr/lib/book/one/view?book_seq=1034681&isbn=9788954447508&mid=b30201000000,자음과모음,,포함
천사의 탄식 : 마종기 시집,마종기,시,2020,발행 연도,https://www.ksponco.or.kr/lib/book/one/view?book_seq=1032540&isbn=9788932037677&mid=b30201000000,문학과지성사,,중복 제외 (앞 순위 출처에 있음)
소설 만세 : 정용준 에세이,정용준,소설,2022,발행 연도,https://www.ksponco.or.kr/lib/book/one/view?book_seq=1034926&isbn=9788937419515&mid=b30201000000,민음사,,포함
나는 그냥 고양이 : 최승호 시인의 고양이 시 그림책,최승호,동화,2024,발행 연도,https://www.ksponco.or.kr/lib/book/one/view?book_seq=1037683&isbn=9791167552884&mid=b30201000000,초록귤,,포함
대치동 : 학벌주의와 부동산 신화가 만나는 곳,조장훈,소설,2021,발행 연도,https://www.ksponco.or.kr/lib/book/one/view?book_seq=1034609&isbn=9791160948905&mid=b30201000000,사계절,,포함
오늘은 좀 추운 사랑도 좋아 : 문정희 시집,문정희,시,2022,발행 연도,https://www.ksponco.or.kr/lib/book/one/view?book_seq=1035017&isbn=9788937409196&mid=b30201000000,민음사,,포함
나는 오래된 거리처럼 너를 사랑하고 : 진은영 시집,진은영,시,2022,발행 연도,https://www.ksponco.or.kr/lib/book/one/view?book_seq=1035018&isbn=9788932040448&mid=b30201000000,문학과지성사,,포함
자본주의의 적: 정지아 소설집,정지아,단편소설,2021,발행 연도,https://www.ksponco.or.kr/lib/book/one/view?book_seq=1033178&isbn=9788936438432&mid=b30201000000,창비,,중복 제외 (앞 순위 출처에 있음)
포스트 잇 김영하 산문집,김영하,수필,2013,발행 연도,https://www.ksponco.or.kr/lib/book/one/view?book_seq=1026677&isbn=9788972752288&mid=b30201000000,현대문학,,포함
같이 삽시다 쫌! : 하수정 그림책,하수정,동화,2022,발행 연도,https://www.ksponco.or.kr/lib/book/one/view?book_seq=1035664&isbn=9788955826661&mid=b30201000000,길벗어린이,,중복 제외 (앞 순위 출처에 있음)
베스트 세계 명작 동화.나의 라임 오렌지 나무 30,바스콘셀로스,동화,2012,발행 연도,https://www.ksponco.or.kr/lib/book/one/view?book_seq=1024139&isbn=9788993929874&mid=b30201000000,훈민,,포함
추리 천재 엉덩이 탐정 2-어둠 속으로 사라진 거인 사건,트롤,소설,2016,발행 연도,https://www.ksponco.or.kr/lib/book/one/view?book_seq=1025241&isbn=9788937853470&mid=b30201000000,아이세움,,포함
장미 감옥 : 오연미 시집,오연미,시,2022,발행 연도,https://www.ksponco.or.kr/lib/book/one/view?book_seq=1035009&isbn=9791162432990&mid=b30201000000,시산맥사,,포함
젊은 여자는 살아남는다 : 최은 장편소설,최은,장편소설,2022,발행 연도,https://www.ksponco.or.kr/lib/book/one/view?book_seq=1035593&isbn=9791192333335&mid=b30201000000,걷는사람,,포함
할매 할배 참 곱소:그림책 스토리텔러 김인자의 희로애락 사진 에세이,김인자,동화,2016,발행 연도,https://www.ksponco.or.kr/lib/book/one/view?book_seq=1026546&isbn=9791185751771&mid=b30201000000,거인의정원,,포함
최단경로 : 강희영 장편소설,강희영,장편소설,2019,발행 연도,https://www.ksponco.or.kr/lib/book/one/view?book_seq=1035155&isbn=비매품&mid=b30201000000,문학동네,,포함
우리가 인생이라 부르는 것들 : 자기 삶의 언어를 찾는 열네 번의 시 강의,정재찬,시,2020,발행 연도,https://www.ksponco.or.kr/lib/book/one/view?book_seq=1035112&isbn=9791189995539&mid=b30201000000,인플루엔셜,,포함
미래 시나리오 2022 : 백신 작동 이후의 세계,김광석,희곡,2021,발행 연도,https://www.ksponco.or.kr/lib/book/one/view?book_seq=1035095&isbn=9791164138043&mid=b30201000000,와이즈베리,,포함
여돗할망 이야기 : 제주 이어도 설화동화,최미경,동화,2022,발행 연도,https://www.ksponco.or.kr/lib/book/one/view?book_seq=1035158&isbn=9791197190193&mid=b30201000000,이어도연구회,,포함
국악교육의 지향과 민요의 교육적 활용,김혜정,노래,2015,발행 연도,https://www.ksponco.or.kr/lib/book/one/view?book_seq=1024870&isbn=9788928508204&mid=b30201000000,민속원,,포함
용선생의 시끌벅적 한국사 7,금현진 손정혜 주유정 김우택,평론,2012,발행 연도,https://www.ksponco.or.kr/lib/book/one/view?book_seq=1017633&isbn=9788964355275&mid=b30201000000,사회평론,,포함
받침없는동화4. 내가 모조리 차지해야지!,한규호,동화,2012,발행 연도,https://www.ksponco.or.kr/lib/book/one/view?book_seq=1023773&isbn=9788998172046&mid=b30201000000,받침없는동화,,포함
내 거야 다 내 거야 : 노인경 그림책,노인경,동화,2022,발행 연도,https://www.ksponco.or.kr/lib/book/one/view?book_seq=1035229&isbn=9788954689342&mid=b30201000000,문학동네,,포함
나의 친애하는 적:허지웅 에세이,허지웅,수필,2016,발행 연도,https://www.ksponco.or.kr/lib/book/one/view?book_seq=1025317&isbn=9788954643436&mid=b30201000000,문학동네,,포함
나무가 쓰러지면,"미제로키, 다니오",노래,2025,발행 연도,https://www.ksponco.or.kr/lib/book/one/view?book_seq=1037345&isbn=9791173183447&mid=b30201000000,dodo,,포함
아웃 오브 아프리카:카렌 블릭센 장편소설,"블릭센, 카렌",장편소설,2012,발행 연도,https://www.ksponco.or.kr/lib/book/one/view?book_seq=1027772&isbn=9788932910048&mid=b30201000000,열린책들,,포함
다 그렇게 산대요:'좋은글봇' 팔십삼만 독자의 사랑을 받은 힐링 에세이,정순재,수필,2016,발행 연도,https://www.ksponco.or.kr/lib/book/one/view?book_seq=1025048&isbn=9791185324272&mid=b30201000000,삶과지식,,포함
비평의 고독,권성우,평론,2016,발행 연도,https://www.ksponco.or.kr/lib/book/one/view?book_seq=1025671&isbn=9791159050893&mid=b30201000000,소명출판,,포함
브리스 디제이 팬케이크 소설집,"팬케이크, 브리스 디제이",단편소설,2021,발행 연도,https://www.ksponco.or.kr/lib/book/one/view?book_seq=1033006&isbn=9791196837648&mid=b30201000000,섬과달,,포함
(강남길의 명화와 함께 후루룩 읽는) 그리스 로마 신화 1,강남길,소설,2023,발행 연도,https://www.ksponco.or.kr/lib/book/one/view?book_seq=1035539&isbn=9791197678332&mid=b30201000000,Delphi Studio(델피 스튜디오),,포함
두 번 사는 사람들 : 황현진 장편소설,황현진,장편소설,2017,발행 연도,https://www.ksponco.or.kr/lib/book/one/view?book_seq=1028019&isbn=9788954644280&mid=b30201000000,문학동네,,포함
못 가본 길이 더 아름답다:박완서 산문집,박완서,수필,2014,발행 연도,https://www.ksponco.or.kr/lib/book/one/view?book_seq=1021562&isbn=9788972754671&mid=b30201000000,현대문학,,포함
비타민 시 항노화의 비밀:내 몸을 살리는 기적의 항산화제,하병근,시,2012,발행 연도,https://www.ksponco.or.kr/lib/book/one/view?book_seq=1025947&isbn=9788994651040&mid=b30201000000,페가수스,,포함
머리카락이 자라면 : 김현례 그림책,김현례,동화,2025,발행 연도,https://www.ksponco.or.kr/lib/book/one/view?book_seq=1037674&isbn=9788901292304&mid=b30201000000,웅진주니어,,포함
넛셸 :이언 매큐언 장편소설,"매큐언, 이언",장편소설,2017,발행 연도,https://www.ksponco.or.kr/lib/book/one/view?book_seq=1026753&isbn=9788954645676&mid=b30201000000,문학동네,,포함
똥이어디로갔을까,이상권,평론,2000,발행 연도,https://www.ksponco.or.kr/lib/book/one/view?book_seq=1015444&isbn=8936451030&mid=b30201000000,창작과비평사,,포함
아라의 소설,정세랑,소설,2022,발행 연도,https://www.ksponco.or.kr/lib/book/one/view?book_seq=1034459&isbn=9791197873065&mid=b30201000000,안온북스,,중복 제외 (앞 순위 출처에 있음)
다시 오지 않는 것들 : 최영미 시집,최영미,시,2019,발행 연도,https://www.ksponco.or.kr/lib/book/one/view?book_seq=1030311&isbn=9791196714208&mid=b30201000000,이미,,포함
세계전래동화 노래하는 자루,기탄출판 성현주,동화,2006,발행 연도,https://www.ksponco.or.kr/lib/book/one/view?book_seq=1023389&isbn=9788979590258&mid=b30201000000,기탄출판,,포함
다시 소설이론을 읽는다:세계의 소설론과 미학의 쟁점들,김경식 윤정임 변현태 김수환 김성호,소설,2015,발행 연도,https://www.ksponco.or.kr/lib/book/one/view?book_seq=1025764&isbn=9788936463441&mid=b30201000000,창비,,포함
나를 봐 : 니컬러스 스파크스 장편소설,"스파크스, 니콜라스",장편소설,2019,발행 연도,https://www.ksponco.or.kr/lib/book/one/view?book_seq=1030074&isbn=9788950979706&mid=b30201000000,arte,,포함
스파링:도선우 장편소설,도선우,장편소설,2016,발행 연도,https://www.ksponco.or.kr/lib/book/one/view?book_seq=1025987&isbn=9788954643771&mid=b30201000000,문학동네,,포함
그리스 로마 신화 2 : 사랑과 질투,"불핀치, 토머스",소설,2018,발행 연도,https://www.ksponco.or.kr/lib/book/one/view?book_seq=1029382&isbn=9788957363027&mid=b30201000000,가나,,포함
흔들리는 사이 언뜻 보이는 푸른빛:정홍수 평론집,정홍수,평론,2014,발행 연도,https://www.ksponco.or.kr/lib/book/one/view?book_seq=1026553&isbn=9788954625302&mid=b30201000000,문학동네,,포함
무진기행:=김승옥 소설집,김승옥,단편소설,2007,발행 연도,https://www.ksponco.or.kr/lib/book/one/view?book_seq=1021894&isbn=9788937461491&mid=b30201000000,민음사,,중복 제외 (앞 순위 출처에 있음)
쿰바의 꿈:조소정 연작동화,조소정,동화,2012,발행 연도,https://www.ksponco.or.kr/lib/book/one/view?book_seq=1024097&isbn=9788997335091&mid=b30201000000,청개구리,,포함
소설의 제국 : 소설로 읽는 아메리카의 초상,김욱동,소설,2008,발행 연도,https://www.ksponco.or.kr/lib/book/one/view?book_seq=1024387&isbn=9788971390719&mid=b30201000000,소나무,,포함
작은 동네 : 손보미 장편소설,손보미,장편소설,2020,발행 연도,https://www.ksponco.or.kr/lib/book/one/view?book_seq=1032499&isbn=9788932037486&mid=b30201000000,문학과지성사,,중복 제외 (앞 순위 출처에 있음)
도둑왕 아모세 : 유현산 장편동화,유현산,동화,2016,발행 연도,https://www.ksponco.or.kr/lib/book/one/view?book_seq=1023936&isbn=9788936442859&mid=b30201000000,창비,,포함
월급봉투 : 이순형 수필집,이순형,수필,2016,발행 연도,https://www.ksponco.or.kr/lib/book/one/view?book_seq=1027082&isbn=9791186111239&mid=b30201000000,詩와에세이,,포함
수영하는 여자들 : 리비 페이지 장편소설,"페이지, 리비",장편소설,2018,발행 연도,https://www.ksponco.or.kr/lib/book/one/view?book_seq=1028834&isbn=9791187886297&mid=b30201000000,구픽,,포함
"다른 시간, 다른 배열 : 이성미 시집",이성미,시,2020,발행 연도,https://www.ksponco.or.kr/lib/book/one/view?book_seq=1032916&isbn=9788932038032&mid=b30201000000,문학과지성사,,포함
스모킹 오레오 : 김홍 장편소설,김홍,장편소설,2020,발행 연도,https://www.ksponco.or.kr/lib/book/one/view?book_seq=1032502&isbn=9788954444781&mid=b30201000000,자음과모음,,포함
바람이 불면 바람이 부는 나무가 되지요,문태준,노래,2019,발행 연도,https://www.ksponco.or.kr/lib/book/one/view?book_seq=1030536&isbn=9791162850305&mid=b30201000000,마음의숲,,포함
베스트 세계 명작 동화.피노키오 10,콜로디,동화,2012,발행 연도,https://www.ksponco.or.kr/lib/book/one/view?book_seq=1024119&isbn=9788993929508&mid=b30201000000,훈민,,포함
바깥은 여름 : 김애란 소설,김애란,소설,2017,발행 연도,https://www.ksponco.or.kr/lib/book/one/view?book_seq=1028015&isbn=9788954646079&mid=b30201000000,문학동네,,중복 제외 (앞 순위 출처에 있음)
추리 천재 엉덩이 탐정과 카레 사건,트롤,소설,2019,발행 연도,https://www.ksponco.or.kr/lib/book/one/view?book_seq=1030214&isbn=9791164130764&mid=b30201000000,미래엔(아이세움),,포함
나의 아름다운 할머니 : 심윤경 에세이,심윤경,수필,2022,발행 연도,https://www.ksponco.or.kr/lib/book/one/view?book_seq=1034511&isbn=9791160949643&mid=b30201000000,사계절,,포함
블러드 온 스노우:요 네스뵈 장편소설,"네스뵈, 요",장편소설,2016,발행 연도,https://www.ksponco.or.kr/lib/book/one/view?book_seq=1024215&isbn=9788934974215&mid=b30201000000,비채,,포함
건축공학분야 설계도서 사례집,강동화 외 십일인,동화,2016,발행 연도,https://www.ksponco.or.kr/lib/book/one/view?book_seq=1026795&isbn=9788962257168&mid=b30201000000,기문당,,포함
한국 고소설의 새 지평,차충환,소설,2016,발행 연도,https://www.ksponco.or.kr/lib/book/one/view?book_seq=1026863&isbn=9791155166031&mid=b30201000000,보고사,,포함
오빠는 사춘기,채인선,평론,1998,발행 연도,https://www.ksponco.or.kr/lib/book/one/view?book_seq=1014936&isbn=8936445154&mid=b30201000000,창작과비평사,,포함
순례 주택: 유은실 소설,유은실,소설,2021,발행 연도,https://www.ksponco.or.kr/lib/book/one/view?book_seq=1033174&isbn=9788949123493&mid=b30201000000,비룡소,,포함
당신 거기 있어줄래요?:기욤 뮈소 장편소설,"뮈소, 기욤",장편소설,2008,발행 연도,https://www.ksponco.or.kr/lib/book/one/view?book_seq=1027395&isbn=9788984370791&mid=b30201000000,밝은세상,,포함
내 몸에 길 하나 생긴 후 : 임후남 시집,임후남,시,2017,발행 연도,https://www.ksponco.or.kr/lib/book/one/view?book_seq=1027983&isbn=9791187413776&mid=b30201000000,Bookin(북인),,포함
그리스 로마 신화 15 : 오디세우스의 출항,"불핀치, 토머스",소설,2018,발행 연도,https://www.ksponco.or.kr/lib/book/one/view?book_seq=1029395&isbn=9788957363157&mid=b30201000000,가나,,포함
그리스 로마 신화 16 : 마법사 여신 키르케,"불핀치, 토머스",소설,2018,발행 연도,https://www.ksponco.or.kr/lib/book/one/view?book_seq=1029396&isbn=9788957363164&mid=b30201000000,가나,,포함
가덕도 탕수구미 시거리 상향 : 박형권 시집,박형권,시,2017,발행 연도,https://www.ksponco.or.kr/lib/book/one/view?book_seq=1027979&isbn=9791195749898&mid=b30201000000,모악,,포함
사이와 간격 : 오성일 시집,오성일,시,2017,발행 연도,https://www.ksponco.or.kr/lib/book/one/view?book_seq=1027981&isbn=9791187413738&mid=b30201000000,Bookin(북인),,포함
메이드 인 강남 : 주원규 장편소설,주원규,장편소설,2019,발행 연도,https://www.ksponco.or.kr/lib/book/one/view?book_seq=1030090&isbn=9788954439725&mid=b30201000000,네오픽션,,중복 제외 (앞 순위 출처에 있음)
리틀 브라더:코리 닥터로우 장편소설,"닥터로우, 코리",장편소설,2015,발행 연도,https://www.ksponco.or.kr/lib/book/one/view?book_seq=1021263&isbn=9791195628308&mid=b30201000000,아작,,포함
숲시집 : 유종인 시집,유종인,시,2017,발행 연도,https://www.ksponco.or.kr/lib/book/one/view?book_seq=1027973&isbn=9788983926548&mid=b30201000000,문학수첩,,포함
살아남은 아이 : 조진주 장편소설,조진주,장편소설,2022,발행 연도,https://www.ksponco.or.kr/lib/book/one/view?book_seq=1034436&isbn=9791167900258&mid=b30201000000,현대문학,,포함
달리는 남자 걷는 여자 : 정길연 소설,정길연,소설,2016,발행 연도,https://www.ksponco.or.kr/lib/book/one/view?book_seq=1027061&isbn=9791186748824&mid=b30201000000,나무옆의자,,포함
히스토리아:주경철의 역사 에세이,주경철,수필,2012,발행 연도,https://www.ksponco.or.kr/lib/book/one/view?book_seq=1022353&isbn=9788990062444&mid=b30201000000,산처럼,,포함
기차를 놓치다:손세실리아 시집,손세실리아,시,2008,발행 연도,https://www.ksponco.or.kr/lib/book/one/view?book_seq=1021314&isbn=9788995686454&mid=b30201000000,애지,,포함
용선생의 시끌벅적 한국사 2,금현진 손정혜 주유정 김우택,평론,2012,발행 연도,https://www.ksponco.or.kr/lib/book/one/view?book_seq=1017628&isbn=9788964355220&mid=b30201000000,사회평론,,포함
용선생의 시끌벅적 한국사 5,금현진 손정혜 주유정 김우택,평론,2012,발행 연도,https://www.ksponco.or.kr/lib/book/one/view?book_seq=1017631&isbn=9788964355251&mid=b30201000000,사회평론,,포함
문학 시간에 영화 보기 1 : 한국 영화로 만나는 시와 시인들,박일환,시,2022,발행 연도,https://www.ksponco.or.kr/lib/book/one/view?book_seq=1034144&isbn=9791190178921&mid=b30201000000,한티재,,포함
소리를 삼킨 소년: 부연정 장편소설,부연정,장편소설,2021,발행 연도,https://www.ksponco.or.kr/lib/book/one/view?book_seq=1033188&isbn=9788954446822&mid=b30201000000,자음과모음,,포함
달팽이 식당 : 오가와 이토 장편소설,오가와 이토,장편소설,2022,발행 연도,https://www.ksponco.or.kr/lib/book/one/view?book_seq=1034985&isbn=9788925577609&mid=b30201000000,알에이치코리아,,포함
러시아 소설의 형식적 불안정과 화자,이강은,소설,2015,발행 연도,https://www.ksponco.or.kr/lib/book/one/view?book_seq=1024751&isbn=9788971804193&mid=b30201000000,경북대학교출판부,,포함
고요의 이유 : 이동순 시집,이동순,시,2022,발행 연도,https://www.ksponco.or.kr/lib/book/one/view?book_seq=1034428&isbn=9791191719086&mid=b30201000000,애진,,포함
트러스트 : 에르난 디아스 장편소설,"디아스, 에르난",장편소설,2023,발행 연도,https://www.ksponco.or.kr/lib/book/one/view?book_seq=1035385&isbn=9788954691673&mid=b30201000000,문학동네,,포함
그리스 로마 신화,이윤기,소설,2000,발행 연도,https://www.ksponco.or.kr/lib/book/one/view?book_seq=1016839&isbn=9788901029351&mid=b30201000000,웅진닷컴,,포함
내 안의 너:삶의 시화와 문학의 탈신화,김영룡,소설,2011,발행 연도,https://www.ksponco.or.kr/lib/book/one/view?book_seq=1021525&isbn=9788926819746&mid=b30201000000,한국학술정보,,포함
결국 로맨스 빠빠를 못 봤다,안종수,소설,2023,발행 연도,https://www.ksponco.or.kr/lib/book/one/view?book_seq=1035943&isbn=9791192333892&mid=b30201000000,걷는사람,,포함
링컨 하이웨이 : 에이모 토울스 장편소설,"토울스, 에이모",장편소설,2022,발행 연도,https://www.ksponco.or.kr/lib/book/one/view?book_seq=1034306&isbn=9791167901118&mid=b30201000000,현대문학,,포함
한눈에펼쳐보는우리나라지도그림책,민병준,동화,2009,발행 연도,https://www.ksponco.or.kr/lib/book/one/view?book_seq=1016518&isbn=9788972216353&mid=b30201000000,진선아이,,포함
분청사기 파편들에 대한 단상 : 이은봉 시조집,이은봉,시조,2017,발행 연도,https://www.ksponco.or.kr/lib/book/one/view?book_seq=1027990&isbn=9788979446111&mid=b30201000000,책만드는집,,포함
북한소설에 나타난 여성의식과 성 역할 : 김정일 시대와 김정은 시대의 비교 고찰,박태상,소설,2018,발행 연도,https://www.ksponco.or.kr/lib/book/one/view?book_seq=1029859&isbn=9788968176319&mid=b30201000000,한국문화사,,포함
추리 천재 엉덩이 탐정 5-유적에서 날아온 SOS 사건,트롤,소설,2017,발행 연도,https://www.ksponco.or.kr/lib/book/one/view?book_seq=1028209&isbn=9791162332542&mid=b30201000000,미래엔,,포함
신경림이 읽은 아침의 시,신경림,시,2002,발행 연도,https://www.ksponco.or.kr/lib/book/one/view?book_seq=1013012&isbn=8990095018&mid=b30201000000,북갤럽,,포함
낮의 해변에서 혼자:김현시집,김현,시,2021,발행 연도,https://www.ksponco.or.kr/lib/book/one/view?book_seq=1033117&isbn=9791190885683&mid=b30201000000,현대문학,,포함
북으로 간 미술사가와 미술비평가들 : 월북 미술인 연구,홍지석,평론,2018,발행 연도,https://www.ksponco.or.kr/lib/book/one/view?book_seq=1029837&isbn=9788959965717&mid=b30201000000,경진,,포함
나무가 있던 하늘 : 최성각 산문집,최성각,수필,2022,발행 연도,https://www.ksponco.or.kr/lib/book/one/view?book_seq=1034439&isbn=9791168730113&mid=b30201000000,오월의봄,,포함
겨울을 향하는 풀벌레의 울음처럼 : 지산 심익운의 백일시집,심익운,시,2017,발행 연도,https://www.ksponco.or.kr/lib/book/one/view?book_seq=1029853&isbn=9788959668892&mid=b30201000000,태학사,,포함
중국소설과 지식의 조우 : 근대전환기 문학장의 재발견,정선경,소설,2017,발행 연도,https://www.ksponco.or.kr/lib/book/one/view?book_seq=1029868&isbn=9791159051531&mid=b30201000000,소명,,포함
두부,박완서,평론,2002,발행 연도,https://www.ksponco.or.kr/lib/book/one/view?book_seq=1013220&isbn=8936470795&mid=b30201000000,창작과 비평사,,포함
틈새비평 : 버지니아 울프 연구의 빈 곳을 찾아서,"이주리, 김부성",평론,2019,발행 연도,https://www.ksponco.or.kr/lib/book/one/view?book_seq=1030916&isbn=9788968496073&mid=b30201000000,전남대학교출판문화원,,포함
고슴도치의 소원:톤 텔레헨 소설,"텔레헨, 톤",소설,2017,발행 연도,https://www.ksponco.or.kr/lib/book/one/view?book_seq=1025954&isbn=9788950968984&mid=b30201000000,아르테,,포함
"헌 집 줄게, 새 집 다오 : 고전소설의 근대적 변개와 콘텐츠",권순긍,소설,2019,발행 연도,https://www.ksponco.or.kr/lib/book/one/view?book_seq=1030919&isbn=9791159054082&mid=b30201000000,소명출판,,포함
홍콩문학론 : 홍콩 상상과 방식,김혜준,평론,2019,발행 연도,https://www.ksponco.or.kr/lib/book/one/view?book_seq=1030920&isbn=9788960718630&mid=b30201000000,학고방,,포함
하늘에서 멧돼지가 떨어졌다,유승도,수필,2023,발행 연도,https://www.ksponco.or.kr/lib/book/one/view?book_seq=1036029&isbn=9791191914382 &mid=b30201000000,시와에세이,,포함
베어타운:프레드릭 배크만 장편소설,"배크만, 프레드릭",장편소설,2018,발행 연도,https://www.ksponco.or.kr/lib/book/one/view?book_seq=1028483&isbn=9791130616650&mid=b30201000000,다산책방(다산북스),,포함
세계전래동화 꼬부랑 할아버지와 요술 동전,기탄출판 김옥애,동화,2006,발행 연도,https://www.ksponco.or.kr/lib/book/one/view?book_seq=1023381&isbn=9788979590135&mid=b30201000000,기탄출판,,포함
나는 농담이다 : 김중혁 장편소설,김중혁,장편소설,2016,발행 연도,https://www.ksponco.or.kr/lib/book/one/view?book_seq=1027058&isbn=9788937473128&mid=b30201000000,민음사,,포함
용선생의 시끌벅적 한국사 3,금현진 손정혜 주유정 김우택,평론,2012,발행 연도,https://www.ksponco.or.kr/lib/book/one/view?book_seq=1017629&isbn=9788964355237&mid=b30201000000,사회평론,,포함
마리의 돼지의 낙타 : 엄우흠 장편소설,엄우흠,장편소설,2019,발행 연도,https://www.ksponco.or.kr/lib/book/one/view?book_seq=1031344&isbn=9788954439619&mid=b30201000000,자음과모음,,포함
삼국지구비동화1,이상배,동화,2002,발행 연도,https://www.ksponco.or.kr/lib/book/one/view?book_seq=1015808&isbn=897057445X&mid=b30201000000,파랑새어린이,,포함
삼국지 구비동화 3,이상배,동화,2002,발행 연도,https://www.ksponco.or.kr/lib/book/one/view?book_seq=1014946&isbn=8970574476&mid=b30201000000,파랑새어린이,,포함
환상동화집,헤르만 헤세,동화,2002,발행 연도,https://www.ksponco.or.kr/lib/book/one/view?book_seq=1012383&isbn=8937403927&mid=b30201000000,민음사,,포함
감정 조절기 하트:김보름 창작 동화,김보름,동화,2014,발행 연도,https://www.ksponco.or.kr/lib/book/one/view?book_seq=1022875&isbn=9788997175994&mid=b30201000000,현북스,,중복 제외 (앞 순위 출처에 있음)
소원을 적은 풍등이 뒤뚱거리며 오르는 동안 : 최선희 시집,최선희,시,2024,발행 연도,https://www.ksponco.or.kr/lib/book/one/view?book_seq=1037703&isbn=9791191719291&mid=b30201000000,애지,,포함
세계전래동화 꼬마마법사,기탄출판 선안나,동화,2006,발행 연도,https://www.ksponco.or.kr/lib/book/one/view?book_seq=1023380&isbn=9788979598926&mid=b30201000000,기탄출판,,포함
한눈에 펼쳐보는 우리 명화 그림책,이광표,동화,2024,발행 연도,https://www.ksponco.or.kr/lib/book/one/view?book_seq=1036518&isbn=9791193003572&mid=b30201000000,진선아이,,포함
조그만 사진첩:강소천 동화집,강소천,동화,2015,발행 연도,https://www.ksponco.or.kr/lib/book/one/view?book_seq=1022746&isbn=9791185996479&mid=b30201000000,재미마주,,포함
추리 천재 엉덩이 탐정 3-불멸의 절도단 사건,트롤,소설,2017,발행 연도,https://www.ksponco.or.kr/lib/book/one/view?book_seq=1027215&isbn=9788937889714&mid=b30201000000,미래엔,,포함
우리 집은: 조원희 그림책,조원희,동화,2021,발행 연도,https://www.ksponco.or.kr/lib/book/one/view?book_seq=1033143&isbn=9788998751883&mid=b30201000000,이야기꽃출판사,,포함
"천천히, 깊이, 시를 읽고 싶은 당신에게 : 낯선 시의 집에서 마주친 아늑하고 다정한 이야기",이동훈,시,2019,발행 연도,https://www.ksponco.or.kr/lib/book/one/view?book_seq=1032209&isbn=9788974830007&mid=b30201000000,서해문집,,포함
나의 문화유산답사기 2,유홍준,평론,2001,발행 연도,https://www.ksponco.or.kr/lib/book/one/view?book_seq=1014117&isbn=8936470167&mid=b30201000000,창작과비평사,,포함
이상한 나라의 흰 토끼:명윤 장편소설,명윤,장편소설,2017,발행 연도,https://www.ksponco.or.kr/lib/book/one/view?book_seq=1026145&isbn=9791126440320&mid=b30201000000,디앤씨북스,,포함
"이십세기 한국소설-42.이인성, 최수철, 이승우, 정찬, 박상우, 장정일",이십세기 한국소설,소설,2011,발행 연도,https://www.ksponco.or.kr/lib/book/one/view?book_seq=1022154&isbn=9788936462529&mid=b30201000000,창비,,포함
가드를 올리고:고정순 그림책,고정순,동화,2017,발행 연도,https://www.ksponco.or.kr/lib/book/one/view?book_seq=1027806&isbn=9791196012663&mid=b30201000000,만만한책방,,포함
"아리랑:조정래 대하소설.1,제1부 아, 한반도",조정래,소설,2014,발행 연도,https://www.ksponco.or.kr/lib/book/one/view?book_seq=1021718&isbn=9788973378050&mid=b30201000000,해냄,,포함
반공일엔 물질 간다 : 조영자 시조집,조영자,시조,2022,발행 연도,https://www.ksponco.or.kr/lib/book/one/view?book_seq=1035000&isbn=9791163250425&mid=b30201000000,시와소금,,포함
이토록 어여쁜 그림책,이상희 외 삼인,동화,2016,발행 연도,https://www.ksponco.or.kr/lib/book/one/view?book_seq=1027173&isbn=9791186195901&mid=b30201000000,이봄,,포함
제5도살장:커트 보니것 장편소설,"보니것, 커트",장편소설,2016,발행 연도,https://www.ksponco.or.kr/lib/book/one/view?book_seq=1025296&isbn=9788954643252&mid=b30201000000,문학동네,,포함
소설가의 여행법,함정임,소설,2012,발행 연도,https://www.ksponco.or.kr/lib/book/one/view?book_seq=1021469&isbn=9788959136605&mid=b30201000000,예담,,중복 제외 (앞 순위 출처에 있음)
좋은 이별:김형경 애도심리 에세이,김형경,수필,2012,발행 연도,https://www.ksponco.or.kr/lib/book/one/view?book_seq=1021452&isbn=9788996773245&mid=b30201000000,사람풍경,,중복 제외 (앞 순위 출처에 있음)
"까무룩, 갑자기 아득해져요 : 김보람 동시집",김보람,노래,2022,발행 연도,https://www.ksponco.or.kr/lib/book/one/view?book_seq=1035670&isbn=9791191984248&mid=b30201000000,좋은꿈,,포함
하얀 동백꽃 : 박현경 수필집,박현경,수필,2022,발행 연도,https://www.ksponco.or.kr/lib/book/one/view?book_seq=1035621&isbn=9791197864360&mid=b30201000000,수필in,,포함
(진짜 진짜 재밌는) 진화 그림책,"로드리게스, 카르멘",동화,2016,발행 연도,https://www.ksponco.or.kr/lib/book/one/view?book_seq=1028100&isbn=9791186073971&mid=b30201000000,부즈펌어린이,,포함
러브 몬스터 : 이두온 장편소설,이두온,장편소설,2023,발행 연도,https://www.ksponco.or.kr/lib/book/one/view?book_seq=1035496&isbn=9788936438999&mid=b30201000000,창비,,포함
동피랑 아이,이담원,동화,2012,발행 연도,https://www.ksponco.or.kr/lib/book/one/view?book_seq=1021491&isbn=9788992826594&mid=b30201000000,리젬그림책,,포함
황석영의 어린이 민담집 1 : 우리 신화의 시작,황석영,소설,2023,발행 연도,https://www.ksponco.or.kr/lib/book/one/view?book_seq=1036052&isbn=9791165383619&mid=b30201000000,아이휴먼,,포함
천구백팔십구 목포 : 이진숙 소설집,이진숙,단편소설,2021,발행 연도,https://www.ksponco.or.kr/lib/book/one/view?book_seq=1034688&isbn=9791165120375&mid=b30201000000,북인,,포함
부적격자의 차트 : 연여름 소설,연여름,소설,2024,발행 연도,https://www.ksponco.or.kr/lib/book/one/view?book_seq=1037701&isbn=9791167902887&mid=b30201000000,H(현대문학),,포함
나무는 자라서 나무가 된다,"베르베리, 샤를",노래,2024,발행 연도,https://www.ksponco.or.kr/lib/book/one/view?book_seq=1036429&isbn=9791191748819&mid=b30201000000,키위북스,,포함
재수사 2 : 장강명 장편소설,장강명,장편소설,2022,발행 연도,https://www.ksponco.or.kr/lib/book/one/view?book_seq=1034451&isbn=9791167372024&mid=b30201000000,은행나무,,중복 제외 (앞 순위 출처에 있음)
해리포터 성공판타지,"롤링, 조앤 K.",소설,2001,발행 연도,https://www.ksponco.or.kr/lib/book/one/view?book_seq=1015067&isbn=8985975846&mid=b30201000000,문예당,,포함
코끼리가 쏟아진다 : 이대흠 시집,이대흠,시,2022,발행 연도,https://www.ksponco.or.kr/lib/book/one/view?book_seq=1035657&isbn=9788936424848&mid=b30201000000,창비,,포함
랜돌프 콜더컷 : 그림책의 탄생,"마켈, 미셸",동화,2025,발행 연도,https://www.ksponco.or.kr/lib/book/one/view?book_seq=1037351&isbn=9791158365349&mid=b30201000000,책읽는곰,,포함
시선으로부터 : 정세랑 장편소설,정세랑,장편소설,2020,발행 연도,https://www.ksponco.or.kr/lib/book/one/view?book_seq=1031775&isbn=9788954672214&mid=b30201000000,문학동네,,중복 제외 (앞 순위 출처에 있음)
문신 1 : 윤흥길 장편소설,윤흥길,장편소설,2018,발행 연도,https://www.ksponco.or.kr/lib/book/one/view?book_seq=1030039&isbn=9788954654081&mid=b30201000000,문학동네,,포함
김승옥소설전집2-환상수첩,김승옥,소설,2014,발행 연도,https://www.ksponco.or.kr/lib/book/one/view?book_seq=1017894&isbn=9788982818684&mid=b30201000000,문학동네,,포함
받침없는동화2. 나도 사자가 무서워,한규호,동화,2012,발행 연도,https://www.ksponco.or.kr/lib/book/one/view?book_seq=1023771&isbn=9788998172022&mid=b30201000000,받침없는동화,,포함
내 마음 ㅅㅅㅎ: 김지영 그림책,김지영,동화,2021,발행 연도,https://www.ksponco.or.kr/lib/book/one/view?book_seq=1033139&isbn=9791160947250&mid=b30201000000,사계절출판사,,포함
말아먹고 세 번째 : 소설로 배우는 실전 창업 마케팅,성형철,소설,2017,발행 연도,https://www.ksponco.or.kr/lib/book/one/view?book_seq=1029701&isbn=9791130304342&mid=b30201000000,박영사,,포함
시가 나를 안아준다:잠들기 전 시 한 편 베갯머리 시,신현림,시,2017,발행 연도,https://www.ksponco.or.kr/lib/book/one/view?book_seq=1026490&isbn=9791158881900&mid=b30201000000,판미동,,포함
리을리을 : 배옥주 시집,배옥주,시,2024,발행 연도,https://www.ksponco.or.kr/lib/book/one/view?book_seq=1037717&isbn=9791192580494&mid=b30201000000,서정시학,,포함
백석과 보낸 며칠간 : 김왕노 시집,김왕노,시,2022,발행 연도,https://www.ksponco.or.kr/lib/book/one/view?book_seq=1035637&isbn=9788960216853&mid=b30201000000,천년의시작,,포함
끌림:이병률 산문집,이병률,수필,2010,발행 연도,https://www.ksponco.or.kr/lib/book/one/view?book_seq=1027397&isbn=9788993928181&mid=b30201000000,달,,포함
소녀와 여자들의 삶 : 앨리스 먼로 장편소설,"먼로, 앨리스",장편소설,2018,발행 연도,https://www.ksponco.or.kr/lib/book/one/view?book_seq=1029285&isbn=9788954653602&mid=b30201000000,문학동네,,포함
"게임 시나리오 : RPG, AOS부터 VR/AR까지 게임에 필요한 '진짜' 스토리텔링 만들기",이진희,희곡,2018,발행 연도,https://www.ksponco.or.kr/lib/book/one/view?book_seq=1030744&isbn=9791162241295&mid=b30201000000,한빛미디어,,포함
그램그램 영문법 원정대 19,장영준,평론,2014,발행 연도,https://www.ksponco.or.kr/lib/book/one/view?book_seq=1031507&isbn=9788964357248&mid=b30201000000,사회평론,,포함
반짝반짝 우리 문화유산 그림책,안승희,동화,2023,발행 연도,https://www.ksponco.or.kr/lib/book/one/view?book_seq=1036048&isbn=9791185237602&mid=b30201000000,한권의책,,포함
우리의 환대 : 장희원 소설집,장희원,단편소설,2022,발행 연도,https://www.ksponco.or.kr/lib/book/one/view?book_seq=1035591&isbn=9788932041049&mid=b30201000000,문학과지성사,,포함
눈 한 번 깜빡 : 이성수 시집,이성수,시,2022,발행 연도,https://www.ksponco.or.kr/lib/book/one/view?book_seq=1034418&isbn=9791165121419&mid=b30201000000,북인,,포함
나를 봐 : 최민지 그림책,최민지,동화,2021,발행 연도,https://www.ksponco.or.kr/lib/book/one/view?book_seq=1034105&isbn=9788936455729&mid=b30201000000,창비,,포함
그리스 로마 신화 20 : 아이네이아스와 로마,"불핀치, 토머스",소설,2018,발행 연도,https://www.ksponco.or.kr/lib/book/one/view?book_seq=1029400&isbn=9788990103208&mid=b30201000000,가나,,포함
우리 반에도 있다 : 김현 에세이,김현,수필,2025,발행 연도,https://www.ksponco.or.kr/lib/book/one/view?book_seq=1037728&isbn=9791155251799&mid=b30201000000,낮은산,,포함
(강남길의 명화와 함께 후루룩 읽는) 그리스 로마 신화 2,강남길,소설,2023,발행 연도,https://www.ksponco.or.kr/lib/book/one/view?book_seq=1035785&isbn=9791197678349&mid=b30201000000,DELPHI(델피스튜디오),,포함
시가 있는 밥상,오인태,시,2014,발행 연도,https://www.ksponco.or.kr/lib/book/one/view?book_seq=1023720&isbn=9788998432164&mid=b30201000000,인사이트북스,,포함
그램그램 영문법 원정대 18,장영준,평론,2016,발행 연도,https://www.ksponco.or.kr/lib/book/one/view?book_seq=1029206&isbn=9788964354377&mid=b30201000000,사회평론,,포함
보보경심3,동화,동화,2013,발행 연도,https://www.ksponco.or.kr/lib/book/one/view?book_seq=1012812&isbn=9788963710648&mid=b30201000000,새파란사상,,포함
이끼숲 : 천선란 연작소설,천선란,소설,2023,발행 연도,https://www.ksponco.or.kr/lib/book/one/view?book_seq=1035493&isbn=9791191824216&mid=b30201000000,자이언트북스,,포함
비행운 : 김애란 소설집,김애란,단편소설,2019,발행 연도,https://www.ksponco.or.kr/lib/book/one/view?book_seq=1030356&isbn=9788932023151&mid=b30201000000,문학과지성사,,중복 제외 (앞 순위 출처에 있음)
타이거 : SF 사이드 장편동화,"사이드, SF",동화,2025,발행 연도,https://www.ksponco.or.kr/lib/book/one/view?book_seq=1037313&isbn=9791158365431&mid=b30201000000,책읽는곰,,포함
용선생의 시끌벅적 한국사 4,금현진 손정혜 주유정 김우택,평론,2012,발행 연도,https://www.ksponco.or.kr/lib/book/one/view?book_seq=1017630&isbn=9788964355244&mid=b30201000000,사회평론,,포함
그램그램 영문법 원정대 16,장영준,평론,2014,발행 연도,https://www.ksponco.or.kr/lib/book/one/view?book_seq=1029208&isbn=9788964353455&mid=b30201000000,사회평론,,포함
고시원 기담 : 전건우 장편소설,전건우,장편소설,2018,발행 연도,https://www.ksponco.or.kr/lib/book/one/view?book_seq=1031332&isbn=9791188660186&mid=b30201000000,올댓스토리,,포함
꿈,김성동,평론,2001,발행 연도,https://www.ksponco.or.kr/lib/book/one/view?book_seq=1010697&isbn=8936433407&mid=b30201000000,창작과 비평사,,포함
사자왕 형제의 모험:아스트리드 린드그렌 장편동화,"린드그렌, 아스트리드",동화,2015,발행 연도,https://www.ksponco.or.kr/lib/book/one/view?book_seq=1025244&isbn=9788936446734&mid=b30201000000,창비,,포함
궤변 말하기 대회 : 김동식 연작소설,김동식,소설,2022,발행 연도,https://www.ksponco.or.kr/lib/book/one/view?book_seq=1034289&isbn=9791190749442&mid=b30201000000,요다,,포함
엄마는 파업 중:김희숙 동화집,김희숙,동화,2009,발행 연도,https://www.ksponco.or.kr/lib/book/one/view?book_seq=1023878&isbn=9788957980385&mid=b30201000000,푸른책들,,포함
화이트 래빗:이사카 고타로 장편소설,이사카 고타로,장편소설,2018,발행 연도,https://www.ksponco.or.kr/lib/book/one/view?book_seq=1028489&isbn=9788972758808&mid=b30201000000,현대문학,,포함
십팔세를 반납합니다:김혜정 소설집,김혜정,단편소설,2019,발행 연도,https://www.ksponco.or.kr/lib/book/one/view?book_seq=1030603&isbn=9788932035406&mid=b30201000000,문학과지성사,,포함
밥 딜런:시가 된 노래들 1961-2012,"딜런, 밥",시,2016,발행 연도,https://www.ksponco.or.kr/lib/book/one/view?book_seq=1025316&isbn=9788954643726&mid=b30201000000,문학동네,,포함
운명과 분노:로런 그로프 장편소설,"그로프, 로런",장편소설,2017,발행 연도,https://www.ksponco.or.kr/lib/book/one/view?book_seq=1026143&isbn=9788954644860&mid=b30201000000,문학동네,,포함
사춘기 문예반:장정희 장편소설,장정희,장편소설,2019,발행 연도,https://www.ksponco.or.kr/lib/book/one/view?book_seq=1030632&isbn=9791189034122&mid=b30201000000,서유재,,포함
문신 4 : 윤흥길 장편소설,윤흥길,장편소설,2024,발행 연도,https://www.ksponco.or.kr/lib/book/one/view?book_seq=1036308&isbn=9788954698207&mid=b30201000000,문학동네,,포함
사랑에 빠질 때 나누는 말들:탁경은 장편소설,탁경은,장편소설,2019,발행 연도,https://www.ksponco.or.kr/lib/book/one/view?book_seq=1030629&isbn=9791160944709&mid=b30201000000,사계절,,포함
연애소설이 필요한 시간,정성일 요조 외,소설,2015,발행 연도,https://www.ksponco.or.kr/lib/book/one/view?book_seq=1024255&isbn=9788960515192&mid=b30201000000,부키,,포함
나는 매일 직장상사의 도시락을 싼다 : 유즈키 아사코 소설,유즈키 아사코,소설,2018,발행 연도,https://www.ksponco.or.kr/lib/book/one/view?book_seq=1030092&isbn=9791188451302&mid=b30201000000,이봄,,포함
소설가 구보씨의 일생:경성 모던보이 박태원의 사생활,박일영,소설,2016,발행 연도,https://www.ksponco.or.kr/lib/book/one/view?book_seq=1025619&isbn=9788932028545&mid=b30201000000,문학과지성사,,포함
선생님은 모르는게 너무 많아,강무홍 창작동화집,동화,2001,발행 연도,https://www.ksponco.or.kr/lib/book/one/view?book_seq=1015469&isbn=8971968060&mid=b30201000000,사계절,,포함
아르테미스:앤디 위어 장편소설,"위어, 앤디",장편소설,2017,발행 연도,https://www.ksponco.or.kr/lib/book/one/view?book_seq=1027788&isbn=9788925562599&mid=b30201000000,RHK,,포함
그램그램 영문법 원정대 현재진행형,장영준,평론,2012,발행 연도,https://www.ksponco.or.kr/lib/book/one/view?book_seq=1024296&isbn=9788956029047&mid=b30201000000,사회평론,,포함
소나기:한국인이 사랑하는 단편소설 이십사선,황순원,단편소설,2017,발행 연도,https://www.ksponco.or.kr/lib/book/one/view?book_seq=1026191&isbn=9791187192343&mid=b30201000000,새움,,중복 제외 (앞 순위 출처에 있음)
여름의 끝:윌리엄 트레버 장편소설,"트레버, 윌리엄",장편소설,2016,발행 연도,https://www.ksponco.or.kr/lib/book/one/view?book_seq=1025298&isbn=9791160400212&mid=b30201000000,한겨레,,포함
추리 천재 엉덩이 탐정 1-보라 부인의 암호 사건,트롤,소설,2016,발행 연도,https://www.ksponco.or.kr/lib/book/one/view?book_seq=1025998&isbn=9788937838750&mid=b30201000000,미래엔,,포함
꿀벌의 예언 2 : 베르나르 베르베르 장편소설,"베르베르, 베르나르",장편소설,2023,발행 연도,https://www.ksponco.or.kr/lib/book/one/view?book_seq=1035706&isbn=9788932923420&mid=b30201000000,열린책들,,포함
세계전래동화 밤하늘의 별을 세라고,기탄출판 박민호,동화,2006,발행 연도,https://www.ksponco.or.kr/lib/book/one/view?book_seq=1023406&isbn=9788979598933&mid=b30201000000,기탄출판,,포함
참담한 빛 : 백수린 소설집,백수린,단편소설,2016,발행 연도,https://www.ksponco.or.kr/lib/book/one/view?book_seq=1027067&isbn=9788936437428&mid=b30201000000,창비,,중복 제외 (앞 순위 출처에 있음)
그램그램 영문법 원정대 27,브릭스,평론,2019,발행 연도,https://www.ksponco.or.kr/lib/book/one/view?book_seq=1036177&isbn=9791162730324&mid=b30201000000,사회평론,,포함
한국 고소설 강의,한국고소설학회,소설,2019,발행 연도,https://www.ksponco.or.kr/lib/book/one/view?book_seq=1030917&isbn=9788971999219&mid=b30201000000,돌베개,,포함
비트레이얼:더글라스 케네디 장편소설,"케네디, 더글라스",장편소설,2016,발행 연도,https://www.ksponco.or.kr/lib/book/one/view?book_seq=1023848&isbn=9788984372788&mid=b30201000000,밝은세상,,포함
좋은 이웃 : 김수미 희곡집 세 번째,김수미,희곡,2016,발행 연도,https://www.ksponco.or.kr/lib/book/one/view?book_seq=1027091&isbn=9788957865972&mid=b30201000000,연극과인간,,포함
시집살이 시집살이,김막동,시,2016,발행 연도,https://www.ksponco.or.kr/lib/book/one/view?book_seq=1024223&isbn=9791186797280&mid=b30201000000,북극곰,,포함
불편한 편의점 : 김호연 장편소설,김호연,장편소설,2021,발행 연도,https://www.ksponco.or.kr/lib/book/one/view?book_seq=1033060&isbn=9791161571188&mid=b30201000000,나무옆의자,,중복 제외 (앞 순위 출처에 있음)
못생긴 여자:마리아피아 벨라디아노 장편소설,"벨라디아노, 마리아피아",장편소설,2016,발행 연도,https://www.ksponco.or.kr/lib/book/one/view?book_seq=1024216&isbn=9788934973768&mid=b30201000000,비채,,포함
시간의 계단 2 : 주영하 장편소설,주영하,장편소설,2019,발행 연도,https://www.ksponco.or.kr/lib/book/one/view?book_seq=1030063&isbn=9791130620879&mid=b30201000000,블라썸,,포함
종이 동물원 : 켄 리우 소설,"리우, 켄",소설,2018,발행 연도,https://www.ksponco.or.kr/lib/book/one/view?book_seq=1029289&isbn=9791158884680&mid=b30201000000,황금가지,,포함
내 생애 첫 번째 시,안대회,시,2016,발행 연도,https://www.ksponco.or.kr/lib/book/one/view?book_seq=1024435&isbn=9788943310417&mid=b30201000000,보림출판사,,포함
빅 픽처:더글라스 케네디 장편소설,"케네디, 더글라스",장편소설,2011,발행 연도,https://www.ksponco.or.kr/lib/book/one/view?book_seq=1027389&isbn=9788984371026&mid=b30201000000,밝은세상,,포함
난생 처음 한번 공부하는 미술 이야기 3 : 초기 기독교 문명과 미술,양정무,평론,2019,발행 연도,https://www.ksponco.or.kr/lib/book/one/view?book_seq=1030380&isbn=9788964359402&mid=b30201000000,사회평론,,포함
신발 원정대 : 송찬호 동시집,송찬호,노래,2022,발행 연도,https://www.ksponco.or.kr/lib/book/one/view?book_seq=1035672&isbn=9788936448318&mid=b30201000000,창비,,포함
열애:김별아 장편소설,김별아,장편소설,2010,발행 연도,https://www.ksponco.or.kr/lib/book/one/view?book_seq=1022245&isbn=9788943103569&mid=b30201000000,문학의문학,,포함
우산 놀이 : 정희지 그림책,정희지,동화,2024,발행 연도,https://www.ksponco.or.kr/lib/book/one/view?book_seq=1038130&isbn=9791192655734&mid=b30201000000,위즈덤하우스,,포함
함부로 사랑에 속아주는 버릇 : 류근 산문집,류근,수필,2018,발행 연도,https://www.ksponco.or.kr/lib/book/one/view?book_seq=1028859&isbn=9788965746553&mid=b30201000000,해냄,,포함
작별인사: 김영하 장편소설,김영하,장편소설,2022,발행 연도,https://www.ksponco.or.kr/lib/book/one/view?book_seq=1034121&isbn=9791191114225&mid=b30201000000,복복서가,,중복 제외 (앞 순위 출처에 있음)
살아온 기적 살아갈 기적:장영희 에세이,장영희,수필,2013,발행 연도,https://www.ksponco.or.kr/lib/book/one/view?book_seq=1022246&isbn=9788946417489&mid=b30201000000,샘터,,포함
엄마는 변신중 : 박아림 그림책,박아림,동화,2021,발행 연도,https://www.ksponco.or.kr/lib/book/one/view?book_seq=1034001&isbn=9791190352154&mid=b30201000000,월천상회,,포함
채식주의자:한강 연작소설,한강,소설,2014,발행 연도,https://www.ksponco.or.kr/lib/book/one/view?book_seq=1023905&isbn=9788936433598&mid=b30201000000,창비,,중복 제외 (앞 순위 출처에 있음)
좀도둑 가족 : 고레에다 히로카즈 장편소설,고레에다 히로카즈,장편소설,2018,발행 연도,https://www.ksponco.or.kr/lib/book/one/view?book_seq=1028838&isbn=9788934982241&mid=b30201000000,비채,,포함
달이 뜨면 네가 보인다 : 전아리 장편소설,전아리,장편소설,2016,발행 연도,https://www.ksponco.or.kr/lib/book/one/view?book_seq=1027062&isbn=9788954642453&mid=b30201000000,문학동네,,포함
아침은 생각한다 : 문태준 시집,문태준,시,2022,발행 연도,https://www.ksponco.or.kr/lib/book/one/view?book_seq=1034415&isbn=9788936424718&mid=b30201000000,창비,,포함
보건교사 안은영 : 정세랑 장편소설,정세랑,장편소설,2019,발행 연도,https://www.ksponco.or.kr/lib/book/one/view?book_seq=1030301&isbn=9788937473098&mid=b30201000000,민음사,,중복 제외 (앞 순위 출처에 있음)
깊은 상처:넬레 노이하우스 장편소설,"노이하우스, 넬레",장편소설,2012,발행 연도,https://www.ksponco.or.kr/lib/book/one/view?book_seq=1025278&isbn=9788991239920&mid=b30201000000,북로드,,포함
블랙 아웃 : 박효미 장편동화,박효미,동화,2014,발행 연도,https://www.ksponco.or.kr/lib/book/one/view?book_seq=1022855&isbn=9788984318304&mid=b30201000000,한겨레,,포함
청소년을 위한 세계 문학 에세이,허병두,수필,2014,발행 연도,https://www.ksponco.or.kr/lib/book/one/view?book_seq=1022884&isbn=9788965744313&mid=b30201000000,해냄,,중복 제외 (앞 순위 출처에 있음)
용선생의 시끌벅적 한국사 9,금현진 송정혜 주유정 김우택,평론,2012,발행 연도,https://www.ksponco.or.kr/lib/book/one/view?book_seq=1017635&isbn=9788964356692&mid=b30201000000,사회평론,,포함
세계전래동화 착한 아들과 슬기로운 아버지,기탄출판 김선주,동화,2006,발행 연도,https://www.ksponco.or.kr/lib/book/one/view?book_seq=1023443&isbn=9788979590159&mid=b30201000000,기탄출판,,포함
세계전래동화 거북과 원숭이,기탄출판 최춘해,동화,2006,발행 연도,https://www.ksponco.or.kr/lib/book/one/view?book_seq=1023375&isbn=9788979590265&mid=b30201000000,기탄출판,,포함
단지 살인마 : 최제훈 소설,최제훈,소설,2020,발행 연도,https://www.ksponco.or.kr/lib/book/one/view?book_seq=1032506&isbn=9791190885324&mid=b30201000000,현대문학,,포함
베스트 세계 명작 동화.피터팬 12,"배리, J.M.",동화,2012,발행 연도,https://www.ksponco.or.kr/lib/book/one/view?book_seq=1024121&isbn=9788993929546&mid=b30201000000,훈민,,포함
운동화에 담긴 뉴발란스이야기,박진영,동화,2014,발행 연도,https://www.ksponco.or.kr/lib/book/one/view?book_seq=1017074&isbn=9788997206186&mid=b30201000000,빠른거북이,,포함
그램그램 영문법 원정대 25,브릭스,평론,2016,발행 연도,https://www.ksponco.or.kr/lib/book/one/view?book_seq=1031512&isbn=9788964358047&mid=b30201000000,사회평론,,포함
메리골드 마음 세탁소 : 윤정은 장편소설,윤정은,장편소설,2023,발행 연도,https://www.ksponco.or.kr/lib/book/one/view?book_seq=1035483&isbn=9791191891287&mid=b30201000000,북로망스,,중복 제외 (앞 순위 출처에 있음)
사랑을 무게로 안 느끼게:박완서 에세이,박완서,수필,2025,발행 연도,https://www.ksponco.or.kr/lib/book/one/view?book_seq=1037278&isbn=9788933872536&mid=b30201000000,세계사,,포함
북쪽 마녀의 비밀 정원 : 김지원 소설집,김지원,단편소설,2022,발행 연도,https://www.ksponco.or.kr/lib/book/one/view?book_seq=1035588&isbn=9791191277623&mid=b30201000000,문학들,,포함
우선 이것부터 먹고 : 하라다 히카 연작소설,하라다 히카,소설,2022,발행 연도,https://www.ksponco.or.kr/lib/book/one/view?book_seq=1034955&isbn=9791169445481&mid=b30201000000,하빌리스,,포함
시간의 계단 1 : 주영하 장편소설,주영하,장편소설,2019,발행 연도,https://www.ksponco.or.kr/lib/book/one/view?book_seq=1030064&isbn=9791130620862&mid=b30201000000,블라썸,,포함
가족을 묻다 : 홍양순 장편소설,홍양순,장편소설,2017,발행 연도,https://www.ksponco.or.kr/lib/book/one/view?book_seq=1028017&isbn=9788939230095&mid=b30201000000,실천문학,,포함
평생 간직하고픈 시,윤동주,시,2015,발행 연도,https://www.ksponco.or.kr/lib/book/one/view?book_seq=1023712&isbn=9788991945845&mid=b30201000000,북카라반,,포함
그램그램 영문법 원정대10 조동사,장영준,평론,2012,발행 연도,https://www.ksponco.or.kr/lib/book/one/view?book_seq=1024288&isbn=9788956029054&mid=b30201000000,사회평론,,포함
히스토리아 노바:주경철의 역사 에세이,주경철,수필,2013,발행 연도,https://www.ksponco.or.kr/lib/book/one/view?book_seq=1022306&isbn=9788990062451&mid=b30201000000,산처럼,,포함
공 좀 주워 주세요 : 차야다 그림책,차야다,동화,2022,발행 연도,https://www.ksponco.or.kr/lib/book/one/view?book_seq=1034411&isbn=9791165881580&mid=b30201000000,북극곰,,포함
슈퍼 거북,유설화,소설,2014,발행 연도,https://www.ksponco.or.kr/lib/book/one/view?book_seq=1022880&isbn=9788993242980&mid=b30201000000,책읽는곰,,포함
찌그러져도 동그라미입니다 : 김창완 에세이,김창완,수필,2025,발행 연도,https://www.ksponco.or.kr/lib/book/one/view?book_seq=1037284&isbn=9788901297132&mid=b30201000000,웅진지식하우스,,포함
용선생의 시끌벅적 한국사 6,금현진 손정혜 주유정 김우택,평론,2012,발행 연도,https://www.ksponco.or.kr/lib/book/one/view?book_seq=1017632&isbn=9788964355268&mid=b30201000000,사회평론,,포함
"거짓말이 뿡뿡, 고무장갑!",유설화,소설,2023,발행 연도,https://www.ksponco.or.kr/lib/book/one/view?book_seq=1035471&isbn=9791158364021&mid=b30201000000,책읽는곰,,중복 제외 (앞 순위 출처에 있음)
나는 겨우 자식이 되어간다:임희정 에세이,임희정,수필,2019,발행 연도,https://www.ksponco.or.kr/lib/book/one/view?book_seq=1031628&isbn=9791190382014&mid=b30201000000,수오서재,,포함
"이십세기 한국소설-3.전영택, 현진건, 나도향 외",이십세기 한국소설,소설,2011,발행 연도,https://www.ksponco.or.kr/lib/book/one/view?book_seq=1022115&isbn=9788936462130&mid=b30201000000,창비,,포함
"이십세기 한국소설-17.전광용, 이범선, 이호철 외",이십세기 한국소설,소설,2013,발행 연도,https://www.ksponco.or.kr/lib/book/one/view?book_seq=1022129&isbn=9788936462277&mid=b30201000000,창비,,포함
친구의 전설 : 이지은 그림책,이지은,동화,2021,발행 연도,https://www.ksponco.or.kr/lib/book/one/view?book_seq=1033011&isbn=9788901251226&mid=b30201000000,웅진주니어,,포함
마음 똑똑:외롭고 건조한 삶을 채색하는 심리 에세이,박승숙,수필,2014,발행 연도,https://www.ksponco.or.kr/lib/book/one/view?book_seq=1022832&isbn=9788959062676&mid=b30201000000,인물과 사상사,,포함
흉터 쿠키 : 이혜미 시집,이혜미,시,2022,발행 연도,https://www.ksponco.or.kr/lib/book/one/view?book_seq=1035663&isbn=9791167901262&mid=b30201000000,H(현대문학),,포함
청동 투구를 쓴 소년 : 소윤경 그림책,소윤경,동화,2024,발행 연도,https://www.ksponco.or.kr/lib/book/one/view?book_seq=1037690&isbn=9791193150436&mid=b30201000000,봅볕,,포함
일본적 마음:김응교 인문여행에세이 1996-2009,김응교,수필,2017,발행 연도,https://www.ksponco.or.kr/lib/book/one/view?book_seq=1028721&isbn=9791186274309&mid=b30201000000,리수,,포함
심장보다 높이 : 신철규 시집,신철규,시,2022,발행 연도,https://www.ksponco.or.kr/lib/book/one/view?book_seq=1034399&isbn=9788936424732&mid=b30201000000,창비,,포함
받은 만큼 복수하는 소녀 : 다비드 라게르크란츠 장편소설,"라게르크란츠, 다비드",장편소설,2018,발행 연도,https://www.ksponco.or.kr/lib/book/one/view?book_seq=1029225&isbn=9788954653350&mid=b30201000000,문학동네,,포함
너무 잘하려고 애쓰지 마라 : 나태주 시집,나태주,시,2022,발행 연도,https://www.ksponco.or.kr/lib/book/one/view?book_seq=1034307&isbn=9791170400608&mid=b30201000000,열림원,,포함
라이프가드 : 마윤제 소설집,마윤제,단편소설,2022,발행 연도,https://www.ksponco.or.kr/lib/book/one/view?book_seq=1035583&isbn=9791167030689&mid=b30201000000,특별한서재,,포함
크리스마스 인터내셔널 : 김원우 장편소설,김원우,장편소설,2022,발행 연도,https://www.ksponco.or.kr/lib/book/one/view?book_seq=1035598&isbn=9791166687075&mid=b30201000000,아작,,포함
작별하지 않는다 : 한강 장편소설,한강,장편소설,2021,발행 연도,https://www.ksponco.or.kr/lib/book/one/view?book_seq=1033063&isbn=9788954682152&mid=b30201000000,문학동네,,중복 제외 (앞 순위 출처에 있음)
호랑이가 눈뜰 때 : 이윤하 장편소설,이윤하,장편소설,2023,발행 연도,https://www.ksponco.or.kr/lib/book/one/view?book_seq=1035724&isbn=9788936439071&mid=b30201000000,창비,,포함
쇼코의 미소:최은영 소설,최은영,소설,2016,발행 연도,https://www.ksponco.or.kr/lib/book/one/view?book_seq=1025985&isbn=9788954641630&mid=b30201000000,문학동네,,중복 제외 (앞 순위 출처에 있음)
용선생의 시끌벅적 한국사 1,금현진 손졍혜,평론,2012,발행 연도,https://www.ksponco.or.kr/lib/book/one/view?book_seq=1017627&isbn=9788964355213&mid=b30201000000,사회평론,,포함
책들의 부엌 : 김지혜 장편소설,김지혜,장편소설,2022,발행 연도,https://www.ksponco.or.kr/lib/book/one/view?book_seq=1034138&isbn=9791165345204&mid=b30201000000,팩토리나인,,중복 제외 (앞 순위 출처에 있음)
넓은 겨울을 혼자 썼다 : 장정욱 시집,장정욱,시,2022,발행 연도,https://www.ksponco.or.kr/lib/book/one/view?book_seq=1035632&isbn=9791192651033&mid=b30201000000,여우난골,,포함
커튼콜은 사양할게요 : 김유담 장편소설,김유담,장편소설,2022,발행 연도,https://www.ksponco.or.kr/lib/book/one/view?book_seq=1035597&isbn=9788936438883&mid=b30201000000,창비,,포함
"아무튼, SF게임",김초엽,소설,2024,발행 연도,https://www.ksponco.or.kr/lib/book/one/view?book_seq=1036450&isbn=9791193044179&mid=b30201000000,위고,,포함
척! : 장순녀 그림책,장순녀,동화,2022,발행 연도,https://www.ksponco.or.kr/lib/book/one/view?book_seq=1034412&isbn=9791190689472&mid=b30201000000,봄개울,,포함
추리 천재 엉덩이 탐정 10,트롤,소설,2020,발행 연도,https://www.ksponco.or.kr/lib/book/one/view?book_seq=1032672&isbn=9791164137053&mid=b30201000000,아이세움,,포함
여수의 사랑 :한강 소설집,한강,단편소설,2017,발행 연도,https://www.ksponco.or.kr/lib/book/one/view?book_seq=1026503&isbn=9788932029993&mid=b30201000000,문학과지성사,,포함
