제목,저자,장르,연도,연도 근거,링크,발행처,비고,통합 통계
잘 자요 엄마,서미애,장편소설,,발표 시기 미상,https://library.ltikorea.or.kr/translatedbooks/415600,,"번역서 12종 · 예: На добраніч, мамо",포함
내가 죽기 일주일 전,서은채,기타,,발표 시기 미상,https://library.ltikorea.or.kr/translatedbooks/415048,,번역서 2종 · 예: Die letzte Liebe der Hui-wan,포함
배비장전,작자 미상,기타,,발표 시기 미상,https://library.ltikorea.or.kr/translatedbooks/415479,,번역서 2종 · 예: LA TENTACION ED LA GISAENG,포함
작별하지 않는다,한강,기타,,발표 시기 미상,https://library.ltikorea.or.kr/translatedbooks/415441,,번역서 19종 · 예: Dette er ikke farvel,포함
희랍어 시간,한강,기타,,발표 시기 미상,https://library.ltikorea.or.kr/translatedbooks/415496,,번역서 16종 · 예: Časovi starogrčkog,포함
행성어 서점,김초엽,기타,,발표 시기 미상,https://library.ltikorea.or.kr/translatedbooks/415601,,번역서 2종 · 예: 惑星語書店,포함
좁은 방,최성민,기타,,발표 시기 미상,https://library.ltikorea.or.kr/translatedbooks/415310,,번역서 1종 · 예: Narrow Rooms,포함
가시고기 우리 아빠,조창인,기타,,발표 시기 미상,https://library.ltikorea.or.kr/translatedbooks/415602,,번역서 1종 · 예: Người bố cá gai của tôi,포함
품위 있는 삶,정소현,기타,,발표 시기 미상,https://library.ltikorea.or.kr/translatedbooks/415610,,번역서 2종 · 예: 餘燼裡的尊嚴,포함
역병의 바다,김보영,기타,,발표 시기 미상,https://library.ltikorea.or.kr/translatedbooks/415605,,번역서 2종 · 예: A Plagued Sea,포함
우리가 빛의 속도로 갈 수 없다면,김초엽,기타,,발표 시기 미상,https://library.ltikorea.or.kr/translatedbooks/415301,,번역서 6종 · 예: Se não podemos viajar à velocidade da luz,포함
20세기의 신화,김학철,소설,,발표 시기 미상,https://library.ltikorea.or.kr/translatedbooks/415604,,번역서 1종 · 예: 20世紀の神話,포함
불타는 작품,Yun Ko-eun,기타,,발표 시기 미상,https://library.ltikorea.or.kr/translatedbooks/413899,,번역서 1종 · 예: Art on Fire,포함
죽고 싶지만 떡볶이는 먹고 싶어 2,백세희,기타,,발표 시기 미상,https://library.ltikorea.or.kr/translatedbooks/415591,,"번역서 5종 · 예: Nie mam ochoty żyć, ale za bardzo lubię tteokbokki",포함
모 이야기2,최연주,기타,,발표 시기 미상,https://library.ltikorea.or.kr/translatedbooks/415593,,번역서 1종 · 예: Nová cesta kocourka Chloupka,포함
그들에게 린디합을,손보미,기타,,발표 시기 미상,https://library.ltikorea.or.kr/translatedbooks/415546,,번역서 1종 · 예: Swell,포함
그녀를 만나다,정보라,기타,,발표 시기 미상,https://library.ltikorea.or.kr/translatedbooks/414980,,번역서 4종 · 예: Tu utopía,포함
홀,편혜영,기타,,발표 시기 미상,https://library.ltikorea.or.kr/translatedbooks/415491,,번역서 13종 · 예: Dół,포함
순도 100%의 휴식,박상영,기타,,발표 시기 미상,https://library.ltikorea.or.kr/translatedbooks/415498,,번역서 1종 · 예: 純度100%的休息,포함
제 꿈 꾸세요,김멜라,기타,,발표 시기 미상,https://library.ltikorea.or.kr/translatedbooks/415466,,번역서 2종 · 예: わたしを夢に見てください,포함
너라는 이름의 숲,아밀,기타,,발표 시기 미상,https://library.ltikorea.or.kr/translatedbooks/415145,,번역서 1종 · 예: The Forest Called You,포함
태평천하,채만식,기타,,발표 시기 미상,https://library.ltikorea.or.kr/translatedbooks/415495,,번역서 8종 · 예: La pace sotto il cielo,중복 제외 (앞 순위 출처에 있음)
Великий майстер. Том 1 고수 1,Mun Jeonghu,기타,,발표 시기 미상,https://library.ltikorea.or.kr/translatedbooks/415487,,번역서 1종 · 예: Великий майстер. Том 1 고수 1,포함
불신시대,박경리,기타,,발표 시기 미상,https://library.ltikorea.or.kr/translatedbooks/415525,,번역서 2종 · 예: Tiempos de incertidumbre,포함
토지 2,박경리,기타,,발표 시기 미상,https://library.ltikorea.or.kr/translatedbooks/415524,,번역서 4종 · 예: 土地 第2卷,포함
토지 1,박경리,기타,,발표 시기 미상,https://library.ltikorea.or.kr/translatedbooks/415521,,번역서 4종 · 예: 土地 第1券,포함
7년의 밤,정유정,장편소설,,발표 시기 미상,https://library.ltikorea.or.kr/translatedbooks/26016,,번역서 15종 · 예: 七年の夜,포함
내 친구 김정은,김금숙,기타,,발표 시기 미상,https://library.ltikorea.or.kr/translatedbooks/415465,,"번역서 7종 · 예: Prietenul meu, Kim Jong-un",포함
1: 눈물을 마시는 새 1,Lee Yeongdo,기타,,발표 시기 미상,https://library.ltikorea.or.kr/translatedbooks/415350,,번역서 1종 · 예: The Heart of the Nhaga. The Bird That Drinks Tears,포함
철도원 삼대,황석영,기타,,발표 시기 미상,https://library.ltikorea.or.kr/translatedbooks/415467,,번역서 8종 · 예: Mater 2-10,포함
향수: 최서해 소설집,최서해,단편소설,,발표 시기 미상,https://library.ltikorea.or.kr/translatedbooks/415453,,번역서 1종 · 예: DESARRAIGO,중복 제외 (앞 순위 출처에 있음)
Folklorn,임슬애,기타,,발표 시기 미상,https://library.ltikorea.or.kr/translatedbooks/415456,,"번역서 1종 · 예: 우리, 메아리처럼",포함
한 권으로 읽는 조선왕조실록,박영규,기타,,발표 시기 미상,https://library.ltikorea.or.kr/translatedbooks/415430,,번역서 1종 · 예: 海東實錄: 一本書讀懂朝鮮王朝,포함
이중 하나는 거짓말,김애란,기타,,발표 시기 미상,https://library.ltikorea.or.kr/translatedbooks/415408,,번역서 2종 · 예: Cuatro verdades y una mentira,포함
심여사는 킬러,강지영,기타,,발표 시기 미상,https://library.ltikorea.or.kr/translatedbooks/415165,,번역서 4종 · 예: La Bouchère,포함
Light and Thread 빛과 실,Han Kang,기타,,발표 시기 미상,https://library.ltikorea.or.kr/translatedbooks/415047,,번역서 1종 · 예: Light and Thread 빛과 실,포함
여름의 귤을 좋아하세요,이희영,기타,,발표 시기 미상,https://library.ltikorea.or.kr/translatedbooks/415367,,번역서 1종 · 예: Ты любишь летние мандарины?,포함
백의 그림자,황정은,기타,,발표 시기 미상,https://library.ltikorea.or.kr/translatedbooks/415365,,번역서 7종 · 예: Sto cieni,포함
주해 동초제 고향임 창본 춘향가,최혜진,기타,,발표 시기 미상,https://library.ltikorea.or.kr/translatedbooks/415364,,번역서 1종 · 예: Chunhyangga,포함
밝은 밤,최은영,기타,,발표 시기 미상,https://library.ltikorea.or.kr/translatedbooks/415347,,번역서 4종 · 예: Jasna noc,포함
페인트,이희영,기타,,발표 시기 미상,https://library.ltikorea.or.kr/translatedbooks/415344,,번역서 4종 · 예: Evlatlık,포함
마지막 테우리,현기영,기타,,발표 시기 미상,https://library.ltikorea.or.kr/translatedbooks/415203,,번역서 1종 · 예: Последний пастух,포함
"시간이 멈춰 선 화과자점, 화월당입니다",이온화,기타,,발표 시기 미상,https://library.ltikorea.or.kr/translatedbooks/413511,,번역서 4종 · 예: A Midnight Pastry Shop Called Hwawoldang,포함
АННА 친밀한 이방인,정한아,기타,,발표 시기 미상,https://library.ltikorea.or.kr/translatedbooks/415140,,번역서 1종 · 예: АННА 친밀한 이방인,포함
마법소녀 은퇴합니다,박서련,기타,,발표 시기 미상,https://library.ltikorea.or.kr/translatedbooks/414122,,번역서 2종 · 예: Esta magical girl se retira,포함
光指引的地方 빛이 이끄는 곳으로,백희성,기타,,발표 시기 미상,https://library.ltikorea.or.kr/translatedbooks/415195,,번역서 1종 · 예: 光指引的地方 빛이 이끄는 곳으로,포함
"Nie mam ochoty żyć, ale za bardzo lubię tteokbokki 죽고 싶지만 떡볶이는 먹고 싶어",Baek Se Hee,기타,,발표 시기 미상,https://library.ltikorea.or.kr/translatedbooks/414109,,"번역서 1종 · 예: Nie mam ochoty żyć, ale za bardzo lubię tteokbokki 죽고 싶지만 떡볶이는 먹고 싶어",포함
비스킷,김선미,기타,,발표 시기 미상,https://library.ltikorea.or.kr/translatedbooks/414103,,번역서 6종 · 예: THE BISCUITS,포함
단순한 진심,조해진,기타,,발표 시기 미상,https://library.ltikorea.or.kr/translatedbooks/415126,,번역서 3종 · 예: Simple Heart,포함
어느 별의 지옥,김혜순,기타,,발표 시기 미상,https://library.ltikorea.or.kr/translatedbooks/414982,,번역서 1종 · 예: The Hell of That Star,포함
당연하게도 나는 너를,이꽃님,기타,,발표 시기 미상,https://library.ltikorea.or.kr/translatedbooks/414698,,번역서 2종 · 예: Oczywiście że cię,포함
기억서점,송유정,기타,,발표 시기 미상,https://library.ltikorea.or.kr/translatedbooks/414981,,번역서 2종 · 예: La librairie des souvenirs,포함
수평선 시리즈,정지훈,기타,,발표 시기 미상,https://library.ltikorea.or.kr/translatedbooks/415075,,번역서 1종 · 예: HORIZONT,포함
스노볼 1,박소영,기타,,발표 시기 미상,https://library.ltikorea.or.kr/translatedbooks/415074,,번역서 2종 · 예: Globul de zăpadă,포함
철도원 삼대(하),황석영,기타,,발표 시기 미상,https://library.ltikorea.or.kr/translatedbooks/415065,,번역서 1종 · 예: マテニ10号（下）,포함
철도원 삼대(상),황석영,기타,,발표 시기 미상,https://library.ltikorea.or.kr/translatedbooks/415064,,번역서 1종 · 예: マテニ10号（上）,포함
오늘 아침 단어,유희경,기타,,발표 시기 미상,https://library.ltikorea.or.kr/translatedbooks/415062,,번역서 1종 · 예: Today's Morning Vocabulary,포함
사과는 잘해요,이기호,기타,,발표 시기 미상,https://library.ltikorea.or.kr/translatedbooks/414857,,번역서 7종 · 예: El que fem bé és demanar perdó,포함
모순,양귀자,기타,,발표 시기 미상,https://library.ltikorea.or.kr/translatedbooks/415059,,번역서 6종 · 예: 矛盾,포함
두근두근 내 인생,김애란,기타,,발표 시기 미상,https://library.ltikorea.or.kr/translatedbooks/415058,,번역서 13종 · 예: Viața mea papitanta,포함
우리가 쓴 것,조남주,기타,,발표 시기 미상,https://library.ltikorea.or.kr/translatedbooks/414834,,번역서 4종 · 예: Miss Kim,포함
나혜석 단편집,나혜석,단편소설,,발표 시기 미상,https://library.ltikorea.or.kr/translatedbooks/415057,,번역서 1종 · 예: Resentimiento,포함
파도의 아이들,정수윤,기타,,발표 시기 미상,https://library.ltikorea.or.kr/translatedbooks/415055,,번역서 1종 · 예: 波の子どもたち,포함
돌보는 마음,김유담,기타,,발표 시기 미상,https://library.ltikorea.or.kr/translatedbooks/415053,,번역서 1종 · 예: ケアする心,포함
ウソ學校 거짓말 학교,전성희,기타,,발표 시기 미상,https://library.ltikorea.or.kr/translatedbooks/415051,,번역서 1종 · 예: ウソ學校 거짓말 학교,포함
미래로 가는 사람들,김보영,기타,,발표 시기 미상,https://library.ltikorea.or.kr/translatedbooks/415029,,번역서 1종 · 예: 走向未来的人们,포함
당신에게 가고 있어,김보영,기타,,발표 시기 미상,https://library.ltikorea.or.kr/translatedbooks/415032,,번역서 1종 · 예: 我在走向你,포함
당신을 기다리고 있어,김보영,단편소설,,발표 시기 미상,https://library.ltikorea.or.kr/translatedbooks/415031,,번역서 5종 · 예: 我在等你,포함
82년생 김지영,조남주,장편소설,,발표 시기 미상,https://library.ltikorea.or.kr/translatedbooks/414725,,"번역서 28종 · 예: Kim Jiyoung, född 1982",포함
빛과 실,한강,기타,,발표 시기 미상,https://library.ltikorea.or.kr/translatedbooks/415027,,번역서 2종 · 예: 光と糸,포함
성소년,이희주,기타,,발표 시기 미상,https://library.ltikorea.or.kr/translatedbooks/415026,,번역서 2종 · 예: Holy Boy,포함
서랍에 저녁을 넣어 두었다,한강,기타,,발표 시기 미상,https://library.ltikorea.or.kr/translatedbooks/415009,,번역서 5종 · 예: Ik leg de avond in een la,포함
김 비서가 왜 그럴까 시리즈,정경윤,기타,,발표 시기 미상,https://library.ltikorea.or.kr/translatedbooks/415008,,번역서 1종 · 예: Qu’est-ce qui cloche avec la secrétaire Kim ? – Tome 1,포함
Rahatsız Market 불편한 편의점,김호연,기타,,발표 시기 미상,https://library.ltikorea.or.kr/translatedbooks/414999,,번역서 1종 · 예: Rahatsız Market 불편한 편의점,포함
딸에 대하여,김혜진,장편소설,,발표 시기 미상,https://library.ltikorea.or.kr/translatedbooks/414998,,번역서 17종 · 예: O mojej córce,포함
모 이야기,최연주,기타,,발표 시기 미상,https://library.ltikorea.or.kr/translatedbooks/414910,,번역서 2종 · 예: A história de Mo,포함
김보영의 스텔라 오디세이 트릴로지 세트,김보영,기타,,발표 시기 미상,https://library.ltikorea.or.kr/translatedbooks/414911,,번역서 3종 · 예: Odisseia estelar,포함
시프트,조예은,기타,,발표 시기 미상,https://library.ltikorea.or.kr/translatedbooks/414914,,번역서 1종 · 예: Shift,포함
시맨틱 에러 시리즈 (가제),저수리,기타,,발표 시기 미상,https://library.ltikorea.or.kr/translatedbooks/414903,,번역서 1종 · 예: SEMANTIC ERROR . 1,포함
메리골드 마음 세탁소,윤정은,기타,,발표 시기 미상,https://library.ltikorea.or.kr/translatedbooks/414904,,번역서 9종 · 예: TIỆM GIẶT LÀ TÂM HỒN MARIGOLD,포함
세계를 건너 너에게 갈게,이꽃님,기타,,발표 시기 미상,https://library.ltikorea.or.kr/translatedbooks/414905,,번역서 7종 · 예: Akan Kulintasi Dunia Untukmu,포함
행운이 너에게 다가오는 중,이꽃님,기타,,발표 시기 미상,https://library.ltikorea.or.kr/translatedbooks/414906,,번역서 2종 · 예: Keberuntungan Sedang Menghampirimu,포함
즐거운 어른,이옥선,기타,,발표 시기 미상,https://library.ltikorea.or.kr/translatedbooks/414909,,"번역서 1종 · 예: 老後ひとり,暮らしています",포함
내일의 연인들,정영수,기타,,발표 시기 미상,https://library.ltikorea.or.kr/translatedbooks/414731,,번역서 1종 · 예: 明日の恋人たち,포함
웨하스 소년,이유리,기타,,발표 시기 미상,https://library.ltikorea.or.kr/translatedbooks/414898,,번역서 1종 · 예: ウエハース君,포함
목소리들,이승우,기타,,발표 시기 미상,https://library.ltikorea.or.kr/translatedbooks/414900,,번역서 1종 · 예: 心の浮力,포함
둥지의 철학,박이문,기타,,발표 시기 미상,https://library.ltikorea.or.kr/translatedbooks/414896,,번역서 2종 · 예: فلسفة العش,포함
살인자의 기억법,김영하,단편소설,,발표 시기 미상,https://library.ltikorea.or.kr/translatedbooks/414647,,번역서 15종 · 예: Мемуари вбивці,포함
한 사람의 닫힌 문,박소란,기타,,발표 시기 미상,https://library.ltikorea.or.kr/translatedbooks/414886,,번역서 1종 · 예: An Unknown Taste,포함
우리를 닮은 이야기: 한국의 신화전설,최상식,소설,,발표 시기 미상,https://library.ltikorea.or.kr/translatedbooks/414876,,번역서 1종 · 예: 韓國の民話傳說,포함
아시아 어린이동화 (가제),작자 미상,동화,,발표 시기 미상,https://library.ltikorea.or.kr/translatedbooks/414873,,번역서 1종 · 예: Сказки народов Азии,포함
한국고전전래동화(가제),작자 미상,동화,,발표 시기 미상,https://library.ltikorea.or.kr/translatedbooks/414870,,번역서 1종 · 예: Truyện cổ Hàn Quốc,포함
KOREAN LITERATURE STORIES & POEMS : 2019 GÖTEBORG BOOK FAIR GUEST OF HONOUR: SOUTH KOREA,LTI Korea,시,,발표 시기 미상,https://library.ltikorea.or.kr/translatedbooks/414868,,번역서 1종 · 예: KOREAN LITERATURE STORIES & POEMS : 2019 GÖTEBORG BOOK FAIR GUEST OF HONOUR: SOUTH KOREA,포함
건널 강이 어디 있으랴,대행,기타,,발표 시기 미상,https://library.ltikorea.or.kr/translatedbooks/414852,,번역서 2종 · 예: نهر الحياة : تعاليم في الديانة البوذية,포함
조선소설사,김태준,소설,,발표 시기 미상,https://library.ltikorea.or.kr/translatedbooks/414851,,번역서 2종 · 예: 朝鮮小説史,포함
강소천 동시집 / 귀뚜라미 우는 밤,강소천,노래,,발표 시기 미상,https://library.ltikorea.or.kr/translatedbooks/414542,,번역서 1종 · 예: 蟋蟀来电话了,포함
아름다운 것은 영원한 기쁨,김영랑,기타,,발표 시기 미상,https://library.ltikorea.or.kr/translatedbooks/414758,,번역서 1종 · 예: A thing of beauty is a joy for ever,포함
Корей көркем әдебиетінің аударма жинағы / 세계로 나온 한국 단편소설들(가제),А.Б. Абаган,단편소설,,발표 시기 미상,https://library.ltikorea.or.kr/translatedbooks/414825,,번역서 1종 · 예: ЖАҺАНҒА ШЫҚҚАН КОРЕЙ ӘҢГІМЕЛЕРІ,포함
"사월의 미, 칠월의 솔",김연수,기타,,발표 시기 미상,https://library.ltikorea.or.kr/translatedbooks/405474,,번역서 3종 · 예: มี ในเมษายน ซอล ในกรกฎาคม,포함
경청,김혜진,기타,,발표 시기 미상,https://library.ltikorea.or.kr/translatedbooks/414113,,번역서 8종 · 예: Dobre ucho,포함
메모리얼 향수가게,진설라,기타,,발표 시기 미상,https://library.ltikorea.or.kr/translatedbooks/414120,,번역서 2종 · 예: Perfumeria wspomnień,포함
내 마음 다치지 않게,설레다,기타,,발표 시기 미상,https://library.ltikorea.or.kr/translatedbooks/405515,,번역서 2종 · 예: Don't Get My Heart Hurt อย่าให้ใจเราเจ็บ,포함
알려지지 않은 밤과 하루,배수아,장편소설,,발표 시기 미상,https://library.ltikorea.or.kr/translatedbooks/414805,,"번역서 8종 · 예: НЕПОСТИЖИМАЯ НОЧь, НЕРАЗГАДАННЫЙ ДЕНь",포함
설계자들,김언수,기타,,발표 시기 미상,https://library.ltikorea.or.kr/translatedbooks/28425,,번역서 22종 · 예: The Plotters,포함
듀나 단편 및 장편선(가제),듀나,기타,,발표 시기 미상,https://library.ltikorea.or.kr/translatedbooks/414119,,"번역서 2종 · 예: Wszystko, co dobre, tutaj umiera",포함
죽음의 자서전,김혜순,기타,,발표 시기 미상,https://library.ltikorea.or.kr/translatedbooks/413644,,번역서 5종 · 예: Autobiografia śmierci,포함
보테로 가족의 사랑 약국,이선영,기타,,발표 시기 미상,https://library.ltikorea.or.kr/translatedbooks/411508,,번역서 2종 · 예: Аптека сердечных дел семьи Ботеро,포함
튜브,손원평,기타,,발표 시기 미상,https://library.ltikorea.or.kr/translatedbooks/414116,,번역서 7종 · 예: TUBE: Opowieść o pewnym życiu,포함
죽은 자의 꿈,정보라,기타,,발표 시기 미상,https://library.ltikorea.or.kr/translatedbooks/414111,,번역서 1종 · 예: Sny umarłych,포함
해질 무렵,황석영,기타,,발표 시기 미상,https://library.ltikorea.or.kr/translatedbooks/414108,,번역서 13종 · 예: O zmierzchu,포함
하마터면 열심히 살 뻔했다,하완,기타,,발표 시기 미상,https://library.ltikorea.or.kr/translatedbooks/405522,,번역서 2종 · 예: นี่เราใช้ชีวิตยากเกินไปหรือเปล่านะ,포함
보행연습,돌기민,기타,,발표 시기 미상,https://library.ltikorea.or.kr/translatedbooks/413782,,번역서 4종 · 예: Yürüyüş Pratiği,포함
스노볼 2,박소영,기타,,발표 시기 미상,https://library.ltikorea.or.kr/translatedbooks/412298,,번역서 1종 · 예: Snow globe . 2,포함
빗소리 몽환도,주수자,기타,,발표 시기 미상,https://library.ltikorea.or.kr/translatedbooks/414106,,번역서 1종 · 예: Night Picture of Rain Sound,포함
마지막 마음이 들리는 공중전화,이수연,기타,,발표 시기 미상,https://library.ltikorea.or.kr/translatedbooks/413645,,번역서 3종 · 예: La cabina de los últimos pensamientos,포함
"어서 오세요, 휴남동 서점입니다",황보름,기타,,발표 시기 미상,https://library.ltikorea.or.kr/translatedbooks/414112,,번역서 13종 · 예: Witajcie w księgarni Hyunam-Dong,포함
달 드링크 서점,서동원,기타,,발표 시기 미상,https://library.ltikorea.or.kr/translatedbooks/413916,,번역서 2종 · 예: The Moon Glow Bookshop,포함
밤의 여행자들,윤고은,장편소설,,발표 시기 미상,https://library.ltikorea.or.kr/translatedbooks/411264,,번역서 9종 · 예: The Disaster Tourist,포함
달까지 가자,장류진,기타,,발표 시기 미상,https://library.ltikorea.or.kr/translatedbooks/413485,,번역서 6종 · 예: Bis zum Mond,포함
감정 기복이 심한 편입니다만,박한평,기타,,발표 시기 미상,https://library.ltikorea.or.kr/translatedbooks/413863,,번역서 1종 · 예: Тревога,포함
말의 내공,신도현,기타,,발표 시기 미상,https://library.ltikorea.or.kr/translatedbooks/28590,,번역서 1종 · 예: 世界の古典と賢者の知恵に学ぶ言葉の力,포함
"사랑한다, 나는 사랑을 가졌다",나태주,기타,,발표 시기 미상,https://library.ltikorea.or.kr/translatedbooks/414774,,"번역서 1종 · 예: I love you, I have loved",포함
윤동주 평전,송우혜,기타,,발표 시기 미상,https://library.ltikorea.or.kr/translatedbooks/413911,,번역서 2종 · 예: Yun Dong-Ju,포함
매일 읽겠습니다,황보름,기타,,발표 시기 미상,https://library.ltikorea.or.kr/translatedbooks/413987,,번역서 2종 · 예: Every Day I Read,포함
한 명,김숨,단편소설,,발표 시기 미상,https://library.ltikorea.or.kr/translatedbooks/413986,,번역서 5종 · 예: No Hand Held Mine: Stories Granny Wild Goose and The Root's Tale,포함
한밤의 시간표,정보라,기타,,발표 시기 미상,https://library.ltikorea.or.kr/translatedbooks/413985,,번역서 2종 · 예: The Midnight Timetable,포함
적당히 가까운 사이,이주선,기타,,발표 시기 미상,https://library.ltikorea.or.kr/translatedbooks/414088,,번역서 1종 · 예: It’s Okay Not to Get Along With Everyone,포함
잃어버린 이름들의 낙원 : 허주은 장편소설,허주은,장편소설,,발표 시기 미상,https://library.ltikorea.or.kr/translatedbooks/413930,,번역서 1종 · 예: 잃어버린 이름들의 낙원 : 허주은 장편소설,포함
Le chant de la terre 지상의 노래,Lee Seung-U,기타,,발표 시기 미상,https://library.ltikorea.or.kr/translatedbooks/411400,,번역서 1종 · 예: Le chant de la terre 지상의 노래,포함
"저는 남자고, 페미니스트입니다",최승범,기타,,발표 시기 미상,https://library.ltikorea.or.kr/translatedbooks/404421,,번역서 1종 · 예: 我是男生，也是女性主義者,포함
서른의 반격,손원평,기타,,발표 시기 미상,https://library.ltikorea.or.kr/translatedbooks/414756,,번역서 4종 · 예: Contrattacco,포함
밤에 찾아오는 구원자,천선란,기타,,발표 시기 미상,https://library.ltikorea.or.kr/translatedbooks/414755,,번역서 3종 · 예: The Midnight Shift,포함
불편한 편의점,김호연,기타,,발표 시기 미상,https://library.ltikorea.or.kr/translatedbooks/414649,,번역서 14종 · 예: Неудобният денонощен магазин,포함
검은 기적,정현우,기타,,발표 시기 미상,https://library.ltikorea.or.kr/translatedbooks/414655,,번역서 1종 · 예: Dark Miracle,포함
뉴서울파크 젤리장수 대학살,조예은,기타,,발표 시기 미상,https://library.ltikorea.or.kr/translatedbooks/414657,,번역서 2종 · 예: 新首尔公园软糖嘉年华,포함
편지 가게 글월,백승연,기타,,발표 시기 미상,https://library.ltikorea.or.kr/translatedbooks/413775,,번역서 2종 · 예: A loja de cartas de Seul,포함
아주 희미한 빛으로도,최은영,기타,,발표 시기 미상,https://library.ltikorea.or.kr/translatedbooks/414660,,번역서 2종 · 예: ほんのかすかな光でも,포함
아마도 아프리카,이제니,기타,,발표 시기 미상,https://library.ltikorea.or.kr/translatedbooks/414608,,번역서 1종 · 예: Pirowa Padowa,포함
우리의 정류장과 필사의 밤,김이설,기타,,발표 시기 미상,https://library.ltikorea.or.kr/translatedbooks/414606,,번역서 1종 · 예: わたしたちの停留所と、書き写す夜,포함
체공녀 강주룡,박서련,기타,,발표 시기 미상,https://library.ltikorea.or.kr/translatedbooks/413984,,번역서 2종 · 예: Capitalists Must Starve,포함
너도 하늘말나리야,이금이,기타,,발표 시기 미상,https://library.ltikorea.or.kr/translatedbooks/414552,,번역서 2종 · 예: Le Lys du ciel,포함
새벽과 음악,이제니,기타,,발표 시기 미상,https://library.ltikorea.or.kr/translatedbooks/414600,,번역서 1종 · 예: 夜明けと音楽,포함
시뮬레이션 제4139회차,조시현,기타,,발표 시기 미상,https://library.ltikorea.or.kr/translatedbooks/414599,,번역서 1종 · 예: Similation No.4139,포함
복어,조경란,기타,,발표 시기 미상,https://library.ltikorea.or.kr/translatedbooks/412290,,번역서 1종 · 예: Blowfish,포함
애쓰지 않아도,최은영,기타,,발표 시기 미상,https://library.ltikorea.or.kr/translatedbooks/414581,,번역서 2종 · 예: 無理して頑張らなくても,포함
푸른 낙엽,김유경,기타,,발표 시기 미상,https://library.ltikorea.or.kr/translatedbooks/413936,,번역서 1종 · 예: 青い落ち葉,포함
클로버,나혜림,기타,,발표 시기 미상,https://library.ltikorea.or.kr/translatedbooks/414509,,번역서 1종 · 예: クローバー,포함
브로콜리 펀치,이유리,기타,,발표 시기 미상,https://library.ltikorea.or.kr/translatedbooks/414506,,번역서 4종 · 예: ブロッコリーパンチ,포함
책들의 부엌,Kim Jee-Hye[Author];,기타,,발표 시기 미상,https://library.ltikorea.or.kr/translatedbooks/414447,,번역서 1종 · 예: O Café Literário de Soyangri,포함
스노볼 시리즈,So-young Park,기타,,발표 시기 미상,https://library.ltikorea.or.kr/translatedbooks/414031,,번역서 1종 · 예: Snowglobe,포함
나는 나를 파괴할 권리가 있다,김영하,기타,,발표 시기 미상,https://library.ltikorea.or.kr/translatedbooks/414512,,번역서 16종 · 예: TENGO DERECHO A DESTRUIRME,포함
흰,한강,기타,,발표 시기 미상,https://library.ltikorea.or.kr/translatedbooks/414502,,번역서 23종 · 예: Il libro bianco,포함
책들의 부엌,김지혜,기타,,발표 시기 미상,https://library.ltikorea.or.kr/translatedbooks/413908,,번역서 6종 · 예: Soyangri Book Kitchen,포함
나의 돈키호테,김호연,기타,,발표 시기 미상,https://library.ltikorea.or.kr/translatedbooks/414446,,번역서 3종 · 예: Nu ne despărțim,포함
Chàng Don Quixote Của Tôi 나의 돈키호테,김호연,기타,,발표 시기 미상,https://library.ltikorea.or.kr/translatedbooks/414446,,번역서 1종 · 예: Chàng Don Quixote Của Tôi 나의 돈키호테,포함
"식물, 상점",강민영,기타,,발표 시기 미상,https://library.ltikorea.or.kr/translatedbooks/414445,,번역서 1종 · 예: Plant Lady,포함
고래,천명관,기타,,발표 시기 미상,https://library.ltikorea.or.kr/translatedbooks/414442,,번역서 10종 · 예: 鯨,포함
반반 무 많이,김소연,기타,,발표 시기 미상,https://library.ltikorea.or.kr/translatedbooks/414437,,번역서 1종 · 예: チキン半々 大根多めで,포함
자본주의의 적,정지아,기타,,발표 시기 미상,https://library.ltikorea.or.kr/translatedbooks/414434,,번역서 1종 · 예: 資本主義の敵,포함
송곳 2권,최규석,기타,,발표 시기 미상,https://library.ltikorea.or.kr/translatedbooks/414432,,번역서 2종 · 예: Шило. tom 2,포함
송곳 1권,최규석,기타,,발표 시기 미상,https://library.ltikorea.or.kr/translatedbooks/414431,,번역서 2종 · 예: Шило. tom 1,포함
만질 수 있는 생각,이수지,기타,,발표 시기 미상,https://library.ltikorea.or.kr/translatedbooks/414430,,번역서 1종 · 예: Pensieri su carta: Confidenze di un'autrice,포함
책과 우연들,김초엽,기타,,발표 시기 미상,https://library.ltikorea.or.kr/translatedbooks/414428,,번역서 1종 · 예: 本と偶然,포함
100년전 우리가 먹은 음식,백석 외,기타,,발표 시기 미상,https://library.ltikorea.or.kr/translatedbooks/414426,,번역서 1종 · 예: 書かずにいられない味がある: 100年前の韓食文学,포함
가녀장의 시대,이슬아,기타,,발표 시기 미상,https://library.ltikorea.or.kr/translatedbooks/414380,,번역서 3종 · 예: L'era del figliarcato,포함
나인,천선란,기타,,발표 시기 미상,https://library.ltikorea.or.kr/translatedbooks/414376,,번역서 2종 · 예: 第九株新芽: 奇蹟少女娜仁,포함
"거기, 당신?",윤성희,기타,,발표 시기 미상,https://library.ltikorea.or.kr/translatedbooks/414378,,"번역서 2종 · 예: 在那裡的, 是你嗎?",포함
종의 기원담,김보영,기타,,발표 시기 미상,https://library.ltikorea.or.kr/translatedbooks/414379,,번역서 2종 · 예: Türlerin Kökeni,포함
El meu amic Kim Jong-un 내 친구 김정은,김금숙,기타,,발표 시기 미상,https://library.ltikorea.or.kr/translatedbooks/414272,,번역서 1종 · 예: El meu amic Kim Jong-un 내 친구 김정은,포함
우상의 눈물,전상국,기타,,발표 시기 미상,https://library.ltikorea.or.kr/translatedbooks/413941,,번역서 1종 · 예: 偶像の涙,포함
비가 오면 열리는 상점,유영광,기타,,발표 시기 미상,https://library.ltikorea.or.kr/translatedbooks/414371,,번역서 5종 · 예: Der Regenzaubermarkt,포함
죽은 자의 집 청소,김완,기타,,발표 시기 미상,https://library.ltikorea.or.kr/translatedbooks/414370,,번역서 3종 · 예: Takarítás a holtak otthonában,포함
스노볼 시리즈,박소영,기타,,발표 시기 미상,https://library.ltikorea.or.kr/translatedbooks/413913,,번역서 1종 · 예: Snowglobe,포함
Hakuda Photo Studio 하쿠다 사진관,허태연,기타,,발표 시기 미상,https://library.ltikorea.or.kr/translatedbooks/413904,,번역서 1종 · 예: Hakuda Photo Studio 하쿠다 사진관,포함
4: 눈물을 마시는 새 4,이영도,기타,,발표 시기 미상,https://library.ltikorea.or.kr/translatedbooks/413914,,번역서 1종 · 예: Die Legende vom Tränenvogel. Die suche nach dem könig,포함
DMZ Colony,최돈미,기타,,발표 시기 미상,https://library.ltikorea.or.kr/translatedbooks/413977,,번역서 2종 · 예: DMZ Kolonie,포함
컨설턴트,임성순,기타,,발표 시기 미상,https://library.ltikorea.or.kr/translatedbooks/413970,,번역서 5종 · 예: 暗殺コンサル,포함
일곱 해의 마지막,김연수,기타,,발표 시기 미상,https://library.ltikorea.or.kr/translatedbooks/413969,,번역서 1종 · 예: 七年の最後,포함
모범생의 생존법,황영미,기타,,발표 시기 미상,https://library.ltikorea.or.kr/translatedbooks/413972,,번역서 1종 · 예: 優等生サバイバル: 青春を生き抜く13の法則,포함
벗,백남룡,장편소설,,발표 시기 미상,https://library.ltikorea.or.kr/translatedbooks/413973,,번역서 3종 · 예: 友,포함
여름에 우리가 먹는 것,송지현,기타,,발표 시기 미상,https://library.ltikorea.or.kr/translatedbooks/413942,,번역서 1종 · 예: 夏にあたしたちが食べるもの,포함
공항으로 간 낭만의사,신호철,기타,,발표 시기 미상,https://library.ltikorea.or.kr/translatedbooks/413938,,번역서 1종 · 예: こちら、空港医療センター: 救急ドクター奮闘記,포함
오늘도 엄마에게 화를 내고 말았다,장해주,기타,,발표 시기 미상,https://library.ltikorea.or.kr/translatedbooks/413907,,번역서 1종 · 예: Hôm nay con lại nổi giận với mẹ,포함
치치새가 사는 숲,장진영,기타,,발표 시기 미상,https://library.ltikorea.or.kr/translatedbooks/413981,,번역서 1종 · 예: The Crustacean,포함
나는 울 때마다 엄마 얼굴이 된다,이슬아,기타,,발표 시기 미상,https://library.ltikorea.or.kr/translatedbooks/413925,,번역서 1종 · 예: わたしは泣くたびにママの顔になる,포함
구의 증명,최진영,기타,,발표 시기 미상,https://library.ltikorea.or.kr/translatedbooks/413983,,번역서 1종 · 예: Hunger,포함
그 산이 정말 거기 있었을까,박완서,기타,,발표 시기 미상,https://library.ltikorea.or.kr/translatedbooks/413730,,번역서 6종 · 예: Souvenir d'une montagne,포함
Hardly War,최돈미,기타,,발표 시기 미상,https://library.ltikorea.or.kr/translatedbooks/411344,,번역서 1종 · 예: Knappt krig,포함
중국인 거리,오정희,기타,,발표 시기 미상,https://library.ltikorea.or.kr/translatedbooks/414037,,번역서 6종 · 예: Chinatown,포함
연남동 빙굴빙굴 빨래방,김지윤,기타,,발표 시기 미상,https://library.ltikorea.or.kr/translatedbooks/414067,,번역서 7종 · 예: Sekrety pralni w Yeonnam-dong,포함
Crying in H Mart,Zauner,기타,,발표 시기 미상,https://library.ltikorea.or.kr/translatedbooks/414043,,번역서 1종 · 예: Hマートで泣きながら,포함
공방의 계절,연소민,기타,,발표 시기 미상,https://library.ltikorea.or.kr/translatedbooks/414078,,번역서 7종 · 예: Jeongmin töpfert das Glück,포함
공공공공,주수자,기타,,발표 시기 미상,https://library.ltikorea.or.kr/translatedbooks/414100,,번역서 1종 · 예: Zero,포함
北朝鮮大脱出地獄からの生還,石川昌司,기타,,발표 시기 미상,https://library.ltikorea.or.kr/translatedbooks/414063,,번역서 2종 · 예: (Um) Rio na Escuridão : A figa de um homem da Coreia do Norte,포함
The Eyes Are the Best Part,Kim,기타,,발표 시기 미상,https://library.ltikorea.or.kr/translatedbooks/414023,,번역서 1종 · 예: (Un) intruso in famiglia,포함
날개 환상통,김혜순,기타,,발표 시기 미상,https://library.ltikorea.or.kr/translatedbooks/413151,,번역서 2종 · 예: Phantom Pain Wings,포함
벼랑 끝이지만 아직 떨어지진 않았어,소재원,기타,,발표 시기 미상,https://library.ltikorea.or.kr/translatedbooks/413374,,"번역서 1종 · 예: Dẫu Đang Trên Bờ Vực Thẳm, Nhưng Vẫn Không Gục Ngã",포함
현대한국시선 아리랑의 노래,김용호,시,,발표 시기 미상,https://library.ltikorea.or.kr/translatedbooks/414333,,번역서 1종 · 예: アリランの歌ごえ : 現代南朝鮮詩選,포함
낮은 곳으로 임하소서,이서영,기타,,발표 시기 미상,https://library.ltikorea.or.kr/translatedbooks/413947,,번역서 1종 · 예: Come Down to a Lower Place,포함
친구의 부름,최재훈,기타,,발표 시기 미상,https://library.ltikorea.or.kr/translatedbooks/413948,,번역서 1종 · 예: The Call of the Friend,포함
외계 신장,이수현,기타,,발표 시기 미상,https://library.ltikorea.or.kr/translatedbooks/413959,,번역서 1종 · 예: Alien Gods,포함
모더니즘 문학선집,이상 외,기타,,발표 시기 미상,https://library.ltikorea.or.kr/translatedbooks/414303,,번역서 1종 · 예: Un país de borrachos : 술 권하는 사회,포함
강경애 단편집,강경애,단편소설,,발표 시기 미상,https://library.ltikorea.or.kr/translatedbooks/414304,,번역서 2종 · 예: La memoria del río,포함
나를 사랑했던 사람들,이홍,기타,,발표 시기 미상,https://library.ltikorea.or.kr/translatedbooks/414252,,번역서 1종 · 예: La femme de gangnam,포함
완전한 행복,정유정,기타,,발표 시기 미상,https://library.ltikorea.or.kr/translatedbooks/413906,,번역서 2종 · 예: Perfect Happiness,포함
개,김금숙,기타,,발표 시기 미상,https://library.ltikorea.or.kr/translatedbooks/414297,,번역서 7종 · 예: Pieskie szczęście,포함
춘향전,작자 미상,기타,,발표 시기 미상,https://library.ltikorea.or.kr/translatedbooks/414141,,번역서 3종 · 예: Der Kristallring,포함
개마고원 하,황건,기타,,발표 시기 미상,https://library.ltikorea.or.kr/translatedbooks/414293,,번역서 1종 · 예: ケマ高原. 下,포함
개마고원 상,황건,기타,,발표 시기 미상,https://library.ltikorea.or.kr/translatedbooks/414292,,번역서 1종 · 예: ヶマ高原 上,포함
한국의 현대문학 제3권 중편소설,이어령 외,소설,,발표 시기 미상,https://library.ltikorea.or.kr/translatedbooks/2238,,번역서 1종 · 예: 韓国の現代文学 第3巻 中編小説,포함
꽃이 피는 조건,임덕기,기타,,발표 시기 미상,https://library.ltikorea.or.kr/translatedbooks/414092,,번역서 1종 · 예: Homing Instinct,포함
메피스토,루리,기타,,발표 시기 미상,https://library.ltikorea.or.kr/translatedbooks/414222,,번역서 1종 · 예: Mephisto,포함
너를 닮은 사람,정소현,기타,,발표 시기 미상,https://library.ltikorea.or.kr/translatedbooks/414259,,번역서 1종 · 예: Quelqu’un te ressemble,포함
사서함 110호의 우편물,이도우,기타,,발표 시기 미상,https://library.ltikorea.or.kr/translatedbooks/414258,,번역서 3종 · 예: Le Courrier de la boîte postale 110,포함
피프티 피플,정세랑,기타,,발표 시기 미상,https://library.ltikorea.or.kr/translatedbooks/413156,,번역서 4종 · 예: フィフティ・ピープル,포함
아몬드,손원평,기타,,발표 시기 미상,https://library.ltikorea.or.kr/translatedbooks/411565,,번역서 25종 · 예: BADEM,포함
절연,정세랑 외,기타,,발표 시기 미상,https://library.ltikorea.or.kr/translatedbooks/413315,,번역서 1종 · 예: 絶縁,포함
황금동 사람들,박건웅,기타,,발표 시기 미상,https://library.ltikorea.or.kr/translatedbooks/413560,,번역서 1종 · 예: Las personas de los apartamentos dorados,포함
런어웨이,장세아,기타,,발표 시기 미상,https://library.ltikorea.or.kr/translatedbooks/413611,,번역서 1종 · 예: A Twist of Fate,포함
로드킬,아밀,기타,,발표 시기 미상,https://library.ltikorea.or.kr/translatedbooks/411599,,번역서 1종 · 예: Roadkill,포함
몬스터 차일드,이재문,기타,,발표 시기 미상,https://library.ltikorea.or.kr/translatedbooks/414257,,번역서 1종 · 예: モンスター・チャイルド,포함
눈물상자,한강,기타,,발표 시기 미상,https://library.ltikorea.or.kr/translatedbooks/414251,,번역서 1종 · 예: 涙の箱,포함
탕비실,이미예,기타,,발표 시기 미상,https://library.ltikorea.or.kr/translatedbooks/413903,,번역서 1종 · 예: Break Room,포함
검은 꽃,김영하,장편소설,,발표 시기 미상,https://library.ltikorea.or.kr/translatedbooks/414139,,번역서 9종 · 예: Kara Çiçek,포함
달러구트 꿈 백화점,이미예,기타,,발표 시기 미상,https://library.ltikorea.or.kr/translatedbooks/414277,,번역서 17종 · 예: Dallergutův obchodní dům se sny,포함
하쿠다 사진관,허태연,기타,,발표 시기 미상,https://library.ltikorea.or.kr/translatedbooks/413784,,번역서 1종 · 예: Фотостудия Таккуда,포함
책 읽는 책 쓰는 책 만드는,이하영,기타,,발표 시기 미상,https://library.ltikorea.or.kr/translatedbooks/414074,,"번역서 1종 · 예: Đọc Sách, Viết Sách, Làm Sách",포함
당신을 찾아서,정호승,기타,,발표 시기 미상,https://library.ltikorea.or.kr/translatedbooks/414083,,번역서 1종 · 예: Seeking You,포함
오렌지와 빵칼,청예,기타,,발표 시기 미상,https://library.ltikorea.or.kr/translatedbooks/414090,,번역서 1종 · 예: 甜橙與麵包刀,포함
유에서 유,오은,기타,,발표 시기 미상,https://library.ltikorea.or.kr/translatedbooks/414050,,번역서 1종 · 예: From Being to Being,포함
오늘 밤은 굶고 자야지,박상영,기타,,발표 시기 미상,https://library.ltikorea.or.kr/translatedbooks/413731,,번역서 1종 · 예: 雖然會胖，但還是想一個人吃完半半炸雞再睡,포함
조선의 민화,임방,단편소설,,발표 시기 미상,https://library.ltikorea.or.kr/translatedbooks/411662,,번역서 2종 · 예: Contos de fadas coreanos,포함
죽고 싶지만 떡볶이는 먹고 싶어,백세희,기타,,발표 시기 미상,https://library.ltikorea.or.kr/translatedbooks/411624,,"번역서 15종 · 예: Vorrei farla finita, ma anche mangiare toppokki",포함
불편한 편의점 2,김호연,기타,,발표 시기 미상,https://library.ltikorea.or.kr/translatedbooks/413097,,번역서 2종 · 예: A Inconveniente Loja de Conveniência. 2,포함
"바람이 분다, 가라",한강,기타,,발표 시기 미상,https://library.ltikorea.or.kr/translatedbooks/413145,,"번역서 2종 · 예: PARS, LE VENT SE LÈVE",포함
대도시의 사랑법,박상영,기타,,발표 시기 미상,https://library.ltikorea.or.kr/translatedbooks/413695,,"번역서 12종 · 예: 在熙, 燒酒, 我, 還有冰箱裡的藍莓與菸",포함
눈물을 마시는 새 2,이영도,기타,,발표 시기 미상,https://library.ltikorea.or.kr/translatedbooks/414004,,"번역서 3종 · 예: Той птах, що п’є сльози. 2",포함
눈물을 마시는 새 1,이영도,기타,,발표 시기 미상,https://library.ltikorea.or.kr/translatedbooks/412461,,번역서 7종 · 예: El pájaro que bebe lágrimas. 1,포함
날씨가 좋으면 찾아가겠어요,이도우,기타,,발표 시기 미상,https://library.ltikorea.or.kr/translatedbooks/413275,,번역서 4종 · 예: L'odeur des clémentines grillées,포함
"문학, 내 마음의 무늬 읽기",진은영,기타,,발표 시기 미상,https://library.ltikorea.or.kr/translatedbooks/413967,,번역서 1종 · 예: 文学カウンセリング入門,포함
셰이커,이희영,기타,,발표 시기 미상,https://library.ltikorea.or.kr/translatedbooks/413992,,번역서 1종 · 예: เชกเกอร์ ค็อกเทลแก้วนี้มีอดีตที่หายไป,포함
네 이웃의 식탁,구병모,기타,,발표 시기 미상,https://library.ltikorea.or.kr/translatedbooks/413961,,번역서 5종 · 예: Dört Komşunun Masası,포함
지구 생물체는 항복하라,정보라,기타,,발표 시기 미상,https://library.ltikorea.or.kr/translatedbooks/413963,,"번역서 1종 · 예: Poddajcie się, Ziemianie!",포함
게으른 게 아니라 충전 중입니다,댄싱스네일,기타,,발표 시기 미상,https://library.ltikorea.or.kr/translatedbooks/412476,,"번역서 3종 · 예: I'm Not Lazy, I'm on Energy Saving Mode",포함
한국 민담,김소운,소설,,발표 시기 미상,https://library.ltikorea.or.kr/translatedbooks/413937,,번역서 1종 · 예: Korean Folktales,포함
퀴어 한국 소설 100년,박상영,소설,,발표 시기 미상,https://library.ltikorea.or.kr/translatedbooks/413935,,번역서 1종 · 예: A Century of Queer Korean Fiction,포함
아버지에게 갔었어,신경숙,기타,,발표 시기 미상,https://library.ltikorea.or.kr/translatedbooks/413606,,번역서 4종 · 예: Z wizytą u ojca,포함
무한화서,이성복,시,,발표 시기 미상,https://library.ltikorea.or.kr/translatedbooks/413070,,번역서 2종 · 예: Indeterminate Inflorescence,포함
달러구트 꿈 백화점 2,이미예,기타,,발표 시기 미상,https://library.ltikorea.or.kr/translatedbooks/412798,,번역서 7종 · 예: Return to the DallerGut Dream Department Store,포함
나는 나로 살기로 했다,김수현,기타,,발표 시기 미상,https://library.ltikorea.or.kr/translatedbooks/413149,,번역서 9종 · 예: Decido Vivir Como Soy,포함
구운몽,김만중,장편소설,,발표 시기 미상,https://library.ltikorea.or.kr/translatedbooks/413081,,번역서 19종 · 예: The Nine Cloud Dream,중복 제외 (앞 순위 출처에 있음)
국경,구,기타,,발표 시기 미상,https://library.ltikorea.or.kr/translatedbooks/413217,,번역서 1종 · 예: Qu'est-ce qu'une frontière ?,포함
그늘을 산 총각,이수지,기타,,발표 시기 미상,https://library.ltikorea.or.kr/translatedbooks/411392,,번역서 1종 · 예: The Shade Tree,포함
고은 시선집,고은,시,,발표 시기 미상,https://library.ltikorea.or.kr/translatedbooks/411869,,번역서 8종 · 예: The Three Way Tavern,포함
아직 멀었다고 말할 수 있기에,박재삼,시,,발표 시기 미상,https://library.ltikorea.or.kr/translatedbooks/413825,,번역서 2종 · 예: Enough to say it's far,포함
불의 강,오정희,단편소설,,발표 시기 미상,https://library.ltikorea.or.kr/translatedbooks/413823,,번역서 3종 · 예: River of Fire and other stories,포함
묵묵,고병권,기타,,발표 시기 미상,https://library.ltikorea.or.kr/translatedbooks/413866,,번역서 1종 · 예: 黙々,포함
고마네치를 위하여,조남주,기타,,발표 시기 미상,https://library.ltikorea.or.kr/translatedbooks/413869,,번역서 4종 · 예: コマネチのために,포함
식물적 낙관,김금희,기타,,발표 시기 미상,https://library.ltikorea.or.kr/translatedbooks/413868,,번역서 1종 · 예: Dagboek van een Koreaanse plantenmoeder,포함
눈 오는 날,이창동,단편소설,,발표 시기 미상,https://library.ltikorea.or.kr/translatedbooks/412470,,번역서 1종 · 예: Snowy Day and Other Stories,포함
적적한 공룡 만화,보선,기타,,발표 시기 미상,https://library.ltikorea.or.kr/translatedbooks/413367,,"번역서 1종 · 예: Bình Thản Tĩnh Lặng, Dũng Cảm Cô Đơn",포함
절망의 구,김이환,기타,,발표 시기 미상,https://library.ltikorea.or.kr/translatedbooks/412959,,번역서 2종 · 예: The Black Orb,포함
기분을 관리하면 인생이 관리된다,김다슬,기타,,발표 시기 미상,https://library.ltikorea.or.kr/translatedbooks/413371,,"번역서 1종 · 예: Quản Lý Cảm Xúc, Hạnh Phúc Một Đời",포함
괴물이 된 아이들,이옥수,기타,,발표 시기 미상,https://library.ltikorea.or.kr/translatedbooks/413843,,번역서 1종 · 예: 成為怪物的孩子們,포함
Hello Baby 헬로 베이비,Kim Euigyeong,기타,,발표 시기 미상,https://library.ltikorea.or.kr/translatedbooks/413837,,번역서 1종 · 예: Hello Baby 헬로 베이비,포함
어디선가 눈물은 발원하여,정현종,기타,,발표 시기 미상,https://library.ltikorea.or.kr/translatedbooks/413805,,번역서 1종 · 예: どこかで涙が湧き出でて,포함
다른 세상에서 온 새와 다른 이야기들,김동리,단편소설,,발표 시기 미상,https://library.ltikorea.or.kr/translatedbooks/413811,,번역서 1종 · 예: L’Oiseau «de l’Autre Monde» et autres nouvelles,포함
새벽에 생각하다,Cheon Yang-Hee,기타,,발표 시기 미상,https://library.ltikorea.or.kr/translatedbooks/413758,,번역서 1종 · 예: In der Morgendämmerung denken,포함
너는 사람의 길을 가지 말아라,장석,기타,,발표 시기 미상,https://library.ltikorea.or.kr/translatedbooks/413809,,번역서 1종 · 예: ぬしはひとの道をゆくな,포함
해가 지는 곳으로,최진영,기타,,발표 시기 미상,https://library.ltikorea.or.kr/translatedbooks/413706,,번역서 4종 · 예: Hacia donde se pone el sol,포함
초보 노인입니다,김순옥,기타,,발표 시기 미상,https://library.ltikorea.or.kr/translatedbooks/413802,,번역서 1종 · 예: 花開之後: 我的第三人生心情手札,포함
실패한 여름휴가,허희정,기타,,발표 시기 미상,https://library.ltikorea.or.kr/translatedbooks/413761,,번역서 1종 · 예: Failed Summer Vacation,포함
탄금,장다혜,기타,,발표 시기 미상,https://library.ltikorea.or.kr/translatedbooks/413800,,번역서 1종 · 예: 吞金: 탄금..금을 삼키다,포함
탄금..금을 삼키다/ 탄금,장다혜,기타,,발표 시기 미상,https://library.ltikorea.or.kr/translatedbooks/413800,,번역서 1종 · 예: 吞金,포함
유수암 외(流水庵 외),한무숙,단편소설,,발표 시기 미상,https://library.ltikorea.or.kr/translatedbooks/413756,,"번역서 1종 · 예: The Hermitage of Flowing Water and Nine Others: Korean Literary World, Series 2--Short Stories",포함
Die Perlen des Todes/ 벽사아씨전,Park Esther,기타,,발표 시기 미상,https://library.ltikorea.or.kr/translatedbooks/412564,,번역서 1종 · 예: The Legend of Lady Byeoksa,포함
Roman/ 불편한 편의점 2,Kim Ho-yeon,기타,,발표 시기 미상,https://library.ltikorea.or.kr/translatedbooks/413123,,번역서 1종 · 예: Wenn es Nacht wird in Frau Yeoms kleinem Laden,포함
헬로 베이비,김의경,기타,,발표 시기 미상,https://library.ltikorea.or.kr/translatedbooks/413338,,번역서 1종 · 예: Hello Baby,포함
안도현 시선집,안도현,시,,발표 시기 미상,https://library.ltikorea.or.kr/translatedbooks/413738,,번역서 1종 · 예: あさみどりの引っ越し日: アン・ドヒョン詩選集,포함
소년이 온다,한강,기타,,발표 시기 미상,https://library.ltikorea.or.kr/translatedbooks/24602,,번역서 29종 · 예: Human Acts,포함
알려지지 않은 예술가의 눈물과 자이툰 파스타,박상영,기타,,발표 시기 미상,https://library.ltikorea.or.kr/translatedbooks/413691,,번역서 1종 · 예: 無人知曉的藝術家之淚與宰桐義大利麵,포함
미쳐있고 괴상하며 오만하고 똑똑한 여자들,하미나,기타,,발표 시기 미상,https://library.ltikorea.or.kr/translatedbooks/413690,,번역서 1종 · 예: このクソみたいな社会で“イカれる”賢い女たち,포함
반국가세력,변윤제,시,,발표 시기 미상,https://library.ltikorea.or.kr/translatedbooks/413679,,번역서 1종 · 예: Anti-Nationalist: A collection of poems by Byeon Yun-je,포함
노랜드,천선란,기타,,발표 시기 미상,https://library.ltikorea.or.kr/translatedbooks/413395,,번역서 1종 · 예: 無名之境,포함
꽃 찢고 열매 나오듯,장옥관,기타,,발표 시기 미상,https://library.ltikorea.or.kr/translatedbooks/413516,,번역서 1종 · 예: Like a Fruit Tearing Its Way Out of a Flower,포함
고민이 고민입니다,하지현,기타,,발표 시기 미상,https://library.ltikorea.or.kr/translatedbooks/413567,,번역서 2종 · 예: ムダに悩まない練習,포함
직장 상사 악령 퇴치부,이사구,기타,,발표 시기 미상,https://library.ltikorea.or.kr/translatedbooks/413463,,번역서 1종 · 예: 巫女(ムーダン) 配信者シャーマンとハヨンの悪霊事件簿,포함
철수,배수아,기타,,발표 시기 미상,https://library.ltikorea.or.kr/translatedbooks/413298,,번역서 3종 · 예: En ninguna parte,포함
"여성, 귀신이 되다",전혜진,기타,,발표 시기 미상,https://library.ltikorea.or.kr/translatedbooks/413641,,번역서 1종 · 예: Duchy I Boginie,포함
우리들의 일그러진 영웅,이문열,기타,,발표 시기 미상,https://library.ltikorea.or.kr/translatedbooks/413543,,번역서 14종 · 예: Our Twisted Hero,포함
아침에 읽는 시,충담사 외,시,,발표 시기 미상,https://library.ltikorea.or.kr/translatedbooks/413545,,번역서 1종 · 예: Poems for Breakfast,포함
제왕나비,최동호,기타,,발표 시기 미상,https://library.ltikorea.or.kr/translatedbooks/413542,,번역서 2종 · 예: Monarch Butterfly,포함
평형추,듀나,기타,,발표 시기 미상,https://library.ltikorea.or.kr/translatedbooks/413465,,번역서 4종 · 예: カウンターウェイト,포함
저항의 펜,백신애 외,기타,,발표 시기 미상,https://library.ltikorea.or.kr/translatedbooks/413521,,번역서 1종 · 예: Como Si No Nos Conociéramos,포함
나는 한국인이 아니다,송경동,기타,,발표 시기 미상,https://library.ltikorea.or.kr/translatedbooks/413383,,번역서 1종 · 예: I Am Not Korean,포함
죽이고 싶은 아이,이꽃님,기타,,발표 시기 미상,https://library.ltikorea.or.kr/translatedbooks/413639,,번역서 3종 · 예: Matar a Una Amiga,포함
"시선으로부터,",정세랑,시,,발표 시기 미상,https://library.ltikorea.or.kr/translatedbooks/413522,,번역서 7종 · 예: Svět podle Sison,포함
트렁크,김려령,기타,,발표 시기 미상,https://library.ltikorea.or.kr/translatedbooks/413464,,번역서 3종 · 예: Trunk,포함
타워,배명훈,기타,,발표 시기 미상,https://library.ltikorea.or.kr/translatedbooks/413444,,번역서 4종 · 예: برج,포함
살인자의 쇼핑목록,강지영,기타,,발표 시기 미상,https://library.ltikorea.or.kr/translatedbooks/413500,,번역서 1종 · 예: ช็อปปิงลิสต์ของฆาตกร,포함
그대의 차가운 손,한강,기타,,발표 시기 미상,https://library.ltikorea.or.kr/translatedbooks/413419,,번역서 2종 · 예: Sevgilinin Soğuk Elleri,포함
아침의 피아노,김진영,기타,,발표 시기 미상,https://library.ltikorea.or.kr/translatedbooks/413598,,번역서 1종 · 예: 朝のピアノ: 或る美学者の『愛と生の日記』,포함
한국 요괴 도감,고성배,기타,,발표 시기 미상,https://library.ltikorea.or.kr/translatedbooks/413377,,번역서 2종 · 예: Hàn Quốc Bách Quỷ Đồ,포함
시간을 파는 상점2,김선영,기타,,발표 시기 미상,https://library.ltikorea.or.kr/translatedbooks/413484,,번역서 1종 · 예: Магазинчик времени,포함
저주토끼,정보라,기타,,발표 시기 미상,https://library.ltikorea.or.kr/translatedbooks/413523,,번역서 16종 · 예: Coelhinho Enfeitiçado,포함
"거기, 내가 가면 안 돼요?",이금이,기타,,발표 시기 미상,https://library.ltikorea.or.kr/translatedbooks/413445,,번역서 2종 · 예: ألا يمكنني الرحيل,포함
재수사 2,장강명,기타,,발표 시기 미상,https://library.ltikorea.or.kr/translatedbooks/413499,,번역서 1종 · 예: 罰と罪 下,포함
재수사 1,장강명,기타,,발표 시기 미상,https://library.ltikorea.or.kr/translatedbooks/413498,,번역서 1종 · 예: 罰と罪 上,포함
내 몸속의 새를 꺼내주세요,문정희,기타,,발표 시기 미상,https://library.ltikorea.or.kr/translatedbooks/413502,,번역서 1종 · 예: El Pájaro Que Llevo Adentro,포함
단어의 여왕,신소영,기타,,발표 시기 미상,https://library.ltikorea.or.kr/translatedbooks/413526,,번역서 1종 · 예: 会发光的文字,포함
아가미,구병모,기타,,발표 시기 미상,https://library.ltikorea.or.kr/translatedbooks/413517,,번역서 2종 · 예: Agami,포함
뒤뜰에 골칫거리가 산다,황선미,기타,,발표 시기 미상,https://library.ltikorea.or.kr/translatedbooks/413513,,번역서 4종 · 예: معجزة تل الكرز,포함
일할 수 없는 여자들,최성은,기타,,발표 시기 미상,https://library.ltikorea.or.kr/translatedbooks/413531,,번역서 1종 · 예: 働きたいのに働けない私たち,포함
종의 기원,정유정,기타,,발표 시기 미상,https://library.ltikorea.or.kr/translatedbooks/413528,,번역서 18종 · 예: Походження видів,포함
삼국유사,일연,기타,,발표 시기 미상,https://library.ltikorea.or.kr/translatedbooks/413532,,번역서 11종 · 예: Histoires oubliées des Trois Royaumes Samguk Yusa,포함
옥춘당,고정순,기타,,발표 시기 미상,https://library.ltikorea.or.kr/translatedbooks/413401,,번역서 1종 · 예: Okchundang Candy,포함
Shijo. 물 위의 그림자: 시조선,이조년,시조,,발표 시기 미상,https://library.ltikorea.or.kr/translatedbooks/470,,번역서 1종 · 예: Shadows in the Water: Shijo,포함
소리와 고요 사이,고창수,시,,발표 시기 미상,https://library.ltikorea.or.kr/translatedbooks/583,,번역서 1종 · 예: Between Sound and Silence: Poems of Chang Soo Ko,포함
한국현대시선,한용운,시,,발표 시기 미상,https://library.ltikorea.or.kr/translatedbooks/557,,번역서 1종 · 예: Looking for the cow: modern Korean poems,포함
금오신화,김시습,소설,,발표 시기 미상,https://library.ltikorea.or.kr/translatedbooks/412976,,번역서 7종 · 예: Neue Erzählungen von der goldenen Schildkröte,중복 제외 (앞 순위 출처에 있음)
1차원이 되고 싶어,박상영,기타,,발표 시기 미상,https://library.ltikorea.or.kr/translatedbooks/413170,,번역서 3종 · 예: QUIERO SER UNIDIMENSIONAL,포함
"Alexandra Kim 시베리아의 딸, 김알렉산드라",Keum Suk Gendry-Kim,기타,,발표 시기 미상,https://library.ltikorea.or.kr/translatedbooks/411274,,"번역서 1종 · 예: Alexandra Kim 시베리아의 딸, 김알렉산드라",포함
기다림,김금숙,기타,,발표 시기 미상,https://library.ltikorea.or.kr/translatedbooks/411272,,번역서 10종 · 예: A Espera,포함
모기와 왈츠를,김주욱,기타,,발표 시기 미상,https://library.ltikorea.or.kr/translatedbooks/411489,,번역서 1종 · 예: Waltzing with Mosquitoes,포함
"재인, 재욱, 재훈",정세랑,기타,,발표 시기 미상,https://library.ltikorea.or.kr/translatedbooks/411904,,번역서 1종 · 예: Ｊ・Ｊ・Ｊ三姉弟の世にも平凡な超能力,포함
Мадам Таро 마담 타로,이수아,기타,,발표 시기 미상,https://library.ltikorea.or.kr/translatedbooks/411518,,번역서 1종 · 예: Мадам Таро 마담 타로,포함
1인용 식탁,윤고은,기타,,발표 시기 미상,https://library.ltikorea.or.kr/translatedbooks/410933,,번역서 1종 · 예: TABLE for ONE,포함
연년세세,황정은,기타,,발표 시기 미상,https://library.ltikorea.or.kr/translatedbooks/410793,,번역서 3종 · 예: YEARS AND YEARS,포함
웨하스,하성란,기타,,발표 시기 미상,https://library.ltikorea.or.kr/translatedbooks/410791,,번역서 1종 · 예: Wafers,포함
아버지의 해방일지,정지아,기타,,발표 시기 미상,https://library.ltikorea.or.kr/translatedbooks/413110,,번역서 3종 · 예: 父亲的解放日志,포함
채식주의자,한강,장편소설,,발표 시기 미상,https://library.ltikorea.or.kr/translatedbooks/413103,,번역서 52종 · 예: Цагаан хоолтон,포함
내 여자의 열매,한강,기타,,발표 시기 미상,https://library.ltikorea.or.kr/translatedbooks/413102,,번역서 3종 · 예: 植物妻子,포함
준이 오빠,김금숙,기타,,발표 시기 미상,https://library.ltikorea.or.kr/translatedbooks/29429,,번역서 3종 · 예: Jun,포함
풀,김금숙,기타,,발표 시기 미상,https://library.ltikorea.or.kr/translatedbooks/28580,,번역서 16종 · 예: Le Malerbe,포함
한잔의 붉은 거울,김혜순,기타,,발표 시기 미상,https://library.ltikorea.or.kr/translatedbooks/28626,,번역서 1종 · 예: A Drink of Red Mirror,포함
나목,김금숙,기타,,발표 시기 미상,https://library.ltikorea.or.kr/translatedbooks/408590,,번역서 4종 · 예: L'arbre nu,포함
Une famille coréenne brisée par la partition du pays / 기다림,김금숙,기타,,발표 시기 미상,https://library.ltikorea.or.kr/translatedbooks/404332,,번역서 1종 · 예: L'attente,포함
엄마들,마영신,기타,,발표 시기 미상,https://library.ltikorea.or.kr/translatedbooks/411018,,번역서 4종 · 예: Mamás,포함
프리즘,손원평,기타,,발표 시기 미상,https://library.ltikorea.or.kr/translatedbooks/407616,,번역서 2종 · 예: プリズム,포함
마당이 있는 집,김진영,기타,,발표 시기 미상,https://library.ltikorea.or.kr/translatedbooks/412378,,번역서 3종 · 예: Le bugie sepolte nel mio giardino,포함
너의 하루가 따숩길 바라,고은지,기타,,발표 시기 미상,https://library.ltikorea.or.kr/translatedbooks/410854,,번역서 1종 · 예: Chúc Bạn Một Ngày Ấm Áp,포함
운다고 달라지는 일은 아무것도 없겠지만,박준,기타,,발표 시기 미상,https://library.ltikorea.or.kr/translatedbooks/411349,,번역서 3종 · 예: 泣いたって変わることは何もないだろうけれど,포함
박용철 시선집,박용철,시,,발표 시기 미상,https://library.ltikorea.or.kr/translatedbooks/411826,,번역서 1종 · 예: A Boat Ready to Set Sail The Collected Poems of Pak Yong-chŏl,포함
서칭 포 허니맨,박현주,기타,,발표 시기 미상,https://library.ltikorea.or.kr/translatedbooks/411409,,번역서 1종 · 예: Romancing on Jeju,포함
체리새우 : 비밀글입니다,황영미,기타,,발표 시기 미상,https://library.ltikorea.or.kr/translatedbooks/412752,,번역서 1종 · 예: 多賢的祕密貼文：我的真心,포함
비행운,김애란,기타,,발표 시기 미상,https://library.ltikorea.or.kr/translatedbooks/412745,,번역서 6종 · 예: ESTELA DE CONDENSACIÓN,포함
붉은 칼,정보라,기타,,발표 시기 미상,https://library.ltikorea.or.kr/translatedbooks/412284,,번역서 1종 · 예: Red Sword,포함
한밤중 개미 요정,신선미,기타,,발표 시기 미상,https://library.ltikorea.or.kr/translatedbooks/405569,,번역서 1종 · 예: 真夜中のちいさなようせい,포함
그럼에도 여기에서,실키,기타,,발표 시기 미상,https://library.ltikorea.or.kr/translatedbooks/411112,,번역서 1종 · 예: Malgré tout je suis ici,포함
좋은 건 다 네 앞에 있어,성전,기타,,발표 시기 미상,https://library.ltikorea.or.kr/translatedbooks/411386,,번역서 1종 · 예: TOUTES LES BONNES CHOSES SONT DEVANT TOI 101 pensées bouddhistes,포함
환상서점: 잠 못 이루는 밤 되시길 바랍니다,소서림,기타,,발표 시기 미상,https://library.ltikorea.or.kr/translatedbooks/410928,,번역서 1종 · 예: Книжная лавка грёз,포함
청년 주부 구운몽,강선우,기타,,발표 시기 미상,https://library.ltikorea.or.kr/translatedbooks/411109,,"번역서 1종 · 예: Unmong, a Youngman Became a Homemaker",포함
파쇄,구병모,기타,,발표 시기 미상,https://library.ltikorea.or.kr/translatedbooks/411418,,번역서 1종 · 예: 破砕,포함
이번 생은 나 혼자 산다,엘리,기타,,발표 시기 미상,https://library.ltikorea.or.kr/translatedbooks/410930,,"번역서 1종 · 예: Sống Đời Tự Do, Tự Lo Tự Quản",포함
마음이 살짝 기운다,나태주,기타,,발표 시기 미상,https://library.ltikorea.or.kr/translatedbooks/411472,,번역서 1종 · 예: 心がそっと傾く,포함
퇴근길의 마음,이다혜,기타,,발표 시기 미상,https://library.ltikorea.or.kr/translatedbooks/411124,,번역서 1종 · 예: 仕事帰りの心,포함
리볼브 2,이종관,기타,,발표 시기 미상,https://library.ltikorea.or.kr/translatedbooks/411452,,번역서 1종 · 예: Viên đạn tái sinh 2,포함
리볼브 1,이종관,기타,,발표 시기 미상,https://library.ltikorea.or.kr/translatedbooks/411451,,번역서 1종 · 예: Viên đạn tái sinh 1,포함
나나,이희영,기타,,발표 시기 미상,https://library.ltikorea.or.kr/translatedbooks/411511,,번역서 2종 · 예: Настоящий я,포함
망원동 브라더스,김호연,기타,,발표 시기 미상,https://library.ltikorea.or.kr/translatedbooks/411559,,번역서 1종 · 예: 望遠洞兄弟,포함
먼 바다,공지영,기타,,발표 시기 미상,https://library.ltikorea.or.kr/translatedbooks/411820,,번역서 1종 · 예: 远海,포함
유진과 유진,이금이,기타,,발표 시기 미상,https://library.ltikorea.or.kr/translatedbooks/411315,,번역서 3종 · 예: 有真和有真,포함
하얼빈,김훈,기타,,발표 시기 미상,https://library.ltikorea.or.kr/translatedbooks/411582,,번역서 1종 · 예: ハルビン,포함
은마,안정효,기타,,발표 시기 미상,https://library.ltikorea.or.kr/translatedbooks/411126,,번역서 1종 · 예: Gümüş Aygır,포함
If You Leave Me,김하나,기타,,발표 시기 미상,https://library.ltikorea.or.kr/translatedbooks/411589,,번역서 1종 · 예: La déesse qui rêvait du ciel,포함
푸르른 틈새,권여선,기타,,발표 시기 미상,https://library.ltikorea.or.kr/translatedbooks/411797,,번역서 1종 · 예: Un éclair bleu azur,포함
리나,강영숙,기타,,발표 시기 미상,https://library.ltikorea.or.kr/translatedbooks/410792,,번역서 4종 · 예: RINA,포함
멈추면 비로소 보이는 것들,혜민,기타,,발표 시기 미상,https://library.ltikorea.or.kr/translatedbooks/405640,,번역서 7종 · 예: Prenez le temps de vivre faites une pause et découvrez l'autre saveur du bonheur,포함
Patterns of the heart and other stories 무성격자 외 단편집,Choi Myeongik,단편소설,,발표 시기 미상,https://library.ltikorea.or.kr/translatedbooks/411448,,번역서 1종 · 예: Patterns of the heart and other stories 무성격자 외 단편집,포함
가끔은 웅크리고 있어도 괜찮아,김단,기타,,발표 시기 미상,https://library.ltikorea.or.kr/translatedbooks/405041,,번역서 1종 · 예: You Can Wind Down from Time to Time,포함
남편을 죽이는 서른가지 방법,서미애,기타,,발표 시기 미상,https://library.ltikorea.or.kr/translatedbooks/411588,,번역서 1종 · 예: Les 30 meilleures façons d'assassiner son mari,포함
"잠시 주춤, 하겠습니다",니나킴,기타,,발표 시기 미상,https://library.ltikorea.or.kr/translatedbooks/405509,,번역서 1종 · 예: พักให้ไหว ค่อยไปต่อ,포함
아무것도 아닌 지금은 없다,글배우,기타,,발표 시기 미상,https://library.ltikorea.or.kr/translatedbooks/405504,,번역서 1종 · 예: เราจะเติบโตขึ้นทุกครั้งหลังฝนตก,포함
떠도는 땅,김숨,기타,,발표 시기 미상,https://library.ltikorea.or.kr/translatedbooks/411868,,번역서 2종 · 예: La terre qui erre,포함
کتاب افسانه‌هایی از سرزمین گل ختمی (پنسوری ۲) 한국고전소설선,한국고전소설선,소설,,발표 시기 미상,https://library.ltikorea.or.kr/translatedbooks/412497,,번역서 1종 · 예: کتاب افسانه‌هایی از سرزمین گل ختمی (پنسوری ۲) 한국고전소설선,포함
개와 늑대의 시간,김경욱,기타,,발표 시기 미상,https://library.ltikorea.or.kr/translatedbooks/412495,,번역서 2종 · 예: L'ora tra il lupo e il cane,포함
수평선 2,정지훈,기타,,발표 시기 미상,https://library.ltikorea.or.kr/translatedbooks/412491,,번역서 1종 · 예: Крайнебо 2,포함
수평선 1,정지훈,기타,,발표 시기 미상,https://library.ltikorea.or.kr/translatedbooks/412492,,번역서 1종 · 예: Крайнебо 1,포함
"유령, 도둑, 사랑",한지산,기타,,발표 시기 미상,https://library.ltikorea.or.kr/translatedbooks/412370,,"번역서 1종 · 예: A Ghost, a Thief, and Love",포함
귀신의 왕,김안,기타,,발표 시기 미상,https://library.ltikorea.or.kr/translatedbooks/412367,,번역서 1종 · 예: The KIng of Ghosts,포함
버섯의 노래,이상국,기타,,발표 시기 미상,https://library.ltikorea.or.kr/translatedbooks/412364,,번역서 1종 · 예: Song of the Mushroom,포함
콜드 리딩,강혜빈,기타,,발표 시기 미상,https://library.ltikorea.or.kr/translatedbooks/412362,,번역서 1종 · 예: Cold Reading,포함
조명가게 2,강풀,기타,,발표 시기 미상,https://library.ltikorea.or.kr/translatedbooks/412302,,번역서 1종 · 예: 照明商店 2,포함
조명가게 3,강풀,기타,,발표 시기 미상,https://library.ltikorea.or.kr/translatedbooks/412303,,번역서 1종 · 예: 照明商店 3,포함
조명가게 1,강풀,기타,,발표 시기 미상,https://library.ltikorea.or.kr/translatedbooks/412301,,번역서 1종 · 예: 照明商店 1,포함
봉순이언니,공지영,기타,,발표 시기 미상,https://library.ltikorea.or.kr/translatedbooks/412072,,번역서 7종 · 예: Bonqsun bacı,포함
파견자들,김초엽,기타,,발표 시기 미상,https://library.ltikorea.or.kr/translatedbooks/412016,,번역서 1종 · 예: 派遣者たち,포함
아라의 소설,정세랑,소설,,발표 시기 미상,https://library.ltikorea.or.kr/translatedbooks/412067,,번역서 1종 · 예: 私たちのテラスで、終わりを迎えようとする世界に乾杯,포함
지극히 사적인 초능력,장강명,기타,,발표 시기 미상,https://library.ltikorea.or.kr/translatedbooks/406243,,번역서 1종 · 예: 極めて私的な超能力,포함
엘리베이터에 낀 그 남자는 어떻게 되었나,김영하,기타,,발표 시기 미상,https://library.ltikorea.or.kr/translatedbooks/412069,,"번역서 4종 · 예: Какво се случи с мъжа, заклещен в асансьора",포함
환상서점,소서림,기타,,발표 시기 미상,https://library.ltikorea.or.kr/translatedbooks/412041,,번역서 1종 · 예: La Librería de las ilusiones,포함
3 : 눈물을 마시는 새3,이영도,기타,,발표 시기 미상,https://library.ltikorea.or.kr/translatedbooks/412042,,번역서 1종 · 예: Die Legende vom Tränenvogel . Der Feuergeist,포함
고요할수록 밝아지는 것들,혜민,기타,,발표 시기 미상,https://library.ltikorea.or.kr/translatedbooks/411170,,번역서 2종 · 예: When Things Don't Go Your Way Zen Wisdom for Difficult Times,포함
지난밤 내 꿈에,정한아,기타,,발표 시기 미상,https://library.ltikorea.or.kr/translatedbooks/410943,,"번역서 1종 · 예: Last Night, In My Dream",포함
달가림,어단비,기타,,발표 시기 미상,https://library.ltikorea.or.kr/translatedbooks/410912,,번역서 1종 · 예: DER WALD DER VERLORENEN SCHATTEN,포함
일의 기쁨과 슬픔,장류진,기타,,발표 시기 미상,https://library.ltikorea.or.kr/translatedbooks/404868,,번역서 5종 · 예: 從此好好過生活,포함
The Forest of Stolen Girls,허주은,기타,,발표 시기 미상,https://library.ltikorea.or.kr/translatedbooks/411198,,번역서 1종 · 예: La Forêt des disparues,포함
이름 없는 여자의 여덟 가지 인생 : 이미리내 장편소설,이미리내,장편소설,,발표 시기 미상,https://library.ltikorea.or.kr/translatedbooks/411613,,번역서 1종 · 예: 이름 없는 여자의 여덟 가지 인생 : 이미리내 장편소설,포함
"여름, 어디선가 시체가",박연선,기타,,발표 시기 미상,https://library.ltikorea.or.kr/translatedbooks/405535,,번역서 3종 · 예: วันหนึ่งในฤดูร้อน มีศพนอนอยู่ที่ไหนสักแห่ง,포함
한 개의 별을 노래하자,윤동주,시,,발표 시기 미상,https://library.ltikorea.or.kr/translatedbooks/405150,,번역서 1종 · 예: ひとつの星を歌おう : 朝鮮詩人 独立と抵抗のうた,포함
세상에서 가장 약한 요괴,김동식,기타,,발표 시기 미상,https://library.ltikorea.or.kr/translatedbooks/405479,,번역서 2종 · 예: Самое слабое в мире чудовище,포함
나의 해방일지 대본집4,박해영,기타,,발표 시기 미상,https://library.ltikorea.or.kr/translatedbooks/411935,,번역서 1종 · 예: 我的出走日記. 4,포함
나의 해방일지 대본집3,박해영,기타,,발표 시기 미상,https://library.ltikorea.or.kr/translatedbooks/411934,,번역서 1종 · 예: 我的出走日記. 3,포함
나의 해방일지 대본집2,박해영,기타,,발표 시기 미상,https://library.ltikorea.or.kr/translatedbooks/411933,,번역서 1종 · 예: 我的出走日記. 2,포함
나의 해방일지 대본집1,박해영,기타,,발표 시기 미상,https://library.ltikorea.or.kr/translatedbooks/411932,,번역서 1종 · 예: 我的出走日記. 1,포함
쇼코의 미소,최은영,기타,,발표 시기 미상,https://library.ltikorea.or.kr/translatedbooks/411940,,번역서 5종 · 예: Uśmiech Shoko,포함
수상한 초콜릿 가게,김예은,기타,,발표 시기 미상,https://library.ltikorea.or.kr/translatedbooks/411948,,번역서 1종 · 예: Gizemli Çikolata Dükkanı,포함
연수,장류진,기타,,발표 시기 미상,https://library.ltikorea.or.kr/translatedbooks/411915,,번역서 1종 · 예: 我們都有一顆星星,포함
지구 끝의 온실,김초엽,기타,,발표 시기 미상,https://library.ltikorea.or.kr/translatedbooks/411979,,번역서 6종 · 예: Rumah Kaca di Ujung Bumi,포함
미래 산책 연습,박솔뫼,기타,,발표 시기 미상,https://library.ltikorea.or.kr/translatedbooks/410146,,번역서 1종 · 예: 未来散歩練習,포함
퍼즐,권지예,기타,,발표 시기 미상,https://library.ltikorea.or.kr/translatedbooks/411927,,번역서 1종 · 예: ROMPECABEZAS,포함
고령화 가족,천명관,기타,,발표 시기 미상,https://library.ltikorea.or.kr/translatedbooks/411921,,번역서 6종 · 예: Eine Bumerangfamilie,포함
하나의 경우,이동은,기타,,발표 시기 미상,https://library.ltikorea.or.kr/translatedbooks/411918,,번역서 1종 · 예: Hana,포함
0%를 향해서,서이제,기타,,발표 시기 미상,https://library.ltikorea.or.kr/translatedbooks/411911,,번역서 1종 · 예: 0％に向かって,포함
모두가 헤어지는 하루,서유미,기타,,발표 시기 미상,https://library.ltikorea.or.kr/translatedbooks/411913,,번역서 1종 · 예: 誰もが別れる一日,포함
타인의 집,손원평,기타,,발표 시기 미상,https://library.ltikorea.or.kr/translatedbooks/411910,,번역서 2종 · 예: 他人の家,포함
아젤리아 17,Young-Jun Lee,기타,,발표 시기 미상,https://library.ltikorea.or.kr/translatedbooks/413968,,번역서 2종 · 예: AZALEA Vol.17: Journal of Korean Literature & Culture,포함
한씨연대기,황석영,기타,,발표 시기 미상,https://library.ltikorea.or.kr/translatedbooks/411916,,번역서 8종 · 예: ΤΟ ΧΡΟΝΙΚΟ ΤΟΥ ΚΥΡΙΟΥ ΧΑΝ,포함
내일은 또 다른 날,김금숙,기타,,발표 시기 미상,https://library.ltikorea.or.kr/translatedbooks/411929,,번역서 1종 · 예: Mañana será otro día,포함
생물성,신해욱,기타,,발표 시기 미상,https://library.ltikorea.or.kr/translatedbooks/411923,,번역서 1종 · 예: Biologicity,포함
인간 연습,조정래,기타,,발표 시기 미상,https://library.ltikorea.or.kr/translatedbooks/411925,,번역서 1종 · 예: Der lange Weg zum Leben,포함
구봉한시집,이석호,시,,발표 시기 미상,https://library.ltikorea.or.kr/translatedbooks/411829,,번역서 1종 · 예: Nine Peaks Poems in Classical Chinese A Dual-Language Edition With Parallel Texts,포함
白邨遺稿,이병호,시,,발표 시기 미상,https://library.ltikorea.or.kr/translatedbooks/411831,,번역서 1종 · 예: White Village : Poems in Classical Chinese : A Dual-Language Edition With Parallel Texts,포함
별 헤는 밤 : 윤동주 전집,윤동주,기타,,발표 시기 미상,https://library.ltikorea.or.kr/translatedbooks/408726,,번역서 1종 · 예: Counting the Stars at Night : The Complete Works in Verse and Prose,중복 제외 (앞 순위 출처에 있음)
단지 살인마,최재훈,기타,,발표 시기 미상,https://library.ltikorea.or.kr/translatedbooks/411815,,번역서 1종 · 예: Dix petits meurtres,포함
"칵테일, 러브, 좀비",조예은,기타,,발표 시기 미상,https://library.ltikorea.or.kr/translatedbooks/411697,,번역서 1종 · 예: カクテル、ラブ、ゾンビ,포함
나목,박완서,기타,,발표 시기 미상,https://library.ltikorea.or.kr/translatedbooks/411687,,번역서 4종 · 예: L'arbre nu,포함
판소리 흥보가 (동편제),흥보가,기타,,발표 시기 미상,https://library.ltikorea.or.kr/translatedbooks/411686,,번역서 1종 · 예: Heungboga: Le dit de Heungbo ou le bon frère et le méchant frère,포함
이제야 언니에게,최진영,기타,,발표 시기 미상,https://library.ltikorea.or.kr/translatedbooks/411639,,번역서 3종 · 예: ディア・マイ・シスター,포함
서영동 이야기,조남주,기타,,발표 시기 미상,https://library.ltikorea.or.kr/translatedbooks/411596,,번역서 1종 · 예: ソヨンドン物語,포함
메밀꽃 필 무렵,이효석,기타,,발표 시기 미상,https://library.ltikorea.or.kr/translatedbooks/411617,,번역서 3종 · 예: عندما تتفتح زهور الحنطة السوداء,중복 제외 (앞 순위 출처에 있음)
그 남자 그 여자,이미나,기타,,발표 시기 미상,https://library.ltikorea.or.kr/translatedbooks/411616,,번역서 1종 · 예: ผู้ชาย เขา ผู้หญิง เธอ 101 เรื่องรักหลากหลาย ของชาย หญิง,포함
파과,구병모,장편소설,,발표 시기 미상,https://library.ltikorea.or.kr/translatedbooks/405456,,번역서 8종 · 예: 破果,포함
곰탕2,김영탁,기타,,발표 시기 미상,https://library.ltikorea.or.kr/translatedbooks/414793,,번역서 2종 · 예: 牛骨湯. 下,포함
곰탕 (상-하),김영탁,기타,,발표 시기 미상,https://library.ltikorea.or.kr/translatedbooks/404894,,번역서 1종 · 예: 牛骨湯. 上-下,포함
아령 하는 밤,강영숙,기타,,발표 시기 미상,https://library.ltikorea.or.kr/translatedbooks/410029,,번역서 1종 · 예: At night he lifts weights,포함
바이올렛,신경숙,기타,,발표 시기 미상,https://library.ltikorea.or.kr/translatedbooks/410756,,번역서 5종 · 예: Fiołki,포함
붉은 궁,허주은,기타,,발표 시기 미상,https://library.ltikorea.or.kr/translatedbooks/410916,,번역서 1종 · 예: DER ROTE PALAST,포함
시간을 파는 상점,김선영,기타,,발표 시기 미상,https://library.ltikorea.or.kr/translatedbooks/410856,,번역서 3종 · 예: Магазинчик времени,포함
곰탕1,김영탁,기타,,발표 시기 미상,https://library.ltikorea.or.kr/translatedbooks/410948,,번역서 2종 · 예: KNOCHENSUPPE DER MÖRDER AUS DER ZUKUNFT,포함
한국 한시 선집,CH`OE CHI`I-WŎN,시,,발표 시기 미상,https://library.ltikorea.or.kr/translatedbooks/411606,,번역서 1종 · 예: Korean Sinitic Poetry from Ancient Times to 1945 Si in the East,포함
우리들의 행복한 시간,공지영,기타,,발표 시기 미상,https://library.ltikorea.or.kr/translatedbooks/404850,,번역서 18종 · 예: 我們的幸福時光,포함
"그까짓 사람, 그래도 사람",설레다,기타,,발표 시기 미상,https://library.ltikorea.or.kr/translatedbooks/405518,,번역서 1종 · 예: แล้วทุกอย่างจะดีขึ้นจริง ๆ นะ,포함
귀신나방,장용민,기타,,발표 시기 미상,https://library.ltikorea.or.kr/translatedbooks/405202,,번역서 1종 · 예: ถึงเปลี่ยนร้อยหน้าก็จะตามฆ่าแกให้ได้,포함
백만장자를 위한 공짜 음식. 1-2,이민진,기타,,발표 시기 미상,https://library.ltikorea.or.kr/translatedbooks/410924,,번역서 2종 · 예: Gratisessen für Millionäre,포함
좀비들,김중혁,기타,,발표 시기 미상,https://library.ltikorea.or.kr/translatedbooks/405470,,번역서 4종 · 예: Zombies juke-box,포함
귤의 맛,조남주,기타,,발표 시기 미상,https://library.ltikorea.or.kr/translatedbooks/405157,,번역서 5종 · 예: รสชาติของผลไม้ที่ยังไม่สุกงอม,포함
경애의 마음,김금희,기타,,발표 시기 미상,https://library.ltikorea.or.kr/translatedbooks/411567,,번역서 3종 · 예: 敬愛の心,포함
BTS 길 위에서,홍석경,기타,,발표 시기 미상,https://library.ltikorea.or.kr/translatedbooks/411575,,번역서 1종 · 예: Sur la route de BTS,포함
사이공 나이트,정민,기타,,발표 시기 미상,https://library.ltikorea.or.kr/translatedbooks/411571,,번역서 1종 · 예: SAIGON NIGHT,포함
구관조 씻기기,황인찬,기타,,발표 시기 미상,https://library.ltikorea.or.kr/translatedbooks/411569,,번역서 1종 · 예: Washing A Myna,포함
새의 선물,은희경,기타,,발표 시기 미상,https://library.ltikorea.or.kr/translatedbooks/411579,,번역서 6종 · 예: 鳥的禮物,포함
봄으로 가는 지도,임덕기,기타,,발표 시기 미상,https://library.ltikorea.or.kr/translatedbooks/411368,,번역서 1종 · 예: A Map to the Spring,포함
작별인사,김영하,기타,,발표 시기 미상,https://library.ltikorea.or.kr/translatedbooks/411180,,번역서 2종 · 예: 告別 김영하 장편소설,포함
높고 푸른 사다리,공지영,기타,,발표 시기 미상,https://library.ltikorea.or.kr/translatedbooks/411474,,번역서 2종 · 예: Высокая небесная лестница,포함
구미호 식당 2,박현숙,기타,,발표 시기 미상,https://library.ltikorea.or.kr/translatedbooks/411482,,"번역서 1종 · 예: Ресторан ""Кумихо"" Кастинг для покойников 박현숙 장편소설",포함
"진이, 지니",정유정,기타,,발표 시기 미상,https://library.ltikorea.or.kr/translatedbooks/411473,,"번역서 2종 · 예: Jini, Jinny",포함
그 고양이의 이름은 길다,이주혜,기타,,발표 시기 미상,https://library.ltikorea.or.kr/translatedbooks/411470,,번역서 1종 · 예: その猫の名前は長い 이주혜 소설집,포함
소와 함께 여행하는 법,김도연,기타,,발표 시기 미상,https://library.ltikorea.or.kr/translatedbooks/411201,,번역서 1종 · 예: Как путешествовать с коровой 김도연 장편소설,포함
바늘과 가죽의 시,구병모,기타,,발표 시기 미상,https://library.ltikorea.or.kr/translatedbooks/411480,,번역서 1종 · 예: Kisah Jarum dan Kulit,포함
위저드 베이커리,구병모,기타,,발표 시기 미상,https://library.ltikorea.or.kr/translatedbooks/405455,,번역서 7종 · 예: Piekarnia czarodzieja,포함
라일락 붉게 피던 집,송시우,기타,,발표 시기 미상,https://library.ltikorea.or.kr/translatedbooks/405196,,번역서 1종 · 예: ความลับในบ้านไลแลค,포함
한국대표단편소설 3,현진건,단편소설,,발표 시기 미상,https://library.ltikorea.or.kr/translatedbooks/411242,,번역서 1종 · 예: KIÊN CƯỜNG TRONG GIAN KHÓ,포함
깨어나지 말 걸 그랬어,김하림,기타,,발표 시기 미상,https://library.ltikorea.or.kr/translatedbooks/411296,,"번역서 1종 · 예: День, когда я исчезла",포함
줄줄이 꿴 호랑이,권문희,기타,,발표 시기 미상,https://library.ltikorea.or.kr/translatedbooks/411326,,번역서 1종 · 예: Tigres à la queue leu leu,포함
강소천 동시집,강소천,노래,,발표 시기 미상,https://library.ltikorea.or.kr/translatedbooks/411330,,번역서 1종 · 예: 蟋蟀来电话了,포함
귀뚜라미 우는 밤,강소천,기타,,발표 시기 미상,https://library.ltikorea.or.kr/translatedbooks/411330,,번역서 1종 · 예: 蟋蟀来电话了,포함
히스테리아,김이듬,기타,,발표 시기 미상,https://library.ltikorea.or.kr/translatedbooks/411324,,번역서 2종 · 예: Histeria,포함
천사의 탄식,마종기,시,,발표 시기 미상,https://library.ltikorea.or.kr/translatedbooks/411314,,번역서 1종 · 예: (The) Angel's lament : poems of chonggi mah,포함
(The) Red palace,허주은,기타,,발표 시기 미상,https://library.ltikorea.or.kr/translatedbooks/410917,,번역서 1종 · 예: 붉은 궁,포함
손님,황석영,기타,,발표 시기 미상,https://library.ltikorea.or.kr/translatedbooks/411301,,번역서 7종 · 예: The Guest,포함
동시존재,이종민,기타,,발표 시기 미상,https://library.ltikorea.or.kr/translatedbooks/411288,,번역서 1종 · 예: Synchronicity,포함
박상순 시선집,Park Sangsoon,시,,발표 시기 미상,https://library.ltikorea.or.kr/translatedbooks/411240,,번역서 1종 · 예: Et c'est pas un problème,포함
조선 여성 첫 세계 일주기,나혜석,기타,,발표 시기 미상,https://library.ltikorea.or.kr/translatedbooks/411277,,"번역서 1종 · 예: 朝鮮女性,初の世界一周記",포함
현대 한국단편 문학선,이문열 외,기타,,발표 시기 미상,https://library.ltikorea.or.kr/translatedbooks/411282,,번역서 1종 · 예: דלות גנובה: סיפורים קוריאניים,포함
1 : 눈물을 마시는 새1,이영도,기타,,발표 시기 미상,https://library.ltikorea.or.kr/translatedbooks/411239,,번역서 2종 · 예: Die Legende vom Tränenvogel . Das Blut der Herzlosen,포함
당신이 반짝이던 순간,이진순,기타,,발표 시기 미상,https://library.ltikorea.or.kr/translatedbooks/411238,,번역서 1종 · 예: 韓国の今を映す、12人の輝く瞬間,포함
긴긴밤,루리,기타,,발표 시기 미상,https://library.ltikorea.or.kr/translatedbooks/411168,,번역서 1종 · 예: En uzun gece,포함
노동의 새벽,박노해,기타,,발표 시기 미상,https://library.ltikorea.or.kr/translatedbooks/411226,,번역서 1종 · 예: Dawn of Labor,포함
청혼,배명훈,기타,,발표 시기 미상,https://library.ltikorea.or.kr/translatedbooks/411228,,번역서 1종 · 예: The Proposal,포함
빙글빙글 우주군,배명훈,기타,,발표 시기 미상,https://library.ltikorea.or.kr/translatedbooks/411163,,번역서 2종 · 예: In orbita!,포함
흔들리지 않고 피는 꽃이 어디 있으랴,도종환,기타,,발표 시기 미상,https://library.ltikorea.or.kr/translatedbooks/411194,,번역서 2종 · 예: Nulle fleur n'eclot sans trembler,포함
나의 가장 나종 지니인 것,박완서,단편소설,,발표 시기 미상,https://library.ltikorea.or.kr/translatedbooks/411159,,번역서 2종 · 예: My Very Last Possession and Other Stories,포함
지하촌,강경애,기타,,발표 시기 미상,https://library.ltikorea.or.kr/translatedbooks/411138,,번역서 4종 · 예: The underground village,중복 제외 (앞 순위 출처에 있음)
도가니,공지영,기타,,발표 시기 미상,https://library.ltikorea.or.kr/translatedbooks/411142,,번역서 8종 · 예: 熔爐,포함
천하무적의 정의로운 무법자,강민수,기타,,발표 시기 미상,https://library.ltikorea.or.kr/translatedbooks/410577,,번역서 1종 · 예: Invincible and Righteous Outlaw,포함
시,이창동,시,,발표 시기 미상,https://library.ltikorea.or.kr/translatedbooks/410838,,번역서 2종 · 예: 诗 : 原创剧本,포함
레몬,권여선,기타,,발표 시기 미상,https://library.ltikorea.or.kr/translatedbooks/409637,,번역서 7종 · 예: Lemon,포함
허균 시선집: 성소부부고,허균,시,,발표 시기 미상,https://library.ltikorea.or.kr/translatedbooks/411155,,번역서 1종 · 예: Borderland Roads : The Selected Poems of Ho Kyun,포함
소지,이창동,기타,,발표 시기 미상,https://library.ltikorea.or.kr/translatedbooks/406801,,번역서 2종 · 예: 燒紙,포함
압록강은 흐른다,이미륵,기타,,발표 시기 미상,https://library.ltikorea.or.kr/translatedbooks/411131,,번역서 3종 · 예: Der Yalu fließt,포함
내가 죽인 남자가 돌아왔다,황세연,기타,,발표 시기 미상,https://library.ltikorea.or.kr/translatedbooks/411144,,번역서 3종 · 예: 我杀死的男人回来了,포함
체리새우,황영미,기타,,발표 시기 미상,https://library.ltikorea.or.kr/translatedbooks/411143,,번역서 2종 · 예: 櫻桃蝦米,포함
루트리지 한국 문학 동반자,조희경,기타,,발표 시기 미상,https://library.ltikorea.or.kr/translatedbooks/410317,,번역서 1종 · 예: The Routledge Companion to Korean Literature,포함
엄마를 부탁해,신경숙,장편소설,,발표 시기 미상,https://library.ltikorea.or.kr/translatedbooks/406788,,번역서 41종 · 예: Prends soin de Maman,포함
코리안 티처,서수진,기타,,발표 시기 미상,https://library.ltikorea.or.kr/translatedbooks/411119,,번역서 2종 · 예: Korece Öğretmeni,포함
나의 완벽한 남자친구와 그의 연인,민자형,기타,,발표 시기 미상,https://library.ltikorea.or.kr/translatedbooks/410855,,번역서 1종 · 예: 私の最高の彼氏とその彼女,포함
8월의 저편,유미리,기타,,발표 시기 미상,https://library.ltikorea.or.kr/translatedbooks/410678,,번역서 2종 · 예: The end of August,포함
귀를 기울이면,조남주,기타,,발표 시기 미상,https://library.ltikorea.or.kr/translatedbooks/411127,,번역서 2종 · 예: 耳をすませば,포함
이국에서,이승우,기타,,발표 시기 미상,https://library.ltikorea.or.kr/translatedbooks/411118,,번역서 1종 · 예: На чужині,포함
부서진 여름,이정명,기타,,발표 시기 미상,https://library.ltikorea.or.kr/translatedbooks/411116,,번역서 3종 · 예: صيف ملعون,포함
앨리스 앨리스 하고 부르면,우다영,기타,,발표 시기 미상,https://library.ltikorea.or.kr/translatedbooks/411094,,"번역서 1종 · 예: アリス,アリスと呼べば",포함
오리 부리 이야기,황선애,기타,,발표 시기 미상,https://library.ltikorea.or.kr/translatedbooks/411086,,번역서 1종 · 예: 話匣子鴨大嘴,포함
마치,이수명,기타,,발표 시기 미상,https://library.ltikorea.or.kr/translatedbooks/411081,,번역서 1종 · 예: Just Like,포함
영화는 질문을 멈추지 않는다,전주국제영화제,기타,,발표 시기 미상,https://library.ltikorea.or.kr/translatedbooks/411091,,번역서 1종 · 예: 電影從不停止質問,포함
한국 현대시,구상 외,기타,,발표 시기 미상,https://library.ltikorea.or.kr/translatedbooks/410371,,번역서 1종 · 예: DOUZE POÈTES CORÉENS CONTEMPORAINS,포함
유년의 뜰,오정희,기타,,발표 시기 미상,https://library.ltikorea.or.kr/translatedbooks/411078,,번역서 1종 · 예: 幼年の庭,포함
우리가 다시 만날 세계,황모과,기타,,발표 시기 미상,https://library.ltikorea.or.kr/translatedbooks/411075,,번역서 2종 · 예: 我們，再次重逢的世界,포함
우리의 소원은 전쟁,장강명,기타,,발표 시기 미상,https://library.ltikorea.or.kr/translatedbooks/411072,,번역서 2종 · 예: Qui veut la guerre,포함
1 눈물을 마시는 새,이영도,기타,,발표 시기 미상,https://library.ltikorea.or.kr/translatedbooks/411073,,"번역서 1종 · 예: Птица, которая пьёт слёзы . Сердце нага",포함
구미호 식당,박현숙,기타,,발표 시기 미상,https://library.ltikorea.or.kr/translatedbooks/411033,,번역서 1종 · 예: Ресторан Кумихо,포함
기괴한 레스토랑.1,김민정,기타,,발표 시기 미상,https://library.ltikorea.or.kr/translatedbooks/411036,,번역서 1종 · 예: Зловещий ресторан,포함
비단꽃 넘세,김금화,기타,,발표 시기 미상,https://library.ltikorea.or.kr/translatedbooks/411040,,번역서 1종 · 예: I have come on a lonely path Memoir of a Shaman,포함
프롤레타리아 문학 선집,백신애 외,기타,,발표 시기 미상,https://library.ltikorea.or.kr/translatedbooks/411007,,번역서 1종 · 예: LLAMAS ROJAS : Narrativa proletaria coreana,포함
광장,최인훈,장편소설,,발표 시기 미상,https://library.ltikorea.or.kr/translatedbooks/411000,,번역서 9종 · 예: الساحة,포함
탐라 이야기: 제주도문학선,현기영,기타,,발표 시기 미상,https://library.ltikorea.or.kr/translatedbooks/410992,,번역서 1종 · 예: 耽羅の国の物語,포함
스타일,백영옥,기타,,발표 시기 미상,https://library.ltikorea.or.kr/translatedbooks/410006,,번역서 3종 · 예: รักปรุงรส style,포함
이 시대의 사랑,최승자,기타,,발표 시기 미상,https://library.ltikorea.or.kr/translatedbooks/410982,,번역서 1종 · 예: Phone bells keep ringing for me,포함
누군가를 위하여,김광규,기타,,발표 시기 미상,https://library.ltikorea.or.kr/translatedbooks/410991,,번역서 1종 · 예: EM ĐÃ SỐNG VÌ AI,포함
가랑잎으로 눈가리고,최승범,시,,발표 시기 미상,https://library.ltikorea.or.kr/translatedbooks/410984,,번역서 1종 · 예: 伴侶 詩集,포함
너를 위한 마음,안선모,기타,,발표 시기 미상,https://library.ltikorea.or.kr/translatedbooks/410979,,번역서 1종 · 예: 為你著想的心,포함
네가 부러워,김향이,기타,,발표 시기 미상,https://library.ltikorea.or.kr/translatedbooks/410975,,번역서 1종 · 예: 金豬最愛吃美食,포함
밤나무 밑 알밤 다섯 알,유효진,기타,,발표 시기 미상,https://library.ltikorea.or.kr/translatedbooks/410973,,번역서 1종 · 예: 說夢話的老鼠,포함
되돌아온 착한 마음,이필원,기타,,발표 시기 미상,https://library.ltikorea.or.kr/translatedbooks/410970,,번역서 1종 · 예: 蟬的感謝曲,포함
토리의 거짓말,고수산나,기타,,발표 시기 미상,https://library.ltikorea.or.kr/translatedbooks/410967,,번역서 1종 · 예: 搶錢的妖怪,포함
걱정으로 채워진 욕심 항아리,이붕,기타,,발표 시기 미상,https://library.ltikorea.or.kr/translatedbooks/410964,,번역서 1종 · 예: 裝著幸福的罐子,포함
시골로 간 뚱보 아저씨,박안나,기타,,발표 시기 미상,https://library.ltikorea.or.kr/translatedbooks/410956,,번역서 1종 · 예: 胖叔叔的鄉村日記,포함
고집쟁이 올리,김남중,기타,,발표 시기 미상,https://library.ltikorea.or.kr/translatedbooks/410952,,번역서 1종 · 예: 不聽話的奧利,포함
조선시대 서울도시사,고동환,기타,,발표 시기 미상,https://library.ltikorea.or.kr/translatedbooks/410919,,번역서 1종 · 예: 朝鮮時代ソウル都市史,포함
"봉주르, 뚜르",한윤섭,기타,,발표 시기 미상,https://library.ltikorea.or.kr/translatedbooks/410908,,번역서 1종 · 예: ボンジュール，トゥール,포함
그녀를 만나다,조남주,기타,,발표 시기 미상,https://library.ltikorea.or.kr/translatedbooks/410676,,번역서 1종 · 예: Your Utopia,포함
친밀한 이방인,정한아,기타,,발표 시기 미상,https://library.ltikorea.or.kr/translatedbooks/410096,,번역서 1종 · 예: 第二个安娜,포함
바람의 화원,이정명,기타,,발표 시기 미상,https://library.ltikorea.or.kr/translatedbooks/404778,,번역서 3종 · 예: Painter of the wind,포함
위풍당당 여우 꼬리2,손원평,기타,,발표 시기 미상,https://library.ltikorea.or.kr/translatedbooks/410056,,번역서 2종 · 예: 威風堂々 キツネの尻尾 . 2,포함
김소월의 시 100수,김소월,시,,발표 시기 미상,https://library.ltikorea.or.kr/translatedbooks/410871,,번역서 1종 · 예: কিম সওলের শত কবিতা,포함
서른의 반격,서른의 반격,기타,,발표 시기 미상,https://library.ltikorea.or.kr/translatedbooks/410885,,번역서 1종 · 예: Kontratak,포함
"어둠의 변주, 중국인 거리",어둠의 변주,기타,,발표 시기 미상,https://library.ltikorea.or.kr/translatedbooks/410900,,번역서 1종 · 예: لوان الظالم وتليها احلي الصيني,포함
비 오는 날,지하련,기타,,발표 시기 미상,https://library.ltikorea.or.kr/translatedbooks/410897,,번역서 1종 · 예: 雨日和 : 韓国文学の源流 短編選4,포함
작별하지 않는다,작별하지 않는다,기타,,발표 시기 미상,https://library.ltikorea.or.kr/translatedbooks/410874,,번역서 1종 · 예: Nie mówię żegnaj,포함
별을 스치는 바람,이정명,기타,,발표 시기 미상,https://library.ltikorea.or.kr/translatedbooks/410873,,번역서 7종 · 예: Yıldızlara Değen Rüzgar,포함
대불호텔의 유령,강화길,기타,,발표 시기 미상,https://library.ltikorea.or.kr/translatedbooks/410889,,번역서 1종 · 예: 大仏ホテルの幽霊,포함
세상에 나쁜 사람은 없다,원재훈,기타,,발표 시기 미상,https://library.ltikorea.or.kr/translatedbooks/410879,,번역서 3종 · 예: Tidak Ada Manusia Jahat di Dunia Ini,포함
한국고전소설선,한국고전소설선,소설,,발표 시기 미상,https://library.ltikorea.or.kr/translatedbooks/410881,,번역서 1종 · 예: یمتخ لگ نیمزرس زا ییاههناسفا یروسن,포함
나는 나의 어머니가 되어,고현혜,기타,,발표 시기 미상,https://library.ltikorea.or.kr/translatedbooks/410878,,번역서 1종 · 예: Nënë e vetvetes,포함
방금 떠나온 세계,김초엽,기타,,발표 시기 미상,https://library.ltikorea.or.kr/translatedbooks/410834,,번역서 2종 · 예: この世界からは出ていくけれど,포함
로기완을 만났다,조해진,기타,,발표 시기 미상,https://library.ltikorea.or.kr/translatedbooks/410846,,번역서 3종 · 예: ロ・ギワンに会った,포함
디디의 우산,황정은,기타,,발표 시기 미상,https://library.ltikorea.or.kr/translatedbooks/410865,,번역서 2종 · 예: Dd's umbrella,포함
오직 두 사람,김영하,기타,,발표 시기 미상,https://library.ltikorea.or.kr/translatedbooks/410872,,번역서 2종 · 예: 只有兩個人,포함
고발,반디,기타,,발표 시기 미상,https://library.ltikorea.or.kr/translatedbooks/410102,,번역서 7종 · 예: A acusação,포함
옥상에서 만나요,정세랑,기타,,발표 시기 미상,https://library.ltikorea.or.kr/translatedbooks/410094,,번역서 2종 · 예: 孝尽,포함
보통의 노을,이희영,기타,,발표 시기 미상,https://library.ltikorea.or.kr/translatedbooks/406798,,번역서 1종 · 예: 平凡的餘暉,포함
화장,김훈,기타,,발표 시기 미상,https://library.ltikorea.or.kr/translatedbooks/410066,,번역서 2종 · 예: 火葬,포함
하늘과 바람과 별과 시,윤동주,시,,발표 시기 미상,https://library.ltikorea.or.kr/translatedbooks/408599,,"번역서 9종 · 예: Himmel, Wind, Sterne und Poesie",포함
좋은지 나쁜지 누가 아는가,류시화,기타,,발표 시기 미상,https://library.ltikorea.or.kr/translatedbooks/405716,,번역서 2종 · 예: No pongas un punto donde Dios puso una coma,포함
사하맨션,조남주,기타,,발표 시기 미상,https://library.ltikorea.or.kr/translatedbooks/410086,,번역서 7종 · 예: Saha,포함
서쪽 숲에 갔다,편혜영,장편소설,,발표 시기 미상,https://library.ltikorea.or.kr/translatedbooks/410035,,번역서 2종 · 예: The owl cries : a novel,포함
파친코,이민진,기타,,발표 시기 미상,https://library.ltikorea.or.kr/translatedbooks/406453,,번역서 2종 · 예: Pačinko,포함
마당을 나온 암탉,황선미,기타,,발표 시기 미상,https://library.ltikorea.or.kr/translatedbooks/29031,,번역서 14종 · 예: Uçabileceğini Hayal Eden Tavuk,포함
돌아보니 삶은 아름다웠더라,안경자,기타,,발표 시기 미상,https://library.ltikorea.or.kr/translatedbooks/404668,,번역서 1종 · 예: Nhìn Lại Cuộc Sống Đẹp Biết Bao,포함
푸른 개 장발,황선미,기타,,발표 시기 미상,https://library.ltikorea.or.kr/translatedbooks/403931,,번역서 8종 · 예: Hayal Kurmaya Cesaret Eden Köpek,포함
알사탕,백희나,기타,,발표 시기 미상,https://library.ltikorea.or.kr/translatedbooks/408840,,번역서 4종 · 예: Magiska godiskulor,포함
구름빵,백희나,기타,,발표 시기 미상,https://library.ltikorea.or.kr/translatedbooks/29054,,번역서 7종 · 예: Xứ sở Bánh mì mây,포함
"박막례, 이대로 죽을 순 없다",박막례,기타,,발표 시기 미상,https://library.ltikorea.or.kr/translatedbooks/404175,,번역서 1종 · 예: ７１歳パク・マンネの人生大逆転,포함
나의 루마니아어 수업,장은진,기타,,발표 시기 미상,https://library.ltikorea.or.kr/translatedbooks/410089,,번역서 1종 · 예: 僕のルーマニア語の授業,포함
나는 도망칠 때 가장 용감한 얼굴이 된다,윤을,기타,,발표 시기 미상,https://library.ltikorea.or.kr/translatedbooks/408426,,번역서 1종 · 예: 私は逃げるとき、いちばん勇敢な顔になる,포함
사이코지만 괜찮아 2,조용,기타,,발표 시기 미상,https://library.ltikorea.or.kr/translatedbooks/410546,,번역서 1종 · 예: サイコだけど大丈夫 . 下,포함
위풍당당 여우 꼬리3,손원평,기타,,발표 시기 미상,https://library.ltikorea.or.kr/translatedbooks/410057,,번역서 1종 · 예: 威風堂々 キツネの尻尾 . 3,포함
위풍당당 여우 꼬리1,손원평,기타,,발표 시기 미상,https://library.ltikorea.or.kr/translatedbooks/410053,,번역서 2종 · 예: 威風堂々 キツネの尻尾 . 1,포함
한국 단편소설 선집,Bruce Fulton [Editor] ;,단편소설,,발표 시기 미상,https://library.ltikorea.or.kr/translatedbooks/410079,,번역서 1종 · 예: (The) Penguin Book of Korean Short Stories,포함
우리가 쓴 것 : 조남주 소설집,조남주,단편소설,,발표 시기 미상,https://library.ltikorea.or.kr/translatedbooks/408284,,번역서 2종 · 예: Miss Kim weiß Bescheid: Storys,포함
후레자식 2,김칸비,기타,,발표 시기 미상,https://library.ltikorea.or.kr/translatedbooks/410774,,번역서 1종 · 예: KOPILE 2,포함
어금니 깨물기,김소연,시,,발표 시기 미상,https://library.ltikorea.or.kr/translatedbooks/410766,,번역서 1종 · 예: 奥歯を噛みしめる : 詩がうまれるとき,포함
침이 고인다,김애란,기타,,발표 시기 미상,https://library.ltikorea.or.kr/translatedbooks/410767,,번역서 5종 · 예: 唾がたまる,포함
낯익은 세상,황석영,기타,,발표 시기 미상,https://library.ltikorea.or.kr/translatedbooks/410763,,번역서 9종 · 예: Tanış şeylər,포함
나 하나 쯤이야,이상배,기타,,발표 시기 미상,https://library.ltikorea.or.kr/translatedbooks/410739,,번역서 1종 · 예: 有规则才够好,포함
내일 다시 쓰겠습니다,송경동,기타,,발표 시기 미상,https://library.ltikorea.or.kr/translatedbooks/410758,,번역서 1종 · 예: I'll Write Again Tomorrow,포함
몸으로 부르는 연가,김병호,기타,,발표 시기 미상,https://library.ltikorea.or.kr/translatedbooks/410752,,번역서 1종 · 예: Love Songs Sung with the Body,포함
이산 정조대왕,류은경,기타,,발표 시기 미상,https://library.ltikorea.or.kr/translatedbooks/410707,,번역서 2종 · 예: ลีซาน จอมบัลลังก์พลิกแผ่นดิน เล่ม 2,포함
신이 쉼표를 넣은 곳에 마침표를 찍지 말라,류시화,기타,,발표 시기 미상,https://library.ltikorea.or.kr/translatedbooks/410690,,번역서 1종 · 예: Geschichten sind das Kleid der Wahrheit,포함
거울,원성,기타,,발표 시기 미상,https://library.ltikorea.or.kr/translatedbooks/410702,,번역서 1종 · 예: 鏡子,포함
无论你选择什么样的人生，我都为你加油 네가 어떤 삶을 살든 나는 너를 응원할 것이다,공지영,기타,,발표 시기 미상,https://library.ltikorea.or.kr/translatedbooks/410011,,번역서 1종 · 예: 无论你选择什么样的人生，我都为你加油 네가 어떤 삶을 살든 나는 너를 응원할 것이다,포함
한 방울의 만남,박희진,기타,,발표 시기 미상,https://library.ltikorea.or.kr/translatedbooks/27830,,번역서 1종 · 예: 一滴の出会い,포함
화염 속의 샘: 고은 시선,고은,기타,,발표 시기 미상,https://library.ltikorea.or.kr/translatedbooks/410699,,번역서 1종 · 예: Fuente en llamas,포함
세계인이 알아야 할 한국의 시조,우탁,시조,,발표 시기 미상,https://library.ltikorea.or.kr/translatedbooks/408857,,번역서 1종 · 예: 150 Sijo-Gedichte,포함
소,김기택,기타,,발표 시기 미상,https://library.ltikorea.or.kr/translatedbooks/408858,,번역서 1종 · 예: LA VACA,포함
돌이 천둥이다,이재훈,기타,,발표 시기 미상,https://library.ltikorea.or.kr/translatedbooks/410603,,번역서 1종 · 예: Rock Is Thunder,포함
이별 후의 이별,장석원,기타,,발표 시기 미상,https://library.ltikorea.or.kr/translatedbooks/410605,,번역서 1종 · 예: Parting After Parting,포함
완득이,김려령,기타,,발표 시기 미상,https://library.ltikorea.or.kr/translatedbooks/410606,,번역서 3종 · 예: Кикбоксинг для чайников,포함
일곱 개의 고양이 눈,최제훈,기타,,발표 시기 미상,https://library.ltikorea.or.kr/translatedbooks/410560,,번역서 3종 · 예: 7 kedi gözü,포함
개 다섯 마리의 밤,채영신,기타,,발표 시기 미상,https://library.ltikorea.or.kr/translatedbooks/410557,,번역서 1종 · 예: Ночь пяти псов,포함
마법소녀는 왜 세상을 구하지 못했을까?,백설희,기타,,발표 시기 미상,https://library.ltikorea.or.kr/translatedbooks/410554,,번역서 1종 · 예: 魔法少女はなぜ世界を救えなかったのか？,포함
청구야담,이강옥,기타,,발표 시기 미상,https://library.ltikorea.or.kr/translatedbooks/410544,,번역서 1종 · 예: Podivné historky ze staré Koreje,포함
외국어 학습담,로버트 파우저,기타,,발표 시기 미상,https://library.ltikorea.or.kr/translatedbooks/410529,,번역서 1종 · 예: 僕はなぜ一生外国語を学ぶのか,포함
수학자의 아침,김소연,기타,,발표 시기 미상,https://library.ltikorea.or.kr/translatedbooks/410530,,번역서 1종 · 예: 数学者の朝,포함
이청준 소설선: 예언자 외,이청준,소설,,발표 시기 미상,https://library.ltikorea.or.kr/translatedbooks/410502,,번역서 2종 · 예: DIE FEUERFRAU,포함
일지매,허수정,기타,,발표 시기 미상,https://library.ltikorea.or.kr/translatedbooks/410491,,번역서 1종 · 예: อิลจีแม,포함
올해의 미숙,정원,기타,,발표 시기 미상,https://library.ltikorea.or.kr/translatedbooks/410480,,번역서 1종 · 예: MISUK LA CHICA DEL AÑO,포함
바리데기,황석영,기타,,발표 시기 미상,https://library.ltikorea.or.kr/translatedbooks/410476,,번역서 18종 · 예: Księżniczka Bari,포함
멈추지 않는 도전,박지성,기타,,발표 시기 미상,https://library.ltikorea.or.kr/translatedbooks/410475,,번역서 1종 · 예: 信じるチカラ パクチソン自伝,포함
"고전소설선-흥부전, 심청전, 춘향전-",서종순,소설,,발표 시기 미상,https://library.ltikorea.or.kr/translatedbooks/2142,,번역서 1종 · 예: श्रेष्ठ कोरियाई कथाएँ,포함
귀머거리 너구리와 백석 동화나라,백석,동화,,발표 시기 미상,https://library.ltikorea.or.kr/translatedbooks/410361,,번역서 2종 · 예: Reiseintopf beim frosch,포함
한국현대소설선: 바다와 나비,하근찬,소설,,발표 시기 미상,https://library.ltikorea.or.kr/translatedbooks/410363,,번역서 1종 · 예: truyện ngắn hiện đại Hàn Quốc,포함
국토와 민족생활사,최영준,기타,,발표 시기 미상,https://library.ltikorea.or.kr/translatedbooks/410359,,번역서 1종 · 예: Land and Life : A historical Geographical Exploration of Korea,포함
"더블 A, B",박민규,기타,,발표 시기 미상,https://library.ltikorea.or.kr/translatedbooks/410337,,번역서 1종 · 예: Aspirina,포함
바깥은 여름,김애란,기타,,발표 시기 미상,https://library.ltikorea.or.kr/translatedbooks/410341,,번역서 6종 · 예: А надворі — літо,포함
숙향전·숙영낭자전,이상구,기타,,발표 시기 미상,https://library.ltikorea.or.kr/translatedbooks/410340,,번역서 3종 · 예: La historia de Sukhyang y la joven Sugyeong,포함
한국고대중세시가집,이성일,시,,발표 시기 미상,https://library.ltikorea.or.kr/translatedbooks/410353,,"번역서 1종 · 예: Ancient, Medieval, and Premodern Korean Songs and Poems : An Historical Anthology, With Parallel Texts in Korean and English",포함
하이킹 걸즈,김혜정,기타,,발표 시기 미상,https://library.ltikorea.or.kr/translatedbooks/410338,,번역서 1종 · 예: Gió Ơi Cứ Thổi,포함
위풍당당,성석제,기타,,발표 시기 미상,https://library.ltikorea.or.kr/translatedbooks/410330,,번역서 2종 · 예: Erhobenen Hauptes,포함
작은 동네,손보미,기타,,발표 시기 미상,https://library.ltikorea.or.kr/translatedbooks/410327,,번역서 1종 · 예: 小さな町,포함
괄호가 많은 편지,김령화,기타,,발표 시기 미상,https://library.ltikorea.or.kr/translatedbooks/410325,,번역서 1종 · 예: カッコの多い手紙,포함
지상 최대의 내기,곽재식,기타,,발표 시기 미상,https://library.ltikorea.or.kr/translatedbooks/410310,,번역서 1종 · 예: The Greatest Gamble On Earth,포함
여신과의 산책,이지민,기타,,발표 시기 미상,https://library.ltikorea.or.kr/translatedbooks/410308,,번역서 1종 · 예: Walk With A Goddess,포함
"중국산 모조 비아그라와 제제, 어디에도 고이지 못하는 소변에 대한 짧은 농담",박상영,기타,,발표 시기 미상,https://library.ltikorea.or.kr/translatedbooks/410309,,번역서 1종 · 예: Knockoff Viagra & Jeje,포함
복원되지 못한 것들을 위하여,박완서,기타,,발표 시기 미상,https://library.ltikorea.or.kr/translatedbooks/410307,,번역서 1종 · 예: For That Which Cannot Be Restored,포함
바비의 분위기,박민정,기타,,발표 시기 미상,https://library.ltikorea.or.kr/translatedbooks/410304,,번역서 1종 · 예: Like A Barbie,포함
쿄코와 쿄지,한정현,기타,,발표 시기 미상,https://library.ltikorea.or.kr/translatedbooks/410305,,번역서 1종 · 예: Kyoko & Kyoji,포함
0%를 향하여,서이제,기타,,발표 시기 미상,https://library.ltikorea.or.kr/translatedbooks/410306,,번역서 1종 · 예: Towards 0%,포함
만다라,김성동,기타,,발표 시기 미상,https://library.ltikorea.or.kr/translatedbooks/410290,,번역서 4종 · 예: Мандала,포함
나는 기생이다,정병설,기타,,발표 시기 미상,https://library.ltikorea.or.kr/translatedbooks/410303,,번역서 1종 · 예: Je suis une Kisaeng,포함
목소리를 드릴게요,정세랑,기타,,발표 시기 미상,https://library.ltikorea.or.kr/translatedbooks/410286,,번역서 2종 · 예: Take My Voice,포함
후레자식 1,김칸비,기타,,발표 시기 미상,https://library.ltikorea.or.kr/translatedbooks/410283,,번역서 1종 · 예: KOPILE 1,포함
"진, 진",이동은,기타,,발표 시기 미상,https://library.ltikorea.or.kr/translatedbooks/410278,,번역서 1종 · 예: Jin & Jin,포함
빛의 호위,조해진,기타,,발표 시기 미상,https://library.ltikorea.or.kr/translatedbooks/410279,,번역서 2종 · 예: 光之护卫,포함
법화영험전,요원,기타,,발표 시기 미상,https://library.ltikorea.or.kr/translatedbooks/410265,,번역서 1종 · 예: STORIE DI MIRACOLI BUDDHISTI,포함
덧니가 보고 싶어,정세랑,기타,,발표 시기 미상,https://library.ltikorea.or.kr/translatedbooks/410268,,번역서 1종 · 예: 八重歯が見たい,포함
"지금 사랑하지 않는 자, 모두 유죄",노희경,기타,,발표 시기 미상,https://library.ltikorea.or.kr/translatedbooks/410264,,번역서 1종 · 예: 此刻不愛的人，都有罪,포함
공간의 미래,유현준,기타,,발표 시기 미상,https://library.ltikorea.or.kr/translatedbooks/410271,,번역서 1종 · 예: 空間の未来,포함
사랑과 시작,권박,기타,,발표 시기 미상,https://library.ltikorea.or.kr/translatedbooks/410251,,번역서 1종 · 예: Love and the Beginning,포함
라디오 데이즈,하재연,기타,,발표 시기 미상,https://library.ltikorea.or.kr/translatedbooks/410242,,번역서 1종 · 예: Radio Days,포함
이상 선집,이상,기타,,발표 시기 미상,https://library.ltikorea.or.kr/translatedbooks/410234,,번역서 1종 · 예: L'inscription de la terreur,포함
Lee Wade's Korean Cookery,リー,기타,,발표 시기 미상,https://library.ltikorea.or.kr/translatedbooks/7931,,번역서 1종 · 예: リー ウェイドの韓国料理,포함
날개 외,이상,기타,,발표 시기 미상,https://library.ltikorea.or.kr/translatedbooks/5343,,번역서 1종 · 예: FLORES DE FUEGO,포함
동네에서 제일 싼 프랑스,서정학,기타,,발표 시기 미상,https://library.ltikorea.or.kr/translatedbooks/410205,,번역서 1종 · 예: The Cheapest France In Town,포함
내 딸을 백원에 팝니다,장진성,기타,,발표 시기 미상,https://library.ltikorea.or.kr/translatedbooks/27803,,번역서 1종 · 예: わたしの娘を一〇〇ウォンで売ります,포함
팬데믹 : 여섯 개의 세계,김초엽,단편소설,,발표 시기 미상,https://library.ltikorea.or.kr/translatedbooks/405726,,번역서 1종 · 예: 最後のライオニ : 韓国パンデミックＳＦ小説集,포함
감자,김동인,단편소설,,발표 시기 미상,https://library.ltikorea.or.kr/translatedbooks/410199,,번역서 4종 · 예: Patates ve Diger Öyküler,중복 제외 (앞 순위 출처에 있음)
7월 포플라,박희진,기타,,발표 시기 미상,https://library.ltikorea.or.kr/translatedbooks/27833,,번역서 1종 · 예: 七月のポプラ,포함
일주일,김려령,기타,,발표 시기 미상,https://library.ltikorea.or.kr/translatedbooks/410198,,번역서 1종 · 예: Một Tuần,포함
현대한국단편선(하),임철우 외,단편소설,,발표 시기 미상,https://library.ltikorea.or.kr/translatedbooks/2242,,번역서 1종 · 예: 現代韓国短篇選 下,포함
알퍼므쉬와 주몽신화의 영웅신화적 요소 비교 연구,오은경,소설,,발표 시기 미상,https://library.ltikorea.or.kr/translatedbooks/404779,,"번역서 2종 · 예: Сравнительно-типологический анализ дастанов “Алпомиш” и “Жумонг""",포함
한국고전시가집,월명대사 외,시,,발표 시기 미상,https://library.ltikorea.or.kr/translatedbooks/413350,,번역서 1종 · 예: Kranich am Meer : Koreanische Gedichte,포함
"바닷가의 학, 한국 시가(가제)",월명대사 외,시,,발표 시기 미상,https://library.ltikorea.or.kr/translatedbooks/414843,,번역서 1종 · 예: Kranich am Meer : Koreanische Gedichte,포함
날개,이상,기타,,발표 시기 미상,https://library.ltikorea.or.kr/translatedbooks/410157,,번역서 4종 · 예: Die Flügel,중복 제외 (앞 순위 출처에 있음)
칼,이승우,기타,,발표 시기 미상,https://library.ltikorea.or.kr/translatedbooks/410169,,번역서 1종 · 예: Die Messer,포함
"알로하, 나의 엄마들",이금이,기타,,발표 시기 미상,https://library.ltikorea.or.kr/translatedbooks/410159,,번역서 5종 · 예: Drei Frauen und der Traum vom Paradies Drei Frauen und der Traum vom Paradies,포함
日韓環境詩選集 / 지구는 아름답다,권택명,기타,,발표 시기 미상,https://library.ltikorea.or.kr/translatedbooks/7839,,번역서 1종 · 예: 地球は美しい,포함
古巴尋寶記,Gomdori Co.,기타,,발표 시기 미상,https://library.ltikorea.or.kr/translatedbooks/8021,,번역서 1종 · 예: 古巴尋寶記,포함
한국여성작가단편선,박완서 외,기타,,발표 시기 미상,https://library.ltikorea.or.kr/translatedbooks/2297,,번역서 1종 · 예: 韓国女性作家短編選,포함
누구에게나 친절한 교회오빠 강민호,이기호,기타,,발표 시기 미상,https://library.ltikorea.or.kr/translatedbooks/408804,,번역서 2종 · 예: Любезният към всички Канг Минхо,포함
꽃게 무덤 외 : 한국현대단편선,권지예,기타,,발표 시기 미상,https://library.ltikorea.or.kr/translatedbooks/406187,,번역서 1종 · 예: ワタリガニの墓 : 韓国現代短編選,포함
Gyeongju Namsan : esculturas budistas en la tierra pura del reino Coreano de silla ; 경주 남산,김원룡,기타,,발표 시기 미상,https://library.ltikorea.or.kr/translatedbooks/7957,,번역서 1종 · 예: Gyeongju Namsan : esculturas budistas en la tierra pura del reino Coreano de silla ; 경주 남산,포함
백두대간,김정현,기타,,발표 시기 미상,https://library.ltikorea.or.kr/translatedbooks/10628,,번역서 1종 · 예: 白頭大幹 : Junghyun Kim and his Baekdudaegan,포함
(La)caja azul ; (El)bastón azul,Chmielewska,기타,,발표 시기 미상,https://library.ltikorea.or.kr/translatedbooks/5392,,번역서 1종 · 예: (La)caja azul ; (El)bastón azul,포함
선을 넘는 한국인 선을 긋는 일본인,한민,기타,,발표 시기 미상,https://library.ltikorea.or.kr/translatedbooks/410142,,번역서 1종 · 예: 越線的韓國人，劃線的日本人,포함
웬만해선 아무렇지 않다,이기호,기타,,발표 시기 미상,https://library.ltikorea.or.kr/translatedbooks/410139,,"번역서 1종 · 예: PASE LO QUE PASE, TODO VA A ESTAR BIEN",포함
당신의 죄는 내가 아닙니까,최지인,기타,,발표 시기 미상,https://library.ltikorea.or.kr/translatedbooks/410122,,번역서 1종 · 예: Am I Not Your Sin,포함
가난은 유지되어야 한다,김사이,기타,,발표 시기 미상,https://library.ltikorea.or.kr/translatedbooks/410125,,번역서 1종 · 예: Poverty Must Persist,포함
녹천에는 똥이 많다,이창동,기타,,발표 시기 미상,https://library.ltikorea.or.kr/translatedbooks/410119,,번역서 2종 · 예: 鹿川（ノクチョン）は糞に塗（まみ）れて,포함
에디 혹은 애슐리,김성중,기타,,발표 시기 미상,https://library.ltikorea.or.kr/translatedbooks/410134,,번역서 1종 · 예: エディ、あるいはアシュリー,포함
세 여자2,조선희,기타,,발표 시기 미상,https://library.ltikorea.or.kr/translatedbooks/410118,,번역서 1종 · 예: 三人の女 下,포함
세 여자1,조선희,기타,,발표 시기 미상,https://library.ltikorea.or.kr/translatedbooks/410116,,번역서 1종 · 예: 三人の女 上,포함
까대기,이종철,기타,,발표 시기 미상,https://library.ltikorea.or.kr/translatedbooks/410113,,번역서 1종 · 예: カデギ,포함
한국고전선집,임형택,기타,,발표 시기 미상,https://library.ltikorea.or.kr/translatedbooks/409973,,번역서 1종 · 예: Музыканты и мстители,포함
파도가 바다의 일이라면,김연수,기타,,발표 시기 미상,https://library.ltikorea.or.kr/translatedbooks/408634,,번역서 3종 · 예: 波が海のさだめなら,포함
기기인 도로,김이환 외,기타,,발표 시기 미상,https://library.ltikorea.or.kr/translatedbooks/409969,,번역서 1종 · 예: 蒸気駆動の男,포함
봉준호를 읽다,황영미 외,기타,,발표 시기 미상,https://library.ltikorea.or.kr/translatedbooks/409944,,번역서 1종 · 예: Leggere Bong Joon Ho,포함
해피빌라,조창인,기타,,발표 시기 미상,https://library.ltikorea.or.kr/translatedbooks/409950,,번역서 1종 · 예: KHU TẬP THỂ HẠNH PHÚC,포함
울지도 못했다,김중식,기타,,발표 시기 미상,https://library.ltikorea.or.kr/translatedbooks/409908,,번역서 1종 · 예: کتاب حتی نتوانستم گریه کنم,포함
어제는 봄,최은미,기타,,발표 시기 미상,https://library.ltikorea.or.kr/translatedbooks/409940,,번역서 1종 · 예: Dün Bahardı,포함
엄마의 집,전경린,기타,,발표 시기 미상,https://library.ltikorea.or.kr/translatedbooks/409811,,번역서 1종 · 예: NHÀ CỦA MẸ,포함
뜨거운 피,김언수,기타,,발표 시기 미상,https://library.ltikorea.or.kr/translatedbooks/409938,,번역서 3종 · 예: 野獣の血,포함
심해수,이경탁,기타,,발표 시기 미상,https://library.ltikorea.or.kr/translatedbooks/409899,,번역서 2종 · 예: Léviathan 2 : deep water,포함
나의 미친 페미니스트 여자친구,민지형,기타,,발표 시기 미상,https://library.ltikorea.or.kr/translatedbooks/409854,,번역서 3종 · 예: Моя безумная бывшая,포함
탈향: 이호철단편소설집,이호철,단편소설,,발표 시기 미상,https://library.ltikorea.or.kr/translatedbooks/409892,,번역서 2종 · 예: Уйти и не вернуться,포함
월요일이 없는 소년,황희,기타,,발표 시기 미상,https://library.ltikorea.or.kr/translatedbooks/409933,,번역서 1종 · 예: Парень без понедельника,포함
"판소리: 춘향가, 심청가, 수궁가",작자미상,기타,,발표 시기 미상,https://library.ltikorea.or.kr/translatedbooks/409903,,번역서 1종 · 예: Simcheongga,포함
한국의 옛날 이야기,Вадим Грушевский [Author],기타,,발표 시기 미상,https://library.ltikorea.or.kr/translatedbooks/25513,,번역서 1종 · 예: Корейские сказки : Метод обучающего чтения Ильи Франка,포함
식물들의 사생활,이승우,기타,,발표 시기 미상,https://library.ltikorea.or.kr/translatedbooks/409856,,번역서 7종 · 예: Bitkilerin Özel Hayatı,포함
돌담에 속삭이는,임철우,기타,,발표 시기 미상,https://library.ltikorea.or.kr/translatedbooks/409905,,번역서 1종 · 예: Ein Flüstern aus der Mauer,포함
얼마나 닮았는가,김보영,기타,,발표 시기 미상,https://library.ltikorea.or.kr/translatedbooks/409894,,번역서 1종 · 예: どれほど似ているか,포함
레즈비언의 산부인과,이은해,기타,,발표 시기 미상,https://library.ltikorea.or.kr/translatedbooks/409915,,번역서 1종 · 예: 産婦人科＃MeToo,포함
더 셜리 클럽,박서련,기타,,발표 시기 미상,https://library.ltikorea.or.kr/translatedbooks/409896,,번역서 1종 · 예: シャーリー・クラブ,포함
나는 이름이 있었다,오은,기타,,발표 시기 미상,https://library.ltikorea.or.kr/translatedbooks/409886,,번역서 1종 · 예: 僕には名前があった,포함
인플루언서 엄마를 고발합니다,제성은,기타,,발표 시기 미상,https://library.ltikorea.or.kr/translatedbooks/409884,,번역서 2종 · 예: 男たちの部屋 : 韓国の「遊興店」とホモソーシャルな欲望,포함
지도는 언제나 말을 해,김희경,기타,,발표 시기 미상,https://library.ltikorea.or.kr/translatedbooks/10471,,번역서 2종 · 예: Wo geht's lang?: Karten erklären die Welt,포함
달은 어디에 떠 있나?,정창훈,기타,,발표 시기 미상,https://library.ltikorea.or.kr/translatedbooks/10472,,번역서 2종 · 예: Unser Mond ein Himmelskörper auf Reisen,포함
고양이에게,권윤주,기타,,발표 시기 미상,https://library.ltikorea.or.kr/translatedbooks/11432,,"번역서 1종 · 예: Toi, mon chat",포함
김남조 시선집,김남조,시,,발표 시기 미상,https://library.ltikorea.or.kr/translatedbooks/5304,,번역서 1종 · 예: Antología poética,포함
Roman / 빛의 제국,김영하,기타,,발표 시기 미상,https://library.ltikorea.or.kr/translatedbooks/9946,,번역서 1종 · 예: Im Reich der Lichter,포함
오래된 것들을 생각할 때에는,고형렬,기타,,발표 시기 미상,https://library.ltikorea.or.kr/translatedbooks/409877,,번역서 1종 · 예: Ikan adalah pertapa : Kumpulan pulsi ko hyeong ryeol,포함
인간의 법정,조광희,기타,,발표 시기 미상,https://library.ltikorea.or.kr/translatedbooks/409845,,번역서 1종 · 예: Human Court,포함
소설가 구보씨의 일일,박태원,소설,,발표 시기 미상,https://library.ltikorea.or.kr/translatedbooks/409824,,번역서 4종 · 예: Un día en la vida del novelista Kubo,포함
북촌,신달자,시,,발표 시기 미상,https://library.ltikorea.or.kr/translatedbooks/409844,,번역서 1종 · 예: BUKCHON : Poems of Shin Dal-ja,포함
엄원태 시선집,엄원태,시,,발표 시기 미상,https://library.ltikorea.or.kr/translatedbooks/409837,,번역서 1종 · 예: Dans une région obscure,포함
내 여자친구와 여자친구들,조우리,기타,,발표 시기 미상,https://library.ltikorea.or.kr/translatedbooks/409829,,번역서 1종 · 예: 私の彼女と女友達,포함
나쁜 친구,앙꼬,기타,,발표 시기 미상,https://library.ltikorea.or.kr/translatedbooks/409825,,번역서 3종 · 예: Más Companhias,포함
다른 사람,강화길,기타,,발표 시기 미상,https://library.ltikorea.or.kr/translatedbooks/409774,,번역서 4종 · 예: Another Person,포함
평강공주 2,최사규,기타,,발표 시기 미상,https://library.ltikorea.or.kr/translatedbooks/409758,,"번역서 1종 · 예: Река, где восходит луна : Пхёнган и Ондаль",포함
벌새,김보라,기타,,발표 시기 미상,https://library.ltikorea.or.kr/translatedbooks/409797,,번역서 1종 · 예: はちどり : 1994年、閉ざされることのない記憶の記録,포함
여인들과 진화하는 적들,김숨,기타,,발표 시기 미상,https://library.ltikorea.or.kr/translatedbooks/409791,,번역서 1종 · 예: 女人與她們進化的天敵,포함
너는,곽효환,기타,,발표 시기 미상,https://library.ltikorea.or.kr/translatedbooks/409768,,번역서 1종 · 예: Et toi...,포함
나의 영혼을 풀어주어라!,김지하,기타,,발표 시기 미상,https://library.ltikorea.or.kr/translatedbooks/409753,,번역서 1종 · 예: 我が魂を解き放せ,포함
불새,최인호,기타,,발표 시기 미상,https://library.ltikorea.or.kr/translatedbooks/409741,,번역서 1종 · 예: 火鸟,포함
"100℃ : 뜨거운 기억, 6월민주항쟁",최규석,기타,,발표 시기 미상,https://library.ltikorea.or.kr/translatedbooks/409691,,번역서 1종 · 예: 100°C: South Korea's 1987 Democracy Movement,포함
My GrandMom : 할머니 엄마,이지은,기타,,발표 시기 미상,https://library.ltikorea.or.kr/translatedbooks/409729,,번역서 1종 · 예: My GrandMom : 할머니 엄마,포함
엄마의 말뚝,박완서,기타,,발표 시기 미상,https://library.ltikorea.or.kr/translatedbooks/409730,,번역서 3종 · 예: Matczyna droga,포함
내 마음의 장대로,유태승,기타,,발표 시기 미상,https://library.ltikorea.or.kr/translatedbooks/409733,,번역서 1종 · 예: With The Pole Of My Heart,포함
감옥으로부터의 사색,신영복,기타,,발표 시기 미상,https://library.ltikorea.or.kr/translatedbooks/409739,,번역서 1종 · 예: Reflections from Prison,포함
기생충 스토리보드북,봉준호,기타,,발표 시기 미상,https://library.ltikorea.or.kr/translatedbooks/409718,,번역서 1종 · 예: PARASITE,포함
글로리홀,김현,기타,,발표 시기 미상,https://library.ltikorea.or.kr/translatedbooks/409714,,번역서 1종 · 예: Glory Hole,포함
그래도 나는 피었습니다,문영숙,기타,,발표 시기 미상,https://library.ltikorea.or.kr/translatedbooks/409705,,번역서 1종 · 예: Trampled Blossoms,포함
얼음나무 숲,하지은,기타,,발표 시기 미상,https://library.ltikorea.or.kr/translatedbooks/409675,,번역서 2종 · 예: ледяной лес,포함
앙코르,신동옥,기타,,발표 시기 미상,https://library.ltikorea.or.kr/translatedbooks/409673,,번역서 1종 · 예: Encore,포함
아가,이문열,기타,,발표 시기 미상,https://library.ltikorea.or.kr/translatedbooks/409676,,번역서 1종 · 예: AGA : LA SOMBRA DE LA OSCURIDAD,포함
방한림전,김윤희,기타,,발표 시기 미상,https://library.ltikorea.or.kr/translatedbooks/409653,,번역서 1종 · 예: La Guerrera Bang Gwanju,포함
멀리 있다 우루는 늦을 것이다,배수아,기타,,발표 시기 미상,https://library.ltikorea.or.kr/translatedbooks/409649,,번역서 1종 · 예: 遠きにありて、ウルは遅れるだろう,포함
아무도 편지하지 않다,장은진,기타,,발표 시기 미상,https://library.ltikorea.or.kr/translatedbooks/409647,,번역서 3종 · 예: Nikt nie odpisuje,포함
시와 산책,한정원,시,,발표 시기 미상,https://library.ltikorea.or.kr/translatedbooks/409650,,번역서 1종 · 예: 詩と散策 : Poetry and Walks,포함
어디선가 나를 찾는 전화벨이 울리고,신경숙,기타,,발표 시기 미상,https://library.ltikorea.or.kr/translatedbooks/409642,,번역서 12종 · 예: Çağırdığın yerdə olacağam,포함
소록도 천국으로의 여행,강선봉,기타,,발표 시기 미상,https://library.ltikorea.or.kr/translatedbooks/409651,,번역서 1종 · 예: 小鹿島 賤国への旅,포함
지금 장미를 따라,문정희,기타,,발표 시기 미상,https://library.ltikorea.or.kr/translatedbooks/409641,,번역서 3종 · 예: 我们去摘玫瑰花,포함
한국현대시인시선집,한국현대시인시선집,시,,발표 시기 미상,https://library.ltikorea.or.kr/translatedbooks/408862,,"번역서 1종 · 예: C’est l’heure où le monde s’agrandit, onze poètes coréens de notre temps",포함
홍길동전,허균,기타,,발표 시기 미상,https://library.ltikorea.or.kr/translatedbooks/409584,,번역서 9종 · 예: Hong Gildong’un Hikâyesi,중복 제외 (앞 순위 출처에 있음)
하늘과 바람과 별과 시: 윤동주. 이육사 시선,Yoon Dong-joo,기타,,발표 시기 미상,https://library.ltikorea.or.kr/translatedbooks/408875,,번역서 1종 · 예: آسمان و باد و ستاره و شعر,포함
심청전 운영전,심청전 운영전,기타,,발표 시기 미상,https://library.ltikorea.or.kr/translatedbooks/409226,,번역서 1종 · 예: Vyprávění o Sim Čchŏng Vyprávění o Unjŏng,포함
상냥한 폭력의 시대,정이현,기타,,발표 시기 미상,https://library.ltikorea.or.kr/translatedbooks/409228,,번역서 2종 · 예: Когда причиняют добро,포함
인간의 시간,김행숙,기타,,발표 시기 미상,https://library.ltikorea.or.kr/translatedbooks/409176,,번역서 1종 · 예: Human Time,포함
채만식 단편선,채만식,단편소설,,발표 시기 미상,https://library.ltikorea.or.kr/translatedbooks/408983,,번역서 2종 · 예: “Benim Saf Amcam” ve Diğer Öyküler,포함
무정,이광수,기타,,발표 시기 미상,https://library.ltikorea.or.kr/translatedbooks/408976,,번역서 4종 · 예: Senza cuore,중복 제외 (앞 순위 출처에 있음)
안중근전,박은식,기타,,발표 시기 미상,https://library.ltikorea.or.kr/translatedbooks/408986,,번역서 1종 · 예: 安重根,포함
심청전,정지아,기타,,발표 시기 미상,https://library.ltikorea.or.kr/translatedbooks/408879,,번역서 1종 · 예: Hayırlı Evlat,포함
내가 가진 산책길을 다 줄게: 정우신 시집,정우신,시,,발표 시기 미상,https://library.ltikorea.or.kr/translatedbooks/408882,,번역서 1종 · 예: I'll give you all my promenade,포함
Sobre mi hija,Kim Hye-jin [Author] ;,기타,,발표 시기 미상,https://library.ltikorea.or.kr/translatedbooks/408871,,번역서 1종 · 예: Sobre mi hija,포함
权力与人 : 思悼世子之死与朝鲜王室,鄭炳説 [着] ;,기타,,발표 시기 미상,https://library.ltikorea.or.kr/translatedbooks/408873,,번역서 1종 · 예: 权力与人 : 思悼世子之死与朝鲜王室,포함
The Specters of Algeria,Hwang Yeo Jung [Author] ;,기타,,발표 시기 미상,https://library.ltikorea.or.kr/translatedbooks/408868,,번역서 1종 · 예: The Specters of Algeria,포함
전쟁과 사회,김동춘,기타,,발표 시기 미상,https://library.ltikorea.or.kr/translatedbooks/408866,,번역서 3종 · 예: a social history of the korean war,포함
"심청전, 춘향전",Lý Xuân Chung,기타,,발표 시기 미상,https://library.ltikorea.or.kr/translatedbooks/408864,,번역서 1종 · 예: THẨM THANH TRUYỆN VÀ XUÂN HƯƠNG TRUYỆN,포함
고산자,박범신,기타,,발표 시기 미상,https://library.ltikorea.or.kr/translatedbooks/406799,,번역서 2종 · 예: 古山子,포함
계속해보겠습니다,황정은,장편소설,,발표 시기 미상,https://library.ltikorea.or.kr/translatedbooks/405462,,번역서 2종 · 예: Je vais ainsi : roman traduit par jeong eun jin et jacques batilliot,포함
그 많던 싱아는 누가 다 먹었을까,박완서,기타,,발표 시기 미상,https://library.ltikorea.or.kr/translatedbooks/408849,,번역서 8종 · 예: Шунча шингани ким еган?,포함
당분간 인간,서유미,기타,,발표 시기 미상,https://library.ltikorea.or.kr/translatedbooks/408853,,번역서 1종 · 예: Temporalmente humanos,포함
캉탕 : 이승우 소설,이승우,소설,,발표 시기 미상,https://library.ltikorea.or.kr/translatedbooks/408806,,번역서 1종 · 예: Voyage à Cantant,포함
이별하는 골짜기,임철우,기타,,발표 시기 미상,https://library.ltikorea.or.kr/translatedbooks/408859,,번역서 4종 · 예: Farewell valley,포함
자전거 도둑,박완서,기타,,발표 시기 미상,https://library.ltikorea.or.kr/translatedbooks/408846,,번역서 2종 · 예: Унадаг дугуйны хулгайч,포함
붉은 돼지들,송찬호,기타,,발표 시기 미상,https://library.ltikorea.or.kr/translatedbooks/408852,,번역서 1종 · 예: 赤い豚たち,포함
괴괴한 날씨와 착한 사람들,임솔아,기타,,발표 시기 미상,https://library.ltikorea.or.kr/translatedbooks/408848,,번역서 1종 · 예: Grotesque weather and good people,포함
외로우니까 사람이다,정호승,기타,,발표 시기 미상,https://library.ltikorea.or.kr/translatedbooks/408850,,번역서 3종 · 예: 孤独，所以才是人,포함
생강,천운영,기타,,발표 시기 미상,https://library.ltikorea.or.kr/translatedbooks/408860,,번역서 3종 · 예: El Hombre Del Desván,포함
집에 있는데도 집에 가고 싶어,권라빈,기타,,발표 시기 미상,https://library.ltikorea.or.kr/translatedbooks/406427,,번역서 3종 · 예: Tôi muốn về nhà dù cho đang ở nhà,포함
송곳 4권,최규석,기타,,발표 시기 미상,https://library.ltikorea.or.kr/translatedbooks/406618,,번역서 1종 · 예: Intraitable. tome 4,포함
송곳 3권,최규석,기타,,발표 시기 미상,https://library.ltikorea.or.kr/translatedbooks/406617,,번역서 1종 · 예: Intraitable . tome 3,포함
피터 래빗 죽이기,이찬영,기타,,발표 시기 미상,https://library.ltikorea.or.kr/translatedbooks/406806,,번역서 1종 · 예: 殺死彼得兔,포함
미남당 사건수첩,정재한,기타,,발표 시기 미상,https://library.ltikorea.or.kr/translatedbooks/406484,,번역서 2종 · 예: 美男堂事件手冊,포함
나의 완벽한 남자친구와 그의 연인,민지형,기타,,발표 시기 미상,https://library.ltikorea.or.kr/translatedbooks/407350,,번역서 1종 · 예: 今天，換她跟我男友約會,포함
누나팬닷컴,김성연,기타,,발표 시기 미상,https://library.ltikorea.or.kr/translatedbooks/407590,,번역서 1종 · 예: Nunafan.com : Her private life . 2,포함
꽃을 보듯 너를 본다,나태주,기타,,발표 시기 미상,https://library.ltikorea.or.kr/translatedbooks/407204,,번역서 5종 · 예: i see you like a flower,포함
누나팬닷컴 1,김성연,기타,,발표 시기 미상,https://library.ltikorea.or.kr/translatedbooks/407588,,번역서 1종 · 예: Nunafan.com - Vol 1,포함
회색 인간 : 김동식 소설집,김동식,단편소설,,발표 시기 미상,https://library.ltikorea.or.kr/translatedbooks/406796,,번역서 1종 · 예: 灰色人類 : 金東植短篇小說集,포함
도둑맞은 책,유선동,기타,,발표 시기 미상,https://library.ltikorea.or.kr/translatedbooks/407563,,번역서 2종 · 예: The Purloined Book,포함
이강백 희곡선,,희곡,,발표 시기 미상,,,번역서 1종 · 예: Allegory of survival : the theater of Kang-baek Lee,포함
만덕유령기담,,기타,,발표 시기 미상,,,번역서 1종 · 예: The curious tale of mandogi's ghost,포함
소낙비,,기타,,발표 시기 미상,,,번역서 1종 · 예: 雷阵雨,포함
빈처,,기타,,발표 시기 미상,,,번역서 2종 · 예: 贫妻,포함
고양이 학교 1,,기타,,발표 시기 미상,,,번역서 2종 · 예: Cat School 1 : The secret of the crystal cave,포함
삼미 슈퍼스타즈의 마지막 팬클럽[Sammi Superstarsui majimang paenkeulleop],,기타,,발표 시기 미상,,,번역서 1종 · 예: El último club de fans de los Sammi Superstars,포함
어느 하늘 빈자리[Eoneu haneul binjari],,기타,,발표 시기 미상,,,번역서 1종 · 예: Somewhere in the Sky,포함
그대 안의 새싹,,기타,,발표 시기 미상,,,번역서 1종 · 예: New Sprouts within You,포함
THE OLD GARDEN,,기타,,발표 시기 미상,,,번역서 1종 · 예: THE OLD GARDEN,중복 제외 (앞 순위 출처에 있음)
어두운 기억의 저편,,기타,,발표 시기 미상,,,번역서 4종 · 예: L' autre côté d'un souvenir obscur,포함
침략신사,,기타,,발표 시기 미상,,,번역서 1종 · 예: 侵略神社 : 靖国思想を考えるために,포함
오규원 시선집,,시,,발표 시기 미상,,,번역서 1종 · 예: 呉圭原詩選集 私の頭の中まで入ってきた泥棒,포함
Sky Nest,,기타,,발표 시기 미상,,,번역서 1종 · 예: لانه آسمان,포함
쩐의 전쟁,,기타,,발표 시기 미상,,,번역서 1종 · 예: 钱的战争,포함
Histoire de la littérature coréenne des origines a 1919,,기타,,발표 시기 미상,,,번역서 1종 · 예: Histoire de la littérature coréenne des origines a 1919,포함
椅子取りゲーム : 韓国サンヨン自動車労働争議の眞実,,기타,,발표 시기 미상,,,번역서 1종 · 예: 椅子取りゲーム : 韓国サンヨン自動車労働争議の眞実,중복 제외 (앞 순위 출처에 있음)
지하촌,,기타,,발표 시기 미상,,,번역서 2종 · 예: The Underground Village,포함
타인에게 말걸기,,기타,,발표 시기 미상,,,번역서 2종 · 예: 搭讪,포함
왜 계속해서 써 왔는가 왜 침묵해 왔는가,,기타,,발표 시기 미상,,,번역서 2종 · 예: なぜ書きつづけてきたかなぜ沈黙してきたか: 濟州島四·三事件の記憶と文學,포함
고양이 학교 2,,기타,,발표 시기 미상,,,번역서 2종 · 예: Cat School 2 : The day of Apopis,포함
그 많던 싱아는 누가 다 먹었을까,,기타,,발표 시기 미상,,,번역서 7종 · 예: Забытый вкус кислички,포함
악기들의 도서관,,기타,,발표 시기 미상,,,번역서 4종 · 예: 乐器图书馆,포함
백두대간,,기타,,발표 시기 미상,,,번역서 1종 · 예: 白頭大幹 : Junghyun Kim and his Baekdudaegan,포함
"산이 있는 집, 우물이 있는 집",,기타,,발표 시기 미상,,,번역서 1종 · 예: 山のある家井戶のある家,포함
리나,,기타,,발표 시기 미상,,,번역서 4종 · 예: リナ,포함
내 이름은 안대용,,기타,,발표 시기 미상,,,번역서 1종 · 예: 和伤心说再见,포함
기억을 잇다,,기타,,발표 시기 미상,,,번역서 1종 · 예: 因為是父親，所以,포함
소년이 온다,,기타,,발표 시기 미상,,,번역서 23종 · 예: Actos Humanos,포함
아시아의 죽음 문화: 인도에서 몽골까지,,기타,,발표 시기 미상,,,번역서 1종 · 예: Death in Asia: From India to Mongolia,포함
관계,,기타,,발표 시기 미상,,,번역서 2종 · 예: 关系,포함
항아리,,기타,,발표 시기 미상,,,번역서 3종 · 예: 坛子,포함
불온한 것들의 존재론,,기타,,발표 시기 미상,,,번역서 1종 · 예: 不穏なるものたちの存在論,포함
이야기동학농민전쟁,,기타,,발표 시기 미상,,,번역서 1종 · 예: 朝鮮東学農民戦争を知っていますか?,포함
엄마를 부탁해,,장편소설,,발표 시기 미상,,,번역서 34종 · 예: Эжийгээ даатгая,포함
사는 기쁨,,기타,,발표 시기 미상,,,번역서 1종 · 예: Freude am Leben,포함
채식주의자,,장편소설,,발표 시기 미상,,,번역서 37종 · 예: Vegetariánka,포함
우아한 거짓말,,기타,,발표 시기 미상,,,번역서 2종 · 예: 優しい嘘,포함
바리데기,,기타,,발표 시기 미상,,,번역서 16종 · 예: Принцеса Бари,포함
현대한국출판사,,기타,,발표 시기 미상,,,번역서 1종 · 예: 韓国出版発展史 (1945~2010),포함
숨은 손가락,,기타,,발표 시기 미상,,,번역서 1종 · 예: 隠れた指・虫物語,포함
고양이 학교 3,,기타,,발표 시기 미상,,,번역서 2종 · 예: Cat School 3 : The hill of souls,포함
나가사키 파파,,기타,,발표 시기 미상,,,번역서 1종 · 예: 長崎パパ,포함
하나코는 없다,,기타,,발표 시기 미상,,,번역서 3종 · 예: The Last of Hanak'o,포함
고요함의 그늘에서,,기타,,발표 시기 미상,,,번역서 1종 · 예: Im Schatten der Stille,포함
한눈에 보는 입사,,기타,,발표 시기 미상,,,번역서 1종 · 예: Ipsa : Korean Traditional Silver or Gold Inlaying,포함
지상에서의 며칠,,기타,,발표 시기 미상,,,번역서 1종 · 예: A Few Days on Earth,포함
북촌,,시,,발표 시기 미상,,,번역서 2종 · 예: Bukchon,포함
평양미술 : 조선화 너는 누구냐,,기타,,발표 시기 미상,,,번역서 1종 · 예: North Korean Art : The Enigmatic World of Chosonhwa,포함
한눈에 보는 청자,,기타,,발표 시기 미상,,,번역서 1종 · 예: Cheongja : Korean Traditional Celadon,포함
삼포 가는 길,,기타,,발표 시기 미상,,,번역서 2종 · 예: LA ROUTE DE SAMPO,포함
백의 그림자,,기타,,발표 시기 미상,,,번역서 6종 · 예: Một Trăm Cái Bóng,포함
풍장,,기타,,발표 시기 미상,,,번역서 1종 · 예: Windbestattung,포함
말을 찾아서,,기타,,발표 시기 미상,,,번역서 1종 · 예: Looking for a Horse,포함
고수,,기타,,발표 시기 미상,,,번역서 1종 · 예: Grand Master,포함
화요일의 강,,기타,,발표 시기 미상,,,번역서 1종 · 예: Tuesday River,포함
모독,,기타,,발표 시기 미상,,,번역서 1종 · 예: Insult,포함
명두,,기타,,발표 시기 미상,,,번역서 1종 · 예: Relics,포함
아들,,기타,,발표 시기 미상,,,번역서 1종 · 예: Father and Son,포함
언니를 놓치다,,기타,,발표 시기 미상,,,번역서 1종 · 예: Losing a Sister,포함
설계자들,,기타,,발표 시기 미상,,,번역서 17종 · 예: DIE PLOTTER,포함
마네킹,,기타,,발표 시기 미상,,,번역서 3종 · 예: Manken,포함
검은 꽃,,장편소설,,발표 시기 미상,,,번역서 5종 · 예: Czarny kwiat,포함
감정수업,,기타,,발표 시기 미상,,,번역서 1종 · 예: 情感的48種面貌,포함
런던수집,,기타,,발표 시기 미상,,,번역서 1종 · 예: 去倫敦街頭上創意課,포함
모두 깜언,,기타,,발표 시기 미상,,,번역서 1종 · 예: Cảm ơn tất cả,포함
별을 사랑하는 마음으로,,기타,,발표 시기 미상,,,번역서 1종 · 예: With the love for the stars,포함
토지 2,,기타,,발표 시기 미상,,,번역서 3종 · 예: ЗЕМЛЯ. 2,포함
"바람이 분다, 당신이 좋다",,기타,,발표 시기 미상,,,번역서 1종 · 예: 起風時 我愛你,포함
만인보,,기타,,발표 시기 미상,,,번역서 10종 · 예: Deset tisíc životů,포함
나는 이제 니가 지겨워,,기타,,발표 시기 미상,,,번역서 1종 · 예: M-am săturat de tine,포함
고전통변,,기타,,발표 시기 미상,,,번역서 1종 · 예: Klasické korejské písemnictví v proměnách doby,포함
남대문시장,,기타,,발표 시기 미상,,,번역서 1종 · 예: Namdaemun Market,포함
성수동,,기타,,발표 시기 미상,,,번역서 1종 · 예: Seongsu-dong,포함
한눈에 보는 매듭,,기타,,발표 시기 미상,,,번역서 1종 · 예: Maedeup : Korean Traditional Decorative Knotting,포함
과도기,,기타,,발표 시기 미상,,,번역서 1종 · 예: Transition,포함
탈출기,,기타,,발표 시기 미상,,,번역서 1종 · 예: Escape,포함
운수 좋은 날,,기타,,발표 시기 미상,,,번역서 3종 · 예: A Lucky Day,포함
감자,,단편소설,,발표 시기 미상,,,번역서 4종 · 예: Potatoes,포함
저만치 혼자서,,기타,,발표 시기 미상,,,번역서 1종 · 예: Alone Over There,포함
삭매와 자미,,기타,,발표 시기 미상,,,번역서 1종 · 예: Sakmae and Jami,포함
상춘곡,,기타,,발표 시기 미상,,,번역서 1종 · 예: Song of Everlasting Spring,포함
종의 기원,,기타,,발표 시기 미상,,,번역서 18종 · 예: 種の起源,포함
쇼코의 미소,,기타,,발표 시기 미상,,,번역서 5종 · 예: 祥子的微笑,포함
높고 푸른 사다리,,기타,,발표 시기 미상,,,번역서 2종 · 예: CHIẾC THANG CAO MÀU XANH,포함
파페포포 안단테,,기타,,발표 시기 미상,,,번역서 1종 · 예: Chuyện pape và popo- Sống Chậm,포함
이별하는 골짜기,,기타,,발표 시기 미상,,,번역서 4종 · 예: Abscheidstal,포함
아름다움이 나를 멸시한다,,기타,,발표 시기 미상,,,번역서 6종 · 예: Das Schöne verschmäht mich,포함
작가,,기타,,발표 시기 미상,,,번역서 4종 · 예: 作家 : 总第604 期2019,포함
한국인의 밥상,,기타,,발표 시기 미상,,,번역서 1종 · 예: 韩国人的餐桌,포함
식물들의 사생활,,기타,,발표 시기 미상,,,번역서 7종 · 예: Das verborgene Leben der Pflanzen,포함
꿈이 있는 아내는 늙지 않는다,,기타,,발표 시기 미상,,,번역서 1종 · 예: 有梦想的妻子不会变老,포함
봉봉 마녀는 10을 좋아해.,,기타,,발표 시기 미상,,,번역서 1종 · 예: 棒棒女巫喜欢10,포함
우리들의 행복한 시간,,기타,,발표 시기 미상,,,번역서 15종 · 예: Наше счастливое время,포함
흰,,기타,,발표 시기 미상,,,번역서 18종 · 예: Weiß,포함
침이 고인다,,기타,,발표 시기 미상,,,번역서 5종 · 예: 噙满口水,포함
이딱딱 로봇의 네모 이,,기타,,발표 시기 미상,,,번역서 1종 · 예: 坚牙机器人的方形牙齿年,포함
죽은 왕녀를 위한 파반느 = jugeung wangnyeoreul wihan pavane,,기타,,발표 시기 미상,,,번역서 1종 · 예: Pavane pour une infante défunte,포함
마당을 나온 암탉,,기타,,발표 시기 미상,,,번역서 12종 · 예: Uçabileceğini Hayal Eden Tavuk,포함
East goes West,,기타,,발표 시기 미상,,,번역서 1종 · 예: East goes West,중복 제외 (앞 순위 출처에 있음)
내 동생 싸게 팔아요,,기타,,발표 시기 미상,,,번역서 2종 · 예: Bán em giá rẻ,포함
까치 우는 아침,,기타,,발표 시기 미상,,,번역서 1종 · 예: 飞向天堂的风筝,포함
사랑하다가 죽어버려라,,기타,,발표 시기 미상,,,번역서 1종 · 예: Morir después de amar,포함
두근두근 내인생,,기타,,발표 시기 미상,,,번역서 10종 · 예: MA VIE PALPITANTE,포함
용재총화,,기타,,발표 시기 미상,,,번역서 1종 · 예: Tản Mạn Xứ Kim Ch i,포함
눈길,,기타,,발표 시기 미상,,,번역서 3종 · 예: L'AZALEE BLANCHE,포함
객지,,기타,,발표 시기 미상,,,번역서 4종 · 예: Chwasty : i inne opowiadania,포함
천변풍경,,기타,,발표 시기 미상,,,번역서 3종 · 예: Am Fluss,포함
ромaн / 둔황의 사랑,,기타,,발표 시기 미상,,,번역서 1종 · 예: Люъовъ в Дунъхуaне,포함
나는 문이다,,기타,,발표 시기 미상,,,번역서 2종 · 예: Yo soy Moon,포함
일요일 스키야키 식당,,기타,,발표 시기 미상,,,번역서 2종 · 예: Sukiyaki de domingo,포함
이슬람 정육점,,기타,,발표 시기 미상,,,번역서 3종 · 예: BAŞKA TOPRAKLARDA RÜZGÂR SERT ESER,포함
translation of overlooked worlds. 연암일기,,기타,,발표 시기 미상,,,번역서 1종 · 예: The novels of Park Jiwon,포함
"달려라, 아비",,기타,,발표 시기 미상,,,"번역서 7종 · 예: Lauf, Vater, lauf",포함
백의 그림자[Baegui geurimja],,기타,,발표 시기 미상,,,번역서 1종 · 예: 一百个影子,포함
연어[Yeon Eo],,기타,,발표 시기 미상,,,번역서 1종 · 예: 鲑鱼,포함
게으른 게 아니라 충전 중입니다,,기타,,발표 시기 미상,,,번역서 2종 · 예: 怠けてるのではなく、充電中です。,포함
고령화 가족[Goryeonghwa gajok],,기타,,발표 시기 미상,,,번역서 1종 · 예: Хөгширсөн гэр бүл,포함
구름빵,,기타,,발표 시기 미상,,,번역서 5종 · 예: Xứ sở Bánh mì mây,포함
여름만 있는 계절에 네가 왔다,,시,,발표 시기 미상,,,번역서 1종 · 예: You Arrived in the Season of Perennial Summer : New collection of new poems by Lee Young-ju,포함
파도가 바다의 일이라면,,기타,,발표 시기 미상,,,번역서 3종 · 예: 海浪本為海,포함
마흔두 개의 초록,,기타,,발표 시기 미상,,,번역서 1종 · 예: Forty Two Greens,포함
잘 자요 엄마,,장편소설,,발표 시기 미상,,,번역서 11종 · 예: 晚安，媽媽,포함
해질무렵,,기타,,발표 시기 미상,,,번역서 9종 · 예: Al atardecer,포함
光と風と香り : 빛과 바람과 향기,,기타,,발표 시기 미상,,,번역서 1종 · 예: 光と風と香り : 빛과 바람과 향기,중복 제외 (앞 순위 출처에 있음)
"바람이 분다, 가라",,기타,,발표 시기 미상,,,"번역서 1종 · 예: PARS, LE VENT SE LEVE",포함
샘마을 몽당깨비,,기타,,발표 시기 미상,,,번역서 1종 · 예: 小泉村的千年約定,포함
소리없는 아이들,,기타,,발표 시기 미상,,,번역서 1종 · 예: 不说话的天使,포함
정철 송강 시가,,기타,,발표 시기 미상,,,번역서 1종 · 예: Сборник стихов Сонгана (Поэзия Сосновой Реки),포함
꼬리 잘린 생쥐,,기타,,발표 시기 미상,,,번역서 1종 · 예: 断尾巴的小家鼠,포함
나의 린드그렌 선생님,,기타,,발표 시기 미상,,,번역서 2종 · 예: 爱顶嘴的小女孩儿,포함
하루키 레시피,,기타,,발표 시기 미상,,,번역서 2종 · 예: 村上春樹先生，一起用餐吧,포함
자성록,,기타,,발표 시기 미상,,,번역서 1종 · 예: 自省録,포함
한국문학 단편선,,기타,,발표 시기 미상,,,"번역서 4종 · 예: COREE DES VILLES, COREE DES CHAMPS",포함
목성잠언집,,기타,,발표 시기 미상,,,번역서 1종 · 예: THE JOVIAN SAYINGS,포함
귀를 기울이면,,기타,,발표 시기 미상,,,번역서 2종 · 예: 若你傾聽,포함
학교 다녀오겠습니다,,기타,,발표 시기 미상,,,번역서 1종 · 예: 我去上学了,포함
올드 맨 리버,,기타,,발표 시기 미상,,,번역서 1종 · 예: Old Man River,포함
야생사과,,기타,,발표 시기 미상,,,번역서 1종 · 예: Wild Apple,포함
강산무진,,기타,,발표 시기 미상,,,번역서 1종 · 예: Acht Leben,포함
연어,,기타,,발표 시기 미상,,,번역서 8종 · 예: 閃亮亮的小銀,포함
THE UNFORGOTTEN WAR,,기타,,발표 시기 미상,,,번역서 1종 · 예: THE UNFORGOTTEN WAR,포함
한국의 전통연희와 동아시아,,기타,,발표 시기 미상,,,번역서 1종 · 예: 韓国の伝統芸能と東アジア,포함
외딴방,,기타,,발표 시기 미상,,,번역서 7종 · 예: The Girl Who Wrote Loneliness,포함
비밀의 문: 18세기 조선의 자유로운 이야기,,동화,,발표 시기 미상,,,번역서 1종 · 예: La Porte des secrets: Et autres contes libertins de Corée,포함
행복한 사람은 시계를 보지 않는다,,기타,,발표 시기 미상,,,번역서 4종 · 예: 幸福的人不看钟,포함
열아홉 스물하나 2,,기타,,발표 시기 미상,,,"번역서 1종 · 예: Neunzehn, einundzwanzig 2",포함
열아홉 스물하나 1,,기타,,발표 시기 미상,,,"번역서 1종 · 예: Neunzehn, einundzwanzig 1",포함
학교에 갈 때 꼭꼭 약속해,,기타,,발표 시기 미상,,,번역서 1종 · 예: 上学我会 守纪律,포함
집에 있을 때 꼭꼭 약속해,,기타,,발표 시기 미상,,,번역서 1종 · 예: 一个人在家 我不怕,포함
나비잠,,기타,,발표 시기 미상,,,번역서 1종 · 예: Butterfly Sleep,포함
운다고 달라지는 일은 아무것도 없겠지만,,기타,,발표 시기 미상,,,번역서 3종 · 예: 就算哭泣也不能改變什麼,포함
사람의 아들,,기타,,발표 시기 미상,,,번역서 6종 · 예: СЫН ЧЕЛОВЕКА,포함
예술철학,,기타,,발표 시기 미상,,,번역서 1종 · 예: 艺术哲学,포함
사서함 110호의 우편물,,기타,,발표 시기 미상,,,번역서 2종 · 예: 私人信箱一一零號的郵件,포함
한국 신화의 연구,,소설,,발표 시기 미상,,,번역서 1종 · 예: 韩国神话研究,포함
침입자들,,기타,,발표 시기 미상,,,번역서 1종 · 예: Intrusos,포함
딸에 대하여,,장편소설,,발표 시기 미상,,,번역서 15종 · 예: Sobre mi hija,포함
Journal of Korean Literature & Culture / 아젤리아 [Ajellia],,기타,,발표 시기 미상,,,번역서 1종 · 예: AZALEA,포함
Day One : Year One: Best New Storeis & Poems 2014,,시,,발표 시기 미상,,,번역서 1종 · 예: Day One : Year One: Best New Storeis & Poems 2014,중복 제외 (앞 순위 출처에 있음)
고은 시선집,,시,,발표 시기 미상,,,번역서 7종 · 예: Raptem deszcz : wybór wierszy,포함
구운몽,,장편소설,,발표 시기 미상,,,번역서 14종 · 예: Visul învolburat al celor nouă,포함
从建筑教育到设计实践. 上-下 / Portfolio brainstorming,,기타,,발표 시기 미상,,,번역서 1종 · 예: 第一次跨越,포함
한국문학선집(1),,기타,,발표 시기 미상,,,번역서 1종 · 예: 吹過星星的風：韓國小說大家經典代表作（戰前篇）,포함
살인자의 기억법,,단편소설,,발표 시기 미상,,,번역서 14종 · 예: Мемуары убийцы,포함
안네의 일기,,기타,,발표 시기 미상,,,번역서 1종 · 예: 安妮日记,포함
길모퉁이 행운돼지,,기타,,발표 시기 미상,,,번역서 1종 · 예: Au cochon porte-bonheur,포함
"19, 29, 39 그녀들의 아슬아슬 연애사정",,기타,,발표 시기 미상,,,번역서 1종 · 예: 時光最貴，幸福不累 : 真情展現女人的黃金30年,포함
한눈에 보는 옻칠,,기타,,발표 시기 미상,,,번역서 1종 · 예: Ottchil : Korean Traditional Lacquer,포함
"서울, 1964년 겨울",,기타,,발표 시기 미상,,,"번역서 2종 · 예: СЕУЛ, ЗИМА 1964 ГОДА",포함
"나의 사랑, 백남준",,기타,,발표 시기 미상,,,번역서 1종 · 예: 私の愛、ナムジュン・パイク,포함
일곱 개의 고양이 눈,,기타,,발표 시기 미상,,,번역서 3종 · 예: 七只猫眼,포함
한중록,,기타,,발표 시기 미상,,,"번역서 9종 · 예: Написанное в печали ""Мемуары госпожи Хон""",포함
옥상에서 만나요,,기타,,발표 시기 미상,,,번역서 2종 · 예: 屋上で会いましょう,포함
김현 시선,,시,,발표 시기 미상,,,번역서 1종 · 예: Poems by Kim Hyun,포함
국가의 사생활,,기타,,발표 시기 미상,,,번역서 1종 · 예: VITA PRIVATA DI UNA NAZIONE,포함
궁극의 아이,,기타,,발표 시기 미상,,,번역서 1종 · 예: L''ENFANT ULTIME,포함
고래,,기타,,발표 시기 미상,,,번역서 7종 · 예: 鯨,포함
늑대는 눈알부터 자란다(김경주 희곡선),,희곡,,발표 시기 미상,,,번역서 1종 · 예: オオカミは目玉から育つ,포함
복화술사들,,기타,,발표 시기 미상,,,번역서 1종 · 예: Reading Colonial Korea Through Fiction: The Ventriloquists,포함
하늘과 바람과 별과 시,,시,,발표 시기 미상,,,"번역서 9종 · 예: Gökyüzü, Rüzgâr, Yýldýzlar ve Þiir",포함
도화 아래 잠들다,,기타,,발표 시기 미상,,,번역서 2종 · 예: خواب زیر شکوفههای هلو,포함
전갈,,기타,,발표 시기 미상,,,번역서 1종 · 예: The Scorpion,포함
소수의견,,기타,,발표 시기 미상,,,번역서 1종 · 예: 少數意見,포함
눈먼 자들의 국가,,기타,,발표 시기 미상,,,번역서 1종 · 예: 目の眩んだ者たちの国家,포함
사상의 월야 : 이태준 단편선,,기타,,발표 시기 미상,,,번역서 1종 · 예: 思想の月夜 : ほか五篇,포함
"그곳에 밤, 여기에 노래. = 택시 운전기사의 야상곡",,단편소설,,발표 시기 미상,,,번역서 1종 · 예: Nocturne d'un chauffeur de taxi : Nouvelles coréennes,포함
대하,,기타,,발표 시기 미상,,,번역서 1종 · 예: SCENES FROM THE ENLIGHTENMENT,포함
좁은 방,,기타,,발표 시기 미상,,,번역서 1종 · 예: Ma vie en prison,포함
보건교사 안은영,,기타,,발표 시기 미상,,,번역서 4종 · 예: 保健教師安恩英,포함
풀밭 위의 돼지,,기타,,발표 시기 미상,,,번역서 1종 · 예: Cochon sur gazon,포함
한국이 싫어서,,기타,,발표 시기 미상,,,번역서 7종 · 예: 走出韩国,포함
내 안에 잠든 엔진을 깨워라,,기타,,발표 시기 미상,,,번역서 1종 · 예: Buckle Down,포함
제시 이야기,,기타,,발표 시기 미상,,,번역서 2종 · 예: ウジョとソナ 独立運動家夫婦の子育て日記,포함
한 명,,장편소설,,발표 시기 미상,,,번역서 4종 · 예: ひとり,포함
문,,기타,,발표 시기 미상,,,번역서 1종 · 예: La Porta,포함
꽃이 져도 나는 너를 잊은 적 없다,,기타,,발표 시기 미상,,,번역서 1종 · 예: Though flowers fall I have never forgotten you,포함
죽은 왕녀를 위한 파반느,,기타,,발표 시기 미상,,,번역서 4종 · 예: PAVANE FOR A DEAD PRINCESS,포함
우주피스 공화국,,기타,,발표 시기 미상,,,번역서 3종 · 예: THE REPUBLIC OF UŽUPIS,포함
어린이 삼국유사 1-2,,기타,,발표 시기 미상,,,번역서 1종 · 예: Truyện cố Hàn Quốc thòi Tam Quốc dành cho thiếu nhi. Tậ1- Tậ2,포함
빛의 제국,,기타,,발표 시기 미상,,,번역서 10종 · 예: 光之帝国,포함
광휘의 속삭임,,기타,,발표 시기 미상,,,번역서 2종 · 예: Murmullos de gloria,포함
백석시선,,시,,발표 시기 미상,,,번역서 2종 · 예: 白石詩集,포함
감염된 한국어,,기타,,발표 시기 미상,,,번역서 1종 · 예: INFECTED KOREAN LANGUAGE : Purity versus Hybridity,포함
김삿갓 시선,,시,,발표 시기 미상,,,번역서 2종 · 예: Selected poems of Kim sakkat,포함
그 산이 정말 거기에 있었을까?,,기타,,발표 시기 미상,,,번역서 1종 · 예: ДЕЙСТВИТЕЛЬНО ЛИ БЫЛА ТА ГОРА?,포함
우체부,,기타,,발표 시기 미상,,,번역서 1종 · 예: The Postman,포함
화개,,기타,,발표 시기 미상,,,번역서 3종 · 예: Aufgehen der Knospe,포함
벗,,장편소설,,발표 시기 미상,,,번역서 2종 · 예: Friend: A Novel from North Korea,포함
거짓말이다,,기타,,발표 시기 미상,,,번역서 3종 · 예: Les Mensonges du Sewol,포함
내게 무해한 사람,,기타,,발표 시기 미상,,,번역서 3종 · 예: わたしに無害なひと,포함
창비 아기책 (내거야),,기타,,발표 시기 미상,,,번역서 1종 · 예: 这是我的,포함
지금 이 순간,,기타,,발표 시기 미상,,,번역서 1종 · 예: 此時此刻,포함
명랑하라 팜 파탈,,기타,,발표 시기 미상,,,번역서 1종 · 예: CHEER UP FEMME FATALE,포함
고양이가 돌아오는 저녁,,기타,,발표 시기 미상,,,번역서 2종 · 예: The Night of the Cat''s Return,포함
고등어,,기타,,발표 시기 미상,,,번역서 3종 · 예: Cá thu,포함
"잘 가라, 서커스",,기타,,발표 시기 미상,,,"번역서 3종 · 예: ПРOЩAЙ, ЦИPK",포함
나와 마릴린,,기타,,발표 시기 미상,,,번역서 4종 · 예: Marilyn and Me,포함
이광수- 한국근대문학의 아버지와 친일의 낙인,,기타,,발표 시기 미상,,,번역서 1종 · 예: 李光洙- 韓国近代文学の祖と「親日」の烙印,포함
文学ムツク / 먹는 것이 느리다,,기타,,발표 시기 미상,,,번역서 1종 · 예: たべるのがおそい,포함
Han in the upper left : A Brief History of Korean Americans in the Pacific Northwest,,기타,,발표 시기 미상,,,번역서 1종 · 예: Han in the upper left : A Brief History of Korean Americans in the Pacific Northwest,중복 제외 (앞 순위 출처에 있음)
Roman / 식물들의 사생활,,기타,,발표 시기 미상,,,번역서 1종 · 예: La vie rêvée des plantes,포함
내 마음의 풍금소리,,기타,,발표 시기 미상,,,번역서 1종 · 예: 我心中的风琴声,포함
공무도하,,기타,,발표 시기 미상,,,번역서 1종 · 예: 公无渡河,포함
사랑 후에 오는 것들,,기타,,발표 시기 미상,,,번역서 2종 · 예: 爱过之后来临的,포함
구사일생한 토끼,,기타,,발표 시기 미상,,,번역서 1종 · 예: The Rabbit's Escape,포함
하얀 전쟁,,기타,,발표 시기 미상,,,번역서 2종 · 예: White Badge,포함
안상학 시선,,시,,발표 시기 미상,,,번역서 1종 · 예: Poems by Ahn Sang-Hak,포함
카인의 후예,,기타,,발표 시기 미상,,,번역서 4종 · 예: Каиново семя,포함
해동고승전,,기타,,발표 시기 미상,,,번역서 4종 · 예: 海東高僧伝,포함
아홉 켤레의 구두로 남은 사내,,기타,,발표 시기 미상,,,번역서 4종 · 예: Nueve Pares de zapatos,포함
광장,,장편소설,,발표 시기 미상,,,번역서 8종 · 예: The Square,포함
타인의 방,,기타,,발표 시기 미상,,,번역서 1종 · 예: 他人の部屋 : 崔仁浩小說集,포함
몽유도원도,,기타,,발표 시기 미상,,,번역서 2종 · 예: 夢遊桃源図,포함
진술,,기타,,발표 시기 미상,,,번역서 2종 · 예: Parodymai,포함
현대시수첩 2015.9.,,시,,발표 시기 미상,,,번역서 1종 · 예: 現代詩手帖 2015.9.,포함
고전읽기의 시간여행,,기타,,발표 시기 미상,,,번역서 1종 · 예: CLASSIC KOREN TALES with commentaries,포함
"안녕, 주정뱅이",,기타,,발표 시기 미상,,,번역서 1종 · 예: 春の宵,포함
그 산이 정말 거기 있었을까?,,기타,,발표 시기 미상,,,번역서 5종 · 예: Was that Mountain Really There?,포함
소지섭의 Everyday,,기타,,발표 시기 미상,,,번역서 1종 · 예: 蘇志燮的每一天,포함
덕혜옹주,,기타,,발표 시기 미상,,,번역서 2종 · 예: Докхе ончжу-последняя принцесса династии Чосон,포함
한국여성문학선집,,기타,,발표 시기 미상,,,번역서 1종 · 예: Gendered Landscapes:Short Fiction by Modern & Contemporary Korean Women Novelists,포함
삼대,,기타,,발표 시기 미상,,,번역서 5종 · 예: Trois générations,포함
아무도 아닌,,기타,,발표 시기 미상,,,번역서 1종 · 예: 誰でもない,포함
한국문학선집,,기타,,발표 시기 미상,,,번역서 3종 · 예: สตรีผู้มีอาชีพเลี้ยงลูก,포함
위저드 베이커리,,기타,,발표 시기 미상,,,번역서 8종 · 예: WIZARD BAKERY,포함
보물선 [Bomulseon],,기타,,발표 시기 미상,,,번역서 1종 · 예: Loď pokladů: Antologie moderní korejské povídky,포함
조선시대야담집,,기타,,발표 시기 미상,,,번역서 1종 · 예: Eerie Tales from Old Korea,포함
Scenes from a Korean Boyhood / 빼앗긴 이름,,기타,,발표 시기 미상,,,번역서 1종 · 예: LOST NAMES,포함
KOREAN SHORT STORIES: A COLLECTION FROM NORTH KOREA,,단편소설,,발표 시기 미상,,,번역서 1종 · 예: KOREAN SHORT STORIES: A COLLECTION FROM NORTH KOREA,중복 제외 (앞 순위 출처에 있음)
낭만적 사랑과 사회,,기타,,발표 시기 미상,,,번역서 1종 · 예: 浪漫之爱与社会,포함
우리들의 일그러진 영웅,,기타,,발표 시기 미상,,,번역서 13종 · 예: Nasz skrzywiony bohater,포함
껌,,기타,,발표 시기 미상,,,번역서 2종 · 예: EL CHICLE,포함
한씨연대기,,기타,,발표 시기 미상,,,번역서 7종 · 예: Herr Han,포함
원더랜드 서울,,기타,,발표 시기 미상,,,번역서 1종 · 예: 必玩!首爾地鐵通,포함
보다,,기타,,발표 시기 미상,,,번역서 1종 · 예: 見,포함
우리 마당으로 놀러와!,,기타,,발표 시기 미상,,,번역서 1종 · 예: Hãy Đến Vườn Nhà Mình Chơi Nhé!,포함
자전거 도둑,,기타,,발표 시기 미상,,,번역서 2종 · 예: Kẻ Cắp Xe Đạp,포함
천년의 왕국,,기타,,발표 시기 미상,,,번역서 1종 · 예: Vương Quốc Nghìn Năm,포함
7년의 밤,,장편소설,,발표 시기 미상,,,번역서 13종 · 예: SEVEN YEARS OF DARKNESS,포함
당신이 그리울 뿐입니다,,기타,,발표 시기 미상,,,번역서 1종 · 예: あなたが愛しいだけです : I just miss you,포함
아직 멀었다고 말할 수 있기에,,시,,발표 시기 미상,,,번역서 1종 · 예: Enough to say it's far: selected poems of Pak Chaesam,포함
붉은 세월,,시,,발표 시기 미상,,,번역서 1종 · 예: The Red Years: Forbidden Poems from Inside North Korea,포함
김영랑 시집,,시,,발표 시기 미상,,,번역서 2종 · 예: 金永郎詩集,포함
だれが海辺で気ままに花火を上げるのか,,기타,,발표 시기 미상,,,번역서 1종 · 예: だれが海辺で気ままに花火を上げるのか,포함
변시지,,기타,,발표 시기 미상,,,번역서 1종 · 예: Byun Shiji : A Painter of Storms,포함
초록몽,,기타,,발표 시기 미상,,,번역서 1종 · 예: Giada,포함
완전판 토지 8권,,기타,,발표 시기 미상,,,번역서 1종 · 예: 完全版 土地. 8卷,포함
송곳 1권,,기타,,발표 시기 미상,,,번역서 1종 · 예: Intraitable . tome 4,포함
한국여성시전집,,기타,,발표 시기 미상,,,번역서 1종 · 예: Against Healing,포함
별을 스치는 바람,,기타,,발표 시기 미상,,,번역서 8종 · 예: 星をかすめる風,포함
당신의 그림자는 월요일,,기타,,발표 시기 미상,,,번역서 3종 · 예: Dein Schatten ist ein Montag,포함
도시는 무엇으로 이루어지는가,,기타,,발표 시기 미상,,,번역서 2종 · 예: What Makes a City,포함
라오라오가 좋아,,기타,,발표 시기 미상,,,번역서 1종 · 예: 我爱劳劳,포함
어디선가 나를 찾는 전화벨이 울리고,,기타,,발표 시기 미상,,,번역서 11종 · 예: PRIMAVERA HELADA,포함
서편제,,기타,,발표 시기 미상,,,번역서 4종 · 예: 西便制,포함
토지 4,,기타,,발표 시기 미상,,,번역서 3종 · 예: LAND 4,포함
나의 집을 떠나며,,기타,,발표 시기 미상,,,번역서 3종 · 예: 离家,포함
"안녕, 엘레나",,기타,,발표 시기 미상,,,번역서 2종 · 예: アンニョン、エレナ,포함
tradición y transformación / Korean buddhism: tradition and transformation,,기타,,발표 시기 미상,,,번역서 1종 · 예: Budismo coreano,포함
새의 선물,,기타,,발표 시기 미상,,,번역서 6종 · 예: 鳥のおくりもの,포함
놀이로 배우는 경제,,기타,,발표 시기 미상,,,번역서 1종 · 예: 零用錢理財日記,포함
"고혈압 치료, 나는 혈압약을 믿지 않는다",,기타,,발표 시기 미상,,,번역서 1종 · 예: 治療高血壓，我不相信高血壓藥,포함
꽃의 고요,,기타,,발표 시기 미상,,,번역서 1종 · 예: Stille der Blüten,포함
"tomes 4, 5 / 고양이 학교 4,5",,기타,,발표 시기 미상,,,번역서 1종 · 예: (L`)ecole des chats,포함
"tomes 1,2,3 / 고양이 학교 1,2,3",,기타,,발표 시기 미상,,,번역서 1종 · 예: (L`)ecole des chats,포함
108 ζεν ποιήματα / 뭐냐,,기타,,발표 시기 미상,,,번역서 1종 · 예: Τί;,포함
나는 나를 파괴할 권리가 있다,,기타,,발표 시기 미상,,,번역서 12종 · 예: Mám právo se zničit,포함
따뜻한 가족,,기타,,발표 시기 미상,,,번역서 1종 · 예: A Warm Family,포함
낯익은 타인들의 도시,,기타,,발표 시기 미상,,,번역서 2종 · 예: ANOTHER MAN'S CITY,포함
말의 품격,,기타,,발표 시기 미상,,,번역서 1종 · 예: 言葉の品格,포함
멈추면 비로소 보이는 것들,,기타,,발표 시기 미상,,,번역서 7종 · 예: Aquello que solo ves al detenerte,포함
비울수록 가득하네,,기타,,발표 시기 미상,,,번역서 1종 · 예: Chemins de méditation,포함
수치,,기타,,발표 시기 미상,,,번역서 1종 · 예: 羞恥,포함
한 낮의 시선 = hannajeui siseon,,기타,,발표 시기 미상,,,번역서 1종 · 예: Le Regard De Midi,포함
몽타주,,기타,,발표 시기 미상,,,번역서 1종 · 예: 画影图形,포함
화장,,기타,,발표 시기 미상,,,번역서 2종 · 예: En Beauté,포함
모두에게 복된새해: 레이먼드 카버에게,,기타,,발표 시기 미상,,,번역서 1종 · 예: Happy New Year to Everyone : To Raymond Carver,포함
오래된 정원,,기타,,발표 시기 미상,,,번역서 7종 · 예: (Le)Vieux Jardin,포함
초식,,기타,,발표 시기 미상,,,번역서 1종 · 예: Régime végétarien,포함
철학이 필요한 시간,,기타,,발표 시기 미상,,,번역서 1종 · 예: 需要哲學陪伴的時間,포함
드림레시피,,기타,,발표 시기 미상,,,"번역서 1종 · 예: 沒試100次,別說你有夢想",포함
검은 새,,기타,,발표 시기 미상,,,번역서 2종 · 예: Czarny ptak,포함
죽을 때까지 섹시하기,,기타,,발표 시기 미상,,,"번역서 1종 · 예: 一个人, 也要活得性感",포함
全世界心理学家都在用的秒杀识人术 / 위험한 심리학,,기타,,발표 시기 미상,,,번역서 1종 · 예: 世界如此险恶你要看透人心,포함
오직 두 사람,,기타,,발표 시기 미상,,,번역서 2종 · 예: Deux Personnes Seules au Monde,포함
대리시장,,기타,,발표 시기 미상,,,번역서 1종 · 예: 代理市长,포함
보물섬,,기타,,발표 시기 미상,,,번역서 1종 · 예: 金银岛,포함
초정리 편지,,기타,,발표 시기 미상,,,번역서 1종 · 예: Les lettres du secret,포함
속삭임,,기타,,발표 시기 미상,,,번역서 1종 · 예: CHUCHOTEMENT,포함
Le cadeau magique / 고양이 학교 2,,기타,,발표 시기 미상,,,번역서 1종 · 예: (L`)ecole des chats,포함
코카콜라 애인,,기타,,발표 시기 미상,,,번역서 1종 · 예: Les amants du Coca-Cola Club,포함
며느리에게 주는 요리책,,기타,,발표 시기 미상,,,번역서 1종 · 예: 学做地道韩国菜,포함
再生能源 vs 原子核能源 / 위기의 지구를 살리는 진짜 에너지를 찾아라,,기타,,발표 시기 미상,,,번역서 1종 · 예: 搶救地球能源,포함
나는 빅또르 최다,,기타,,발표 시기 미상,,,번역서 1종 · 예: Я - Виктор Цой,포함
당신의 꿈은 무엇입니까,,기타,,발표 시기 미상,,,번역서 1종 · 예: 你的夢想是什麼,포함
한국무협소설의 작가와 작품,,소설,,발표 시기 미상,,,번역서 1종 · 예: 从代理满足到现实批判: 韓国武俠小说作家及作品,포함
romanas / 우주피스 공화국,,기타,,발표 시기 미상,,,번역서 1종 · 예: Užupio respublika,포함
팥죽 할머니와 호랑이,,기타,,발표 시기 미상,,,번역서 2종 · 예: Bà lão cháo đậu đỏ và con hổ,포함
Die Malerei des Reiches Goguryeo : Eine alte koreanische Kultur wird im Bild wieder lebendig,,기타,,발표 시기 미상,,,번역서 1종 · 예: Die Malerei des Reiches Goguryeo : Eine alte koreanische Kultur wird im Bild wieder lebendig,중복 제외 (앞 순위 출처에 있음)
유령시인,,기타,,발표 시기 미상,,,번역서 1종 · 예: A Ghost Poet,포함
해를 오래 바라보았다,,기타,,발표 시기 미상,,,번역서 1종 · 예: I Gave the Sun a Long Look,포함
하늘 우체국,,기타,,발표 시기 미상,,,번역서 1종 · 예: Casa de correos celestial,포함
"Chung Hyo ye : Tales of filial devotion, loyalty, respect and benevolence from the history and folktale of Korea",,기타,,발표 시기 미상,,,"번역서 1종 · 예: Chung Hyo ye : Tales of filial devotion, loyalty, respect and benevolence from the history and folktale of Korea",포함
한국의 안무가,,노래,,발표 시기 미상,,,번역서 1종 · 예: Choreographers in Motion : Retrospective and Perspectives,포함
오래된 일기,,기타,,발표 시기 미상,,,번역서 1종 · 예: Le Vieux Journal,포함
달에 홀린 광대,,기타,,발표 시기 미상,,,번역서 2종 · 예: PIERROT EN MAL DE LUNE,포함
카스테라,,기타,,발표 시기 미상,,,번역서 8종 · 예: 卡斯提拉,포함
물을 만드는 여자:,,기타,,발표 시기 미상,,,번역서 1종 · 예: Perempuan yang Membuat Air,포함
꿈속의 나비 : 임선기 시선집,,시,,발표 시기 미상,,,번역서 1종 · 예: Бабочка во сне,포함
눈물의 강산,,기타,,발표 시기 미상,,,번역서 1종 · 예: Land of Tears,포함
야만적인 엘리스씨,,기타,,발표 시기 미상,,,번역서 1종 · 예: 野蛮なアリスさん,포함
곽효환 시선집,,시,,발표 시기 미상,,,번역서 1종 · 예: КУАГ ХЮУХУАНЬ НАЙРАГЧИЙН ШИЛМЭЛ ТҮҮВЭР,포함
상화 시편,,기타,,발표 시기 미상,,,번역서 1종 · 예: Эрхэсийн хайр,포함
너무 한낮의 연애,,기타,,발표 시기 미상,,,번역서 2종 · 예: あまりにも真昼の恋愛,포함
하늘과 바람과 별과 시 / 윤동주 시선집,,시,,발표 시기 미상,,,"번역서 1종 · 예: ცა, ქარი, ვარსკვლავი და ლექსი",포함
홀,,기타,,발표 시기 미상,,,번역서 11종 · 예: Le Jardin,포함
회색인,,기타,,발표 시기 미상,,,번역서 3종 · 예: 灰色人,포함
脫北者的邊境血淚故事，來自南韓的真實紀錄 / 사람으로 살고 싶었다,,기타,,발표 시기 미상,,,번역서 1종 · 예: 我想活得像個人,포함
만주부인 [Manjubuin ],,기타,,발표 시기 미상,,,번역서 1종 · 예: 満州夫人,포함
미나,,기타,,발표 시기 미상,,,번역서 2종 · 예: mina,포함
늑대는 눈알부터 자란다,,기타,,발표 시기 미상,,,번역서 1종 · 예: Bred from the Eyes of a Wolf,포함
병 속의 바다,,기타,,발표 시기 미상,,,번역서 1종 · 예: Море в бутылке,포함
이미륵 평전,,기타,,발표 시기 미상,,,번역서 1종 · 예: Wanderer zwischen zwei Welten,포함
신경옥이 사는 법,,기타,,발표 시기 미상,,,번역서 1종 · 예: 喜歡小日子,포함
아들의 겨울,,기타,,발표 시기 미상,,,번역서 1종 · 예: 儿子的冬天,포함
슬픔치약 거울크림,,기타,,발표 시기 미상,,,번역서 2종 · 예: DENTIFRICETRISTESSE CREMEMIROIR,포함
무슨 일이 일어났는지는 아무도,,기타,,발표 시기 미상,,,번역서 2종 · 예: Никто не узнает,포함
그녀의 눈물 사용법,,기타,,발표 시기 미상,,,번역서 3종 · 예: Как она использует свои слезы,포함
보조법어,,기타,,발표 시기 미상,,,번역서 1종 · 예: Cesta k probuzeni v tradici korejskeho buddhismu,포함
정약용의 철학,,기타,,발표 시기 미상,,,번역서 1종 · 예: 丁若镛哲学思想研究,포함
예낭풍물지,,기타,,발표 시기 미상,,,번역서 1종 · 예: The Wind and Landscape of Yenang,포함
이베리아의 전갈,,기타,,발표 시기 미상,,,번역서 1종 · 예: Dishonored,포함
나의 클린트 이스트우드,,기타,,발표 시기 미상,,,번역서 1종 · 예: My Clint Eastwood,포함
아르판,,기타,,발표 시기 미상,,,번역서 1종 · 예: Arpan,포함
許炯萬詩選集 / 귀를 염하다,,기타,,발표 시기 미상,,,번역서 1종 · 예: 耳を葬る,포함
도대체 그 동안 무슨 일이 일어났을까?,,기타,,발표 시기 미상,,,번역서 2종 · 예: One Night Out,포함
무늬,,기타,,발표 시기 미상,,,번역서 1종 · 예: Patterns,포함
중국인 거리 / 유년의 뜰,,기타,,발표 시기 미상,,,번역서 1종 · 예: Le Quartier chinois,포함
금지된 정원,,기타,,발표 시기 미상,,,번역서 1종 · 예: Le Jardin Interdit,포함
중앙역,,기타,,발표 시기 미상,,,번역서 2종 · 예: 中央駅,포함
옆집의 영희 씨,,기타,,발표 시기 미상,,,번역서 1종 · 예: となりのヨンヒさん,포함
한국 도시디자인 탐사[Hangung dosidijain tamsa],,기타,,발표 시기 미상,,,번역서 1종 · 예: 韩国城市设计,포함
탁류[Tangnyu],,기타,,발표 시기 미상,,,번역서 1종 · 예: Turbid Rivers,포함
조선 국왕의 일생[Joseon gugwangui ilsaeng],,기타,,발표 시기 미상,,,번역서 1종 · 예: 朝鮮國君的一生,포함
좀비들[Jombideul],,기타,,발표 시기 미상,,,번역서 1종 · 예: 僵尸村,포함
터널[Teoneol],,기타,,발표 시기 미상,,,번역서 1종 · 예: 隧道,포함
김동리 단편선: 까치소리,,기타,,발표 시기 미상,,,번역서 1종 · 예: ПЛАЧ СОРОКИ,포함
이문열 중단편집-우리들의 일그러진 영웅 외,,단편소설,,발표 시기 미상,,,번역서 1종 · 예: Mahaй aHгийH OBгOp,포함
한국대표시선집,,시,,발표 시기 미상,,,번역서 1종 · 예: ДАМАРИ ЖИВОТА : избор из кореjске поезиjе,포함
흔적 없이 나는 새,,기타,,발표 시기 미상,,,번역서 1종 · 예: A BIRD IN FLIGHT LEAVES NO TRACE,포함
너무도 쓸쓸한 당신,,기타,,발표 시기 미상,,,번역서 3종 · 예: Очень одинокий человекa,포함
한국 한시 선집,,시,,발표 시기 미상,,,번역서 3종 · 예: the book of korean poetry: choson dynasty,포함
Korean Children's Stories and Songs,,단편소설,,발표 시기 미상,,,번역서 1종 · 예: Korean Children's Stories and Songs,포함
목걸이 열쇠,,기타,,발표 시기 미상,,,번역서 1종 · 예: 总想逃家的孩子,포함
한국의 전통연희,,희곡,,발표 시기 미상,,,번역서 1종 · 예: 韩国的传统戏剧,포함
도가니,,기타,,발표 시기 미상,,,번역서 6종 · 예: トガニ : 幼き瞳の告発,포함
뜨거운 피,,기타,,발표 시기 미상,,,번역서 3종 · 예: Heißes Blut,포함
차남들의 세계사,,기타,,발표 시기 미상,,,번역서 1종 · 예: 舎弟たちの世界史,포함
낯익은 세상,,기타,,발표 시기 미상,,,번역서 9종 · 예: TUTTE LE COSE DELLA NOSTRA VITA,포함
서로주체성의 이념,,기타,,발표 시기 미상,,,번역서 1종 · 예: Ý niệm về tính chủ thể liên đối,포함
개와 늑대의 시간,,기타,,발표 시기 미상,,,번역서 2종 · 예: La hora entre e perro y el lobo,포함
고발,,기타,,발표 시기 미상,,,번역서 7종 · 예: The Accusation,포함
일인칭은 슬프다,,기타,,발표 시기 미상,,,번역서 1종 · 예: La première personne est triste,포함
Manoa지 한국문학특집호,,시,,발표 시기 미상,,,번역서 1종 · 예: The Colors of Dawn: Twentieth-Century Korean Poetry,포함
바셀린 붓다 [Basellin butda],,기타,,발표 시기 미상,,,번역서 1종 · 예: Vaseline Buddha,포함
우연에 기댈 때도 있었다,,기타,,발표 시기 미상,,,번역서 1종 · 예: Эгшинд найдах үе ч бий,포함
아제아제 바라아제,,기타,,발표 시기 미상,,,번역서 1종 · 예: 叶落彼岸,포함
고령화 가족,,기타,,발표 시기 미상,,,번역서 6종 · 예: 高龄化家族,포함
한국한시선,,시,,발표 시기 미상,,,번역서 2종 · 예: Сто цветов,포함
친절한 복희씨,,기타,,발표 시기 미상,,,번역서 3종 · 예: Добрая Покхи,포함
여덟 번째 방,,기타,,발표 시기 미상,,,번역서 2종 · 예: 第八个房子,포함
우리들의 일그러진 영웅 / 아우와의 만남 :,,기타,,발표 시기 미상,,,번역서 1종 · 예: Наш испроченный герой / Встреча с братом,포함
해골의 침묵,,기타,,발표 시기 미상,,,번역서 1종 · 예: খুলির নীরবতা,포함
한국 고전 시선집,,시,,발표 시기 미상,,,번역서 1종 · 예: Корейская классическая поэзия,포함
한국학의 즐거움,,기타,,발표 시기 미상,,,번역서 2종 · 예: Sự lý thú của Hàn Quốc học,포함
난장이가 쏘아올린 작은 공,,기타,,발표 시기 미상,,,번역서 9종 · 예: Одой ХYНИЙ ХӨӨРГӨСӨН БЯЦХАН БӨМБӨЛӨГ,포함
다른 사람,,기타,,발표 시기 미상,,,번역서 4종 · 예: UN`ALTRA DONNA,포함
희랍어 시간,,기타,,발표 시기 미상,,,번역서 12종 · 예: ギリシャ語の時間,포함
설운 일 덜 생각하고,,시,,발표 시기 미상,,,번역서 1종 · 예: Thinking Less about Sad Things : A collection of new poems by Moon Dong-man,포함
낯익은 세상 [Nachigeun sesang ],,기타,,발표 시기 미상,,,번역서 1종 · 예: Familiar Things,포함
라디오 데이즈,,기타,,발표 시기 미상,,,번역서 1종 · 예: Radio Days,포함
"어서 오세요, 휴남동 서점입니다",,기타,,발표 시기 미상,,,번역서 12종 · 예: Willkommen in meiner Buchhandlung,포함
저주토끼,,기타,,발표 시기 미상,,,번역서 14종 · 예: Der Fluch des Hasen,포함
깊은 일,,기타,,발표 시기 미상,,,번역서 1종 · 예: Deep Work,포함
내가 설 땅은 어디냐?,,기타,,발표 시기 미상,,,번역서 2종 · 예: Where is my country?,포함
아침에 읽는 시,,시,,발표 시기 미상,,,번역서 1종 · 예: Poems for Breakfast,포함
제왕나비,,기타,,발표 시기 미상,,,번역서 2종 · 예: Monarch Butterfly,포함
삼국유사,,기타,,발표 시기 미상,,,번역서 10종 · 예: Histoires oubliées des Trois Royaumes Samguk Yusa,포함
일할 수 없는 여자들,,기타,,발표 시기 미상,,,번역서 1종 · 예: 働きたいのに働けない私たち,포함
철도원 삼대,,기타,,발표 시기 미상,,,번역서 3종 · 예: 鐵道家族,포함
단어의 여왕,,기타,,발표 시기 미상,,,번역서 1종 · 예: 会发光的文字,포함
이상 선집,,기타,,발표 시기 미상,,,번역서 1종 · 예: L'inscription de la terreur,포함
애쓰지 않아도,,기타,,발표 시기 미상,,,번역서 1종 · 예: 即使不努力,포함
밤의 여행자들,,장편소설,,발표 시기 미상,,,번역서 8종 · 예: Afet Gezginleri,포함
작별하지 않는다,,기타,,발표 시기 미상,,,번역서 13종 · 예: 永不告別,포함
우리가 정말 알아야 할 우리 김치 백 가지,,기타,,발표 시기 미상,,,번역서 1종 · 예: キムチ百科 韓國傳統のキムチ100,포함
"시선으로부터,",,시,,발표 시기 미상,,,번역서 7종 · 예: Svět podle Sison,포함
저항의 펜,,기타,,발표 시기 미상,,,번역서 1종 · 예: Como Si No Nos Conociéramos,포함
사랑과 시작,,기타,,발표 시기 미상,,,번역서 1종 · 예: Love and the Beginning,포함
아버지의 해방일지,,기타,,발표 시기 미상,,,번역서 3종 · 예: 父親的解放日記,포함
이규보 시선,,시,,발표 시기 미상,,,"번역서 1종 · 예: Singing like a cricket, hooting like an owl: selected poems by Yi Kyu-bo",포함
불편한 편의점,,기타,,발표 시기 미상,,,번역서 15종 · 예: Fru Yeoms butik for små mirakler,포함
밤의 이야기,,기타,,발표 시기 미상,,,번역서 1종 · 예: Night Talk,포함
달까지 가자,,기타,,발표 시기 미상,,,번역서 3종 · 예: To the Moon,포함
목소리를 드릴게요,,기타,,발표 시기 미상,,,번역서 2종 · 예: Take My Voice,포함
후레자식 1,,기타,,발표 시기 미상,,,번역서 1종 · 예: KOPILE 1,포함
빛의 호위,,기타,,발표 시기 미상,,,번역서 2종 · 예: 光之护卫,포함
"진, 진",,기타,,발표 시기 미상,,,번역서 1종 · 예: Jin & Jin,포함
알려지지 않은 밤과 하루,,장편소설,,발표 시기 미상,,,번역서 7종 · 예: La noche y el día de Ayami,포함
공간의 미래,,기타,,발표 시기 미상,,,번역서 1종 · 예: 空間の未来,포함
덧니가 보고 싶어,,기타,,발표 시기 미상,,,번역서 1종 · 예: 八重歯が見たい,포함
브로콜리 펀치,,기타,,발표 시기 미상,,,번역서 2종 · 예: Brokułowy cios,포함
고민이 고민입니다,,기타,,발표 시기 미상,,,번역서 1종 · 예: ムダに惱まない練習,포함
유실몽,,기타,,발표 시기 미상,,,번역서 1종 · 예: A washed-out dream,포함
한국고전시선,,시,,발표 시기 미상,,,번역서 2종 · 예: The Classical Poetry of Korea,포함
아주 희미한 빛으로도,,기타,,발표 시기 미상,,,번역서 1종 · 예: 即使只是微弱的光芒,포함
김보영의 스텔라 오디세이 트릴로지 세트,,기타,,발표 시기 미상,,,번역서 1종 · 예: Gwiezdna Odyseja,포함
죽고 싶지만 떡볶이는 먹고 싶어,,기타,,발표 시기 미상,,,"번역서 10종 · 예: Ik wil dood, maar eerst een bord tteokbokki",포함
법화영험전,,기타,,발표 시기 미상,,,번역서 1종 · 예: STORIE DI MIRACOLI BUDDHISTI,포함
"지금 사랑하지 않는 자, 모두 유죄",,기타,,발표 시기 미상,,,번역서 1종 · 예: 此刻不愛的人，都有罪,포함
대도시의 사랑법,,기타,,발표 시기 미상,,,번역서 11종 · 예: Miłość w wielkim mieście,포함
공방의 계절,,기타,,발표 시기 미상,,,번역서 4종 · 예: Pieni korealainen keramiikkapaja,포함
아가미,,기타,,발표 시기 미상,,,번역서 2종 · 예: Agami,포함
고형렬 시선집,,시,,발표 시기 미상,,,번역서 1종 · 예: Grasshoppers' Eyes,포함
복화술사들: 소설로 읽는 식민지 조선,,소설,,발표 시기 미상,,,번역서 1종 · 예: 植民地の腹話術師たち : 朝鮮の近代小説を読む,포함
양의 미래,,기타,,발표 시기 미상,,,번역서 1종 · 예: Kong's Garden,포함
푸른 개 장발,,기타,,발표 시기 미상,,,번역서 8종 · 예: Hunden som vågade drömma,포함
채만식 단편선,,단편소설,,발표 시기 미상,,,번역서 2종 · 예: Una Vita ready-made e altri racconti,포함
재미있게 말하는 사람이 성공한다,,기타,,발표 시기 미상,,,번역서 1종 · 예: 懂得幽默 : 百年不变的成功秘诀,포함
한국 시,,시,,발표 시기 미상,,,번역서 1종 · 예: Poèmes coréens,포함
착한 가족 [Chakan gajok],,기타,,발표 시기 미상,,,번역서 1종 · 예: A Good Family,포함
식물들의 사생활 [Singmuldeurui sasaenghwal],,기타,,발표 시기 미상,,,번역서 2종 · 예: The Private Life of Plants,포함
사람의 아들 [Saramui adeul],,기타,,발표 시기 미상,,,번역서 1종 · 예: Son of Man,포함
바람의 화원 상-하,,기타,,발표 시기 미상,,,번역서 1종 · 예: 風之畫師 上-下,포함
북간도,,기타,,발표 시기 미상,,,번역서 1종 · 예: Buk Gan Do,포함
"동아시아, 해양과 대륙이 맞서다",,기타,,발표 시기 미상,,,번역서 1종 · 예: 不平靜的半島：海洋與大陸勢力的五百年競逐,포함
고구려 건국사,,기타,,발표 시기 미상,,,번역서 2종 · 예: 高句麗建国物語,포함
꽃 찢고 열매 나오듯,,기타,,발표 시기 미상,,,번역서 1종 · 예: Like a Fruit Tearing Its Way Out of a Flower,포함
뒤뜰에 골칫거리가 산다,,기타,,발표 시기 미상,,,번역서 4종 · 예: معجزة تل الكرز,포함
내 몸속의 새를 꺼내주세요,,기타,,발표 시기 미상,,,번역서 1종 · 예: El Pájaro Que Llevo Adentro,포함
살인자의 쇼핑목록,,기타,,발표 시기 미상,,,번역서 1종 · 예: ช็อปปิงลิสต์ของฆาตกร,포함
재수사 2,,기타,,발표 시기 미상,,,번역서 1종 · 예: 罰と罪 下,포함
신의 나라 인간 나라: 신화의 세계편,,소설,,발표 시기 미상,,,"번역서 1종 · 예: 世界の神話 : 神話の生成と各地の神話, 神タと英雄の活躍",포함
작별인사,,기타,,발표 시기 미상,,,번역서 2종 · 예: veda,포함
동네에서 제일 싼 프랑스,,기타,,발표 시기 미상,,,번역서 1종 · 예: The Cheapest France In Town,포함
일주일,,기타,,발표 시기 미상,,,번역서 1종 · 예: Một Tuần,포함
칼,,기타,,발표 시기 미상,,,번역서 1종 · 예: Die Messer,포함
"알로하, 나의 엄마들",,기타,,발표 시기 미상,,,번역서 4종 · 예: Drei Frauen und der Traum vom Paradies Drei Frauen und der Traum vom Paradies,포함
그녀를 만나다,,기타,,발표 시기 미상,,,번역서 2종 · 예: Semilla,포함
재수사 1,,기타,,발표 시기 미상,,,번역서 1종 · 예: 罰と罪 上,포함
달러구트 꿈 백화점,,기타,,발표 시기 미상,,,번역서 17종 · 예: Galeria Snów DallerGuta,포함
시간을 파는 상점2,,기타,,발표 시기 미상,,,번역서 1종 · 예: Магазинчик времени,포함
달 드링크 서점,,기타,,발표 시기 미상,,,번역서 1종 · 예: Книжный бар «Переплет судьбы»,포함
비가 오면 열리는 상점,,기타,,발표 시기 미상,,,번역서 3종 · 예: Le magasin qui n'ouvre que les jours de pluie,포함
경청,,기타,,발표 시기 미상,,,번역서 6종 · 예: O eroare umană,포함
평형추,,기타,,발표 시기 미상,,,번역서 4종 · 예: カウンターウェイト,포함
트렁크,,기타,,발표 시기 미상,,,번역서 3종 · 예: Trunk,포함
직장 상사 악령 퇴치부,,기타,,발표 시기 미상,,,번역서 1종 · 예: 巫女(ムーダン) 配信者シャーマンとハヨンの悪霊事件簿,포함
희망이 외롭다,,기타,,발표 시기 미상,,,번역서 2종 · 예: الأمل وحيدا,포함
어린 벗에게,,기타,,발표 시기 미상,,,번역서 1종 · 예: رسائل إلى صديق شاب,포함
논 이야기·탈출기·할머니의 죽음,,기타,,발표 시기 미상,,,번역서 1종 · 예: ثلاث قصص كورية,포함
"새하곡, 금시조",,시조,,발표 시기 미상,,,번역서 1종 · 예: Canto bajo una fortaleza / El pájaro de las alas de oro,포함
소지,,기타,,발표 시기 미상,,,번역서 2종 · 예: 烧纸,포함
회복하는 인간,,기타,,발표 시기 미상,,,번역서 1종 · 예: Convalescence,포함
푸른 수염의 첫 번째 아내,,기타,,발표 시기 미상,,,번역서 1종 · 예: Bluebeard's First Wife,포함
나쁜친구,,기타,,발표 시기 미상,,,번역서 3종 · 예: Bad Friends,포함
수선화에게[Suseonhwaege],,기타,,발표 시기 미상,,,번역서 1종 · 예: К НАРЦИССУ,포함
사랑이라니 선영아,,기타,,발표 시기 미상,,,"번역서 1종 · 예: Tu m''aimes donc, Sonyong?",포함
등신불,,기타,,발표 시기 미상,,,번역서 1종 · 예: Tungsin-bul,포함
소나기,,기타,,발표 시기 미상,,,번역서 1종 · 예: The Cloudburst,포함
꺼삐딴 리,,기타,,발표 시기 미상,,,번역서 1종 · 예: Kapitan Ri,포함
맥,,기타,,발표 시기 미상,,,번역서 2종 · 예: Barley,포함
풀잎,,기타,,발표 시기 미상,,,번역서 1종 · 예: Leaves of Grass,포함
두 파산,,기타,,발표 시기 미상,,,번역서 1종 · 예: Two Bankrupticies,포함
빛 속에,,기타,,발표 시기 미상,,,번역서 1종 · 예: Into the Light,포함
피프티피플,,기타,,발표 시기 미상,,,번역서 3종 · 예: フィフティ・ピープル,포함
직선과 독가스 - 병동에서,,기타,,발표 시기 미상,,,번역서 1종 · 예: Straight Lines and Poison Gas - AT the Hospital Wards,포함
알바생 자르기 [Albasaeng jareugi],,기타,,발표 시기 미상,,,번역서 1종 · 예: Fired,포함
요한 시집,,시,,발표 시기 미상,,,번역서 1종 · 예: The Poetry of John,포함
비 오는 날,,기타,,발표 시기 미상,,,번역서 2종 · 예: Rainy Days,포함
포기하는 용기,,기타,,발표 시기 미상,,,"번역서 1종 · 예: 为自己, 敢不敢再活一次",포함
싱글빌,,기타,,발표 시기 미상,,,번역서 1종 · 예: 只因单身在一起,포함
띵굴마님은 캠핑이 좋아,,기타,,발표 시기 미상,,,번역서 1종 · 예: 我為什麼愛上露營？,포함
아빠대화법,,기타,,발표 시기 미상,,,번역서 1종 · 예: 跟自己的孩子聊得來,포함
디지털세상이 아이를 아프게 한다,,기타,,발표 시기 미상,,,번역서 1종 · 예: 其實是數位在傷害孩子,포함
비가 올거야 눈이 올거야?,,기타,,발표 시기 미상,,,번역서 1종 · 예: 今天是会下雨还是会下雪？,포함
"장하다, 똥구리!",,기타,,발표 시기 미상,,,번역서 1종 · 예: 金龟子，我为你骄 傲,포함
조선시대 사람들은 어떻게 살았을까,,기타,,발표 시기 미상,,,번역서 1종 · 예: Everyday Life in Joseon-Era Korea : economy and society The organization of korean historians,포함
한국현대문학입문서,,기타,,발표 시기 미상,,,번역서 1종 · 예: Historia de la Literatura coreana del siglo. XX,포함
이불여행,,기타,,발표 시기 미상,,,번역서 1종 · 예: Blanket travel,포함
1-2 / 15소년 어드벤처,,기타,,발표 시기 미상,,,번역서 1종 · 예: 冒险15人组,포함
아파트가 아니어도 좋아,,기타,,발표 시기 미상,,,번역서 1종 · 예: 喜歡小房子 : 我家不是豪宅，但很舒服,포함
인도 바람도 그릴 수 있다면,,기타,,발표 시기 미상,,,번역서 1종 · 예: 印度團團轉,포함
까사마미 수납개조,,기타,,발표 시기 미상,,,번역서 1종 · 예: Casa妈咪创意收纳,포함
"심청, 연꽃의 길",,기타,,발표 시기 미상,,,번역서 1종 · 예: Die Lotos Blüte,포함
새벽의 나나[Saebyeogui nana],,기타,,발표 시기 미상,,,번역서 1종 · 예: Nana za úsvitu,포함
K박사의 연구 외 단편선[Kbaksaui yeongu oe danpeonseon],,단편소설,,발표 시기 미상,,,번역서 1종 · 예: Les recherches du professeur K et autres nouvelles,포함
즐거운 나의 집,,기타,,발표 시기 미상,,,번역서 4종 · 예: 我和我那離婚三次的老媽,포함
오발탄,,기타,,발표 시기 미상,,,번역서 1종 · 예: A Stray Bullet,포함
옥화,,기타,,발표 시기 미상,,,번역서 1종 · 예: Ok-hwa,포함
시차,,기타,,발표 시기 미상,,,번역서 1종 · 예: Time Difference,포함
낯익은 타인들의 도시 [Nachigeun taindeurui dosi],,기타,,발표 시기 미상,,,번역서 1종 · 예: Город знакомых незнакомцев,포함
더러운 책상[Deoreoun chaeksang],,기타,,발표 시기 미상,,,번역서 1종 · 예: 肮脏的书桌,포함
벙어리 삼룡이,,기타,,발표 시기 미상,,,번역서 2종 · 예: Samnyong the Mute,포함
봄·봄,,기타,,발표 시기 미상,,,"번역서 2종 · 예: Spring, Spring",포함
30歲一切都還來得及，妳是30花開還是30花謝？ / 서른에 꽃피다,,기타,,발표 시기 미상,,,번역서 1종 · 예: 於是，我開始搞懂我自己,포함
李晟馥詩集 / 남해금산 / 그리고 다시 안개가 내렸다,,기타,,발표 시기 미상,,,번역서 1종 · 예: そしてまた霧がかかった,포함
Korean Way Of Tea : An Introduction Guide,,기타,,발표 시기 미상,,,번역서 1종 · 예: Korean Way Of Tea : An Introduction Guide,포함
Roman / 고기잡이는 갈대를 꺾지 않는다,,기타,,발표 시기 미상,,,번역서 1종 · 예: (Ein)Fischer bricht das Schilfrohr nicht,포함
도둑괭이 공주,,기타,,발표 시기 미상,,,번역서 1종 · 예: 野良猫姫,포함
내 푸른 자전거,,기타,,발표 시기 미상,,,번역서 1종 · 예: 我和爸爸的蓝色秘密,포함
김영하 단편선집,,기타,,발표 시기 미상,,,번역서 1종 · 예: (Ein) seltsamer Verein : Erzählung,포함
나들이 갈 때 꼭꼭 약속해,,기타,,발표 시기 미상,,,번역서 1종 · 예: 出门在外 我会小心,포함
한옥 : 우리 住居文化의 魂이 담긴 옛 살림집 風景,,기타,,발표 시기 미상,,,번역서 2종 · 예: Hanok : The Traditional Korean House,포함
재와 빨강[Jaewa ppalgang],,기타,,발표 시기 미상,,,번역서 1종 · 예: Popiół i czerwień,포함
퀴르발 남작의 성[Kwireubal namjagui seong],,기타,,발표 시기 미상,,,번역서 1종 · 예: 库勒巴尔男爵的城堡,포함
채식주의자[Chaesikjuuija],,기타,,발표 시기 미상,,,번역서 1종 · 예: VEGETARIJANKA,포함
한국테마문학선집:한국음식 편[Hanguk tema munhak seonjip: Hanguk eumsing pyeon],,기타,,발표 시기 미상,,,번역서 1종 · 예: MANGER CENT FAÇONS,포함
비행운,,기타,,발표 시기 미상,,,번역서 6종 · 예: 你的夏天还好吗?,포함
"19세기 한국소설 ""여관에서 한가한 대화""[19segi hanguksoseol ""yeogwaneseo hangahan daehwa""]",,소설,,발표 시기 미상,,,번역서 1종 · 예: Досужие беседы на постоялом дворе,포함
나는 이 세상에 없는 계절이다,,기타,,발표 시기 미상,,,번역서 1종 · 예: I Am a Season That Does Not Exist in the World,포함
꼬리야? 꼬리야!,,기타,,발표 시기 미상,,,번역서 1종 · 예: Die Kleine Echse Stummelschwanz,포함
잽,,기타,,발표 시기 미상,,,번역서 2종 · 예: Jab !,포함
The Hole (Lubang) : 홀,,기타,,발표 시기 미상,,,번역서 1종 · 예: The Hole (Lubang) : 홀,중복 제외 (앞 순위 출처에 있음)
비 오는 길,,기타,,발표 시기 미상,,,번역서 1종 · 예: Walking in the Rain,포함
소설가 구보씨의 일일,,소설,,발표 시기 미상,,,번역서 3종 · 예: A Day in the Life of Kubo the Noverlist,포함
김 강사와 T 교수,,기타,,발표 시기 미상,,,번역서 1종 · 예: Lecturer Kim and Professor T,포함
소망,,기타,,발표 시기 미상,,,번역서 1종 · 예: Juvesenility,포함
갯마을,,기타,,발표 시기 미상,,,번역서 1종 · 예: Seaside Village,포함
사랑손님과 어머니,,기타,,발표 시기 미상,,,번역서 1종 · 예: Mama and the Boarder,포함
달밤,,기타,,발표 시기 미상,,,번역서 1종 · 예: An Idiot's Delight,포함
무기의 그늘,,기타,,발표 시기 미상,,,번역서 5종 · 예: The Shadow of Arms,포함
그곳이 어디든,,기타,,발표 시기 미상,,,번역서 1종 · 예: Ici comme ailleurs,포함
내 가슴에 해마가 산다,,기타,,발표 시기 미상,,,번역서 1종 · 예: Un Hippocampe dans mon cœur,포함
이수지의 그림책,,동화,,발표 시기 미상,,,번역서 3종 · 예: LA TRILOGIA DEL LIMITE,포함
우리가 정말 알아야 할 우리 옛이야기 백가지1,,소설,,발표 시기 미상,,,번역서 2종 · 예: 很久很久以前——韩国经典民间故事,포함
동아시아 문명론,,기타,,발표 시기 미상,,,번역서 1종 · 예: LÝ LUÂN VỀ VĂN MINH ĐÔNG Á,포함
서른다섯의 사춘기,,기타,,발표 시기 미상,,,번역서 1종 · 예: 那些有伤的女人,포함
치숙,,기타,,발표 시기 미상,,,번역서 2종 · 예: عمي البرىء,포함
Au Lotus d'Or: Histoires de courtisanes,,기타,,발표 시기 미상,,,번역서 1종 · 예: Au Lotus d'Or: Histoires de courtisanes,중복 제외 (앞 순위 출처에 있음)
히말라야 시편,,시,,발표 시기 미상,,,번역서 2종 · 예: 喜马拉雅诗篇,포함
당신의 첫,,기타,,발표 시기 미상,,,"번역서 1종 · 예: Ordures de tous les pays, unissez-vous !",포함
랍스터를 먹는 시간,,단편소설,,발표 시기 미상,,,번역서 1종 · 예: Time to Eat Lobster: Contemporary Korean Stories on Memories of the Vietnam War,포함
세계의 끝 여자친구,,기타,,발표 시기 미상,,,번역서 5종 · 예: 世界の果て、彼女,포함
밀수록 다시 가까워지는,,기타,,발표 시기 미상,,,"번역서 1종 · 예: So Far, and Yet So Near",포함
한국의 문화코드 15가지,,기타,,발표 시기 미상,,,번역서 1종 · 예: 15 códigos de la cultura coreana,포함
Travel Diary Of South Korea / The Land of Phoenix,,기타,,발표 시기 미상,,,번역서 1종 · 예: سرزمین ققنوس : خاطرات سفر از کره جنوبی,포함
Who am I? : Kang Woo-Hyun's fairy tale in ink drawings,,기타,,발표 시기 미상,,,번역서 1종 · 예: من کیهستم؟,포함
죽음의 자서전,,기타,,발표 시기 미상,,,번역서 5종 · 예: AUTOBIOGRAPHIE DE LA MORT,포함
동양화 읽는 법,,기타,,발표 시기 미상,,,번역서 1종 · 예: How to Read Eastern Art,포함
Zvuk groma / 천둥소리,,기타,,발표 시기 미상,,,번역서 1종 · 예: Zvuk groma / 천둥소리,중복 제외 (앞 순위 출처에 있음)
우리는 매일 매일,,기타,,발표 시기 미상,,,"번역서 1종 · 예: We, Day by Day",포함
Cuentos de la noche escalofriante,,단편소설,,발표 시기 미상,,,번역서 1종 · 예: Cuentos de la noche escalofriante,중복 제외 (앞 순위 출처에 있음)
포인트 스토리,,기타,,발표 시기 미상,,,번역서 1종 · 예: قصه نقطه,포함
무의자 시집,,시,,발표 시기 미상,,,번역서 1종 · 예: Magnolia & Lotus: Selected Poems of Hyesim,포함
바리연가집,,기타,,발표 시기 미상,,,번역서 1종 · 예: Bari''s Love Song,포함
아득한 성자,,기타,,발표 시기 미상,,,번역서 1종 · 예: قِدِّيسٌ يُحَلقُ بَعيدًا,포함
82년생 김지영,,기타,,발표 시기 미상,,,번역서 22종 · 예: Született 1982-ben,포함
바깥은 여름,,기타,,발표 시기 미상,,,번역서 5종 · 예: 外は夏,포함
노랑무늬 영원,,기타,,발표 시기 미상,,,번역서 1종 · 예: 回復する人間,포함
고맙다 줄기세포,,기타,,발표 시기 미상,,,번역서 1종 · 예: عطايا الخلايا الجذعية | قصة العلم واليقين,포함
원더보이,,기타,,발표 시기 미상,,,번역서 3종 · 예: Чудо-мальчик,포함
마당을 나온 암탉[Madangeul naon amtak],,기타,,발표 시기 미상,,,번역서 2종 · 예: Η ΚΟΤΑ ΠΟΥ ΟΝΕΙΡΕΥΟΤΑΝ ΝΑ ΠΕΤΑΞΕΙ,포함
병신과 머저리[Byeongsingwa meojeori],,단편소설,,발표 시기 미상,,,번역서 1종 · 예: Two Stories by Yi Chong-Jun: Abject and the Wounded,포함
저녁의 구애[Jeonyeogui guae],,기타,,발표 시기 미상,,,번역서 1종 · 예: Evening Proposal,포함
일요일 스키야키 식당[Iryoil seukiyaki sikdang],,기타,,발표 시기 미상,,,번역서 1종 · 예: 星期天日式火锅餐厅,포함
관촌수필[Gwanchonsupil],,수필,,발표 시기 미상,,,번역서 1종 · 예: 冠村随筆,포함
상냥한 폭력의 시대,,기타,,발표 시기 미상,,,번역서 2종 · 예: 優しい暴力の時代,포함
테오도루 24번지[Teodoru 24beonji],,기타,,발표 시기 미상,,,번역서 1종 · 예: 泰奧多爾24號,포함
설빔,,기타,,발표 시기 미상,,,번역서 1종 · 예: لباس سال نو,포함
韩国第一美魔女的逆龄神技 : 김송하's 뷰티스토리,,기타,,발표 시기 미상,,,번역서 1종 · 예: 韩国第一美魔女的逆龄神技 : 김송하's 뷰티스토리,중복 제외 (앞 순위 출처에 있음)
Crepuscules,,기타,,발표 시기 미상,,,번역서 1종 · 예: Crepuscules,포함
因为痛，所以叫青春 : 김난도의 내일,,기타,,발표 시기 미상,,,번역서 1종 · 예: 因为痛，所以叫青春 : 김난도의 내일,포함
꿈없는 날들의 슬픔,,기타,,발표 시기 미상,,,번역서 1종 · 예: 夢見ぬ日々の悲しみ,포함
왕을 찾아서[Wangeul chajaseo],,기타,,발표 시기 미상,,,번역서 1종 · 예: 寻觅王者,포함
차마고도.,,기타,,발표 시기 미상,,,번역서 1종 · 예: 茶马古道,포함
김승옥 단편선.,,기타,,발표 시기 미상,,,번역서 1종 · 예: ソウル1964年 冬 ―金承鈺短編集―,포함
누들로드,,기타,,발표 시기 미상,,,번역서 1종 · 예: 面条之路,포함
상행,,기타,,발표 시기 미상,,,번역서 2종 · 예: رحلة إلى سيول,포함
장난감 도시,,기타,,발표 시기 미상,,,번역서 4종 · 예: THÀNH PHỐ ĐỒ CHƠI,포함
프로젝트 뉴욕,,기타,,발표 시기 미상,,,번역서 1종 · 예: 像他們一樣工作,포함
마법의 주스,,기타,,발표 시기 미상,,,번역서 1종 · 예: 巫婆校长的神奇魔药,포함
새 관이 필요해요,,기타,,발표 시기 미상,,,번역서 1종 · 예: 吸血鬼的新棺材,포함
공백의 그림자,,기타,,발표 시기 미상,,,번역서 2종 · 예: SHADOWS of the VOID,포함
반짝반짝 반딧불이,,기타,,발표 시기 미상,,,번역서 1종 · 예: 仲夏夜的萤火虫,포함
누구야 누구?,,기타,,발표 시기 미상,,,번역서 1종 · 예: 动物吃些什么呢?,포함
깨끗한 손 깨끗한 이,,기타,,발표 시기 미상,,,번역서 1종 · 예: 干净的手和洁白的牙齿,포함
飲食のくにではピビムパプが民主主義だ : おいしい詩を添えて,,시,,발표 시기 미상,,,번역서 1종 · 예: 飲食のくにではピビムパプが民主主義だ : おいしい詩を添えて,포함
복은 나누고 한은 푸시게,,기타,,발표 시기 미상,,,"번역서 1종 · 예: Partager le Bonheur, Dénouer la Rancœur",포함
Alone With Myself : Songs of Thorns and Flowers Vol. 5,,기타,,발표 시기 미상,,,번역서 1종 · 예: Alone With Myself : Songs of Thorns and Flowers Vol. 5,포함
봉순이 언니,,기타,,발표 시기 미상,,,번역서 7종 · 예: Моя Бонсун,포함
외국인을 위한 한국어 문법. 1-2,,기타,,발표 시기 미상,,,번역서 1종 · 예: 最新韓國語語法. 1-2,포함
식탁 위의 한국사,,기타,,발표 시기 미상,,,번역서 1종 · 예: Lịch sử Hàn Quốc trên bàn ăn,포함
버핏과의 저녁식사,,기타,,발표 시기 미상,,,번역서 1종 · 예: Dinner with Buffett,포함
정약용: 한국실학의 집대성,,기타,,발표 시기 미상,,,번역서 1종 · 예: 丁若镛 : 韩国实学之集大成者,포함
Asia Literary Review : Spring 2016. 30,,기타,,발표 시기 미상,,,번역서 1종 · 예: Asia Literary Review : Spring 2016. 30,중복 제외 (앞 순위 출처에 있음)
만다라,,기타,,발표 시기 미상,,,번역서 4종 · 예: Mandala,포함
"막걸리, 넌 누구냐",,기타,,발표 시기 미상,,,번역서 1종 · 예: マッコリの正体 - その歴史と文化,포함
미리 가 본 국립중앙박물관,,기타,,발표 시기 미상,,,번역서 2종 · 예: Exploring the National Museum of Korea,포함
거울 속으로,,기타,,발표 시기 미상,,,번역서 1종 · 예: MIRROR,포함
내 잔이 넘치나이다,,기타,,발표 시기 미상,,,번역서 1종 · 예: Free on the Inside: the life of a missionary POW,포함
알루미늄 오이,,기타,,발표 시기 미상,,,번역서 1종 · 예: Pepino de Aluminio,포함
붉은 눈송이,,기타,,발표 시기 미상,,,번역서 1종 · 예: Des flocons de neige rouge,포함
못자국,,기타,,발표 시기 미상,,,번역서 2종 · 예: 戦争ごっこ,포함
récits / 난장이가 쏘아올린 작은 공,,기타,,발표 시기 미상,,,번역서 1종 · 예: (Le)nain,포함
불놀이,,기타,,발표 시기 미상,,,번역서 2종 · 예: Jouer avec le feu,포함
벽,,기타,,발표 시기 미상,,,번역서 1종 · 예: (Le)père chien,포함
한국연구도서목록,,기타,,발표 시기 미상,,,번역서 1종 · 예: (Selected Bibliography of) Korean Studies,포함
見えざる日露戦争の序曲 / 명성황후 시해의 진실을 밝힌다,,기타,,발표 시기 미상,,,번역서 1종 · 예: 閔妃は誰に殺されたのか,포함
101가지 사이언스 파워퀴즈 지식은 힘 환경,,기타,,발표 시기 미상,,,번역서 1종 · 예: 101個環境疑問,포함
우리 아이 마음보고서,,기타,,발표 시기 미상,,,번역서 1종 · 예: 孩子的心理报告书,포함
무지개 원리,,기타,,발표 시기 미상,,,번역서 1종 · 예: 彩虹原理,포함
오늘 그리고 내일의 노래,,기타,,발표 시기 미상,,,번역서 2종 · 예: 今天与明天的歌,포함
고래의 노래,,시,,발표 시기 미상,,,번역서 1종 · 예: A GALAXY OF WHALE POEMS,포함
한국의 문화,,기타,,발표 시기 미상,,,번역서 1종 · 예: 韓国の文化,포함
아들이여! 한일에 걸쳐진 생명의 다리,,기타,,발표 시기 미상,,,번역서 1종 · 예: 息子よ! 韓日に 架ける 命の 橋,포함
韓國 : ロンリ-プラネシトの 自由旅行 ガイド,,기타,,발표 시기 미상,,,번역서 1종 · 예: 韓國 : ロンリ-プラネシトの 自由旅行 ガイド,중복 제외 (앞 순위 출처에 있음)
한국역사만보,,기타,,발표 시기 미상,,,번역서 1종 · 예: 韓国歴史漫步,포함
한국 고등교육에 영향을 끼친 역사적 요소,,기타,,발표 시기 미상,,,번역서 1종 · 예: Historic factors Influencing Korean Higher Education,포함
한국의 가족과 친족,,기타,,발표 시기 미상,,,번역서 1종 · 예: Korean Family and Kinship,포함
Intangible Cultural Properties and Living National Treasures / 한국의 문화재보호정책,,기타,,발표 시기 미상,,,번역서 1종 · 예: Cultural Protection Policy in Korea,포함
한국 근대사와 민족주의,,기타,,발표 시기 미상,,,번역서 1종 · 예: Modern Korean History and Nationalism,포함
전통에서 소비형태까지: 한국 자본주의문화의 건설,,기타,,발표 시기 미상,,,번역서 1종 · 예: From Tradition to Consumption: Construction of a Capitalist Culture in South Korea,포함
조선통신사 -일한공통역사교재,,기타,,발표 시기 미상,,,번역서 1종 · 예: 朝鮮通信使 : 日韓共通歷史敎材,포함
et autres romans / 유형의 땅,,기타,,발표 시기 미상,,,번역서 1종 · 예: Terre d'exil,포함
타는 목마름으로,,기타,,발표 시기 미상,,,번역서 3종 · 예: CON LA SED ARDIENTE,포함
어떤 작위의 세계,,기타,,발표 시기 미상,,,번역서 2종 · 예: Un monde dénaturé,포함
황동규 시선집-삶을 살아낸다는 건,,시,,발표 시기 미상,,,번역서 1종 · 예: АМЬДАРНА ГЭДЭГ НЬ,포함
わかりやすい韓国の歴史 : 国定韓国小学校社会科教科書,,기타,,발표 시기 미상,,,번역서 1종 · 예: わかりやすい韓国の歴史 : 国定韓国小学校社会科教科書,중복 제외 (앞 순위 출처에 있음)
조선왕조사 상,,기타,,발표 시기 미상,,,번역서 1종 · 예: 朝鮮王朝史 上,포함
연싸움,,기타,,발표 시기 미상,,,번역서 1종 · 예: (The) Kite Fighters,포함
오정희 단편선,,기타,,발표 시기 미상,,,번역서 1종 · 예: ПECMA XOДOЧACHИЦE,포함
서정주 시선,,시,,발표 시기 미상,,,번역서 3종 · 예: Na brijegu u podne,포함
송강가사전집: 외로운 학,,기타,,발표 시기 미상,,,번역서 1종 · 예: Одинокий журавль,포함
18-19세기 중세소설(I) - 춘향전,,소설,,발표 시기 미상,,,번역서 1종 · 예: Верная Чхунхян : Корейские повести XIX в. Том 1.,포함
패설문학선집,,기타,,발표 시기 미상,,,번역서 1종 · 예: Лисий перевал (Lisij pereval),포함
한국사신론,,기타,,발표 시기 미상,,,번역서 1종 · 예: История Кореи : новая трактовка,포함
열하일기,,기타,,발표 시기 미상,,,번역서 2종 · 예: La Remontrance du tigre,포함
고은 시선집 / 허공에 쓴다,,시,,발표 시기 미상,,,번역서 1종 · 예: Pišem v zrak,포함
만남,,기타,,발표 시기 미상,,,번역서 5종 · 예: 相会,포함
딸기도둑,,기타,,발표 시기 미상,,,번역서 1종 · 예: La voleuse de fraises,포함
"I'M OK, I'm PIG!",,기타,,발표 시기 미상,,,"번역서 1종 · 예: I'M OK, I'm PIG!",포함
시간의 쪽배,,기타,,발표 시기 미상,,,번역서 1종 · 예: 时光扁舟,포함
채만식 독본,,기타,,발표 시기 미상,,,번역서 1종 · 예: SUNSET: A CH''AE MANSHIK READER,포함
새벽 세 시의 사자 한 마리,,기타,,발표 시기 미상,,,번역서 1종 · 예: A LION AT THREE IN THE MORNING,포함
100년 후에도 변하지 않는 소중한 육아 지혜,,기타,,발표 시기 미상,,,번역서 1종 · 예: 100年不變的育兒智慧,포함
나의 문화유산 답사기 1 : 남도답사 일번지,,기타,,발표 시기 미상,,,번역서 1종 · 예: 私の 文化遺産沓査記 1 : 南道踏査一番地,포함
실록 동학농민혁명사,,기타,,발표 시기 미상,,,번역서 2종 · 예: 実錄東学農民革命史,포함
백제금동대향로: 고대 동북아의 정신세계를 찾아서,,기타,,발표 시기 미상,,,번역서 1종 · 예: 百濟金銅大香爐 : 古代東アジアの精神世界をたずねて,포함
입문 한국의 역사,,기타,,발표 시기 미상,,,번역서 1종 · 예: : 入門 韓國の 歷史 : 国定韓国中学校国史教科書,포함
완역 삼국유사,,기타,,발표 시기 미상,,,번역서 1종 · 예: 完訳三国遺事,포함
세계의 역사와 문명을 찾아가는 만화 스쿨 4: 인디언 학교 가기,,기타,,발표 시기 미상,,,번역서 1종 · 예: 印第安大冒险,포함
로빈슨 크루소 따라잡기,,기타,,발표 시기 미상,,,번역서 1종 · 예: 男孩的科学冒险书. 征服无人岛绝境 / 1,포함
"김기덕, 야생 혹은 속죄양",,기타,,발표 시기 미상,,,번역서 1종 · 예: Kim Ki-Duk Barbar oder Sündenbock?,포함
경애의 마음,,기타,,발표 시기 미상,,,번역서 3종 · 예: 敬愛的心意,포함
섬,,시,,발표 시기 미상,,,번역서 1종 · 예: 島：收錄詩人畫作鄭玄宗詩選集,포함
흑산,,기타,,발표 시기 미상,,,번역서 1종 · 예: 黒山,포함
한국인이야기,,기타,,발표 시기 미상,,,번역서 1종 · 예: 物語 韓國人,포함
한국의 역사,,기타,,발표 시기 미상,,,번역서 1종 · 예: 韓國の 歷史 : 國政韓國高等學校歷史敎科書,포함
삼국사기,,기타,,발표 시기 미상,,,번역서 2종 · 예: 完訳 三国史記,포함
제로에서 말하는 한국어,,기타,,발표 시기 미상,,,번역서 1종 · 예: ゼロから話せる韓国語,포함
ゼロから始める韓国語 : 文法中心,,기타,,발표 시기 미상,,,번역서 1종 · 예: ゼロから始める韓国語 : 文法中心,중복 제외 (앞 순위 출처에 있음)
동아시아 비교 방언론,,기타,,발표 시기 미상,,,번역서 1종 · 예: 東アジア比較方言論,포함
한국어 첫걸음,,기타,,발표 시기 미상,,,번역서 1종 · 예: 韓國語の 初步,포함
しっかり身につく韓国語トレーニングブック : 文型と 頻出單語を 同時に 覺える,,기타,,발표 시기 미상,,,번역서 1종 · 예: しっかり身につく韓国語トレーニングブック : 文型と 頻出單語を 同時に 覺える,중복 제외 (앞 순위 출처에 있음)
the vivid testimony of a Korean teenaged girl during World War II / 정신대 여성의 통곡,,기타,,발표 시기 미상,,,번역서 1종 · 예: Cries of the Korean comfort women,포함
이청준 작품선집,,기타,,발표 시기 미상,,,번역서 1종 · 예: ОСТРВО ИО,포함
천상병 시선집 귀천,,시,,발표 시기 미상,,,번역서 1종 · 예: ПОВРАТАК НА НЕЪО,포함
하늘과 바람과 별과 詩,,기타,,발표 시기 미상,,,"번역서 1종 · 예: НЕБО, ВЕТЕР, ЗВЕЗДА И ПОЭЗИЯ",포함
세상에서 가장 비싼 소설,,소설,,발표 시기 미상,,,번역서 1종 · 예: The World''s Most Expensive Novel,포함
권순찬과 착한 사람들,,기타,,발표 시기 미상,,,번역서 1종 · 예: Kwon Sun-chan and Nice People,포함
마당씨의 식탁,,기타,,발표 시기 미상,,,번역서 1종 · 예: Umma''s Table,포함
한국병합사의 연구,,기타,,발표 시기 미상,,,번역서 1종 · 예: 韓國倂合史の硏究,포함
"36명의 일본인 : 한국, 조선에 대한 시선들",,기타,,발표 시기 미상,,,"번역서 1종 · 예: 36人の 日本人 : 韓國, 朝鮮への まなざし",포함
〈朝鮮〉表象の文化誌 : 近代日本と他者をめぐる知の植民地化,,기타,,발표 시기 미상,,,번역서 1종 · 예: 〈朝鮮〉表象の文化誌 : 近代日本と他者をめぐる知の植民地化,포함
나의 문화유산 답사기 3 : 말할 수 없는 것과의 대화,,기타,,발표 시기 미상,,,번역서 1종 · 예: 私の 文化遺産沓査記 3 : 語らない ものとの 對話,포함
나의 문화유산 답사기 2 : 산은 강을 넘지 못하고,,기타,,발표 시기 미상,,,번역서 1종 · 예: 私の 文化遺産踏査記 2 : 山は 川を 越えられず,포함
21세기에 남북한은 어떤 길을 걷게 될 것인가,,기타,,발표 시기 미상,,,"번역서 1종 · 예: Whither Path for the Two Koreans in the 21st Century : War, Peace or Unification?",포함
떠나보낼 수 없는 세월,,기타,,발표 시기 미상,,,번역서 1종 · 예: Year of impossible goodbyes,포함
NATIVE SPEAKER,,기타,,발표 시기 미상,,,번역서 1종 · 예: NATIVE SPEAKER,포함
황순원 단편선,,기타,,발표 시기 미상,,,번역서 1종 · 예: ПЉУСАК И ДРУГЕ ПРИЧЕ,포함
"사월의 미, 칠월의 솔",,기타,,발표 시기 미상,,,번역서 2종 · 예: Der Wundergeiger auf der Palliativstation,포함
(그림과 명칭으로 보는)한국의 문화유산,,기타,,발표 시기 미상,,,번역서 1종 · 예: 韩国文化遗产之旅,중복 제외 (앞 순위 출처에 있음)
영웅초한지,,기타,,발표 시기 미상,,,번역서 1종 · 예: 楚汉英雄志. 1-5,포함
세계의 역사와 문명을 찾아가는 만화 스쿨 2: 원시인 학교 가기,,기타,,발표 시기 미상,,,번역서 1종 · 예: 原始人大冒险,포함
세계의 역사와 문명을 찾아가는 만화 스쿨 3: 파라오 학교 가기,,기타,,발표 시기 미상,,,번역서 1종 · 예: 古埃及大冒险,포함
"아, 입이 없는 것들",,기타,,발표 시기 미상,,,"번역서 3종 · 예: Ah, Mouthless Things",포함
단 한번 보지 못한 내 꽃들,,기타,,발표 시기 미상,,,번역서 1종 · 예: Flores Mias Que Nunca Las He Visto,포함
분신들,,기타,,발표 시기 미상,,,번역서 1종 · 예: 分身人,포함
한국현당대문학 경전해독,,기타,,발표 시기 미상,,,번역서 1종 · 예: 韩国现当代文学经典解读,포함
무진기행,,단편소설,,발표 시기 미상,,,"번역서 5종 · 예: Viaje a Muyin, ciudad de la niebla",포함
뭐냐?: 고은 시선집,,시,,발표 시기 미상,,,번역서 2종 · 예: Qu’est-ce ?,포함
전후의 탄생,,기타,,발표 시기 미상,,,번역서 1종 · 예: 〈戦後〉の誕生―戦後日本と「朝鮮」の境界,포함
디디의 우산,,기타,,발표 시기 미상,,,번역서 2종 · 예: ディディの傘,포함
세계화 시대의 판소리와 창극,,기타,,발표 시기 미상,,,번역서 1종 · 예: Bonjour Pansori !,포함
토지: 1부 2권,,기타,,발표 시기 미상,,,번역서 1종 · 예: 土地: 第1部 第2卷,포함
한잔의 붉은 거울,,기타,,발표 시기 미상,,,번역서 1종 · 예: A Drink of Red Mirror,포함
아몬드,,기타,,발표 시기 미상,,,번역서 16종 · 예: Ametlla,포함
a novel of World War Two. 오 하느님,,기타,,발표 시기 미상,,,번역서 1종 · 예: How in Heaven's Name,포함
Blue Stallion : poems of Yu Chi-whan,,시,,발표 시기 미상,,,번역서 1종 · 예: Blue Stallion : poems of Yu Chi-whan,중복 제외 (앞 순위 출처에 있음)
성찬경 시선,,시,,발표 시기 미상,,,번역서 1종 · 예: Translucency: selected poems of Chankyung Sung,포함
인도인을 위한 한국어,,기타,,발표 시기 미상,,,번역서 1종 · 예: Korean Language in India,포함
한국영화 100년사,,기타,,발표 시기 미상,,,번역서 1종 · 예: 韓国映画100年史: その誕生からグローバル展開まで,포함
현남 오빠에게,,기타,,발표 시기 미상,,,번역서 3종 · 예: ヒョンナムオッパへ,포함
사지를 넘어 귀향까지 : 일제 강제 징용 수기,,기타,,발표 시기 미상,,,번역서 1종 · 예: 死地を越え歸鄕まで,포함
강아지로 변한 날,,기타,,발표 시기 미상,,,번역서 1종 · 예: 说脏话一点儿也不帅,포함
Journal of Korean literature & Culture / 아젤리아,,기타,,발표 시기 미상,,,번역서 1종 · 예: Azalea,포함
이,,기타,,발표 시기 미상,,,번역서 1종 · 예: The Clowns,포함
한국계 미국문학의 이해,,기타,,발표 시기 미상,,,"번역서 1종 · 예: Understanding Korean American Literature: American Dream, Self-Identify & Assimilation",포함
벼랑의 꿈,,기타,,발표 시기 미상,,,번역서 2종 · 예: Songe de la falaise : suivi d'un choix de poèmes,포함
건정필담 2,,기타,,발표 시기 미상,,,번역서 1종 · 예: 乾浄筆譚 : 朝鮮燕行使の北京筆談録 2,포함
파도야 놀자,,기타,,발표 시기 미상,,,번역서 1종 · 예: Wave,포함
나는 누구일까요?,,기타,,발표 시기 미상,,,번역서 1종 · 예: 我是谁,포함
슬픈 게이,,기타,,발표 시기 미상,,,번역서 1종 · 예: El maricón triste,포함
관부연락선,,기타,,발표 시기 미상,,,번역서 1종 · 예: 関釜連絡船,포함
토지: 1부 3권,,기타,,발표 시기 미상,,,번역서 1종 · 예: 土地: 第1部 第3卷,포함
Founder of Korea's Choson Dynasty / 태조실록 = 太祖康獻大王實錄,,기타,,발표 시기 미상,,,번역서 1종 · 예: The Annals of King T'aejo,포함
조선 양반의 일생,,기타,,발표 시기 미상,,,번역서 1종 · 예: 朝鲜两班的一生,포함
"한반도식 통일, 현재진행형",,기타,,발표 시기 미상,,,번역서 1종 · 예: 朝鮮半島の平和と統一,포함
The Making of an Oriental Yankee / 동양선비 서양에 가시다,,기타,,발표 시기 미상,,,번역서 1종 · 예: East Goes West,포함
Ma vie dans la supérette,,기타,,발표 시기 미상,,,번역서 1종 · 예: Ma vie dans la supérette,중복 제외 (앞 순위 출처에 있음)
새,,기타,,발표 시기 미상,,,번역서 7종 · 예: 鳥,포함
Traduire la vie: meeting nº I3 - textes bilingues,,기타,,발표 시기 미상,,,번역서 1종 · 예: Traduire la vie: meeting nº I3 - textes bilingues,중복 제외 (앞 순위 출처에 있음)
스무고개 탐정과 마술사2,,기타,,발표 시기 미상,,,번역서 1종 · 예: 猫咪遭袭事件,포함
스무고개 탐정과 마술사1,,기타,,발표 시기 미상,,,번역서 1종 · 예: 二十问侦探和魔术师,포함
séoul/port-au-prince : revue bilingue,,기타,,발표 시기 미상,,,번역서 1종 · 예: séoul/port-au-prince : revue bilingue,중복 제외 (앞 순위 출처에 있음)
그대의 차가운 손,,기타,,발표 시기 미상,,,번역서 2종 · 예: Deine kalten Hände,포함
아리랑 1권,,기타,,발표 시기 미상,,,번역서 1종 · 예: ARIRANG (Volume 1) : Nos terres son notre vie,포함
유리체를 통과하다,,기타,,발표 시기 미상,,,번역서 1종 · 예: ガラス体を貫通する,포함
소리는 어떻게 날까,,기타,,발표 시기 미상,,,번역서 1종 · 예: Como o som é produzido,포함
활활 타오르는 불꽃,,기타,,발표 시기 미상,,,번역서 1종 · 예: O livro do fogo,포함
디엔에이가 뭐예요?,,기타,,발표 시기 미상,,,번역서 1종 · 예: O que é DNA?,포함
정글만리,,기타,,발표 시기 미상,,,번역서 1종 · 예: The Human Jungle,포함
생강,,기타,,발표 시기 미상,,,번역서 3종 · 예: The Catcher in the Loft,포함
아티스트,,기타,,발표 시기 미상,,,번역서 1종 · 예: Artist,포함
한국고전문학입문서,,기타,,발표 시기 미상,,,번역서 4종 · 예: HISTORIA DE LA LITERATURA COREANA DE LA EDAD ANTIGUA AL SIGLO XIX,포함
꽈리열매 세탁공장,,기타,,발표 시기 미상,,,번역서 1종 · 예: Olympic Boulevard,포함
한국의 사상,,기타,,발표 시기 미상,,,번역서 1종 · 예: (La)pensée Coréenne : Aux sources de l`Esprit-Coeur : Essai,포함
간송 전형필,,기타,,발표 시기 미상,,,번역서 1종 · 예: 澗松・全鎣弼物語 : 民族文化遺産の守護神,포함
테러리스트,,단편소설,,발표 시기 미상,,,번역서 1종 · 예: Le terroriste et autres nouvelles,포함
시인,,시,,발표 시기 미상,,,번역서 13종 · 예: Der Dichter,포함
그로테스크,,기타,,발표 시기 미상,,,번역서 1종 · 예: Grotesco,포함
사람의 향기,,기타,,발표 시기 미상,,,번역서 1종 · 예: Menschenduft,포함
길 위의 집,,기타,,발표 시기 미상,,,번역서 3종 · 예: Das Haus auf dem Weg,포함
여지도,,시,,발표 시기 미상,,,번역서 1종 · 예: Traveler Maps: Poems By Ko Un : poems,포함
한낮의 시선,,기타,,발표 시기 미상,,,번역서 1종 · 예: 真昼の視線,포함
아들과 함께 걷는 길,,기타,,발표 시기 미상,,,번역서 1종 · 예: El canmino andado con mi hijo,포함
불망비(不忘碑),,기타,,발표 시기 미상,,,번역서 1종 · 예: Der Gedenkstein,포함
후설,,기타,,발표 시기 미상,,,번역서 1종 · 예: The King''s Mouthpiece,포함
로기완을 만났다,,기타,,발표 시기 미상,,,번역서 3종 · 예: I Met Loh Kiwan,포함
조선전기 불복장직물의 연구,,기타,,발표 시기 미상,,,번역서 1종 · 예: 朝鮮前期仏像納入織物の研究 : 黒石寺阿弥陀仏像納入織物を中心に,포함
고양이 학교 1: 수정동굴의 비밀,,기타,,발표 시기 미상,,,번역서 1종 · 예: Кошачья школа: Тайна хрустальной пещеры,포함
동물원,,기타,,발표 시기 미상,,,번역서 1종 · 예: The zoo,포함
개구리가 알을 낳았어,,기타,,발표 시기 미상,,,번역서 1종 · 예: Look! a frog has laid its eggs,포함
別讓不好的房子害了你 / 집이 우리를 죽인다,,기타,,발표 시기 미상,,,번역서 1종 · 예: 房子的健康等于你的健康!,포함
두더지의 고민,,기타,,발표 시기 미상,,,번역서 1종 · 예: 鼴鼠的煩惱,포함
좀비들,,기타,,발표 시기 미상,,,번역서 4종 · 예: ゾンビたち,포함
허수경 시선,,시,,발표 시기 미상,,,번역서 1종 · 예: Poems by Huh Sukyung,포함
비밀과 거짓말,,기타,,발표 시기 미상,,,번역서 3종 · 예: Geheimnisse und Lügen,포함
태평천하,,기타,,발표 시기 미상,,,번역서 7종 · 예: Ein Frühlingstag im Paradies,포함
랩소디 인 베를린,,기타,,발표 시기 미상,,,번역서 1종 · 예: 柏林狂想曲,포함
동백꽃,,기타,,발표 시기 미상,,,번역서 3종 · 예: Kamelien,포함
수수밭으로 오세요,,기타,,발표 시기 미상,,,번역서 2종 · 예: 请到玉米地来,포함
한국근대문학선집 2권,,기타,,발표 시기 미상,,,번역서 2종 · 예: Storie dalla Corea : Un'antologia della letteratura coreana della prima metà del Novecento,포함
"précédé de, Il surveille son père ; et suivi de, Avec cette neige grise et sale / 저기 소리 없이 한점 꽃잎이 지고",,기타,,발표 시기 미상,,,"번역서 1종 · 예: Là-bas, sans bruit, tombe un pétale",포함
récit / 갈증의 시학,,기타,,발표 시기 미상,,,번역서 1종 · 예: Poétique de la soif,포함
풀,,기타,,발표 시기 미상,,,번역서 15종 · 예: Le Malerbe,포함
솔개,,시,,발표 시기 미상,,,번역서 1종 · 예: A Black Kite : Selected Poems of Kim Jong-Gil,포함
어느 날 내가 죽었습니다,,기타,,발표 시기 미상,,,번역서 3종 · 예: ถ้าวันหนึ่งนั้น ... ฉันตาย,포함
현장검증,,기타,,발표 시기 미상,,,번역서 2종 · 예: SEOUL COPYCAT,포함
roman / 카인의 후예,,기타,,발표 시기 미상,,,번역서 1종 · 예: (Les)descendants de Caïn,포함
roman / 움직이는 성,,기타,,발표 시기 미상,,,번역서 1종 · 예: (Le)château qui se meut,포함
별과 같이 살다,,기타,,발표 시기 미상,,,번역서 2종 · 예: (La)petite ourse,포함
도깨비 얼굴이 가장 커!,,기타,,발표 시기 미상,,,번역서 1종 · 예: 妖怪的脸最大,포함
"Rain, Sky, Wind, Port",,기타,,발표 시기 미상,,,"번역서 1종 · 예: Rain, Sky, Wind, Port",중복 제외 (앞 순위 출처에 있음)
입 속에 검은 잎,,기타,,발표 시기 미상,,,번역서 1종 · 예: Une feuille noire dans la bouch,포함
and other stories / 불의 강 외,,기타,,발표 시기 미상,,,번역서 1종 · 예: river of fire,포함
화려한 가출,,희곡,,발표 시기 미상,,,번역서 1종 · 예: The Great Retreat and Other Plays,포함
한국 도시 디자인 탐사,,기타,,발표 시기 미상,,,번역서 1종 · 예: Khám phá thiết kế đô thị Hàn Quốc,포함
목넘이 마을의 개,,기타,,발표 시기 미상,,,번역서 1종 · 예: (La)chienne de Moknomi,포함
roman / 나무들 비탈에 서다,,기타,,발표 시기 미상,,,번역서 1종 · 예: (Les)arbres sur la falaise,포함
손님,,기타,,발표 시기 미상,,,번역서 7종 · 예: L`Invité,포함
세한도 가는 길,,기타,,발표 시기 미상,,,번역서 1종 · 예: As I Walk Alone,포함
완득이,,기타,,발표 시기 미상,,,"번역서 3종 · 예: Eins – zwei, eins – zwei – drei",포함
숲 속 사진관,,기타,,발표 시기 미상,,,번역서 1종 · 예: 森林照相館,포함
국경을 넘는 그림자,,단편소설,,발표 시기 미상,,,번역서 1종 · 예: 越えてくる者、迎えいれる者: 脱北作家・韓国作家共同小説集,포함
철수,,기타,,발표 시기 미상,,,번역서 3종 · 예: Nowhere to Be Found,포함
한국문학 만들기,,기타,,발표 시기 미상,,,번역서 1종 · 예: Making of Korean Literature,포함
Korean buddhist sculpture : art and truth,,기타,,발표 시기 미상,,,번역서 1종 · 예: Korean buddhist sculpture : art and truth,중복 제외 (앞 순위 출처에 있음)
일지매,,기타,,발표 시기 미상,,,번역서 1종 · 예: อิลจีแม,포함
올해의 미숙,,기타,,발표 시기 미상,,,번역서 1종 · 예: MISUK LA CHICA DEL AÑO,포함
완전판 토지 12권,,기타,,발표 시기 미상,,,번역서 1종 · 예: 完全版 土地. 12卷,포함
흔들리지 않고 피는 꽃이 어디 있으랴,,기타,,발표 시기 미상,,,번역서 2종 · 예: ھیچ گلی بی حرکت نمی شکفد,포함
잘못은 신에게도 있다,,기타,,발표 시기 미상,,,번역서 1종 · 예: Ce n'est pas la faute de dieu,포함
미스터 모노레일,,기타,,발표 시기 미상,,,번역서 1종 · 예: MR. MONORAIL,포함
터널,,기타,,발표 시기 미상,,,번역서 2종 · 예: 失控隧道：我們都是沒有露臉的殺人者,포함
귤의 맛,,기타,,발표 시기 미상,,,번역서 4종 · 예: ミカンの味,포함
멈추지 않는 도전,,기타,,발표 시기 미상,,,번역서 1종 · 예: 信じるチカラ パクチソン自伝,포함
Korean Mask Dance Dramas : Their History and Structural Principles,,희곡,,발표 시기 미상,,,번역서 1종 · 예: Korean Mask Dance Dramas : Their History and Structural Principles,중복 제외 (앞 순위 출처에 있음)
Muestra de literatura coreana actual. 한국문학특집호,,기타,,발표 시기 미상,,,번역서 1종 · 예: Por la escalera del arco iris,포함
"하늘아이, 땅아이",,기타,,발표 시기 미상,,,번역서 1종 · 예: 天孩子，地孩子,포함
한국 현대시,,시,,발표 시기 미상,,,번역서 2종 · 예: DOUZE POÈTES CORÉENS CONTEMPORAINS,포함
이청준 소설선: 예언자 외,,소설,,발표 시기 미상,,,번역서 2종 · 예: DIE FEUERFRAU,포함
두 계절,,기타,,발표 시기 미상,,,번역서 1종 · 예: Two seasons,포함
neun Erzählungen / 장국영이 죽었다고?,,기타,,발표 시기 미상,,,번역서 1종 · 예: Was? Leslie Cheung ist tot?,포함
韓國の 企業社會と 勞使關係 : 勞使關係に おける デュアリズムの 深化,,기타,,발표 시기 미상,,,번역서 1종 · 예: 韓國の 企業社會と 勞使關係 : 勞使關係に おける デュアリズムの 深化,포함
삼국지,,기타,,발표 시기 미상,,,번역서 1종 · 예: (小説) 三国志 : 長編歴史小説,포함
"Kiss, kiss, bang!, bang!",,기타,,발표 시기 미상,,,번역서 1종 · 예: 曾经炽热爱着的 恋人们,포함
수학자의 아침,,기타,,발표 시기 미상,,,번역서 1종 · 예: 数学者の朝,포함
외국어 학습담,,기타,,발표 시기 미상,,,번역서 1종 · 예: 僕はなぜ一生外国語を学ぶのか,포함
한국현대문학: 1945-1990,,기타,,발표 시기 미상,,,번역서 1종 · 예: Modern Korean Literature: 1945-1990,포함
끊어진 다리,,기타,,발표 시기 미상,,,번역서 1종 · 예: Bridge,포함
한국현대문학소설,,소설,,발표 시기 미상,,,번역서 1종 · 예: Modern Korean Literature : An Anthology 1908-1965,포함
절망서점: 꿈을 포기한 9인이 만난 이야기,,기타,,발표 시기 미상,,,번역서 1종 · 예: 絶望書店: 夢をあきらめた９人が出会った物語,포함
트라우마 문학관: 잔혹해서 더 잊을 수 없는 12개의 이야기,,기타,,발표 시기 미상,,,번역서 1종 · 예: トラウマ文学館: ひどすぎるけど無視できない12の物語,포함
조선사회 이렇게 본다,,기타,,발표 시기 미상,,,번역서 1종 · 예: 朝鮮王朝面面觀,포함
"박막례, 이대로 죽을 순 없다",,기타,,발표 시기 미상,,,번역서 1종 · 예: ７１歳パク・マンネの人生大逆転,포함
나b책,,장편소설,,발표 시기 미상,,,"번역서 3종 · 예: Io, B e Libro",포함
레몬,,기타,,발표 시기 미상,,,번역서 5종 · 예: レモン,포함
토지 1,,기타,,발표 시기 미상,,,번역서 3종 · 예: LAND 1,포함
타워,,기타,,발표 시기 미상,,,번역서 4종 · 예: Tower,포함
실화 : (한국문학의 원류 단편선 3 (1939-1945)),,기타,,발표 시기 미상,,,번역서 1종 · 예: 失花 : (韓国文学の源流 短編選3),포함
16-19세기 한국 시조,,시조,,발표 시기 미상,,,번역서 1종 · 예: Корейская поэзия 16-19 вв. в жанре сиджо,포함
contemporary Korean fiction. 유형의 땅 외,,기타,,발표 시기 미상,,,번역서 1종 · 예: Land of Exile,포함
한국 선시집,,시,,발표 시기 미상,,,번역서 1종 · 예: Meditative poems by Korean monks,포함
"은서야, 겁내지마",,기타,,발표 시기 미상,,,번역서 1종 · 예: 恩实啊，别害怕,포함
그녀 이름은,,기타,,발표 시기 미상,,,번역서 5종 · 예: 彼女の名前は,포함
검은 개가 온다,,기타,,발표 시기 미상,,,번역서 1종 · 예: LE JOUR DU CHIEN NOIR,포함
동아시아 문학지 46권 2009년 5월:,,기타,,발표 시기 미상,,,번역서 1종 · 예: Hefte für Ostasiatische Literatur 46,포함
동아시아 문학지 44권 2008년 5월:,,기타,,발표 시기 미상,,,번역서 1종 · 예: Hefte für Ostasiatische Literatur 44,포함
동아시아문학지 54권 2013년 5월,,기타,,발표 시기 미상,,,번역서 1종 · 예: Hefte Für Ostasiatische Literatur 54,포함
수박 수영장,,기타,,발표 시기 미상,,,번역서 1종 · 예: すいかのプール,포함
环境的报复 / 반딧불이 환경만화: 환경의 역습 - 아픈 지구,,기타,,발표 시기 미상,,,번역서 1종 · 예: 生病的地球,포함
可再生能源 / 반딧불이 환경만화: 신재생 에너지 - 푸르른 지구,,기타,,발표 시기 미상,,,번역서 1종 · 예: 绿色的地球可再生能源,포함
수영장,,기타,,발표 시기 미상,,,번역서 1종 · 예: LA PISCINA,포함
심청,,장편소설,,발표 시기 미상,,,번역서 3종 · 예: COME L'ACQUA SUL FIORE DI LOTO,포함
et autres nouvelles / 상처,,기타,,발표 시기 미상,,,번역서 1종 · 예: LA PLAIE,포함
가면고,,기타,,발표 시기 미상,,,번역서 1종 · 예: Réflexions sur les masques,포함
깊고 푸른 밤,,기타,,발표 시기 미상,,,번역서 3종 · 예: Une nuit bleue et profonde : récit,포함
조선왕조의궤 국가의례와 그 기록,,기타,,발표 시기 미상,,,번역서 2종 · 예: 朝鮮王朝儀軌 儒教的国家儀礼の記録,포함
무방향 버스,,기타,,발표 시기 미상,,,번역서 1종 · 예: Bus errant,포함
놀라운 벌레세상,,기타,,발표 시기 미상,,,번역서 1종 · 예: 神奇的虫子世界,포함
선,,기타,,발표 시기 미상,,,번역서 1종 · 예: Lines,포함
공부하는 독종이 살아남는다,,기타,,발표 시기 미상,,,번역서 1종 · 예: 自发进化心理学,포함
아하!세계엔 이런 전쟁이 있었군요,,기타,,발표 시기 미상,,,번역서 1종 · 예: 啊哈！圖解影響世界的21場戰爭,포함
생각의 길을 알려 주는 철학 나침반,,기타,,발표 시기 미상,,,번역서 1종 · 예: 這樣一點都不公平!,포함
이상 산문선집,,기타,,발표 시기 미상,,,번역서 1종 · 예: Betriebsferien und andere Umstände,포함
Szkoła Kotów 고양이 학교 1권,,기타,,발표 시기 미상,,,번역서 1종 · 예: Szkoła Kotów 고양이 학교 1권,포함
과수원을 점령하라,,기타,,발표 시기 미상,,,번역서 1종 · 예: 占领果园,포함
나는 나로 살기로 했다,,기타,,발표 시기 미상,,,번역서 7종 · 예: 私は私のままで生きることにした,포함
깊은 적막의 끝 외,,단편소설,,발표 시기 미상,,,번역서 1종 · 예: Dead Silence and Other Stories of the Jeju massacre,포함
마른 꽃,,기타,,발표 시기 미상,,,번역서 1종 · 예: Weathered blossom,포함
한국의 언어,,기타,,발표 시기 미상,,,번역서 3종 · 예: Корейский Язык,포함
한국에서의 전쟁. 50년 후의 관점. 모스크바 국제학술대회 자료집,,기타,,발표 시기 미상,,,번역서 1종 · 예: Война в Корее 1959-1953. Взгляд через 50 лет. : Материалы научно-теоретической конференции.,포함
달 샤베트,,기타,,발표 시기 미상,,,번역서 3종 · 예: Ksiezycowy sorbet,포함
동아시아문학지 59권 2015년 11월,,기타,,발표 시기 미상,,,번역서 1종 · 예: Hefte Für Ostasiatische Literatur 59,포함
동아시아 문학지 50권 2011년 5월:,,기타,,발표 시기 미상,,,번역서 1종 · 예: Hefte Für Ostasiatische Literatur 50,포함
동아시아문학지 58권 2015년 5월,,기타,,발표 시기 미상,,,번역서 1종 · 예: Hefte Für Ostasiatische Literatur 58,포함
동아시아문학지 57권 2014년 11월,,기타,,발표 시기 미상,,,번역서 1종 · 예: Hefte Für ostasiatische Literatur 57,포함
동아시아문학지 56권 2014년 5월,,기타,,발표 시기 미상,,,번역서 1종 · 예: Hefte Für ostasiatische Literatur 56,포함
잃어버린 골목길,,기타,,발표 시기 미상,,,번역서 1종 · 예: Lost Alleys,포함
"roman / 심청, 연꽃의 길",,기타,,발표 시기 미상,,,"번역서 1종 · 예: Shim Chong, fille vendue",포함
남녘사람 북녘사람,,장편소설,,발표 시기 미상,,,번역서 8종 · 예: Ли ХочхольЮжане и северяне : роман,포함
내 여자의 열매,,기타,,발표 시기 미상,,,번역서 2종 · 예: 植物妻子,포함
완전판 한국·페미니즘·일본,,기타,,발표 시기 미상,,,번역서 1종 · 예: 完全版 韓国・フェミニズム・日本,포함
캐비닛,,기타,,발표 시기 미상,,,번역서 5종 · 예: Skříň #13,포함
인간문제,,기타,,발표 시기 미상,,,번역서 4종 · 예: የዕንባ ኩሬ,포함
나의 사랑 나의 조국,,기타,,발표 시기 미상,,,"번역서 1종 · 예: MEINE LIEBE, MEIN VATERLAND",포함
삐약이 엄마,,기타,,발표 시기 미상,,,번역서 3종 · 예: Chat Chelou,포함
완전판 토지 4권,,기타,,발표 시기 미상,,,번역서 1종 · 예: 完全版 土地. 4卷,포함
사과는 잘해요,,기타,,발표 시기 미상,,,번역서 6종 · 예: Măcar ne pricepem la scuze,포함
정지용 시선집,,시,,발표 시기 미상,,,번역서 1종 · 예: Nostalgia : Poems of Chung Ji-yong,포함
배고픈 꿈이,,기타,,발표 시기 미상,,,번역서 1종 · 예: 肚子餓的小青蛙,포함
연인,,기타,,발표 시기 미상,,,번역서 5종 · 예: Liebende : Eine poetische Fabel über die unermessliche Kraft verbundener Herzen,포함
고래와 수증기,,기타,,발표 시기 미상,,,번역서 1종 · 예: Whale and Vapor,포함
고요할수록 밝아지는 것들,,기타,,발표 시기 미상,,,번역서 2종 · 예: In der Stille findet das Glück dich leichter,포함
혀,,장편소설,,발표 시기 미상,,,번역서 4종 · 예: Lươi,포함
마지막 이벤트,,기타,,발표 시기 미상,,,번역서 1종 · 예: Le dernier évément,포함
동아시아문학지 53권 2012년 11월,,기타,,발표 시기 미상,,,번역서 1종 · 예: Hefte Für Ostasiatische Literatur 53,포함
동아시아 문학지 49권 2010년 11월:,,기타,,발표 시기 미상,,,번역서 1종 · 예: Hefte Für Ostasiatische Literatur 49,포함
동아시아 문학지 48권 2010년 5월:,,기타,,발표 시기 미상,,,번역서 1종 · 예: Hefte für Ostasiatische Literatur 48,포함
한국 페미니즘과 우리,,기타,,발표 시기 미상,,,번역서 1종 · 예: 韓国フェミニズムと私たち,포함
대체 뭐하자는 인간이지 싶었다,,기타,,발표 시기 미상,,,번역서 2종 · 예: 悲しくてかっこいい人,포함
손쉽게 배우는 인체구조와 기능,,기타,,발표 시기 미상,,,번역서 1종 · 예: 不一樣的人體使用手冊,포함
너는 모른다,,기타,,발표 시기 미상,,,번역서 2종 · 예: Тебе ли знать,포함
삼국사기 2,,기타,,발표 시기 미상,,,번역서 1종 · 예: TAM QUỐC SỬ KÝ II,포함
종이밥,,기타,,발표 시기 미상,,,번역서 1종 · 예: 纸饭,포함
빈 집에 온 손님,,기타,,발표 시기 미상,,,번역서 1종 · 예: 谁来到了空房子,포함
태양과 그 부모에 관한 신화. 한국의 고대 의식,,소설,,발표 시기 미상,,,번역서 1종 · 예: Миф о женщине-солнце и ее родителях : и его спутники в ритуальной традиции древней Кореи и соседних стран,포함
세종대왕,,기타,,발표 시기 미상,,,번역서 2종 · 예: König Sejong der Große : der Glanz Koreas im 15. Jahrhundert,포함
eine Kulturgeschichte / 역사 속의 한국 여인,,기타,,발표 시기 미상,,,번역서 1종 · 예: Frauen in Korea,포함
체공녀 강주룡,,기타,,발표 시기 미상,,,번역서 1종 · 예: 滞空女 屋根の上のモダンガール,포함
아홉번째 파도,,기타,,발표 시기 미상,,,번역서 1종 · 예: 第九の波,포함
물로 10년 더 건강하게 사는 법,,기타,,발표 시기 미상,,,번역서 1종 · 예: 这样喝水最健康,포함
당신도，그림처럼,,기타,,발표 시기 미상,,,번역서 1종 · 예: 人生不是单程旅行,포함
가만히 좋아하는,,기타,,발표 시기 미상,,,번역서 1종 · 예: Liking in Silence,포함
모랫말 아이들,,기타,,발표 시기 미상,,,번역서 1종 · 예: モレ村の子どもたち,포함
반차도로 따라가는 정조의 화성행차,,기타,,발표 시기 미상,,,번역서 1종 · 예: A Unique Banchado: The Documentary Painting With Commentary of King Jeongjo''s Royal Procession to Hwaseong in 1795,포함
생의 이면,,기타,,발표 시기 미상,,,번역서 4종 · 예: Ta druhá strana života,포함
천국에서,,기타,,발표 시기 미상,,,번역서 1종 · 예: Au paradis,포함
서른의 반격,,기타,,발표 시기 미상,,,번역서 3종 · 예: 三十歲的反擊,포함
백가면,,기타,,발표 시기 미상,,,번역서 1종 · 예: 白仮面,포함
한국테마 문학 선집: 한국의 마실거리,,기타,,발표 시기 미상,,,번역서 1종 · 예: Boire cent façons : La Corée par ses textes,포함
완벽하지 않은 것들에 대한 사랑,,기타,,발표 시기 미상,,,번역서 3종 · 예: Love for Imperfect Things,포함
돌아서서 떠나라,,기타,,발표 시기 미상,,,"번역서 1종 · 예: Va, ne te retourne pas : suivi de Fleurir-faner, fleurir-faner - et de Éteignez, s'il vous plaît",포함
김수영 시집,,시,,발표 시기 미상,,,번역서 1종 · 예: 金洙暎詩集,포함
2014 ПАРОВОЗЪ : ПОЭТИЧЕСКИЙ АЛЬМАНАХ-НАВИГАТОР СОЮЗА РОССИЙСКИХ ПИСАТЕЛЕЙ,,기타,,발표 시기 미상,,,번역서 1종 · 예: 2014 ПАРОВОЗЪ : ПОЭТИЧЕСКИЙ АЛЬМАНАХ-НАВИГАТОР СОЮЗА РОССИЙСКИХ ПИСАТЕЛЕЙ,중복 제외 (앞 순위 출처에 있음)
전우치전 최고운전,,기타,,발표 시기 미상,,,번역서 1종 · 예: Il poeta e il negromante,포함
옛 여인에 빠지다,,기타,,발표 시기 미상,,,번역서 2종 · 예: 韓国古小説の女たち,포함
자연주의 문학론,,평론,,발표 시기 미상,,,번역서 1종 · 예: 韓国の自然主義文学: 韓日仏の比較研究から,포함
어우야담,,단편소설,,발표 시기 미상,,,번역서 2종 · 예: I racconti di Ou,포함
얼음의 자서전: 최승호시집,,시,,발표 시기 미상,,,번역서 1종 · 예: 氷の自叙伝 : 崔勝鎬詩集,포함
"한국인의 신화: 저 너머, 저 속, 저 심연으로",,소설,,발표 시기 미상,,,번역서 1종 · 예: 韓国人的神话,포함
유리파수꾼,,기타,,발표 시기 미상,,,번역서 1종 · 예: ガラスの番人 - 韓国女性作家短編集 1925~1988年,포함
창비아기책 / 쪽,,기타,,발표 시기 미상,,,번역서 1종 · 예: 亲亲,포함
아오이 가든,,기타,,발표 시기 미상,,,번역서 2종 · 예: Dans l'antre d'Aoï Garden,포함
카모메 식당의 여자들,,기타,,발표 시기 미상,,,번역서 1종 · 예: 谁也不该将就生活-海鸥食堂里的暖心故事,포함
김수복 시선집,,시,,발표 시기 미상,,,번역서 1종 · 예: Beating on Iron,포함
지금 내 아이에게 해야 할 80가지 질문,,기타,,발표 시기 미상,,,번역서 1종 · 예: 千萬不要跟孩子這樣說話,포함
김치 먹을까요?,,기타,,발표 시기 미상,,,번역서 1종 · 예: Zaproszenie na kimchi?,포함
댓글부대,,기타,,발표 시기 미상,,,번역서 2종 · 예: 網軍部隊,포함
마당이 있는 집,,기타,,발표 시기 미상,,,번역서 3종 · 예: 有院子的家,포함
아무도 편지하지 않다,,기타,,발표 시기 미상,,,번역서 3종 · 예: Cevapsiz Mektuplar,포함
아랑은 왜,,기타,,발표 시기 미상,,,번역서 2종 · 예: 阿娘はなぜ,포함
연애의 시대,,기타,,발표 시기 미상,,,번역서 1종 · 예: 恋愛の時代 : 大正期(1920年代前半)朝鮮における文化と流行,포함
객지: 황석영 중단편선,,단편소설,,발표 시기 미상,,,번역서 1종 · 예: 客地: 黃晳暎中短篇小说选,포함
시를 찾아서,,시,,발표 시기 미상,,,번역서 1종 · 예: 詩を探し求めて: 鄭喜成詩選集,포함
잘가요 언덕,,기타,,발표 시기 미상,,,번역서 1종 · 예: さらば峠,포함
노을,,기타,,발표 시기 미상,,,번역서 2종 · 예: Abendrot,포함
여왕의 기사,,기타,,발표 시기 미상,,,번역서 1종 · 예: Královnin rytíř,포함
나우,,기타,,발표 시기 미상,,,번역서 1종 · 예: Now,포함
리젠드,,기타,,발표 시기 미상,,,번역서 1종 · 예: LEGENDA,포함
종이,,시,,발표 시기 미상,,,번역서 3종 · 예: ЦААС,포함
누구세요?,,기타,,발표 시기 미상,,,번역서 1종 · 예: Qui êtes-vous?,포함
현대한국을 알기 위한 55장,,기타,,발표 시기 미상,,,번역서 1종 · 예: 現代韓国を知るための55章,포함
Dziesięć tysięcy istnień / 만인보,,기타,,발표 시기 미상,,,번역서 1종 · 예: Maninbo,포함
나의 문화유산답사기 1,,기타,,발표 시기 미상,,,번역서 1종 · 예: 日本の中の朝鮮をゆく 1 : 光は朝鮮半島から,포함
"(Klear Textbooks In Korean Language) Integrated Korean, advanced intermediate 1-2",,기타,,발표 시기 미상,,,"번역서 1종 · 예: (Klear Textbooks In Korean Language) Integrated Korean, advanced intermediate 1-2",포함
"소, 토막, 당나귀",,희곡,,발표 시기 미상,,,"번역서 1종 · 예: Three plays: The cow, The Mud Hut, The Donkey",포함
Roman / 빛의 제국,,기타,,발표 시기 미상,,,번역서 1종 · 예: Im Reich der Lichter,포함
오적,,기타,,발표 시기 미상,,,번역서 2종 · 예: Os cinco bandidos,포함
누나팬 닷컴 (하),,기타,,발표 시기 미상,,,번역서 1종 · 예: 她的私生活 下冊,포함
파란파도,,기타,,발표 시기 미상,,,번역서 2종 · 예: Ola Azul,포함
백석 전집 (백석 시 모음집: 북에서 온 시들),,시,,발표 시기 미상,,,번역서 1종 · 예: Baek Seok: Poems of the North,포함
누나팬 닷컴 (상),,기타,,발표 시기 미상,,,번역서 1종 · 예: 她的私生活 上冊,포함
자살충,,시,,발표 시기 미상,,,번역서 1종 · 예: Suicide Parasite : A collection of new poems by Kim Seong-gyu,포함
샤인,,기타,,발표 시기 미상,,,번역서 1종 · 예: Shine,포함
아젤리아 [Ajellia],,기타,,발표 시기 미상,,,번역서 1종 · 예: Azalea (Journal of Korean Literature & Culture): Volume Eleven,중복 제외 (앞 순위 출처에 있음)
벽공무한,,기타,,발표 시기 미상,,,번역서 1종 · 예: ENDLESS BLUE SKY,포함
부채무당,,기타,,발표 시기 미상,,,번역서 1종 · 예: La chamane à l'éventail: récit de vie d'une mudang coréenne - suivi de La chamane et l'ethnologue,포함
Poèmes / 공백의 그림자,,기타,,발표 시기 미상,,,번역서 1종 · 예: (L')Ombre du vide,포함
박제천 시선집,,시,,발표 시기 미상,,,번역서 1종 · 예: SF-Consensus: Poems of Park Je-chun,포함
Gedichte 1960-2010 / 우리는 서로 부르고 있을까,,기타,,발표 시기 미상,,,번역서 1종 · 예: Augen aus Tau,포함
"한국음악, 한국인의 마음",,기타,,발표 시기 미상,,,번역서 1종 · 예: Über den Arirang-Hügel: Ästhetische Betrachtung zur traditionellen Musik Koreas,포함
한국음악 첫걸음,,기타,,발표 시기 미상,,,번역서 1종 · 예: In der Natur Pungryu genießen: Koreanische traditionelle Musik und ihre Instrumente,포함
척하는 삶 : A Gesture Life,,기타,,발표 시기 미상,,,번역서 1종 · 예: 척하는 삶 : A Gesture Life,중복 제외 (앞 순위 출처에 있음)
도둑을 잡아라,,기타,,발표 시기 미상,,,번역서 1종 · 예: 一起抓小偷！,포함
리진,,기타,,발표 시기 미상,,,번역서 9종 · 예: The Court Dancer,포함
불꽃의 인페르노,,기타,,발표 시기 미상,,,번역서 1종 · 예: Ohnivý Inferno,포함
이성선 시선집,,시,,발표 시기 미상,,,번역서 1종 · 예: The Worm Poet: Selected Poems of Sungsun Lee,포함
단종애사 (하),,기타,,발표 시기 미상,,,번역서 1종 · 예: 端宗哀史: 下,포함
단종애사 (상),,기타,,발표 시기 미상,,,번역서 1종 · 예: 端宗哀史: 上,포함
커피프린스,,기타,,발표 시기 미상,,,번역서 1종 · 예: Coffee Prince,포함
하늘 먼 자락에 구름 날리면,,시,,발표 시기 미상,,,번역서 1종 · 예: 天際の彼方に : 初〓イ〓金良植詩集,포함
어머니,,기타,,발표 시기 미상,,,번역서 2종 · 예: 母よ ヘギョンの愛した家族,포함
나무에 새겨진 팔만대장경의 비밀,,기타,,발표 시기 미상,,,번역서 1종 · 예: 木刻八万大藏经的秘密,포함
금오신화,,소설,,발표 시기 미상,,,번역서 7종 · 예: Histoire merveilleuses du mont Ceumo,포함
우리 아빠 좀 찾아주세요,,기타,,발표 시기 미상,,,"번역서 1종 · 예: Achem meu pai, por favor!",포함
제비야 아직도 기억하니?,,기타,,발표 시기 미상,,,"번역서 1종 · 예: Você se lembra, Andorinha?",포함
좋은 아빠 되세요,,기타,,발표 시기 미상,,,"번역서 1종 · 예: O tempo voa, papai!",포함
뒤죽박죽 마법의 성,,기타,,발표 시기 미상,,,번역서 1종 · 예: O castelo da bruxa confusa,포함
곰곰씨와 담담이의 꿈,,기타,,발표 시기 미상,,,번역서 1종 · 예: O sonho de Dam-Dam e do sr. Gom-Gom,포함
귀신이 사는 집,,기타,,발표 시기 미상,,,번역서 1종 · 예: 鬼神のすむ家,포함
Probability,,기타,,발표 시기 미상,,,번역서 1종 · 예: ความน่าจะเป็น (ปกแข็ง),포함
Les cahiers de Corée : Créer ailleurs,,기타,,발표 시기 미상,,,번역서 1종 · 예: Les cahiers de Corée : Créer ailleurs,중복 제외 (앞 순위 출처에 있음)
코리안 티처,,기타,,발표 시기 미상,,,번역서 2종 · 예: Korean Teachers,포함
불쌍한 사랑 기계,,기타,,발표 시기 미상,,,번역서 1종 · 예: Poor Love Machine,포함
한국 고전 선집,,동화,,발표 시기 미상,,,번역서 10종 · 예: Avengers & Artists,포함
순간의 꽃,,기타,,발표 시기 미상,,,번역서 4종 · 예: Fleurs de l''instant,포함
세계무형문화재 판소리,,기타,,발표 시기 미상,,,번역서 1종 · 예: Le pansori : un art de la scène,포함
나는 유령작가입니다,,기타,,발표 시기 미상,,,번역서 2종 · 예: Ich bin ein Phantom schriftsteller,포함
한국고전산문,,기타,,발표 시기 미상,,,번역서 1종 · 예: Упрекът на тигъра,포함
환영,,기타,,발표 시기 미상,,,번역서 2종 · 예: Willkommen,포함
첫사랑,,기타,,발표 시기 미상,,,번역서 1종 · 예: 初恋,포함
한국옛날이야기 하,,기타,,발표 시기 미상,,,번역서 1종 · 예: 韓國昔ばなし 下,포함
Tempelklokken : 1392-1910,,기타,,발표 시기 미상,,,번역서 1종 · 예: Tempelklokken : 1392-1910,중복 제외 (앞 순위 출처에 있음)
히말라야,,시,,발표 시기 미상,,,번역서 2종 · 예: Himalaya Poems,포함
상하이 올드 데이스,,기타,,발표 시기 미상,,,번역서 1종 · 예: 上海之淚,포함
엉덩이 좀 들어줘,,기타,,발표 시기 미상,,,"번역서 1종 · 예: Levante um pouquinho, por favor!",포함
진짜 마법사에게 필요한 것,,기타,,발표 시기 미상,,,번역서 1종 · 예: Aprendiz de mágico,포함
저녁의 고래,,기타,,발표 시기 미상,,,번역서 1종 · 예: Evening of the Whale,포함
자수견본집,,기타,,발표 시기 미상,,,번역서 1종 · 예: An embroidery sampler,포함
우리 모두의 정귀보,,기타,,발표 시기 미상,,,번역서 1종 · 예: 私たち皆のチョン・グィボ,포함
비즈니스,,기타,,발표 시기 미상,,,번역서 1종 · 예: 流苏树,포함
잃어버린 기억을 찾아서 : 광기의 시대를 생각함,,기타,,발표 시기 미상,,,번역서 1종 · 예: 失われた記憶を求めて : 狂気の時代を考える,포함
살아있는 것은 다 행복하라,,기타,,발표 시기 미상,,,번역서 1종 · 예: 生きとし生けるものに幸あれ,포함
신의 그릇,,기타,,발표 시기 미상,,,번역서 1종 · 예: 神の器,포함
태왕사신기,,기타,,발표 시기 미상,,,번역서 1종 · 예: 太王四神記,포함
내 생의 알리바이,,기타,,발표 시기 미상,,,번역서 1종 · 예: 私の生のアリバイ,포함
일의 기쁨과 슬픔,,기타,,발표 시기 미상,,,번역서 5종 · 예: Niềm vui và nỗi buồn của công việc,포함
사파에서,,기타,,발표 시기 미상,,,번역서 1종 · 예: サパにて,포함
선의 법칙,,장편소설,,발표 시기 미상,,,번역서 3종 · 예: The Law of Lines : A Novel,포함
해녀들,,기타,,발표 시기 미상,,,번역서 1종 · 예: 海女たち―愛を抱かずしてどうして海に入られようか,포함
삼개국어 연시,,기타,,발표 시기 미상,,,번역서 1종 · 예: Trilingual Renshi,포함
한국인의 의식구조,,기타,,발표 시기 미상,,,번역서 1종 · 예: Struktura świadomości Koreańczyków,포함
높고 푸른 사다리 [Nopgo pureun sadari],,기타,,발표 시기 미상,,,번역서 1종 · 예: L'échelle de Jacob,포함
백색인간,,기타,,발표 시기 미상,,,번역서 1종 · 예: 白色人间,포함
불타는 여인,,기타,,발표 시기 미상,,,번역서 1종 · 예: 失迷背后,포함
ユダヤ敎 キリスト敎 イスラム敎 ヒソズー敎 仏敎 儒敎 その他 / 신의 나라 인간 나라,,기타,,발표 시기 미상,,,번역서 1종 · 예: 世界の宗敎,포함
모략의 반도,,기타,,발표 시기 미상,,,번역서 1종 · 예: 謀略の半島,포함
경성트로이카,,기타,,발표 시기 미상,,,번역서 1종 · 예: 京城トロイカ,포함
바람의 화원,,기타,,발표 시기 미상,,,번역서 3종 · 예: 风之画员,포함
그 남자 그 여자,,기타,,발표 시기 미상,,,번역서 2종 · 예: 那男那女,포함
(사랑보다 지독하다) 노서아 가비,,기타,,발표 시기 미상,,,번역서 1종 · 예: (愛より残酷) ロシアン珈琲,포함
맑고 향기롭게,,기타,,발표 시기 미상,,,번역서 2종 · 예: 清く香しく,포함
이만큼 가까이,,기타,,발표 시기 미상,,,번역서 1종 · 예: アンダー、サンダー、テンダー,포함
사랑에 미치다 Ⅱ,,기타,,발표 시기 미상,,,번역서 1종 · 예: 为爱疯狂 Ⅱ,포함
배따라기,,기타,,발표 시기 미상,,,번역서 1종 · 예: 船歌,포함
"강안남자 (상,하)",,기타,,발표 시기 미상,,,번역서 1종 · 예: 强颜男子 上，下,포함
뿌리깊은 나무,,기타,,발표 시기 미상,,,번역서 2종 · 예: 树大根深,포함
엄마의 장국집,,기타,,발표 시기 미상,,,번역서 1종 · 예: 妈妈的酱汤馆,포함
무명,,기타,,발표 시기 미상,,,번역서 1종 · 예: 无明,포함
똥딱기 똥딱,,희곡,,발표 시기 미상,,,번역서 1종 · 예: Théâtre de résistance (1970-1974),포함
한국시가집: 고대에서 현대까지,,시,,발표 시기 미상,,,번역서 1종 · 예: Anthology of Korean Poetry: From the Earliest Era to the Present,포함
동화처럼,,동화,,발표 시기 미상,,,번역서 2종 · 예: comme dans un conte,포함
피부는 요술옷,,기타,,발표 시기 미상,,,번역서 1종 · 예: 我们神奇的衣服——皮肤,포함
그 여름의 수사,,기타,,발표 시기 미상,,,번역서 1종 · 예: あの夏の修辞法,포함
13호 캐비닛,,기타,,발표 시기 미상,,,번역서 1종 · 예: 13号橱柜 : 城市异兆族档案,포함
천년의 침묵,,기타,,발표 시기 미상,,,번역서 1종 · 예: 千年的沉默,포함
달의 마을 산의 마을,,기타,,발표 시기 미상,,,번역서 1종 · 예: 月の街 山の街,포함
광주의 오월,,기타,,발표 시기 미상,,,번역서 1종 · 예: 光州の五月,포함
나의 비밀정원에 놀러오세요,,기타,,발표 시기 미상,,,번역서 1종 · 예: 欢迎到我的神秘花园来参观,포함
젊은 구글러가 세상에 던지는 열정력,,기타,,발표 시기 미상,,,번역서 1종 · 예: 為自己的夢想掌舵 : 年輕就該勇敢去試,포함
지상에 숟가락 하나,,기타,,발표 시기 미상,,,번역서 3종 · 예: One Spoon on This Earth,포함
홍어,,기타,,발표 시기 미상,,,번역서 4종 · 예: Stingray,포함
소금,,기타,,발표 시기 미상,,,번역서 1종 · 예: ملح,포함
"한국문화, 한눈에 보인다",,기타,,발표 시기 미상,,,번역서 1종 · 예: 韓國文化巡禮,포함
삼국사기 1,,기타,,발표 시기 미상,,,번역서 1종 · 예: TAM QUỐC SỬ KÝ I,포함
라이팅클럽,,기타,,발표 시기 미상,,,번역서 1종 · 예: ライティングクラブ,포함
브라스밴드를 기다리며,,기타,,발표 시기 미상,,,번역서 1종 · 예: 等待铜管乐队,포함
나무,,기타,,발표 시기 미상,,,번역서 1종 · 예: 小新郎的栗子树,포함
재와 빨강,,기타,,발표 시기 미상,,,번역서 3종 · 예: Küller ve Kızıl,포함
아내가 결혼했다,,기타,,발표 시기 미상,,,번역서 2종 · 예: Comment ma femme s'est mariée,포함
핑퐁,,기타,,발표 시기 미상,,,번역서 2종 · 예: ピンポン,포함
가시면류관 초상,,기타,,발표 시기 미상,,,번역서 1종 · 예: 荆棘冠冕的画像,포함
서동요,,기타,,발표 시기 미상,,,번역서 1종 · 예: 薯童谣,포함
누가 파리를 잡아먹었나,,기타,,발표 시기 미상,,,번역서 1종 · 예: 谁吃了苍蝇？,포함
오태석 희곡집,,희곡,,발표 시기 미상,,,번역서 2종 · 예: Mumiengrab und andere Theaterstücke,포함
속 어우야담,,기타,,발표 시기 미상,,,번역서 1종 · 예: 続於于野譚,포함
위험한 독서,,기타,,발표 시기 미상,,,번역서 1종 · 예: Lecturas Peligrosas,포함
(고교생이 알아야 할) 한국인의 의식구조,,기타,,발표 시기 미상,,,번역서 1종 · 예: 韓国人のこころとくらし,포함
미니멀 투어 스토리 만들기,,기타,,발표 시기 미상,,,번역서 1종 · 예: МИНИМАЛ АЯЛАЛ,포함
한국의 옛날 이야기,,기타,,발표 시기 미상,,,번역서 1종 · 예: Корейские сказки : Метод обучающего чтения Ильи Франка,포함
한국 현대 문학 입문,,기타,,발표 시기 미상,,,번역서 2종 · 예: INTRODUCTION À LA LiTTÉRATURE CORÉENNE du XXe siècle,포함
20세기 한국문학시리즈,,기타,,발표 시기 미상,,,번역서 2종 · 예: Seri Sastra Korea Abad ke-20. 2,포함
아담이 눈뜰 때,,기타,,발표 시기 미상,,,번역서 1종 · 예: When Adam Opens His Eyes,포함
동백꽃 : 김유정 중·단편선,,기타,,발표 시기 미상,,,번역서 1종 · 예: Kamelior : och andra koreanska noveller av Kim Yu-jong,포함
청소부는 누구?,,기타,,발표 시기 미상,,,번역서 1종 · 예: 地球的情节小卫士是谁呢？,포함
나는 누구게?,,기타,,발표 시기 미상,,,번역서 1종 · 예: 猜猜我是谁？,포함
숙향전 숙영낭자전,,기타,,발표 시기 미상,,,번역서 4종 · 예: Histoire de Sukhyang Dame Vertueuse,포함
신에게는 손자가 없다,,기타,,발표 시기 미상,,,번역서 1종 · 예: God Has No Grandchildren,포함
The Hole / 홀,,기타,,발표 시기 미상,,,번역서 1종 · 예: The Hole / 홀,중복 제외 (앞 순위 출처에 있음)
조선 여성의 일생,,기타,,발표 시기 미상,,,번역서 1종 · 예: 朝鮮時代の女性の歴史: 家父長的規範と女性の一生,포함
"그 여름, 나는",,기타,,발표 시기 미상,,,번역서 1종 · 예: Tôi Của Mùa Hè Năm Ấy,포함
요즘 우울하십니까?,,기타,,발표 시기 미상,,,번역서 1종 · 예: Have You Been Feeling Blue These Days?,포함
어디선가 나를 찾는 전화벨이 울리고 i gọi tôi,,기타,,발표 시기 미상,,,번역서 1종 · 예: Ở đâu đó có điện thoạ,포함
"엄마, 나 또 올게",,기타,,발표 시기 미상,,,"번역서 2종 · 예: Mẹ ơi, con sẽ lại về",포함
시간의 부드러운 손,,기타,,발표 시기 미상,,,번역서 1종 · 예: La douce main du temps,포함
하루 또 하루,,기타,,발표 시기 미상,,,"번역서 1종 · 예: ONE DAY, THEN ANOTHER",포함
고려 및 조선조 시조 영역 선집,,시조,,발표 시기 미상,,,번역서 1종 · 예: The Crane in the Clouds: Shijo KOREAN CLASSICAL POEMS IN THE VERNACULAR,포함
Collection of Korean Stories = 최서해 및 이익상의 소설 2편 = Collection of Korean Stories,,소설,,발표 시기 미상,,,번역서 1종 · 예: مختارات من الأدب الكورى,포함
Korean Folk Songs : Stars in the Sky and Dreams in Our Hearts,,기타,,발표 시기 미상,,,번역서 1종 · 예: Korean Folk Songs : Stars in the Sky and Dreams in Our Hearts,중복 제외 (앞 순위 출처에 있음)
태양의 폭포,,기타,,발표 시기 미상,,,번역서 1종 · 예: Thác mặt trời,포함
"세상을 담은 그림, 지도",,기타,,발표 시기 미상,,,번역서 1종 · 예: Världen i kartan,포함
동아시아 문예지 62,,기타,,발표 시기 미상,,,번역서 1종 · 예: Hefte für Ostasiatische Literatur 62,포함
나는 여기가 좋다,,기타,,발표 시기 미상,,,번역서 1종 · 예: Мне здесь нравится,포함
문학이라는 것의 욕망,,기타,,발표 시기 미상,,,번역서 1종 · 예: Un désir de littérature coréenne,포함
지금 장미를 따라,,기타,,발표 시기 미상,,,번역서 3종 · 예: Вслед за ветром,포함
너는 기적이야,,기타,,발표 시기 미상,,,번역서 1종 · 예: Con chính là điều kì diệu,포함
행복한 미용사 툴라,,기타,,발표 시기 미상,,,번역서 1종 · 예: 幸福的美容师 土拉,포함
폐쇄구역 서울,,기타,,발표 시기 미상,,,번역서 1종 · 예: Séoul zone interdite,포함
Szkoła Kotów 고양이 학교 2권,,기타,,발표 시기 미상,,,번역서 1종 · 예: Szkoła Kotów 고양이 학교 2권,포함
리투아니아 여인,,기타,,발표 시기 미상,,,번역서 1종 · 예: Lietuvaitė,포함
기타 부기 셔플,,기타,,발표 시기 미상,,,번역서 1종 · 예: ギター・ブギー・シャッフル,포함
검은 사슴,,기타,,발표 시기 미상,,,번역서 1종 · 예: 玄鹿,포함
신기생뎐,,기타,,발표 시기 미상,,,번역서 2종 · 예: DIE LETZTE GISAENG,포함
우리에겐 언어가 필요 하다 : 입이 트이는 페미니즘,,기타,,발표 시기 미상,,,번역서 1종 · 예: 私たちにはことばが必要だ : フェミニストは黙らない,포함
신경림의 시인을 찾아서 2,,기타,,발표 시기 미상,,,번역서 1종 · 예: ШИНЬ ГЁНРИМ НАЙРАГЧИДТАЙ ХӨӨРӨЛДСӨН НЬ 2,포함
신경림의 시인을 찾아서 1,,기타,,발표 시기 미상,,,번역서 1종 · 예: ШИНЬ ГЁНРИМ НАЙРАГЧИДТАЙ ХӨӨРӨЛДСӨН НЬ 1,포함
한민족의 금언,,기타,,발표 시기 미상,,,번역서 1종 · 예: Золотые слова корейского народа,포함
Korean Travel Literature : The Spirit of Korean Cultural Roots 16 / 한국의 여행문학,,기타,,발표 시기 미상,,,번역서 1종 · 예: Korean Travel Literature : The Spirit of Korean Cultural Roots 16 / 한국의 여행문학,중복 제외 (앞 순위 출처에 있음)
콤비,,기타,,발표 시기 미상,,,번역서 1종 · 예: Combi,포함
엄마의 말,,기타,,발표 시기 미상,,,번역서 1종 · 예: Những chú ngựa của mẹ,포함
너는 어떤 씨앗이니,,기타,,발표 시기 미상,,,번역서 1종 · 예: Con là hạt giống nào vậy nhỉ?,포함
모르는 척 공주,,기타,,발표 시기 미상,,,번역서 1종 · 예: Nàng công chúa giả vờ không biết mọi chuyện,포함
엄마가 화났다,,기타,,발표 시기 미상,,,번역서 1종 · 예: Mẹ nổi giận,포함
네 이웃의 식탁,,기타,,발표 시기 미상,,,번역서 3종 · 예: 四隣人の食卓,포함
지하철은 달려온다,,기타,,발표 시기 미상,,,번역서 1종 · 예: O Metrô Vem Correndo,포함
둥지의 철학,,기타,,발표 시기 미상,,,번역서 1종 · 예: Philosophy of The Nest,포함
사슴과 나뭇꾼,,기타,,발표 시기 미상,,,번역서 1종 · 예: The Deer and the Woodcutter,포함
고요한 사건,,기타,,발표 시기 미상,,,번역서 1종 · 예: 静かな事件,포함
우리가 빛의 속도로 갈 수 없다면,,기타,,발표 시기 미상,,,번역서 5종 · 예: 如果我们无法以光速前行,포함
무영탑,,기타,,발표 시기 미상,,,번역서 1종 · 예: La pagode sans ombre,포함
할머니의 빨간 비단 치마,,기타,,발표 시기 미상,,,번역서 1종 · 예: A Saia da Vovó,포함
순례자의 노래,,기타,,발표 시기 미상,,,번역서 1종 · 예: Future of Silence,포함
구비문학개설,,기타,,발표 시기 미상,,,번역서 1종 · 예: 口碑文学概论,포함
코끼리도 들 수 있어요,,기타,,발표 시기 미상,,,번역서 1종 · 예: O livro da força,포함
보이는 물 보이지 않는 물,,기타,,발표 시기 미상,,,"번역서 1종 · 예: Água, visível e invisível",포함
누가누가 빠르나,,기타,,발표 시기 미상,,,번역서 1종 · 예: Quem será mais rapido?,포함
배가 물에 동동,,기타,,발표 시기 미상,,,번역서 1종 · 예: Como flutuam os barcos,포함
어디든 공기는 있어요,,기타,,발표 시기 미상,,,번역서 1종 · 예: O ar está em todo lugar,포함
안도현 시선,,시,,발표 시기 미상,,,번역서 1종 · 예: Poems by Ahn Do-Hyun,포함
고은 시선,,시,,발표 시기 미상,,,번역서 2종 · 예: Poems by Ko Un,포함
그 섬에 가고 싶다,,기타,,발표 시기 미상,,,번역서 3종 · 예: JE VEUX ALLER DANS CETTE ILE,포함
위풍당당,,기타,,발표 시기 미상,,,번역서 2종 · 예: A QUI MIEUX MIEUX,포함
태양의 가족들,,기타,,발표 시기 미상,,,번역서 1종 · 예: A família do sol,포함
한국문학선집 1권,,기타,,발표 시기 미상,,,번역서 1종 · 예: Hợp Tuyển Văn Học Hàn Quốc - Tập 1,포함
달에게 들려주고 싶은 이야기,,기타,,발표 시기 미상,,,번역서 3종 · 예: Истории. рассказанные луне,포함
고양이 학교 1부 3: 시작된 예언,,기타,,발표 시기 미상,,,번역서 1종 · 예: Кошачья школа: Пророчество сбывается,포함
도깨비가 내기를 걸면,,기타,,발표 시기 미상,,,번역서 1종 · 예: Apostando com o Monstro,포함
엄마가 어렸을 적에,,기타,,발표 시기 미상,,,번역서 1종 · 예: Quando Mamãe Era Pequena,포함
잡동사니,,기타,,발표 시기 미상,,,번역서 1종 · 예: Bugigangas,포함
마당 깊은 집,,장편소설,,발표 시기 미상,,,번역서 7종 · 예: The House with a Sunken Courtyard,포함
더없이 어렴풋한 일요일,,단편소설,,발표 시기 미상,,,"번역서 1종 · 예: A Most Ambiguous Sunday, and Other Stories",포함
내 아들의 연인,,기타,,발표 시기 미상,,,번역서 2종 · 예: My Son's Girlfriend,포함
고향,,기타,,발표 시기 미상,,,번역서 3종 · 예: 故郷,포함
귀뚜라미가 온다,,기타,,발표 시기 미상,,,번역서 1종 · 예: Se viene el tifón,포함
죽은 시인들과의 시간 [Jugeun siindeulgwaui sigan],,기타,,발표 시기 미상,,,번역서 1종 · 예: UNAS HORAS CON LOS POETAS MUERTOS,포함
감염된 언어 [Gamnyeomdoen eoneo],,기타,,발표 시기 미상,,,번역서 1종 · 예: ภาษาติดเชื้อ,포함
Aus dem Koreanischen von Heike Lee und Lee Tae Hoon. 소슬한 밤의 이야기 (탈향),,기타,,발표 시기 미상,,,번역서 1종 · 예: Heimatlos,포함
현진건 단편선,,기타,,발표 시기 미상,,,번역서 1종 · 예: Удачный день: сборник рассказов - Хён Чжингон,포함
1 / 우리가 정말 알아야 할 우리 옛이야기 백가지,,소설,,발표 시기 미상,,,번역서 1종 · 예: 100 старинных корейских историй том,포함
히스테리아,,기타,,발표 시기 미상,,,번역서 2종 · 예: Hysteria,포함
귀신고래,,기타,,발표 시기 미상,,,번역서 1종 · 예: Ballena gris,포함
박상순 시선집,,시,,발표 시기 미상,,,번역서 2종 · 예: Sale Existence,포함
한국시선,,시,,발표 시기 미상,,,번역서 3종 · 예: কোরিয়ার কবিতা,포함
계서야담,,기타,,발표 시기 미상,,,번역서 2종 · 예: Khê Tây dã đàm,포함
난중일기,,기타,,발표 시기 미상,,,번역서 3종 · 예: Nhật ký trong gian lao,포함
요란요란 푸른 아파트,,기타,,발표 시기 미상,,,번역서 1종 · 예: 闹闹腾腾蔚蓝小区,포함
흙,,기타,,발표 시기 미상,,,번역서 2종 · 예: The Soil,포함
누구에게나 친절한 교회오빠 강민호,,기타,,발표 시기 미상,,,번역서 2종 · 예: 誰にでも親切な教会のお兄さんカン・ミノ,포함
밤은 노래한다,,기타,,발표 시기 미상,,,번역서 1종 · 예: 夜は歌う,포함
새가 날아드는 풍경,,기타,,발표 시기 미상,,,번역서 1종 · 예: Paisagem de Pássaros,포함
꿈꾸는 청년들아! 비전을 가져라,,기타,,발표 시기 미상,,,번역서 1종 · 예: อุ่นไอรัก พฤหัสของเรา,포함
1-2 / 해를 품은 달,,기타,,발표 시기 미상,,,번역서 1종 · 예: จันทราโอบอาทิตย์,포함
2 / 성균관 유생들의 나날,,기타,,발표 시기 미상,,,번역서 1종 · 예: วุ่นนักรักของบัณฑิต,포함
새벽의 노래,,기타,,발표 시기 미상,,,번역서 1종 · 예: Sång till gryningen,포함
아침의 피아노,,기타,,발표 시기 미상,,,번역서 1종 · 예: 朝のピアノ: 或る美学者の『愛と生の日記』,포함
바람과 강,,장편소설,,발표 시기 미상,,,번역서 2종 · 예: Wind und Wasser : Roman,포함
천국의 소년,,기타,,발표 시기 미상,,,번역서 3종 · 예: Cennetten Kaçan Çocuk : Aptal Denilen Bir Dâhinin Hikâyesi,포함
한국경전단편소설집,,단편소설,,발표 시기 미상,,,번역서 1종 · 예: 韩国经典短篇小说选 : 韩汉对照,포함
끝을 시작하기,,시,,발표 시기 미상,,,번역서 1종 · 예: Beginning the End : A collection of new poems by Kim Keun,포함
마트료시카 시침핀 연구회,,시,,발표 시기 미상,,,번역서 1종 · 예: The Society for Studies in Matryoshka and Basting Pins : A collection of new poems by Yu Hyoung-Jin,포함
나는 도망칠 때 가장 용감한 얼굴이 된다,,기타,,발표 시기 미상,,,번역서 1종 · 예: 私は逃げるとき、いちばん勇敢な顔になる,포함
우리가 쓴 것 : 조남주 소설집,,단편소설,,발표 시기 미상,,,번역서 2종 · 예: Miss Kim weiß Bescheid: Storys,포함
숨겨둔 말,,기타,,발표 시기 미상,,,번역서 1종 · 예: Concealed Words,포함
튜브,,기타,,발표 시기 미상,,,번역서 3종 · 예: 救命稻草,포함
긴긴밤,,기타,,발표 시기 미상,,,번역서 1종 · 예: En uzun gece,포함
상록수,,기타,,발표 시기 미상,,,번역서 1종 · 예: Her Dem Yeşil,포함
선한 이웃,,기타,,발표 시기 미상,,,번역서 1종 · 예: Buio in sala,포함
너에게 하고 싶은 말,,기타,,발표 시기 미상,,,번역서 2종 · 예: 君に伝えたいこと。,포함
청혼,,기타,,발표 시기 미상,,,번역서 1종 · 예: The Proposal,포함
노동의 새벽,,기타,,발표 시기 미상,,,번역서 1종 · 예: Dawn of Labor,포함
죽고 싶지만 떡볶이는 먹고 싶어 2,,기타,,발표 시기 미상,,,번역서 4종 · 예: I Want to Die but I Still Want to Eat Tteokbokki,포함
메리골드 마음 세탁소,,기타,,발표 시기 미상,,,번역서 5종 · 예: La fabuleuse laverie du village Marigold,포함
소와 함께 여행하는 법,,기타,,발표 시기 미상,,,번역서 1종 · 예: Как путешествовать с коровой 김도연 장편소설,포함
The Forest of Stolen Girls,,기타,,발표 시기 미상,,,번역서 1종 · 예: La Forêt des disparues,포함
잊기 좋은 이름,,기타,,발표 시기 미상,,,번역서 1종 · 예: 容易忘记的名字 : 金爱烂 作品集,포함
길 하나 건너면 벼랑 끝,,기타,,발표 시기 미상,,,번역서 1종 · 예: 道一つ越えたら崖っぷち : 性売買という搾取と暴力から生きのびた性売買経験当事者の手記,포함
빙글빙글 우주군,,기타,,발표 시기 미상,,,번역서 2종 · 예: In orbita!,포함
나의 가장 나종 지니인 것,,단편소설,,발표 시기 미상,,,번역서 1종 · 예: My Very Last Possession and Other Stories,포함
장길산10,,기타,,발표 시기 미상,,,번역서 1종 · 예: 張吉山 10,포함
장길산7,,기타,,발표 시기 미상,,,번역서 1종 · 예: 張吉山 7,포함
체리새우,,기타,,발표 시기 미상,,,번역서 2종 · 예: チェリーシュリンプ : わたしは、わたし,중복 제외 (앞 순위 출처에 있음)
유원,,기타,,발표 시기 미상,,,번역서 2종 · 예: ユ・ウォン,포함
타오르는 추억 : 이문열 단편선,,기타,,발표 시기 미상,,,번역서 1종 · 예: ВСПЫШКИ ВОСПОМИНАНИЙ,포함
부서진 여름,,기타,,발표 시기 미상,,,번역서 2종 · 예: Broken Summer,포함
퇴근길의 마음,,기타,,발표 시기 미상,,,번역서 1종 · 예: 仕事帰りの心,포함
이국에서,,기타,,발표 시기 미상,,,번역서 1종 · 예: На чужині,포함
연남동 빙굴빙굴 빨래방,,기타,,발표 시기 미상,,,번역서 4종 · 예: TIỆM GIẶT ỦI BON BON,포함
그럼에도 여기에서,,기타,,발표 시기 미상,,,번역서 1종 · 예: Malgré tout je suis ici,포함
청년 주부 구운몽,,기타,,발표 시기 미상,,,"번역서 1종 · 예: Unmong, a Youngman Became a Homemaker",포함
완전한 행복,,기타,,발표 시기 미상,,,번역서 1종 · 예: Un Bonheur Parfait 정유정 장편소설,포함
기다림,,기타,,발표 시기 미상,,,번역서 8종 · 예: الانتظار,포함
은마,,기타,,발표 시기 미상,,,번역서 1종 · 예: Gümüş Aygır,포함
허균 시선집: 성소부부고,,시,,발표 시기 미상,,,번역서 1종 · 예: Borderland Roads : The Selected Poems of Ho Kyun,포함
꿰매는 바다,,기타,,발표 시기 미상,,,번역서 1종 · 예: Il mare che cuce : Antologia poetica,포함
문예 2021 冬,,기타,,발표 시기 미상,,,번역서 1종 · 예: 文藝 2021 冬,포함
엄마 셋 도시락 셋,,기타,,발표 시기 미상,,,번역서 1종 · 예: 3人のママと3つのおべんとう,포함
유령,,기타,,발표 시기 미상,,,번역서 1종 · 예: 幽霊,포함
너도 하늘말나리야,,기타,,발표 시기 미상,,,번역서 1종 · 예: 你也是山百合呀,포함
내가 죽인 남자가 돌아왔다,,기타,,발표 시기 미상,,,번역서 3종 · 예: 我杀死的男人回来了,포함
압록강은 흐른다,,기타,,발표 시기 미상,,,번역서 3종 · 예: Der Yalu fließt,포함
한국 현대문학의 이해,,기타,,발표 시기 미상,,,번역서 2종 · 예: TÌM HIỂU VĂN HỌC HIỆN ĐẠI HÀN QUỐC,포함
너 없이 걸었다,,기타,,발표 시기 미상,,,번역서 1종 · 예: Ohne Dich bin ich gewandert,포함
"한성부, 달 밝은 밤에",,기타,,발표 시기 미상,,,번역서 1종 · 예: Par une nuit claire,포함
제왕운기(帝王韻紀),,시,,발표 시기 미상,,,번역서 1종 · 예: Poesia epica della Corea,포함
조커와 나,,기타,,발표 시기 미상,,,번역서 1종 · 예: 學校裡無處可去的少年們,포함
달러구트 꿈 백화점 2,,기타,,발표 시기 미상,,,번역서 5종 · 예: La Gran Tienda De Los Sueños 2,포함
유진과 유진,,기타,,발표 시기 미상,,,번역서 3종 · 예: 有真和有真,포함
천사의 탄식,,시,,발표 시기 미상,,,번역서 1종 · 예: (The) Angel's lament : poems of chonggi mah,포함
품위 있는 삶,,기타,,발표 시기 미상,,,번역서 1종 · 예: ENTRE LA VIDA Y LA MUERTE,포함
깨어나지 말 걸 그랬어,,기타,,발표 시기 미상,,,"번역서 1종 · 예: День, когда я исчезла",포함
눈사람 자살 사건,,기타,,발표 시기 미상,,,번역서 1종 · 예: El suicidio del muñeco de nieve,포함
아리랑 10권,,기타,,발표 시기 미상,,,번역서 1종 · 예: ARIRANG (Volume 10) : Où le jour se lève sur la plaine,포함
아리랑 8권,,기타,,발표 시기 미상,,,번역서 1종 · 예: ARIRANG (Volume 8) : Peuple sans patrie,포함
아리랑 9권,,기타,,발표 시기 미상,,,번역서 1종 · 예: ARIRANG (Volume 9) : Peuple sans patrie,포함
말하다,,기타,,발표 시기 미상,,,번역서 1종 · 예: 言,포함
읽다,,기타,,발표 시기 미상,,,번역서 1종 · 예: 讀,포함
디어 랄프 로렌,,기타,,발표 시기 미상,,,번역서 1종 · 예: Dear Ralph Lauren,포함
개,,기타,,발표 시기 미상,,,번역서 4종 · 예: Dog Days,포함
봄으로 가는 지도,,기타,,발표 시기 미상,,,번역서 1종 · 예: A Map to the Spring,포함
가녀장의 시대,,기타,,발표 시기 미상,,,번역서 2종 · 예: 29歳、今日から私が家長です。,포함
"사실, 내성적인 사람입니다",,기타,,발표 시기 미상,,,번역서 4종 · 예: ที่จริงแล้ว ฉันเป็นคนเก็บตัวนะ,포함
우리가 우리를 우리라고 부를 때,,기타,,발표 시기 미상,,,번역서 1종 · 예: 您已登入N號房,포함
아리랑 11권,,기타,,발표 시기 미상,,,번역서 1종 · 예: ARIRANG (Volume 11) : Où le jour se lève sur la plaine,포함
아리랑 7권,,기타,,발표 시기 미상,,,번역서 1종 · 예: ARIRANG (Volume 7) : Peuple sans patrie,포함
아리랑 6권,,기타,,발표 시기 미상,,,번역서 1종 · 예: ARIRANG (Volume 6) : Tout citoyen incarne la patrie,포함
写给独自站在人生路口的你. (The) pain makes it youth,,기타,,발표 시기 미상,,,번역서 1종 · 예: 因为痛，所以叫青春,포함
강소천 동시집,,노래,,발표 시기 미상,,,번역서 1종 · 예: 蟋蟀来电话了,포함
줄줄이 꿴 호랑이,,기타,,발표 시기 미상,,,번역서 1종 · 예: Tigres à la queue leu leu,포함
아리랑 5권,,기타,,발표 시기 미상,,,번역서 1종 · 예: ARIRANG (Volume 5) : Tout citoyen incarne la patrie,포함
아리랑 2권,,기타,,발표 시기 미상,,,번역서 1종 · 예: ARIRANG (Volume 2) : Nos terres son notre vie,포함
연년세세,,기타,,발표 시기 미상,,,번역서 3종 · 예: 年年歳歳,포함
새롭게 만나는 한국신화,,소설,,발표 시기 미상,,,번역서 1종 · 예: Корейские мифы : От Небесного владыки и принцессы Пари до королей-драконов и духов-хранителей,포함
불신시대,,기타,,발표 시기 미상,,,번역서 1종 · 예: The Age of Doubt,포함
컨설턴트,,기타,,발표 시기 미상,,,번역서 4종 · 예: El consultor,포함
모 이야기,,기타,,발표 시기 미상,,,번역서 1종 · 예: Cesta kocourka Chloupka,포함
한국대표단편소설 3,,단편소설,,발표 시기 미상,,,번역서 1종 · 예: KIÊN CƯỜNG TRONG GIAN KHÓ,포함
1 : 눈물을 마시는 새1,,기타,,발표 시기 미상,,,번역서 2종 · 예: Die Legende vom Tränenvogel . Das Blut der Herzlosen,포함
당신이 반짝이던 순간,,기타,,발표 시기 미상,,,번역서 1종 · 예: 韓国の今を映す、12人の輝く瞬間,포함
당신을 기다리고 있어,,단편소설,,발표 시기 미상,,,번역서 4종 · 예: L'odyssée des étoiles,포함
서쪽 숲에 갔다,,장편소설,,발표 시기 미상,,,번역서 2종 · 예: La nuit du hibou,포함
나목,,기타,,발표 시기 미상,,,번역서 8종 · 예: A Árvore Despida,포함
천사들의 도시,,기타,,발표 시기 미상,,,번역서 1종 · 예: 天使たちの都市,포함
동시존재,,기타,,발표 시기 미상,,,번역서 1종 · 예: Synchronicity,포함
Brèves. Corée du sud / 105,,기타,,발표 시기 미상,,,번역서 1종 · 예: Brèves. Corée du sud / 105,포함
책들의 부엌,,기타,,발표 시기 미상,,,번역서 3종 · 예: Book's Kitchen,포함
현대 한국단편 문학선,,기타,,발표 시기 미상,,,번역서 1종 · 예: דלות גנובה: סיפורים קוריאניים,포함
한용운 시선집,,시,,발표 시기 미상,,,번역서 1종 · 예: Todo cuanto anhelo,포함
조선 여성 첫 세계 일주기,,기타,,발표 시기 미상,,,"번역서 1종 · 예: 朝鮮女性,初の世界一周記",포함
"Alexandra Kim 시베리아의 딸, 김알렉산드라",,기타,,발표 시기 미상,,,"번역서 1종 · 예: Alexandra Kim 시베리아의 딸, 김알렉산드라",포함
도로나 이별 사무실,,기타,,발표 시기 미상,,,번역서 1종 · 예: トロナお別れ事務所,포함
얼음나무 숲,,기타,,발표 시기 미상,,,번역서 2종 · 예: 氷の木の森,포함
호랑나비,,시,,발표 시기 미상,,,번역서 1종 · 예: Tiger Swallowtail : A collection of new poems by Hwang Gyu-gwan,포함
아빠 셋 꽃다발 셋,,기타,,발표 시기 미상,,,번역서 1종 · 예: 3人のパパと3つのはなたば,포함
끝의 시작,,기타,,발표 시기 미상,,,번역서 1종 · 예: 終わりの始まり,포함
김준태 시집,,시,,발표 시기 미상,,,번역서 2종 · 예: Gesang der Wasserspinnen,포함
거의 모든 기쁨,,시,,발표 시기 미상,,,번역서 1종 · 예: Nearly All Happiness : A collection of new poems by Lee Soyoun,포함
완전판 토지 16권,,기타,,발표 시기 미상,,,번역서 1종 · 예: 完全版 土地. 16卷,포함
완전판 토지 15권,,기타,,발표 시기 미상,,,번역서 1종 · 예: 完全版 土地. 15卷,포함
"어둠의 변주, 중국인 거리",,기타,,발표 시기 미상,,,번역서 1종 · 예: لوان الظالم وتليها احلي الصيني,포함
꽃을 보듯 너를 본다,,기타,,발표 시기 미상,,,번역서 5종 · 예: 像看花一樣看著你,포함
한국문학이란 무엇인가,,기타,,발표 시기 미상,,,번역서 2종 · 예: What is Korean literature?,포함
일간 이슬아 수필집,,수필,,발표 시기 미상,,,번역서 1종 · 예: 日刊イ・スラ 私たちのあいだの話,포함
대불호텔의 유령,,기타,,발표 시기 미상,,,번역서 1종 · 예: 大仏ホテルの幽霊,포함
지구 끝의 온실,,기타,,발표 시기 미상,,,번역서 5종 · 예: La serre du bout du monde,포함
페인트,,기타,,발표 시기 미상,,,번역서 3종 · 예: Paint,포함
세상에 나쁜 사람은 없다,,기타,,발표 시기 미상,,,번역서 3종 · 예: Tidak Ada Manusia Jahat di Dunia Ini,포함
나는 나의 어머니가 되어,,기타,,발표 시기 미상,,,번역서 1종 · 예: Nënë e vetvetes,포함
나의 할머니에게,,기타,,발표 시기 미상,,,번역서 1종 · 예: 私のおばあちゃんへ,포함
"봉주르, 뚜르",,기타,,발표 시기 미상,,,번역서 1종 · 예: ボンジュール，トゥール,포함
1인용 식탁,,기타,,발표 시기 미상,,,번역서 1종 · 예: TABLE for ONE,포함
이번 생은 나 혼자 산다,,기타,,발표 시기 미상,,,"번역서 1종 · 예: Sống Đời Tự Do, Tự Lo Tự Quản",포함
뉴서울파크 젤리장수 대학살,,기타,,발표 시기 미상,,,번역서 1종 · 예: The New Seoul Park Jelly Massacre,포함
환상서점: 잠 못 이루는 밤 되시길 바랍니다,,기타,,발표 시기 미상,,,번역서 1종 · 예: Книжная лавка грёз,포함
장수탕 선녀님,,기타,,발표 시기 미상,,,번역서 3종 · 예: 天女銭湯,포함
증인: 한국작가 11인선,,단편소설,,발표 시기 미상,,,번역서 1종 · 예: Friedensmorgen : 11 Erzählungen aus Korea,포함
해가 지는 곳으로,,기타,,발표 시기 미상,,,번역서 3종 · 예: К солнцу за горизонт,포함
백만장자를 위한 공짜 음식. 1-2,,기타,,발표 시기 미상,,,번역서 2종 · 예: Gratisessen für Millionäre,포함
조선시대 서울도시사,,기타,,발표 시기 미상,,,번역서 1종 · 예: 朝鮮時代ソウル都市史,포함
(The) Red palace,,기타,,발표 시기 미상,,,번역서 1종 · 예: 붉은 궁,포함
달가림,,기타,,발표 시기 미상,,,번역서 1종 · 예: DER WALD DER VERLORENEN SCHATTEN,포함
단순한 진심,,기타,,발표 시기 미상,,,번역서 2종 · 예: かけがえのない心,포함
장길산9,,기타,,발표 시기 미상,,,번역서 1종 · 예: 張吉山 9,포함
마법소녀 은퇴합니다,,기타,,발표 시기 미상,,,번역서 1종 · 예: A magical girl retires,포함
시,,시,,발표 시기 미상,,,번역서 3종 · 예: 诗 : 原创剧本,포함
가짜와 진짜,,기타,,발표 시기 미상,,,번역서 1종 · 예: 生きるということ,포함
새는 날아가면서 뒤돌아보지 않는다,,기타,,발표 시기 미상,,,번역서 1종 · 예: Ein fliegender Vogel blickt nie zurück,포함
나무들 비탈에 서다,,기타,,발표 시기 미상,,,번역서 3종 · 예: 木々、坂に立つ,포함
여기까지가 미래입니다,,시,,발표 시기 미상,,,번역서 1종 · 예: You Have Reached the End of the Future : A collection of new poems by Hwang Inchan,포함
지구에서 한아뿐,,기타,,발표 시기 미상,,,번역서 3종 · 예: 地球でハナだけ,포함
방금 떠나온 세계,,기타,,발표 시기 미상,,,번역서 2종 · 예: この世界からは出ていくけれど,포함
고마네치를 위하여,,기타,,발표 시기 미상,,,"번역서 3종 · 예: Wo ich wohne, ist der mond ganz nah",포함
너의 하루가 따숩길 바라,,기타,,발표 시기 미상,,,번역서 1종 · 예: Chúc Bạn Một Ngày Ấm Áp,포함
고산자,,기타,,발표 시기 미상,,,번역서 2종 · 예: Der Kartograf,포함
사랑만이 남는다,,시,,발표 시기 미상,,,번역서 2종 · 예: 愛だけが残る,포함
김소월의 시 100수,,시,,발표 시기 미상,,,번역서 1종 · 예: কিম সওলের শত কবিতা,포함
서랍에 저녁을 넣어두었다,,기타,,발표 시기 미상,,,번역서 2종 · 예: 把晚餐放进抽屉,포함
시간을 파는 상점,,기타,,발표 시기 미상,,,번역서 3종 · 예: Магазинчик времени,포함
"그까짓 사람, 그래도 사람",,기타,,발표 시기 미상,,,번역서 1종 · 예: แล้วทุกอย่างจะดีขึ้นจริง ๆ นะ,포함
"잠시 주춤, 하겠습니다",,기타,,발표 시기 미상,,,번역서 1종 · 예: พักให้ไหว ค่อยไปต่อ,포함
좋은지 나쁜지 누가 아는가,,기타,,발표 시기 미상,,,"번역서 2종 · 예: Setze keinen Punkt an die Stelle, an die Gott ein Komma gesetzt hat",포함
졸업,,기타,,발표 시기 미상,,,번역서 2종 · 예: 兩封合格通知書,포함
나의 완벽한 남자친구와 그의 연인,,기타,,발표 시기 미상,,,번역서 2종 · 예: 私の最高の彼氏とその彼女,포함
무한화서,,시,,발표 시기 미상,,,번역서 1종 · 예: INDETERMINATE INFLORESCENCE lectures on poetry,포함
1 눈물을 마시는 새,,기타,,발표 시기 미상,,,"번역서 1종 · 예: Птица, которая пьёт слёзы . Сердце нага",포함
우리의 소원은 전쟁,,기타,,발표 시기 미상,,,번역서 2종 · 예: Qui veut la guerre,포함
비단꽃 넘세,,기타,,발표 시기 미상,,,번역서 1종 · 예: I have come on a lonely path Memoir of a Shaman,포함
팬데믹 : 여섯 개의 세계,,단편소설,,발표 시기 미상,,,번역서 1종 · 예: 最後のライオニ : 韓国パンデミックＳＦ小説集,포함
모든 비밀에는 이름이 있다,,기타,,발표 시기 미상,,,번역서 1종 · 예: Chut c’est un secret,포함
그해 봄,,기타,,발표 시기 미상,,,번역서 1종 · 예: Un matin de ce printemps-là,포함
기괴한 레스토랑.1,,기타,,발표 시기 미상,,,번역서 1종 · 예: Зловещий ресторан,포함
구미호 식당,,기타,,발표 시기 미상,,,번역서 1종 · 예: Ресторан Кумихо,포함
엄마들,,기타,,발표 시기 미상,,,번역서 4종 · 예: Mamás,포함
프롤레타리아 문학 선집,,기타,,발표 시기 미상,,,번역서 1종 · 예: LLAMAS ROJAS : Narrativa proletaria coreana,포함
스노볼 1,,기타,,발표 시기 미상,,,번역서 1종 · 예: Snow globe . 1,포함
우리가 다시 만날 세계,,기타,,발표 시기 미상,,,번역서 2종 · 예: 我們，再次重逢的世界,포함
있는 그대로 참 소중한 너라서,,기타,,발표 시기 미상,,,번역서 2종 · 예: 本当に大切な君だから,포함
앨리스 앨리스 하고 부르면,,기타,,발표 시기 미상,,,"번역서 1종 · 예: アリス,アリスと呼べば",포함
영화는 질문을 멈추지 않는다,,기타,,발표 시기 미상,,,번역서 1종 · 예: 電影從不停止質問,포함
오리 부리 이야기,,기타,,발표 시기 미상,,,번역서 1종 · 예: 話匣子鴨大嘴,포함
마치,,기타,,발표 시기 미상,,,번역서 1종 · 예: Just Like,포함
유년의 뜰,,기타,,발표 시기 미상,,,번역서 1종 · 예: 幼年の庭,포함
화가들이 사는 별나라,,기타,,발표 시기 미상,,,번역서 1종 · 예: 画家的星国,포함
어비,,기타,,발표 시기 미상,,,번역서 1종 · 예: オビー,포함
이상한 엄마,,기타,,발표 시기 미상,,,번역서 2종 · 예: 天女かあさん,포함
알사탕,,기타,,발표 시기 미상,,,번역서 4종 · 예: あめだま,포함
공존,,단편소설,,발표 시기 미상,,,번역서 1종 · 예: CONVIVIENCIA : Cuatro cuentos de escritoras coreanas,포함
구름 껴도 맑음 : 달콤한 신혼의 모든 순간,,기타,,발표 시기 미상,,,번역서 1종 · 예: Every Day is A Sunny Day When I Am with You,포함
되돌아온 착한 마음,,기타,,발표 시기 미상,,,번역서 1종 · 예: 蟬的感謝曲,포함
토리의 거짓말,,기타,,발표 시기 미상,,,번역서 1종 · 예: 搶錢的妖怪,포함
걱정으로 채워진 욕심 항아리,,기타,,발표 시기 미상,,,번역서 1종 · 예: 裝著幸福的罐子,포함
시골로 간 뚱보 아저씨,,기타,,발표 시기 미상,,,번역서 1종 · 예: 胖叔叔的鄉村日記,포함
고집쟁이 올리,,기타,,발표 시기 미상,,,번역서 1종 · 예: 不聽話的奧利,포함
곰탕2,,기타,,발표 시기 미상,,,"번역서 1종 · 예: KNOCHENSUPPE DIE NACHT, IN DER ZWÖLF MENSCHEN VERSCHWANDEN",포함
곰탕1,,기타,,발표 시기 미상,,,번역서 1종 · 예: KNOCHENSUPPE DER MÖRDER AUS DER ZUKUNFT,포함
지난밤 내 꿈에,,기타,,발표 시기 미상,,,"번역서 1종 · 예: Last Night, In My Dream",포함
김기림 작품집 1,,기타,,발표 시기 미상,,,번역서 1종 · 예: 新しい歌 : 金起林作品集Ⅰ,포함
글자만 남은 아침,,시,,발표 시기 미상,,,번역서 1종 · 예: A Morning with only Writing Left : A collection of new poems by Park Jang-ho,포함
프리즘,,기타,,발표 시기 미상,,,번역서 2종 · 예: プリズム,포함
아들의 아버지,,기타,,발표 시기 미상,,,번역서 1종 · 예: 父の時代,포함
집에 있는데도 집에 가고 싶어,,기타,,발표 시기 미상,,,번역서 3종 · 예: Aku Ingin Pulang Meski Sudah Dirumah,포함
곤충,,기타,,발표 시기 미상,,,번역서 2종 · 예: แมลง,포함
용과 용의 대격전·산협,,기타,,발표 시기 미상,,,번역서 1종 · 예: معركة شرسة بين تِنِّين وآخر وتليها قرية في الوادي الجبلي,포함
떠난 후에 남겨진 것들,,기타,,발표 시기 미상,,,번역서 1종 · 예: Things Left Behind : Hal-hal yang Kita Pelajari dari Mereka yang Telah Tiada,포함
파과,,장편소설,,발표 시기 미상,,,번역서 7종 · 예: The Old Woman With the Knife,포함
님의 침묵,,시,,발표 시기 미상,,,번역서 8종 · 예: SỰ IM LẶNG CỦA TÌNH YÊU,포함
탐라 이야기: 제주도문학선,,기타,,발표 시기 미상,,,번역서 1종 · 예: 耽羅の国の物語,포함
누군가를 위하여,,기타,,발표 시기 미상,,,번역서 1종 · 예: EM ĐÃ SỐNG VÌ AI,포함
김남조 시선,,시,,발표 시기 미상,,,번역서 1종 · 예: Selected poems of Kim Namjo,포함
그리는 세계 있기에,,시,,발표 시기 미상,,,번역서 1종 · 예: 慕わしい世界があるから 月下金達鎮詩人の詩と生涯,포함
가랑잎으로 눈가리고,,시,,발표 시기 미상,,,번역서 1종 · 예: 伴侶 詩集,포함
이 시대의 사랑,,기타,,발표 시기 미상,,,번역서 1종 · 예: Phone bells keep ringing for me,포함
너를 위한 마음,,기타,,발표 시기 미상,,,번역서 1종 · 예: 為你著想的心,포함
네가 부러워,,기타,,발표 시기 미상,,,번역서 1종 · 예: 金豬最愛吃美食,포함
밤나무 밑 알밤 다섯 알,,기타,,발표 시기 미상,,,번역서 1종 · 예: 說夢話的老鼠,포함
오늘 밤은 사라지지 말아요,,기타,,발표 시기 미상,,,번역서 1종 · 예: 不要在今夜消失,포함
뼈,,기타,,발표 시기 미상,,,번역서 1종 · 예: Bone : sebuah fiksi misteri fotografi,포함
환상서점,,기타,,발표 시기 미상,,,번역서 1종 · 예: La Librería de las ilusiones,포함
"한국, 남자",,기타,,발표 시기 미상,,,"번역서 1종 · 예: 韓國,男子",포함
파견자들,,기타,,발표 시기 미상,,,번역서 1종 · 예: 派遣者たち,포함
내 마음의 장대로,,기타,,발표 시기 미상,,,번역서 1종 · 예: With The Pole Of My Heart,포함
엄마의 말뚝,,기타,,발표 시기 미상,,,번역서 3종 · 예: Matczyna droga,포함
My GrandMom : 할머니 엄마,,기타,,발표 시기 미상,,,번역서 1종 · 예: My GrandMom : 할머니 엄마,중복 제외 (앞 순위 출처에 있음)
기생충 스토리보드북,,기타,,발표 시기 미상,,,번역서 1종 · 예: PARASITE,포함
글로리홀,,기타,,발표 시기 미상,,,번역서 1종 · 예: Glory Hole,포함
On Such a Full Sea,,기타,,발표 시기 미상,,,번역서 1종 · 예: 만조의 바다위에서,포함
운명의 턴넬,,기타,,발표 시기 미상,,,번역서 1종 · 예: THE TUNNEL OF DESTINY,포함
그래도 나는 피었습니다,,기타,,발표 시기 미상,,,번역서 1종 · 예: Trampled Blossoms,포함
진주의 탄생,,기타,,발표 시기 미상,,,번역서 1종 · 예: The Birth of Pearl,포함
유령의 마음으로,,기타,,발표 시기 미상,,,번역서 1종 · 예: 光っていません,포함
3 : 눈물을 마시는 새3,,기타,,발표 시기 미상,,,번역서 1종 · 예: Die Legende vom Tränenvogel . Der Feuergeist,포함
눈물을 마시는 새 1,,기타,,발표 시기 미상,,,번역서 4종 · 예: 涙を呑む鳥 1 . 下,포함
조명가게 1,,기타,,발표 시기 미상,,,번역서 1종 · 예: 照明商店 1,포함
붉은 칼,,기타,,발표 시기 미상,,,번역서 1종 · 예: Red Sword,포함
엘리베이터에 낀 그 남자는 어떻게 되었나,,기타,,발표 시기 미상,,,"번역서 4종 · 예: Какво се случи с мъжа, заклещен в асансьора",포함
아라의 소설,,소설,,발표 시기 미상,,,번역서 1종 · 예: 私たちのテラスで、終わりを迎えようとする世界に乾杯,포함
너는,,기타,,발표 시기 미상,,,번역서 1종 · 예: Et toi...,포함
평강공주 2,,기타,,발표 시기 미상,,,"번역서 1종 · 예: Река, где восходит луна : Пхёнган и Ондаль",포함
나의 영혼을 풀어주어라!,,기타,,발표 시기 미상,,,번역서 1종 · 예: 我が魂を解き放せ,포함
불새,,시,,발표 시기 미상,,,번역서 2종 · 예: 火鸟,포함
감옥으로부터의 사색,,기타,,발표 시기 미상,,,번역서 1종 · 예: Reflections from Prison,포함
을들의 당나귀 귀,,기타,,발표 시기 미상,,,번역서 1종 · 예: 大眾文化的女性主義指南,포함
Die große Heimkehr,,기타,,발표 시기 미상,,,번역서 1종 · 예: The Great Homecoming,포함
수상한 초콜릿 가게,,기타,,발표 시기 미상,,,번역서 1종 · 예: Gizemli Çikolata Dükkanı,포함
权力与人 : 思悼世子之死与朝鲜王室,,기타,,발표 시기 미상,,,번역서 1종 · 예: 权力与人 : 思悼世子之死与朝鲜王室,중복 제외 (앞 순위 출처에 있음)
전쟁과 사회,,기타,,발표 시기 미상,,,번역서 3종 · 예: a social history of the korean war,포함
나의 해방일지 대본집2,,기타,,발표 시기 미상,,,번역서 1종 · 예: 我的出走日記. 2,포함
나의 해방일지 대본집1,,기타,,발표 시기 미상,,,번역서 1종 · 예: 我的出走日記. 1,포함
내일은 또 다른 날,,기타,,발표 시기 미상,,,번역서 1종 · 예: Mañana será otro día,포함
세계를 건너 너에게 갈게,,기타,,발표 시기 미상,,,번역서 6종 · 예: Zamanı Aşıp Sana Geleceğim,포함
퍼즐,,기타,,발표 시기 미상,,,번역서 1종 · 예: ROMPECABEZAS,포함
인간 연습,,기타,,발표 시기 미상,,,번역서 1종 · 예: Der lange Weg zum Leben,포함
생물성,,기타,,발표 시기 미상,,,번역서 1종 · 예: Biologicity,포함
앙코르,,기타,,발표 시기 미상,,,번역서 1종 · 예: Encore,포함
소록도 천국으로의 여행,,기타,,발표 시기 미상,,,번역서 1종 · 예: 小鹿島 賤国への旅,포함
시와 산책,,시,,발표 시기 미상,,,번역서 1종 · 예: 詩と散策 : Poetry and Walks,포함
하늘과 바람과 별과 시: 윤동주. 이육사 시선,,기타,,발표 시기 미상,,,번역서 1종 · 예: آسمان و باد و ستاره و شعر,포함
김미경의 리부트,,기타,,발표 시기 미상,,,번역서 1종 · 예: Reboot,포함
"100℃ : 뜨거운 기억, 6월민주항쟁",,기타,,발표 시기 미상,,,번역서 1종 · 예: 100°C: South Korea's 1987 Democracy Movement,포함
날개 환상통,,기타,,발표 시기 미상,,,번역서 1종 · 예: Phantom Pain Wings,포함
아가,,기타,,발표 시기 미상,,,번역서 1종 · 예: AGA : LA SOMBRA DE LA OSCURIDAD,포함
나의 해방일지 대본집4,,기타,,발표 시기 미상,,,번역서 1종 · 예: 我的出走日記. 4,포함
나의 해방일지 대본집3,,기타,,발표 시기 미상,,,번역서 1종 · 예: 我的出走日記. 3,포함
밝은 밤,,기타,,발표 시기 미상,,,번역서 1종 · 예: 明るい夜,포함
내일을 여는 집,,기타,,발표 시기 미상,,,번역서 1종 · 예: Дом нашего будущего,포함
내가 가진 산책길을 다 줄게: 정우신 시집,,시,,발표 시기 미상,,,번역서 1종 · 예: I'll give you all my promenade,포함
내 여자친구와 여자친구들,,기타,,발표 시기 미상,,,번역서 1종 · 예: 私の彼女と女友達,포함
엄마의 집,,기타,,발표 시기 미상,,,번역서 1종 · 예: NHÀ CỦA MẸ,포함
죽이고 싶은 아이,,기타,,발표 시기 미상,,,번역서 3종 · 예: 殺したい子,포함
벌새,,기타,,발표 시기 미상,,,번역서 1종 · 예: はちどり : 1994年、閉ざされることのない記憶の記録,포함
여인들과 진화하는 적들,,기타,,발표 시기 미상,,,번역서 1종 · 예: 女人與她們進化的天敵,포함
1차원이 되고 싶어,,기타,,발표 시기 미상,,,번역서 3종 · 예: Maak me eendimensionaal,포함
먼 바다,,기타,,발표 시기 미상,,,번역서 2종 · 예: Далекое море,포함
레즈비언의 산부인과,,기타,,발표 시기 미상,,,번역서 1종 · 예: 産婦人科＃MeToo,포함
"거기, 당신?",,기타,,발표 시기 미상,,,번역서 1종 · 예: 孤独的义务,포함
울지도 못했다,,기타,,발표 시기 미상,,,번역서 1종 · 예: کتاب حتی نتوانستم گریه کنم,포함
돌담에 속삭이는,,기타,,발표 시기 미상,,,번역서 1종 · 예: Ein Flüstern aus der Mauer,포함
Litro 한국문학특집호,,기타,,발표 시기 미상,,,번역서 1종 · 예: Litro Magazine South Korea: Finding the Soul in Seoul,포함
매일 읽겠습니다,,기타,,발표 시기 미상,,,번역서 1종 · 예: 毎日読みます,포함
기기인 도로,,기타,,발표 시기 미상,,,번역서 1종 · 예: 蒸気駆動の男,포함
해피빌라,,기타,,발표 시기 미상,,,번역서 1종 · 예: KHU TẬP THỂ HẠNH PHÚC,포함
봉준호를 읽다,,기타,,발표 시기 미상,,,번역서 1종 · 예: Leggere Bong Joon Ho,포함
어제는 봄,,기타,,발표 시기 미상,,,번역서 1종 · 예: Dün Bahardı,포함
월요일이 없는 소년,,기타,,발표 시기 미상,,,번역서 1종 · 예: Парень без понедельника,포함
불의 강,,기타,,발표 시기 미상,,,번역서 2종 · 예: Río de fuego y otros relatos,포함
천 개의 파랑,,기타,,발표 시기 미상,,,번역서 3종 · 예: Tausend Arten von Blau,포함
마지막 마음이 들리는 공중전화,,기타,,발표 시기 미상,,,번역서 1종 · 예: ตู้โทรศัพท์รับฝากความรู้สึกสุดท้าย,포함
Roman/ 불편한 편의점 2,,기타,,발표 시기 미상,,,번역서 1종 · 예: Wenn es Nacht wird in Frau Yeoms kleinem Laden,포함
내 친구 김정은,,기타,,발표 시기 미상,,,번역서 2종 · 예: Meu Amigo Kim Jong-un,포함
"유령, 도둑, 사랑",,기타,,발표 시기 미상,,,"번역서 1종 · 예: A Ghost, a Thief, and Love",포함
귀신의 왕,,기타,,발표 시기 미상,,,번역서 1종 · 예: The KIng of Ghosts,포함
인플루언서 엄마를 고발합니다,,기타,,발표 시기 미상,,,번역서 2종 · 예: 男たちの部屋 : 韓国の「遊興店」とホモソーシャルな欲望,포함
오래된 것들을 생각할 때에는,,기타,,발표 시기 미상,,,번역서 1종 · 예: Ikan adalah pertapa : Kumpulan pulsi ko hyeong ryeol,포함
나의 미친 페미니스트 여자친구,,기타,,발표 시기 미상,,,번역서 3종 · 예: Моя безумная бывшая,포함
조선단편소설선,,단편소설,,발표 시기 미상,,,번역서 2종 · 예: 朝鮮短篇小説選,포함
한국 고시조선,,시조,,발표 시기 미상,,,"번역서 2종 · 예: AROMA DEL ESTE : ANTOLOGÍA DE LA POESÍA CLÁSICA COREANA, SIJO",포함
버섯의 노래,,기타,,발표 시기 미상,,,번역서 1종 · 예: Song of the Mushroom,포함
콜드 리딩,,기타,,발표 시기 미상,,,번역서 1종 · 예: Cold Reading,포함
조명가게 3,,기타,,발표 시기 미상,,,번역서 1종 · 예: 照明商店 3,포함
조명가게 2,,기타,,발표 시기 미상,,,번역서 1종 · 예: 照明商店 2,포함
인간의 법정,,기타,,발표 시기 미상,,,번역서 1종 · 예: Human Court,포함
위풍당당 여우 꼬리 1,,기타,,발표 시기 미상,,,번역서 2종 · 예: Девочка с лисьим хвостом. Том 1,포함
엄원태 시선집,,시,,발표 시기 미상,,,번역서 1종 · 예: Dans une région obscure,포함
벽사아씨전,,기타,,발표 시기 미상,,,번역서 1종 · 예: La leggenda della Cacciatrice di Spiriti,포함
심해수,,기타,,발표 시기 미상,,,번역서 2종 · 예: Léviathan 2 : deep water,포함
Die Perlen des Todes/ 벽사아씨전,,기타,,발표 시기 미상,,,번역서 1종 · 예: The Legend of Lady Byeoksa,포함
کتاب افسانه‌هایی از سرزمین گل ختمی (پنسوری ۲) 한국고전소설선,,소설,,발표 시기 미상,,,번역서 1종 · 예: کتاب افسانه‌هایی از سرزمین گل ختمی (پنسوری ۲) 한국고전소설선,포함
수평선 1,,기타,,발표 시기 미상,,,번역서 1종 · 예: Крайнебо 1,포함
수평선 2,,기타,,발표 시기 미상,,,번역서 1종 · 예: Крайнебо 2,포함
더 셜리 클럽,,기타,,발표 시기 미상,,,번역서 1종 · 예: シャーリー・クラブ,포함
얼마나 닮았는가,,기타,,발표 시기 미상,,,번역서 1종 · 예: どれほど似ているか,포함
탈향: 이호철단편소설집,,단편소설,,발표 시기 미상,,,번역서 2종 · 예: Уйти и не вернуться,포함
나는 이름이 있었다,,기타,,발표 시기 미상,,,번역서 1종 · 예: 僕には名前があった,포함
멀리 있다 우루는 늦을 것이다,,기타,,발표 시기 미상,,,번역서 1종 · 예: 遠きにありて、ウルは遅れるだろう,포함
하나의 경우,,기타,,발표 시기 미상,,,번역서 1종 · 예: Hana,포함
Beasts of a Little Land,,기타,,발표 시기 미상,,,번역서 2종 · 예: Звери малой земли,포함
인스타그램에는 절망이 없다,,기타,,발표 시기 미상,,,번역서 1종 · 예: KHÔNG CÓ TUYỆT VỌNG TRÊN INSTAGRAM,포함
모기와 왈츠를,,기타,,발표 시기 미상,,,번역서 1종 · 예: Waltzing with Mosquitoes,포함
구미호 식당 2,,기타,,발표 시기 미상,,,"번역서 1종 · 예: Ресторан ""Кумихо"" Кастинг для покойников 박현숙 장편소설",포함
바늘과 가죽의 시,,기타,,발표 시기 미상,,,번역서 1종 · 예: Kisah Jarum dan Kulit,포함
평강공주. 1,,기타,,발표 시기 미상,,,"번역서 1종 · 예: Река, где восходит луна : Юная принцесса",포함
세월,,기타,,발표 시기 미상,,,번역서 1종 · 예: SEWOL : Tập Truyện Ngắn,포함
잃어버린 거울,,기타,,발표 시기 미상,,,번역서 1종 · 예: ふしぎな鏡をさがせ,포함
"진이, 지니",,기타,,발표 시기 미상,,,"번역서 2종 · 예: Jini, Jinny",포함
나나,,기타,,발표 시기 미상,,,번역서 2종 · 예: Настоящий я,포함
鴉の死,,기타,,발표 시기 미상,,,번역서 1종 · 예: Death of a Crow,포함
춘자의 남경,,기타,,발표 시기 미상,,,번역서 2종 · 예: Chunja’s Nanjing,포함
春香,,기타,,발표 시기 미상,,,번역서 2종 · 예: Chunhyang,포함
행성어 서점,,기타,,발표 시기 미상,,,번역서 1종 · 예: 行星語書店,포함
사이공 나이트,,기타,,발표 시기 미상,,,번역서 1종 · 예: SAIGON NIGHT,포함
구관조 씻기기,,기타,,발표 시기 미상,,,번역서 1종 · 예: Washing A Myna,포함
접으면,,기타,,발표 시기 미상,,,번역서 1종 · 예: 生命中的折叠 FOLD AND UNFOLD,포함
망원동 브라더스,,기타,,발표 시기 미상,,,번역서 1종 · 예: 望遠洞兄弟,포함
Мадам Таро 마담 타로,,기타,,발표 시기 미상,,,번역서 1종 · 예: Мадам Таро 마담 타로,포함
한국문학을 여행하다 60장,,기타,,발표 시기 미상,,,번역서 1종 · 예: 韓国文学を旅する60章,포함
세시에서 다섯시 사이,,기타,,발표 시기 미상,,,번역서 1종 · 예: Ba đến năm giờ chiều,포함
아리랑 3권,,기타,,발표 시기 미상,,,번역서 1종 · 예: ARIRANG (Volume 3) : Nos terres son notre vie,포함
아리랑 4권,,기타,,발표 시기 미상,,,번역서 1종 · 예: ARIRANG (Volume 4) : Tout citoyen incarne la patrie,포함
아리랑 12권,,기타,,발표 시기 미상,,,번역서 1종 · 예: ARIRANG (Volume 12) : Où le jour se lève sur la plaine,포함
마음이 살짝 기운다,,기타,,발표 시기 미상,,,번역서 1종 · 예: 心がそっと傾く,포함
그 고양이의 이름은 길다,,기타,,발표 시기 미상,,,번역서 1종 · 예: その猫の名前は長い 이주혜 소설집,포함
뻬쩨르부르끄의 동양학,,기타,,발표 시기 미상,,,번역서 1종 · 예: Петербургское востоковедение вып.5,포함
빨간 통나무 집 할머니,,기타,,발표 시기 미상,,,번역서 1종 · 예: La signora della casa rossa,포함
살인의 품격,,기타,,발표 시기 미상,,,번역서 1종 · 예: 殺人の品格,포함
사이코지만 괜찮아 1,,기타,,발표 시기 미상,,,번역서 1종 · 예: サイコだけど大丈夫. 上,포함
파쇄,,기타,,발표 시기 미상,,,번역서 1종 · 예: 破砕,포함
서칭 포 허니맨,,기타,,발표 시기 미상,,,번역서 1종 · 예: Romancing on Jeju,포함
메르시아의 별,,기타,,발표 시기 미상,,,번역서 1종 · 예: Blood of the Old Kings,포함
메모리얼 향수가게,,기타,,발표 시기 미상,,,번역서 1종 · 예: Tiệm Nước Hoa Ký Ức,포함
좋은 건 다 네 앞에 있어,,기타,,발표 시기 미상,,,번역서 1종 · 예: TOUTES LES BONNES CHOSES SONT DEVANT TOI 101 pensées bouddhistes,포함
大韓民国エリートの起源 / 제국대학의 조센징,,기타,,발표 시기 미상,,,번역서 1종 · 예: 帝国大学の朝鮮人,포함
살롱 드 홈즈,,기타,,발표 시기 미상,,,번역서 1종 · 예: Les 4 enquêtrices de la supérette Gwangseon,포함
문예 2021 春,,기타,,발표 시기 미상,,,번역서 1종 · 예: 文藝 2021 春,포함
문예 2020 冬,,기타,,발표 시기 미상,,,번역서 1종 · 예: 文藝 2020 冬,포함
Axt 인터뷰집 1,,기타,,발표 시기 미상,,,번역서 1종 · 예: 韓国の小説家たち I,포함
절망의 구,,기타,,발표 시기 미상,,,번역서 1종 · 예: The Black Orb,포함
판타스틱 걸,,기타,,발표 시기 미상,,,번역서 1종 · 예: ファンタスティックガール,포함
듀나 단편 및 장편선(가제),,기타,,발표 시기 미상,,,번역서 1종 · 예: Everything Good Dies Here,포함
끝이 드디어 시작되었다 : 한국문학선집,,단편소설,,발표 시기 미상,,,번역서 1종 · 예: Por fin ha comenzado el fin : Cuentos y poemas coreanos,포함
별 헤는 밤 : 윤동주 전집,,기타,,발표 시기 미상,,,번역서 1종 · 예: Counting the Stars at Night : The Complete Works in Verse and Prose,포함
작은 별이지만 빛나고 있어,,기타,,발표 시기 미상,,,번역서 1종 · 예: 小さな星だけど輝いている,포함
말하기를 말하기,,기타,,발표 시기 미상,,,번역서 1종 · 예: 話すことを話す : きちんと声を上げるために,포함
노마와 유쾌한 동료들,,동화,,발표 시기 미상,,,번역서 1종 · 예: ノマと愉快な仲間たち : 玄徳童話集,포함
아직 멀었다는 말,,기타,,발표 시기 미상,,,번역서 1종 · 예: まだまだという言葉,포함
리볼브 2,,기타,,발표 시기 미상,,,번역서 1종 · 예: Viên đạn tái sinh 2,포함
리볼브 1,,기타,,발표 시기 미상,,,번역서 1종 · 예: Viên đạn tái sinh 1,포함
Patterns of the heart and other stories 무성격자 외 단편집,,단편소설,,발표 시기 미상,,,번역서 1종 · 예: Patterns of the heart and other stories 무성격자 외 단편집,포함
20세기 한국문학의 이해,,기타,,발표 시기 미상,,,번역서 2종 · 예: Tìm Hiểu Văn Học Hàn Quốc Thế Kỷ 20,포함
Crying in H Mart,,기타,,발표 시기 미상,,,번역서 3종 · 예: Pleurer au supermarché,포함
사육장쪽으로,,단편소설,,발표 시기 미상,,,번역서 1종 · 예: To the Kennels: And Other Stories 편혜영 단편선,포함
아버지에게 갔었어,,기타,,발표 시기 미상,,,번역서 3종 · 예: 父のところに行ってきた,포함
金達寿小説集,,단편소설,,발표 시기 미상,,,번역서 1종 · 예: The Trial of Pak Tal and Other Stories,포함
血と骨（上）,,기타,,발표 시기 미상,,,번역서 1종 · 예: Blood and Bones. 1,포함
"거기, 내가 가면 안 돼요?",,기타,,발표 시기 미상,,,번역서 2종 · 예: Can't I Go Instead,포함
홍길동전,,기타,,발표 시기 미상,,,번역서 10종 · 예: Hong Gildong’un Hikâyesi,중복 제외 (앞 순위 출처에 있음)
보행연습,,기타,,발표 시기 미상,,,번역서 1종 · 예: WALKING PRACTICE,포함
푸르른 틈새,,기타,,발표 시기 미상,,,번역서 1종 · 예: Un éclair bleu azur,포함
멸망의 밤을 듣는 밤,,기타,,발표 시기 미상,,,"번역서 1종 · 예: At Night, Listening to the Night of Destruction",포함
"칵테일, 러브, 좀비",,기타,,발표 시기 미상,,,번역서 1종 · 예: カクテル、ラブ、ゾンビ,포함
싱코페이션,,기타,,발표 시기 미상,,,번역서 1종 · 예: Syncopation,포함
인간의 시간,,기타,,발표 시기 미상,,,번역서 2종 · 예: Human Time,포함
안중근전,,기타,,발표 시기 미상,,,번역서 1종 · 예: 安重根,포함
호텔 이야기,,기타,,발표 시기 미상,,,번역서 1종 · 예: ホテル物語,포함
단지 살인마,,기타,,발표 시기 미상,,,번역서 1종 · 예: Dix petits meurtres,포함
연수,,기타,,발표 시기 미상,,,번역서 1종 · 예: 我們都有一顆星星,포함
모두가 헤어지는 하루,,기타,,발표 시기 미상,,,번역서 1종 · 예: 誰もが別れる一日,포함
0%를 향해서,,기타,,발표 시기 미상,,,번역서 1종 · 예: 0％に向かって,포함
타인의 집,,기타,,발표 시기 미상,,,번역서 2종 · 예: 他人の家,포함
나인,,기타,,발표 시기 미상,,,번역서 1종 · 예: Dokuz,포함
"재인, 재욱, 재훈",,기타,,발표 시기 미상,,,번역서 1종 · 예: Ｊ・Ｊ・Ｊ三姉弟の世にも平凡な超能力,포함
우리가 쓴 것,,기타,,발표 시기 미상,,,번역서 3종 · 예: 私たちが記したもの,포함
떠도는 땅,,기타,,발표 시기 미상,,,번역서 2종 · 예: La terre qui erre,포함
白邨遺稿,,시,,발표 시기 미상,,,번역서 1종 · 예: White Village : Poems in Classical Chinese : A Dual-Language Edition With Parallel Texts,포함
구봉한시집,,시,,발표 시기 미상,,,번역서 1종 · 예: Nine Peaks Poems in Classical Chinese A Dual-Language Edition With Parallel Texts,포함
박용철 시선집,,시,,발표 시기 미상,,,번역서 1종 · 예: A Boat Ready to Set Sail The Collected Poems of Pak Yong-chŏl,포함
서영동 이야기,,기타,,발표 시기 미상,,,번역서 1종 · 예: ソヨンドン物語,포함
붉은 돼지들,,기타,,발표 시기 미상,,,번역서 1종 · 예: 赤い豚たち,포함
외로우니까 사람이다,,기타,,발표 시기 미상,,,번역서 3종 · 예: 孤独，所以才是人,포함
괴괴한 날씨와 착한 사람들,,기타,,발표 시기 미상,,,번역서 1종 · 예: Grotesque weather and good people,포함
캉탕 : 이승우 소설,,소설,,발표 시기 미상,,,번역서 1종 · 예: Voyage à Cantant,포함
If You Leave Me,,기타,,발표 시기 미상,,,번역서 1종 · 예: La déesse qui rêvait du ciel,포함
남편을 죽이는 서른가지 방법,,기타,,발표 시기 미상,,,번역서 1종 · 예: Les 30 meilleures façons d'assassiner son mari,포함
하얼빈,,기타,,발표 시기 미상,,,번역서 1종 · 예: ハルビン,포함
나는 개성공단으로 출근합니다,,기타,,발표 시기 미상,,,번역서 1종 · 예: 北朝鮮に出勤します,포함
BTS 길 위에서,,기타,,발표 시기 미상,,,번역서 1종 · 예: Sur la route de BTS,포함
由煕 ナビ・タリョン,,단편소설,,발표 시기 미상,,,번역서 1종 · 예: Nabi T'aryŏng and Other Stories,포함
血と骨（下）,,기타,,발표 시기 미상,,,번역서 1종 · 예: Blood and Bones. 2,포함
무정,,기타,,발표 시기 미상,,,번역서 4종 · 예: Senza cuore,포함
당연하게도 나는 너를,,기타,,발표 시기 미상,,,번역서 1종 · 예: Tabi ki Senden Hoşlanıyorum,포함
이제야 언니에게,,기타,,발표 시기 미상,,,번역서 3종 · 예: ディア・マイ・シスター,포함
메밀꽃 필 무렵,,기타,,발표 시기 미상,,,번역서 3종 · 예: عندما تتفتح زهور الحنطة السوداء,포함
한국현대시인시선집,,시,,발표 시기 미상,,,"번역서 1종 · 예: C’est l’heure où le monde s’agrandit, onze poètes coréens de notre temps",포함
소,,기타,,발표 시기 미상,,,번역서 1종 · 예: LA VACA,포함
세계인이 알아야 할 한국의 시조,,시조,,발표 시기 미상,,,번역서 1종 · 예: 150 Sijo-Gedichte,포함
당분간 인간,,기타,,발표 시기 미상,,,번역서 1종 · 예: Temporalmente humanos,포함
이름 없는 여자의 여덟 가지 인생 : 이미리내 장편소설,,장편소설,,발표 시기 미상,,,번역서 1종 · 예: 이름 없는 여자의 여덟 가지 인생 : 이미리내 장편소설,중복 제외 (앞 순위 출처에 있음)
모란이 피기까지는,,기타,,발표 시기 미상,,,번역서 1종 · 예: گلهای کاملیا,포함
"여름, 어디선가 시체가",,기타,,발표 시기 미상,,,번역서 3종 · 예: วันหนึ่งในฤดูร้อน มีศพนอนอยู่ที่ไหนสักแห่ง,포함
moderne Erzählungen koreanischer Frauen 평범한 물방울 무늬 원피스에 관한 이야기: 현대단편소설선 2집,,단편소설,,발표 시기 미상,,,번역서 1종 · 예: Ein ganz einfaches gepunktetes Kleid,포함
가만가만 부르는 노래,,기타,,발표 시기 미상,,,번역서 1종 · 예: そっと静かに,포함
검은 모래,,기타,,발표 시기 미상,,,번역서 1종 · 예: 黒い砂,포함
왕은 사랑한다 1-3,,기타,,발표 시기 미상,,,번역서 1종 · 예: 王は愛する. 上-下,포함
이상문학상 대상작가의 자전적 에세이,,수필,,발표 시기 미상,,,번역서 1종 · 예: 僕は李箱から文学を学んだ,포함
金子文子と朴烈の愛 / 열애,,기타,,발표 시기 미상,,,번역서 1종 · 예: 常磐の木,포함
천년의 잠,,기타,,발표 시기 미상,,,번역서 2종 · 예: 千年の眠り,포함
플라스틱 섬,,기타,,발표 시기 미상,,,번역서 1종 · 예: Мусорный остров,포함
가시소년,,기타,,발표 시기 미상,,,번역서 1종 · 예: トゲトゲくんは ね、,포함
사라지는 건 여자들뿐이거든요,,기타,,발표 시기 미상,,,번역서 1종 · 예: Solo las mujeres desaparecen : Antologia de Autoras Coreanas Contemporaneas,포함
"하정우, 느낌있다",,기타,,발표 시기 미상,,,"번역서 1종 · 예: 河正宇, 有感觉",포함
연옥의 봄,,기타,,발표 시기 미상,,,번역서 1종 · 예: Frühling im Fegefeuer,포함
검은 반점,,기타,,발표 시기 미상,,,번역서 1종 · 예: 黑色斑點,포함
한밤중 개미 요정,,기타,,발표 시기 미상,,,번역서 1종 · 예: 真夜中のちいさなようせい,포함
하얀 배,,기타,,발표 시기 미상,,,번역서 1종 · 예: 白い船 : 韓国文学ショートショート きむ ふなセレクション,포함
누나팬닷컴 1,,기타,,발표 시기 미상,,,번역서 1종 · 예: Nunafan.com - Vol 1,포함
도둑맞은 책,,기타,,발표 시기 미상,,,번역서 2종 · 예: The Purloined Book,포함
피터 래빗 죽이기,,기타,,발표 시기 미상,,,번역서 1종 · 예: 殺死彼得兔,포함
여름의 빌라,,기타,,발표 시기 미상,,,번역서 1종 · 예: 夏のヴィラ,포함
"아무튼, 떡볶이",,기타,,발표 시기 미상,,,번역서 1종 · 예: とにかく、トッポッキ,포함
해시의 신루 (2),,기타,,발표 시기 미상,,,번역서 1종 · 예: 亥時蜃樓 : 卷二 : 銀暈藏情,포함
"거기, 내가 가면 안 돼요? 1-2",,기타,,발표 시기 미상,,,번역서 1종 · 예: そこに私が行ってもいいですか？,포함
바이올렛,,기타,,발표 시기 미상,,,번역서 3종 · 예: VIOLETS,포함
"있잖아, 누구씨",,기타,,발표 시기 미상,,,번역서 1종 · 예: ฉันไม่เป็นไรจริงๆ ใช่ไหม,포함
적성의전 (권지단),,기타,,발표 시기 미상,,,번역서 1종 · 예: Повесть о Чёк Сёные : Чёк Сёный Чён Квонджи тан,중복 제외 (앞 순위 출처에 있음)
Animal farm,,기타,,발표 시기 미상,,,번역서 1종 · 예: แอนิมอล ฟาร์ม : สงครามกบฏของสรรพสัตว์,포함
Axt 인터뷰집 2,,기타,,발표 시기 미상,,,번역서 1종 · 예: 韓国の小説家たち II,포함
남한산성,,기타,,발표 시기 미상,,,번역서 2종 · 예: Nam Hán Sơn Thành,포함
방각본 살인 사건,,장편소설,,발표 시기 미상,,,번역서 2종 · 예: LAS NOVELAS ASESINAS,포함
장국영이 죽었다고?,,기타,,발표 시기 미상,,,번역서 1종 · 예: 您可疑的近况,포함
한 방울의 만남,,기타,,발표 시기 미상,,,번역서 1종 · 예: 一滴の出会い,포함
"손, 아귀",,기타,,발표 시기 미상,,,번역서 2종 · 예: 手，琵琶魚,포함
좀비 아이,,기타,,발표 시기 미상,,,번역서 2종 · 예: 喪屍小孩,포함
진짜 진짜 얼굴을 찾아서,,기타,,발표 시기 미상,,,번역서 2종 · 예: Em Busca da Feicao Real,포함
주제와 쟁점으로 읽는 20세기 한일관계사,,기타,,발표 시기 미상,,,번역서 1종 · 예: 主題と争点で読む20世紀日韓関係史,포함
빼앗긴 들에도 봄은 오는가 : 이상화 전집,,시,,발표 시기 미상,,,번역서 1종 · 예: Does Spring Come Also to These Ravished Fields? : Poems of Yi Sang-hwa,포함
보통의 노을,,기타,,발표 시기 미상,,,번역서 1종 · 예: 平凡的餘暉,포함
누나팬닷컴,,기타,,발표 시기 미상,,,번역서 1종 · 예: Nunafan.com : Her private life . 2,포함
회색 인간 : 김동식 소설집,,단편소설,,발표 시기 미상,,,번역서 1종 · 예: 灰色人類 : 金東植短篇小說集,포함
내 심장을 쏴라,,기타,,발표 시기 미상,,,번역서 2종 · 예: 射向我心臟,포함
최선의 삶,,기타,,발표 시기 미상,,,"번역서 1종 · 예: 為了好好活著, 我們最終走向更壞",포함
정신자살,,기타,,발표 시기 미상,,,번역서 1종 · 예: Mortel Motel : Les enquêtes de l’avocat Gojin,포함
女子サッカーが私に教えてくれたこと / 우아하고 호쾌한 여자 축구,,기타,,발표 시기 미상,,,번역서 1종 · 예: 女の答えはピッチにある,포함
모두가 네 탓,,기타,,발표 시기 미상,,,번역서 1종 · 예: 一切都是因为你,포함
모든 순간이 너였다,,기타,,발표 시기 미상,,,번역서 1종 · 예: 每個瞬間都是你,포함
각성한 시스터후드,,기타,,발표 시기 미상,,,번역서 1종 · 예: 覚醒するシスターフッド,포함
마르타의 일,,기타,,발표 시기 미상,,,번역서 1종 · 예: JETAIME_RIAH,포함
이 인간이 정말,,기타,,발표 시기 미상,,,번역서 1종 · 예: CON NGƯỜI HỠI ÔI,포함
완전판 토지 6권,,기타,,발표 시기 미상,,,번역서 1종 · 예: 完全版 土地. 6卷,포함
Hiver à Sokcho,,기타,,발표 시기 미상,,,번역서 1종 · 예: Winter in Sokcho,포함
최소한의 사랑,,기타,,발표 시기 미상,,,번역서 1종 · 예: Un minimum d´amour,포함
굴 소년들,,시,,발표 시기 미상,,,번역서 1종 · 예: Cave Boys : A collection of new poems by Lee Sul-ya,포함
당신이 옳다,,기타,,발표 시기 미상,,,번역서 1종 · 예: あなたは正しい,포함
곰탕 (상-하),,기타,,발표 시기 미상,,,번역서 1종 · 예: 牛骨湯. 上-下,포함
당신의 별이 사라지던 밤,,기타,,발표 시기 미상,,,번역서 1종 · 예: 你的星星消失的夜晚,포함
초혼,,기타,,발표 시기 미상,,,번역서 1종 · 예: 招魂 : 高銀時集,포함
아름다운 그이는 사람이어라,,기타,,발표 시기 미상,,,번역서 2종 · 예: 那些美好的人啊,포함
메이드 인 강남,,기타,,발표 시기 미상,,,번역서 1종 · 예: MADE IN GANGNAM,포함
군상 2020 년 6 월호,,기타,,발표 시기 미상,,,번역서 1종 · 예: 群像2020年6月号,포함
딸에게 주는 레시피,,기타,,발표 시기 미상,,,번역서 1종 · 예: Công Thức Nấu Ăn Tặng Con Gái,포함
Une famille coréenne brisée par la partition du pays / 기다림,,기타,,발표 시기 미상,,,번역서 1종 · 예: L'attente,포함
그림자 놀이,,기타,,발표 시기 미상,,,번역서 1종 · 예: Shadow,포함
봄날의 개,,기타,,발표 시기 미상,,,번역서 2종 · 예: O Cao Alegre,포함
"안녕, 소중한 사람",,기타,,발표 시기 미상,,,번역서 1종 · 예: アンニョン、大切な人。 : どの瞬間も当たり前ではないあなたへ,포함
해피 투게더,,기타,,발표 시기 미상,,,번역서 1종 · 예: Happy Together,포함
캣콜링,,기타,,발표 시기 미상,,,번역서 1종 · 예: Catcalling,포함
동아시아 당나라 대회 (중국-한국-베트남-일본),,기타,,발표 시기 미상,,,번역서 1종 · 예: THI TĂNG ĐÔNG Á (TRUNG QUỐC - KOREA - VIỆT NAM - NHẬT BẢN),포함
종의 기원 ─ 그 후에 있었을지도 모르는 이야기,,단편소설,,발표 시기 미상,,,번역서 1종 · 예: On the Origin of Species and Other Stories,포함
죽은 자의 집 청소,,기타,,발표 시기 미상,,,번역서 2종 · 예: 我是遺物整理師,포함
송곳 2권,,기타,,발표 시기 미상,,,번역서 1종 · 예: Intraitable . tome 2,포함
송곳 4권,,기타,,발표 시기 미상,,,번역서 1종 · 예: Intraitable. tome 4,포함
어제저녁,,기타,,발표 시기 미상,,,번역서 1종 · 예: 昨天晚上,포함
나는 개다,,기타,,발표 시기 미상,,,번역서 2종 · 예: 我是狗,포함
수인:황석영 자전,,기타,,발표 시기 미상,,,번역서 2종 · 예: LE PRISONNIER,포함
한 글자 사전,,기타,,발표 시기 미상,,,번역서 1종 · 예: 一文字の辞典,포함
내가 죽으면 장례식에 누가 와줄까,,기타,,발표 시기 미상,,,번역서 1종 · 예: Siapa yang Datang ke Pemakamanku Saat Aku Mati Nanti?,포함
새를 따라서,,시,,발표 시기 미상,,,번역서 1종 · 예: Following Birds : A collection of new poems by Park Cheol,포함
완전판 토지 11권,,기타,,발표 시기 미상,,,번역서 1종 · 예: 完全版 土地. 11卷,포함
송곳 3권,,기타,,발표 시기 미상,,,번역서 1종 · 예: Intraitable . tome 3,포함
송곳 5권,,기타,,발표 시기 미상,,,번역서 1종 · 예: Intraitable. tome 5,포함
작은마음동호회 = The Little Hearts Club,,기타,,발표 시기 미상,,,번역서 1종 · 예: 小さな心の同好会,포함
미술관의 쥐,,기타,,발표 시기 미상,,,번역서 2종 · 예: 美術館的老鼠,포함
사하맨션,,기타,,발표 시기 미상,,,번역서 5종 · 예: Saha Mansion,포함
악몽을 먹고 자란 소년,,기타,,발표 시기 미상,,,번역서 2종 · 예: O Menino Que Se Alimentava de Pesadelos,포함
이상한 손님,,기타,,발표 시기 미상,,,번역서 1종 · 예: 奇怪的客人,포함
시간 망명자,,기타,,발표 시기 미상,,,번역서 1종 · 예: 时间亡命者,포함
페미니스트까진 아니지만,,기타,,발표 시기 미상,,,번역서 1종 · 예: フェミニストってわけじゃないけど、どこか感じる違和感について,포함
살아야겠다,,기타,,발표 시기 미상,,,번역서 1종 · 예: 我要活下去,포함
송곳 6권,,기타,,발표 시기 미상,,,번역서 1종 · 예: Intraitable. tome 6,포함
문예 2021 夏,,기타,,발표 시기 미상,,,번역서 1종 · 예: 文藝 2021 夏,포함
민족문학과 세계문학,,기타,,발표 시기 미상,,,번역서 1종 · 예: 全球化时代的文学与人: 分裂体制下韩国的视角,포함
되살아나는 그늘,,기타,,발표 시기 미상,,,번역서 1종 · 예: Ожившая тень,포함
전후세대 100인 시선집,,시,,발표 시기 미상,,,번역서 1종 · 예: 青い憧れ : 日•韓 戰後世代100人詩選集世界時人叢書,포함
비밀의 화원: 한국현대중•단편소설선,,단편소설,,발표 시기 미상,,,번역서 1종 · 예: 秘密の花園 : 韓国現代中•短編小説選,포함
한국현대소설선: 바다와 나비,,소설,,발표 시기 미상,,,번역서 1종 · 예: truyện ngắn hiện đại Hàn Quốc,포함
귀머거리 너구리와 백석 동화나라,,동화,,발표 시기 미상,,,번역서 2종 · 예: Reiseintopf beim frosch,포함
국토와 민족생활사,,기타,,발표 시기 미상,,,번역서 1종 · 예: Land and Life : A historical Geographical Exploration of Korea,포함
미스 사이공,,기타,,발표 시기 미상,,,번역서 1종 · 예: Miss Sài Gòn,포함
개밥바라기별,,기타,,발표 시기 미상,,,번역서 3종 · 예: نجم المساء,포함
승무,,기타,,발표 시기 미상,,,번역서 1종 · 예: Вибрані поезії,포함
一個演員進入角色之路 / 소지섭의 오직 그대만,,기타,,발표 시기 미상,,,번역서 1종 · 예: 蘇志燮的只有你,포함
7월 포플라,,기타,,발표 시기 미상,,,번역서 1종 · 예: 七月のポプラ,포함
내 딸을 백원에 팝니다,,기타,,발표 시기 미상,,,번역서 1종 · 예: わたしの娘を一〇〇ウォンで売ります,포함
고양이에게,,기타,,발표 시기 미상,,,"번역서 1종 · 예: Toi, mon chat",포함
이태준 단편선집,,단편소설,,발표 시기 미상,,,번역서 1종 · 예: Dust and Other Stories,포함
아무도 그녀의 이야기를 들어주지 않았다,,기타,,발표 시기 미상,,,번역서 1종 · 예: To Korea with Love,포함
식민지 시대 프로레타리아 문학선집,,단편소설,,발표 시기 미상,,,번역서 1종 · 예: Rat Fire : Korean Stories from the Japanese Empire,포함
하늘의 맨살,,기타,,발표 시기 미상,,,번역서 1종 · 예: Celui qui garde ses rêves,포함
지상 최대의 내기,,기타,,발표 시기 미상,,,번역서 1종 · 예: The Greatest Gamble On Earth,포함
"중국산 모조 비아그라와 제제, 어디에도 고이지 못하는 소변에 대한 짧은 농담",,기타,,발표 시기 미상,,,번역서 1종 · 예: Knockoff Viagra & Jeje,포함
여신과의 산책,,기타,,발표 시기 미상,,,번역서 1종 · 예: Walk With A Goddess,포함
복원되지 못한 것들을 위하여,,기타,,발표 시기 미상,,,번역서 1종 · 예: For That Which Cannot Be Restored,포함
0%를 향하여,,기타,,발표 시기 미상,,,번역서 1종 · 예: Towards 0%,포함
쿄코와 쿄지,,기타,,발표 시기 미상,,,번역서 1종 · 예: Kyoko & Kyoji,포함
바비의 분위기,,기타,,발표 시기 미상,,,번역서 1종 · 예: Like A Barbie,포함
나는 기생이다,,기타,,발표 시기 미상,,,번역서 1종 · 예: Je suis une Kisaeng,포함
눈물을 마시는 새 2,,기타,,발표 시기 미상,,,번역서 1종 · 예: Sen Válečníka. 2,포함
"여성, 귀신이 되다",,기타,,발표 시기 미상,,,번역서 1종 · 예: Duchy I Boginie,포함
봄빛,,기타,,발표 시기 미상,,,번역서 1종 · 예: 歲月,포함
루트리지 한국 문학 동반자,,기타,,발표 시기 미상,,,번역서 1종 · 예: The Routledge Companion to Korean Literature,포함
한국고대중세시가집,,시,,발표 시기 미상,,,"번역서 1종 · 예: Ancient, Medieval, and Premodern Korean Songs and Poems : An Historical Anthology, With Parallel Texts in Korean and English",포함
김유정 단편선,,기타,,발표 시기 미상,,,번역서 1종 · 예: Tuyển tập truyện ngắn : Kim You-jeong,포함
종의 기원담,,기타,,발표 시기 미상,,,번역서 1종 · 예: L' origine delle specie,포함
하이킹 걸즈,,기타,,발표 시기 미상,,,번역서 1종 · 예: Gió Ơi Cứ Thổi,포함
"더블 A, B",,기타,,발표 시기 미상,,,번역서 1종 · 예: Aspirina,포함
작은 동네,,기타,,발표 시기 미상,,,번역서 1종 · 예: 小さな町,포함
괄호가 많은 편지,,기타,,발표 시기 미상,,,번역서 1종 · 예: カッコの多い手紙,포함
한국인의 사랑: 한국현대시선집,,시,,발표 시기 미상,,,번역서 1종 · 예: אהבה קוריאנית,포함
8월의 저편,,기타,,발표 시기 미상,,,번역서 1종 · 예: The end of August,포함
저녁의 구애,,기타,,발표 시기 미상,,,번역서 1종 · 예: モンスーン,포함
귀천,,시,,발표 시기 미상,,,번역서 5종 · 예: Back to heaven : selected poems of Ch'On Sang Pyong,포함
조지훈 전집,,기타,,발표 시기 미상,,,번역서 1종 · 예: Shedding of the Petals,포함
소원,,기타,,발표 시기 미상,,,번역서 1종 · 예: 為愛重生：找尋希望的翅膀,포함
대화,,기타,,발표 시기 미상,,,번역서 1종 · 예: 対話 韓国民主化運動の歴史,포함
한국의 고전문학,,기타,,발표 시기 미상,,,번역서 1종 · 예: Văn học cổ điển Hàn Quốc,포함
이별 후의 이별,,기타,,발표 시기 미상,,,번역서 1종 · 예: Parting After Parting,포함
돌이 천둥이다,,기타,,발표 시기 미상,,,번역서 1종 · 예: Rock Is Thunder,포함
천하무적의 정의로운 무법자,,기타,,발표 시기 미상,,,번역서 1종 · 예: Invincible and Righteous Outlaw,포함
신이 쉼표를 넣은 곳에 마침표를 찍지 말라,,기타,,발표 시기 미상,,,번역서 1종 · 예: Geschichten sind das Kleid der Wahrheit,포함
책기둥,,시,,발표 시기 미상,,,번역서 1종 · 예: Pillar of Books : The Moon Country Korean Poetry Series,포함
面試完美父母 / 페인트,,기타,,발표 시기 미상,,,번역서 1종 · 예: PAINT,포함
수인 1-2,,기타,,발표 시기 미상,,,번역서 1종 · 예: 囚人 : [黄晳暎自伝]境界を越えて 1-2,포함
한국 문화재 용어 사전,,기타,,발표 시기 미상,,,번역서 1종 · 예: Dictionary of Korean Art and Archaeology,포함
완전판 토지 13권,,기타,,발표 시기 미상,,,번역서 1종 · 예: 完全版 土地. 13卷,포함
동아시아 문학지 42권 2007년 5월:,,기타,,발표 시기 미상,,,번역서 1종 · 예: Hefte für Ostasiatische Literatur 42,포함
비물질,,시,,발표 시기 미상,,,번역서 1종 · 예: Non-matter : A collection of new poems by Lee Hyun-ho,포함
서편제: 한국현대단편선,,기타,,발표 시기 미상,,,번역서 1종 · 예: LA CHANTEUSE DE P'ANSORI : PROSE CORÉENNE CONTEMPORAINE,포함
김내성탐정소설선,,소설,,발표 시기 미상,,,번역서 1종 · 예: 金来成探偵小説選 (論創ミステリ叢書),포함
마인,,기타,,발표 시기 미상,,,번역서 1종 · 예: 魔人 : 論創海外ミステリ 127,포함
한 말씀만 하소서,,기타,,발표 시기 미상,,,번역서 1종 · 예: 慟哭 : 神よ、答えたまえ,포함
조선후기 서울 상업 발달사 연구,,기타,,발표 시기 미상,,,번역서 1종 · 예: 朝鮮後期ソウル商業発達史研究,포함
한국 요괴 도감,,기타,,발표 시기 미상,,,번역서 2종 · 예: Большая книга корейских монстров : От девятихвостой лисицы Кумихо до феникса Понхван,포함
오리 이름 정하기,,기타,,발표 시기 미상,,,번역서 1종 · 예: アヒル命名会議,포함
오래된 도시의 골목길을 걷다,,기타,,발표 시기 미상,,,번역서 1종 · 예: 韓国 古い町の路地を歩く,포함
1 / 불의 지배자 두룬,,기타,,발표 시기 미상,,,번역서 1종 · 예: Tu-Run,포함
개 다섯 마리의 밤,,기타,,발표 시기 미상,,,번역서 1종 · 예: Ночь пяти псов,포함
마법소녀는 왜 세상을 구하지 못했을까?,,기타,,발표 시기 미상,,,번역서 1종 · 예: 魔法少女はなぜ世界を救えなかったのか？,포함
사이코지만 괜찮아 2,,기타,,발표 시기 미상,,,번역서 1종 · 예: サイコだけど大丈夫 . 下,포함
지상의 노래,,기타,,발표 시기 미상,,,번역서 2종 · 예: Pieśń ziemi,포함
동전 하나로도 행복했던 구멍가게의 날들,,기타,,발표 시기 미상,,,번역서 2종 · 예: クモンカゲ 韓国の小さなよろず屋,포함
경영은 사람이다,,기타,,발표 시기 미상,,,번역서 1종 · 예: 经营在人,포함
강냉이,,기타,,발표 시기 미상,,,번역서 1종 · 예: とうきび,포함
모순,,기타,,발표 시기 미상,,,번역서 4종 · 예: Protiklady,포함
가시고백,,기타,,발표 시기 미상,,,번역서 1종 · 예: Trộm – hay lời thú tội của một chiếc gai,포함
"꽃, 그 순간",,시,,발표 시기 미상,,,"번역서 1종 · 예: A Flower, at the Moment : A Selection of Sijo Poetry by Kim Min-jeong",포함
내 마음 다치지 않게,,기타,,발표 시기 미상,,,번역서 1종 · 예: わたしの心が傷つかないように : ひとりでいたいけど、ひとりになりたくない自分のために,포함
애쓰지 않고 편안하게,,기타,,발표 시기 미상,,,번역서 3종 · 예: 頑張りすぎずに、気楽に : お互いが幸せに生きるためのバランスを探して,포함
지극히 사적인 초능력,,기타,,발표 시기 미상,,,번역서 1종 · 예: 極めて私的な超能力,포함
세상에서 가장 약한 요괴,,기타,,발표 시기 미상,,,번역서 2종 · 예: Самое слабое в мире чудовище,포함
계속해보겠습니다,,장편소설,,발표 시기 미상,,,번역서 2종 · 예: Je vais ainsi : roman traduit par jeong eun jin et jacques batilliot,포함
미남당 사건수첩,,기타,,발표 시기 미상,,,번역서 2종 · 예: 美男堂事件手冊,포함
당신의 4분 33초,,기타,,발표 시기 미상,,,번역서 1종 · 예: 你的4分33秒,포함
여행의 이유,,기타,,발표 시기 미상,,,번역서 1종 · 예: 懂也沒用的神祕旅行,포함
위로의 그림책,,동화,,발표 시기 미상,,,번역서 1종 · 예: Happy First เริ่มต้นที่ความสุข,포함
파우스터,,기타,,발표 시기 미상,,,번역서 1종 · 예: Fauster,포함
진달래꽃,,시,,발표 시기 미상,,,번역서 8종 · 예: Fiori d'azalea,포함
산 자들,,기타,,발표 시기 미상,,,번역서 1종 · 예: 鳥は飛ぶのが楽しいか,포함
White Chrysanthemum,,기타,,발표 시기 미상,,,번역서 1종 · 예: Crisantemo Blanco,포함
여자 둘이 살고 있습니다,,기타,,발표 시기 미상,,,번역서 2종 · 예: 兩個女人住一起,포함
왕릉과 주둔군 : 한국전쟁과 한국 전후파 문학,,기타,,발표 시기 미상,,,번역서 1종 · 예: 王陵と駐屯軍 : 朝鮮戦争と韓国の戦後派文学,포함
L의 운동화,,동화,,발표 시기 미상,,,번역서 1종 · 예: Lの運動靴,포함
아무것도 아닌 지금은 없다,,기타,,발표 시기 미상,,,번역서 1종 · 예: เราจะเติบโตขึ้นทุกครั้งหลังฝนตก,포함
달의 위로,,기타,,발표 시기 미상,,,번역서 1종 · 예: แหงนมองพระจันทร์แล้วรู้สึกเหมือนกันหรือเปล่า,포함
날씨가 좋으면 찾아가겠어요,,기타,,발표 시기 미상,,,번역서 2종 · 예: เมื่อท้องฟ้าแจ่มใส ฉันจะออกไปพบเธอ,포함
어느 밤,,기타,,발표 시기 미상,,,번역서 1종 · 예: ある夜,포함
싸드 = Thaad,,기타,,발표 시기 미상,,,번역서 1종 · 예: 薩德,포함
이선동 클린센터,,기타,,발표 시기 미상,,,번역서 1종 · 예: 李善東生命清潔中心,포함
빽넘버,,기타,,발표 시기 미상,,,번역서 1종 · 예: 背後的數字,포함
문학 연구집,,기타,,발표 시기 미상,,,번역서 1종 · 예: Văn Học,포함
너의 목소리가 들려,,기타,,발표 시기 미상,,,번역서 3종 · 예: 我聽見你的聲音,포함
빨간 모자,,기타,,발표 시기 미상,,,번역서 1종 · 예: C'est pour mieux te manger,포함
행복배틀,,기타,,발표 시기 미상,,,번역서 2종 · 예: Plus heureuse que moi tu meurs,포함
한때 소중했던 것들,,기타,,발표 시기 미상,,,번역서 1종 · 예: สิ่งต่าง ๆ เคยสำคัญในช่วงเวลาหนึ่ง,포함
오후 네시의 생활력,,기타,,발표 시기 미상,,,번역서 1종 · 예: La capacité de survie,포함
문예 2021 秋,,기타,,발표 시기 미상,,,번역서 1종 · 예: 文藝 2021 秋,포함
동아시아 전설 속 여자 귀신의 사랑 이야기 (중국-한국-베트남-일본),,소설,,발표 시기 미상,,,번역서 1종 · 예: Chuyện Tình Ma Nữ Trong Truyền Kỳ Đông Á (Trung Quốc - Korea - Việt Nam - Nhật Bản),포함
클린 코드,,기타,,발표 시기 미상,,,번역서 1종 · 예: 自我魔術方塊,포함
스튜디오 보이스,,기타,,발표 시기 미상,,,번역서 1종 · 예: STUDIO VOICE,포함
굿바이 동물원,,기타,,발표 시기 미상,,,번역서 1종 · 예: 正常人的條件,포함
누구도 기억하지 않는 역에서,,기타,,발표 시기 미상,,,번역서 1종 · 예: 15° vent de nord-ouest,포함
當工作搖搖欲墜，我的人生，是否還有突圍的可能？/ 9번의 일,,기타,,발표 시기 미상,,,번역서 1종 · 예: 9號的工作,포함
내일 다시 쓰겠습니다,,기타,,발표 시기 미상,,,번역서 1종 · 예: I'll Write Again Tomorrow,포함
몸으로 부르는 연가,,기타,,발표 시기 미상,,,번역서 1종 · 예: Love Songs Sung with the Body,포함
나 하나 쯤이야,,기타,,발표 시기 미상,,,번역서 1종 · 예: 有规则才够好,포함
이산 정조대왕,,기타,,발표 시기 미상,,,번역서 2종 · 예: ลีซาน จอมบัลลังก์พลิกแผ่นดิน เล่ม 2,포함
거울,,기타,,발표 시기 미상,,,번역서 1종 · 예: 鏡子,포함
화염 속의 샘: 고은 시선,,기타,,발표 시기 미상,,,번역서 1종 · 예: Fuente en llamas,포함
해시의 신루 (1),,기타,,발표 시기 미상,,,번역서 1종 · 예: 亥時蜃樓 : 卷一 : 星光乍現,포함
사물의 뒷모습,,기타,,발표 시기 미상,,,번역서 1종 · 예: それぞれのうしろ姿,포함
웨하스,,기타,,발표 시기 미상,,,번역서 1종 · 예: Wafers,포함
"무진기행, 술꾼",,기타,,발표 시기 미상,,,번역서 1종 · 예: رحلة موجين وتليها السكير,포함
괜찮은 사람,,기타,,발표 시기 미상,,,번역서 1종 · 예: 大丈夫な人,포함
채만식 선집,,기타,,발표 시기 미상,,,번역서 1종 · 예: El idiota de mi tio,포함
오리온과 능금 : (한국문학의 원류 단편선 2 (1932-1938)),,기타,,발표 시기 미상,,,번역서 1종 · 예: オリオンと林檎 : (韓国文学の源流 短編選2),포함
후레자식 2,,기타,,발표 시기 미상,,,번역서 1종 · 예: KOPILE 2,포함
어금니 깨물기,,시,,발표 시기 미상,,,번역서 1종 · 예: 奥歯を噛みしめる : 詩がうまれるとき,포함
두 여자 이야기,,기타,,발표 시기 미상,,,번역서 2종 · 예: 大邱の夜、ソウルの夜,포함
B사감과 러브레터 (한국문학의 원류 단편선 1 (1918-1929)),,기타,,발표 시기 미상,,,번역서 1종 · 예: B舎監とラブレター : (韓国文学の源流 短編選1),포함
너에게만 좋은 사람이 되고 싶어,,기타,,발표 시기 미상,,,번역서 1종 · 예: อยากเป็นคนดีแค่สำหรับเธอ,포함
한 개의 별을 노래하자,,시,,발표 시기 미상,,,번역서 1종 · 예: ひとつの星を歌おう : 朝鮮詩人 独立と抵抗のうた,포함
이상 시선 / 오감도,,기타,,발표 시기 미상,,,번역서 1종 · 예: دنيا از چشم كلاغ پرنده : برگزیده آثار «ای‌سَنگ»، شاعر سنت شکن کره‌ای,포함
사물에게 배웁니다,,기타,,발표 시기 미상,,,번역서 1종 · 예: モノから学びます : 今日がもっと好きになる魔法,포함
장길산3,,기타,,발표 시기 미상,,,번역서 1종 · 예: 張吉山 3,포함
장길산2,,기타,,발표 시기 미상,,,번역서 1종 · 예: 張吉山 2,포함
장길산1,,기타,,발표 시기 미상,,,번역서 1종 · 예: 張吉山 1,포함
두브로브니크에서 만난 사람,,기타,,발표 시기 미상,,,번역서 1종 · 예: Susret u Dubrovniku,포함
언어의 온도,,기타,,발표 시기 미상,,,번역서 2종 · 예: 言葉の温度,포함
장길산4,,기타,,발표 시기 미상,,,번역서 1종 · 예: 張吉山 4,포함
용기 없는 일주일,,기타,,발표 시기 미상,,,번역서 1종 · 예: 沒有勇氣的一週,포함
무례한 사람에게 웃으며 대처하는 법,,기타,,발표 시기 미상,,,번역서 2종 · 예: Mỉm Cười Duyên Dáng Đáp Lại Người Vô Duyên,포함
독고솜에게 반하면,,기타,,발표 시기 미상,,,번역서 1종 · 예: หากคุณตกหลุมรักทกโกซม,포함
무너지지만 말아,,기타,,발표 시기 미상,,,번역서 1종 · 예: ก็แค่ปล่อยมันไป,포함
혼자가 혼자에게,,기타,,발표 시기 미상,,,번역서 1종 · 예: 愛上名為「自己」的風景,포함
장길산8,,기타,,발표 시기 미상,,,번역서 1종 · 예: 張吉山 8,포함
장길산6,,기타,,발표 시기 미상,,,번역서 1종 · 예: 張吉山 6,포함
장길산5,,기타,,발표 시기 미상,,,번역서 1종 · 예: 張吉山 5,포함
遺物整理師從逝者背影領悟到的生命意義 / 떠난 후에 남겨진 것들,,기타,,발표 시기 미상,,,번역서 1종 · 예: 離開後留下的東西,포함
홍천기,,기타,,발표 시기 미상,,,번역서 1종 · 예: 紅天機. 壹-肆,포함
김언호의 세계서점기행,,기타,,발표 시기 미상,,,번역서 1종 · 예: 世界書店紀行―本は友を呼び未来を拓く,포함
그 여름의 서울,,기타,,발표 시기 미상,,,번역서 1종 · 예: あの夏のソウル,포함
완전판 토지 5권,,기타,,발표 시기 미상,,,번역서 1종 · 예: 完全版 土地. 5卷,포함
"누구나 다 아는, 아무도 모르는",,기타,,발표 시기 미상,,,번역서 1종 · 예: みんな知ってる、みんな知らない,포함
"섬, 짓하다",,기타,,발표 시기 미상,,,번역서 1종 · 예: L'île des chamanes,포함
늦둥이 이른둥이,,기타,,발표 시기 미상,,,번역서 1종 · 예: 老来子和早来子图片下载,포함
청구영언,,기타,,발표 시기 미상,,,번역서 1종 · 예: Antología del canto coreano Sijo (Cheongguyeong-eon),포함
종이달,,기타,,발표 시기 미상,,,번역서 1종 · 예: LA LUNE EN PAPIER,포함
동아시아 시의 여성 (중국 - 일본 - 한국 - 베트남),,기타,,발표 시기 미상,,,번역서 1종 · 예: NHỮNG KỲ NỮ TRONG THƠ CA ĐÔNG Á (TRUNG QUỐC - NHẬT BẢN - KOREA - VIỆT NAM),포함
귀찮지만 행복해 볼까,,기타,,발표 시기 미상,,,"번역서 1종 · 예: 雖然血淚, 我還是喜歡翻譯",포함
돌아보니 삶은 아름다웠더라,,기타,,발표 시기 미상,,,번역서 1종 · 예: Nhìn Lại Cuộc Sống Đẹp Biết Bao,포함
검은 방,,기타,,발표 시기 미상,,,번역서 1종 · 예: The Black room,포함
한국전설,,소설,,발표 시기 미상,,,번역서 1종 · 예: Contes et légendes de Corée,중복 제외 (앞 순위 출처에 있음)
나만 아무 일도 일어나지 않는다,,기타,,발표 시기 미상,,,번역서 1종 · 예: あたしだけ何も起こらない,포함
저는 측면이 좀 더 낫습니다만,,기타,,발표 시기 미상,,,번역서 1종 · 예: 今日も言い訳しながら生きてます,포함
대한민국 페미니스트의 고백 : 1997~2017,,기타,,발표 시기 미상,,,번역서 1종 · 예: いいから、あなたの話をしなよ : 女として生きていくことの２６の物語,포함
온,,기타,,발표 시기 미상,,,번역서 1종 · 예: บางความรู้สึกอาจคงอยู่ตลอดไป หรือไม่ก็สูญหายในพริบตา,포함
홍길동,,기타,,발표 시기 미상,,,번역서 1종 · 예: Hong Gildong,포함
(돌로 지은 절) 석굴암,,기타,,발표 시기 미상,,,번역서 1종 · 예: DANS LE TEMPLE,포함
아기참새 찌꾸,,기타,,발표 시기 미상,,,"번역서 1종 · 예: CHICKOU, LE PIONNIER DE LA GRANDE PRAIRIE",포함
달은 어디에 떠 있나?,,기타,,발표 시기 미상,,,번역서 2종 · 예: OÙ EST LA LUNE?,포함
넉점 반,,기타,,발표 시기 미상,,,번역서 1종 · 예: QUATRE POINTS ET DEMI,포함
인간모독소,,기타,,발표 시기 미상,,,번역서 1종 · 예: LE CAMP DE L’HUMILIATION,포함
나 같은 사람 또 있을까,,기타,,발표 시기 미상,,,번역서 1종 · 예: Adakah Orang sepertiku?,포함
きらきら輝いていた僕たちの時間 / 모든 순간이 너였다,,기타,,발표 시기 미상,,,번역서 1종 · 예: すべての瞬間が君だった,포함
나에게 고맙다,,기타,,발표 시기 미상,,,번역서 1종 · 예: 自分にかけたい言葉 ~ありがとう~,포함
행운이 너에게 다가오는 중,,기타,,발표 시기 미상,,,번역서 1종 · 예: มีใครบางคนหวังให้เธอมีชีวิตที่ดี,포함
윤동주 시집: 하늘과 바람과 별과 시,,시,,발표 시기 미상,,,번역서 2종 · 예: 数星星的夜 : 尹东柱的诗,포함
아무것도 하지 않을 권리,,기타,,발표 시기 미상,,,번역서 1종 · 예: Quyền Tách Khỏi Đám Đông,포함
설이,,기타,,발표 시기 미상,,,번역서 1종 · 예: 小雪：被愛的條件,포함
백년여관,,기타,,발표 시기 미상,,,번역서 1종 · 예: 百年旅馆,포함
몽실언니,,기타,,발표 시기 미상,,,번역서 4종 · 예: MA SŒUR MONGSIL,포함
대니,,기타,,발표 시기 미상,,,번역서 2종 · 예: ダニー,포함
김학철 단편집,,단편소설,,발표 시기 미상,,,번역서 1종 · 예: 金学鉄文学選集-金学鉄短篇小說集,포함
휴거 1992,,기타,,발표 시기 미상,,,번역서 1종 · 예: 被提1992,포함
브루투스 No. 922「돈의 대답.」돈 제대로 사용할 수있어?,,기타,,발표 시기 미상,,,번역서 1종 · 예: BRUTUS(ブルータス) : [「お金の、答え。」お金、ちゃんと使えてる？],포함
가라타니 고진과 한국 문학,,기타,,발표 시기 미상,,,번역서 1종 · 예: 柄谷行人と韓國文學,포함
한국근대문학선집 1권,,기타,,발표 시기 미상,,,번역서 1종 · 예: Storie d’amore dalla Corea del primo Novecento,포함
차가운 사탕들,,기타,,발표 시기 미상,,,번역서 1종 · 예: Cold Candies,포함
한국소설전집,,소설,,발표 시기 미상,,,번역서 1종 · 예: გარუდა,포함
적당히 가까운 사이,,기타,,발표 시기 미상,,,번역서 1종 · 예: ほっといて欲しいけど、ひとりはいや。,포함
모멘트 아케이드,,기타,,발표 시기 미상,,,번역서 1종 · 예: モーメント・アーケード : 韓国文学ショートショート きむ ふなセレクション,포함
두번의 자화상,,기타,,발표 시기 미상,,,번역서 1종 · 예: 二度の自画像,포함
조선의 중인들,,기타,,발표 시기 미상,,,번역서 1종 · 예: 朝鲜时期的文艺复兴与中人,포함
"괜찮아, 안 죽어",,기타,,발표 시기 미상,,,번역서 1종 · 예: 僕だって、大丈夫じゃない,포함
여름 안에서,,기타,,발표 시기 미상,,,번역서 1종 · 예: In summer,포함
"조선 왕실 기록문화의 꽃, 의궤",,기타,,발표 시기 미상,,,"번역서 1종 · 예: 仪轨, 朝鲜王室记录文化之花",포함
끝까지 남겨두는 그 마음,,기타,,발표 시기 미상,,,번역서 1종 · 예: あの人ひとりが この世のすべてだった頃,포함
아프니까 청춘이다,,기타,,발표 시기 미상,,,번역서 1종 · 예: เพราะเป็นวัยรุ่นจึงเจ็บปวด,포함
라일락 붉게 피던 집,,기타,,발표 시기 미상,,,번역서 1종 · 예: ความลับในบ้านไลแลค,포함
내 친구 모모,,기타,,발표 시기 미상,,,번역서 1종 · 예: MON AMIE MOMO,포함
루루,,기타,,발표 시기 미상,,,번역서 1종 · 예: NHẬT KÝ NƯỚC MẮT,포함
기억 서점,,기타,,발표 시기 미상,,,번역서 1종 · 예: Memory Bookstore,포함
지금 죽으러 갑니다,,기타,,발표 시기 미상,,,번역서 2종 · 예: La secte des suicidés,포함
한국문학선집(2),,기타,,발표 시기 미상,,,번역서 1종 · 예: 誰能說自己看見天空：韓國小說大家經典代表作 (戰後篇),포함
꽃게 무덤 외 : 한국현대단편선,,기타,,발표 시기 미상,,,번역서 1종 · 예: ワタリガニの墓 : 韓国現代短編選,포함
불가능한 동화,,동화,,발표 시기 미상,,,번역서 3종 · 예: The Impossible Fairy Tale,포함
안 보이는 사랑의 나라,,기타,,발표 시기 미상,,,번역서 1종 · 예: Invisible Land of Love,포함
잉여인간,,기타,,발표 시기 미상,,,번역서 1종 · 예: رجال لا لزوم لهم,포함
TRAVEL NOTES / 끌림,,기타,,발표 시기 미상,,,번역서 1종 · 예: 吸引,포함
한국불교소설집,,단편소설,,발표 시기 미상,,,번역서 1종 · 예: Сон. : Буддийская проза Кореи,포함
외국문예 2021년 제4호(한국 당대 대상소설선),,소설,,발표 시기 미상,,,번역서 1종 · 예: 外国文艺 2021年第4期(韩国当代大奖小说选),포함
메뉴로 본 20세기 한국 음식문화사/ 식탁 위의 한국사,,기타,,발표 시기 미상,,,번역서 1종 · 예: 食卓の上の韓国史 : おいしいメニューでたどる20世紀食文化史,포함
청계산장의 재판,,기타,,발표 시기 미상,,,번역서 1종 · 예: Le procés des otages,포함
알퍼므쉬와 주몽신화의 영웅신화적 요소 비교 연구,,소설,,발표 시기 미상,,,번역서 2종 · 예: “Алпомиш” ва “Жумонг” достонларининг қиёсий-типологик таҳлили,포함
사임당의 붉은 비단보,,기타,,발표 시기 미상,,,번역서 2종 · 예: 师任堂的红色包袱,포함
나는 내 파이를 구할 뿐 인류를 구하러 온 게 아니라고,,기타,,발표 시기 미상,,,번역서 1종 · 예: 私は自分のパイを求めるだけであって人類を救いにきたわけじゃない,포함
꿈에서 맛본 똥파리,,기타,,발표 시기 미상,,,번역서 1종 · 예: 梦里尝到的苍蝇,포함
정지용 시선,,시,,발표 시기 미상,,,번역서 3종 · 예: むくいぬ,포함
불편하고 행복하게,,기타,,발표 시기 미상,,,번역서 1종 · 예: Uncomfortably happily,포함
세상에서 가장 가벼운 오토바이,,기타,,발표 시기 미상,,,번역서 1종 · 예: The World's Lightest Motorcycle,포함
고구려 회화 : 고대 한국 문화가 그림으로 되살아나다,,기타,,발표 시기 미상,,,번역서 1종 · 예: Fresques de Koguryŏ : splendeurs de l art funeraire coreen (ive - viie siecle),포함
신경숙 단편선집(풍금이 있던 자리),,기타,,발표 시기 미상,,,번역서 1종 · 예: オルガンのあった場所,포함
녹천에는 똥이 많다,,기타,,발표 시기 미상,,,번역서 2종 · 예: 鹿川有许多粪,포함
준이 오빠,,기타,,발표 시기 미상,,,번역서 2종 · 예: Jun,포함
박솔뫼 단편소설집 / 이미 죽은 열두 명의 여자들과,,단편소설,,발표 시기 미상,,,번역서 1종 · 예: もう死んでいる十二人の女たちと,포함
완전판 토지 7권,,기타,,발표 시기 미상,,,번역서 1종 · 예: 完全版 土地. 7卷,포함
달러구트 꿈 백화점 1,,기타,,발표 시기 미상,,,번역서 1종 · 예: Rüya Dükkânı 1,포함
"1945, 철원",,기타,,발표 시기 미상,,,"번역서 1종 · 예: 1945, 鉄原",포함
유리,,기타,,발표 시기 미상,,,번역서 1종 · 예: 流離,포함
쨍아,,기타,,발표 시기 미상,,,"번역서 1종 · 예: Dans le jardin, la libellule est morte",포함
나는 바람에게 묻고 싶다,,기타,,발표 시기 미상,,,번역서 1종 · 예: JEG VIL SPØRRE VINDEN,포함
ET AUTRES NOUVELLES / 순이삼촌,,기타,,발표 시기 미상,,,번역서 1종 · 예: Oncle Suni,포함
상하이 - 도쿄 - 하노이 - 서울 20세기 초 동아시아 문학,,기타,,발표 시기 미상,,,번역서 1종 · 예: Thượng Hải - Tokyo - Hà Nội - Seoul Trong Văn Chương Đông Á Đầu Thế Kỷ XX,포함
함께 보는 한국근현대사,,기타,,발표 시기 미상,,,번역서 1종 · 예: Koreyanın yeni və ən yeni tarixinə birgə nəzər,포함
호모도미난스,,기타,,발표 시기 미상,,,번역서 1종 · 예: Homodominans : hükmedenler,포함
가끔은 웅크리고 있어도 괜찮아,,기타,,발표 시기 미상,,,번역서 1종 · 예: You Can Wind Down from Time to Time,포함
해시의 신루 (3),,기타,,발표 시기 미상,,,번역서 1종 · 예: 亥時蜃樓 : 卷三 : 明月入懷,포함
미스 함무라비,,기타,,발표 시기 미상,,,번역서 1종 · 예: 漢摩拉比小姐,포함
바빠가족,,기타,,발표 시기 미상,,,번역서 1종 · 예: Məşğul ailə,포함
귀신나방,,기타,,발표 시기 미상,,,번역서 1종 · 예: ถึงเปลี่ยนร้อยหน้าก็จะตามฆ่าแกให้ได้,포함
그 남자의 피아노 그 여자의 소나타,,기타,,발표 시기 미상,,,번역서 1종 · 예: เปียโนของเขา ท่วงทำนองของเธอ,포함
해오름 골짜기 친구들,,기타,,발표 시기 미상,,,번역서 1종 · 예: Nhung Nguoi Ban O Thung Lung Mat Troi Moc,포함
카르마의 바다,,기타,,발표 시기 미상,,,번역서 1종 · 예: Mar de Karma,포함
한국문학 단편 선집,,단편소설,,발표 시기 미상,,,"번역서 1종 · 예: SEOUL, VITE, VITE! anthologie de nouvelles coréennes contemporaines",포함
나쁜 어린이표,,기타,,발표 시기 미상,,,번역서 3종 · 예: Phiếu bé hư,포함
조선 유학의 거장들,,기타,,발표 시기 미상,,,번역서 1종 · 예: 朝鮮儒学の巨匠たち,포함
낯선 시간 속으로,,장편소설,,발표 시기 미상,,,번역서 4종 · 예: Saisons d’exil,포함
불망비,,기타,,발표 시기 미상,,,번역서 1종 · 예: (La)pierre tombale,포함
바람의 넋,,기타,,발표 시기 미상,,,번역서 1종 · 예: (L')Âme du vent,포함
손톱 깨물기,,기타,,발표 시기 미상,,,번역서 1종 · 예: 不再咬指甲,포함
지하철을 타고,,기타,,발표 시기 미상,,,번역서 1종 · 예: 搭地鐵去外婆家,포함
두발 자전거 배우기,,기타,,발표 시기 미상,,,번역서 1종 · 예: 我的第一輛腳踏車,포함
집안 치우기,,기타,,발표 시기 미상,,,번역서 1종 · 예: 我會整理,포함
roman / 외딴 방,,기타,,발표 시기 미상,,,번역서 1종 · 예: (La)chambre solitare,포함
한국인= roman / 한국인,,기타,,발표 시기 미상,,,번역서 1종 · 예: (Les)coréens,포함
세계 속의 한글,,기타,,발표 시기 미상,,,번역서 1종 · 예: 世界の中のハングル,포함
우리 역사 독도,,기타,,발표 시기 미상,,,번역서 1종 · 예: の日韓史,포함
정조의 화성행차,,기타,,발표 시기 미상,,,번역서 1종 · 예: Mit einem Bild auf Reisen gehen Der achttägige Umzug nach Hwasong unter König Chongjo,포함
고전산문선집,,기타,,발표 시기 미상,,,번역서 1종 · 예: Premodern Korean Literary Prose,포함
끄라비,,기타,,발표 시기 미상,,,번역서 1종 · 예: Krabi,포함
VERSOS DEL RÍO DE VIENTO : AntologÍa Poética,,기타,,발표 시기 미상,,,번역서 1종 · 예: VERSOS DEL RÍO DE VIENTO : AntologÍa Poética,중복 제외 (앞 순위 출처에 있음)
날개,,기타,,발표 시기 미상,,,번역서 4종 · 예: Vinger,포함
문예 2020 秋,,기타,,발표 시기 미상,,,번역서 1종 · 예: 文藝 2020 秋,포함
군함도,,기타,,발표 시기 미상,,,번역서 1종 · 예: 軍艦島,포함
라 트라비아타의 초상,,기타,,발표 시기 미상,,,번역서 1종 · 예: Le Portrait de La Traviata,포함
済州島のシャーマン神話 / 자청비 전설,,소설,,발표 시기 미상,,,번역서 1종 · 예: チャチュンビ伝説,포함
제주의 신비,,기타,,발표 시기 미상,,,번역서 1종 · 예: Le mystère de Jeju,포함
문예 2016 秋,,기타,,발표 시기 미상,,,번역서 1종 · 예: 文藝 2016 秋,포함
셋.알.파수꾼.,,기타,,발표 시기 미상,,,"번역서 1종 · 예: Trois, L'œuf et, le guetteur",포함
신화 1900,,소설,,발표 시기 미상,,,번역서 1종 · 예: Mythe 1900,포함
초분,,기타,,발표 시기 미상,,,번역서 1종 · 예: Tertre : ㅣ'île des morts,포함
suivi de Psychodrames / 맹진사댁 경사,,기타,,발표 시기 미상,,,번역서 1종 · 예: Monsieur Maeng marie sa fille,포함
하늘만큼 먼 나라: 노경식 희곡집,,희곡,,발표 시기 미상,,,번역서 1종 · 예: (Un)pays aussi lointain que le ciel ; (Le)train pour Séoul ; (Le)souffle des siècles,포함
사랑의 뿌리,,기타,,발표 시기 미상,,,번역서 1종 · 예: (Les)racines d'amour,포함
오감도: 이상 시선집,,시,,발표 시기 미상,,,번역서 1종 · 예: Perspective à vol de corneille : poésies complètes,포함
유리창에 이마를 대고,,기타,,발표 시기 미상,,,번역서 1종 · 예: (Le)front contre la fenêtre,포함
소육의 문화사,,기타,,발표 시기 미상,,,번역서 1종 · 예: 焼肉の文化史,포함
현의 노래,,기타,,발표 시기 미상,,,번역서 1종 · 예: Le chant des cordes,포함
쵸가 말한다,,기타,,발표 시기 미상,,,번역서 1종 · 예: 小狐狸說話了,포함
달걀 속의 생,,기타,,발표 시기 미상,,,번역서 2종 · 예: الحياة داخل بيضة,포함
다산성,,기타,,발표 시기 미상,,,번역서 1종 · 예: LA SURPRODUCTIVITÉ,포함
60년대식,,기타,,발표 시기 미상,,,번역서 1종 · 예: A LA FAÇON DES ANNÉES SOIXANTE,포함
"박씨전, 숙향전",,기타,,발표 시기 미상,,,번역서 1종 · 예: Histoire de dame Pak ; Histoire de Suk-Hyang,포함
건축가 알빈 신부,,기타,,발표 시기 미상,,,번역서 1종 · 예: Kirchenarchitekt Alwin Schmid,포함
완전판 토지 2권,,기타,,발표 시기 미상,,,번역서 1종 · 예: 完全版 土地. 2卷,포함
완전판 토지 1권,,기타,,발표 시기 미상,,,번역서 1종 · 예: 完全版 土地. 1卷,포함
d'hier et d'aujourd'hui / 한국연극특집호-한국연극의 어제와 오늘-,,희곡,,발표 시기 미상,,,번역서 1종 · 예: Théâtre coréen,포함
à la courbe des eaux / 물도리동,,기타,,발표 시기 미상,,,번역서 1종 · 예: Muldoridong,포함
봄이 오면 산에 들에,,기타,,발표 시기 미상,,,번역서 1종 · 예: Quand le printemps arrive a la montagne et aux champs,포함
"둥둥낙랑둥, 어디서 무엇이 되어 만나랴",,기타,,발표 시기 미상,,,번역서 1종 · 예: Théâtre de Ch'oe Inhun,포함
불가불가,,기타,,발표 시기 미상,,,"번역서 1종 · 예: Un possible, impossible",포함
오구; 불의 가면; 바보각시,,기타,,발표 시기 미상,,,번역서 1종 · 예: Ogu ;Masque de feu ; Pabogaksi,포함
문제적 인간 연산,,기타,,발표 시기 미상,,,번역서 1종 · 예: Yônsan,포함
동지 섣달 꽃 본 듯이: 이강백 희곡선 2,,희곡,,발표 시기 미상,,,번역서 1종 · 예: Comme si on voyait des fleurs au cœur de l`hiver,포함
Chaos et ordre dans un musée ; Bijou et femme,,기타,,발표 시기 미상,,,번역서 1종 · 예: Chaos et ordre dans un musée ; Bijou et femme,포함
Roman / 검은 꽃,,기타,,발표 시기 미상,,,번역서 1종 · 예: Fleur Noire,포함
분열식,,기타,,발표 시기 미상,,,번역서 1종 · 예: Défilé,포함
달궁,,기타,,발표 시기 미상,,,번역서 1종 · 예: Talgung,포함
récit / 엄마의 말뚝,,기타,,발표 시기 미상,,,번역서 1종 · 예: (Le)piquet de ma mère,포함
토지,,기타,,발표 시기 미상,,,번역서 2종 · 예: (La)terre,포함
roman / 시장과 전장,,기타,,발표 시기 미상,,,번역서 1종 · 예: (Le)marché et le champ de bataille,포함
roman / 김약국의 딸들,,기타,,발표 시기 미상,,,번역서 1종 · 예: (Les)filles du pharmacien Kim,포함
roman / 칼의 노래,,기타,,발표 시기 미상,,,번역서 1종 · 예: (Le)chant du sabre,포함
roman / 고기잡이는 갈대를 꺾지 않는다,,기타,,발표 시기 미상,,,번역서 1종 · 예: (Le)pêcheur ne cueille pas de roseaux,포함
nouvelles / 소낙비,,기타,,발표 시기 미상,,,번역서 1종 · 예: (Une)averse,포함
roman / 바람과 강,,기타,,발표 시기 미상,,,번역서 1종 · 예: (Le)Voyage de Monsieur Lee,포함
퀴르발 남작의 성,,기타,,발표 시기 미상,,,번역서 1종 · 예: El castillo del barón Quirval y otros relatos,포함
재미나는 인생,,기타,,발표 시기 미상,,,번역서 1종 · 예: The Amusing Life,포함
늑대,,기타,,발표 시기 미상,,,번역서 1종 · 예: Wolves,포함
한국 여성 시 선집[Hangung yeoseong si seonjip ],,시,,발표 시기 미상,,,"번역서 1종 · 예: Poems of KIMYIDEUM, KIM HAENGSOOK & KIM MIN JEONG",포함
불가능한 동화 [Bulganeunghan donghwa],,동화,,발표 시기 미상,,,번역서 2종 · 예: The Impossible Fairy Tale,포함
récits. 순례자의 노래,,기타,,발표 시기 미상,,,번역서 1종 · 예: (Le)chant du pèlerin,포함
roman / 새,,기타,,발표 시기 미상,,,번역서 1종 · 예: (L')oiseau,포함
사슴벌레 여자,,기타,,발표 시기 미상,,,번역서 1종 · 예: Voleur d'œufs,포함
표백,,기타,,발표 시기 미상,,,번역서 1종 · 예: Génération B,포함
오감도,,시,,발표 시기 미상,,,번역서 3종 · 예: Plan à vol de corbeau,포함
찬밥을 먹던 사람,,기타,,발표 시기 미상,,,번역서 1종 · 예: Celle qui mangeait le riz froid,포함
Rebirth 8. 8,,기타,,발표 시기 미상,,,번역서 1종 · 예: Rebirth 8. 8,포함
Rebirth 7. 7,,기타,,발표 시기 미상,,,번역서 1종 · 예: Rebirth 7. 7,포함
Rebirth 6. 6,,기타,,발표 시기 미상,,,번역서 1종 · 예: Rebirth 6. 6,포함
Rebirth 5. 5,,기타,,발표 시기 미상,,,번역서 1종 · 예: Rebirth 5. 5,포함
Rebirth 4. 4,,기타,,발표 시기 미상,,,번역서 1종 · 예: Rebirth 4. 4,포함
황진이,,기타,,발표 시기 미상,,,번역서 2종 · 예: 黄真伊,포함
황석영 소설선,,소설,,발표 시기 미상,,,번역서 1종 · 예: 黃晳暎: 當代世界小說家讀本 32,포함
홍성원 단편소설선,,단편소설,,발표 시기 미상,,,번역서 1종 · 예: 恭敬的暴力: 洪盛源短篇小说选,포함
호텔리어,,기타,,발표 시기 미상,,,번역서 1종 · 예: 情定大饭店,포함
Rebirth 3. 3,,기타,,발표 시기 미상,,,번역서 1종 · 예: Rebirth 3. 3,포함
Rebirth 2. 2,,기타,,발표 시기 미상,,,번역서 1종 · 예: Rebirth 2. 2,포함
ひとかげ,,기타,,발표 시기 미상,,,번역서 1종 · 예: ฮิโตะคะเกะ หญิงสาวผูวาดกลัวความสุข,포함
직녀에게 1980년 5월 광주,,시,,발표 시기 미상,,,번역서 1종 · 예: 織女へ・一九八〇年五月光州ほか―文炳蘭詩集,포함
조선과 일본에 살다,,기타,,발표 시기 미상,,,번역서 1종 · 예: 朝鮮と日本に生きる,포함
長長秋夜 = 長長秋夜,,기타,,발표 시기 미상,,,번역서 1종 · 예: 장장추야,포함
박정대시집 : 체게바라만세,,시,,발표 시기 미상,,,번역서 1종 · 예: 朴正大詩集 : チェ・ゲバラ万歳,포함
한국현대단편선,,단편소설,,발표 시기 미상,,,번역서 4종 · 예: Modern Korean Short Stories,포함
취우,,기타,,발표 시기 미상,,,번역서 1종 · 예: 驟雨,포함
韓日戦争勃発!? : 韓国けったい本の世界,,기타,,발표 시기 미상,,,번역서 1종 · 예: 韓日戦争勃発!? : 韓国けったい本の世界,포함
내가 사랑하는 사람,,기타,,발표 시기 미상,,,번역서 1종 · 예: Тийм л хүнд би хайртай,포함
을화,,장편소설,,발표 시기 미상,,,"번역서 6종 · 예: ULHVA, ŠAMANKA",포함
독도연구,,기타,,발표 시기 미상,,,번역서 1종 · 예: 独島/竹島韓国の論理,포함
antologie básní korejských zenový mistrů / 한국선시선,,기타,,발표 시기 미상,,,번역서 1종 · 예: Prázdné hory jsou plné větru a deště,포함
공산명월: 14-19세기 한국시선,,기타,,발표 시기 미상,,,번역서 1종 · 예: Jasná luna v prázdných horách : Korejské básnictví 14.-19. Století,포함
한국현대단편소설선 2,,단편소설,,발표 시기 미상,,,번역서 1종 · 예: Ukradené jméno : moderní korejské povídky,포함
한국현대시선집,,시,,발표 시기 미상,,,번역서 2종 · 예: Stanu-Li se kamenem : výbor z korejské poezie 20. století,포함
우리의 옛 노래,,기타,,발표 시기 미상,,,번역서 1종 · 예: CANTOS CLÁSICOS DE COREA,포함
暮らしから歴史まで厳選500キーワード. / 한국을 아는 사전,,기타,,발표 시기 미상,,,번역서 1종 · 예: 早わかり韓国を知る事典,포함
한국현대단편소설선 1,,단편소설,,발표 시기 미상,,,번역서 1종 · 예: Tváře a osudy : moderní korejské povídky,포함
희미한 옛사랑의 그림자,,기타,,발표 시기 미상,,,번역서 3종 · 예: 模糊的旧爱之影,포함
Ragnarök 4. 4,,기타,,발표 시기 미상,,,번역서 1종 · 예: Ragnarök 4. 4,포함
Ragnarök 1. 1,,기타,,발표 시기 미상,,,번역서 1종 · 예: Ragnarök 1. 1,포함
한국전쟁,,기타,,발표 시기 미상,,,번역서 1종 · 예: 朝鮮戦争 : 原因・過程・休戦・影響,중복 제외 (앞 순위 출처에 있음)
문예 2019 秋,,기타,,발표 시기 미상,,,번역서 1종 · 예: 文藝 2019 秋,포함
칼과 혀,,기타,,발표 시기 미상,,,번역서 1종 · 예: LA LANGUE ET LE COUTEAU,포함
영원한 제국,,기타,,발표 시기 미상,,,번역서 2종 · 예: Imperiul fără de sfârșit,포함
새벽의 나나,,기타,,발표 시기 미상,,,번역서 2종 · 예: Nana im Morgengrauen,포함
은세계 외,,단편소설,,발표 시기 미상,,,번역서 1종 · 예: Silvery World and Other Stories,포함
3 / 비스킷 3,,기타,,발표 시기 미상,,,번역서 1종 · 예: Biscuit 3,포함
2 / 비스킷 2,,기타,,발표 시기 미상,,,번역서 1종 · 예: Biscuit 2,포함
한국현대문학작품선,,기타,,발표 시기 미상,,,번역서 1종 · 예: 韩国现代文学作品选,포함
1 / 비스킷 1,,기타,,발표 시기 미상,,,번역서 1종 · 예: Biscuit 1,포함
Redrum 327 1. 1,,기타,,발표 시기 미상,,,번역서 1종 · 예: Redrum 327 1. 1,포함
1 / 유리 달 아래서 1,,기타,,발표 시기 미상,,,번역서 1종 · 예: Under the Glassmoon,포함
상처,,기타,,발표 시기 미상,,,번역서 1종 · 예: Scar,포함
철학자와 하녀 – 하루하루를 살아가는 마이너리티의 철학[cheolhakjawa hanyeo - haruharureul saraganeun maineoritiui cheolhak ],,기타,,발표 시기 미상,,,번역서 1종 · 예: 哲学者と下女―日々を生きていくマイノリティの哲学,포함
"멈추면, 비로소 보이는 것들 [ Meomchumyeon, biroso boineun geotdeul ]",,기타,,발표 시기 미상,,,번역서 1종 · 예: The Things You Can See Only When You Slow Down: How to be Calm in a Busy World,포함
김달진 시선 [Gimdaljin siseon],,기타,,발표 시기 미상,,,번역서 1종 · 예: КИМ ДАЛЖИН НАЙРАГЧИЙН ШИЛМЭЛ ТҮҮВЭР,포함
서울의 낮은 언덕들 [Seourui najeun eondeokdeul],,기타,,발표 시기 미상,,,번역서 1종 · 예: Recitation,포함
악기들의 도서관 [Akgideurui doseogwan ],,기타,,발표 시기 미상,,,번역서 1종 · 예: БИБЛИОТЕКА МУЗЫКАЛЬНЫХ ИНСТРУМЕНТОВ,포함
Kŭmo sinhwa by Kim Sisŭp / 금오신화,,소설,,발표 시기 미상,,,번역서 1종 · 예: Tales of the strange by a Korean Confucian monk,포함
재일조선인 문학사를 위하여,,기타,,발표 시기 미상,,,번역서 1종 · 예: 「在日朝鮮人文学史」のために,포함
백자/분청사기,,기타,,발표 시기 미상,,,번역서 1종 · 예: Handbuch der koreanischen kunst : weißes porzellan und punchong-keramik,포함
"건축, 사유의 기호: 승효상이 만난 20세기 불멸의 건축들",,기타,,발표 시기 미상,,,번역서 1종 · 예: Bauen als Zeichen des Denkens : Seung Hyo-Sang über Klassiker der Architektur des zwanzigsten Jahrhunderts,포함
토기/청자,,기타,,발표 시기 미상,,,번역서 1종 · 예: Handbuch der koreanischen kunst : steinzeug und seladon,포함
꿈꾸는 자의 나성,,기타,,발표 시기 미상,,,번역서 1종 · 예: Los Angeles d'un rêveur,포함
4 / 비스킷 4,,기타,,발표 시기 미상,,,번역서 1종 · 예: Biscuit 4,포함
1 / 여왕의 기사 1,,기타,,발표 시기 미상,,,번역서 1종 · 예: Ritter der Königin 1,포함
아주 특별한 음악 이야기,,기타,,발표 시기 미상,,,번역서 1종 · 예: Por dentro da música,포함
할아버지와 나의 건축여행,,기타,,발표 시기 미상,,,번역서 1종 · 예: Minha viagem arquitetônica com o vovô,포함
"料理公主. 2, 野餐料理篇",,기타,,발표 시기 미상,,,"번역서 1종 · 예: 料理公主. 2, 野餐料理篇",포함
"料理公主. 1, 派對料理篇",,기타,,발표 시기 미상,,,"번역서 1종 · 예: 料理公主. 1, 派對料理篇",포함
"과자, 내 아이를 해치는 달콤한 유혹",,기타,,발표 시기 미상,,,번역서 1종 · 예: 可怕的零食,포함
천둥소리,,기타,,발표 시기 미상,,,번역서 5종 · 예: Раскаты грома,포함
고기잡이는 갈대를 꺾지 않는다,,기타,,발표 시기 미상,,,번역서 2종 · 예: Рыбак не ломает камышей,포함
인연,,기타,,발표 시기 미상,,,번역서 1종 · 예: Kaрma : Избранные эссе,포함
Island 1. 1,,기타,,발표 시기 미상,,,번역서 1종 · 예: Island 1. 1,포함
I wish 1. 1,,기타,,발표 시기 미상,,,번역서 1종 · 예: I wish 1. 1,포함
2 / 타로카페 2,,기타,,발표 시기 미상,,,번역서 1종 · 예: Das Tarot Café,포함
아우와의 만남 [Auwaui mannam],,기타,,발표 시기 미상,,,번역서 1종 · 예: Meeting with My Brother,포함
구경꾼들 [Gugyeongkkundeul],,기타,,발표 시기 미상,,,번역서 1종 · 예: Espectadores,포함
코뮨주의: 공동성과 평등성의 존재론 [komyunjuui: gongdongseonggwa pyeongdeungseongui jonjaeron],,기타,,발표 시기 미상,,,번역서 1종 · 예: 無謀なるものたちの共同体―コミューン主義の方へ,포함
人生如棋 / 이창호의 부득탐승,,기타,,발표 시기 미상,,,번역서 1종 · 예: 不得贪胜,포함
1 / 타로카페 1,,기타,,발표 시기 미상,,,번역서 1종 · 예: Das Tarot Café,포함
1 / 러브 바이러스 1,,기타,,발표 시기 미상,,,번역서 1종 · 예: Love Virus 1,포함
엘리베이터,,기타,,발표 시기 미상,,,번역서 1종 · 예: 電梯,포함
한국 분단소설선,,소설,,발표 시기 미상,,,번역서 1종 · 예: 黑暗之魂: 韩国分断小说选,포함
진달래꽃 -김소월시선집,,시,,발표 시기 미상,,,번역서 1종 · 예: Ким Соволь : Лирика,포함
한국현대단편소설집 [Hangukyeondaedanpyeonsoseoljip],,단편소설,,발표 시기 미상,,,번역서 1종 · 예: корейски разкази,포함
완전판 토지 3권,,기타,,발표 시기 미상,,,번역서 1종 · 예: 完全版 土地. 3卷,포함
아오이가든 [aoigadeun],,기타,,발표 시기 미상,,,번역서 1종 · 예: アオイガーデン,포함
徳恵翁主,,기타,,발표 시기 미상,,,번역서 1종 · 예: 徳恵翁主,포함
آدابکرهای چd ای,,기타,,발표 시기 미상,,,번역서 1종 · 예: آدابکرهای چd ای,포함
북극곰 코다. 첫번째 이야기. 까만 코,,기타,,발표 시기 미상,,,번역서 1종 · 예: Gấu Koda - CÁI MŨI ĐEN,포함
"시크릿 가든 1, 2",,기타,,발표 시기 미상,,,번역서 1종 · 예: Khu Vườn Bí Mật,포함
책 읽는 강아지 몽몽,,기타,,발표 시기 미상,,,번역서 1종 · 예: Mong Mong - Chú cún ham đọc sách,포함
회색 눈사람,,장편소설,,발표 시기 미상,,,번역서 1종 · 예: Avec cette neige grise et sale: roman,포함
한국현대수필선집,,수필,,발표 시기 미상,,,번역서 1종 · 예: 韓国現代随筆選集,포함
자유의 눈물,,기타,,발표 시기 미상,,,번역서 1종 · 예: 自由の淚,포함
난중일기 3,,기타,,발표 시기 미상,,,번역서 1종 · 예: 乱中日記 3 : 壬辰倭乱の記錄,포함
난중일기 2,,기타,,발표 시기 미상,,,번역서 1종 · 예: 乱中日記 2 : 壬辰倭乱の記錄,포함
난중일기 1,,기타,,발표 시기 미상,,,번역서 1종 · 예: 乱中日記 1 : 壬辰倭乱の記錄,포함
한국문제소설전,,소설,,발표 시기 미상,,,번역서 1종 · 예: 南朝鲜问题小说选,포함
한국문학론망,,평론,,발표 시기 미상,,,번역서 1종 · 예: 韩国文学论纲,포함
한국여작가작품선,,기타,,발표 시기 미상,,,번역서 1종 · 예: 韩国女作家作品选,포함
나의 달콤한 도시,,기타,,발표 시기 미상,,,번역서 1종 · 예: マイスウィートソウル : my sweet Seoul,포함
사랑할 시간이 많지 않다,,기타,,발표 시기 미상,,,번역서 1종 · 예: Хён-Жонг Чонг: Так мало времени для любви,포함
아름다운 영가,,기타,,발표 시기 미상,,,번역서 6종 · 예: (Le) chant mélodieux des âmes,포함
한국옛날이야기 상,,기타,,발표 시기 미상,,,번역서 1종 · 예: 韓國昔ばなし 上,포함
사랑의 한국 동화집: 한국아동문학선 5,,동화,,발표 시기 미상,,,번역서 1종 · 예: 愛の韓国童話集,포함
슬픈 나막신,,기타,,발표 시기 미상,,,번역서 1종 · 예: 悲しい下駄,포함
지성에서 영성으로,,기타,,발표 시기 미상,,,번역서 1종 · 예: 從不相信到相信,포함
운명을 바꾸는 10년 통장: 10년 벌어 50년 산다!,,기타,,발표 시기 미상,,,번역서 1종 · 예: 30年后你拿什么養活自己 3,포함
皇太子妃: 劫持事件,,기타,,발표 시기 미상,,,번역서 1종 · 예: 皇太子妃: 劫持事件,중복 제외 (앞 순위 출처에 있음)
황태자비 납치사건,,기타,,발표 시기 미상,,,번역서 1종 · 예: 皇太子妃: 劫持事件,포함
한중록 [Hanjungnok],,기타,,발표 시기 미상,,,번역서 1종 · 예: The Memoirs of Lady Hyegyŏng: The Autobiographical Writings of a Crown Princess of Eighteenth-Century Korea,포함
달콤한 나의 도시 [Dalkomhan naui dosi],,기타,,발표 시기 미상,,,번역서 1종 · 예: Милый мой город,포함
인연: 명작 문학으로 배우는 한국어 시리즈,,기타,,발표 시기 미상,,,번역서 1종 · 예: (対訳) ピ チョンドゥク 隨筆集,포함
"작고, 낮고, 천천히",,기타,,발표 시기 미상,,,번역서 1종 · 예: 小さく、低く、ゆっくりと,포함
한국소설명저감상,,소설,,발표 시기 미상,,,번역서 1종 · 예: 韩国小说名著鉴赏,포함
북극곰 코다. 두 번째 이야기. 호,,기타,,발표 시기 미상,,,번역서 1종 · 예: Gấu Koda - Làn hơi ấm,포함
스타일,,기타,,발표 시기 미상,,,번역서 3종 · 예: Style Kinh tụng thời trang,포함
청소년을 위한 동양철학사,,기타,,발표 시기 미상,,,번역서 1종 · 예: Lịch sử triết học phương Đông viết cho thanh thiếu niên,포함
윤흥길 단편선,,기타,,발표 시기 미상,,,번역서 1종 · 예: Regnperioden,포함
나그네,,기타,,발표 시기 미상,,,번역서 2종 · 예: Le passant,포함
꽃을 위한 서시,,기타,,발표 시기 미상,,,번역서 1종 · 예: Prélude au poème pour une fleur,포함
Poèmes bilingues Coréen-français / 어머니,,기타,,발표 시기 미상,,,번역서 1종 · 예: Mère,포함
사랑굿 100선,,기타,,발표 시기 미상,,,번역서 1종 · 예: Cent pétales d'amour,포함
김수영 시선,,시,,발표 시기 미상,,,번역서 2종 · 예: CENT POÈMES,포함
나쁜엄마,,기타,,발표 시기 미상,,,번역서 1종 · 예: MẸ XẤU,포함
세상에서 가장 아름다운 이별,,기타,,발표 시기 미상,,,번역서 1종 · 예: この世でいちばん美しい別れ,포함
(온쪽이 하예린의) 내가 만난 파리,,기타,,발표 시기 미상,,,번역서 1종 · 예: (一个小学五年級女生的奇妙之旅) 带着老爸去巴黎,포함
HỢP TUYỂN VĂN HỌC CỔ ĐIỂN HÀN QUỐC. 2.,,기타,,발표 시기 미상,,,번역서 1종 · 예: HỢP TUYỂN VĂN HỌC CỔ ĐIỂN HÀN QUỐC. 2.,포함
HỢP TUYỂN VĂN HỌC CỔ ĐIỂN HÀN QUỐC. 1.,,기타,,발표 시기 미상,,,번역서 1종 · 예: HỢP TUYỂN VĂN HỌC CỔ ĐIỂN HÀN QUỐC. 1.,포함
순례자의 책,,기타,,발표 시기 미상,,,번역서 1종 · 예: 活著的圖書館,포함
김명인 시선,,기타,,발표 시기 미상,,,번역서 1종 · 예: L'Accordéon de la mer et autres poémes,포함
구상시선집,,시,,발표 시기 미상,,,번역서 1종 · 예: AUJOURD'HUI L'ÉTERNITÉ,포함
한국의 천주교.,,기타,,발표 시기 미상,,,번역서 1종 · 예: 近代朝鮮における天主教弾圧と抵抗 : Oppression and resistance Christianity in modern Korea.,포함
시간가게,,기타,,발표 시기 미상,,,번역서 1종 · 예: Cửa tiệm thời gian,포함
고래바위,,기타,,발표 시기 미상,,,번역서 1종 · 예: CÁ VOI ĐỈNH NÚI,포함
한밤중에 잠깨어,,시,,발표 시기 미상,,,번역서 1종 · 예: Réveillé au milieu de la nuit : Poèmes d’exil,포함
또 누구게?,,기타,,발표 시기 미상,,,번역서 1종 · 예: 又是誰呀？,포함
아일랜드 2.,,기타,,발표 시기 미상,,,번역서 1종 · 예: アイランド 2,포함
한국이라는 거울 : 통일에 관한 현실적 맥락,,기타,,발표 시기 미상,,,번역서 1종 · 예: Korea-Kaleidoskop : Aktuelle Kontexte zur Wiedervereinigung,포함
통속해학소설집,,단편소설,,발표 시기 미상,,,번역서 1종 · 예: 通俗諧謔小說集,포함
토지: 1부 1권,,기타,,발표 시기 미상,,,번역서 1종 · 예: 土地: 第1部 第1卷,포함
퀴즈쇼,,기타,,발표 시기 미상,,,번역서 4종 · 예: 猜谜秀,포함
한국미의 조명,,기타,,발표 시기 미상,,,번역서 1종 · 예: Koreanische Ästhetik,포함
초이김양식시선,,시,,발표 시기 미상,,,번역서 1종 · 예: 初荑金良植詩選,포함
고구려 별자리와 신화,,소설,,발표 시기 미상,,,번역서 1종 · 예: Retracing the Ancient Korean Sky and Its Myths,포함
(약이 되고 궁합 맞는) 음식 동의보감,,기타,,발표 시기 미상,,,번역서 1종 · 예: 名醫的飲食對症療法 : 這樣做，讓疾病消失,포함
중학생이 되기 전에 꼭 읽어야 할 만화 수학 교과서,,기타,,발표 시기 미상,,,번역서 1종 · 예: 上初中前必读的读数学漫画,포함
거울 속의 천사,,시,,발표 시기 미상,,,번역서 1종 · 예: 鏡の中の天使 -金春洙詩集,포함
Sugungga : le dit du palais sous les mers : P'ansori version de Pak Ch'o-wŏl,,기타,,발표 시기 미상,,,번역서 1종 · 예: Sugungga : le dit du palais sous les mers : P'ansori version de Pak Ch'o-wŏl,포함
양승목 시선집,,시,,발표 시기 미상,,,번역서 1종 · 예: Selected Poems,포함
roman / 혀,,기타,,발표 시기 미상,,,번역서 1종 · 예: Mise en bouche,포함
단편모음집 - 외-,,단편소설,,발표 시기 미상,,,번역서 1종 · 예: Impressions papier hanji : Dix nouvelles franco-coréennes,포함
그림이 그녀에게,,기타,,발표 시기 미상,,,번역서 1종 · 예: 在梵高的星空下岁月流转,포함
"在世界名画中 / 그림에, 마음을 놓다",,기타,,발표 시기 미상,,,번역서 1종 · 예: 蒙娜丽莎的眼泪,포함
서울의 얼굴,,기타,,발표 시기 미상,,,"번역서 1종 · 예: Séoul, Visages d''une Ville",포함
죽은 시인들과의 시간,,기타,,발표 시기 미상,,,번역서 1종 · 예: Timp cu poeți morți,포함
슬픔이 없는 십오 초,,기타,,발표 시기 미상,,,번역서 1종 · 예: Fifteen Seconds Without Sorrow,포함
전 세계의 쓰레기여 단결하라,,기타,,발표 시기 미상,,,"번역서 1종 · 예: All the Garbage of the World, Unite!",포함
남과북,,기타,,발표 시기 미상,,,번역서 1종 · 예: أمـاكـنخـالـدة,포함
원미동 시인,,기타,,발표 시기 미상,,,번역서 1종 · 예: The Poet of Wonmi-dong,포함
인간에 대한 예의,,기타,,발표 시기 미상,,,번역서 1종 · 예: Human Decency,포함
황순원 단편선: 소라,,기타,,발표 시기 미상,,,번역서 1종 · 예: KAGYLÓHÉJAK,포함
밀물의 시간,,기타,,발표 시기 미상,,,번역서 1종 · 예: 満ち潮の時間,포함
특별한 친구들,,기타,,발표 시기 미상,,,번역서 1종 · 예: 特別的朋友們,포함
누구게?,,기타,,발표 시기 미상,,,번역서 1종 · 예: 是誰呀？,포함
"안녕, 폴!",,기타,,발표 시기 미상,,,번역서 1종 · 예: 你好，保羅,포함
쉬운 일은 아니지만,,기타,,발표 시기 미상,,,번역서 1종 · 예: 簡単なことではないけれど大丈夫な人になりたい,포함
문예 2018 秋,,기타,,발표 시기 미상,,,번역서 1종 · 예: 文藝 2018 秋,포함
조선의 신선과 귀신 이야기,,기타,,발표 시기 미상,,,번역서 1종 · 예: Zápisky za hranicí uvěřitelného :,포함
한국문학사 개관,,기타,,발표 시기 미상,,,번역서 1종 · 예: Breve historia de la literatura coreana :,포함
학,,기타,,발표 시기 미상,,,번역서 1종 · 예: (La)grue,포함
산정묘지,,기타,,발표 시기 미상,,,번역서 1종 · 예: Une tombe au sommet,포함
무수한 태양,,기타,,발표 시기 미상,,,번역서 1종 · 예: (Un)soleil infini,포함
향수,,기타,,발표 시기 미상,,,번역서 2종 · 예: Nostalgie,포함
기원: 분계선을 밟고,,기타,,발표 시기 미상,,,번역서 1종 · 예: Le Voeu du Peuple Coreen : Priere sur le 38eme parallele,포함
혀 (대만판),,기타,,발표 시기 미상,,,번역서 1종 · 예: 舌尖上凋落的愛情,포함
les eaux bleues de Namhae Gumsan/ 남해금산,,기타,,발표 시기 미상,,,번역서 1종 · 예: Des choses qui viennent après la douleur,포함
시계들의 푸른 명상,,기타,,발표 시기 미상,,,번역서 1종 · 예: Blue Meditation of the Clocks,포함
한경지략,,기타,,발표 시기 미상,,,번역서 1종 · 예: 漢京識略 : 近世末ソウルの街案内,포함
칼날과 햇살,,기타,,발표 시기 미상,,,번역서 1종 · 예: やいばと陽射し,포함
내 혀가 입 속에 갇혀 있길 거부한다면,,기타,,발표 시기 미상,,,번역서 1종 · 예: If my tongue refuses to remain in my mouth,포함
"조선조 궁중문학시리즈3, 계축일기",,기타,,발표 시기 미상,,,번역서 1종 · 예: El Diario del Ano del Buey Negro(1613) GUECHUK ILGUI,포함
삼미슈퍼스타즈의 마지막 팬클럽,,기타,,발표 시기 미상,,,번역서 1종 · 예: 三美スーパースターズ 最後のファンクラブ,포함
아태평양 단편선,,단편소설,,발표 시기 미상,,,번역서 1종 · 예: Asian and Pacific Short Stories,포함
돌아온 우리의 친구,,기타,,발표 시기 미상,,,번역서 1종 · 예: Our Friend's Homecoming,포함
중국인 거리,,기타,,발표 시기 미상,,,번역서 2종 · 예: Chinatown,포함
잊혀진 질문,,기타,,발표 시기 미상,,,번역서 1종 · 예: 被遺忘的疑問,포함
아시아의 물가에서 (한일 시인의 대화),,시,,발표 시기 미상,,,번역서 1종 · 예: 「アジア」の渚で 日韓詩人の対話,포함
열녀성춘향이야기,,기타,,발표 시기 미상,,,번역서 1종 · 예: 烈女成春香物語,포함
한국문학의 이해,,기타,,발표 시기 미상,,,번역서 2종 · 예: Understanding Korean literature,포함
"In English, Korean and Hindi. 한국문학개론",,기타,,발표 시기 미상,,,번역서 1종 · 예: Introduction to Korean Literature,포함
한국의 구비문학,,기타,,발표 시기 미상,,,번역서 1종 · 예: Oral literature of Korea,포함
풍금이 있던 자리,,기타,,발표 시기 미상,,,번역서 1종 · 예: The Place Where the Harmonium Was,포함
사춘기가 인생을 결정한다,,기타,,발표 시기 미상,,,번역서 1종 · 예: 十几岁真好 : 青春期最关键的42件事,포함
유럽 동화마을 여행,,동화,,발표 시기 미상,,,번역서 1종 · 예: 欧洲童话村之旅,포함
엄마의 말뚝 1,,기타,,발표 시기 미상,,,번역서 1종 · 예: Mother's stake 1,포함
(체질에 따라 치료 효과 100% 높이는)음식동의보감,,기타,,발표 시기 미상,,,번역서 1종 · 예: 體質飮食東醫寶鑑,포함
2016 Seoul International Witers' Festival / Anthology,,기타,,발표 시기 미상,,,번역서 1종 · 예: The Forgotten and the Unforgattable: Literature Traversing Between Memory and Oblivion,포함
아일랜드 3.,,기타,,발표 시기 미상,,,번역서 1종 · 예: アイランド 3,포함
(버지니아의 교포형제가 쓴 시)The Turning Wheel in Heaven,,기타,,발표 시기 미상,,,번역서 1종 · 예: (버지니아의 교포형제가 쓴 시)The Turning Wheel in Heaven,포함
20세기 한국문학의 이해(한국현대문학입문서),,기타,,발표 시기 미상,,,번역서 1종 · 예: Twentieth Century Korean Literature,포함
지구별 여행자,,기타,,발표 시기 미상,,,번역서 1종 · 예: 地球星の旅人: インドの風に吹かれて,포함
상흔에 핀 꽃,,기타,,발표 시기 미상,,,번역서 1종 · 예: 傷痕に咲いた花,포함
검은 점이 있는 누에 (나희덕 시선집),,시,,발표 시기 미상,,,번역서 1종 · 예: Le ver à soie marqué d''un point noir,포함
동아시아문학지 40권 2006년 5월,,기타,,발표 시기 미상,,,번역서 1종 · 예: Hefte für Ostasiatische Literatur 40,포함
병신과 머저리,,기타,,발표 시기 미상,,,번역서 2종 · 예: The Wounded,포함
어둠의 혼,,기타,,발표 시기 미상,,,번역서 1종 · 예: Soul of Darkness,포함
순이삼촌,,기타,,발표 시기 미상,,,번역서 3종 · 예: Sun-I Samch'on,포함
유형의 땅,,기타,,발표 시기 미상,,,번역서 2종 · 예: The Land of the Banished,포함
바보처럼 공부하고 천채처럼 꿈꿔라,,기타,,발표 시기 미상,,,번역서 1종 · 예: 怀着天才一样的梦想像傻瓜一样学习,포함
간양록,,기타,,발표 시기 미상,,,번역서 1종 · 예: 看羊錄 : 朝鮮儒子の日本抑留記,포함
조선단편소설선집,,단편소설,,발표 시기 미상,,,번역서 1종 · 예: 朝鮮短編小説選集,포함
피아노 살인사건,,기타,,발표 시기 미상,,,번역서 1종 · 예: 钢琴杀人事件,포함
프린세스 마법의 주문 : 소중한 나를 위한 약속,,기타,,발표 시기 미상,,,번역서 1종 · 예: 公主養成魔法書 : 快樂當公主，何必爭女王,포함
백석 평전,,시,,발표 시기 미상,,,번역서 1종 · 예: 詩人白石 (ペクソク) : 寄る辺なく気高くさみしく,포함
편지,,기타,,발표 시기 미상,,,번역서 1종 · 예: 尘缘未了,포함
길,,기타,,발표 시기 미상,,,번역서 1종 · 예: スンウ : 12歳の明日,포함
아일랜드 6,,기타,,발표 시기 미상,,,번역서 1종 · 예: アイランド 6,포함
아일랜드 5,,기타,,발표 시기 미상,,,번역서 1종 · 예: アイランド 5,포함
아일랜드 4,,기타,,발표 시기 미상,,,번역서 1종 · 예: アイランド 4,포함
ギリジャ哲学からポストモダソまで / 신의 나라 인간 나라,,기타,,발표 시기 미상,,,번역서 1종 · 예: 世界の哲学,포함
사건의 철학,,기타,,발표 시기 미상,,,번역서 1종 · 예: 事件の哲学 : ポスト構造主義の定立と展開,포함
Model 2. 2,,기타,,발표 시기 미상,,,번역서 1종 · 예: Model 2. 2,포함
산사,,기타,,발표 시기 미상,,,번역서 1종 · 예: Sansa,포함
동아시아 문학지 61권 2016년 11월:,,기타,,발표 시기 미상,,,번역서 1종 · 예: Hefte für Ostasiatische Literatur 61,포함
동아시아문학지 52권 2012년 5월 :,,기타,,발표 시기 미상,,,번역서 1종 · 예: Hefte Für ostasiatische Literatur 52,포함
동아시아문학지 51권 2011년 11월 :,,기타,,발표 시기 미상,,,번역서 1종 · 예: Hefte Für ostasiatische Literatur 51,포함
Model 1. 1,,기타,,발표 시기 미상,,,번역서 1종 · 예: Model 1. 1,포함
1 / 크레이지 러브 스토리 1,,기타,,발표 시기 미상,,,번역서 1종 · 예: Crazy Love Story 1,포함
Ragnarök 9. 9,,기타,,발표 시기 미상,,,번역서 1종 · 예: Ragnarök 9. 9,포함
Roman 혀,,기타,,발표 시기 미상,,,번역서 1종 · 예: Feine Kost,포함
쌀밥 보리밥,,기타,,발표 시기 미상,,,번역서 1종 · 예: 大米饭麦饭,포함
나 안 할래,,기타,,발표 시기 미상,,,번역서 1종 · 예: 我不玩儿了,포함
외딴 마을 외딴 집에,,기타,,발표 시기 미상,,,번역서 2종 · 예: 老老鼠、老爷爷,포함
잃어버린 구슬,,기타,,발표 시기 미상,,,번역서 1종 · 예: 珠子丢了,포함
Ragnarök 8. 8,,기타,,발표 시기 미상,,,번역서 1종 · 예: Ragnarök 8. 8,포함
Ragnarök 7. 7,,기타,,발표 시기 미상,,,번역서 1종 · 예: Ragnarök 7. 7,포함
Ragnarök 6. 6,,기타,,발표 시기 미상,,,번역서 1종 · 예: Ragnarök 6. 6,포함
Ragnarök 5. 5,,기타,,발표 시기 미상,,,번역서 1종 · 예: Ragnarök 5. 5,포함
1 / 아르카나 1,,기타,,발표 시기 미상,,,번역서 1종 · 예: Arcana 1,포함
1 / 스노우 드롭 1,,기타,,발표 시기 미상,,,번역서 1종 · 예: Snow Drop 1,포함
1 / 비비 1,,기타,,발표 시기 미상,,,번역서 1종 · 예: Bibi 1,포함
1 / 소녀교육헌장 1,,기타,,발표 시기 미상,,,번역서 1종 · 예: Ami: Queen of Hearts 1,포함
1 / = 마왕일기 1,,기타,,발표 시기 미상,,,번역서 1종 · 예: Demon Diary 1,포함
1 / 요동의 뱀파이어,,기타,,발표 시기 미상,,,번역서 1종 · 예: Yodongs Vmpirin: Das erste Opfer,포함
K2 1 : Kill me Kiss me. 1,,기타,,발표 시기 미상,,,번역서 1종 · 예: K2 1 : Kill me Kiss me. 1,포함
종료되었습니다,,기타,,발표 시기 미상,,,번역서 1종 · 예: 死者的審判,포함
어느날 아침,,기타,,발표 시기 미상,,,번역서 1종 · 예: 某天早晨,포함
승효상도큐먼트,,기타,,발표 시기 미상,,,번역서 1종 · 예: 承孝相建筑档案,포함
동아시아 문학지 63권 2017년 11월:,,기타,,발표 시기 미상,,,번역서 1종 · 예: Hefte für Ostasiatische Literatur 63,포함
적멸의 불빛,,기타,,발표 시기 미상,,,번역서 1종 · 예: Světlo vyhasnutí,포함
K2 2 : Kill me Kiss me. 2,,기타,,발표 시기 미상,,,번역서 1종 · 예: K2 2 : Kill me Kiss me. 2,포함
Spring: 봄봄 1. 1,,기타,,발표 시기 미상,,,번역서 1종 · 예: Spring: 봄봄 1. 1,중복 제외 (앞 순위 출처에 있음)
1 / 체크 1,,기타,,발표 시기 미상,,,번역서 1종 · 예: Check 1,포함
Wild apple,,기타,,발표 시기 미상,,,번역서 1종 · 예: Wild apple,중복 제외 (앞 순위 출처에 있음)
난 유리로 만든 배를 타고 낯선 바다를 떠도네,,기타,,발표 시기 미상,,,번역서 2종 · 예: 玻璃船,포함
환각의 다리,,기타,,발표 시기 미상,,,"번역서 1종 · 예: Blessures d'avril : Interprétation personnelle de ""Vanina Vanini de Stendhal : récit",포함
Roman / 생의 이면,,기타,,발표 시기 미상,,,번역서 2종 · 예: L'Envers de la vie,포함
세상에서 가장 멋진 돼지,,기타,,발표 시기 미상,,,번역서 1종 · 예: O porco mais elegante do mundo,포함
누구 알이 더 많을까?,,기타,,발표 시기 미상,,,번역서 1종 · 예: Quem será que tem mais ovos?,포함
곰가족과 시끌벅쩍 괴물들,,기타,,발표 시기 미상,,,번역서 1종 · 예: A família de ursos e os monstros agitados,포함
roman / 황제를 위하여,,기타,,발표 시기 미상,,,번역서 1종 · 예: Pour l'empereur!,포함
소년을 위로해줘,,기타,,발표 시기 미상,,,번역서 2종 · 예: ENCOURAGEZ DONC LES GARCONS,포함
더블 side B,,기타,,발표 시기 미상,,,번역서 1종 · 예: ダブル サイドB,포함
récits / 익명의 섬,,기타,,발표 시기 미상,,,번역서 1종 · 예: (L')île anonyme,포함
nouvelles / 장마,,기타,,발표 시기 미상,,,번역서 1종 · 예: (La)mousson,포함
에미,,기타,,발표 시기 미상,,,번역서 2종 · 예: (La)mère,포함
"수궁가, 적벽가",,기타,,발표 시기 미상,,,"번역서 1종 · 예: Sugungga, Jeokbyeokga",포함
판소리사설전집 14: 영역본 심청가 • 흥보가,,기타,,발표 시기 미상,,,번역서 1종 · 예: Simcheongga Heungboga,포함
roman / 영원한 제국,,기타,,발표 시기 미상,,,번역서 1종 · 예: (L')eternel empire,포함
무시무시 고양이를 피하는 방법,,기타,,발표 시기 미상,,,번역서 1종 · 예: Como fugir do gato assustador,포함
동아시아 문학지 43권 2007년 11월:,,기타,,발표 시기 미상,,,번역서 1종 · 예: Hefte für Ostasiatische Literatur 43,포함
한국무신도,,기타,,발표 시기 미상,,,번역서 1종 · 예: The Paintings of Korean Shaman Gods,포함
눈 앞에 없는 사람,,기타,,발표 시기 미상,,,번역서 1종 · 예: Someone Always in the Corner of My Eye,포함
그 노래 다시 부르지 못하네,,기타,,발표 시기 미상,,,번역서 1종 · 예: Je ne veux plus chanter cette chanson,포함
제스처 라이프,,기타,,발표 시기 미상,,,번역서 1종 · 예: (Les)sombres feux du passé,포함
혀 (중국판),,기타,,발표 시기 미상,,,번역서 1종 · 예: 舌尖上凋落的愛情,포함
nouvelles / 한국여성문학단편선,,단편소설,,발표 시기 미상,,,번역서 1종 · 예: Cocktail sugar et autres nouvelles de Corée,포함
거미아줌마네 사탕 가게,,기타,,발표 시기 미상,,,번역서 1종 · 예: A aranha e a loja de balas,포함
하마터면 열심히 살 뻔했다,,기타,,발표 시기 미상,,,번역서 1종 · 예: あやうく一生懸命生きるところだった,포함
원미동 사람들,,기타,,발표 시기 미상,,,번역서 4종 · 예: ウォンミドンの人々,포함
印刻文學生活誌 2月號/2020 第198期,,기타,,발표 시기 미상,,,"번역서 1종 · 예: INK Literary Montly No.198, February 2020",포함
1-3 / 워크래프트,,기타,,발표 시기 미상,,,번역서 1종 · 예: Warcraft: The Sunwell Trilogy,포함
1 / 신 구미호 1,,기타,,발표 시기 미상,,,번역서 1종 · 예: Kumiho: Der fuchs mit den neun schwänzen 1,포함
"(国際パネル・ディスカッション) 東アジア農業の構造問題 : 中国 (大陸・台湾), 韓国, 日本, 西欧",,기타,,발표 시기 미상,,,"번역서 1종 · 예: (国際パネル・ディスカッション) 東アジア農業の構造問題 : 中国 (大陸・台湾), 韓国, 日本, 西欧",포함
好きになってはいけない国 : 韓国 J-POP 世代が見た日本,,기타,,발표 시기 미상,,,번역서 1종 · 예: 好きになってはいけない国 : 韓国 J-POP 世代が見た日本,포함
韓国のニッポン逆転戦略 : 隣人に学ぶ再生への近道,,기타,,발표 시기 미상,,,번역서 1종 · 예: 韓国のニッポン逆転戦略 : 隣人に学ぶ再生への近道,포함
더러운 책상,,기타,,발표 시기 미상,,,번역서 1종 · 예: PUTAIN DE PUPITRES!,포함
하백의 신부 2,,기타,,발표 시기 미상,,,번역서 1종 · 예: Невеста речного. 2,포함
"СВЕТЛЫЙ ИСТОЧНИК : Средневековая поэзия Китая, Кореи, Вьетнама",,기타,,발표 시기 미상,,,"번역서 1종 · 예: СВЕТЛЫЙ ИСТОЧНИК : Средневековая поэзия Китая, Кореи, Вьетнама",중복 제외 (앞 순위 출처에 있음)
Chants des saisons : Anthologie bilingue de la poésie coréenne,,기타,,발표 시기 미상,,,번역서 1종 · 예: Chants des saisons : Anthologie bilingue de la poésie coréenne,중복 제외 (앞 순위 출처에 있음)
1인칭은 슬프다,,기타,,발표 시기 미상,,,번역서 1종 · 예: First Person Sorrowful,포함
황구와 그 밖의 이야기들,,기타,,발표 시기 미상,,,번역서 1종 · 예: Žlutý pes a jiné povídky z Korey,중복 제외 (앞 순위 출처에 있음)
진시황릉에서 살아남기 2,,기타,,발표 시기 미상,,,번역서 1종 · 예: 秦始皇陵大探险. 2,포함
한국의 명시,,시,,발표 시기 미상,,,번역서 1종 · 예: Korea's golden poems : 한영 대역시,포함
lòng mẹ bình yên / 고령화 가족,,기타,,발표 시기 미상,,,번역서 1종 · 예: Ngoài kia dông bão,포함
만우절: 한국의 전래동화,,동화,,발표 시기 미상,,,"번역서 1종 · 예: День без вранья : юмористические и сатирические рассказы, юморески и хикаяты, легенды и басни народов Азии",포함
Priest 1. 1,,기타,,발표 시기 미상,,,번역서 1종 · 예: Priest 1. 1,포함
"인현왕후전, 한중록",,기타,,발표 시기 미상,,,번역서 1종 · 예: Královna In-hjon. Vyprávění z dlouhé chvíle,포함
번개의 별: 한국고전영웅소설집,,단편소설,,발표 시기 미상,,,번역서 1종 · 예: Hvězda blesku : hrdinské příběhy ze staré koreje,포함
사씨남정기,,기타,,발표 시기 미상,,,번역서 1종 · 예: Putování paní Sa na jih,포함
Корейские народные сказки / 한국동화집,,동화,,발표 시기 미상,,,번역서 1종 · 예: Волшебная кuсmочка,중복 제외 (앞 순위 출처에 있음)
Gedichte / 처음 만나던 때 = 녹색별 소식,,기타,,발표 시기 미상,,,번역서 1종 · 예: Botschaften vom grünen Planeten,포함
알기 쉬운 사상의학,,기타,,발표 시기 미상,,,번역서 1종 · 예: An introduction to sasang constitutional medicine,포함
세상을 바꾼 글로벌 리더 50인의 특강,,기타,,발표 시기 미상,,,번역서 1종 · 예: 改变世界的50位全球领袖,포함
구운몽[Guunmong],,장편소설,,발표 시기 미상,,,"번역서 1종 · 예: The Cloud Dream of the Nine, a Korean Novel: A Story of the Times of the Tangs of China About 840 a.D. (1922)",포함
동아시아문학지 55권 2013년 11월,,기타,,발표 시기 미상,,,번역서 1종 · 예: Hefte Für ostasiatische Literatur 55,포함
요술쟁이 빛,,기타,,발표 시기 미상,,,번역서 1종 · 예: A luz mágica,포함
그래도 압록강은 흐른다,,기타,,발표 시기 미상,,,번역서 1종 · 예: Vom Yalu bis zur Isar Erzählungen,포함
황토빛 이야기,,기타,,발표 시기 미상,,,번역서 2종 · 예: The color of water,포함
운명에 휩쓸려,,기타,,발표 시기 미상,,,번역서 1종 · 예: 運命に流されて,포함
규장각 각신들의 나날 (상),,기타,,발표 시기 미상,,,번역서 1종 · 예: 奎章閣閣臣たちの日々 (上),포함
허준,,기타,,발표 시기 미상,,,번역서 1종 · 예: 許浚,포함
노동조합리더론,,기타,,발표 시기 미상,,,번역서 1종 · 예: 労働組合リーダー論,포함
"31種攝影模式輕鬆上手! / 포토 마니아, 너만의 작품을 찍어라!",,기타,,발표 시기 미상,,,번역서 1종 · 예: Photo Mania 專業攝影好好玩,포함
"18位名人, 18則傳奇, 18個影響全球的時尚指標 / 아이콘의 탄생",,기타,,발표 시기 미상,,,번역서 1종 · 예: 時尚經典的誕生,포함
roman / 두 아내,,기타,,발표 시기 미상,,,번역서 1종 · 예: (Les)deux épouses,포함
nouvelles / 염소를 모는 여자,,기타,,발표 시기 미상,,,번역서 1종 · 예: (La) femme à la chèvre,포함
nouvelles / 빈 골짜기,,기타,,발표 시기 미상,,,번역서 1종 · 예: (La)Vallée vide,포함
누가 바보일까요?,,기타,,발표 시기 미상,,,번역서 1종 · 예: 小蜜蜂的礼物,포함
"시절 하나 온다, 잡아 먹자",,기타,,발표 시기 미상,,,번역서 1종 · 예: A new season approaching devour it,포함
roman / 흰 옷,,기타,,발표 시기 미상,,,번역서 1종 · 예: (L')harmonium,포함
roman / 이어도,,기타,,발표 시기 미상,,,번역서 1종 · 예: (L')île d'Iǒ,포함
예언자,,기타,,발표 시기 미상,,,번역서 1종 · 예: (Le) prophète,포함
당신들의 천국,,기타,,발표 시기 미상,,,번역서 6종 · 예: Ce paradis qui est le vôtre,포함
한국의풍속화,,기타,,발표 시기 미상,,,번역서 1종 · 예: 韩国风俗画,포함
Briefe und Lebenszeugnisse. 이상한 사투리: 편지와 증언,,기타,,발표 시기 미상,,,번역서 1종 · 예: DER ANDERE DIALEKT : Briefe und Lebenszeugnisse,포함
Shijo. 물 위의 그림자: 시조선,,시조,,발표 시기 미상,,,번역서 1종 · 예: Shadows in the Water: Shijo,포함
이끼,,기타,,발표 시기 미상,,,번역서 1종 · 예: 黒く濁る村,포함
짜장면 불어요!,,기타,,발표 시기 미상,,,번역서 1종 · 예: ジャージャー麺がのびちゃうよ！,포함
지도는 언제나 말을 해,,기타,,발표 시기 미상,,,번역서 2종 · 예: Wo geht's lang?: Karten erklären die Welt,포함
"鴉の死 , 까마귀의 죽음",,기타,,발표 시기 미상,,,번역서 1종 · 예: La mort du corbeau,포함
사반의 십자가,,장편소설,,발표 시기 미상,,,번역서 2종 · 예: La Croix de Schaphan : roman,포함
무녀도,,기타,,발표 시기 미상,,,번역서 2종 · 예: Tableau de sabbat,포함
조선민담집,,소설,,발표 시기 미상,,,번역서 2종 · 예: 朝鮮民譚集,포함
"밀레나, 밀레나, 황홀한",,기타,,발표 시기 미상,,,"번역서 1종 · 예: Milena, Milena, Ecstatic",포함
"다섯 개의 프렐류드, 그리고 푸가",,기타,,발표 시기 미상,,,번역서 1종 · 예: Five Preludes & A Fugue,포함
에우로파,,기타,,발표 시기 미상,,,번역서 1종 · 예: Europa,포함
달의 바다,,기타,,발표 시기 미상,,,번역서 1종 · 예: Un balcon sur la lune,포함
산에는 꽃이 피네,,기타,,발표 시기 미상,,,번역서 1종 · 예: 山中花开,포함
조선을 떠나며 : 1945년 패전을 맞은 일본인들의 최후,,기타,,발표 시기 미상,,,번역서 1종 · 예: 朝鮮引揚げと日本人 : 加害と被害の記憶を超えて,포함
움직이는 성,,기타,,발표 시기 미상,,,번역서 3종 · 예: The Moving Fortress,포함
한국근대문학단편선집,,기타,,발표 시기 미상,,,번역서 1종 · 예: KORE ÖYKÜLERİ,포함
日本外交官、韓国奮闘記,,기타,,발표 시기 미상,,,번역서 1종 · 예: 日本外交官、韓国奮闘記,포함
パペとポポの純愛メモリ- / 파페포포메모리즈,,기타,,발표 시기 미상,,,번역서 1종 · 예: サランサラン,포함
妖婦伝 / = Femme fatale,,기타,,발표 시기 미상,,,번역서 1종 · 예: ファム・ファタル,포함
우리가 정말 알아야할 우리 한옥,,기타,,발표 시기 미상,,,번역서 1종 · 예: 韓國の民家,포함
"사람, 언어, 그리고 시",,시,,발표 시기 미상,,,"번역서 1종 · 예: Man, language and poetry",포함
선가귀감,,기타,,발표 시기 미상,,,번역서 1종 · 예: Zrcadlo zenu,포함
한국학서지,,기타,,발표 시기 미상,,,번역서 1종 · 예: Korea in Czchoslovakia(Czech Republic) Bibliography,포함
은교,,기타,,발표 시기 미상,,,"번역서 1종 · 예: 因为痛, 所以是爱情",포함
퇴역 레슬러,,기타,,발표 시기 미상,,,번역서 1종 · 예: Old Wrestler,포함
"왼쪽의 오른쪽, 오른쪽의 왼쪽",,기타,,발표 시기 미상,,,"번역서 1종 · 예: Left''s Right, Right''s Left",포함
천사를 찾습니다,,기타,,발표 시기 미상,,,번역서 1종 · 예: 寻爱天使. 2,포함
아웃사이더 = Outsider,,기타,,발표 시기 미상,,,번역서 1종 · 예: 局外人. 2,포함
1 / Science CSI for children,,기타,,발표 시기 미상,,,번역서 1종 · 예: 少年科學偵探 CSI,포함
申庚林詩選集 / 낙타를 타고,,기타,,발표 시기 미상,,,번역서 1종 · 예: ラクダに乗って,포함
얼음의 자서전,,기타,,발표 시기 미상,,,번역서 1종 · 예: AUTOBIOGRAFIA DE HIELHO,포함
현대한국문학사,,기타,,발표 시기 미상,,,번역서 1종 · 예: Современная литература Корей,포함
"西鄉隆盛, 福沢諭吉から現代まで / 한국・조선과 마주한 36명의 일본인",,기타,,발표 시기 미상,,,번역서 1종 · 예: 韓国・朝鮮と向き合った36人の日本人,포함
조선 최초의 모더니스트 정지용,,기타,,발표 시기 미상,,,번역서 1종 · 예: 朝鮮最初のモダニスト 鄭芝溶,포함
ソンビとサムライ : 韓国人外交官が見たニッポンの姿,,기타,,발표 시기 미상,,,번역서 1종 · 예: ソンビとサムライ : 韓国人外交官が見たニッポンの姿,중복 제외 (앞 순위 출처에 있음)
서울에 댄스홀을 허하라,,기타,,발표 시기 미상,,,번역서 1종 · 예: ソウルにダンスホールを : 1930年代朝鮮の文化,포함
Rebirth 1. 1,,기타,,발표 시기 미상,,,번역서 1종 · 예: Rebirth 1. 1,포함
The Legend of the Sword 2. 2,,기타,,발표 시기 미상,,,번역서 1종 · 예: The Legend of the Sword 2. 2,포함
황제를 위하여,,기타,,발표 시기 미상,,,번역서 5종 · 예: จักร พรรคิ ที่ โลก ลืม,포함
세계 도서관 기행,,기타,,발표 시기 미상,,,번역서 1종 · 예: 世界圖書館紀行,포함
역사는 흐른다,,기타,,발표 시기 미상,,,번역서 2종 · 예: Ajalugu voolab,포함
촐라체,,기타,,발표 시기 미상,,,번역서 1종 · 예: 一如草芥的尘世 : CHOLATSE,포함
La pell Freda,,기타,,발표 시기 미상,,,번역서 1종 · 예: Cold skin,포함
En busca de Klingsor,,기타,,발표 시기 미상,,,번역서 1종 · 예: In search of Klingsor,포함
Sombra del viento,,기타,,발표 시기 미상,,,번역서 1종 · 예: The shadow of the wind,포함
리자벨 내사랑,,기타,,발표 시기 미상,,,번역서 1종 · 예: The American Pows,포함
總明戀愛的49種方法. 내일도 나를 사랑할 건가요,,기타,,발표 시기 미상,,,번역서 1종 · 예: 讓好男人自動靠過來,포함
한국철학에세이,,수필,,발표 시기 미상,,,번역서 1종 · 예: 人物でみる韓国哲学の系譜 : : 森羅仏教から李朝実学まで,포함
a novel of Korea. 은마,,기타,,발표 시기 미상,,,번역서 1종 · 예: Silver stallion,포함
전통 회화,,기타,,발표 시기 미상,,,번역서 1종 · 예: Traditional Korean painting,포함
The Legend of the Sword 1. 1,,기타,,발표 시기 미상,,,번역서 1종 · 예: The Legend of the Sword 1. 1,포함
Island 6. 6,,기타,,발표 시기 미상,,,번역서 1종 · 예: Island 6. 6,포함
Island 5. 5,,기타,,발표 시기 미상,,,번역서 1종 · 예: Island 5. 5,포함
Island 4. 4,,기타,,발표 시기 미상,,,번역서 1종 · 예: Island 4. 4,포함
Island 3. 3,,기타,,발표 시기 미상,,,번역서 1종 · 예: Island 3. 3,포함
Island 2. 2,,기타,,발표 시기 미상,,,번역서 1종 · 예: Island 2. 2,포함
한국현대명시선집,,시,,발표 시기 미상,,,번역서 1종 · 예: 韩国现代名诗选集,포함
한국소설사고,,소설,,발표 시기 미상,,,번역서 1종 · 예: 韓國古小說史稿,포함
한국인이 즐겨보는 단편소설,,단편소설,,발표 시기 미상,,,번역서 1종 · 예: 感動韓國人的短篇小說,포함
한국희곡사.,,희곡,,발표 시기 미상,,,번역서 1종 · 예: 韓国演剧史,포함
숲은 잠들지 않는다,,기타,,발표 시기 미상,,,번역서 1종 · 예: 丛林不眠,포함
강 어귀에 섬 하나,,기타,,발표 시기 미상,,,번역서 1종 · 예: SEPT MEANDRES POUR UNE ILE,포함
이혼,,기타,,발표 시기 미상,,,번역서 1종 · 예: Divorce,포함
(1-20세기) 한국시가 앤솔로지,,기타,,발표 시기 미상,,,번역서 1종 · 예: Антологія корейської поезії (I ст. до н.е. - XX ст.),포함
손,,기타,,발표 시기 미상,,,번역서 1종 · 예: Demons,포함
한밤중의 작은 풍경,,기타,,발표 시기 미상,,,번역서 1종 · 예: Зарисовки ночной жизни,포함
from its origins to 1910 / 한국의 인쇄: 그 기원에서 1910년까지,,기타,,발표 시기 미상,,,번역서 1종 · 예: Korean printing,포함
the ritual chants of the Korean mudang / 무속의 노래,,기타,,발표 시기 미상,,,번역서 1종 · 예: Songs of the shaman,포함
한국 가면극: 그 역사와 원리,,기타,,발표 시기 미상,,,번역서 1종 · 예: 韓國假面劇 : その 歷史と 原理,포함
한국영화배우사전,,기타,,발표 시기 미상,,,번역서 1종 · 예: 韓国映画俳優事典,포함
조선의 건축과 예술,,기타,,발표 시기 미상,,,번역서 1종 · 예: 朝鮮の 建築 と 藝術,포함
한국근현대문학사전,,기타,,발표 시기 미상,,,번역서 1종 · 예: 韓国近現代文学事典,포함
나무꾼과 호랑이 형님,,기타,,발표 시기 미상,,,번역서 1종 · 예: Woodcutter and Tiger Brother,포함
주몽,,기타,,발표 시기 미상,,,번역서 1종 · 예: 朱蒙-チュモン,포함
역옹패설 ∙ 필원잡기,,기타,,발표 시기 미상,,,번역서 1종 · 예: 櫟翁稗説・筆苑雑記,포함
시조의 리듬,,시조,,발표 시기 미상,,,번역서 1종 · 예: Shijo Rhythms,포함
roman / 둔황의 사랑,,기타,,발표 시기 미상,,,번역서 1종 · 예: (L')amour de Dunhuang,포함
roman / 사람의 아들,,기타,,발표 시기 미상,,,번역서 1종 · 예: (Le)fils de l'homme,포함
새하곡,,기타,,발표 시기 미상,,,번역서 1종 · 예: Chant sous une forteresse,포함
récit / 금시조,,시조,,발표 시기 미상,,,번역서 1종 · 예: (L')oiseau aux ailes d'or,포함
récit / 그 해 겨울,,기타,,발표 시기 미상,,,"번역서 1종 · 예: (L')hiver, cette année-la",포함
사랑,,기타,,발표 시기 미상,,,번역서 1종 · 예: Amour,포함
classical Korean poems in Chinese. 더디 피는 국화,,기타,,발표 시기 미상,,,번역서 1종 · 예: Slow Chrysanthemums,포함
한국시가집,,시,,발표 시기 미상,,,번역서 1종 · 예: Poems from Korea: From the earliest era to the present,포함
고구려호태왕,,기타,,발표 시기 미상,,,번역서 1종 · 예: 高句麗好太王 下,포함
나는 싸기 대장의 형님,,기타,,발표 시기 미상,,,번역서 1종 · 예: ぼくの弟はションベン小僧,포함
인사 잘하고 웃기 잘하는 집,,기타,,발표 시기 미상,,,번역서 1종 · 예: ぼくらのスーパー大戦争,포함
동화책을 먹은 바둑이,,동화,,발표 시기 미상,,,번역서 1종 · 예: ぼくの本を食べちゃったポチ,포함
뚱보면 어때 난 나야,,기타,,발표 시기 미상,,,번역서 1종 · 예: 太ってたってぼくはぼく,포함
한국 최초의 페미니스트 작가들,,기타,,발표 시기 미상,,,번역서 1종 · 예: ¿Por qué te empeñas en sufrir así?,포함
Book of the White Day,,기타,,발표 시기 미상,,,번역서 1종 · 예: Книга Белого Дня,포함
너라는 생활,,기타,,발표 시기 미상,,,번역서 1종 · 예: 君という生活,포함
강물에 떠내려가는 7인의 사무라이,,기타,,발표 시기 미상,,,번역서 1종 · 예: Seven Samurai Swept Away in a River,포함
더블 side A,,기타,,발표 시기 미상,,,번역서 1종 · 예: ダブル サイドA,포함
소설 알렉산드리아,,소설,,발표 시기 미상,,,번역서 1종 · 예: Alexandria,포함
108 Zen Poems. 뭐냐?,,시,,발표 시기 미상,,,번역서 1종 · 예: What?: 108 Zen Poems,포함
일본어와 한국어,,기타,,발표 시기 미상,,,번역서 1종 · 예: 日本語と 韓國語,포함
완당 평전,,기타,,발표 시기 미상,,,번역서 1종 · 예: 書聖 金正喜評伝,포함
尹伊桑の 音樂語法 : 韓國の 傳通音樂を 基層として,,기타,,발표 시기 미상,,,번역서 1종 · 예: 尹伊桑の 音樂語法 : 韓國の 傳通音樂を 基層として,포함
한용운과 이광수: 한국현대문학의 두 선구자,,기타,,발표 시기 미상,,,번역서 1종 · 예: Han Yong-Un & Yi Kwang-Su: Two Pioneers of Modern Korean Literature,포함
친해지고 싶은 좋은 친구 친해지기 싫은 미운 친구,,기타,,발표 시기 미상,,,번역서 1종 · 예: 人見人愛的 17個 愛歡迎祕訣,포함
대한불교사,,기타,,발표 시기 미상,,,번역서 1종 · 예: Jak se prodavač papíru stal buddhou : korejské buddhistické legendy,포함
韓国のパッチワーク / 아름다운 보자기,,기타,,발표 시기 미상,,,번역서 1종 · 예: 美しいポジャギ,포함
당신이라는 기호,,기타,,발표 시기 미상,,,번역서 1종 · 예: あなたという記号,포함
민들레 목장,,기타,,발표 시기 미상,,,번역서 1종 · 예: The Dandelion Ranch,포함
최후의 증인 上-下,,기타,,발표 시기 미상,,,번역서 1종 · 예: 最後の証人. 上-下,포함
"한국고전소설선 : 구운몽, 인현왕후, 춘향전",,소설,,발표 시기 미상,,,"번역서 1종 · 예: Virtuous Women: Three Classic Korean Novels, A nine cloud Dream, Queen Inhyŭn, Chun-hyang",중복 제외 (앞 순위 출처에 있음)
화엄일승법계도,,기타,,발표 시기 미상,,,번역서 1종 · 예: Mapa říše skutečnosti dle Avatamsaka sútry,포함
전쟁과 평화,,기타,,발표 시기 미상,,,번역서 1종 · 예: 金正日最期の日 : 宣戦布告か和平か,포함
세상을 바꾼 과학자 50인의 특강,,기타,,발표 시기 미상,,,번역서 1종 · 예: 改变世界的50位科学家,포함
흔들리며 피는 꽃,,기타,,발표 시기 미상,,,번역서 1종 · 예: No Flowers Bloom Without Wavering,포함
한국현대문학 단편소설선,,단편소설,,발표 시기 미상,,,번역서 1종 · 예: NOUVELLES DE COREE,포함
你的性格影響孩子的一生 / (부모와 아이의 마음을 통하게 하는) 부모의 심리학,,기타,,발표 시기 미상,,,번역서 1종 · 예: 做個好父母吧!,포함
여기부터 가보자,,기타,,발표 시기 미상,,,번역서 1종 · 예: 韓國還可以這樣玩,포함
한국 향가집,,기타,,발표 시기 미상,,,"번역서 1종 · 예: Hyangga, Oldest Korean Songs",포함
인간적인 너무나 인간적인 한국신화,,소설,,발표 시기 미상,,,번역서 1종 · 예: ((An) illustrated guide to)Korean Mythology,포함
Koryeo dynasty : a journey into the noble tradition of Korea,,기타,,발표 시기 미상,,,번역서 1종 · 예: Koryeo dynasty : a journey into the noble tradition of Korea,포함
답사여행의 길잡이 15. 서울,,기타,,발표 시기 미상,,,번역서 1종 · 예: (a field guide to history) Seoul,포함
"새: 한국의 새와 함께한 45년, 생태 사진가 유범주의 새 이야기",,기타,,발표 시기 미상,,,"번역서 1종 · 예: Vögel Koreas : 45 Jahre gelebte Vogelbeobachtung - Geschichten ü̈ber Vögel, erzählt vom Natur-Fotografen",포함
신선한 아침나라의 열정: 20세기 한국의 시,,기타,,발표 시기 미상,,,번역서 1종 · 예: Страсти страны утренней свежести : корейские поэты хх века,포함
Practical Korean,,기타,,발표 시기 미상,,,번역서 1종 · 예: 實用韓國語,포함
깊은 슬픔,,기타,,발표 시기 미상,,,번역서 1종 · 예: 深深的忧伤,포함
축제의 얼굴 : 12인 영역시집,,시,,발표 시기 미상,,,번역서 1종 · 예: Faces of the Festival : peoms of 12 modern poets,포함
6-10 / 하백의 신부,,기타,,발표 시기 미상,,,번역서 1종 · 예: A vízisten menyasszonya,포함
이윤택 희곡선,,희곡,,발표 시기 미상,,,번역서 1종 · 예: Four contemporary Korean plays,포함
사물의 꿈,,시,,발표 시기 미상,,,번역서 1종 · 예: The Dream of things: Selected Poems of Hyonjong Chong,포함
selected poems of Kim Seung-hee. 김승희 시선,,기타,,발표 시기 미상,,,번역서 1종 · 예: I want to Hijack an Airplane,포함
the Pine River songs. 정철 가사선집,,기타,,발표 시기 미상,,,번역서 1종 · 예: A Shijo poet at the court of king Sonjo,포함
an anthology of three Chosŏn Dynasty poets. 조선 3인 시선집,,시,,발표 시기 미상,,,번역서 1종 · 예: Pine River and Lone Peak,포함
BUY KOREA,,기타,,발표 시기 미상,,,번역서 1종 · 예: バイ・コリア,포함
아홉살 인생,,기타,,발표 시기 미상,,,번역서 1종 · 예: 9歲の人生,포함
Ved Lotus-Kulpen : Koreansk poesi i norsk gjendiktning,,기타,,발표 시기 미상,,,번역서 1종 · 예: Ved Lotus-Kulpen : Koreansk poesi i norsk gjendiktning,중복 제외 (앞 순위 출처에 있음)
Contemplations de l'arbre : poèmes,,시,,발표 시기 미상,,,번역서 1종 · 예: Contemplations de l'arbre : poèmes,중복 제외 (앞 순위 출처에 있음)
세계인이 함께 보는 한국 문화 교과서,,기타,,발표 시기 미상,,,번역서 1종 · 예: やさしい韓国文化の話52,포함
박형서 단편선,,기타,,발표 시기 미상,,,번역서 1종 · 예: L'ART DE LA CONTROVERSE,포함
등대,,기타,,발표 시기 미상,,,번역서 2종 · 예: Le Phare,포함
고시조선,,시조,,발표 시기 미상,,,번역서 1종 · 예: Love in mid-winter night: Korean Sijo poetry,포함
한시는 인간과 자연의 만남 한국한시선,,시,,발표 시기 미상,,,번역서 1종 · 예: Korean poetry in classical Chinese: encounters between man and nature,포함
selected poems. 삼거리 술집: 고은 시선집,,시,,발표 시기 미상,,,번역서 1종 · 예: The three Way Tavern: Selected Poems,포함
Korea South & North. 남과 북,,기타,,발표 시기 미상,,,번역서 1종 · 예: Abiding places: Korean South & North,포함
"한국학연구총서: 한국, 동아시아, 세계문학 관련 논점",,기타,,발표 시기 미상,,,"번역서 1종 · 예: Interrelated issues in Korean, East Asian and world literature",포함
돌배나무 아래서,,기타,,발표 시기 미상,,,번역서 1종 · 예: Sous un poirier sauvage,포함
Tome 1 / 사평역,,단편소설,,발표 시기 미상,,,번역서 1종 · 예: Anthologie de nouvelles coréennes contemporaines.,포함
어린이를 위한 선물,,기타,,발표 시기 미상,,,번역서 1종 · 예: 给孩子们的礼物,포함
"어느 무정부주의자의 사랑 (상, 하)",,기타,,발표 시기 미상,,,번역서 1종 · 예: 一个无政府主义者的爱情 上，下,포함
아침 노을,,기타,,발표 시기 미상,,,번역서 1종 · 예: 朝霞,포함
영혼의 노래,,시,,발표 시기 미상,,,번역서 1종 · 예: 麗しき霊の詩,포함
탁류,,기타,,발표 시기 미상,,,번역서 2종 · 예: 濁流,포함
도시의 곤혹,,기타,,발표 시기 미상,,,번역서 1종 · 예: 都市の困惑,포함
아적장정,,기타,,발표 시기 미상,,,번역서 1종 · 예: 我的长征,포함
아버지,,기타,,발표 시기 미상,,,번역서 2종 · 예: 爸爸,포함
아름다운 밀회,,기타,,발표 시기 미상,,,번역서 1종 · 예: 美妙的幽会,포함
아름다운 날들,,기타,,발표 시기 미상,,,번역서 1종 · 예: 美丽的日子,포함
이상수필전집,,수필,,발표 시기 미상,,,번역서 1종 · 예: Écrits de sang,포함
한국의 과학사,,기타,,발표 시기 미상,,,번역서 1종 · 예: (A) History of Korean Science and Technology,포함
선덕여왕,,기타,,발표 시기 미상,,,번역서 1종 · 예: A silla királyság ékköve,포함
2 / 정체불명 새색시,,기타,,발표 시기 미상,,,번역서 1종 · 예: a titokzatos menyasszony.,포함
배고프면 화나는 그녀 여행을 떠나다,,기타,,발표 시기 미상,,,번역서 1종 · 예: 馋了吗? 想发脾气吗? 去旅行吧!,포함
성장비타민,,기타,,발표 시기 미상,,,번역서 1종 · 예: 成功养育 孩子必做的 46 件事,포함
상도,,기타,,발표 시기 미상,,,번역서 2종 · 예: 商道,포함
"Korea, Japan, Ägypten / 진혼곡, 사랑과 죽음의 노래",,기타,,발표 시기 미상,,,번역서 1종 · 예: Gesänge von Liebe und Tod,포함
a novel. 수색: 그 물빛 무늬,,기타,,발표 시기 미상,,,번역서 1종 · 예: SUSAEK,포함
응석받이 외동아이 리더십 있는 아이로 키우기,,기타,,발표 시기 미상,,,번역서 1종 · 예: 将宠坏的孩子培养成领袖人物,포함
장길산,,기타,,발표 시기 미상,,,번역서 1종 · 예: 張吉山,포함
"쎄느강은 좌우를 가르고, 한강은 남북을 가른다",,기타,,발표 시기 미상,,,번역서 1종 · 예: セーヌは左右を分かち、漢江は南北を隔てる,포함
two novellas. 장군의 수염,,기타,,발표 시기 미상,,,번역서 1종 · 예: The General's Beard,포함
그 가을의 사흘 동안,,기타,,발표 시기 미상,,,번역서 2종 · 예: Trois jours en automne,포함
a novel. 빛의 제국,,기타,,발표 시기 미상,,,번역서 1종 · 예: Your Republic is Calling You,포함
Roman 낯선 시간 속으로,,기타,,발표 시기 미상,,,번역서 1종 · 예: Jahreszeiten des Exils,포함
스파이와 북의 여배우,,기타,,발표 시기 미상,,,번역서 1종 · 예: スパイと北の女優,포함
꽃 파는 처녀,,기타,,발표 시기 미상,,,번역서 1종 · 예: 北朝鮮亡命工作員,포함
아로운전,,기타,,발표 시기 미상,,,번역서 1종 · 예: 玄海灘は知っている : 阿魯雲伝,포함
탑,,기타,,발표 시기 미상,,,번역서 1종 · 예: 塔,포함
재외동포문학상 수상선집,,기타,,발표 시기 미상,,,번역서 1종 · 예: Koreanische Literatur in Deutschland,포함
심청전: 창극,,기타,,발표 시기 미상,,,번역서 1종 · 예: 沈淸傳: 唱劇,중복 제외 (앞 순위 출처에 있음)
동경대전,,기타,,발표 시기 미상,,,번역서 1종 · 예: CHONDOGYO SCRIPTURE,포함
허난설헌 시선집,,시,,발표 시기 미상,,,번역서 1종 · 예: Vision of a Phoenix: the poems of Hŏ Nansŏr hŏn̆,포함
Roman 불놀이,,기타,,발표 시기 미상,,,번역서 1종 · 예: Das Spiel mit dem Feuer,포함
Erzählungen 코끼리를 찾아서,,기타,,발표 시기 미상,,,번역서 1종 · 예: Wie kommt der Elefant in mein Schlafzimmer?,포함
Roman 식빵 굽는 시간,,기타,,발표 시기 미상,,,번역서 1종 · 예: Zeit zum Toastbacken,포함
(The) origins of the Korean war . 1-2,,기타,,발표 시기 미상,,,번역서 1종 · 예: (The) origins of the Korean war . 1-2,포함
one hundred years of korean culture in america 1903-2003/ 호랑이의 세기,,기타,,발표 시기 미상,,,번역서 1종 · 예: Century of the tiger,포함
아우와의 만남,,기타,,발표 시기 미상,,,번역서 1종 · 예: An appointment with my brother,포함
두겹의 노래,,기타,,발표 시기 미상,,,번역서 1종 · 예: Twofold song,포함
a novel. 농민,,장편소설,,발표 시기 미상,,,번역서 1종 · 예: Farmers: A Novel,포함
이동하 소설선,,소설,,발표 시기 미상,,,번역서 1종 · 예: Shrapnel and Other Stories,포함
Yi Kwang-su and modern Korean literature. 무정,,기타,,발표 시기 미상,,,번역서 1종 · 예: Mujǒng,포함
가시고기,,기타,,발표 시기 미상,,,번역서 3종 · 예: カシコギ,포함
황혼의 집: 윤흥길 단편선,,기타,,발표 시기 미상,,,번역서 1종 · 예: The house of twilight,포함
장마,,기타,,발표 시기 미상,,,번역서 2종 · 예: The rainy spell,포함
천지간,,기타,,발표 시기 미상,,,번역서 1종 · 예: Between heaven and earth,포함
"reading the cultural codes of korea, china and japan / 매화",,기타,,발표 시기 미상,,,번역서 1종 · 예: Maehwa the plum blossom,포함
마지막 박쥐 공주 미가야,,기타,,발표 시기 미상,,,"번역서 1종 · 예: Migaya, die letzte Fledermaus",포함
"跟上室內設計師的腳步, 發現不一樣的家 / (신경옥 스타일)Interior Best",,기타,,발표 시기 미상,,,번역서 1종 · 예: 設計師的家 : 居家空間新槪念,포함
시련 속에서,,기타,,발표 시기 미상,,,번역서 1종 · 예: 在考验中,포함
송영희곡집,,희곡,,발표 시기 미상,,,번역서 1종 · 예: 宋影戏剧集,포함
송시열선집,,기타,,발표 시기 미상,,,번역서 1종 · 예: 宋子选集,포함
백범일지,,기타,,발표 시기 미상,,,번역서 2종 · 예: (Das)Tagebuch von Baekbeom,포함
소설 손자병법 (상),,소설,,발표 시기 미상,,,번역서 1종 · 예: 孫子兵法演義 上,포함
석유가 뚝！이 세상에 석유가 없다면？,,기타,,발표 시기 미상,,,번역서 1종 · 예: 石油，不見了啦！ : 如果這世界上沒有石油的話？,포함
이 세상에 식량이 사라진다면? 햄버거가 뚝!,,기타,,발표 시기 미상,,,번역서 1종 · 예: 有一天世界上都沒有食物的話？咦~漢堡通通不見了！,포함
호철이 안경은 이상해,,기타,,발표 시기 미상,,,번역서 1종 · 예: 浩哲的魔力眼镜,포함
낙타 할아버지는 어디로 갔을까,,기타,,발표 시기 미상,,,번역서 1종 · 예: 罗锅爷爷去了哪里,포함
Tradition und Experiment : Beispiele zeitgenössischer koreanischer Literatur,,기타,,발표 시기 미상,,,번역서 1종 · 예: Tradition und Experiment : Beispiele zeitgenössischer koreanischer Literatur,포함
Die Stimme lebt in jedem Schweigen : Eine Anthologie Koreanischer Gegenwartsliteratur,,기타,,발표 시기 미상,,,번역서 1종 · 예: Die Stimme lebt in jedem Schweigen : Eine Anthologie Koreanischer Gegenwartsliteratur,포함
송이의 노란 우산,,기타,,발표 시기 미상,,,번역서 1종 · 예: 松伊的黃雨伞,포함
"꽃, 새 그리고 하찮은 것들",,기타,,발표 시기 미상,,,"번역서 1종 · 예: VON BLUMEN, VÖGELN UND ANDEREN NUTZLOSEN DINGEN",포함
아이 인생에 독이 되는 부모와 빽이 되는 부모는 따로 있다,,기타,,발표 시기 미상,,,번역서 1종 · 예: 別让你的 坏习惯 毁了孩子,포함
최정례 시선,,시,,발표 시기 미상,,,번역서 1종 · 예: Instances : selected poems,포함
삼포가는 길: 2차 세계대전 이후 한국단편소설선집,,단편소설,,발표 시기 미상,,,번역서 1종 · 예: Perjalanan ke Samp'o : antologi cerpen Korea selepas Perang Dunia Kedua,포함
아이들의 조선전쟁,,기타,,발표 시기 미상,,,번역서 1종 · 예: 子どもたちの朝鮮戰爭 : ユギオ6.25,포함
문학의 귀환,,기타,,발표 시기 미상,,,번역서 1종 · 예: 東アジア 文学空間 の創造,포함
한국여정 (한일대역),,수필,,발표 시기 미상,,,번역서 1종 · 예: 韓国心の旅 エッセイで学ぶハングル,포함
옥루몽,,기타,,발표 시기 미상,,,번역서 1종 · 예: 玉樓夢,포함
옛 우물,,기타,,발표 시기 미상,,,번역서 1종 · 예: 老井,포함
훨훨 간다,,기타,,발표 시기 미상,,,번역서 3종 · 예: ゆらゆら ゆくよ,포함
초가집이 있던 마을,,기타,,발표 시기 미상,,,번역서 1종 · 예: わら屋根のぬる村,포함
동아시아문학지 25권 1998년 11월,,기타,,발표 시기 미상,,,번역서 1종 · 예: Hefte Für Ostasiatische Literatur 25,포함
동아시아문학지 36권 2004년 5월,,기타,,발표 시기 미상,,,번역서 1종 · 예: Hefte Für Ostasiatische Literatur 36,포함
어선 전진호,,기타,,발표 시기 미상,,,번역서 1종 · 예: 漁輪前進號,포함
어머니는 죽지 않는다,,기타,,발표 시기 미상,,,번역서 1종 · 예: 永恒的母亲,포함
엽기적인 그녀,,기타,,발표 시기 미상,,,번역서 1종 · 예: 我的野蛮女友,포함
열녀춘향수절가,,기타,,발표 시기 미상,,,번역서 2종 · 예: Чүнхянг бүсгүйн домог,포함
여성의 몸 : 평생 건강 프로젝트,,기타,,발표 시기 미상,,,번역서 1종 · 예: 透过身体看女人 : 女性美丽无忧的健康手册,포함
한국 현대단편소설전집,,단편소설,,발표 시기 미상,,,"번역서 1종 · 예: Час, коли цвiте гречка; Збiрка корейських оповiванъ ХХ ст",포함
평양프로젝트: 얼렁뚱땅 오공식의 만화 북한기행,,기타,,발표 시기 미상,,,번역서 1종 · 예: Mission Pyongyang,포함
고행,,기타,,발표 시기 미상,,,번역서 1종 · 예: 苦行,포함
한국의 신화・전설,,소설,,발표 시기 미상,,,번역서 1종 · 예: 韓国の神話・伝說,포함
일곱송이 수선화,,기타,,발표 시기 미상,,,번역서 1종 · 예: 七朵水仙花,포함
이브의 모든 것,,기타,,발표 시기 미상,,,번역서 1종 · 예: 夏娃的诱惑,포함
이별,,기타,,발표 시기 미상,,,번역서 1종 · 예: 離別,포함
이기영단편소설집,,단편소설,,발표 시기 미상,,,번역서 1종 · 예: 李箕永短篇小说集,포함
이 성숙한 밤의 포옹,,기타,,발표 시기 미상,,,번역서 1종 · 예: 深夜的拥抱,포함
이 땅에 태어나서-나의 살아온 이야기,,기타,,발표 시기 미상,,,번역서 1종 · 예: 我的現代生涯 : 鄭周永回憶錄,포함
바다와 나비(외): 한국단편선집,,기타,,발표 시기 미상,,,번역서 1종 · 예: Laut dan Kupu-Kupu : kumpulan cerpen Korea,포함
청구야담 : 이조 세속담,,기타,,발표 시기 미상,,,번역서 1종 · 예: 靑邱野談 : 李朝世俗譚,중복 제외 (앞 순위 출처에 있음)
조선민요선,,노래,,발표 시기 미상,,,번역서 1종 · 예: 朝鮮民謡選,포함
한국의 민화,,기타,,발표 시기 미상,,,번역서 1종 · 예: 韓国の民話,포함
"은장도여, 은장도여!",,기타,,발표 시기 미상,,,"번역서 1종 · 예: 银妆刀啊, 银妆刀: 一臂葬哀史",포함
우리를 기다리라,,기타,,발표 시기 미상,,,번역서 1종 · 예: 等着我們吧,포함
우리 땅에서 익은 우리 술,,기타,,발표 시기 미상,,,번역서 1종 · 예: 韩国传统民俗酒,포함
어느날 나는 흐린 주점에 앉아 있을 거다,,기타,,발표 시기 미상,,,번역서 1종 · 예: NO BRILLA LA LUZ ERDADERA,포함
동아시아문학지 19권 1995년 11월,,기타,,발표 시기 미상,,,번역서 1종 · 예: Hefte Für Ostasiatische Literatur 19,포함
three stories. 저기 소리없이 한 점 꽃잎이 지고,,기타,,발표 시기 미상,,,번역서 1종 · 예: There a Petal Silently Falls,포함
early masters of modern Korean fiction. 한국현대 초기작가 소설선,,소설,,발표 시기 미상,,,번역서 1종 · 예: A Ready - Made Life,포함
시사회 외 9편,,단편소설,,발표 시기 미상,,,번역서 1종 · 예: The Preview and Other Stories,포함
이어도,,기타,,발표 시기 미상,,,번역서 1종 · 예: IYŎ ISLAND,포함
(내 아이의 속마음을 척척 읽어내는) 어린아이 심리학,,기타,,발표 시기 미상,,,번역서 1종 · 예: 读懂 孩子的 內心世界,포함
격몽요결,,기타,,발표 시기 미상,,,번역서 2종 · 예: El secreto para desterrar la ignorancia: Compendio básico de educatión confuciana en la Corea del siglo XVI,포함
Roman 나무들 비탈에 서다,,기타,,발표 시기 미상,,,번역서 1종 · 예: Bäume am Abhang,포함
合わせ鏡の 世界 = 치마바람 Part 3 : 일한 = 맞춤 거울의 세계,,기타,,발표 시기 미상,,,번역서 1종 · 예: 新スカ-トの 風 Part 3 : 日韓,포함
치마바람 Part 2: 한을 즐기는 사람들,,기타,,발표 시기 미상,,,번역서 1종 · 예: 続スカートの風 : 恨を 樂しむ 人びと,포함
치마바람: 일본 영주를 노리는 한국의 여성들,,기타,,발표 시기 미상,,,번역서 1종 · 예: スカートの風 : 日本永住を めざす 韓國の 女たち,포함
무소유,,기타,,발표 시기 미상,,,번역서 1종 · 예: 無所有,포함
"그 밤, 호롱불을 밝히고",,기타,,발표 시기 미상,,,"번역서 1종 · 예: With her oil lamp on, that night",포함
short stories. 개도둑,,기타,,발표 시기 미상,,,번역서 1종 · 예: The dog thief,포함
판문점,,단편소설,,발표 시기 미상,,,번역서 3종 · 예: Panmunjom And Other Stories,포함
한국 여성작가 단편선집,,기타,,발표 시기 미상,,,번역서 1종 · 예: Narradoras coreanas contemporáneas : diez relatos,포함
글,,기타,,발표 시기 미상,,,번역서 1종 · 예: Orientierungen : Zeitschrift zur Kultur Asiens : Die Antenne - erzahlungen koreanischer autoren des 20. jahrhunderts,포함
그러나,,기타,,발표 시기 미상,,,번역서 1종 · 예: されど,포함
(Die)Tränen meiner Seele,,기타,,발표 시기 미상,,,번역서 1종 · 예: (Die)Tränen meiner Seele,포함
Kriegspack : Roman,,장편소설,,발표 시기 미상,,,번역서 1종 · 예: Kriegspack : Roman,중복 제외 (앞 순위 출처에 있음)
Eine Jugend in Korea / 압록강은 흐른다,,기타,,발표 시기 미상,,,번역서 1종 · 예: Der Yalu fließt Eine Jugend in Korea,포함
a novel. 우리들의 일그러진 영웅,,기타,,발표 시기 미상,,,번역서 1종 · 예: Our Twisted Hero,포함
우리나라 우투리,,기타,,발표 시기 미상,,,번역서 1종 · 예: WUTURI LE BÉBÉ GÉANT,포함
아버지의 땅,,기타,,발표 시기 미상,,,번역서 2종 · 예: Terre des ancêtres,포함
직녀의 일기장,,기타,,발표 시기 미상,,,번역서 1종 · 예: おり姫の日記帳,포함
kurze Koreanische Erzählungen. 이미륵의 이야기,,단편소설,,발표 시기 미상,,,번역서 1종 · 예: IYAGI KURZE KOREANISCHE ERZÄHLUNGEN,포함
둔황의 사랑,,기타,,발표 시기 미상,,,번역서 2종 · 예: The Love of Dunhuang,포함
"searching for the portrait of Yeonam through travel dairy of Rehe. 열하일기, 웃음과 역설의 유쾌한 시공간",,기타,,발표 시기 미상,,,번역서 1종 · 예: A philosopher's journey into Rehe: searching for the portrait of Yeonam through travel dairy of Rehe,포함
"selected poems by Ku Sang. 오늘 속의 영원, 영원 속의 오늘",,시,,발표 시기 미상,,,번역서 1종 · 예: Eternity today: selected poems by Ku Sang,포함
(답사여행의 길잡이) 경주,,기타,,발표 시기 미상,,,번역서 1종 · 예: ((A) Field Guide to History) GYEONGJU,포함
"A linguistic, Historic and anthropological approach / 고대한국과 인류역사의 발상지, 파미르고원",,기타,,발표 시기 미상,,,번역서 1종 · 예: Ancient Korea and the dawn of human history on the pamirs,포함
Korea of bygone days,,기타,,발표 시기 미상,,,번역서 1종 · 예: Korea of bygone days,포함
두 개의 한국,,기타,,발표 시기 미상,,,번역서 1종 · 예: The Two Koreas,포함
우상의 집,,기타,,발표 시기 미상,,,번역서 1종 · 예: House of idols,포함
개미의 탑,,기타,,발표 시기 미상,,,번역서 2종 · 예: Tower of ants,포함
two novellas 가면고 외,,기타,,발표 시기 미상,,,번역서 1종 · 예: Reflections on a Mask,포함
춤추는 철학도,,기타,,발표 시기 미상,,,번역서 1종 · 예: Der tanzende Philosoph,포함
안골 이야기,,기타,,발표 시기 미상,,,번역서 1종 · 예: Wanyodo,포함
"와녀도, 그리고 서서 울었다",,기타,,발표 시기 미상,,,번역서 1종 · 예: Wanyodo,포함
Roman 사흘간의 외출,,기타,,발표 시기 미상,,,번역서 1종 · 예: Drei Tage unterwegs,포함
Erzählungen 직선과 곡선,,단편소설,,발표 시기 미상,,,번역서 1종 · 예: Kurve und Gerade. Erzählungen,포함
마루타 (상),,기타,,발표 시기 미상,,,번역서 1종 · 예: 特別监狱 上,포함
떡볶이 따라 몸속 구경,,기타,,발표 시기 미상,,,번역서 1종 · 예: 跟着炒年糕的人体旅行,포함
selected works of Choe Chung-hui. 최정희 소설선,,소설,,발표 시기 미상,,,번역서 1종 · 예: Cry of the Harp,포함
현대시선,,기타,,발표 시기 미상,,,번역서 1종 · 예: قصائرمن كوري يا الجنوبية,포함
한국삼인시선,,시,,발표 시기 미상,,,번역서 1종 · 예: 韓国三人詩選,포함
Roman 새의 선물,,기타,,발표 시기 미상,,,번역서 1종 · 예: Ein Geschenk des Vogels,포함
에미 이름은 조센삐였다,,기타,,발표 시기 미상,,,"번역서 1종 · 예: Meine Mutter war einen ""Korea-Nutte""",포함
Erzählungen. 유년의 뜰,,기타,,발표 시기 미상,,,번역서 1종 · 예: Der Hof meiner Kindheit,포함
Erzählungen 이승우 단편집: 미궁에 대한 추측,,단편소설,,발표 시기 미상,,,번역서 1종 · 예: Vermutungen über das Labyrinth,포함
한국중단편선집,,단편소설,,발표 시기 미상,,,번역서 1종 · 예: Die Sympathie der Goldfisch: Neue Erzählungen aus südkorea,포함
Roman 젊은 날의 초상,,기타,,발표 시기 미상,,,번역서 1종 · 예: Jugendjahre,포함
und andere Erzählungen. 비화밀교,,기타,,발표 시기 미상,,,번역서 1종 · 예: Das geheime Feuerfest,포함
Führungsstrategien für das 21. Jahrhundert / CEO 칭기즈칸,,기타,,발표 시기 미상,,,번역서 1종 · 예: Dschingis Khan als CEO,포함
Roman 한씨연대기,,기타,,발표 시기 미상,,,번역서 1종 · 예: Die Geschichte des Herrn Han,포함
Roman. 오래된 정원,,기타,,발표 시기 미상,,,번역서 1종 · 예: Der ferne Garten,포함
Erzählungen 무사와 악사 외,,기타,,발표 시기 미상,,,번역서 1종 · 예: KRIEGER UND SÄGER,포함
Roman 부초,,기타,,발표 시기 미상,,,번역서 1종 · 예: Ende einer Vorstellung,포함
Erzählungen 내 영혼의 우물,,기타,,발표 시기 미상,,,번역서 1종 · 예: Der Brunnen meiner Seele,포함
Roman 광장,,기타,,발표 시기 미상,,,번역서 1종 · 예: Der Platz,포함
Erzählungen 저기 소리없이 한 점 꽃잎이 지고,,기타,,발표 시기 미상,,,번역서 1종 · 예: Lautlos fällt eine Blüte,포함
und andere Erzählungen 전상국 단편선-아베의 가족,,기타,,발표 시기 미상,,,번역서 1종 · 예: Ahbes Familie,포함
Roman 유형의 땅,,기타,,발표 시기 미상,,,번역서 1종 · 예: Land der Verbannung,포함
zwei Erzählungen 소문의 벽,,기타,,발표 시기 미상,,,번역서 1종 · 예: Die Gerüchtemauer sŏp'yŏnje:,포함
oder die verzauberte Strohpuppe : eine alktoreanische Volksdichtung-neu erzählt 옹고집이 기가 막혀,,기타,,발표 시기 미상,,,번역서 1종 · 예: Der doppelte Ong-oder: Die verzauberte Strohpuppe,포함
eine altkoreanische Volksdichtung-neu erzählt 심청이는 빽이 든든하다,,기타,,발표 시기 미상,,,번역서 1종 · 예: Sim Ch'ŏng hat gute Beziehungen,포함
oder zweierlei Menschen : eine altkoreanische Volksdichtung-neu erzählt 놀부는 선생이 많다,,기타,,발표 시기 미상,,,번역서 1종 · 예: Nolbu hat viele Lehrer,포함
김동리 대표작선: 무녀도,,기타,,발표 시기 미상,,,번역서 1종 · 예: 巫女图,포함
무궁화의 유혹: 한국당대중단편소설선,,단편소설,,발표 시기 미상,,,번역서 1종 · 예: 木槿花的诱惑,포함
마이너리그,,기타,,발표 시기 미상,,,번역서 1종 · 예: 汉城兄弟,포함
마루타 (하),,기타,,발표 시기 미상,,,번역서 1종 · 예: 特別监獄 下,포함
변강쇠전,,기타,,발표 시기 미상,,,번역서 1종 · 예: Histoire de Byon Gangsoé,포함
우리 옛지도와 그 아름다움,,기타,,발표 시기 미상,,,번역서 1종 · 예: (The) Artistry of Early Korean Cartography,포함
까치소리,,기타,,발표 시기 미상,,,번역서 1종 · 예: The cry of the magpies,포함
화엄경,,기타,,발표 시기 미상,,,번역서 3종 · 예: Little pilgrim,포함
가까운 골짜기,,기타,,발표 시기 미상,,,번역서 1종 · 예: The Valley Nearby,포함
흥부전,,기타,,발표 시기 미상,,,"번역서 3종 · 예: The Story of Two Brothers, Nol-bu and Hŭng-bu: One story of an ancient Korean trilogy",중복 제외 (앞 순위 출처에 있음)
"토끼전, 장끼전",,기타,,발표 시기 미상,,,"번역서 1종 · 예: The story of rabbit, The story of cock pheasant",포함
콩쥐팥쥐전,,기타,,발표 시기 미상,,,번역서 1종 · 예: The story of Kongjwi & Patjwi,포함
"roman / 미쳐버리고 싶은, 미쳐지지 않는",,기타,,발표 시기 미상,,,번역서 1종 · 예: Interdit de folie,포함
choix de poème de Kim Hyeonseung / 김현승 시선집,,시,,발표 시기 미상,,,번역서 1종 · 예: (La)solitude absolue,포함
roman / 엄마의 말뚝,,기타,,발표 시기 미상,,,번역서 1종 · 예: (Les)piquets de ma mère,포함
흰 뱀을 찾아서,,기타,,발표 시기 미상,,,번역서 1종 · 예: Sur les traces du serpent blanc,포함
낫,,기타,,발표 시기 미상,,,번역서 1종 · 예: 鎌,포함
조선삼국지 (1),,기타,,발표 시기 미상,,,번역서 1종 · 예: 朝鮮三国志１,포함
One Story of an ancient korean trilogy. 춘향전,,기타,,발표 시기 미상,,,"번역서 1종 · 예: The Pure-Hearted Lady, Chun-hyang Story",포함
고쳐 쓴 한국현대사,,기타,,발표 시기 미상,,,번역서 1종 · 예: (A) history of contemporary Korea,포함
독립정신,,기타,,발표 시기 미상,,,번역서 1종 · 예: The Spirit of Independence : A primer of Korean Modernization and Reform,포함
한국역사,,기타,,발표 시기 미상,,,번역서 1종 · 예: A history of Korea : Korea historical research association,포함
아틀라스 한국사,,기타,,발표 시기 미상,,,번역서 1종 · 예: Atlas of Korean History,포함
5월의 사회과학,,기타,,발표 시기 미상,,,번역서 1종 · 예: The Gwangju uprising: the pivotal democratic movement that changed the history of modern Korea,포함
끝나지 않는 시다의 노래,,기타,,발표 시기 미상,,,번역서 1종 · 예: THEY ARE NOT MACHINES : KOREAN WOMEN WORKERS AND THEIR FIGHT FOR DEMOCRATIC TRADE UNIONISM IN THE 1970s,포함
a novel. 토지,,기타,,발표 시기 미상,,,"번역서 1종 · 예: Land 1, 2, 3",포함
a novel. 김약국의 딸들,,기타,,발표 시기 미상,,,번역서 1종 · 예: The curse of Kim's daughters,포함
p'ansori moderne / 사천가,,기타,,발표 시기 미상,,,번역서 1종 · 예: (Le)dit de Sichuan,포함
사진관 살인사건,,기타,,발표 시기 미상,,,번역서 1종 · 예: Photo shop murder,포함
만취당기,,기타,,발표 시기 미상,,,번역서 1종 · 예: The chronicle of Manchwidang,포함
roman / 유진과 유진,,기타,,발표 시기 미상,,,번역서 1종 · 예: Yujin et Yujin,포함
셀러브리티,,기타,,발표 시기 미상,,,번역서 1종 · 예: 名流,포함
"여자, 그림으로 행복해지다",,기타,,발표 시기 미상,,,"번역서 1종 · 예: 女人, 因画而幸福",포함
열일곱살의 털,,기타,,발표 시기 미상,,,번역서 1종 · 예: 十七岁的头发,포함
깨소금과 옥떨메,,기타,,발표 시기 미상,,,번역서 1종 · 예: 小雀斑和豆饼脸,포함
"(Die)""Erinnerungen"" der Prinzessin Hyae-Gyong (1735 - 1815) aus dem Hause der letzten Herrscherdynastie Koreas",,기타,,발표 시기 미상,,,"번역서 1종 · 예: (Die)""Erinnerungen"" der Prinzessin Hyae-Gyong (1735 - 1815) aus dem Hause der letzten Herrscherdynastie Koreas",포함
뒹구는 돌은 언제 잠깨는가,,시,,발표 시기 미상,,,번역서 1종 · 예: I heard life calling me: poems of Yi Sŏng-Bok,포함
소설가 구보씨의 하루 외,,소설,,발표 시기 미상,,,번역서 1종 · 예: On the eve of the uprising; and other stories from colonial Korea,포함
アダムが目覚めるときx 아담이 눈뜰 때,,기타,,발표 시기 미상,,,번역서 1종 · 예: アダムが目覚めるときx 아담이 눈뜰 때,포함
LIES 嘘x 내게 거짓말을 해봐,,기타,,발표 시기 미상,,,번역서 1종 · 예: LIES 嘘x 내게 거짓말을 해봐,포함
近未来シミュレーショソ·ノベル. 1999 한일전쟁,,기타,,발표 시기 미상,,,번역서 1종 · 예: (開戦篇) 1999韓日戦争,포함
Song Yong stories. 송영 단편선,,기타,,발표 시기 미상,,,번역서 1종 · 예: Diary of a Vagabond,포함
물 위에 떠있는 도시,,장편소설,,발표 시기 미상,,,번역서 1종 · 예: A Floating City on the Water : a novel,포함
산행,,기타,,발표 시기 미상,,,번역서 1종 · 예: A walk in the mountains,포함
마록열전,,기타,,발표 시기 미상,,,번역서 1종 · 예: The Ma Rok biographies,포함
달콤한 나의 도시,,기타,,발표 시기 미상,,,번역서 1종 · 예: 我的甜蜜都市,포함
멸치,,기타,,발표 시기 미상,,,번역서 1종 · 예: 鳀鱼,포함
씌어지지 않은 자서전,,기타,,발표 시기 미상,,,번역서 1종 · 예: 書かれざる自叙伝,포함
도산 안창호,,기타,,발표 시기 미상,,,번역서 1종 · 예: 至誠、天を動かす 大韓民族独立運動の父島山安昌浩の思想と生涯,포함
바람의 언덕을 넘어서: 서편제,,기타,,발표 시기 미상,,,번역서 1종 · 예: 風の丘を越えて -西便制-,포함
윤복이의 시: 저 하늘에도 이 소식을,,시,,발표 시기 미상,,,번역서 1종 · 예: ユンボギの詩: あの空にこの便りを,포함
그해 5월 3,,기타,,발표 시기 미상,,,번역서 1종 · 예: クーデター 3,포함
그해 5월 2,,기타,,발표 시기 미상,,,번역서 1종 · 예: クーデター 2,포함
コリアン·サラリ─マンの秘密の生活,,기타,,발표 시기 미상,,,번역서 1종 · 예: コリアン·サラリ─マンの秘密の生活,포함
신의 지팡이,,기타,,발표 시기 미상,,,번역서 1종 · 예: 神の杖,포함
Korean stories. 오영수 단편선,,기타,,발표 시기 미상,,,번역서 1종 · 예: The Good People,포함
미술관에서 만난 수학,,기타,,발표 시기 미상,,,번역서 1종 · 예: A Matemática no Museu de Arte/,포함
(실내오염 발아들이는)공기정화식물 키우기,,기타,,발표 시기 미상,,,번역서 1종 · 예: 超有效室內空氣淨化植物,포함
絕美的圖像編修術 / 장미가족의 포토샵 최우수 작품집,,기타,,발표 시기 미상,,,번역서 1종 · 예: 完美 Photoshop,포함
초등고민 탈출학교,,기타,,발표 시기 미상,,,번역서 1종 · 예: 呼叫超人老爸! : 小學生的煩惱 TOP30,포함
Solving Your Cuisine Questions = 요리궁금증 400 : 요리궁금증 400,,기타,,발표 시기 미상,,,번역서 1종 · 예: 大廚也想學的料理難題 400 問,포함
제1통일공화국,,기타,,발표 시기 미상,,,번역서 1종 · 예: 北朝鮮崩壞 : 近未来小説,포함
항우와 유방,,기타,,발표 시기 미상,,,번역서 1종 · 예: (小説) 項羽と劉邦,포함
진시황제,,기타,,발표 시기 미상,,,번역서 1종 · 예: (小説) 秦の始皇帝,포함
(소설)손자병법,,소설,,발표 시기 미상,,,번역서 1종 · 예: (小說)孫子の兵法,포함
슬픔도 힘이 된다,,기타,,발표 시기 미상,,,번역서 1종 · 예: Strength from sorrow,포함
녹,,기타,,발표 시기 미상,,,번역서 1종 · 예: Rust,포함
음식 동의보감,,기타,,발표 시기 미상,,,번역서 1종 · 예: 韩国世界文化遗产 ≪东医宝鉴≫ 中医养生,포함
"아빠, 힘내세요",,기타,,발표 시기 미상,,,"번역서 1종 · 예: 爸爸, 加油",포함
일기도서관,,기타,,발표 시기 미상,,,번역서 1종 · 예: 日记图书馆,포함
그 여자의 연인,,기타,,발표 시기 미상,,,번역서 1종 · 예: The man she loved,포함
성화,,기타,,발표 시기 미상,,,번역서 1종 · 예: 圣火,포함
Koreanische Märchen. 단군과 웅녀: 한국전래동화,,동화,,발표 시기 미상,,,번역서 1종 · 예: Der Himmelsprinz und die Bärin,포함
Koreanische Märchen. 용왕의 진주,,기타,,발표 시기 미상,,,번역서 1종 · 예: Die Perle des Drachenkönigs,포함
새는 눈꽃으로 질 수 없다,,기타,,발표 시기 미상,,,번역서 1종 · 예: 鸟不会像雪花凋谢,포함
상사집,,기타,,발표 시기 미상,,,번역서 1종 · 예: 相思集,포함
삿뽀로 여인숙,,기타,,발표 시기 미상,,,번역서 1종 · 예: 札幌旅店,포함
한국현대시선,,시,,발표 시기 미상,,,번역서 4종 · 예: 韓国現代詩選 -茨木のり子訳編-,포함
김승희 시선,,시,,발표 시기 미상,,,번역서 1종 · 예: Walking on a Washing Line: Poems by Kim Seung-hee,포함
"Als der Hahn im Dorf am Fluβ krähte, hing der Mond noch im Dachgesims: Gedichte 1515-1570",,시,,발표 시기 미상,,,"번역서 1종 · 예: Als der Hahn im Dorf am Fluβ krähte, hing der Mond noch im Dachgesims: Gedichte 1515-1570",중복 제외 (앞 순위 출처에 있음)
literaturkritische Aufsätze zur koreanischen Literatur / 뜨거운 세상과 말의 서늘함,,기타,,발표 시기 미상,,,번역서 1종 · 예: Brennende Wirklichkeit - kalte Theorie,포함
die koreanische Literatur der Gegenwart(Essays)/ 두 열림을 향하여,,기타,,발표 시기 미상,,,번역서 1종 · 예: Grenzerfahrungen,포함
ein autobiographischer Essay aus Südkorea/ 팔려가지 않은 신부,,기타,,발표 시기 미상,,,번역서 1종 · 예: (Die)unverkaufte Braut,포함
뻐꾸기는 울어도,,기타,,발표 시기 미상,,,번역서 1종 · 예: 青涩雨季: 十九岁物语,포함
박완서 단편소설선,,단편소설,,발표 시기 미상,,,번역서 1종 · 예: Как их много!,포함
흙 속에 저 바람 속에,,기타,,발표 시기 미상,,,"번역서 1종 · 예: В ТЕХ КРАЯХ, НА ТЕХ ВЕТРАХ : Сборник эссе",포함
Erzählungen 이옥의 전과 부,,단편소설,,발표 시기 미상,,,번역서 1종 · 예: Trauer über einen Schmetterling und andere: Erzählungen,포함
나만의 별자리 풍수 인테리어,,기타,,발표 시기 미상,,,번역서 1종 · 예: 属于我的星座风水装修,포함
한국의 아름다움을 찾아 떠난 여행,,기타,,발표 시기 미상,,,번역서 1종 · 예: A journey in search of Korea's beauty,포함
x 여자조차 모르는 여자몸 설명서,,기타,,발표 시기 미상,,,번역서 1종 · 예: 连女性也不知道的-女性身体说明书,포함
從英文子母形狀A to Z中看懂單子 / 알파벳만 알면 영단어가 보인다,,기타,,발표 시기 미상,,,번역서 1종 · 예: 真神奇!我是圖解英交2000單字書,포함
그해 5월 1,,기타,,발표 시기 미상,,,번역서 1종 · 예: クーデター 1,포함
Koreanische Märchen,,동화,,발표 시기 미상,,,번역서 1종 · 예: Koreanische Märchen,포함
설화부,,소설,,발표 시기 미상,,,번역서 1종 · 예: 雪花賦,포함
석녀,,기타,,발표 시기 미상,,,번역서 1종 · 예: 石女,포함
서정주시집,,시,,발표 시기 미상,,,번역서 1종 · 예: 徐廷柱詩集,포함
진시황릉에서 살아남기 1,,기타,,발표 시기 미상,,,번역서 1종 · 예: 秦始皇陵大探险. 1,포함
한국현대소설선,,소설,,발표 시기 미상,,,번역서 5종 · 예: 韩国现代小说选: 通过小说阅读韩国,포함
무소의 뿔처럼 혼자서 가라,,기타,,발표 시기 미상,,,번역서 2종 · 예: 像犀牛独角一样只身前行,포함
나의 詩에게,,시,,발표 시기 미상,,,번역서 1종 · 예: 致我的詩,포함
한국현대시선집: 인도네시아 인민에게 주는 시,,시,,발표 시기 미상,,,번역서 1종 · 예: Puisi buat Rakyat Indonesia,포함
한국현대중단편선,,기타,,발표 시기 미상,,,번역서 1종 · 예: Солонгосын шилдэг зохиолын дээжис,포함
엄마 5분만,,기타,,발표 시기 미상,,,번역서 1종 · 예: 早起的鸟儿有虫吃,포함
꺼벙이 억수랑 아나바다,,기타,,발표 시기 미상,,,번역서 1종 · 예: 小不点儿们的拯救行动,포함
타임머신을 타고 온 선생님,,기타,,발표 시기 미상,,,번역서 1종 · 예: 坐着时光机来的老师,포함
바다 위의 낭만 크루즈 여행,,기타,,발표 시기 미상,,,번역서 1종 · 예: 海上游轮之旅,포함
Postmodern Art in Korea : from 1985 on,,기타,,발표 시기 미상,,,번역서 1종 · 예: Postmodern Art in Korea : from 1985 on,중복 제외 (앞 순위 출처에 있음)
Изучение истории Кореи через : Всемирное наследие,,기타,,발표 시기 미상,,,번역서 1종 · 예: Изучение истории Кореи через : Всемирное наследие,중복 제외 (앞 순위 출처에 있음)
해동이적,,기타,,발표 시기 미상,,,번역서 1종 · 예: Miracles in Korea,포함
불편하고 행복하게 1-2 (합본),,기타,,발표 시기 미상,,,번역서 1종 · 예: Histoire d'un couple,포함
그리미의 하얀 캔버스,,기타,,발표 시기 미상,,,번역서 1종 · 예: Grimis Zauberfenster,포함
내 짝궁 김은실,,기타,,발표 시기 미상,,,번역서 1종 · 예: 我和我的野兔同桌,포함
작은북이 동동동,,기타,,발표 시기 미상,,,번역서 1종 · 예: 土鸡插班生遇上了完美男生,포함
잔소리 없는 엄마를 찾아주세요,,기타,,발표 시기 미상,,,번역서 1종 · 예: 寻找不会唠叨的父母大人,포함
정오의 희망곡,,기타,,발표 시기 미상,,,번역서 1종 · 예: Request Line at Noon,포함
나는 할머니와 산다,,기타,,발표 시기 미상,,,번역서 2종 · 예: ゴーストばあちゃん,포함
인사,,기타,,발표 시기 미상,,,번역서 1종 · 예: Say Hello?,포함
HOW I BECAME A NORTH KOREAN,,기타,,발표 시기 미상,,,번역서 1종 · 예: HOW I BECAME A NORTH KOREAN,포함
욕조가 놓인 방 [Yokjoga noin bang],,기타,,발표 시기 미상,,,번역서 1종 · 예: La Baignoire,포함
완전판 토지 10권,,기타,,발표 시기 미상,,,번역서 1종 · 예: 完全版 土地. 10卷,포함
소설판 한국 페미니즘 일본,,소설,,발표 시기 미상,,,번역서 1종 · 예: 小説版 韓国・フェミニズム・日本,포함
현대시수첩 2015.10.,,시,,발표 시기 미상,,,번역서 1종 · 예: 現代詩手帖 2015.10.,포함
토지 6,,기타,,발표 시기 미상,,,번역서 2종 · 예: 土地 第6券,포함
토지 3,,기타,,발표 시기 미상,,,번역서 3종 · 예: 土地 第3卷,포함
저녁의 게임,,기타,,발표 시기 미상,,,번역서 1종 · 예: 夜のゲーム,포함
selected poems of Heeduk Ra. 사라진 손바닥,,기타,,발표 시기 미상,,,번역서 1종 · 예: Scale & stairs,포함
한국 고전여성작가의 시 세계,,시,,발표 시기 미상,,,번역서 1종 · 예: The poetic world of classic Korean women writers,포함
내 보물 1호 티노,,기타,,발표 시기 미상,,,번역서 1종 · 예: Tino : my number one dinosaur,포함
한국 생활사 박물관 시리즈,,기타,,발표 시기 미상,,,"번역서 1종 · 예: Living in Joseon. Part 1-3, The crossroads of tradition",포함
108 Korean Zen poems. 자아를 넘어서: 선시선(禪詩選) 108편,,시,,발표 시기 미상,,,번역서 1종 · 예: Beyond Self: 108 Korean Zen Poems By Ko Un,포함
poems. 순간의 꽃,,시,,발표 시기 미상,,,번역서 1종 · 예: Flowers of a moment poems,포함
roman / 엄마를 부탁해,,기타,,발표 시기 미상,,,번역서 1종 · 예: Prends soin de maman,포함
어부사시사,,기타,,발표 시기 미상,,,번역서 1종 · 예: The fisherman's calendar,포함
별 외: 한국단편선,,단편소설,,발표 시기 미상,,,번역서 1종 · 예: The star and other korean short stories,포함
단편소설선,,단편소설,,발표 시기 미상,,,번역서 1종 · 예: The Stars and Other Korean Short Sotries,포함
지 - 한국문학선집,,기타,,발표 시기 미상,,,번역서 1종 · 예: Black Crane 1: An Anthology of Korean Literature Cornell East Asia Series Number 14,포함
한국고전문학선집,,기타,,발표 시기 미상,,,번역서 1종 · 예: Early Korean Literature: Selections and Introductions,포함
퇴근,,기타,,발표 시기 미상,,,번역서 1종 · 예: Homecoming,포함
회색도시,,기타,,발표 시기 미상,,,번역서 1종 · 예: LA VILLE GRISE,포함
상속,,기타,,발표 시기 미상,,,번역서 1종 · 예: Qui a tendu un piège dans la pinède par une journée fleurie de printemps,포함
이태준 단편선,,기타,,발표 시기 미상,,,번역서 1종 · 예: LES CERISIERS DU JAPON,포함
토지 8,,기타,,발표 시기 미상,,,번역서 1종 · 예: 土地 8,포함
토지 7,,기타,,발표 시기 미상,,,번역서 1종 · 예: 土地 7,포함
토지 5,,기타,,발표 시기 미상,,,번역서 1종 · 예: 土地 5,포함
좁쌀영감 오병수,,기타,,발표 시기 미상,,,번역서 1종 · 예: 碎嘴男孩的一地鸡毛,포함
춤추는 책가방,,기타,,발표 시기 미상,,,번역서 1종 · 예: 我不是绯闻女生,포함
꺼벙이 억수,,기타,,발표 시기 미상,,,번역서 1종 · 예: 傻傻孩的幸福时光,포함
바닷길은 문화의 고속도로였다,,기타,,발표 시기 미상,,,번역서 1종 · 예: Ðường biển - cao tốc phát triển văn hóa,포함
孩子请听我说 / (아이의 미래를 바꾸는) 아빠의 대화 혁명,,기타,,발표 시기 미상,,,번역서 1종 · 예: 爸爸的对话革命,포함
不搞怪就不叫藝術 = 새빨간 미술의 고백 : 새빨간 미술의 고백,,기타,,발표 시기 미상,,,번역서 1종 · 예: 60個大開眼界的創意搞怪藝術,포함
寶寶最愛吃的斷乳食譜 : 4000道營養餐輕鬆做,,기타,,발표 시기 미상,,,번역서 1종 · 예: 寶寶最愛吃的斷乳食譜 : 4000道營養餐輕鬆做,중복 제외 (앞 순위 출처에 있음)
roman / 한씨연대기,,기타,,발표 시기 미상,,,번역서 1종 · 예: Monsieur Han,포함
매혹의 기술,,기타,,발표 시기 미상,,,번역서 1종 · 예: 魅惑的技巧,포함
Korean children's favorite stories,,단편소설,,발표 시기 미상,,,번역서 1종 · 예: Korean children's favorite stories,중복 제외 (앞 순위 출처에 있음)
북쪽 거실,,기타,,발표 시기 미상,,,번역서 1종 · 예: North Station,포함
달님은 알지요,,기타,,발표 시기 미상,,,번역서 1종 · 예: Trăng Có Biết Không,포함
사이,,기타,,발표 시기 미상,,,번역서 1종 · 예: Dazwischen,포함
토끼전 2020,,기타,,발표 시기 미상,,,번역서 1종 · 예: The Rabbit''s Tale 2020,포함
참담한 빛,,기타,,발표 시기 미상,,,번역서 1종 · 예: 惨憺たる光,포함
서양인들이 관찰한 후기조선,,기타,,발표 시기 미상,,,번역서 1종 · 예: 西洋人の見た朝鮮,포함
Tome 2 = 한국 젊은 작가 소설전. 한국 젊은 작가 소설선,,소설,,발표 시기 미상,,,번역서 1종 · 예: Anthologie de nouvelles coréennes contemporaines.,포함
민통선 평화기행,,기타,,발표 시기 미상,,,번역서 1종 · 예: Life on the edge of the DMZ,포함
한국 현대 소설,,소설,,발표 시기 미상,,,번역서 1종 · 예: Modern Korean Fiction,포함
한국단편소설선 2권,,단편소설,,발표 시기 미상,,,번역서 1종 · 예: Сезон дождей : рассказы современных корейских писателей,포함
아일랜드 1,,기타,,발표 시기 미상,,,번역서 1종 · 예: アイランド 1,포함
만세전,,기타,,발표 시기 미상,,,번역서 2종 · 예: 万歲前,포함
균여전,,기타,,발표 시기 미상,,,"번역서 1종 · 예: Kyunyŏ-jŏn : The life, Times and Songs of a Tenth Century Korean Monk",포함
용비어천가: 비판적 읽기,,기타,,발표 시기 미상,,,번역서 1종 · 예: Songs of flying dragons : a critical reading,중복 제외 (앞 순위 출처에 있음)
Nouvelles coréennes / 포주이야기,,기타,,발표 시기 미상,,,번역서 1종 · 예: J'étais un maquereau,포함
오빠가 돌아왔다,,기타,,발표 시기 미상,,,번역서 2종 · 예: 哥哥回来了,포함
도망자 이치도,,기타,,발표 시기 미상,,,번역서 1종 · 예: 逃亡神偷,포함
한국어 문법,,기타,,발표 시기 미상,,,번역서 1종 · 예: 韩国语语法,포함
et cinq autres novelles / 환영을 찾는 여인,,기타,,발표 시기 미상,,,번역서 1종 · 예: Une femme à la recherche d'une illusion,포함
XIIIe-XVIe siècle / 한국 불교시선집,,시,,발표 시기 미상,,,"번역서 1종 · 예: Ivresse de brumes, griserie de nuages : poésie bouddhique coréenne",포함
cent poèmes / 황지우 시선집,,시,,발표 시기 미상,,,번역서 1종 · 예: De l'hiver-de-l'arbre au printemps-de-l'arbre,포함
몰개월의 새,,기타,,발표 시기 미상,,,번역서 1종 · 예: L'Oiseau de Molgyewol,포함
anthologie de nouvelles de Corée du Sud / 둘남이,,기타,,발표 시기 미상,,,번역서 1종 · 예: (Une)fille nommée deuxième garçon,포함
하성란 단편집,,단편소설,,발표 시기 미상,,,번역서 1종 · 예: Flowers of Mold,포함
천 번을 흔들려야 어른이 된다,,기타,,발표 시기 미상,,,번역서 1종 · 예: Trưởng thành sau ngàn lần tranh đấu,포함
가시고기[Gasigogi],,기타,,발표 시기 미상,,,번역서 1종 · 예: BỐ CON CÁ GAI,포함
네가 어떤 삶을 살든 나는 너를 응원할 것이다,,기타,,발표 시기 미상,,,"번역서 1종 · 예: Dù con sống thế nào, mẹ cũng luôn ủng hộ",포함
포도밭 그 사나이,,기타,,발표 시기 미상,,,번역서 1종 · 예: Chàng trai vườn nho,포함
내릴 수 없는 배: 세월호로 드러난 부끄러운 대한민국을 말하다,,기타,,발표 시기 미상,,,번역서 1종 · 예: 降りられない船 : セウォル号沈没事故からみた韓国,포함
블러드 시스터즈,,기타,,발표 시기 미상,,,번역서 1종 · 예: Blood Sisters,포함
한의 이야기 : 조선궁녀여류소설집,,단편소설,,발표 시기 미상,,,번역서 1종 · 예: 恨のものがたり : 朝鮮宮廷女流小説集,포함
한국의 신화,,소설,,발표 시기 미상,,,번역서 4종 · 예: Myths of Korea,포함
"reflections on the national crisis during the Japanese invasion of Korea, 1592-1598 / 징비록 = 懲毖錄",,기타,,발표 시기 미상,,,번역서 1종 · 예: The book of corrections,포함
패관잡기(稗官雜記),,기타,,발표 시기 미상,,,번역서 1종 · 예: A Korean Storyteller's Miscellany: The P'Aegwan Chapki of Eo Sukkwon: Princeton Library of Asian Translations,포함
동아시아 문예지 [Dongasia munhakji],,기타,,발표 시기 미상,,,번역서 1종 · 예: Hefte für Ostasiatische Literatur 60,포함
갑자기 멈추면 왜 넘어질까?,,기타,,발표 시기 미상,,,번역서 1종 · 예: Por que caio quando paro de repente?,포함
춘향전: 17-19세기 한국 고대 소설선,,소설,,발표 시기 미상,,,번역서 1종 · 예: Верная Чхунхян : Корейские классические повести XVII-XIX веков,중복 제외 (앞 순위 출처에 있음)
장화홍련전: 한국 고대 소설선 (17-19세기),,소설,,발표 시기 미상,,,번역서 1종 · 예: Роза и Алый Лотос : Корейские повести(XVII-XIX вв.,포함
신춘향전,,기타,,발표 시기 미상,,,번역서 1종 · 예: 新編春香伝,포함
秀吉朝鮮の乱 : 長編歴史小說. 上,,기타,,발표 시기 미상,,,번역서 1종 · 예: 秀吉朝鮮の乱 : 長編歴史小說. 上,포함
유토피아를 먹고 잠들다,,기타,,발표 시기 미상,,,번역서 1종 · 예: ユートピアを飲んで眠る,포함
남색 치마위의 하늘은,,시,,발표 시기 미상,,,번역서 1종 · 예: 柿色のチマ裾の空は : 韓成禮詩集,포함
밤 하늘의 바둑판 [Bam haneurui badukpan],,기타,,발표 시기 미상,,,번역서 1종 · 예: Night-Sky Checkerboard,포함
딴생각,,기타,,발표 시기 미상,,,번역서 1종 · 예: Gedankenspiele,포함
여우야 여우야 뭐하니,,기타,,발표 시기 미상,,,번역서 1종 · 예: 狐狸呀，你在干什么？,포함
김소월 시선집/진달래꽃,,시,,발표 시기 미상,,,번역서 1종 · 예: زهور الأزاليا,포함
달개비꽃 엄마,,기타,,발표 시기 미상,,,번역서 1종 · 예: 月光色のチマ,포함
이병철 vs 정주영,,기타,,발표 시기 미상,,,번역서 1종 · 예: 从平凡走向辉煌 : 三星和现代创始人的传奇历程,포함
수원 남문 언덕,,기타,,발표 시기 미상,,,번역서 1종 · 예: СҮВОН ХОТЫН ӨМНӨД ХААЛГАНЫ ТОЛГОД,포함
한국고전시가전집,,기타,,발표 시기 미상,,,번역서 1종 · 예: осенние клёны,포함
한국 현대 산문선: 혈서 외 6편,,기타,,발표 시기 미상,,,번역서 1종 · 예: избранные кopeйckиe pacckaзbI нoвого времени,포함
칼의 노래,,기타,,발표 시기 미상,,,번역서 3종 · 예: 孤将,포함
미실,,기타,,발표 시기 미상,,,번역서 1종 · 예: ミシル : 新羅後宮秘録,포함
곡산의 솔바람 소리,,기타,,발표 시기 미상,,,번역서 1종 · 예: 小鹿島の松籟,포함
죽음을 넘어 시대의 어둠을 넘어,,기타,,발표 시기 미상,,,번역서 1종 · 예: Gwangju Uprising : The Rebellion for Democracy in South Korea,포함
강경애 단편집,,단편소설,,발표 시기 미상,,,번역서 1종 · 예: Kadın Manzaraları,포함
1 / 해를 품은 달,,기타,,발표 시기 미상,,,번역서 1종 · 예: (The)moon that embraces the sun,포함
민담설화집,,소설,,발표 시기 미상,,,"번역서 1종 · 예: Tigrul cu urechi albe : mituri, legende, basme, fabule şi vechi romane Coreene",포함
불경 다르마 선집,,기타,,발표 시기 미상,,,번역서 1종 · 예: Dharma Sammlung,포함
임꺽정 (상),,기타,,발표 시기 미상,,,번역서 1종 · 예: 林巨正 上,포함
장미부인,,기타,,발표 시기 미상,,,번역서 1종 · 예: 薔薇夫人,포함
"2, 惊魂乐园的阴 / Eureka,CSI",,기타,,발표 시기 미상,,,번역서 1종 · 예: (从小爱科学)科学侦察队谋,포함
"1, 幽灵洞窟的 / Eureka, CSI",,기타,,발표 시기 미상,,,번역서 1종 · 예: (从小爱科学) 科学侦察队秘密,포함
아시아 시행,,시,,발표 시기 미상,,,번역서 1종 · 예: アジア詩行 : 今朝は、ウラジオストクで詩集,포함
직지,,기타,,발표 시기 미상,,,번역서 1종 · 예: Jikji : sammlung des koreanischen seon-buddhismus,포함
해님 달님,,기타,,발표 시기 미상,,,번역서 1종 · 예: Die Sonne und der Mond,포함
도끼도둑,,기타,,발표 시기 미상,,,번역서 1종 · 예: (Der)Axtdieb,포함
한국적 사고,,기타,,발표 시기 미상,,,번역서 1종 · 예: 韓国的思考,포함
박이문 시선: 부서진 말들,,기타,,발표 시기 미상,,,번역서 1종 · 예: Zerbrochene Wörter,포함
양귀비꽃 머리에 꽂고,,시,,발표 시기 미상,,,번역서 1종 · 예: Die Mohnblume im Haar Ausgewählte Gedichte,포함
바람과 풀,,기타,,발표 시기 미상,,,번역서 1종 · 예: Wind und Gras: moderne koreanische Lyrik,포함
우리 옛그림의 아름다움: 전통회화의 감상과 흐름,,기타,,발표 시기 미상,,,번역서 1종 · 예: The beauty of old Korean paintings : a history and an appreciation,포함
무사무이 동이대통,,기타,,발표 시기 미상,,,번역서 1종 · 예: Thought beyond thought,포함
한국의 고전소설,,소설,,발표 시기 미상,,,번역서 1종 · 예: 韓国の古典小說,포함
3인 시선,,기타,,발표 시기 미상,,,번역서 1종 · 예: Mgła jedwabna,포함
Barwy miłości : antologia współczesnych opowiadań koreańskich,,기타,,발표 시기 미상,,,번역서 1종 · 예: Barwy miłości : antologia współczesnych opowiadań koreańskich,중복 제외 (앞 순위 출처에 있음)
한국 시선집,,시,,발표 시기 미상,,,번역서 1종 · 예: Antologia poezji koreańskiej,포함
양심선언,,기타,,발표 시기 미상,,,번역서 1종 · 예: 良心宣言,포함
밥・활인,,기타,,발표 시기 미상,,,번역서 1종 · 예: 飯・活人,포함
역도산전설,,소설,,발표 시기 미상,,,번역서 1종 · 예: 力道山伝說,포함
청포도 이육사시문집,,시,,발표 시기 미상,,,번역서 1종 · 예: 青ぶどう イユクサ詩文集,포함
단,,기타,,발표 시기 미상,,,번역서 1종 · 예: 丹,포함
노마만리,,기타,,발표 시기 미상,,,번역서 1종 · 예: 駑馬萬理,포함
Korea. The Land and People,,기타,,발표 시기 미상,,,"번역서 1종 · 예: Coree, espace et societe",포함
"조선, 한국 당대문학사",,기타,,발표 시기 미상,,,번역서 1종 · 예: 朝鲜，韩国当代文学史,포함
"一本幸福女人必渎的 ""男子书"" / 어쨌거나 남자는 필요하다 : 남자와 함께하기로 결정한 당신에게",,기타,,발표 시기 미상,,,번역서 1종 · 예: 我的男人，你究竟在想什么,포함
아버지의 눈물,,기타,,발표 시기 미상,,,번역서 1종 · 예: 父亲的眼泪,포함
"5, 发掘大气和水的循环原理 / 살아있는 과학 교과서",,기타,,발표 시기 미상,,,번역서 1종 · 예: 中学生必读的图解科学漫画.,포함
"4, 揭开能量与能源的秘密 / 살아있는 과학 교과서",,기타,,발표 시기 미상,,,번역서 1종 · 예: 中学生必读的图解科学漫画.,포함
"3, 发现生命与宇宙的奥秘 / 살아있는 과학 교과서",,기타,,발표 시기 미상,,,번역서 1종 · 예: 中学生必读的图解科学漫画.,포함
한국 샤머니즘 문화,,기타,,발표 시기 미상,,,번역서 1종 · 예: Kultur des koreanischen schamanismus,포함
정지용 시선: 향수,,기타,,발표 시기 미상,,,번역서 1종 · 예: 乡愁,포함
젊은날의 초상,,기타,,발표 시기 미상,,,번역서 3종 · 예: 青春肖像,포함
임꺽정 (하),,기타,,발표 시기 미상,,,번역서 1종 · 예: 林巨正 下,포함
가을의 언덕,,기타,,발표 시기 미상,,,번역서 1종 · 예: Herfstheuvels : moderne Koreaanse poëzie,포함
별을 노래하는 시인,,시,,발표 시기 미상,,,번역서 1종 · 예: 星うたう詩人 : 尹東柱の詩と研究,포함
조선의 저항문학,,기타,,발표 시기 미상,,,번역서 1종 · 예: 朝鮮の抵抗文學,포함
朝鮮ユ一モア文学傑作選. 웃음삼천리 한국해학걸작선,,기타,,발표 시기 미상,,,번역서 1종 · 예: 笑いの三千里,포함
Stairway to Heaven. 천국의 계단,,기타,,발표 시기 미상,,,번역서 1종 · 예: 天国の階段,포함
민중의 소리,,기타,,발표 시기 미상,,,번역서 1종 · 예: 民衆の声,포함
a novel of nineteenth century Korea 만남,,기타,,발표 시기 미상,,,번역서 1종 · 예: Encounter,포함
selected short stories. 한국 여성작가 12인 단편선,,기타,,발표 시기 미상,,,번역서 1종 · 예: Unspoken Voices,포함
운현궁의 봄,,기타,,발표 시기 미상,,,번역서 1종 · 예: 云岘宫之春,포함
김유정 단편소설선,,단편소설,,발표 시기 미상,,,번역서 1종 · 예: 金裕贞短篇小说选,포함
황지우 시선: 나는 너다,,기타,,발표 시기 미상,,,번역서 1종 · 예: БΝ БΟЛ ЧΝ ЮМ,포함
환경의 역습(아픈지구),,기타,,발표 시기 미상,,,번역서 1종 · 예: 拯救地球大作戰. 環境荷爾蒙 / 4,포함
Admiral Yi Sun-sin's memorials to court / 임진 장초,,기타,,발표 시기 미상,,,번역서 1종 · 예: Imjin Changch'o,포함
stories. 탈: 황순원 단편집,,단편소설,,발표 시기 미상,,,번역서 1종 · 예: The Book of Masks,포함
하늘길,,기타,,발표 시기 미상,,,"번역서 1종 · 예: 問天, 路怎麼走?",포함
한국문화상징사전,,기타,,발표 시기 미상,,,번역서 1종 · 예: 韓国文化シンボル事典,포함
한국복식문화사전,,기타,,발표 시기 미상,,,번역서 1종 · 예: 韓国服飾文化事典,포함
일월,,기타,,발표 시기 미상,,,"번역서 1종 · 예: Sunlight, Moonlight",포함
소리 그림자,,기타,,발표 시기 미상,,,번역서 1종 · 예: Shadows of a Sound,포함
사나이,,기타,,발표 시기 미상,,,번역서 1종 · 예: A man,포함
총독의 소리,,단편소설,,발표 시기 미상,,,번역서 1종 · 예: The Voice of the Governor General and Other Stories of Modern Korea,포함
내 생애에 꼭 하루뿐일 특별한 날,,기타,,발표 시기 미상,,,번역서 1종 · 예: 在我生命中唯一的特殊日子,포함
helten har gjort alt han måtte gjøre : koreanske dikt / 이제 닭 울음소리 한번 듣고 대장부 일이 다 끝나버렸네,,기타,,발표 시기 미상,,,번역서 1종 · 예: Hanen har galt,포함
농무,,기타,,발표 시기 미상,,,번역서 1종 · 예: Farmers’ Dance-,포함
아버지와 아들,,기타,,발표 시기 미상,,,번역서 1종 · 예: Father and Son,포함
이강백 희곡집,,희곡,,발표 시기 미상,,,번역서 1종 · 예: Dramaty,포함
김동인 단편선,,기타,,발표 시기 미상,,,번역서 2종 · 예: 金東仁作品集,포함
"Jo fortere jeg går, jo mindre er jeg",,기타,,발표 시기 미상,,,"번역서 1종 · 예: The faster I walk, the smaller I am",포함
아베의 가족,,기타,,발표 시기 미상,,,번역서 1종 · 예: MA FAMILIA DE ABE,포함
selected poems by Ko Un. 나의 파도소리: 고은 시선집,,시,,발표 시기 미상,,,번역서 1종 · 예: The Sound of My Waves: Selected Poems by Ko Un,포함
"한국의율리시즈, 김광림에게",,기타,,발표 시기 미상,,,번역서 1종 · 예: 韓國のュリシ一ズ キムㆍクヮソリム(金光林)ヘ,포함
"속, 김광림 시집 108선",,시,,발표 시기 미상,,,번역서 1종 · 예: (続) キム・クヮンリム詩集 108選,포함
뗏목을 타고 (동아시아호의 연시),,시,,발표 시기 미상,,,번역서 1종 · 예: 筏に乗って : 東アジア号の連詩,포함
리틀보이,,기타,,발표 시기 미상,,,번역서 1종 · 예: リトルボーイ,포함
금옥이: 한국민담집,,소설,,발표 시기 미상,,,번역서 1종 · 예: Kumokie: a bride of old Korea,포함
고담과 전설,,소설,,발표 시기 미상,,,번역서 1종 · 예: Folk Tales of Old Korea,포함
在世界名画中体悟 幸福的真意 / 뚜벅이들을 위한 걷고싶은 거리여행,,기타,,발표 시기 미상,,,번역서 1종 · 예: 徒步玩首尔,포함
허밍버드의 춤,,기타,,발표 시기 미상,,,번역서 1종 · 예: A Hummingbird's dance,포함
한국고전시가,,시,,발표 시기 미상,,,번역서 1종 · 예: The Book of Korean Poetry : Songs of Shilla and Koryŏ,포함
상념의 메아리: 한국시의 천년,,기타,,발표 시기 미상,,,번역서 1종 · 예: Mirrored Minds: A Thousand Years of Korean Verse,포함
日韓環境詩選集 / 지구는 아름답다,,기타,,발표 시기 미상,,,번역서 1종 · 예: 地球は美しい,포함
한국근대희곡선: 1930~1960년대,,희곡,,발표 시기 미상,,,번역서 1종 · 예: 韓国近現代戱曲選: 1930~1960年代,포함
경허집,,기타,,발표 시기 미상,,,번역서 1종 · 예: Měsíc mysli úplně kulatý : básně korejského zenového mistra,포함
페이스 쇼퍼,,기타,,발표 시기 미상,,,번역서 1종 · 예: 整容师,포함
한국단편소설선,,단편소설,,발표 시기 미상,,,번역서 3종 · 예: Contos coreanos.,포함
한국 시조선,,시조,,발표 시기 미상,,,번역서 1종 · 예: Sijô : poesiacanto coreana clássica,포함
오정희 단편소설선,,단편소설,,발표 시기 미상,,,번역서 1종 · 예: Miłość zeszłej jesieni I inne opowiadania,포함
둥둥낙락둥,,희곡,,발표 시기 미상,,,번역서 1종 · 예: Tres obras de teatro coreano,포함
妈妈 自主孝育 验经谈 : / 엄마 달인,,기타,,발표 시기 미상,,,번역서 1종 · 예: 孩子这样教最聪明,포함
A Textbook of Translation,,기타,,발표 시기 미상,,,번역서 1종 · 예: MANUAL DE TRADUCCIÓN,포함
selected poems. 초토의 시,,기타,,발표 시기 미상,,,번역서 1종 · 예: Wastelands of Fire,포함
초토의 시,,시,,발표 시기 미상,,,번역서 1종 · 예: Wasteland poems,포함
poems. 모과 옹두리에도 사연이,,시,,발표 시기 미상,,,번역서 1종 · 예: Even the knots on quince trees: Poems,포함
river and fields. 강과 밭,,기타,,발표 시기 미상,,,번역서 1종 · 예: A Korean Century-River and Fields,포함
소리와 고요 사이,,시,,발표 시기 미상,,,번역서 1종 · 예: Between Sound and Silence: Poems of Chang Soo Ko,포함
황순원 단편 소설선 -소라-,,단편소설,,발표 시기 미상,,,번역서 1종 · 예: Nuvele alese,포함
천상병 시선집,,시,,발표 시기 미상,,,번역서 1종 · 예: Întoarcerea în cer,포함
opere alese / 이상작품선집,,기타,,발표 시기 미상,,,번역서 1종 · 예: Aripi,포함
서정주 시선집,,시,,발표 시기 미상,,,번역서 1종 · 예: Poeme alese,포함
고창수 시선집,,시,,발표 시기 미상,,,번역서 1종 · 예: Poezii alese,포함
진달래꽃 : 한국시 모음집,,기타,,발표 시기 미상,,,번역서 1종 · 예: Flori de azalee: Antologia de poezie coreene,포함
e outras obras de Yi Sang / 오감도 외,,기타,,발표 시기 미상,,,번역서 1종 · 예: Olho de corvo,포함
하느님의 램프: 김남조선시집,,시,,발표 시기 미상,,,번역서 1종 · 예: 神のランプ : 金南祚選詩集,포함
A love story. 오래된 정원,,기타,,발표 시기 미상,,,번역서 1종 · 예: The Ancient Garden,포함
영시로 감상하는 한국의 명시,,시,,발표 시기 미상,,,번역서 1종 · 예: Korea's best loved poems,포함
한국: 동화를 찾아서,,동화,,발표 시기 미상,,,번역서 1종 · 예: РЕСПУБЛИКА КОРЕЯ : В ПОИСКАХ СКАЗКИ,포함
김영하 단편소설선,,단편소설,,발표 시기 미상,,,번역서 1종 · 예: Wampir i inne opowiadania,포함
한 잔의 커피: 소설집,,단편소설,,발표 시기 미상,,,번역서 1종 · 예: Filiżanka kawy : wybór nowel,포함
"中学生必读的图解科学漫画. 1, 寻找生活中的科学原理",,기타,,발표 시기 미상,,,"번역서 1종 · 예: 中学生必读的图解科学漫画. 1, 寻找生活中的科学原理",포함
거문고 : 한말숙 소설집,,단편소설,,발표 시기 미상,,,번역서 1종 · 예: Komungo : wybór nowel,포함
가면무도회 : 최인호 작품선,,기타,,발표 시기 미상,,,번역서 1종 · 예: Maski,포함
and Korean short story writing of the 1920s / 羅稻香論 = 나도향론,,기타,,발표 시기 미상,,,번역서 1종 · 예: Na Tohyang,포함
어머니의 선물,,기타,,발표 시기 미상,,,번역서 1종 · 예: オモニの 贈り物,포함
천년의 겨울을 건너온 여자,,기타,,발표 시기 미상,,,번역서 1종 · 예: 千年の冬を渡ってきた女,포함
조선소설사,,소설,,발표 시기 미상,,,번역서 1종 · 예: 朝鲜小说史,포함
한국민족 설화의 연구,,소설,,발표 시기 미상,,,번역서 1종 · 예: 朝鲜民族故事硏究,포함
Eleberria / 새,,기타,,발표 시기 미상,,,번역서 1종 · 예: Txoria,포함
Koiwasuregusa,,단편소설,,발표 시기 미상,,,번역서 1종 · 예: The budding tree : six stories of love in Edo,포함
Toteninsel,,기타,,발표 시기 미상,,,번역서 1종 · 예: Isle of the dead,포함
und andere Prosa. 황석영 단편선,,기타,,발표 시기 미상,,,번역서 1종 · 예: Unkraut und andere Prosa,포함
"Gedichte 아, 입이 없는 것들",,기타,,발표 시기 미상,,,번역서 1종 · 예: Wie anders sind die Nächte,포함
너에게 시가 왔느냐: 고은시선집,,시,,발표 시기 미상,,,번역서 1종 · 예: いま、君に詩が来たのか : 高銀詩選集,포함
매월당 김시습 한시,,기타,,발표 시기 미상,,,번역서 1종 · 예: Slyším padat sníh : výbor z klasické poezie hansi korejského básníka 15. století,포함
붉은 방 외,,단편소설,,발표 시기 미상,,,번역서 1종 · 예: La habitación roja y otros cuentos,포함
소시민,,기타,,발표 시기 미상,,,번역서 1종 · 예: El ciudadano pequeño,포함
novela histórica 영원한 제국,,기타,,발표 시기 미상,,,번역서 1종 · 예: El Imperio Eterno,포함
해파리에 관한 명상,,기타,,발표 시기 미상,,,번역서 1종 · 예: Reflexiones sobre una medusa,포함
날개 외,,기타,,발표 시기 미상,,,번역서 1종 · 예: FLORES DE FUEGO,포함
일동장유가,,기타,,발표 시기 미상,,,번역서 1종 · 예: 日東壮遊歄 : ハソグルつづる朝鮮通信使の記錄,포함
뻐꾸기의 고향: 한국현대단편소설집.,,단편소설,,발표 시기 미상,,,번역서 1종 · 예: 郭公の故郷: 韓国現代短編小説集,포함
불꽃 : 선우휘번역집,,기타,,발표 시기 미상,,,번역서 1종 · 예: 火花 : 鮮于煇翻譯集,포함
김립 시선,,시,,발표 시기 미상,,,번역서 1종 · 예: キムサッカ 金笠詩選,포함
계절의 연인,,기타,,발표 시기 미상,,,번역서 1종 · 예: 季節の恋人,포함
호랑이와 곶감,,기타,,발표 시기 미상,,,번역서 1종 · 예: The Tiger and the Persimmon,포함
심심해서 그랬어,,기타,,발표 시기 미상,,,번역서 1종 · 예: Beacause I was bored,포함
두꺼비 신랑,,기타,,발표 시기 미상,,,번역서 1종 · 예: (The) toad bridegroom & other fantastic tales retold,포함
영모가 사라졌다.,,기타,,발표 시기 미상,,,번역서 1종 · 예: Seasons in another world,포함
"2, 挖掘物质世界的秘密 / 살아있는 과학 교과서",,기타,,발표 시기 미상,,,번역서 1종 · 예: 中学生必读的图解科学漫画.,포함
한국의 현대시 450편,,시,,발표 시기 미상,,,번역서 1종 · 예: Korean Poetry Today: 450 poems since the 1920's,포함
현대주요시작품선,,시,,발표 시기 미상,,,번역서 1종 · 예: Mainstreams of contemporary poetry,포함
성냥갑 속의 메시지,,기타,,발표 시기 미상,,,번역서 1종 · 예: 茶房と画家と朝鮮戦争 ペク・ヨンス回想録,포함
유교와 한국사상,,기타,,발표 시기 미상,,,번역서 1종 · 예: Confucianism and Korean Thoughts,포함
fusion of horizons / 동양과 서양,,기타,,발표 시기 미상,,,번역서 1종 · 예: East and West,포함
A story of Human Cloning Based on a Korean Fable / 수일이와 수일이,,기타,,발표 시기 미상,,,번역서 1종 · 예: Su-il VS. Su-il,포함
꿈꾸는 우리 민화,,기타,,발표 시기 미상,,,번역서 1종 · 예: Tradycyjne malarstwo koreańskie : symbole i wierzenia,포함
한국한문학선집 11-18세기,,기타,,발표 시기 미상,,,번역서 1종 · 예: Наставление царю цветов : Βысокая проза Кореи XI-XVIII веков,포함
김소월 시선,,기타,,발표 시기 미상,,,번역서 2종 · 예: AÇELYA ÇiCEĞi,포함
"a historical anthology. 한국시가집: 신라, 고려, 조선, 20세기",,시,,발표 시기 미상,,,번역서 1종 · 예: Poems from Korea: a historical anthology,포함
술탄과 황제,,기타,,발표 시기 미상,,,번역서 1종 · 예: Sultan ve İmparator,포함
소문의 벽,,기타,,발표 시기 미상,,,번역서 1종 · 예: うわさの壁,포함
아름답고 쓸모없기를,,기타,,발표 시기 미상,,,번역서 1종 · 예: Beautiful and Useless,포함
한국의 무불습합,,기타,,발표 시기 미상,,,번역서 1종 · 예: Syncretism of Buddhism and Shamanism in Korea,포함
이 뭐꼬,,기타,,발표 시기 미상,,,번역서 1종 · 예: Opening the Eye,포함
불교,,기타,,발표 시기 미상,,,번역서 1종 · 예: Buddhism : Religion in Korea,포함
함께 읽는 동아시아 근현대사,,기타,,발표 시기 미상,,,번역서 1종 · 예: Một Góc Nhìn Đông Á cận Hiện Đại,포함
버클리풍의 사랑 노래,,기타,,발표 시기 미상,,,번역서 1종 · 예: Berkeley’sches Liebeslied,포함
건널 강이 어디 있으랴,,기타,,발표 시기 미상,,,"번역서 1종 · 예: No river to cross, No raft to find : the teachings of seon master Daehaeng",포함
Edition wanpan / 열녀춘향수절가,,기타,,발표 시기 미상,,,번역서 1종 · 예: (Le)chant de la fidèle Chunhyang,포함
아내의 상자,,기타,,발표 시기 미상,,,번역서 2종 · 예: (Les)boîtes de ma femme,포함
Representations of international adoption and adopted koreans in korean popular culture / 한국의 해외입양에 대한 이해,,기타,,발표 시기 미상,,,번역서 1종 · 예: Comforting an orphaned nation,포함
한국의 광고,,기타,,발표 시기 미상,,,번역서 1종 · 예: Advertising in Korea,포함
CEO경영우언,,기타,,발표 시기 미상,,,번역서 1종 · 예: CEO : Business fables,포함
이청준 수상작품 선집,,기타,,발표 시기 미상,,,번역서 1종 · 예: Io Adasi,포함
우리들의 일그러진 영웅/익명의 섬,,기타,,발표 시기 미상,,,번역서 1종 · 예: Değişen Kahramanimiz,포함
It's hard to say : Buddhist Stories Told by Seon Master Daehaeng,,단편소설,,발표 시기 미상,,,번역서 1종 · 예: It's hard to say : Buddhist Stories Told by Seon Master Daehaeng,중복 제외 (앞 순위 출처에 있음)
일체를 용광로에 넣어라,,기타,,발표 시기 미상,,,번역서 1종 · 예: (The) furnace within yourself,포함
마음은 보이지 않는 행복의 창고,,기타,,발표 시기 미상,,,"번역서 1종 · 예: Mind, Treasure House of Happiness",포함
굿,,기타,,발표 시기 미상,,,"번역서 1종 · 예: Gut, Korean shamanic ritual : songs calling spirits",포함
esclaves sexuelles de l'armée japonaise / 위안부 리포트,,기타,,발표 시기 미상,,,번역서 1종 · 예: Femmes de réconfort,포함
la beauté à son apogée / 한국의 석조문화,,기타,,발표 시기 미상,,,번역서 1종 · 예: (L')art de la pierre dans la culture coréenne,포함
3인 시선: 사랑의 변주곡,,기타,,발표 시기 미상,,,번역서 1종 · 예: Variations: Three Korean Poets,포함
The new series from the creator of Priest. 1 / 고스트페이스,,기타,,발표 시기 미상,,,번역서 1종 · 예: Ghost face,포함
한국의 미 특강,,기타,,발표 시기 미상,,,번역서 1종 · 예: Special Lecture on Korean Paintings,포함
그대 아직도 꿈꾸고 있는가,,기타,,발표 시기 미상,,,번역서 2종 · 예: ?Seguirá soñando¿,포함
유랑가족,,기타,,발표 시기 미상,,,번역서 1종 · 예: La familia itinerante,포함
메밀꽃 필 무렵 (이효석 단편선),,기타,,발표 시기 미상,,,번역서 1종 · 예: Cuando florece el alforfón,포함
한국의 국제화,,기타,,발표 시기 미상,,,번역서 1종 · 예: Korea's Globalization,포함
Korean ceramics / 한국 도자사,,기타,,발표 시기 미상,,,번역서 1종 · 예: Korean ceramics / 한국 도자사,중복 제외 (앞 순위 출처에 있음)
新韓國史入門 = 신한국사입문,,기타,,발표 시기 미상,,,번역서 1종 · 예: (Introduction to) Korean history and culture,포함
귀청을 울리며,,기타,,발표 시기 미상,,,번역서 1종 · 예: The day breaks : O! India,포함
연암소설,,소설,,발표 시기 미상,,,번역서 1종 · 예: Die Schelte des Tigers: Erzählungen von Yeonam Park Jiwon,포함
현대한국단편소설선,,단편소설,,발표 시기 미상,,,번역서 2종 · 예: Modern Korean short stories,포함
an anthology. 전후한국단편소설선,,단편소설,,발표 시기 미상,,,번역서 1종 · 예: Postwar Korean short stories,포함
열애,,기타,,발표 시기 미상,,,번역서 1종 · 예: Morgendämmerung,포함
"Selected prose-poems, contes and memoirs by Bong Ja Ahn. 삶, 꿈 그리고 그 사이",,시,,발표 시기 미상,,,"번역서 1종 · 예: Living, dreaming & on between Selected prose-poems, contes and memoirs by Bong Ja Ahn",포함
"de tal palo, tal astilla / 붕어빵가족",,기타,,발표 시기 미상,,,번역서 1종 · 예: (La) familia,포함
맹춘중하 외(孟春仲夏 외),,단편소설,,발표 시기 미상,,,"번역서 1종 · 예: Early spring, mid-summer : and other Korean short stories",포함
new fiction by Korean women. 순례자의 노래,,기타,,발표 시기 미상,,,번역서 1종 · 예: Wayfarer: new fiction by Korean women,포함
만불의 산,,기타,,발표 시기 미상,,,"번역서 1종 · 예: La montagne des dix mille bouddhas : Gyeongju, Namsan, un site de l'art bouddhique coréen du VIe au Xe siècle",포함
불교미술,,기타,,발표 시기 미상,,,번역서 1종 · 예: L'Art bouddhique,포함
"Taekwondo : traditions, philosophie et culture",,기타,,발표 시기 미상,,,"번역서 1종 · 예: Taekwondo : traditions, philosophie et culture",중복 제외 (앞 순위 출처에 있음)
Deutschland-Korea Public Space Forum,,기타,,발표 시기 미상,,,"번역서 1종 · 예: Germany-Korea Public Space Forum : 14 October 2005, Deutsches Architektur Museum",포함
Taekwondo : L'esprit de la coree,,기타,,발표 시기 미상,,,번역서 1종 · 예: Taekwondo : L'esprit de la coree,중복 제외 (앞 순위 출처에 있음)
불꽃 외,,단편소설,,발표 시기 미상,,,번역서 1종 · 예: Flowers of Fire: Twentieth-Century Korean Stories,포함
selected for foreigners / 한국의 애송시,,시,,발표 시기 미상,,,번역서 1종 · 예: Best loved poems of Korea: selected for foreigners,포함
저문 날의 삽화,,기타,,발표 시기 미상,,,번역서 1종 · 예: A sketch of the fading sun,포함
시대를 넘어선 은유적 표현,,기타,,발표 시기 미상,,,번역서 1종 · 예: Metaphor beyond time,포함
우리 옛 여인들의 멋과 지혜,,기타,,발표 시기 미상,,,"번역서 2종 · 예: Raffinement, élégance et vertu : les femmes coréennes dans les arts et les lettres",포함
한국유학사상사,,기타,,발표 시기 미상,,,번역서 1종 · 예: 韩国儒学思想史,포함
청개구리의 눈물,,단편소설,,발표 시기 미상,,,번역서 1종 · 예: Frog’s tears and other stories : Readings in Korean culture series for beginning and intermediate students,포함
남한과 북한,,기타,,발표 시기 미상,,,번역서 1종 · 예: The Two Koreas : Social Change and National Intergration,포함
세계화와 한국의 해외 투자,,기타,,발표 시기 미상,,,번역서 1종 · 예: Globalisation and Korean foreign investment,포함
우리문화박물지,,기타,,발표 시기 미상,,,번역서 1종 · 예: Korea style : 64 objects of seeing Korea,포함
김춘수 시선,,기타,,발표 시기 미상,,,번역서 2종 · 예: Razón de las sinrazones,포함
김종길 시선,,기타,,발표 시기 미상,,,번역서 1종 · 예: Ya queda poca luz del día,포함
여성 시인선,,시,,발표 시기 미상,,,번역서 1종 · 예: Anxiety of words: contemporary poetry by Korean women,포함
한국의 저항시선,,기타,,발표 시기 미상,,,번역서 1종 · 예: South Korean Poets of Resistance: Cross-Cultural Review No. 4,포함
터키한국전쟁문학,,기타,,발표 시기 미상,,,번역서 1종 · 예: Türk EdebiyatΙnda Kore SavaşΙ,포함
페미니스트 비평: 20세기 터키와 한국 소설 속의 여성,,소설,,발표 시기 미상,,,번역서 1종 · 예: Feminist Eleştiri : xx. YüzyΙl Türk ve Kore RomanΙnda KadΙn,포함
an anthology of poems. 쓸쓸하지 않은 사람들,,기타,,발표 시기 미상,,,번역서 1종 · 예: They are never lonely,포함
행여 님이 오실까,,기타,,발표 시기 미상,,,번역서 1종 · 예: In case you may drop by,포함
조선문학의 지성 김기림,,기타,,발표 시기 미상,,,번역서 1종 · 예: 朝鮮文学の知性 金起林,포함
마음의 감옥 외,,기타,,발표 시기 미상,,,번역서 1종 · 예: La cárcel del corazón y otros relatos,포함
한국명시선,,시,,발표 시기 미상,,,번역서 1종 · 예: Flor y oro de la poesía coreana,포함
현대한국시선,,시,,발표 시기 미상,,,번역서 1종 · 예: POESIA COREANA ACTUAL,포함
대설주의보,,기타,,발표 시기 미상,,,번역서 1종 · 예: Alerte à la neige,포함
아네모네의 마담,,기타,,발표 시기 미상,,,번역서 1종 · 예: (La) dame de l'Anémone,포함
서른 살엔 미처 몰랐던 것들,,기타,,발표 시기 미상,,,"번역서 1종 · 예: 这些年, 我们忽略的事",포함
현대한국단편선,,단편소설,,발표 시기 미상,,,번역서 1종 · 예: 現代韓国短篇選. 上,포함
한국의 현대문학 제6권 시,,시,,발표 시기 미상,,,번역서 1종 · 예: 韓国の現代文学. 第6卷 詩,포함
한국현대문학13인집,,기타,,발표 시기 미상,,,번역서 1종 · 예: 韓国現代文学13人集,포함
소설가 구보씨의 일일 외 13편,,소설,,발표 시기 미상,,,번역서 1종 · 예: 小説家仇甫氏の一日 : ほか十三編 : 短編小説集,포함
공포의 계절・아리랑: 현대한국소설선,,소설,,발표 시기 미상,,,번역서 1종 · 예: 恐怖の季節・アリラン -現代韓国小説選-,포함
Gedichte / 도취의 피안,,기타,,발표 시기 미상,,,번역서 1종 · 예: Jenseits des Rausches,포함
Ausgewählte Gedichte / 구름의 파수병,,기타,,발표 시기 미상,,,번역서 1종 · 예: (Der)Wächter der Wolke,포함
Gedichte / 바람 세례,,기타,,발표 시기 미상,,,번역서 1종 · 예: Windtaufe,포함
가상현실,,기타,,발표 시기 미상,,,번역서 1종 · 예: Virtual reality,포함
"現代韓国小説選. 1, 帝国幽霊 黄狗の悲鳴",,기타,,발표 시기 미상,,,"번역서 1종 · 예: 現代韓国小説選. 1, 帝国幽霊 黄狗の悲鳴",포함
놀이와 풍속 사회사,,기타,,발표 시기 미상,,,번역서 1종 · 예: Korea's pastimes and customs : a social history,포함
역사속의 한국 여인,,기타,,발표 시기 미상,,,번역서 1종 · 예: (The)Lives of Korean Women in History,포함
노리개: 전통 한복의 멋,,기타,,발표 시기 미상,,,번역서 1종 · 예: Norigae : splendor of the Korean costume,포함
한국의 전통 교육,,기타,,발표 시기 미상,,,번역서 1종 · 예: (The) Traditional Education of Korea,포함
한국의 현대문학 제1권 장편소설,,장편소설,,발표 시기 미상,,,번역서 1종 · 예: 韓国の現代文学. 第1巻 長編小説,포함
selected poems by Kim Ch'un-Su. 김춘수 시선,,기타,,발표 시기 미상,,,번역서 1종 · 예: The Snow Falling on Chagall's Village,포함
selected poems. 김지하 시선집,,시,,발표 시기 미상,,,번역서 1종 · 예: Heart's Agony,포함
selected poems of Kim Chi Ha. 김지하 시선집,,시,,발표 시기 미상,,,번역서 1종 · 예: The Middle Hour: Selected Poems of Kim Chi Ha,포함
selected poems 1968 - 1997. 김종철 시선,,기타,,발표 시기 미상,,,번역서 1종 · 예: The floating island,포함
한국의 현대문학 제3권 중편소설,,소설,,발표 시기 미상,,,번역서 1종 · 예: 韓国の現代文学 第3巻 中編小説,포함
이상 작품선집,,기타,,발표 시기 미상,,,번역서 2종 · 예: 李箱作品集成,포함
한국현대시집,,시,,발표 시기 미상,,,번역서 1종 · 예: 世界現代詩文庫 II 韓國現代詩集,포함
여성시조선,,시조,,발표 시기 미상,,,번역서 1종 · 예: Canti dal padiglione azzurro : poesie di cortigiane(kisaeng) Coreane,포함
오우가(한국의 시조),,시조,,발표 시기 미상,,,번역서 1종 · 예: AZ ÖT BARÁT ÉNEKE - KOREAI RÖVIDVERSEK,포함
한국연극전사,,기타,,발표 시기 미상,,,번역서 1종 · 예: 韓国演劇史—伝統と現代,포함
한국환상소설걸작선,,소설,,발표 시기 미상,,,번역서 1종 · 예: 朝鮮幻想小說傑作選,포함
한국의 민주화,,기타,,발표 시기 미상,,,번역서 1종 · 예: Korea's democratization,포함
월인천강지곡 (1),,기타,,발표 시기 미상,,,번역서 1종 · 예: DER MOND GESPIEGELT IN TAUSEND FLÜSSENT: Das Leben des Buddha Gautama in verse gesetzt im Jahre 1447 von,포함
moderne koreanische Lyrik. 바람과 풀: 현대시선,,기타,,발표 시기 미상,,,번역서 1종 · 예: Wind und Gras,포함
Ausgewählte Erzählungen Band Ⅲ / 한국문학 사화집 제3권 - 전후 중단편선,,기타,,발표 시기 미상,,,번역서 1종 · 예: Koreanische Literatur,포함
Geschichten aus Korea. 날개 외,,기타,,발표 시기 미상,,,번역서 1종 · 예: Die kleine Schamanin. Geschichten aus Korea,포함
Translation,,기타,,발표 시기 미상,,,번역서 1종 · 예: 译林 : 韩国文学专号.,포함
배반당한 한국민족주의,,기타,,발표 시기 미상,,,번역서 1종 · 예: Korean nationalism betrayed,포함
원효의 불교 해석의 철학적 기초,,기타,,발표 시기 미상,,,번역서 1종 · 예: Philosophical Contexts for Wonhyo's Interpretation of Buddhism,포함
한국문학 사화집 제2권: 한국 중단편선,,단편소설,,발표 시기 미상,,,번역서 1종 · 예: Koreanische Literatur Band Ⅱ : Ausgewählte Erzählungen BandⅡ,포함
klassishe Koreanische Frauen erzählungen. 박씨부인전,,기타,,발표 시기 미상,,,번역서 1종 · 예: DIE ELSTERNBRÜCKE,포함
"Die gesungenen Romane Koreas. Bd.1. 판소리: 춘향가, 심청가, 수궁가",,기타,,발표 시기 미상,,,번역서 1종 · 예: Pansori,포함
나의 아틀리에,,기타,,발표 시기 미상,,,번역서 1종 · 예: Mon atelier des couleurs,포함
남도 사람,,기타,,발표 시기 미상,,,번역서 1종 · 예: Les gens du Sud,포함
콘테이너 터미널의 생산 효율성,,기타,,발표 시기 미상,,,번역서 1종 · 예: (The) Productive Efficiency of Container Terminals: An application to Korea and the UK,포함
한국의 전통문화,,기타,,발표 시기 미상,,,번역서 1종 · 예: Korean Traditional Culture,포함
Un art lyrique coreen / 판소리,,기타,,발표 시기 미상,,,번역서 1종 · 예: Le Pansori,포함
처음 받은 상장,,기타,,발표 시기 미상,,,번역서 1종 · 예: はじめてもらった賞状,포함
소라단 가는 길,,기타,,발표 시기 미상,,,번역서 1종 · 예: El camino a Soradan,포함
열두띠 이야기,,기타,,발표 시기 미상,,,번역서 1종 · 예: (L') histoire des douze signes,포함
선생님의 밥그릇,,기타,,발표 시기 미상,,,번역서 1종 · 예: (Le) bol de riz du Matre,포함
Gedichte / 조개의 깊이,,기타,,발표 시기 미상,,,번역서 1종 · 예: (Die)tiefe der Muschel,포함
Gedichte / 드레퓌스의 벤치에서,,기타,,발표 시기 미상,,,번역서 1종 · 예: Auf der Bank von Dreyfus,포함
Gedichte / 조국의 별,,기타,,발표 시기 미상,,,번역서 1종 · 예: (Die)Sterne über dem Land der Väter,포함
Gedicht / 바람 부는 날,,기타,,발표 시기 미상,,,번역서 1종 · 예: (Ein)Tag voller Wind,포함
뭐냐?,,시,,발표 시기 미상,,,"번역서 1종 · 예: Zen-Gedichte, was'n das?",포함
Beim Erwachen aus dem Schlaf : Gedichte,,시,,발표 시기 미상,,,번역서 1종 · 예: Beim Erwachen aus dem Schlaf : Gedichte,중복 제외 (앞 순위 출처에 있음)
Klassische koreanische Lyrik / 한국의 고전서정시,,기타,,발표 시기 미상,,,번역서 1종 · 예: Lob des Steinquells,포함
물과 불,,기타,,발표 시기 미상,,,번역서 1종 · 예: (L')eau et le feu,포함
la chambre d'un garçon / 워터보이,,기타,,발표 시기 미상,,,번역서 1종 · 예: Hydromène,포함
엄마는 거짓말쟁이,,기타,,발표 시기 미상,,,번역서 1종 · 예: Ma mère est une menteuse,포함
한국신화와 예술적 표현,,소설,,발표 시기 미상,,,번역서 1종 · 예: La mythologie coreenne et son expression artistique,포함
한국의 기적,,기타,,발표 시기 미상,,,번역서 1종 · 예: MIRACLES EN CORÉE,포함
재외한국인,,기타,,발표 시기 미상,,,번역서 1종 · 예: Overseas koreans,포함
한국의 새로운 경제 전략,,기타,,발표 시기 미상,,,번역서 1종 · 예: Korea's New Economic Strategy in the Globalization Era,포함
외국인을 위한 한국음식 안내,,기타,,발표 시기 미상,,,번역서 2종 · 예: Guía de comida coreana en español,포함
Traditional Korean Society / 한국의 전통 사회 운송 기구,,기타,,발표 시기 미상,,,번역서 1종 · 예: Modes of Transportation,포함
(카이사르에서 칭기즈 칸까지) 위대한 정복자들에게 배우는 성공의 기술,,기타,,발표 시기 미상,,,번역서 1종 · 예: Art of success : Learning through great conquerors from Julius Caesar to Genghis Khan,포함
개발독재와 박정희 시대,,기타,,발표 시기 미상,,,번역서 1종 · 예: Developmental dictatorship and the Park Chung-hee era : the shaping of modernity in the Republic of Korea,포함
소리와 고요 사이 : 고창수 시선,,기타,,발표 시기 미상,,,번역서 1종 · 예: Între sunet şi tăcere,포함
대장간의 유혹,,기타,,발표 시기 미상,,,번역서 1종 · 예: Země mlh,포함
Ai đã ặn hết những cây Sing-a ngày ấy? : tiểu thuyết,,기타,,발표 시기 미상,,,번역서 1종 · 예: Ai đã ặn hết những cây Sing-a ngày ấy? : tiểu thuyết,중복 제외 (앞 순위 출처에 있음)
성옹식소론,,기타,,발표 시기 미상,,,번역서 1종 · 예: Divagazioni dell'esilio,포함
한일 시인 앤솔러지: 해협을 건너는 소리,,시,,발표 시기 미상,,,번역서 1종 · 예: 日韓詩人アソンロジー 海峡を渡るソリ(声),포함
한국 무당의식 가요,,기타,,발표 시기 미상,,,번역서 1종 · 예: Mu-ga: The Ritual Songs of Korean Mudangs,포함
비행기가 뜨는 원리,,기타,,발표 시기 미상,,,번역서 1종 · 예: Como voam os aviões,포함
모두모두 땅으로 떨어져요,,기타,,발표 시기 미상,,,번역서 1종 · 예: (A) força da grvidade,포함
죽는 날까지 하늘을 우러러: 기독교시인 윤동주,,시,,발표 시기 미상,,,번역서 1종 · 예: 死ぬ日まで天を仰ぎ: キリスト者詩人 尹東柱,포함
그대가 곁에 있어도 나는 그대가 그립다,,기타,,발표 시기 미상,,,번역서 1종 · 예: 君がそばにいても僕は君が恋しい,포함
"서른, 잔치는 끝났다(21세기해외시인선서)",,시,,발표 시기 미상,,,번역서 1종 · 예: 三十、宴は終わった： チェ・ヨンミ選詩集 (21世紀海外詩人選書),포함
몽골기행,,기타,,발표 시기 미상,,,번역서 1종 · 예: モンゴル 紀行,포함
이상시집,,시,,발표 시기 미상,,,번역서 1종 · 예: 李箱詩集,포함
예언자/이어도,,기타,,발표 시기 미상,,,번역서 1종 · 예: Enigmi coreani : Il profeta e L'isola di io,포함
시장,,기타,,발표 시기 미상,,,번역서 1종 · 예: Markets : Traditional Korean Society,포함
백일법문,,기타,,발표 시기 미상,,,번역서 1종 · 예: Sermon of one hundred days : part one,포함
수련을 위한 노래,,기타,,발표 시기 미상,,,번역서 1종 · 예: Chants pour le Nymphea,포함
여백의 시,,기타,,발표 시기 미상,,,번역서 1종 · 예: La Fleur de l'infini,포함
山바람 하느님 그리고 나,,기타,,발표 시기 미상,,,"번역서 1종 · 예: La montagne, le vent, Dieu et moi",포함
목민심서,,기타,,발표 시기 미상,,,번역서 1종 · 예: (L')art de gouverner,포함
한국무속과 문화민주주의,,기타,,발표 시기 미상,,,번역서 1종 · 예: Korean Shamanism and cultural nationalism,포함
시간의 문,,기타,,발표 시기 미상,,,번역서 1종 · 예: Dialogue avec un vieil arbre géan,포함
무녀도: 한국 단편 문학선,,기타,,발표 시기 미상,,,번역서 1종 · 예: ШАМАНКАТА ОТ КАРТИНАTA : Избрани корейски разкази,포함
시조: 한국 고전 시선,,시조,,발표 시기 미상,,,번역서 1종 · 예: Шиджо : класическа корейска поезия,포함
완전판 토지 9권,,기타,,발표 시기 미상,,,번역서 1종 · 예: 完全版 土地. 9卷,포함
부초,,기타,,발표 시기 미상,,,번역서 1종 · 예: العشن العائم,포함
김우창 평론선,,평론,,발표 시기 미상,,,번역서 1종 · 예: Le Roman Coréen : essais de littérature et de philosophie,포함
화폐,,기타,,발표 시기 미상,,,번역서 1종 · 예: Money : Traditional Korean Society,포함
ein Bilderbuch aus Korea. 엄마 마중,,기타,,발표 시기 미상,,,번역서 1종 · 예: Wann Kommt Mama?,포함
roman / 대하,,기타,,발표 시기 미상,,,번역서 1종 · 예: (Der) große Strom,포함
그 노래 다시 부르지 못했네,,기타,,발표 시기 미상,,,번역서 1종 · 예: Interno coreano con sequestro,포함
한국문집총간편람,,기타,,발표 시기 미상,,,번역서 1종 · 예: A compendium for the comprehensive publication of Korean literary collections in classical Chinese,포함
짐승의 시간,,기타,,발표 시기 미상,,,번역서 1종 · 예: 禽兽的日子,포함
중국조선족문학작품정수 :평론권,,평론,,발표 시기 미상,,,번역서 1종 · 예: 中国朝鲜族文学作品精粹 : 坪論,포함
중국조선족문학작품정수 : 아동문학권,,기타,,발표 시기 미상,,,번역서 1종 · 예: 中国朝鲜族文学作品精粹 : 兒童文鶴,포함
자석에는 힘이 있어요,,기타,,발표 시기 미상,,,번역서 1종 · 예: (A) Força dos ímãs,포함
중국조선족문학작품정수: 시가권,,시,,발표 시기 미상,,,번역서 1종 · 예: 中国朝鲜族文学作品精粹 : 詩歌,포함
중국조선족문학작품정수 :소설권,,소설,,발표 시기 미상,,,번역서 1종 · 예: 中国朝鲜族文学作品精粹 : 小说卷,포함
머물며 흘러가며,,기타,,발표 시기 미상,,,번역서 1종 · 예: LA VOIE DU ZEN CORÉEN,포함
어느 할아버지의 평범한 이야기,,기타,,발표 시기 미상,,,번역서 1종 · 예: Paroles d'un sage coréen à ses petits-enfants,포함
"한국, 동방으로의 여행",,기타,,발표 시기 미상,,,"번역서 1종 · 예: (La)Corée, le voyage vers l'est",중복 제외 (앞 순위 출처에 있음)
그림자는 내 친구,,기타,,발표 시기 미상,,,번역서 1종 · 예: 影子是我的好朋友,포함
나 너 좋아해,,기타,,발표 시기 미상,,,번역서 1종 · 예: 我喜欢你,포함
씨앗은 무엇이 되고 싶을까?,,기타,,발표 시기 미상,,,번역서 1종 · 예: 种子嘟嘟想变成什么呢?,포함
우리 몸의 구멍,,기타,,발표 시기 미상,,,"번역서 1종 · 예: 我们身体里的 ""洞""",포함
중국조선족문학작품정수 :산문권,,수필,,발표 시기 미상,,,번역서 1종 · 예: 中国朝鲜族文学作品精粹 : 散文,포함
"조선, 한국 문학의 근대전형과 비교문학",,기타,,발표 시기 미상,,,"번역서 1종 · 예: 朝鲜, 韩国文学的近代转型与比较文学",포함
한국시조선집,,시조,,발표 시기 미상,,,번역서 2종 · 예: 韓國時調選集 古時調ㆍ現代時調,포함
"Koreakrieg und Gender / 여성, 전쟁을 넘어 일어서다",,기타,,발표 시기 미상,,,"번역서 1종 · 예: Frauen, erstanden aus dem Krieg: Koreakrieg und Gender",포함
노송당 일본행록,,기타,,발표 시기 미상,,,번역서 1종 · 예: Bericht des Nosongdang über seine Reise nach Japan aus dem Jahre 1420 : Nosongdang-Ilbon-Haengnok,포함
쓰러진 자의 꿈,,기타,,발표 시기 미상,,,번역서 1종 · 예: Le rêve d'un homme abattu : choix de poèmes,포함
빛의 무덤 속에서,,기타,,발표 시기 미상,,,번역서 1종 · 예: Dans le tombeau de lumière,포함
월인석보 월인천강지곡,,기타,,발표 시기 미상,,,번역서 1종 · 예: (Le)chant de la lune se reflétant dans mille fleuves,포함
물은 어디서 왔을까?,,기타,,발표 시기 미상,,,번역서 1종 · 예: 水是从哪儿来的?,포함
금시조,,시조,,발표 시기 미상,,,번역서 1종 · 예: L'uccello dalle ali d'oro,포함
삶과 무로,,시,,발표 시기 미상,,,번역서 1종 · 예: Life and misty road: A collection of poems,포함
빙선 (21세기세계시인선서 2),,시,,발표 시기 미상,,,번역서 1종 · 예: 氷蟬 21世紀世界詩人選書 2,포함
충정로사람들,,시,,발표 시기 미상,,,번역서 1종 · 예: 忠正路の人々 : 成耆兆詩集,포함
21세기일한신예100인시선집,,시,,발표 시기 미상,,,번역서 1종 · 예: 21世紀日韓新鋭100人詩選集,포함
an anthology. 한국고전문학,,기타,,발표 시기 미상,,,번역서 1종 · 예: Korean Classical Literature,포함
금관의 예수,,기타,,발표 시기 미상,,,번역서 1종 · 예: The Gold-Crowned Jesus and Other Writings,포함
천년의 사랑 (상-하),,기타,,발표 시기 미상,,,번역서 1종 · 예: 千年之爱 上-下,포함
책 만들며 놀자,,기타,,발표 시기 미상,,,번역서 1종 · 예: 一起做書來玩吧！,포함
"인현왕후전,이춘풍전",,기타,,발표 시기 미상,,,"번역서 1종 · 예: Mogli, mariti e concubine : affari di famiglia nella Corea classica",포함
Il sogno delle nove nuvole : Romanzo coreano del XVII secolo,,장편소설,,발표 시기 미상,,,번역서 1종 · 예: Il sogno delle nove nuvole : Romanzo coreano del XVII secolo,중복 제외 (앞 순위 출처에 있음)
하백의 신부,,기타,,발표 시기 미상,,,번역서 1종 · 예: Невеста речного.,포함
아무것도 아니면서 모든것인 나,,기타,,발표 시기 미상,,,"번역서 1종 · 예: Yo que soy nada, lo soy todo",포함
아름다운 사람들,,기타,,발표 시기 미상,,,번역서 1종 · 예: 金南祚掌篇集『美しい人びと』,포함
뜻밖의 바닐라,,기타,,발표 시기 미상,,,번역서 1종 · 예: Unexpected Vanilla,포함
비가 오는 날에,,기타,,발표 시기 미상,,,번역서 2종 · 예: Ilueve Ilueve Ilueve…,포함
"convergencias y divergencias : estudio de literatura comparada y antología de poesía Zen de China, Corea y Japón 초현실주의와 불교의 선",,기타,,발표 시기 미상,,,번역서 1종 · 예: Surrealismo y Budismo Zen,포함
우물가에서,,시,,발표 시기 미상,,,번역서 1종 · 예: At the well: Selected poems,포함
김소월 시집,,시,,발표 시기 미상,,,번역서 1종 · 예: Unforgettable love,포함
열아홉,,기타,,발표 시기 미상,,,번역서 1종 · 예: Nineteen,포함
김소월 시선집,,시,,발표 시기 미상,,,번역서 1종 · 예: Fugitive Dreams: Poems by Sowŏl Kim,포함
한국의 현대문학 제4권 중편소설 II,,소설,,발표 시기 미상,,,번역서 1종 · 예: 韓国の現代文学. 第4卷 中編小說 II,포함
한국의 현대문학 제2권 장편소설I I,,장편소설,,발표 시기 미상,,,번역서 1종 · 예: 韓国の現代文学. 第2巻 長編小説 II,포함
한국현대단편소설,,단편소설,,발표 시기 미상,,,번역서 1종 · 예: 韓国現代短編小説,포함
가지 않은 길,,기타,,발표 시기 미상,,,번역서 1종 · 예: 未选择的路,포함
가을동화 2,,동화,,발표 시기 미상,,,번역서 1종 · 예: 藍色生死恋 2,포함
가을동화,,동화,,발표 시기 미상,,,번역서 2종 · 예: 藍色生死恋,포함
한국선시(韓國禪詩),,시,,발표 시기 미상,,,번역서 1종 · 예: Poems by zen masters,포함
Contes populaires de Coree,,동화,,발표 시기 미상,,,번역서 1종 · 예: Contes populaires de Corée,포함
풍류도와 한국의 종교사상,,기타,,발표 시기 미상,,,번역서 1종 · 예: (El)pungniudo y el pensamiento religioso de Corea,포함
와사등,,기타,,발표 시기 미상,,,번역서 1종 · 예: Gas Light,포함
그대 떠난 후 더욱 사랑하게 되었네,,기타,,발표 시기 미상,,,"번역서 1종 · 예: My love, my star",포함
삶의 소금,,기타,,발표 시기 미상,,,번역서 1종 · 예: Le sel a vie,포함
삶의 죽음,,기타,,발표 시기 미상,,,번역서 1종 · 예: LA MORT A VIE,포함
stories by Korean women writers. 별사: 여성 3인 소설선,,소설,,발표 시기 미상,,,번역서 1종 · 예: Words of farewell: stories by Korean women writers,포함
"A Selection of Korean Poetry, Ancient and Modern. / 한국시선",,기타,,발표 시기 미상,,,번역서 1종 · 예: (The) Cutting Edge,포함
강안 마을,,기타,,발표 시기 미상,,,번역서 1종 · 예: 江岸村,포함
무정의 연구,,기타,,발표 시기 미상,,,번역서 1종 · 예: 『無情』の硏究,포함
roman / 고래,,기타,,발표 시기 미상,,,번역서 1종 · 예: (La) baleine,포함
코끼리를 찾아서,,기타,,발표 시기 미상,,,번역서 1종 · 예: En busca del elefante,포함
한국문학강의,,기타,,발표 시기 미상,,,번역서 1종 · 예: HISTORIA DE LA LITERATURA COREANA,포함
(우리가 정말 알아야 할) 우리 음식 백가지 1,,기타,,발표 시기 미상,,,번역서 1종 · 예: 韩国经典料理100,포함
한국 현대 문화,,기타,,발표 시기 미상,,,번역서 1종 · 예: 韩国现代文化,포함
서울행 여권,,기타,,발표 시기 미상,,,번역서 1종 · 예: Passeport pour Séoul,포함
les ailes : le pivot de l'esthétique coréenne / 날개,,기타,,발표 시기 미상,,,번역서 1종 · 예: Cinquante poèmes,중복 제외 (앞 순위 출처에 있음)
잃어버린 왕국 5,,기타,,발표 시기 미상,,,번역서 1종 · 예: 消えた王国 5 荒都の歌,포함
"30대, 당신의 로드맵을 그려라.",,기타,,발표 시기 미상,,,번역서 2종 · 예: 职业规划,포함
성학십도,,기타,,발표 시기 미상,,,번역서 1종 · 예: étude de la sagesse en dix diagrammes,포함
un livre coréen / 산에 가자,,기타,,발표 시기 미상,,,번역서 1종 · 예: Il neige des couleurs,포함
第3卷 : 현대한국문학선집 제3권 단편소설 1,,단편소설,,발표 시기 미상,,,번역서 1종 · 예: 現代韓国文学選集. 短篇小說 1,포함
춘향전·추풍감별곡·홍길동전,,기타,,발표 시기 미상,,,번역서 1종 · 예: 韓国古典文学選集3 春香伝·秋風感別曲·洪吉童伝,포함
심청전·흥부전,,기타,,발표 시기 미상,,,번역서 1종 · 예: 沈清伝·興夫伝,포함
韓国古典文学全集. 第1卷,,기타,,발표 시기 미상,,,번역서 1종 · 예: 韓国古典文学全集. 第1卷,포함
한국고전문학선,,기타,,발표 시기 미상,,,번역서 1종 · 예: 韓国古典文学選,포함
강아지똥,,기타,,발표 시기 미상,,,번역서 1종 · 예: Psia Kupa,포함
소설을 쓰자,,소설,,발표 시기 미상,,,번역서 1종 · 예: Напишу роман,포함
저스티스맨,,기타,,발표 시기 미상,,,번역서 1종 · 예: Джастисмен,포함
해피랜드,,시,,발표 시기 미상,,,번역서 1종 · 예: HappyLand : A collection of new poems by Kim Hae-ja,포함
느낌은 멈추지 않는다,,시,,발표 시기 미상,,,번역서 1종 · 예: Feeling Never Stops : A collection of new poems by Ahn Joo-cheol,포함
성학집요,,기타,,발표 시기 미상,,,번역서 1종 · 예: Anthologie de la sagesse extrême-orientale,포함
까치와 호랑이와 토끼,,기타,,발표 시기 미상,,,번역서 1종 · 예: (La) pie le tigre et le lapin,포함
꽃 바다 산 보고싶다 하늘 달 별 감사합니다 우체부 편지 엽서,,기타,,발표 시기 미상,,,번역서 1종 · 예: ดอกไม้ ทะเล ภูเขา คิดถึง ท้องฟ้า พระจันทร์ ดาว ขอบคุณบุรุษไปรษณีย์ ดหมาย โปสต์การ์ด,포함
내 인생의 마지막 4.5초,,단편소설,,발표 시기 미상,,,번역서 1종 · 예: Die letzten viereinhalb Sekunden meines Lebens: Und andere Erzählungen,포함
Roman 당신들의 천국,,기타,,발표 시기 미상,,,번역서 1종 · 예: Euer Paradies,포함
한국불교: 전통과 변형,,기타,,발표 시기 미상,,,번역서 1종 · 예: Korean buddhism : tradition and transformation,포함
from Hyangga to p'ansori. 한국 고전문학의 소개,,기타,,발표 시기 미상,,,번역서 1종 · 예: An Introduction to Classical Korean Literature,포함
by Hanjae Yi Mok and the venerable Cho-ui / 한국 다도 고전,,기타,,발표 시기 미상,,,번역서 1종 · 예: Korean tea classics,포함
메밀 꽃 필 무렵: 일제시대민족문학대역선,,기타,,발표 시기 미상,,,번역서 1종 · 예: そばの花のさく頃: 日帝時代民族文学対訳選,포함
현대한국문학선집 제2권 장편소설 2,,장편소설,,발표 시기 미상,,,번역서 1종 · 예: 現代韓国文学選集 : 長篇小說 2. 第2卷,포함
한국의 현대문학 제5권 단편소설,,단편소설,,발표 시기 미상,,,"번역서 1종 · 예: 韓国の現代文学. 第5巻, 短編小説",포함
한국시35인선,,시,,발표 시기 미상,,,번역서 1종 · 예: 韓国詩35人選 : 文学アカデミ詞華集,포함
한국삼인시집,,시,,발표 시기 미상,,,번역서 1종 · 예: 韓国三人詩集,포함
(알기 쉽게 풀어 쓴) 훈민정음,,기타,,발표 시기 미상,,,번역서 1종 · 예: 训民正音,중복 제외 (앞 순위 출처에 있음)
마침내 시인이여: 한국 17인 신작시집,,시,,발표 시기 미상,,,번역서 1종 · 예: いまこそ詩人よ : 韓国17人新作詩集,포함
第4卷 : 현대한국문학선집 제4권 단편소설 2,,단편소설,,발표 시기 미상,,,번역서 1종 · 예: 現代韓国文学選集. 短篇小説. 2,포함
잃어버린 왕국 4,,기타,,발표 시기 미상,,,번역서 1종 · 예: 消えた王国 4 新しい国を求めて,포함
우리집에는 괴물이 우글우글,,기타,,발표 시기 미상,,,번역서 1종 · 예: Ils sont affreux les monstres !,포함
토끼와 늑대와 호랑이와 담이와,,기타,,발표 시기 미상,,,"번역서 1종 · 예: Surtout, ne sors pas, n'ouvre pas !",포함
Return of mother tongue,,기타,,발표 시기 미상,,,번역서 1종 · 예: 带母语回家,포함
유교담론의 지형학,,기타,,발표 시기 미상,,,번역서 1종 · 예: A topography of Confucian discourse : politico-philosophical reflections on Confucian discourse since modernity,포함
한국정치의 역사적 기원,,기타,,발표 시기 미상,,,번역서 1종 · 예: Historical Origins of Korean Politics,포함
잔치,,기타,,발표 시기 미상,,,번역서 1종 · 예: Festive Occasions: The Custioms in Korea,포함
현대한국 통사론,,기타,,발표 시기 미상,,,번역서 1종 · 예: Modern Korean syntax,포함
박용철시선,,시,,발표 시기 미상,,,번역서 1종 · 예: 朴龍喆詩選,포함
지금은 빛나지 않아도: 박노해 시집,,시,,발표 시기 미상,,,번역서 1종 · 예: いまは輝かなくとも: 朴ノヘ詩集,포함
정호승 시선: 서울의 예수,,기타,,발표 시기 미상,,,번역서 1종 · 예: ソウルのイエス,포함
바람과 나무,,시,,발표 시기 미상,,,번역서 1종 · 예: 風と木々 : 金南祚詩集,포함
김남주시집: 농부의 밤,,시,,발표 시기 미상,,,번역서 1종 · 예: 農夫の夜 : 金南柱詩集,포함
poems. 부서진 말들,,기타,,발표 시기 미상,,,번역서 1종 · 예: Broken words,포함
박목월 시선집,,시,,발표 시기 미상,,,번역서 1종 · 예: Selected poems of Pak Mogwol,포함
기다리던 날,,기타,,발표 시기 미상,,,번역서 1종 · 예: 盼望的一天,포함
금토일 그리고 월화수,,기타,,발표 시기 미상,,,번역서 1종 · 예: 心中有个恋人,포함
금강산지가,,기타,,발표 시기 미상,,,번역서 1종 · 예: 金剛山之歌,포함
바람의 세례,,시,,발표 시기 미상,,,번역서 1종 · 예: 風の洗礼 : 金南祚詩集,포함
김광림 시집,,시,,발표 시기 미상,,,번역서 1종 · 예: キム・クヮンリム(金光林)詩集,포함
김광규 시집,,시,,발표 시기 미상,,,번역서 1종 · 예: 金光圭詩集,포함
Roman 흰 옷,,기타,,발표 시기 미상,,,번역서 1종 · 예: DIE WEISSEN KLEIDER,포함
ein Räuberroman aus dem alten Korean. 홍길동전,,기타,,발표 시기 미상,,,번역서 1종 · 예: Die Geschichte von Hong Kiltong,포함
"Ausgewählte Erzählungen Band 1 / 한국문학 사화집 제1권 -홍길동전, 흥부전, 심청전, 춘향전",,기타,,발표 시기 미상,,,번역서 1종 · 예: Koreanische Literatur,포함
그 남자네 집,,기타,,발표 시기 미상,,,번역서 1종 · 예: 那个男孩的家,포함
궤도 위에서,,기타,,발표 시기 미상,,,번역서 1종 · 예: 在軌道上,포함
국화꽃 향기 2,,기타,,발표 시기 미상,,,번역서 1종 · 예: 菊花香 2,포함
국화꽃 향기,,기타,,발표 시기 미상,,,번역서 1종 · 예: 菊花香,포함
구더기는 똥이 좋아,,기타,,발표 시기 미상,,,번역서 1종 · 예: 蛆虫喜欢粪便,포함
부자의 그림일기,,기타,,발표 시기 미상,,,번역서 1종 · 예: Buja's diary,포함
한국사에도 과학이 있는가,,기타,,발표 시기 미상,,,"번역서 1종 · 예: Science and technology in Korean history : Excursions, Innovations, and Issues",포함
poems. 안 잊혀지는 일들,,기타,,발표 시기 미상,,,번역서 1종 · 예: Unforgettable Things,포함
성 김대건 안드레아 : 한국의 첫 사제,,기타,,발표 시기 미상,,,번역서 1종 · 예: Saint Andrew Kim Dae-gon : The first Korea Priest,포함
selected poems of Park Hi-jin. 박희진 시선집,,시,,발표 시기 미상,,,번역서 1종 · 예: Sunrise over the east sea,포함
홀로 있을 때,,기타,,발표 시기 미상,,,번역서 1종 · 예: Being alone,포함
박형봉 시선집,,시,,발표 시기 미상,,,번역서 1종 · 예: The guiltless,포함
selected poems of Pak Tu-jin. 박두진 시선,,기타,,발표 시기 미상,,,"번역서 1종 · 예: River of Life, River of Hope",포함
20세기의 한국미술,,기타,,발표 시기 미상,,,번역서 1종 · 예: 20th Century Korean Art,포함
64의 비밀,,기타,,발표 시기 미상,,,번역서 1종 · 예: The Secrets Behind the Number 64,포함
La dernière princesse chauve-souris / 마지막 박쥐공주 미가야,,기타,,발표 시기 미상,,,번역서 1종 · 예: Migaya,포함
Caves : A Wonderful Unerground,,기타,,발표 시기 미상,,,번역서 1종 · 예: Caves : A Wonderful Unerground,중복 제외 (앞 순위 출처에 있음)
"퇴계와 고봉, 편지를 쓰다",,기타,,발표 시기 미상,,,번역서 1종 · 예: Toegye and Gobong Write Letters,포함
잊히지 않는 사람들,,기타,,발표 시기 미상,,,번역서 1종 · 예: 忘れ得ぬ人々,포함
신벽암록,,기타,,발표 시기 미상,,,번역서 1종 · 예: 新碧巖錄,포함
시집 신라풍류: 시로 보는 한국사 5천년,,시,,발표 시기 미상,,,번역서 1종 · 예: 詩集 · 新羅風流 -詩でたどる韓國史五千年-,포함
poems. 가난한 어부,,기타,,발표 시기 미상,,,번역서 1종 · 예: A Poor Fisherman by Hyung Bong Park,포함
사랑의 시:고시조,,시조,,발표 시기 미상,,,번역서 1종 · 예: Love poems from old Korea in sijo form,중복 제외 (앞 순위 출처에 있음)
테라스의 여자,,기타,,발표 시기 미상,,,번역서 1종 · 예: Woman on the terrace,포함
poems of Park Je-chun. 박제천 시선집,,시,,발표 시기 미상,,,번역서 1종 · 예: Sending the ship out to the stars: poems of Park Je-chun,포함
분단에 꽃이 피리라,,기타,,발표 시기 미상,,,번역서 1종 · 예: A pensive bird of national division,포함
단원 김홍도,,기타,,발표 시기 미상,,,번역서 1종 · 예: (The) art of kim Hong-do : A great court painter of 18th-contury Korea,포함
7 spontane politische Stücke aus dem Volk in Auswahl. 한국마당극,,기타,,발표 시기 미상,,,번역서 1종 · 예: KOREANISCHES MADANG-THEATER,포함
drei Theaterstücke 문제적 인간 연산,,기타,,발표 시기 미상,,,번역서 1종 · 예: König Jònsan: Drei Theaterstücke,포함
ausgewählte Gedichte 정진규 시선,,기타,,발표 시기 미상,,,번역서 1종 · 예: Tanz der Worte,포함
buddhist poems from Korea. 영역 한국불교시선,,시,,발표 시기 미상,,,번역서 1종 · 예: The ferryboat and the wayfarer: Buddhist poems from Korea,포함
해저 2만리,,기타,,발표 시기 미상,,,번역서 1종 · 예: 海底两万里,포함
폭풍의 언덕,,기타,,발표 시기 미상,,,번역서 1종 · 예: 呼啸山庄,포함
죄와 벌,,기타,,발표 시기 미상,,,번역서 1종 · 예: 罪与罚,포함
a novel. 먼 길,,기타,,발표 시기 미상,,,번역서 1종 · 예: The long road,포함
"물소리, 바람소리",,기타,,발표 시기 미상,,,"번역서 1종 · 예: The sound of water, the sound of wind and other early works by a mountain monk",포함
Gedichte 정지용 시선,,기타,,발표 시기 미상,,,번역서 1종 · 예: Eine andere Sonne,포함
"카프카, 나의 카프카",,기타,,발표 시기 미상,,,"번역서 1종 · 예: Kafka, mein Kafka",포함
사랑의 저쪽,,시,,발표 시기 미상,,,번역서 1종 · 예: Gedichte jenseits der Liebe: Gefäß-Zyklus,포함
무명연시,,시,,발표 시기 미상,,,번역서 2종 · 예: Liebesgedichte eines Unwissenden,포함
朴泰俊 / 강철의 왕,,기타,,발표 시기 미상,,,번역서 1종 · 예: 钢铁之王,포함
Gedichte aus dem Geist des Zen 먼 그대,,기타,,발표 시기 미상,,,번역서 1종 · 예: Das ferne Du,포함
어머니와 할머니의 실루엣,,기타,,발표 시기 미상,,,"번역서 1종 · 예: Mutter, Großmutter-Silhouetten",포함
novela Coreana 마당 깊은 집,,기타,,발표 시기 미상,,,번역서 1종 · 예: la casona de los patios,포함
정현종 시선집: 사람들 사이에 섬이 있다,,시,,발표 시기 미상,,,번역서 1종 · 예: Unter den Menschen ist eine Insel,포함
겨울연가,,기타,,발표 시기 미상,,,번역서 1종 · 예: 冬季恋歌,포함
영월행 일기,,기타,,발표 시기 미상,,,번역서 1종 · 예: Es ist weit von Seoul nach Yongwol: Vier Theaterstücke,포함
심청이는 왜 인당수에 몸을 두 번 던졌는가,,기타,,발표 시기 미상,,,번역서 1종 · 예: Warum das Mädchen Sim-Tscheong zweimal ins Wasser ging: vier moderne koreanische Theaterstücke,포함
고양이 학교 5,,기타,,발표 시기 미상,,,번역서 1종 · 예: 描咪魔法学校 : 5 灵魂之山,포함
고양이 학교 4,,기타,,발표 시기 미상,,,번역서 1종 · 예: 描咪魔法学校 : 4 我在伱的眼眸深处,포함
Gedichte 물고기 그림자: 황지우 시선집,,시,,발표 시기 미상,,,번역서 1종 · 예: Die Schatten der Fische,포함
ausgewählte Gedichte 어느 날 나는 흐린 주점에,,기타,,발표 시기 미상,,,번역서 1종 · 예: Sündhafte Sehnsucht,포함
Gedichte 풍장,,기타,,발표 시기 미상,,,번역서 1종 · 예: Windbestattung,포함
"장마, 몰매, 기억 속의 들꽃",,기타,,발표 시기 미상,,,번역서 1종 · 예: Lluvias,포함
바람의 넋 외,,기타,,발표 시기 미상,,,번역서 1종 · 예: EL ESPÍRITU DEL VIENTO y otros relatos,포함
말뚝,,기타,,발표 시기 미상,,,번역서 1종 · 예: La hoguera,포함
ein Gedichtepos aus Korea 님의 침묵,,기타,,발표 시기 미상,,,번역서 1종 · 예: Das Schweigen des Geliebten,포함
vorübergehendes Sein und Abwesenheit : Gedichte 낮은 목소리로,,기타,,발표 시기 미상,,,번역서 1종 · 예: Mit leiser Stimme,포함
고귀한 사람들,,기타,,발표 시기 미상,,,번역서 1종 · 예: 高貴的人們,포함
결혼 전에 하지 않으면 정말 억울한 서른여섯가지,,기타,,발표 시기 미상,,,번역서 1종 · 예: 20幾歲女孩必做的36件事,포함
"격암유록 (하) = 격암유록, 무엇을 예언하였는가下",,기타,,발표 시기 미상,,,번역서 1종 · 예: 格庵遺錄 下,포함
"격암유록 (상) = 격암유록, 무엇을 예언하였는가上",,기타,,발표 시기 미상,,,번역서 1종 · 예: 格庵遺錄 上,포함
이성부시집 -우리들의 양식 외-,,시,,발표 시기 미상,,,번역서 1종 · 예: 李盛夫詩集-我等の糧他,포함
이육사시집,,시,,발표 시기 미상,,,번역서 1종 · 예: 李陸史詩集,포함
히로시마의 갈매기,,시,,발표 시기 미상,,,번역서 1종 · 예: 広島のカモメ: 丁奇錫詩集,포함
님의 침묵 외,,시,,발표 시기 미상,,,번역서 1종 · 예: Love's Silence & Other Poems,포함
사씨남정기 인현황후전.,,기타,,발표 시기 미상,,,번역서 1종 · 예: LA HISTORIA DE LA SEÑORA SA / LA VIDA DE LA REINA INJYON,포함
The Little Prince,,기타,,발표 시기 미상,,,번역서 1종 · 예: The Little Prince,포함
즐거운 사라,,기타,,발표 시기 미상,,,번역서 1종 · 예: 楽しいサラ,포함
불바다,,기타,,발표 시기 미상,,,번역서 1종 · 예: ソウル 火の海,포함
일본상륙: 속 인간시장,,기타,,발표 시기 미상,,,번역서 1종 · 예: 日本上陸 - 続人間市場,포함
인간시장,,기타,,발표 시기 미상,,,번역서 1종 · 예: 人間市場,포함
완전한 만남,,기타,,발표 시기 미상,,,번역서 1종 · 예: 完全なる再会,포함
무궁화꽃이 피었습니다,,기타,,발표 시기 미상,,,번역서 1종 · 예: ムクゲノ花ガ咲キマシタ. 上-下,포함
잃어버린 너,,기타,,발표 시기 미상,,,번역서 1종 · 예: イロボリン・ノー : 忘れたはずのあなた,포함
한국현대여류시인선집,,기타,,발표 시기 미상,,,번역서 1종 · 예: 12 contemporary Korean poetesses,포함
Korean-American literature . 시향 = 詩香,,시,,발표 시기 미상,,,번역서 1종 · 예: Fragrance of Poetry,포함
완전판 토지 14권,,기타,,발표 시기 미상,,,번역서 1종 · 예: 完全版 土地. 14卷,포함
한국 1950 - 전쟁과 평화,,기타,,발표 시기 미상,,,번역서 1종 · 예: The Requiem for Peace : A Critical-Constructive Reflection on the Korean War,포함
Korea's Indigenous script / 한글의 역사와 미래,,기타,,발표 시기 미상,,,번역서 1종 · 예: The History and Future of Hangeul,포함
간판스타,,기타,,발표 시기 미상,,,번역서 1종 · 예: 招牌明星,포함
동아시아 여성의 기원,,기타,,발표 시기 미상,,,번역서 1종 · 예: 東亞女性的起源,포함
한국과학사,,기타,,발표 시기 미상,,,번역서 1종 · 예: 韓国科學史 : 技術的伝統の再照明,포함
Contemporary Korean Poetry,,시,,발표 시기 미상,,,번역서 1종 · 예: Contemporary Korean Poetry,중복 제외 (앞 순위 출처에 있음)
poems. 미시령 큰바람,,시,,발표 시기 미상,,,번역서 1종 · 예: Strong winds at Mishi Pass poems,포함
Roman/ 을화,,기타,,발표 시기 미상,,,"번역서 1종 · 예: Ulhwa, die Schamanin",포함
"exposition, OPA, the visible speech sounds, annotated translation, future applicability. 훈민정음",,기타,,발표 시기 미상,,,번역서 1종 · 예: The Korean Alphabet of 1446,포함
이명세,,기타,,발표 시기 미상,,,번역서 1종 · 예: (Korean Films Directors)LEE Myung-Se,포함
한국영화사,,기타,,발표 시기 미상,,,번역서 1종 · 예: The History of Korean Cinema,포함
한국음악의 역사와 그 외의 전망,,기타,,발표 시기 미상,,,번역서 1종 · 예: Korean Music : Historical and Other Aspects,포함
five plays from the Korean avant-garde. 오태석 희곡선,,희곡,,발표 시기 미상,,,번역서 1종 · 예: The metacultural theater of Oh T'ae-sŏk,포함
용비어천가(龍飛御天歌),,기타,,발표 시기 미상,,,"번역서 1종 · 예: Ода о драконах, летяших к небу",중복 제외 (앞 순위 출처에 있음)
시대를 담는 그릇,,기타,,발표 시기 미상,,,번역서 1종 · 예: The secret spirit of Korean Architecture,포함
호암미술관에 있는 아름다운 문화예술품,,기타,,발표 시기 미상,,,번역서 1종 · 예: Korean art treasures from the Ho-Am museum : a unique collection of traditional cultural properties in Korea,포함
식민지 시대의 한국 희곡,,희곡,,발표 시기 미상,,,번역서 1종 · 예: Korean drama under Japanese occupation,포함
a selection of Korean zen poems . 한국선시,,시,,발표 시기 미상,,,번역서 1종 · 예: Because of the rain: a selection of Korean zen poems,포함
selected poems of Ji-woo Hwang. 새들도 세상을 뜨는구나,,기타,,발표 시기 미상,,,번역서 1종 · 예: Even Birds Leave the World,포함
collection of selected poems in Korean and English. 바디 랭귀지: 한영 대역 시선집,,시,,발표 시기 미상,,,번역서 1종 · 예: Body language,포함
숲속의 방,,기타,,발표 시기 미상,,,번역서 1종 · 예: 深林之屋,포함
종묘,,기타,,발표 시기 미상,,,"번역서 1종 · 예: Chongmyo, der königliche ahnenschrein",포함
궁궐의 우리 나무,,기타,,발표 시기 미상,,,번역서 1종 · 예: 朝鮮王宮の樹木 : 韓国 みどり世界,포함
Gyeongju Namsan : esculturas budistas en la tierra pura del reino Coreano de silla ; 경주 남산,,기타,,발표 시기 미상,,,번역서 1종 · 예: Gyeongju Namsan : esculturas budistas en la tierra pura del reino Coreano de silla ; 경주 남산,중복 제외 (앞 순위 출처에 있음)
"Communautés villageoises, réseaux urbains : sociologie coréenne",,기타,,발표 시기 미상,,,"번역서 1종 · 예: Communautés villageoises, réseaux urbains : sociologie coréenne",중복 제외 (앞 순위 출처에 있음)
팔월의 크리스마스,,기타,,발표 시기 미상,,,번역서 1종 · 예: 八月のクリスマス,포함
마지막 선물,,기타,,발표 시기 미상,,,번역서 1종 · 예: ラスト プレゼント,포함
분노의 왕국,,기타,,발표 시기 미상,,,번역서 1종 · 예: 憤怒の王国,포함
겨울 골짜기,,기타,,발표 시기 미상,,,번역서 1종 · 예: 冬の谷問,포함
구전 설화,,소설,,발표 시기 미상,,,번역서 1종 · 예: Cuentos coreanos de tradición oral,포함
(한국어대역총서 2) 소설편: 김동인단편집.,,단편소설,,발표 시기 미상,,,번역서 1종 · 예: (韓国語対訳叢書 2) 小說編 : 金東仁短篇集,포함
한국고전문학선집 2 구운몽,,기타,,발표 시기 미상,,,번역서 1종 · 예: 九雲夢 : 韓國古典文學選集. 2,포함
Roman 새,,기타,,발표 시기 미상,,,번역서 1종 · 예: Vögel,포함
한국 여성 시선,,기타,,발표 시기 미상,,,번역서 1종 · 예: Echoing Song: contemporary Korea Women Poets,포함
땅,,기타,,발표 시기 미상,,,번역서 1종 · 예: 土地,포함
등대지기,,기타,,발표 시기 미상,,,번역서 1종 · 예: 灯塔守望者,포함
두더지 아가씨의 꽃밭,,기타,,발표 시기 미상,,,번역서 1종 · 예: 鼹鼠小姐的花园,포함
동아시아의 뒷간 = Latrines of the east asia,,기타,,발표 시기 미상,,,번역서 1종 · 예: 东亚的厕所,포함
동방단편소설선 (상),,단편소설,,발표 시기 미상,,,번역서 1종 · 예: 东方短篇小说选 上,포함
Erzählungen 바람의 넋,,기타,,발표 시기 미상,,,번역서 1종 · 예: Die Seele des Windes,포함
Roman 희망,,기타,,발표 시기 미상,,,번역서 1종 · 예: HOFFEN,포함
Roman 원미동 사람들,,기타,,발표 시기 미상,,,번역서 1종 · 예: Die Leute von Wonmidong,포함
drei Erzählungen 착각: 중편집,,기타,,발표 시기 미상,,,번역서 1종 · 예: Illusion,포함
은마는 오지 않는다,,기타,,발표 시기 미상,,,번역서 1종 · 예: Der silberne Hengst,포함
고구려 고분벽화 연구,,기타,,발표 시기 미상,,,번역서 1종 · 예: Recherche sur les fresques tombales du royaume Coréen de Koguryo,포함
poemas 입 속의 검은 잎,,기타,,발표 시기 미상,,,번역서 1종 · 예: La hoja negra dentro de la boca,포함
그들의 선택,,기타,,발표 시기 미상,,,번역서 1종 · 예: 金正日生の贄女 : 上-下,포함
가이아 (상-하),,기타,,발표 시기 미상,,,번역서 1종 · 예: ニッポン消滅. 上-下,포함
친구,,기타,,발표 시기 미상,,,번역서 1종 · 예: 友ヘ : チンゲ,포함
selected poems of Choi Seungho. 최승호 시선,,기타,,발표 시기 미상,,,번역서 1종 · 예: Flowers in the Toilet Bowl,포함
"anthropologie coréenne / 전통, 의식, 신념",,기타,,발표 시기 미상,,,"번역서 1종 · 예: Traditions, rituels, croyances :",포함
우리에게 철학은 무엇인가,,기타,,발표 시기 미상,,,"번역서 1종 · 예: 韓國近代哲學の成立と展開 : 近代, 理性, 主体槪念中心に",포함
Gedichte 주막에서,,기타,,발표 시기 미상,,,번역서 1종 · 예: Im Gasthof,포함
석불돌에 새긴 정토의 꿈 ;,,기타,,발표 시기 미상,,,번역서 1종 · 예: Buddha : bildnisse aus stein in Korea,포함
옛날옛날에,,기타,,발표 시기 미상,,,번역서 1종 · 예: むかしむかし,포함
지하철 1호선,,기타,,발표 시기 미상,,,번역서 1종 · 예: 地下鐵1号線,포함
판소리,,기타,,발표 시기 미상,,,번역서 1종 · 예: パンソリ,중복 제외 (앞 순위 출처에 있음)
해금사회,,시,,발표 시기 미상,,,번역서 1종 · 예: 海綿の社会： 詩集,포함
한국여성작가단편선,,기타,,발표 시기 미상,,,번역서 1종 · 예: 韓国女性作家短編選,포함
정현종 시선,,기타,,발표 시기 미상,,,번역서 1종 · 예: Day-Shine,포함
poems of Chŏng Chi-Yong. 먼 계곡,,기타,,발표 시기 미상,,,번역서 1종 · 예: Distant Valleys,포함
검은 꽃 피는 하늘,,기타,,발표 시기 미상,,,번역서 1종 · 예: Black Flower in the Sky,포함
금속공예,,기타,,발표 시기 미상,,,번역서 1종 · 예: Das metallkunsthandwerk des alten Korea,포함
석류꽃: 시선집,,시,,발표 시기 미상,,,번역서 1종 · 예: Granatapfelblüte: Ausgewählte Gedichte,포함
dikter / 꿈,,기타,,발표 시기 미상,,,번역서 1종 · 예: Dröm,포함
(La)caja azul ; (El)bastón azul,,기타,,발표 시기 미상,,,번역서 1종 · 예: (La)caja azul ; (El)bastón azul,포함
조그만 발명가,,기타,,발표 시기 미상,,,번역서 1종 · 예: (El)pequeño inventor,포함
누구의 그림자일까?,,기타,,발표 시기 미상,,,번역서 1종 · 예: ¿De quién es esa sombra?,포함
한국문제와 국제정치,,기타,,발표 시기 미상,,,"번역서 1종 · 예: Korea In International Politics: 1945-1954 : Britain, the Korean War, and the Geneva Conference",포함
왕오천축국전,,기타,,발표 시기 미상,,,번역서 1종 · 예: Pellegrinaggio alle cinque regioni dell'India,포함
한국현대단편소설선,,단편소설,,발표 시기 미상,,,번역서 1종 · 예: Contos contemporâneos Coreanos,포함
늙은 떠돌이의 시,,기타,,발표 시기 미상,,,번역서 1종 · 예: Poemas de un niño vagabundo de ochenta anõs y otros poemas escogidos,포함
국화 옆에서,,기타,,발표 시기 미상,,,번역서 1종 · 예: Junto al crisantemo,포함
박제천 시선,,기타,,발표 시기 미상,,,번역서 1종 · 예: La Cancion del dragon y otros poemas,포함
"들림, 도스토예프스키",,기타,,발표 시기 미상,,,번역서 1종 · 예: poseído por Dostoievski,포함
김남조 시선집,,시,,발표 시기 미상,,,번역서 1종 · 예: Antología poética,포함
국물 있사옵니다,,기타,,발표 시기 미상,,,번역서 1종 · 예: À la soupe,포함
16세기 가사와 시조,,시조,,발표 시기 미상,,,번역서 1종 · 예: Anthologie de la poésie Coréenne du XVI siècle,포함
한국현대문학단편선집,,기타,,발표 시기 미상,,,번역서 1종 · 예: JI-DO : ANTOLOGÍA DE LA NARRATIVA COREANA CONTEMPORÁNEA,포함
두 개의 한국과 미국,,기타,,발표 시기 미상,,,"번역서 1종 · 예: The Two Koreas and the United States : issues of peace, security, and economic cooperation",포함
구상 시선: 영원히,,기타,,발표 시기 미상,,,번역서 1종 · 예: Det eviga livet,포함
나무 안에서,,기타,,발표 시기 미상,,,번역서 1종 · 예: In the tree,포함
유치환 시선,,기타,,발표 시기 미상,,,번역서 1종 · 예: Imágenes del tiempo,포함
신라초,,기타,,발표 시기 미상,,,번역서 1종 · 예: EPÍTOME DE SIL-LA,포함
한국 4인 시선,,기타,,발표 시기 미상,,,번역서 1종 · 예: The wind and the waves: four modern Korean poets,포함
"현대시인 3인선(이상, 함동선, 최영미).",,기타,,발표 시기 미상,,,"번역서 1종 · 예: Three Poets of Modern Korea: Yi Sang, Hahm Dong-seon and Choi Young-mi",포함
modern Korean stories. / 봉별기,,기타,,발표 시기 미상,,,번역서 1종 · 예: Meetings and farewells,포함
구름피리 : 조병화 시집,,시,,발표 시기 미상,,,번역서 1종 · 예: 雲の笛: 趙炳華詩集,포함
여행 가깝고도 먼 이국의 친구에게,,기타,,발표 시기 미상,,,번역서 1종 · 예: 旅 ~近くて遠い異国の友へ-,포함
김만중 선집 -구운몽-,,기타,,발표 시기 미상,,,번역서 1종 · 예: Сон в заоблачных высях,포함
백낙청 평론집: 분단체제 • 민족문학.,,평론,,발표 시기 미상,,,번역서 1종 · 예: 白樂晴： 分斷體制 • 民族文學,포함
가을의 환,,기타,,발표 시기 미상,,,번역서 1종 · 예: Espejismos de otoño,포함
Cinco poetas contemporáneos de Corea,,기타,,발표 시기 미상,,,번역서 1종 · 예: Cinco poetas contemporáneos de Corea,중복 제외 (앞 순위 출처에 있음)
금시조 외,,시조,,발표 시기 미상,,,번역서 1종 · 예: The golden phoenix: seven contemporary Korean short stories,포함
stories from Korean in transition. 한국 현대 단편선,,단편소설,,발표 시기 미상,,,번역서 1종 · 예: A Moment's Grace: Stories from Korean in Transition,포함
화염 속의 샘,,기타,,발표 시기 미상,,,번역서 1종 · 예: FUENTE EN ILAMAS : POEMAS SELECCIONADOS DE Ko Un,포함
얼음꽃의 비석,,시,,발표 시기 미상,,,번역서 1종 · 예: (長篇叙事詩集) 凛華の碑 : 忘れられた記憶のむこうに,포함
재역 조선시집,,시,,발표 시기 미상,,,번역서 1종 · 예: 再訳 朝鮮詩集,포함
현대한국소설선 3,,소설,,발표 시기 미상,,,"번역서 1종 · 예: 現代韓国小說選. 3, 客地. 月夜を行く. 血痕",포함
6 stories 현대한국여성작가단편,,단편소설,,발표 시기 미상,,,번역서 1종 · 예: 6 stories : 現代韓国女性作家短編,포함
현대한국문학선집 제1권 장편소설Ⅰ,,장편소설,,발표 시기 미상,,,번역서 1종 · 예: 現代韓国文学選集. 1 長篇小說 1,포함
이슬의 눈,,기타,,발표 시기 미상,,,번역서 1종 · 예: Eyes of dew,포함
중심의 괴로움,,시,,발표 시기 미상,,,번역서 1종 · 예: Blütenneid : Gedichte,포함
a Novel. 엄마를 부탁해,,기타,,발표 시기 미상,,,번역서 1종 · 예: Please look after mother,포함
108 선시,,기타,,발표 시기 미상,,,번역서 1종 · 예: Ananda: 108 poemas Zen,포함
한국중단편선,,단편소설,,발표 시기 미상,,,번역서 2종 · 예: Yi Sang y otros narradores coreanos (RELATOS),포함
어두워진다는 것은,,기타,,발표 시기 미상,,,번역서 1종 · 예: What is Darkening,포함
김혜순 시선,,기타,,발표 시기 미상,,,번역서 1종 · 예: Mommy Must be a Fountain of Feathers,포함
1-2 / 한국 현대시 모음,,시,,발표 시기 미상,,,번역서 1종 · 예: Anthology of contemporary Korean poetry,포함
샤갈의 마을에 내리는 눈,,기타,,발표 시기 미상,,,번역서 1종 · 예: The snow falling on Chagall's village,포함
한국근현대시조선집,,시조,,발표 시기 미상,,,번역서 1종 · 예: 韓国近現代時調選集,포함
현대한국단편선(하),,단편소설,,발표 시기 미상,,,번역서 1종 · 예: 現代韓国短篇選 下,포함
아시아와 공산주의의 쇠퇴,,기타,,발표 시기 미상,,,번역서 1종 · 예: Asia and the decline of communism,포함
(한국의 풍속) 민간 신앙,,기타,,발표 시기 미상,,,번역서 1종 · 예: Folk-religion : The customs in Korea,포함
소묘,,기타,,발표 시기 미상,,,번역서 1종 · 예: 素描,포함
"A Prose-poetry, The Pagoda on Epic & other Poems. 렌의 애가",,기타,,발표 시기 미상,,,번역서 1종 · 예: Wren’sElegy,포함
이상 시선집,,시,,발표 시기 미상,,,번역서 1종 · 예: A vista de cuervo y otros poemas,포함
"Poesía Zen : antología crítica de poesía Zen de China, Corea y Japón",,기타,,발표 시기 미상,,,"번역서 1종 · 예: Poesía Zen : antología crítica de poesía Zen de China, Corea y Japón",포함
고전한시집,,시,,발표 시기 미상,,,번역서 1종 · 예: On An Autumn Night: Classical Korean Poetry,포함
und andere Erzählungen / 나도향 단편선,,기타,,발표 시기 미상,,,번역서 1종 · 예: (Der)Sohn des Dieners,포함
촛농날개 외,,기타,,발표 시기 미상,,,번역서 1종 · 예: Waxen wings: The ACTA Koreana anthology of short fiction from Korea,포함
시간의 쪽배: 오세영 시집,,시,,발표 시기 미상,,,번역서 1종 · 예: 詩集 時間の丸木舟,포함
poems. 문정희 시선,,기타,,발표 시기 미상,,,번역서 1종 · 예: Windflower,포함
선에 관한 소묘: 문덕수 시선,,시,,발표 시기 미상,,,번역서 1종 · 예: Drawing Lines: selected poems of Moon Dok-su,포함
윤동주 평전,,기타,,발표 시기 미상,,,번역서 1종 · 예: 尹東柱 評傳,포함
구상 시선,,시,,발표 시기 미상,,,번역서 1종 · 예: Il fiume di cristoforo : raccolta di poesie con testo a fronte a cura di vincenza d'urso,포함
유예 외,,단편소설,,발표 시기 미상,,,번역서 1종 · 예: A Respite and Other Korean Short Stories Modern Korean Short Stories No. 6,포함
아늑한 길,,기타,,발표 시기 미상,,,번역서 1종 · 예: The Cozy Path,포함
Nietzche : Rüttler an hundertjähriger Philosophietradition,,기타,,발표 시기 미상,,,번역서 1종 · 예: Nietzche : Rüttler an hundertjähriger Philosophietradition,중복 제외 (앞 순위 출처에 있음)
민속문화의 탐구,,기타,,발표 시기 미상,,,번역서 1종 · 예: In search of Korean folklore,포함
"선비의 나라, 한국 유학 2천년",,기타,,발표 시기 미상,,,번역서 1종 · 예: The Land of Scholars : two thousand years of Korean Confucianism,포함
"한국의 돌, 담, 길",,기타,,발표 시기 미상,,,"번역서 1종 · 예: Stone, Walls and Paths : A Study of Korean Architecture",포함
황동규 시선,,기타,,발표 시기 미상,,,번역서 1종 · 예: POSADA DE NUBES Y OTROS POEMAS,포함
한용운 시선,,기타,,발표 시기 미상,,,번역서 1종 · 예: ANTOLOGIA POETICA DE JAN YONG-WUN,포함
한국단편소설 10편,,단편소설,,발표 시기 미상,,,번역서 1종 · 예: Ten Korean short stories,포함
"한국의 창,문",,기타,,발표 시기 미상,,,번역서 1종 · 예: Windows and Doors : A study of Korean Architecture,포함
"A Study of Korean Architecture / 한국의 지붕, 선",,기타,,발표 시기 미상,,,번역서 1종 · 예: Roofs and Lines,포함
(한국의 전통선박) 한선,,기타,,발표 시기 미상,,,번역서 1종 · 예: The Traditional Ships of Korea,포함
selected poems of Taejoon Moon. 문태준 시선집: 그늘의 발달,,시,,발표 시기 미상,,,번역서 1종 · 예: The Growth of a Shadow,포함
(한국의 전통과학) 천문학,,기타,,발표 시기 미상,,,번역서 1종 · 예: Astronomy : Traditional Korean Science,포함
한국현대시조선,,시조,,발표 시기 미상,,,번역서 2종 · 예: Traditional Korean verse since the 1900s,포함
현대한국명시선,,시,,발표 시기 미상,,,번역서 1종 · 예: Master poems from modern Korea since 1920,포함
poems of the Korean War. 한국전쟁 시선집,,시,,발표 시기 미상,,,번역서 1종 · 예: Brother Enemy,포함
한국의 전통 공간,,기타,,발표 시기 미상,,,번역서 1종 · 예: (The) Traditional Space : A study of Korean architecture,포함
"A Study of Korean Architecture/ 한국의 꽃살, 기둥, 누각",,기타,,발표 시기 미상,,,"번역서 1종 · 예: Floral Lattices, columns and pavilions",포함
Werkauswahl (1960-2003) 하늘의 그물,,기타,,발표 시기 미상,,,번역서 1종 · 예: Himmelsnetz,포함
Gedichte / 어느 별의 지옥,,기타,,발표 시기 미상,,,번역서 1종 · 예: (Die)Frau im Wolkenschloss,포함
(Der)Mai Koreas,,기타,,발표 시기 미상,,,번역서 1종 · 예: (Der)Mai Koreas,포함
Gedichte / 인동초,,기타,,발표 시기 미상,,,번역서 1종 · 예: Blätter des Indong,포함
조선시대의 한국의상과 보자기,,기타,,발표 시기 미상,,,번역서 1종 · 예: Rapt in colour : Korean textiles and costumes of the Choson dynasty,포함
Korean Mask Dance,,기타,,발표 시기 미상,,,번역서 1종 · 예: Korean Mask Dance,포함
우리 춤,,기타,,발표 시기 미상,,,번역서 1종 · 예: Korean Dance,포함
Photo journal of a vanishing Korean culture / 동구 밖 당산나무,,기타,,발표 시기 미상,,,번역서 1종 · 예: (The) Dangsan tree,포함
(Handbook of Korean art)folk painting,,기타,,발표 시기 미상,,,번역서 1종 · 예: (Handbook of Korean art)folk painting,포함
아버지 감시,,기타,,발표 시기 미상,,,번역서 1종 · 예: El Vigila a su padre,포함
시튼 동물기,,기타,,발표 시기 미상,,,번역서 1종 · 예: 西顿动物记,포함
이인수 작품선,,기타,,발표 시기 미상,,,번역서 1종 · 예: INSIDE CLOUD CUCKOO LAND,포함
검은 이야기 사슬,,기타,,발표 시기 미상,,,번역서 1종 · 예: A Chain of Dark Tales,포함
소반: 한국의 전통 공예,,기타,,발표 시기 미상,,,번역서 1종 · 예: Dining Tables: Korean Traditional Handicrafts,포함
(한국의 전통공예) 도기,,기타,,발표 시기 미상,,,번역서 1종 · 예: Pottery : Korean Traditional Handicrafts,포함
(조선 상류 주택의) 내부 공간과 가구,,기타,,발표 시기 미상,,,번역서 1종 · 예: Interior Spacce and Furniture of Joseon Upper-lass Houses,포함
"한국의 정원, 선비가 거닐던 세계",,기타,,발표 시기 미상,,,번역서 1종 · 예: Gardens of Korea : Harmony with Intellect and Nature,포함
Six centuries of dynastic grandeur. 한국의 고궁,,기타,,발표 시기 미상,,,번역서 1종 · 예: (The) royal palaces of korea,포함
韓國經營之神 史蒂夫ㆍ金 : 從零創造無限幸福 / 꿈 희망 미래,,기타,,발표 시기 미상,,,번역서 1종 · 예: 從谷底攀上巔峰,포함
시간의 동공,,시,,발표 시기 미상,,,번역서 1종 · 예: 時間の瞳孔 : 朴柱澤詩集,포함
너를 알고 싶어,,단편소설,,발표 시기 미상,,,번역서 1종 · 예: あなたのことが知りたくて : 小説集 韓国・フェミニズム・日本,포함
한국중단편소설선,,단편소설,,발표 시기 미상,,,번역서 1종 · 예: The rainy spell and other Korean stories,포함
한국중단편소설선: 장마 외,,단편소설,,발표 시기 미상,,,번역서 1종 · 예: The rainy spell and other Korean stories,포함
205호 병실 외,,단편소설,,발표 시기 미상,,,번역서 1종 · 예: Hospital room 205 and other Korean short stories,포함
반쪽이,,기타,,발표 시기 미상,,,"번역서 1종 · 예: Banjjogi, der Halbling",포함
우리옷과 장신구,,기타,,발표 시기 미상,,,번역서 1종 · 예: Traditional Korean Costume,포함
Lee Wade's Korean Cookery,,기타,,발표 시기 미상,,,번역서 1종 · 예: リー ウェイドの韓国料理,포함
한국현대시인선,,시,,발표 시기 미상,,,번역서 1종 · 예: The contemporary Korean poets: Korean poetry since 1920,포함
빌라도의 예수,,기타,,발표 시기 미상,,,번역서 1종 · 예: Pilate's Jesus,포함
Stories of trauma in contemporary Korea. 붉은 방,,기타,,발표 시기 미상,,,번역서 1종 · 예: The red room,포함
죽지 않는 도시,,기타,,발표 시기 미상,,,번역서 1종 · 예: La ciudad inmortal,포함
밤이 깊으면,,기타,,발표 시기 미상,,,번역서 1종 · 예: The early lyrics 1941~1960,포함
떠돌이의 시,,시,,발표 시기 미상,,,번역서 2종 · 예: Poems of a wanderer: selected poems of Midang So Chong-ju.,포함
한국 현대 건축 비평: 후기산업사회와 현대건축 이야기,,평론,,발표 시기 미상,,,번역서 1종 · 예: Moderne koreanische Architektur eine kritische betrachtung,포함
환절기,,기타,,발표 시기 미상,,,번역서 1종 · 예: CHANGEMENT DE SAISON,포함
태평한화 골계전,,기타,,발표 시기 미상,,,번역서 1종 · 예: 太平閑話 滑稽伝,포함
poems for children / 넉점 반,,기타,,발표 시기 미상,,,번역서 1종 · 예: Half past four,포함
사랑의 감옥,,기타,,발표 시기 미상,,,번역서 1종 · 예: Kerker der Liebe,포함
현산어보를 찾아서 1-2,,기타,,발표 시기 미상,,,번역서 1종 · 예: 「玆山漁譜」を訪ねて. 第1-2卷,포함
풍경과 마음,,수필,,발표 시기 미상,,,번역서 1종 · 예: Landscape and mind : Essays on East Asian landscape painting,포함
devient peintre / 쥐돌이는 화가,,기타,,발표 시기 미상,,,번역서 1종 · 예: Joudori,포함
한국의 문화코드 열 다섯가지,,기타,,발표 시기 미상,,,번역서 1종 · 예: Uncovering the Codes : Fifteen Keywords in Korean Culture,포함
한국문화의 이해,,기타,,발표 시기 미상,,,번역서 1종 · 예: 韩国文化的 理解,포함
한국생태시선,,기타,,발표 시기 미상,,,번역서 1종 · 예: Cracking the shell: three Korean ecopoets,포함
전후시선,,기타,,발표 시기 미상,,,번역서 1종 · 예: Voices in Diversity: Poets from Postwar Korea,포함
현대한국소설선집,,소설,,발표 시기 미상,,,번역서 1종 · 예: Reunion so far away: a collection of contemporary Korean fiction,포함
and Other Korean Short Stories / 한국대표단편선,,기타,,발표 시기 미상,,,번역서 1종 · 예: The Cruel City,포함
눈길 외,,단편소설,,발표 시기 미상,,,번역서 1종 · 예: The snowy road and other stories,포함
the collected poetry of Yun Dongju. 하늘과 바람과 별과 시,,시,,발표 시기 미상,,,"번역서 1종 · 예: Heaven, the wind, stars and poems",포함
Flowers long for stars / 꽃들은 별을 우러르며 산다,,기타,,발표 시기 미상,,,번역서 1종 · 예: Flowers long for stars / 꽃들은 별을 우러르며 산다,포함
selected poems. 오는 세월 가는 세월,,시,,발표 시기 미상,,,번역서 1종 · 예: In the flux of time : Selected Poems,포함
보이지 않는 산,,기타,,발표 시기 미상,,,번역서 1종 · 예: Invisible mountains,포함
无论你选择什么样的人生，我都为你加油 네가 어떤 삶을 살든 나는 너를 응원할 것이다,,기타,,발표 시기 미상,,,번역서 1종 · 예: 无论你选择什么样的人生，我都为你加油 네가 어떤 삶을 살든 나는 너를 응원할 것이다,포함
고구려사 연구,,기타,,발표 시기 미상,,,번역서 1종 · 예: Korea's Ancient Koguryǒ Kingdom : A Socio-Political History,포함
헬로 베이비,,기타,,발표 시기 미상,,,번역서 1종 · 예: Hello Baby,포함
시체들,,기타,,발표 시기 미상,,,번역서 1종 · 예: Cadáveres,포함
잃어버린 왕국 3,,기타,,발표 시기 미상,,,번역서 1종 · 예: 消えた王国 3 百済よ、百済よ,포함
잃어버린 왕국 2,,기타,,발표 시기 미상,,,번역서 1종 · 예: 消えた王国 2 疾風怒涛,포함
잃어버린 왕국 1,,기타,,발표 시기 미상,,,번역서 1종 · 예: 消えた王国 1 秘密の門,포함
한국의 민담과 전설집,,소설,,발표 시기 미상,,,번역서 1종 · 예: Contes et légendes de Corée,포함
1-3 / 구르믈 버서난 달처럼,,기타,,발표 시기 미상,,,번역서 1종 · 예: Like the moon escaping from the clouds,포함
한국미술사,,기타,,발표 시기 미상,,,"번역서 1종 · 예: Geschichte der koreanischen Kunst : Mit 506 Abb. auf 168 Tafeln, 4 Farbentafeln, 8 Einlagetafeln und 1 Karte",포함
규장각 각신들의 나날,,기타,,발표 시기 미상,,,번역서 1종 · 예: 奎章阁之恋,포함
행복,,기타,,발표 시기 미상,,,번역서 1종 · 예: Счастье,포함
아령 하는 밤,,기타,,발표 시기 미상,,,번역서 1종 · 예: At night he lifts weights,포함
한국 단편소설 선집,,단편소설,,발표 시기 미상,,,번역서 1종 · 예: (The) Penguin Book of Korean Short Stories,포함
위풍당당 여우 꼬리3,,기타,,발표 시기 미상,,,번역서 1종 · 예: 威風堂々 キツネの尻尾 . 3,포함
위풍당당 여우 꼬리2,,기타,,발표 시기 미상,,,번역서 2종 · 예: 威風堂々 キツネの尻尾 . 2,포함
금시조: 한국현대중편소설선,,소설,,발표 시기 미상,,,번역서 1종 · 예: سنہری ققنس: کوریا کے سات جدید افسانے : SUNEHRI QAQNAS The Golden Phoenix Seven Contemporary Korean Short Stories,포함
Un eclat dans le ciel = 녹천에는 똥이 많다 ; 하늘등,,기타,,발표 시기 미상,,,번역서 1종 · 예: NOKCHEON,포함
Résonance Générale NUMÉRO 5-ÉTÉ 2012 : cahiers pour la poétique,,기타,,발표 시기 미상,,,번역서 1종 · 예: Résonance Générale NUMÉRO 5-ÉTÉ 2012 : cahiers pour la poétique,중복 제외 (앞 순위 출처에 있음)
그림자 전쟁 1,,기타,,발표 시기 미상,,,"번역서 2종 · 예: La guerre des ombres, Tome 2 L'enfant des Marroïns verts",포함
금강산: 한국동화집,,동화,,발표 시기 미상,,,번역서 1종 · 예: Démantové hory : Korejské pohádky,중복 제외 (앞 순위 출처에 있음)
나는 한국인이 아니다,,기타,,발표 시기 미상,,,번역서 1종 · 예: I Am Not Korean,포함
나는 사진이다,,기타,,발표 시기 미상,,,"번역서 1종 · 예: My photography, My voice",포함
selected poems of Cho Byung-Hwa/ 고독하다는 건,,기타,,발표 시기 미상,,,번역서 1종 · 예: The Fact that I Am Lonely,포함
유수암 외(流水庵 외),,단편소설,,발표 시기 미상,,,"번역서 1종 · 예: The Hermitage of Flowing Water and Nine Others: Korean Literary World, Series 2--Short Stories",포함
한국종교사상사2: 유교사상사 부분,,기타,,발표 시기 미상,,,번역서 1종 · 예: Historia Koreańskiej Myśli Konfucjańskiej,포함
남남,,기타,,발표 시기 미상,,,번역서 1종 · 예: Strangers,포함
구름이 지나는 곳,,시,,발표 시기 미상,,,번역서 1종 · 예: Where Clouds Pass By: Selected Poems of Cho Byung-Hwa,포함
규장각 각신들의 나날 (하),,기타,,발표 시기 미상,,,번역서 1종 · 예: 奎章閣閣臣たちの日々 (下),포함
현대 희곡선,,희곡,,발표 시기 미상,,,번역서 1종 · 예: Théâtre Coréen Contemporain,포함
알려지지 않은 예술가의 눈물과 자이툰 파스타,,기타,,발표 시기 미상,,,번역서 1종 · 예: 無人知曉的藝術家之淚與宰桐義大利麵,포함
미쳐있고 괴상하며 오만하고 똑똑한 여자들,,기타,,발표 시기 미상,,,번역서 1종 · 예: このクソみたいな社会で“イカれる”賢い女たち,포함
반국가세력,,시,,발표 시기 미상,,,번역서 1종 · 예: Anti-Nationalist: A collection of poems by Byeon Yun-je,포함
도로시 맨션,,기타,,발표 시기 미상,,,번역서 1종 · 예: ドロシーマンション,포함
보테로 가족의 사랑 약국,,기타,,발표 시기 미상,,,번역서 1종 · 예: L’emporio dell’amore della famiglia Botero,포함
대법원 영문판례집,,기타,,발표 시기 미상,,,번역서 1종 · 예: Supreme Court Decisions Vol.1,포함
김지하 작품집 2,,기타,,발표 시기 미상,,,번역서 1종 · 예: 金芝河作品集 2,포함
한국문학중편선 Vol.1,,기타,,발표 시기 미상,,,번역서 1종 · 예: Anthology of Korean literary. 1,포함
한국문학중편선 Vol.2,,기타,,발표 시기 미상,,,번역서 1종 · 예: Anthology of Korean literary. 2,포함
"마늘, 내 몸을 살린다",,기타,,발표 시기 미상,,,번역서 1종 · 예: 大蒜养生法,포함
selected poems. 김광규 시선 1988-2002,,기타,,발표 시기 미상,,,번역서 1종 · 예: The Depth of a Clam,포함
"감자, 내 몸을 살린다",,기타,,발표 시기 미상,,,번역서 1종 · 예: 土豆养生法,포함
¿Cómo se relacionan las matemáticas y el arte? / 미술관에서 만난 수학,,기타,,발표 시기 미상,,,번역서 1종 · 예: (Un)paseo matemático por el museo,포함
un cuento con mucha lógica / 뒤죽박죽 마녀의 성,,기타,,발표 시기 미상,,,번역서 1종 · 예: (El)castillo de la bruja desordenada,포함
누가 먼저 먹어야 할까?,,기타,,발표 시기 미상,,,번역서 1종 · 예: ¿A quién le toca el durazno?,포함
현대한국희곡,,희곡,,발표 시기 미상,,,번역서 1종 · 예: Modern Korean Drama,포함
poems of Chang Soo Ko. 거미가 한 말: 고창수 시선,,시,,발표 시기 미상,,,번역서 1종 · 예: What the spider said: poems of Chang Soo Ko,포함
시는 시이고 또 시이다,,시,,발표 시기 미상,,,번역서 1종 · 예: Poésie sud-coréenne.,포함
sept pièces contemporaines : anthologie / Theatres coreens,,기타,,발표 시기 미상,,,번역서 1종 · 예: THÉÂTRES CORÉENS,포함
anthologie / 한국 현대 시,,기타,,발표 시기 미상,,,번역서 1종 · 예: Poésie coréenne contemporaine,포함
고시조선집,,시조,,발표 시기 미상,,,번역서 1종 · 예: Poésie coréenne sijo,포함
우리가 사람일세,,단편소설,,발표 시기 미상,,,번역서 1종 · 예: One human family and other stories,포함
"a collection of poems, 1960-2002 고은 시선집 1960-2002",,시,,발표 시기 미상,,,번역서 1종 · 예: Songs for Tomorrow: a collection of Poems 1960-2002,포함
진시황프로젝트,,기타,,발표 시기 미상,,,번역서 1종 · 예: สังเวยแค้นจักรพรรดิ,포함
le secret de la Grotte de cristal / 고양이 학교 1,,기타,,발표 시기 미상,,,번역서 1종 · 예: (L`)ecole des chats,포함
안도현 시선집,,시,,발표 시기 미상,,,번역서 1종 · 예: あさみどりの引っ越し日: アン・ドヒョン詩選集,포함
petit traité de sagesse pour le monde présent / 지금도 쓸쓸하냐,,기타,,발표 시기 미상,,,"번역서 1종 · 예: Maître, pourquoi?",포함
한국의 시:비평문을 포함한 앤솔로지 1984년,,평론,,발표 시기 미상,,,번역서 1종 · 예: Korean poetry : an anthology with critical essays: 1984,포함
한국문학중편선 Vol.3,,기타,,발표 시기 미상,,,번역서 1종 · 예: Anthology of Korean literary. 3,포함
김지하 작품집 1,,기타,,발표 시기 미상,,,번역서 1종 · 예: 金芝河作品集 1,포함
개벽. 북한현대문학선,,기타,,발표 시기 미상,,,번역서 1종 · 예: Рождение мира. Рассказы,포함
평화를 위하여,,기타,,발표 시기 미상,,,번역서 1종 · 예: На страже мира : сборник стихов корейских поэтов 1951-1953,포함
서사시선집,,시,,발표 시기 미상,,,번역서 1종 · 예: Стихи и поэмы,포함
옥춘당,,기타,,발표 시기 미상,,,번역서 1종 · 예: Okchundang Candy,포함
친밀한 이방인,,기타,,발표 시기 미상,,,번역서 1종 · 예: 第二个安娜,포함
나의 루마니아어 수업,,기타,,발표 시기 미상,,,번역서 1종 · 예: 僕のルーマニア語の授業,포함
"아시아 문학: 단편, 희곡",,희곡,,발표 시기 미상,,,번역서 1종 · 예: Asian literature: short stories & Plays,포함
노랜드,,기타,,발표 시기 미상,,,번역서 1종 · 예: 無名之境,포함
백두산,,기타,,발표 시기 미상,,,번역서 1종 · 예: Pèktusan : Epopej korejských partyzánů,포함
까대기,,기타,,발표 시기 미상,,,번역서 1종 · 예: カデギ,포함
미래 산책 연습,,기타,,발표 시기 미상,,,번역서 1종 · 예: 未来散歩練習,포함
선을 넘는 한국인 선을 긋는 일본인,,기타,,발표 시기 미상,,,번역서 1종 · 예: 越線的韓國人，劃線的日本人,포함
웬만해선 아무렇지 않다,,기타,,발표 시기 미상,,,"번역서 1종 · 예: PASE LO QUE PASE, TODO VA A ESTAR BIEN",포함
에디 혹은 애슐리,,기타,,발표 시기 미상,,,번역서 1종 · 예: エディ、あるいはアシュリー,포함
조태일 시집: 국토 외,,시,,발표 시기 미상,,,번역서 1종 · 예: 國土 趙泰一詩集,포함
"아시아 문학: 단편, 시, 수필 & 희곡",,희곡,,발표 시기 미상,,,"번역서 1종 · 예: Asian Literature: Short Stories, Poetry, Essays & Plays",포함
역사,,기타,,발표 시기 미상,,,번역서 1종 · 예: 历史,포함
한국 고대 90 산문선,,기타,,발표 시기 미상,,,번역서 1종 · 예: ИСТОРИЯ ЦВЕТОВ : Корейская классическая проза,포함
"인도, 중국, 한국, 베트남, 일본 고전시 (유리왕 외)",,기타,,발표 시기 미상,,,"번역서 1종 · 예: Классическая поэзия Индии, Китая, Кореи, Вьетнама, Японии (Юри-Ван и др.)",포함
"아시아 문학: 시, 단편소설 &수필",,단편소설,,발표 시기 미상,,,"번역서 1종 · 예: Asian literature: Poetry, Short Stories & Essays",포함
조선 땅에서,,기타,,발표 시기 미상,,,번역서 1종 · 예: На корейской земле,포함
가난은 유지되어야 한다,,기타,,발표 시기 미상,,,번역서 1종 · 예: Poverty Must Persist,포함
당신의 죄는 내가 아닙니까,,기타,,발표 시기 미상,,,번역서 1종 · 예: Am I Not Your Sin,포함
세 여자2,,기타,,발표 시기 미상,,,번역서 1종 · 예: 三人の女 下,포함
세 여자1,,기타,,발표 시기 미상,,,번역서 1종 · 예: 三人の女 上,포함
Roman/ 만다라,,기타,,발표 시기 미상,,,번역서 1종 · 예: Mandala,포함
Roman / 나는 나를 파괴할 권리가 있다,,기타,,발표 시기 미상,,,번역서 1종 · 예: (Das)Gottesspiel,포함
Gedichte 얼음의 자서전,,기타,,발표 시기 미상,,,번역서 1종 · 예: Autobiographie aus Eis,포함
ein klassischer Roman aus dem Korea des 17. Jahrhunderts / 구운몽,,기타,,발표 시기 미상,,,번역서 1종 · 예: Wolkenträume,포함
김약국의 딸들,,기타,,발표 시기 미상,,,번역서 3종 · 예: Дочери аптекаря Кима,포함
환상소설첩,,소설,,발표 시기 미상,,,번역서 1종 · 예: КΛУБ ФАНТАЗИЙ : Coвременная корейская проза,포함
도쿄아리랑이야기,,기타,,발표 시기 미상,,,번역서 1종 · 예: 東京アリラン物語,포함
먼 그대,,기타,,발표 시기 미상,,,번역서 1종 · 예: 遠ぃあなた,포함
碑銘を求めて. 비명을 찾아서,,기타,,발표 시기 미상,,,번역서 1종 · 예: 京城·昭和六十二年,포함
구미호 천년애,,기타,,발표 시기 미상,,,번역서 1종 · 예: クミホ 千年愛,포함
봄비 한 주머니 : 유안진 시집,,시,,발표 시기 미상,,,번역서 1종 · 예: 春雨一袋子,포함
봄,,기타,,발표 시기 미상,,,번역서 1종 · 예: 春,포함
범람,,기타,,발표 시기 미상,,,번역서 1종 · 예: 氾濫,포함
벌판에 서서,,기타,,발표 시기 미상,,,번역서 1종 · 예: 伫立旷野,포함
백일홍,,기타,,발표 시기 미상,,,번역서 1종 · 예: 百日紅,포함
КОРЕЙСКИЕ РАССКАЗЫ И ПОВЕСТИ ХV-XIX BB.; / 금오신화,,소설,,발표 시기 미상,,,"번역서 1종 · 예: Истории, записанные на горе Золотая Черепаха",포함
서 있는 여자,,기타,,발표 시기 미상,,,번역서 1종 · 예: 結婚,포함
日本の植民地と朝鮮戦争を生きた二代の女の物語. 그 많던 싱아는 누가 다 먹었을까,,기타,,발표 시기 미상,,,번역서 1종 · 예: 新女性を生きよ,포함
공동경비구역 JSA,,기타,,발표 시기 미상,,,번역서 1종 · 예: JSA: 共同警備区域,포함
덫,,기타,,발표 시기 미상,,,번역서 1종 · 예: 掟,포함
효녀 심청 이야기,,기타,,발표 시기 미상,,,"번역서 1종 · 예: The filial daughter, Shim Chong story: One story of an ancient Korean trilogy",포함
이토록 뜨거운 파랑,,기타,,발표 시기 미상,,,번역서 1종 · 예: 如此灼热的蓝,포함
나는 누구의 아바타일까,,기타,,발표 시기 미상,,,번역서 1종 · 예: 我是谁的阿凡达,포함
1 / 고스트 페이스,,기타,,발표 시기 미상,,,번역서 1종 · 예: Ghostface vol.1,포함
1등급 공부습관,,기타,,발표 시기 미상,,,번역서 1종 · 예: 讓倒數第一變成第一名的神奇力量,포함
넌 너무 멋져 6,,기타,,발표 시기 미상,,,번역서 1종 · 예: Annyira kisaly vagy!,포함
オㆍジョンヒ小說集. 옛 우물,,기타,,발표 시기 미상,,,번역서 1종 · 예: 金色の鯉の夢,포함
서울 스케치북,,기타,,발표 시기 미상,,,번역서 1종 · 예: ソウル・スケツチブック,포함
(실록대하소설) 조선왕조 500년 28: 왜란,,소설,,발표 시기 미상,,,번역서 1종 · 예: 倭亂,포함
어떤 실종,,기타,,발표 시기 미상,,,번역서 1종 · 예: 或る失踪,포함
임철우 중단편선: 붉은 방,,단편소설,,발표 시기 미상,,,번역서 1종 · 예: Das rote Zimmer: Erzählungen,포함
Roman. 소시민,,기타,,발표 시기 미상,,,번역서 1종 · 예: Kleine Leute,포함
아주 오래된 농담,,기타,,발표 시기 미상,,,번역서 1종 · 예: 非常久遠的玩笑,포함
시장과 전장,,기타,,발표 시기 미상,,,번역서 1종 · 예: MARKT UND KRIEG,포함
Koreanische Frauenliteratur / 겨울의 환,,기타,,발표 시기 미상,,,번역서 1종 · 예: Wintervision,포함
Roman / 홍어,,기타,,발표 시기 미상,,,번역서 1종 · 예: (Der)Stachelrochen,포함
노태우전,,기타,,발표 시기 미상,,,번역서 1종 · 예: 卢泰愚传,포함
노산시조선집,,시조,,발표 시기 미상,,,번역서 1종 · 예: 鹭山時调选集,포함
노란 우산,,기타,,발표 시기 미상,,,번역서 1종 · 예: 黄雨伞,포함
Roman / 멸치,,기타,,발표 시기 미상,,,번역서 1종 · 예: Sardellen,포함
Gedichte / 달맞이꽃,,기타,,발표 시기 미상,,,번역서 1종 · 예: Nachtkerze,포함
ein Lesebuch / 현대한국작가선,,기타,,발표 시기 미상,,,번역서 1종 · 예: Edition moderne koreanische Autoren,포함
백개의 태양,,기타,,발표 시기 미상,,,번역서 1종 · 예: Hundert Sonnen,포함
植物王国的生存故事 / 꽃의 제국,,기타,,발표 시기 미상,,,번역서 1종 · 예: 花的 智慧,포함
Happy days,,기타,,발표 시기 미상,,,번역서 1종 · 예: Vogelauge,포함
휘청거리는 오후,,기타,,발표 시기 미상,,,번역서 1종 · 예: 跘跚的午后,포함
누가 내 이빨 좀 닦아줘,,기타,,발표 시기 미상,,,번역서 1종 · 예: 鳄鱼招聘牙齿清洁工,포함
박정희,,기타,,발표 시기 미상,,,번역서 1종 · 예: 朴正熙,포함
민들레,,기타,,발표 시기 미상,,,번역서 1종 · 예: 蒲公英,포함
소녀의 초상,,기타,,발표 시기 미상,,,번역서 1종 · 예: 少女的肖像,포함
미란,,기타,,발표 시기 미상,,,번역서 1종 · 예: 美兰,포함
Roman 남녘 사람 북녘 사람,,기타,,발표 시기 미상,,,번역서 1종 · 예: Menschen aus dem Norden Menschen aus dem Süden,포함
"oder Wie es zugeht auf der Welt : ein koreanisches Märchen 토끼야, 용궁에 벼슬 가자",,기타,,발표 시기 미상,,,번역서 1종 · 예: DER HASE IM WASSERPALAST oder Wie es zugeht auf der Welt,포함
축제,,기타,,발표 시기 미상,,,번역서 1종 · 예: Die Trauerfeier,포함
zwei Erzählungen 잔인한 도시,,기타,,발표 시기 미상,,,번역서 1종 · 예: Brutale Stadt,포함
eine Einführung in die Sprachsoziologie : Erzählungen 잃어버린 말을 찾아서,,기타,,발표 시기 미상,,,번역서 1종 · 예: DIE SUCHE NACH DEN VERLORENEN WORTEN,포함
"18, 19세기 중세소설 Ⅱ",,소설,,발표 시기 미상,,,번역서 1종 · 예: История Фазана : Корейские повести XIX Β. Том 2.,포함
김수영 전집,,시,,발표 시기 미상,,,번역서 1종 · 예: 金洙暎 全詩集,포함
Antología 침묵의 소리,,기타,,발표 시기 미상,,,번역서 1종 · 예: El sonido del silencio,포함
무서록,,기타,,발표 시기 미상,,,번역서 1종 · 예: Eastern Sentiments,포함
황순원 단편집: 목넘이 마을의 개 외,,단편소설,,발표 시기 미상,,,번역서 1종 · 예: Lost Souls : stories,포함
모여있는 불빛,,단편소설,,발표 시기 미상,,,번역서 1종 · 예: Versammelte Lichter: Moderne Koreanische Erzählungen,포함
Gedichte 농무,,기타,,발표 시기 미상,,,번역서 1종 · 예: Bauerntanz,포함
6.25 전쟁,,기타,,발표 시기 미상,,,번역서 1종 · 예: (Der)Präventivkrieg Amerikas in Korea 1950,포함
춘자의 남경,김혁,기타,,발표 시기 미상,https://library.ltikorea.or.kr/translatedbooks/408771,,번역서 2종 · 예: Chunja’s Nanjing,포함
鴉の死,김석범,기타,,발표 시기 미상,https://library.ltikorea.or.kr/translatedbooks/408772,,번역서 1종 · 예: Death of a Crow,포함
金達寿小説集,김달수,단편소설,,발표 시기 미상,https://library.ltikorea.or.kr/translatedbooks/408775,,번역서 1종 · 예: The Trial of Pak Tal and Other Stories,포함
血と骨（上）,양석일,기타,,발표 시기 미상,https://library.ltikorea.or.kr/translatedbooks/408779,,번역서 1종 · 예: Blood and Bones. 1,포함
血と骨（下）,양석일,기타,,발표 시기 미상,https://library.ltikorea.or.kr/translatedbooks/408780,,번역서 1종 · 예: Blood and Bones. 2,포함
由煕 ナビ・タリョン,이양지,단편소설,,발표 시기 미상,https://library.ltikorea.or.kr/translatedbooks/408783,,번역서 1종 · 예: Nabi T'aryŏng and Other Stories,포함
평강공주. 1,최사규,기타,,발표 시기 미상,https://library.ltikorea.or.kr/translatedbooks/408734,,"번역서 1종 · 예: Река, где восходит луна : Юная принцесса",포함
세월,방현석,기타,,발표 시기 미상,https://library.ltikorea.or.kr/translatedbooks/408731,,번역서 1종 · 예: SEWOL : Tập Truyện Ngắn,포함
선,이수지,기타,,발표 시기 미상,https://library.ltikorea.or.kr/translatedbooks/406315,,번역서 1종 · 예: Lines,포함
인사,김성미,기타,,발표 시기 미상,https://library.ltikorea.or.kr/translatedbooks/407310,,번역서 1종 · 예: Say Hello?,포함
제시 이야기,박건웅,기타,,발표 시기 미상,https://library.ltikorea.or.kr/translatedbooks/406697,,번역서 2종 · 예: Le Livre de Jessie : Journal de guerre d'une famille coréenne,포함
작은 별이지만 빛나고 있어,소윤,기타,,발표 시기 미상,https://library.ltikorea.or.kr/translatedbooks/408724,,번역서 1종 · 예: 小さな星だけど輝いている,포함
말하기를 말하기,김하나,기타,,발표 시기 미상,https://library.ltikorea.or.kr/translatedbooks/408721,,번역서 1종 · 예: 話すことを話す : きちんと声を上げるために,포함
끝이 드디어 시작되었다 : 한국문학선집,은희경,단편소설,,발표 시기 미상,https://library.ltikorea.or.kr/translatedbooks/408729,,번역서 1종 · 예: Por fin ha comenzado el fin : Cuentos y poemas coreanos,포함
미술관의 쥐,이은,기타,,발표 시기 미상,https://library.ltikorea.or.kr/translatedbooks/406840,,번역서 2종 · 예: 美術館的老鼠,포함
살아야겠다,김탁환,기타,,발표 시기 미상,https://library.ltikorea.or.kr/translatedbooks/406818,,번역서 2종 · 예: 我要活下去,포함
사랑만이 남는다,나태주,시,,발표 시기 미상,https://library.ltikorea.or.kr/translatedbooks/407151,,번역서 2종 · 예: 唯獨留下愛 : 韓國國民詩人羅泰柱寫給這世界每一個人的情書,포함
아름다운 그이는 사람이어라,김탁환,기타,,발표 시기 미상,https://library.ltikorea.or.kr/translatedbooks/406817,,번역서 2종 · 예: 生者的眼睛,포함
거짓말이다,김탁환,기타,,발표 시기 미상,https://library.ltikorea.or.kr/translatedbooks/406816,,번역서 3종 · 예: 潛入謊言之海,포함
현장검증,이종관,기타,,발표 시기 미상,https://library.ltikorea.or.kr/translatedbooks/406800,,번역서 2종 · 예: 現場鑑證,포함
Histoire de la littérature coréenne des origines a 1919,조동일,기타,,발표 시기 미상,https://library.ltikorea.or.kr/translatedbooks/10612,,번역서 1종 · 예: Histoire de la littérature coréenne des origines a 1919,포함
오늘 밤은 사라지지 말아요,백수린,기타,,발표 시기 미상,https://library.ltikorea.or.kr/translatedbooks/406824,,번역서 1종 · 예: 不要在今夜消失,포함
하루키 레시피,차유진,기타,,발표 시기 미상,https://library.ltikorea.or.kr/translatedbooks/406841,,번역서 2종 · 예: 村上春树·美食,포함
너를 알고 싶어,조남주,단편소설,,발표 시기 미상,https://library.ltikorea.or.kr/translatedbooks/408650,,번역서 1종 · 예: あなたのことが知りたくて : 小説集 韓国・フェミニズム・日本,포함
동화처럼,김경욱,동화,,발표 시기 미상,https://library.ltikorea.or.kr/translatedbooks/29411,,번역서 2종 · 예: Como un cuento de hadas,포함
카스테라,박민규,기타,,발표 시기 미상,https://library.ltikorea.or.kr/translatedbooks/404133,,번역서 8종 · 예: Entenbootweltbürger,포함
세계의 끝 여자친구,김연수,기타,,발표 시기 미상,https://library.ltikorea.or.kr/translatedbooks/29352,,번역서 5종 · 예: Freundin vom Ende der Welt,포함
완전판 토지 16권,박경리,기타,,발표 시기 미상,https://library.ltikorea.or.kr/translatedbooks/408584,,번역서 1종 · 예: 完全版 土地. 16卷,포함
완전판 토지 15권,박경리,기타,,발표 시기 미상,https://library.ltikorea.or.kr/translatedbooks/408583,,번역서 1종 · 예: 完全版 土地. 15卷,포함
완전판 토지 14권,박경리,기타,,발표 시기 미상,https://library.ltikorea.or.kr/translatedbooks/408582,,번역서 1종 · 예: 完全版 土地. 14卷,포함
너에게 하고 싶은 말,김수민,기타,,발표 시기 미상,https://library.ltikorea.or.kr/translatedbooks/408645,,번역서 2종 · 예: 君に伝えたいこと。,포함
도로나 이별 사무실,손현주,기타,,발표 시기 미상,https://library.ltikorea.or.kr/translatedbooks/408648,,번역서 1종 · 예: トロナお別れ事務所,포함
노마와 유쾌한 동료들,현덕,동화,,발표 시기 미상,https://library.ltikorea.or.kr/translatedbooks/408652,,번역서 1종 · 예: ノマと愉快な仲間たち : 玄徳童話集,포함
외딴방,신경숙,기타,,발표 시기 미상,https://library.ltikorea.or.kr/translatedbooks/10545,,번역서 7종 · 예: Das Zimmer im Abseits,포함
아직 멀었다는 말,권여선,기타,,발표 시기 미상,https://library.ltikorea.or.kr/translatedbooks/408633,,번역서 1종 · 예: まだまだという言葉,포함
아들의 아버지,김원일,기타,,발표 시기 미상,https://library.ltikorea.or.kr/translatedbooks/407614,,번역서 1종 · 예: 父の時代,포함
drei Theaterstücke 문제적 인간 연산,이윤택,기타,,발표 시기 미상,https://library.ltikorea.or.kr/translatedbooks/1760,,번역서 1종 · 예: König Jònsan: Drei Theaterstücke,포함
한국문학 사화집 제2권: 한국 중단편선,저자 다수,단편소설,,발표 시기 미상,https://library.ltikorea.or.kr/translatedbooks/1715,,번역서 1종 · 예: Koreanische Literatur Band Ⅱ : Ausgewählte Erzählungen BandⅡ,포함
나의 사랑 나의 조국,이희호,기타,,발표 시기 미상,https://library.ltikorea.or.kr/translatedbooks/2093,,"번역서 1종 · 예: MEINE LIEBE, MEIN VATERLAND",포함
Roman 한씨연대기,황석영,기타,,발표 시기 미상,https://library.ltikorea.or.kr/translatedbooks/1844,,번역서 1종 · 예: Die Geschichte des Herrn Han,포함
현대한국단편소설선,구기성,단편소설,,발표 시기 미상,https://library.ltikorea.or.kr/translatedbooks/1717,,번역서 1종 · 예: Moderne Koreanische Erzählungen,포함
oder die verzauberte Strohpuppe : eine alktoreanische Volksdichtung-neu erzählt 옹고집이 기가 막혀,이청준,기타,,발표 시기 미상,https://library.ltikorea.or.kr/translatedbooks/1821,,번역서 1종 · 예: Der doppelte Ong-oder: Die verzauberte Strohpuppe,포함
판타스틱 걸,김혜정,기타,,발표 시기 미상,https://library.ltikorea.or.kr/translatedbooks/408637,,번역서 1종 · 예: ファンタスティックガール,포함
1 / 고스트 페이스,형민우,기타,,발표 시기 미상,https://library.ltikorea.or.kr/translatedbooks/7987,,번역서 1종 · 예: Ghostface vol.1,포함
새,오정희,기타,,발표 시기 미상,https://library.ltikorea.or.kr/translatedbooks/8141,,번역서 7종 · 예: EL PÁJARO,포함
¿Cómo se relacionan las matemáticas y el arte? / 미술관에서 만난 수학,마중물,기타,,발표 시기 미상,https://library.ltikorea.or.kr/translatedbooks/8436,,번역서 1종 · 예: (Un)paseo matemático por el museo,포함
유원,백온유,기타,,발표 시기 미상,https://library.ltikorea.or.kr/translatedbooks/408635,,번역서 2종 · 예: ユ・ウォン,포함
L의 운동화,김숨,동화,,발표 시기 미상,https://library.ltikorea.or.kr/translatedbooks/406281,,번역서 1종 · 예: Lの運動靴,포함
달 샤베트,백희나,기타,,발표 시기 미상,https://library.ltikorea.or.kr/translatedbooks/406734,,번역서 3종 · 예: お月さんのシャーベット,포함
이상한 엄마,백희나,기타,,발표 시기 미상,https://library.ltikorea.or.kr/translatedbooks/406737,,번역서 2종 · 예: 天女かあさん,포함
장수탕 선녀님,백희나,기타,,발표 시기 미상,https://library.ltikorea.or.kr/translatedbooks/406738,,번역서 3종 · 예: 天女銭湯,포함
나는 개다,백희나,기타,,발표 시기 미상,https://library.ltikorea.or.kr/translatedbooks/406735,,번역서 2종 · 예: ぼくは犬や,포함
백개의 태양,전봉건,기타,,발표 시기 미상,https://library.ltikorea.or.kr/translatedbooks/408605,,번역서 1종 · 예: Hundert Sonnen,포함
빨간 통나무 집 할머니,서정아,기타,,발표 시기 미상,https://library.ltikorea.or.kr/translatedbooks/408676,,번역서 1종 · 예: La signora della casa rossa,포함
시인,이문열,시,,발표 시기 미상,https://library.ltikorea.or.kr/translatedbooks/408674,,번역서 13종 · 예: Il Poeta,포함
타오르는 추억 : 이문열 단편선,이문열,기타,,발표 시기 미상,https://library.ltikorea.or.kr/translatedbooks/408672,,번역서 1종 · 예: ВСПЫШКИ ВОСПОМИНАНИЙ,포함
남녘사람 북녘사람,이호철,장편소설,,발표 시기 미상,https://library.ltikorea.or.kr/translatedbooks/5387,,"번역서 8종 · 예: Los del Sur, los del Norte",포함
뻬쩨르부르끄의 동양학,박지원,기타,,발표 시기 미상,https://library.ltikorea.or.kr/translatedbooks/408670,,번역서 1종 · 예: Петербургское востоковедение вып.5,포함
Eleberria / 새,오정희,기타,,발표 시기 미상,https://library.ltikorea.or.kr/translatedbooks/8142,,번역서 1종 · 예: Txoria,포함
한국연극전사,서연호,기타,,발표 시기 미상,https://library.ltikorea.or.kr/translatedbooks/7798,,번역서 1종 · 예: 韓国演劇史—伝統と現代,포함
"한반도식 통일, 현재진행형",백낙청,기타,,발표 시기 미상,https://library.ltikorea.or.kr/translatedbooks/28038,,번역서 1종 · 예: 朝鮮半島の平和と統一,포함
성냥갑 속의 메시지,백영수,기타,,발표 시기 미상,https://library.ltikorea.or.kr/translatedbooks/29353,,번역서 1종 · 예: 茶房と画家と朝鮮戦争 ペク・ヨンス回想録,포함
어우야담,유몽인,단편소설,,발표 시기 미상,https://library.ltikorea.or.kr/translatedbooks/2600,,번역서 2종 · 예: 於于野譚,포함
재역 조선시집,한용운,시,,발표 시기 미상,https://library.ltikorea.or.kr/translatedbooks/2250,,번역서 1종 · 예: 再訳 朝鮮詩集,포함
오래된 도시의 골목길을 걷다,한필원,기타,,발표 시기 미상,https://library.ltikorea.or.kr/translatedbooks/28042,,번역서 1종 · 예: 韓国 古い町の路地を歩く,포함
상록수,심훈,기타,,발표 시기 미상,https://library.ltikorea.or.kr/translatedbooks/408663,,번역서 1종 · 예: Her Dem Yeşil,중복 제외 (앞 순위 출처에 있음)
천사들의 도시,조해진,기타,,발표 시기 미상,https://library.ltikorea.or.kr/translatedbooks/408666,,번역서 1종 · 예: 天使たちの都市,포함
세시에서 다섯시 사이,도종환,기타,,발표 시기 미상,https://library.ltikorea.or.kr/translatedbooks/408638,,번역서 1종 · 예: Ba đến năm giờ chiều,포함
마당 깊은 집,김원일,장편소설,,발표 시기 미상,https://library.ltikorea.or.kr/translatedbooks/408639,,번역서 7종 · 예: 深い中庭のある家,포함
한국이 싫어서,장강명,기타,,발표 시기 미상,https://library.ltikorea.or.kr/translatedbooks/408640,,번역서 7종 · 예: Perché odio la Corea,포함
잊기 좋은 이름,김애란,기타,,발표 시기 미상,https://library.ltikorea.or.kr/translatedbooks/408642,,번역서 1종 · 예: 容易忘记的名字 : 金爱烂 作品集,포함
"한성부, 달 밝은 밤에",김이삭,기타,,발표 시기 미상,https://library.ltikorea.or.kr/translatedbooks/408266,,번역서 1종 · 예: Par une nuit claire,포함
너 없이 걸었다,허수경,기타,,발표 시기 미상,https://library.ltikorea.or.kr/translatedbooks/408268,,번역서 1종 · 예: Ohne Dich bin ich gewandert,포함
한국 현대문학의 이해,권영민,기타,,발표 시기 미상,https://library.ltikorea.or.kr/translatedbooks/408611,,번역서 1종 · 예: TÌM HIỂU VĂN HỌC HIỆN ĐẠI HÀN QUỐC,포함
제왕운기(帝王韻紀),이승휴,시,,발표 시기 미상,https://library.ltikorea.or.kr/translatedbooks/407897,,번역서 1종 · 예: Poesia epica della Corea,포함
아티스트,마영신,기타,,발표 시기 미상,https://library.ltikorea.or.kr/translatedbooks/406482,,번역서 1종 · 예: Artist,포함
숨겨둔 말,신용목,기타,,발표 시기 미상,https://library.ltikorea.or.kr/translatedbooks/408366,,번역서 1종 · 예: Concealed Words,포함
글자만 남은 아침,박장호,시,,발표 시기 미상,https://library.ltikorea.or.kr/translatedbooks/407650,,번역서 1종 · 예: A Morning with only Writing Left : A collection of new poems by Park Jang-ho,포함
거의 모든 기쁨,이소은,시,,발표 시기 미상,https://library.ltikorea.or.kr/translatedbooks/407636,,번역서 1종 · 예: Nearly All Happiness : A collection of new poems by Lee Soyoun,포함
끝의 시작,서유미,기타,,발표 시기 미상,https://library.ltikorea.or.kr/translatedbooks/408579,,번역서 1종 · 예: 終わりの始まり,포함
유령,정용준,기타,,발표 시기 미상,https://library.ltikorea.or.kr/translatedbooks/408608,,번역서 1종 · 예: 幽霊,포함
새롭게 만나는 한국신화,이경덕,소설,,발표 시기 미상,https://library.ltikorea.or.kr/translatedbooks/408616,,번역서 1종 · 예: Корейские мифы : От Небесного владыки и принцессы Пари до королей-драконов и духов-хранителей,포함
꿈속의 나비 : 임선기 시선집,임선기,시,,발표 시기 미상,https://library.ltikorea.or.kr/translatedbooks/408596,,번역서 1종 · 예: Бабочка во сне,포함
꿰매는 바다,문정희,기타,,발표 시기 미상,https://library.ltikorea.or.kr/translatedbooks/408586,,번역서 1종 · 예: Il mare che cuce : Antologia poetica,포함
주제와 쟁점으로 읽는 20세기 한일관계사,정재정,기타,,발표 시기 미상,https://library.ltikorea.or.kr/translatedbooks/407188,,번역서 1종 · 예: 主題と争点で読む20世紀日韓関係史,포함
백석 평전,안도현,시,,발표 시기 미상,https://library.ltikorea.or.kr/translatedbooks/406935,,번역서 1종 · 예: 詩人白石 (ペクソク) : 寄る辺なく気高くさみしく,포함
김기림 작품집 1,김기림,기타,,발표 시기 미상,https://library.ltikorea.or.kr/translatedbooks/407724,,번역서 1종 · 예: 新しい歌 : 金起林作品集Ⅰ,포함
조커와 나,김중미,기타,,발표 시기 미상,https://library.ltikorea.or.kr/translatedbooks/407787,,번역서 1종 · 예: 學校裡無處可去的少年們,포함
장국영이 죽었다고?,김경욱,기타,,발표 시기 미상,https://library.ltikorea.or.kr/translatedbooks/406811,,번역서 1종 · 예: 您可疑的近况,포함
말하다,김영하,기타,,발표 시기 미상,https://library.ltikorea.or.kr/translatedbooks/407064,,번역서 1종 · 예: 言,포함
읽다,김영하,기타,,발표 시기 미상,https://library.ltikorea.or.kr/translatedbooks/407061,,번역서 1종 · 예: 讀,포함
빼앗긴 들에도 봄은 오는가 : 이상화 전집,이상화,시,,발표 시기 미상,https://library.ltikorea.or.kr/translatedbooks/407135,,번역서 1종 · 예: Does Spring Come Also to These Ravished Fields? : Poems of Yi Sang-hwa,중복 제외 (앞 순위 출처에 있음)
선한 이웃,이정명,기타,,발표 시기 미상,https://library.ltikorea.or.kr/translatedbooks/406478,,번역서 1종 · 예: Buio in sala,포함
방각본 살인 사건,김탁환,장편소설,,발표 시기 미상,https://library.ltikorea.or.kr/translatedbooks/406807,,번역서 2종 · 예: LAS NOVELAS ASESINAS,포함
디어 랄프 로렌,손보미,기타,,발표 시기 미상,https://library.ltikorea.or.kr/translatedbooks/407779,,번역서 1종 · 예: Dear Ralph Lauren,포함
28,정유정,기타,,발표 시기 미상,https://library.ltikorea.or.kr/translatedbooks/407729,,번역서 3종 · 예: 28,포함
공존,강화길,단편소설,,발표 시기 미상,https://library.ltikorea.or.kr/translatedbooks/406747,,번역서 1종 · 예: CONVIVIENCIA : Cuatro cuentos de escritoras coreanas,포함
연옥의 봄,황동규,기타,,발표 시기 미상,https://library.ltikorea.or.kr/translatedbooks/406652,,번역서 1종 · 예: Frühling im Fegefeuer,포함
그녀 이름은,조남주,기타,,발표 시기 미상,https://library.ltikorea.or.kr/translatedbooks/405909,,번역서 6종 · 예: Tên Cô Ấy Là,포함
"있잖아, 누구씨",이꽃님,기타,,발표 시기 미상,https://library.ltikorea.or.kr/translatedbooks/406167,,번역서 1종 · 예: ฉันไม่เป็นไรจริงๆ ใช่ไหม,포함
지금 죽으러 갑니다,정해연,기타,,발표 시기 미상,https://library.ltikorea.or.kr/translatedbooks/406150,,번역서 2종 · 예: เดอะเฮเวน คาเฟ่สำหรับผู้ที่โหยหาความตาย,포함
구름 껴도 맑음 : 달콤한 신혼의 모든 순간,배성태,기타,,발표 시기 미상,https://library.ltikorea.or.kr/translatedbooks/405976,,번역서 1종 · 예: Every Day is A Sunny Day When I Am with You,포함
떠난 후에 남겨진 것들,김새별,기타,,발표 시기 미상,https://library.ltikorea.or.kr/translatedbooks/406164,,번역서 1종 · 예: Things Left Behind : Hal-hal yang Kita Pelajari dari Mereka yang Telah Tiada,포함
행복배틀,주영하,기타,,발표 시기 미상,https://library.ltikorea.or.kr/translatedbooks/406134,,번역서 2종 · 예: Happiness Battle,포함
샤인,제시카 정,기타,,발표 시기 미상,https://library.ltikorea.or.kr/translatedbooks/406075,,번역서 1종 · 예: Shine,포함
뼈,정미진,기타,,발표 시기 미상,https://library.ltikorea.or.kr/translatedbooks/406144,,번역서 1종 · 예: Bone : sebuah fiksi misteri fotografi,포함
한국전설,작자미상,소설,,발표 시기 미상,https://library.ltikorea.or.kr/translatedbooks/405431,,번역서 1종 · 예: Contes et légendes de Corée,포함
빨간 모자,김지연,기타,,발표 시기 미상,https://library.ltikorea.or.kr/translatedbooks/406138,,번역서 1종 · 예: C'est pour mieux te manger,포함
불가능한 동화,한유주,동화,,발표 시기 미상,https://library.ltikorea.or.kr/translatedbooks/406173,,번역서 3종 · 예: The Impossible Fairy Tale,포함
끝까지 남겨두는 그 마음,나태주,기타,,발표 시기 미상,https://library.ltikorea.or.kr/translatedbooks/406060,,번역서 1종 · 예: あの人ひとりが この世のすべてだった頃,포함
사물의 뒷모습,안규철,기타,,발표 시기 미상,https://library.ltikorea.or.kr/translatedbooks/405855,,번역서 1종 · 예: それぞれのうしろ姿,포함
어느 날 내가 죽었습니다,이경혜,기타,,발표 시기 미상,https://library.ltikorea.or.kr/translatedbooks/406052,,번역서 3종 · 예: ある日、僕が死にました,포함
"안녕, 소중한 사람",정한경,기타,,발표 시기 미상,https://library.ltikorea.or.kr/translatedbooks/406147,,번역서 1종 · 예: アンニョン、大切な人。 : どの瞬間も当たり前ではないあなたへ,포함
있는 그대로 참 소중한 너라서,김지훈,기타,,발표 시기 미상,https://library.ltikorea.or.kr/translatedbooks/406184,,번역서 2종 · 예: 本当に大切な君だから,포함
애쓰지 않고 편안하게,김수현,기타,,발표 시기 미상,https://library.ltikorea.or.kr/translatedbooks/405888,,번역서 3종 · 예: 頑張りすぎずに、気楽に : お互いが幸せに生きるためのバランスを探して,포함
플라스틱 섬,이명애,기타,,발표 시기 미상,https://library.ltikorea.or.kr/translatedbooks/406653,,번역서 1종 · 예: Мусорный остров,포함
삐약이 엄마,백희나,기타,,발표 시기 미상,https://library.ltikorea.or.kr/translatedbooks/406077,,번역서 3종 · 예: ピヤキのママ,포함
가시소년,권자경,기타,,발표 시기 미상,https://library.ltikorea.or.kr/translatedbooks/405920,,번역서 1종 · 예: トゲトゲくんは ね、,포함
"꽃, 그 순간",김민정,시,,발표 시기 미상,https://library.ltikorea.or.kr/translatedbooks/406635,,"번역서 1종 · 예: A Flower, at the Moment : A Selection of Sijo Poetry by Kim Min-jeong",포함
모두가 네 탓,나태주,기타,,발표 시기 미상,https://library.ltikorea.or.kr/translatedbooks/405117,,번역서 1종 · 예: 一切都是因为你,포함
왕릉과 주둔군 : 한국전쟁과 한국 전후파 문학,전광용,기타,,발표 시기 미상,https://library.ltikorea.or.kr/translatedbooks/27785,,번역서 1종 · 예: 王陵と駐屯軍 : 朝鮮戦争と韓国の戦後派文学,포함
지구에서 한아뿐,정세랑,기타,,발표 시기 미상,https://library.ltikorea.or.kr/translatedbooks/406623,,번역서 3종 · 예: 地球上唯一的韓亞,포함
송곳 6권,최규석,기타,,발표 시기 미상,https://library.ltikorea.or.kr/translatedbooks/406620,,번역서 1종 · 예: Intraitable. tome 6,포함
송곳 5권,최규석,기타,,발표 시기 미상,https://library.ltikorea.or.kr/translatedbooks/406619,,번역서 1종 · 예: Intraitable. tome 5,포함
완전판 토지 8권,박경리,기타,,발표 시기 미상,https://library.ltikorea.or.kr/translatedbooks/404196,,번역서 1종 · 예: 完全版 土地. 8卷,포함
완전판 토지 6권,박경리,기타,,발표 시기 미상,https://library.ltikorea.or.kr/translatedbooks/404198,,번역서 1종 · 예: 完全版 土地. 6卷,포함
완전판 토지 7권,박경리,기타,,발표 시기 미상,https://library.ltikorea.or.kr/translatedbooks/404197,,번역서 1종 · 예: 完全版 土地. 7卷,포함
나무들 비탈에 서다,황순원,기타,,발표 시기 미상,https://library.ltikorea.or.kr/translatedbooks/406476,,번역서 3종 · 예: 木々、坂に立つ,포함
너라는 생활,김혜진,기타,,발표 시기 미상,https://library.ltikorea.or.kr/translatedbooks/406492,,번역서 1종 · 예: 君という生活,포함
천국의 소년,이정명,기타,,발표 시기 미상,https://library.ltikorea.or.kr/translatedbooks/406469,,번역서 3종 · 예: Cennetten Kaçan Çocuk : Aptal Denilen Bir Dâhinin Hikâyesi,포함
한국경전단편소설집,성석제,단편소설,,발표 시기 미상,https://library.ltikorea.or.kr/translatedbooks/406468,,번역서 1종 · 예: 韩国经典短篇小说选 : 韩汉对照,포함
새를 따라서,박철,시,,발표 시기 미상,https://library.ltikorea.or.kr/translatedbooks/406495,,번역서 1종 · 예: Following Birds : A collection of new poems by Park Cheol,포함
설운 일 덜 생각하고,문동만,시,,발표 시기 미상,https://library.ltikorea.or.kr/translatedbooks/406500,,번역서 1종 · 예: Thinking Less about Sad Things : A collection of new poems by Moon Dong-man,포함
여기까지가 미래입니다,황인찬,시,,발표 시기 미상,https://library.ltikorea.or.kr/translatedbooks/406475,,번역서 1종 · 예: You Have Reached the End of the Future : A collection of new poems by Hwang Inchan,포함
비물질,이현호,시,,발표 시기 미상,https://library.ltikorea.or.kr/translatedbooks/406473,,번역서 1종 · 예: Non-matter : A collection of new poems by Lee Hyun-ho,포함
Crying in H Mart,정혜윤,기타,,발표 시기 미상,https://library.ltikorea.or.kr/translatedbooks/405893,,번역서 1종 · 예: H마트에서 울다,포함
안 보이는 사랑의 나라,마종기,기타,,발표 시기 미상,https://library.ltikorea.or.kr/translatedbooks/405741,,번역서 1종 · 예: Invisible Land of Love,포함
채만식 선집,채만식,기타,,발표 시기 미상,https://library.ltikorea.or.kr/translatedbooks/406258,,번역서 1종 · 예: El idiota de mi tio,포함
환절기,정이용,기타,,발표 시기 미상,https://library.ltikorea.or.kr/translatedbooks/406345,,번역서 1종 · 예: CHANGEMENT DE SAISON,포함
침입자들,정혁용,기타,,발표 시기 미상,https://library.ltikorea.or.kr/translatedbooks/406387,,번역서 1종 · 예: Intrusos,포함
한국근대문학선집 2권,현진건,기타,,발표 시기 미상,https://library.ltikorea.or.kr/translatedbooks/406396,,번역서 1종 · 예: HISTORI NGA KOREA : ANTOLOGJI E LETËRSISË KOREANE. E GJYSMËS SË PARË TË NËNTËOINDËS,포함
연인,정호승,기타,,발표 시기 미상,https://library.ltikorea.or.kr/translatedbooks/406397,,번역서 5종 · 예: Cá trong chuông,포함
이수지의 그림책,이수지,동화,,발표 시기 미상,https://library.ltikorea.or.kr/translatedbooks/406255,,번역서 3종 · 예: Suzy Lee Sınır Üçlemesi,포함
호모도미난스,장강명,기타,,발표 시기 미상,https://library.ltikorea.or.kr/translatedbooks/406254,,번역서 1종 · 예: Homodominans : hükmedenler,포함
괜찮은 사람,강화길,기타,,발표 시기 미상,https://library.ltikorea.or.kr/translatedbooks/406400,,번역서 1종 · 예: 大丈夫な人,포함
B사감과 러브레터 (한국문학의 원류 단편선 1 (1918-1929)),나혜석,기타,,발표 시기 미상,https://library.ltikorea.or.kr/translatedbooks/406403,,번역서 1종 · 예: B舎監とラブレター : (韓国文学の源流 短編選1),포함
대한민국 페미니스트의 고백 : 1997~2017,김서영,기타,,발표 시기 미상,https://library.ltikorea.or.kr/translatedbooks/406009,,번역서 1종 · 예: いいから、あなたの話をしなよ : 女として生きていくことの２６の物語,포함
한국불교소설집,이광수,단편소설,,발표 시기 미상,https://library.ltikorea.or.kr/translatedbooks/405735,,번역서 1종 · 예: Сон. : Буддийская проза Кореи,포함
"무진기행, 술꾼",김승옥,기타,,발표 시기 미상,https://library.ltikorea.or.kr/translatedbooks/406407,,번역서 1종 · 예: رحلة موجين وتليها السكير,포함
사라지는 건 여자들뿐이거든요,강화길,기타,,발표 시기 미상,https://library.ltikorea.or.kr/translatedbooks/406014,,번역서 1종 · 예: Solo las mujeres desaparecen : Antologia de Autoras Coreanas Contemporaneas,포함
인간문제,강경애,기타,,발표 시기 미상,https://library.ltikorea.or.kr/translatedbooks/405864,,번역서 4종 · 예: የዕንባ ኩሬ,중복 제외 (앞 순위 출처에 있음)
리진,신경숙,기타,,발표 시기 미상,https://library.ltikorea.or.kr/translatedbooks/405745,,번역서 9종 · 예: راقصة البلاط,포함
이상 시선 / 오감도,이상,기타,,발표 시기 미상,https://library.ltikorea.or.kr/translatedbooks/406155,,번역서 1종 · 예: دنيا از چشم كلاغ پرنده : برگزیده آثار «ای‌سَنگ»، شاعر سنت شکن کره‌ای,포함
달러구트 꿈 백화점 1,이미예,기타,,발표 시기 미상,https://library.ltikorea.or.kr/translatedbooks/406016,,번역서 1종 · 예: Rüya Dükkânı 1,포함
잉여인간,손창섭,기타,,발표 시기 미상,https://library.ltikorea.or.kr/translatedbooks/405871,,번역서 1종 · 예: رجال لا لزوم لهم,포함
죽음을 넘어 시대의 어둠을 넘어,황석영,기타,,발표 시기 미상,https://library.ltikorea.or.kr/translatedbooks/406251,,번역서 1종 · 예: Gwangju Uprising : The Rebellion for Democracy in South Korea,포함
외국인을 위한 한국어 문법. 1-2,위춘시,기타,,발표 시기 미상,https://library.ltikorea.or.kr/translatedbooks/12431,,번역서 1종 · 예: 最新韓國語語法. 1-2,포함
너무도 쓸쓸한 당신,박완서,기타,,발표 시기 미상,https://library.ltikorea.or.kr/translatedbooks/406245,,번역서 3종 · 예: Жуда маъюссан,포함
함께 보는 한국근현대사,역사학연구소,기타,,발표 시기 미상,https://library.ltikorea.or.kr/translatedbooks/405725,,번역서 1종 · 예: Koreyanın yeni və ən yeni tarixinə birgə nəzər,포함
터널,소재원,기타,,발표 시기 미상,https://library.ltikorea.or.kr/translatedbooks/406247,,번역서 3종 · 예: ĐƯỜNG HẦM,포함
님의 침묵,한용운,시,,발표 시기 미상,https://library.ltikorea.or.kr/translatedbooks/405906,,번역서 8종 · 예: הדממה שלך,중복 제외 (앞 순위 출처에 있음)
한중록,한유미,기타,,발표 시기 미상,https://library.ltikorea.or.kr/translatedbooks/405784,,번역서 1종 · 예: Écrits du silence,포함
정신자살,도진기,기타,,발표 시기 미상,https://library.ltikorea.or.kr/translatedbooks/406140,,번역서 1종 · 예: Mortel Motel : Les enquêtes de l’avocat Gojin,포함
선의 법칙,편혜영,장편소설,,발표 시기 미상,https://library.ltikorea.or.kr/translatedbooks/405709,,번역서 3종 · 예: Prawo linii,포함
진달래꽃,김소월,시,,발표 시기 미상,https://library.ltikorea.or.kr/translatedbooks/405792,,번역서 8종 · 예: Fiori d'azalea,중복 제외 (앞 순위 출처에 있음)
잽,김언수,기타,,발표 시기 미상,https://library.ltikorea.or.kr/translatedbooks/405767,,번역서 2종 · 예: JAB,포함
나와 마릴린,이지민,기타,,발표 시기 미상,https://library.ltikorea.or.kr/translatedbooks/29176,,번역서 4종 · 예: Marilyn und ich,포함
기억 서점,정명섭,기타,,발표 시기 미상,https://library.ltikorea.or.kr/translatedbooks/406153,,번역서 1종 · 예: Memory Bookstore,포함
메뉴로 본 20세기 한국 음식문화사/ 식탁 위의 한국사,주영하,기타,,발표 시기 미상,https://library.ltikorea.or.kr/translatedbooks/405731,,번역서 1종 · 예: 食卓の上の韓国史 : おいしいメニューでたどる20世紀食文化史,포함
두 여자 이야기,송아람,기타,,발표 시기 미상,https://library.ltikorea.or.kr/translatedbooks/405743,,번역서 2종 · 예: 大邱の夜、ソウルの夜,포함
모멘트 아케이드,황모과,기타,,발표 시기 미상,https://library.ltikorea.or.kr/translatedbooks/406073,,번역서 1종 · 예: モーメント・アーケード : 韓国文学ショートショート きむ ふなセレクション,포함
하얀 배,윤후명,기타,,발표 시기 미상,https://library.ltikorea.or.kr/translatedbooks/406070,,번역서 1종 · 예: 白い船 : 韓国文学ショートショート きむ ふなセレクション,포함
이슬람 정육점,손홍규,기타,,발표 시기 미상,https://library.ltikorea.or.kr/translatedbooks/405739,,번역서 3종 · 예: イスラーム精肉店,포함
여름의 빌라,백수린,기타,,발표 시기 미상,https://library.ltikorea.or.kr/translatedbooks/405873,,번역서 1종 · 예: 夏のヴィラ,포함
"거기, 내가 가면 안 돼요? 1-2",이금이,기타,,발표 시기 미상,https://library.ltikorea.or.kr/translatedbooks/405788,,번역서 1종 · 예: そこに私が行ってもいいですか？,포함
산 자들,장강명,기타,,발표 시기 미상,https://library.ltikorea.or.kr/translatedbooks/405775,,번역서 1종 · 예: 鳥は飛ぶのが楽しいか,포함
무기의 그늘,황석영,기타,,발표 시기 미상,https://library.ltikorea.or.kr/translatedbooks/28758,,번역서 6종 · 예: The Shadow of Arms,포함
동전 하나로도 행복했던 구멍가게의 날들,이미경,기타,,발표 시기 미상,https://library.ltikorea.or.kr/translatedbooks/405084,,번역서 2종 · 예: Les petites épiceries de mon enfance,포함
아기참새 찌꾸,곽재구,기타,,발표 시기 미상,https://library.ltikorea.or.kr/translatedbooks/405089,,"번역서 1종 · 예: CHICKOU, LE PIONNIER DE LA GRANDE PRAIRIE",포함
무례한 사람에게 웃으며 대처하는 법,정문정,기타,,발표 시기 미상,https://library.ltikorea.or.kr/translatedbooks/404680,,번역서 2종 · 예: Tak Mungkin Membuat Semua Orang Senang,포함
완벽하지 않은 것들에 대한 사랑,혜민,기타,,발표 시기 미상,https://library.ltikorea.or.kr/translatedbooks/404825,,번역서 2종 · 예: Yêu Những Điều Không Hoàn Hảo,포함
달의 위로,안상현,기타,,발표 시기 미상,https://library.ltikorea.or.kr/translatedbooks/405223,,번역서 1종 · 예: แหงนมองพระจันทร์แล้วรู้สึกเหมือนกันหรือเปล่า,포함
그 남자의 피아노 그 여자의 소나타,최지영,기타,,발표 시기 미상,https://library.ltikorea.or.kr/translatedbooks/405200,,번역서 1종 · 예: เปียโนของเขา ท่วงทำนองของเธอ,포함
한때 소중했던 것들,이기주,기타,,발표 시기 미상,https://library.ltikorea.or.kr/translatedbooks/405178,,번역서 1종 · 예: สิ่งต่าง ๆ เคยสำคัญในช่วงเวลาหนึ่ง,포함
김내성탐정소설선,김내성,소설,,발표 시기 미상,https://library.ltikorea.or.kr/translatedbooks/27788,,번역서 1종 · 예: 金来成探偵小説選 (論創ミステリ叢書),포함
TRAVEL NOTES / 끌림,이병률,기타,,발표 시기 미상,https://library.ltikorea.or.kr/translatedbooks/404925,,번역서 1종 · 예: 吸引,포함
遺物整理師從逝者背影領悟到的生命意義 / 떠난 후에 남겨진 것들,김새별,기타,,발표 시기 미상,https://library.ltikorea.or.kr/translatedbooks/404441,,번역서 1종 · 예: 離開後留下的東西,포함
싸드 = Thaad,김진명,기타,,발표 시기 미상,https://library.ltikorea.or.kr/translatedbooks/404923,,번역서 1종 · 예: 薩德,포함
계서야담,이희준,기타,,발표 시기 미상,https://library.ltikorea.or.kr/translatedbooks/27756,,번역서 2종 · 예: 渓西野譚,포함
오리 이름 정하기,이랑,기타,,발표 시기 미상,https://library.ltikorea.or.kr/translatedbooks/404177,,번역서 1종 · 예: アヒル命名会議,포함
살인의 품격,이주성,기타,,발표 시기 미상,https://library.ltikorea.or.kr/translatedbooks/404185,,번역서 1종 · 예: 殺人の品格,포함
きらきら輝いていた僕たちの時間 / 모든 순간이 너였다,하태완,기타,,발표 시기 미상,https://library.ltikorea.or.kr/translatedbooks/404190,,번역서 1종 · 예: すべての瞬間が君だった,포함
나에게 고맙다,전승환,기타,,발표 시기 미상,https://library.ltikorea.or.kr/translatedbooks/404445,,번역서 1종 · 예: 自分にかけたい言葉 ~ありがとう~,포함
적당히 가까운 사이,댄싱스네일,기타,,발표 시기 미상,https://library.ltikorea.or.kr/translatedbooks/403941,,번역서 1종 · 예: ほっといて欲しいけど、ひとりはいや。,포함
女子サッカーが私に教えてくれたこと / 우아하고 호쾌한 여자 축구,김혼비,기타,,발표 시기 미상,https://library.ltikorea.or.kr/translatedbooks/404182,,번역서 1종 · 예: 女の答えはピッチにある,포함
"사실, 내성적인 사람입니다",남인숙,기타,,발표 시기 미상,https://library.ltikorea.or.kr/translatedbooks/404179,,번역서 4종 · 예: 実は、内向的な人間です,포함
쉬운 일은 아니지만,홍화정,기타,,발표 시기 미상,https://library.ltikorea.or.kr/translatedbooks/28820,,번역서 1종 · 예: 簡単なことではないけれど大丈夫な人になりたい,포함
내 친구 모모,황미선,기타,,발표 시기 미상,https://library.ltikorea.or.kr/translatedbooks/405082,,번역서 1종 · 예: MON AMIE MOMO,포함
(돌로 지은 절) 석굴암,김미혜,기타,,발표 시기 미상,https://library.ltikorea.or.kr/translatedbooks/405096,,번역서 1종 · 예: DANS LE TEMPLE,포함
쨍아,천정철,기타,,발표 시기 미상,https://library.ltikorea.or.kr/translatedbooks/405092,,"번역서 1종 · 예: Dans le jardin, la libellule est morte",포함
넉점 반,윤석중,기타,,발표 시기 미상,https://library.ltikorea.or.kr/translatedbooks/405086,,번역서 1종 · 예: QUATRE POINTS ET DEMI,포함
강냉이,권정생,기타,,발표 시기 미상,https://library.ltikorea.or.kr/translatedbooks/27757,,번역서 1종 · 예: とうきび,포함
꿈에서 맛본 똥파리,백희나,기타,,발표 시기 미상,https://library.ltikorea.or.kr/translatedbooks/405146,,번역서 1종 · 예: 梦里尝到的苍蝇,포함
검은 반점,정미진,기타,,발표 시기 미상,https://library.ltikorea.or.kr/translatedbooks/404971,,번역서 1종 · 예: 黑色斑點,포함
어제저녁,백희나,기타,,발표 시기 미상,https://library.ltikorea.or.kr/translatedbooks/405147,,번역서 1종 · 예: 昨天晚上,포함
이상한 손님,백희나,기타,,발표 시기 미상,https://library.ltikorea.or.kr/translatedbooks/405138,,번역서 1종 · 예: 奇怪的客人,포함
아빠 셋 꽃다발 셋,국지승,기타,,발표 시기 미상,https://library.ltikorea.or.kr/translatedbooks/405355,,번역서 1종 · 예: 3人のパパと3つのはなたば,포함
엄마 셋 도시락 셋,국지승,기타,,발표 시기 미상,https://library.ltikorea.or.kr/translatedbooks/405357,,번역서 1종 · 예: 3人のママと3つのおべんとう,포함
진짜 진짜 얼굴을 찾아서,조용,기타,,발표 시기 미상,https://library.ltikorea.or.kr/translatedbooks/404974,,번역서 2종 · 예: 找尋最真實的臉孔,포함
"손, 아귀",조용,기타,,발표 시기 미상,https://library.ltikorea.or.kr/translatedbooks/404976,,번역서 2종 · 예: 手，琵琶魚,포함
봄날의 개,조용,기타,,발표 시기 미상,https://library.ltikorea.or.kr/translatedbooks/404975,,번역서 2종 · 예: 春日之犬,포함
좀비 아이,조용,기타,,발표 시기 미상,https://library.ltikorea.or.kr/translatedbooks/404973,,번역서 2종 · 예: 喪屍小孩,포함
악몽을 먹고 자란 소년,조용,기타,,발표 시기 미상,https://library.ltikorea.or.kr/translatedbooks/404972,,번역서 2종 · 예: 啖食惡夢長大的少年,포함
마인,김래성,기타,,발표 시기 미상,https://library.ltikorea.or.kr/translatedbooks/27787,,번역서 1종 · 예: 魔人 : 論創海外ミステリ 127,포함
가만가만 부르는 노래,한강,기타,,발표 시기 미상,https://library.ltikorea.or.kr/translatedbooks/404213,,번역서 1종 · 예: そっと静かに,포함
말의 품격,이기주,기타,,발표 시기 미상,https://library.ltikorea.or.kr/translatedbooks/29030,,번역서 1종 · 예: 言葉の品格,포함
"1945, 철원",이현,기타,,발표 시기 미상,https://library.ltikorea.or.kr/translatedbooks/404215,,"번역서 1종 · 예: 1945, 鉄原",포함
완전판 토지 5권,박경리,기타,,발표 시기 미상,https://library.ltikorea.or.kr/translatedbooks/404199,,번역서 1종 · 예: 完全版 土地. 5卷,포함
위로의 그림책,박재규,동화,,발표 시기 미상,https://library.ltikorea.or.kr/translatedbooks/405226,,번역서 1종 · 예: Happy First เริ่มต้นที่ความสุข,포함
유리,박범신,기타,,발표 시기 미상,https://library.ltikorea.or.kr/translatedbooks/404921,,번역서 1종 · 예: 流離,포함
딸에게 주는 레시피,공지영,기타,,발표 시기 미상,https://library.ltikorea.or.kr/translatedbooks/404380,,번역서 1종 · 예: Công Thức Nấu Ăn Tặng Con Gái,포함
엄마 나 또 올게,홍영녀 외,기타,,발표 시기 미상,https://library.ltikorea.or.kr/translatedbooks/404926,,"번역서 1종 · 예: 有一天, 媽媽老了 : 有一天，媽媽老了",포함
루루,용킴,기타,,발표 시기 미상,https://library.ltikorea.or.kr/translatedbooks/404828,,번역서 1종 · 예: NHẬT KÝ NƯỚC MẮT,포함
한 말씀만 하소서,박완서,기타,,발표 시기 미상,https://library.ltikorea.or.kr/translatedbooks/27786,,번역서 1종 · 예: 慟哭 : 神よ、答えたまえ,포함
종료되었습니다,박하익,기타,,발표 시기 미상,https://library.ltikorea.or.kr/translatedbooks/26626,,번역서 1종 · 예: 死者的審判,포함
언어의 온도,이기주,기타,,발표 시기 미상,https://library.ltikorea.or.kr/translatedbooks/405180,,번역서 2종 · 예: อยู่ที่ว่าเราจะมองมันแบบไหน,포함
온,안미옥,기타,,발표 시기 미상,https://library.ltikorea.or.kr/translatedbooks/405193,,번역서 1종 · 예: บางความรู้สึกอาจคงอยู่ตลอดไป หรือไม่ก็สูญหายในพริบตา,포함
완전판 토지 11권,박경리,기타,,발표 시기 미상,https://library.ltikorea.or.kr/translatedbooks/404193,,번역서 1종 · 예: 完全版 土地. 11卷,포함
무너지지만 말아,조성용,기타,,발표 시기 미상,https://library.ltikorea.or.kr/translatedbooks/405190,,번역서 1종 · 예: ก็แค่ปล่อยมันไป,포함
그 여름의 서울,이현,기타,,발표 시기 미상,https://library.ltikorea.or.kr/translatedbooks/404201,,번역서 1종 · 예: あの夏のソウル,포함
왕은 사랑한다 1-3,김이령,기타,,발표 시기 미상,https://library.ltikorea.or.kr/translatedbooks/404208,,번역서 1종 · 예: 王は愛する. 上-下,포함
왕은 사랑한다 1,김이령,기타,,발표 시기 미상,https://library.ltikorea.or.kr/translatedbooks/404208,,번역서 1종 · 예: 王は愛する. 上,포함
왕은 사랑한다 2,김이령,기타,,발표 시기 미상,https://library.ltikorea.or.kr/translatedbooks/404206,,번역서 1종 · 예: 王は愛する. 中,포함
왕은 사랑한다 3,김이령,기타,,발표 시기 미상,https://library.ltikorea.or.kr/translatedbooks/404207,,번역서 1종 · 예: 王は愛する. 下,포함
홍천기,정은궐,기타,,발표 시기 미상,https://library.ltikorea.or.kr/translatedbooks/404929,,번역서 5종 · 예: 紅天機. 壹,포함
당신이 옳다,정혜신,기타,,발표 시기 미상,https://library.ltikorea.or.kr/translatedbooks/404386,,번역서 1종 · 예: あなたは正しい,포함
나만 아무 일도 일어나지 않는다,한설희,기타,,발표 시기 미상,https://library.ltikorea.or.kr/translatedbooks/404450,,번역서 1종 · 예: あたしだけ何も起こらない,포함
여자 둘이 살고 있습니다,황선우,기타,,발표 시기 미상,https://library.ltikorea.or.kr/translatedbooks/404156,,번역서 2종 · 예: 女ふたり、暮らしています。,포함
현남 오빠에게,조남주 외,기타,,발표 시기 미상,https://library.ltikorea.or.kr/translatedbooks/404389,,번역서 1종 · 예: 给贤南哥的信,포함
나는 내 파이를 구할 뿐 인류를 구하러 온 게 아니라고,김진아,기타,,발표 시기 미상,https://library.ltikorea.or.kr/translatedbooks/404704,,번역서 1종 · 예: 私は自分のパイを求めるだけであって人類を救いにきたわけじゃない,포함
용기 없는 일주일,정은숙,기타,,발표 시기 미상,https://library.ltikorea.or.kr/translatedbooks/404871,,번역서 1종 · 예: 沒有勇氣的一週,포함
"누구나 다 아는, 아무도 모르는",정미진,기타,,발표 시기 미상,https://library.ltikorea.or.kr/translatedbooks/404161,,번역서 1종 · 예: みんな知ってる、みんな知らない,포함
굿바이 동물원,강태식,기타,,발표 시기 미상,https://library.ltikorea.or.kr/translatedbooks/404851,,번역서 1종 · 예: 正常人的條件,포함
백년여관,임철우,기타,,발표 시기 미상,https://library.ltikorea.or.kr/translatedbooks/405122,,번역서 1종 · 예: 百年旅馆,포함
최선의 삶,임솔아,기타,,발표 시기 미상,https://library.ltikorea.or.kr/translatedbooks/404418,,"번역서 1종 · 예: 為了好好活著, 我們最終走向更壞",포함
독고솜에게 반하면,허진희,기타,,발표 시기 미상,https://library.ltikorea.or.kr/translatedbooks/405164,,번역서 1종 · 예: หากคุณตกหลุมรักทกโกซม,포함
아무것도 하지 않을 권리,정희재,기타,,발표 시기 미상,https://library.ltikorea.or.kr/translatedbooks/404356,,번역서 1종 · 예: Quyền Tách Khỏi Đám Đông,포함
사이코지만 괜찮아 1,조용,기타,,발표 시기 미상,https://library.ltikorea.or.kr/translatedbooks/404170,,번역서 1종 · 예: サイコだけど大丈夫. 上,포함
시간 망명자,김주영,기타,,발표 시기 미상,https://library.ltikorea.or.kr/translatedbooks/405127,,번역서 1종 · 예: 时间亡命者,포함
잃어버린 골목길,김구슬,기타,,발표 시기 미상,https://library.ltikorea.or.kr/translatedbooks/28586,,번역서 1종 · 예: Lost Alleys,포함
너의 목소리가 들려,김영하,기타,,발표 시기 미상,https://library.ltikorea.or.kr/translatedbooks/404874,,번역서 3종 · 예: 我聽見你的聲音,포함
대체 뭐하자는 인간이지 싶었다,이랑,기타,,발표 시기 미상,https://library.ltikorea.or.kr/translatedbooks/404857,,번역서 2종 · 예: 到底想成為做什麼事的人,포함
귀찮지만 행복해 볼까,권남희,기타,,발표 시기 미상,https://library.ltikorea.or.kr/translatedbooks/404688,,"번역서 1종 · 예: 雖然血淚, 我還是喜歡翻譯",포함
혼자가 혼자에게,이병률,기타,,발표 시기 미상,https://library.ltikorea.or.kr/translatedbooks/405155,,번역서 1종 · 예: 愛上名為「自己」的風景,포함
윤동주 시집: 하늘과 바람과 별과 시,윤동주,시,,발표 시기 미상,https://library.ltikorea.or.kr/translatedbooks/404367,,번역서 2종 · 예: 数星星的夜 : 尹东柱的诗,포함
곤충,장민혜,기타,,발표 시기 미상,https://library.ltikorea.or.kr/translatedbooks/405165,,번역서 2종 · 예: แมลง,포함
빽넘버,임선경,기타,,발표 시기 미상,https://library.ltikorea.or.kr/translatedbooks/404885,,번역서 1종 · 예: 背後的數字,포함
너에게만 좋은 사람이 되고 싶어,유귀선,기타,,발표 시기 미상,https://library.ltikorea.or.kr/translatedbooks/405175,,번역서 1종 · 예: อยากเป็นคนดีแค่สำหรับเธอ,포함
나 같은 사람 또 있을까,새벽 세시,기타,,발표 시기 미상,https://library.ltikorea.or.kr/translatedbooks/405027,,번역서 1종 · 예: Adakah Orang sepertiku?,포함
가시고백,김려령,기타,,발표 시기 미상,https://library.ltikorea.or.kr/translatedbooks/404150,,번역서 1종 · 예: Trộm – hay lời thú tội của một chiếc gai,포함
아프니까 청춘이다,김난도,기타,,발표 시기 미상,https://library.ltikorea.or.kr/translatedbooks/405220,,번역서 1종 · 예: เพราะเป็นวัยรุ่นจึงเจ็บปวด,포함
졸업,윤이형,기타,,발표 시기 미상,https://library.ltikorea.or.kr/translatedbooks/405166,,번역서 2종 · 예: จดหมายถึงฉันในวันจบการศึกษา,포함
보건교사 안은영,정세랑,기타,,발표 시기 미상,https://library.ltikorea.or.kr/translatedbooks/405160,,번역서 4종 · 예: ครูพยาบาลแปลกและโรงเรียนพิศวง,포함
재와 빨강,편혜영,기타,,발표 시기 미상,https://library.ltikorea.or.kr/translatedbooks/404823,,번역서 3종 · 예: TRO TÀN SẮC ĐỎ,포함
당신의 그림자는 월요일,김중혁,기타,,발표 시기 미상,https://library.ltikorea.or.kr/translatedbooks/404822,,번역서 3종 · 예: CÁI BÓNG CỦA BÍ MẬT,포함
초혼,고은,기타,,발표 시기 미상,https://library.ltikorea.or.kr/translatedbooks/404882,,번역서 1종 · 예: 招魂 : 高銀時集,포함
여행의 이유,김영하,기타,,발표 시기 미상,https://library.ltikorea.or.kr/translatedbooks/404783,,번역서 1종 · 예: 懂也沒用的神祕旅行,포함
미스 함무라비,문유석,기타,,발표 시기 미상,https://library.ltikorea.or.kr/translatedbooks/404916,,번역서 1종 · 예: 漢摩拉比小姐,포함
모든 순간이 너였다,하태완,기타,,발표 시기 미상,https://library.ltikorea.or.kr/translatedbooks/404902,,번역서 1종 · 예: 每個瞬間都是你,포함
이선동 클린센터,권정희,기타,,발표 시기 미상,https://library.ltikorea.or.kr/translatedbooks/404919,,번역서 1종 · 예: 李善東生命清潔中心,포함
현남 오빠에게,조남주,기타,,발표 시기 미상,https://library.ltikorea.or.kr/translatedbooks/28904,,번역서 1종 · 예: 致賢南哥,포함
해시의 신루 (2),윤이수,기타,,발표 시기 미상,https://library.ltikorea.or.kr/translatedbooks/404934,,번역서 1종 · 예: 亥時蜃樓 : 卷二 : 銀暈藏情,포함
해시의 신루 (3),윤이수,기타,,발표 시기 미상,https://library.ltikorea.or.kr/translatedbooks/404935,,번역서 1종 · 예: 亥時蜃樓 : 卷三 : 明月入懷,포함
해시의 신루 (1),윤이수,기타,,발표 시기 미상,https://library.ltikorea.or.kr/translatedbooks/404933,,번역서 1종 · 예: 亥時蜃樓 : 卷一 : 星光乍現,포함
인간모독소,김유경,기타,,발표 시기 미상,https://library.ltikorea.or.kr/translatedbooks/405079,,번역서 1종 · 예: LE CAMP DE L’HUMILIATION,포함
클린 코드,설혜원,기타,,발표 시기 미상,https://library.ltikorea.or.kr/translatedbooks/404866,,번역서 1종 · 예: 自我魔術方塊,포함
"괜찮아, 안 죽어",김시영,기타,,발표 시기 미상,https://library.ltikorea.or.kr/translatedbooks/404573,,번역서 1종 · 예: 僕だって、大丈夫じゃない,포함
저는 측면이 좀 더 낫습니다만,하완,기타,,발표 시기 미상,https://library.ltikorea.or.kr/translatedbooks/404447,,번역서 1종 · 예: 今日も言い訳しながら生きてます,포함
페미니스트까진 아니지만,박은지,기타,,발표 시기 미상,https://library.ltikorea.or.kr/translatedbooks/404591,,번역서 1종 · 예: フェミニストってわけじゃないけど、どこか感じる違和感について,포함
"아무튼, 떡볶이",요조,기타,,발표 시기 미상,https://library.ltikorea.or.kr/translatedbooks/404159,,번역서 1종 · 예: とにかく、トッポッキ,포함
백석 전집 (백석 시 모음집: 북에서 온 시들),백석,시,,발표 시기 미상,https://library.ltikorea.or.kr/translatedbooks/26337,,번역서 1종 · 예: Baek Seok: Poems of the North,포함
한국문학이란 무엇인가,권영민,기타,,발표 시기 미상,https://library.ltikorea.or.kr/translatedbooks/405665,,번역서 2종 · 예: What is Korean literature?,포함
세상에서 가장 가벼운 오토바이,이원,기타,,발표 시기 미상,https://library.ltikorea.or.kr/translatedbooks/405651,,번역서 1종 · 예: The World's Lightest Motorcycle,포함
캐비닛,김언수,기타,,발표 시기 미상,https://library.ltikorea.or.kr/translatedbooks/404741,,번역서 5종 · 예: The Cabinet,포함
고구려 회화 : 고대 한국 문화가 그림으로 되살아나다,안휘준,기타,,발표 시기 미상,https://library.ltikorea.or.kr/translatedbooks/405649,,번역서 1종 · 예: Fresques de Koguryŏ : splendeurs de l art funeraire coreen (ive - viie siecle),포함
내 아들의 연인,정미경,기타,,발표 시기 미상,https://library.ltikorea.or.kr/translatedbooks/405648,,번역서 2종 · 예: Iubita fiului meu,포함
신경숙 단편선집(풍금이 있던 자리),신경숙,기타,,발표 시기 미상,https://library.ltikorea.or.kr/translatedbooks/405646,,번역서 1종 · 예: オルガンのあった場所,포함
당신의 4분 33초,이서수,기타,,발표 시기 미상,https://library.ltikorea.or.kr/translatedbooks/405643,,번역서 1종 · 예: 你的4分33秒,포함
일간 이슬아 수필집,이슬아,수필,,발표 시기 미상,https://library.ltikorea.or.kr/translatedbooks/405624,,번역서 1종 · 예: 日刊イ・スラ 私たちのあいだの話,포함
한국근대문학선집 1권,이상,기타,,발표 시기 미상,https://library.ltikorea.or.kr/translatedbooks/405619,,번역서 1종 · 예: Storie d’amore dalla Corea del primo Novecento,포함
차가운 사탕들,이영주,기타,,발표 시기 미상,https://library.ltikorea.or.kr/translatedbooks/405617,,번역서 1종 · 예: Cold Candies,포함
천년의 잠,오세영,기타,,발표 시기 미상,https://library.ltikorea.or.kr/translatedbooks/405602,,번역서 2종 · 예: 千年の眠り,포함
모란이 피기까지는,김영랑,기타,,발표 시기 미상,https://library.ltikorea.or.kr/translatedbooks/405601,,번역서 1종 · 예: گلهای کاملیا,중복 제외 (앞 순위 출처에 있음)
남한산성,김훈,기타,,발표 시기 미상,https://library.ltikorea.or.kr/translatedbooks/405607,,번역서 2종 · 예: NAMHANSANSEONG. La fortaleza helada,포함
외국문예 2021년 제4호(한국 당대 대상소설선),김경욱,소설,,발표 시기 미상,https://library.ltikorea.or.kr/translatedbooks/405614,,번역서 1종 · 예: 外国文艺 2021年第4期(韩国当代大奖小说选),포함
문예 2021 冬,정세랑,기타,,발표 시기 미상,https://library.ltikorea.or.kr/translatedbooks/405375,,번역서 1종 · 예: 文藝 2021 冬,포함
굴 소년들,이설야,시,,발표 시기 미상,https://library.ltikorea.or.kr/translatedbooks/405612,,번역서 1종 · 예: Cave Boys : A collection of new poems by Lee Sul-ya,포함
끝을 시작하기,김근,시,,발표 시기 미상,https://library.ltikorea.or.kr/translatedbooks/405611,,번역서 1종 · 예: Beginning the End : A collection of new poems by Kim Keun,포함
정지용 시선,정지용,시,,발표 시기 미상,https://library.ltikorea.or.kr/translatedbooks/405439,,번역서 3종 · 예: むくいぬ,포함
그해 봄,박건웅,기타,,발표 시기 미상,https://library.ltikorea.or.kr/translatedbooks/405442,,번역서 1종 · 예: Un matin de ce printemps-là,포함
살롱 드 홈즈,전건우,기타,,발표 시기 미상,https://library.ltikorea.or.kr/translatedbooks/405447,,번역서 1종 · 예: Les 4 enquêtrices de la supérette Gwangseon,포함
모든 비밀에는 이름이 있다,서미애,기타,,발표 시기 미상,https://library.ltikorea.or.kr/translatedbooks/405444,,번역서 1종 · 예: Chut c’est un secret,포함
한국고전선집,정내교,동화,,발표 시기 미상,https://library.ltikorea.or.kr/translatedbooks/405429,,번역서 1종 · 예: Contes et récits de Corée (III),포함
한국고전선집,김시습,동화,,발표 시기 미상,https://library.ltikorea.or.kr/translatedbooks/405423,,번역서 1종 · 예: Contes et récits de Corée (II),포함
한국고전선집,조위한,동화,,발표 시기 미상,https://library.ltikorea.or.kr/translatedbooks/405421,,번역서 2종 · 예: Contes et récits de Corée (I),포함
증인: 한국작가 11인선,김영희,단편소설,,발표 시기 미상,https://library.ltikorea.or.kr/translatedbooks/405399,,번역서 1종 · 예: Friedensmorgen : 11 Erzählungen aus Korea,포함
내게 무해한 사람,최은영,기타,,발표 시기 미상,https://library.ltikorea.or.kr/translatedbooks/405394,,번역서 3종 · 예: Безопасный для меня человек,포함
하나코는 없다,최윤,기타,,발표 시기 미상,https://library.ltikorea.or.kr/translatedbooks/405392,,번역서 3종 · 예: ハナコはいない,포함
어느 밤,윤성희,기타,,발표 시기 미상,https://library.ltikorea.or.kr/translatedbooks/405391,,번역서 1종 · 예: ある夜,포함
운수 좋은 날,현진건,기타,,발표 시기 미상,https://library.ltikorea.or.kr/translatedbooks/405388,,번역서 3종 · 예: Der Glückstag,중복 제외 (앞 순위 출처에 있음)
벙어리 삼룡이,나도향,기타,,발표 시기 미상,https://library.ltikorea.or.kr/translatedbooks/405387,,번역서 3종 · 예: Samryong der Taubstumme,중복 제외 (앞 순위 출처에 있음)
봄봄,김유정,기타,,발표 시기 미상,https://library.ltikorea.or.kr/translatedbooks/405386,,"번역서 3종 · 예: Frühling, Frühling",중복 제외 (앞 순위 출처에 있음)
오리온과 능금 : (한국문학의 원류 단편선 2 (1932-1938)),이효석,기타,,발표 시기 미상,https://library.ltikorea.or.kr/translatedbooks/405385,,번역서 1종 · 예: オリオンと林檎 : (韓国文学の源流 短編選2),중복 제외 (앞 순위 출처에 있음)
Il romanzo del nuovo millennio,정은경,장편소설,,발표 시기 미상,https://library.ltikorea.or.kr/translatedbooks/404500,,번역서 1종 · 예: Il romanzo del nuovo millennio,포함
조선과 일본에 살다,김시종,기타,,발표 시기 미상,https://library.ltikorea.or.kr/translatedbooks/27676,,번역서 1종 · 예: 朝鮮と日本に生きる,포함
한 글자 사전,김소연,기타,,발표 시기 미상,https://library.ltikorea.or.kr/translatedbooks/405300,,번역서 1종 · 예: 一文字の辞典,포함
해동고승전,각훈,기타,,발표 시기 미상,https://library.ltikorea.or.kr/translatedbooks/405302,,번역서 4종 · 예: Santi buddhisti della Corea antica,포함
나의 할머니에게,윤성희,기타,,발표 시기 미상,https://library.ltikorea.or.kr/translatedbooks/405298,,번역서 1종 · 예: 私のおばあちゃんへ,포함
가짜와 진짜,김승옥,기타,,발표 시기 미상,https://library.ltikorea.or.kr/translatedbooks/405307,,번역서 1종 · 예: 生きるということ,포함
몽실언니,권정생,기타,,발표 시기 미상,https://library.ltikorea.or.kr/translatedbooks/404148,,번역서 4종 · 예: MA SŒUR MONGSIL,포함
새는 날아가면서 뒤돌아보지 않는다,류시화,기타,,발표 시기 미상,https://library.ltikorea.or.kr/translatedbooks/405305,,번역서 1종 · 예: Ein fliegender Vogel blickt nie zurück,포함
김준태 시집,김준태,시,,발표 시기 미상,https://library.ltikorea.or.kr/translatedbooks/405293,,번역서 1종 · 예: 光州へ行く道,포함
종이,신달자,시,,발표 시기 미상,https://library.ltikorea.or.kr/translatedbooks/405291,,번역서 3종 · 예: Paper : Poems of Shin Dal-ja,포함
金子文子と朴烈の愛 / 열애,김별아,기타,,발표 시기 미상,https://library.ltikorea.or.kr/translatedbooks/405290,,번역서 1종 · 예: 常磐の木,포함
누나팬 닷컴 (하),김성연,기타,,발표 시기 미상,https://library.ltikorea.or.kr/translatedbooks/404910,,번역서 1종 · 예: 她的私生活 下冊,포함
누나팬 닷컴 (상),김성연,기타,,발표 시기 미상,https://library.ltikorea.or.kr/translatedbooks/404909,,번역서 1종 · 예: 她的私生活 上冊,포함
당신의 별이 사라지던 밤,서미애,기타,,발표 시기 미상,https://library.ltikorea.or.kr/translatedbooks/404889,,번역서 1종 · 예: 你的星星消失的夜晚,포함
휴거 1992,조장호,기타,,발표 시기 미상,https://library.ltikorea.or.kr/translatedbooks/404901,,번역서 1종 · 예: 被提1992,포함
김학철 단편집,김학철,단편소설,,발표 시기 미상,https://library.ltikorea.or.kr/translatedbooks/404140,,번역서 1종 · 예: 金学鉄文学選集-金学鉄短篇小說集,포함
검은 모래,구소은,기타,,발표 시기 미상,https://library.ltikorea.or.kr/translatedbooks/404211,,번역서 1종 · 예: 黒い砂,포함
심청,황석영,장편소설,,발표 시기 미상,https://library.ltikorea.or.kr/translatedbooks/11991,,번역서 3종 · 예: COME L'ACQUA SUL FIORE DI LOTO,포함
캣콜링,이소호,기타,,발표 시기 미상,https://library.ltikorea.or.kr/translatedbooks/404472,,번역서 1종 · 예: Catcalling,포함
장길산10,황석영,기타,,발표 시기 미상,https://library.ltikorea.or.kr/translatedbooks/405254,,번역서 1종 · 예: 張吉山 10,포함
장길산9,황석영,기타,,발표 시기 미상,https://library.ltikorea.or.kr/translatedbooks/405253,,번역서 1종 · 예: 張吉山 9,포함
장길산8,황석영,기타,,발표 시기 미상,https://library.ltikorea.or.kr/translatedbooks/405252,,번역서 1종 · 예: 張吉山 8,포함
장길산7,황석영,기타,,발표 시기 미상,https://library.ltikorea.or.kr/translatedbooks/405251,,번역서 1종 · 예: 張吉山 7,포함
장길산6,황석영,기타,,발표 시기 미상,https://library.ltikorea.or.kr/translatedbooks/405250,,번역서 1종 · 예: 張吉山 6,포함
장길산5,황석영,기타,,발표 시기 미상,https://library.ltikorea.or.kr/translatedbooks/405249,,번역서 1종 · 예: 張吉山 5,포함
장길산4,황석영,기타,,발표 시기 미상,https://library.ltikorea.or.kr/translatedbooks/405248,,번역서 1종 · 예: 張吉山 4,포함
장길산3,황석영,기타,,발표 시기 미상,https://library.ltikorea.or.kr/translatedbooks/405247,,번역서 1종 · 예: 張吉山 3,포함
장길산2,황석영,기타,,발표 시기 미상,https://library.ltikorea.or.kr/translatedbooks/405246,,번역서 1종 · 예: 張吉山 2,포함
장길산1,황석영,기타,,발표 시기 미상,https://library.ltikorea.or.kr/translatedbooks/405245,,번역서 1종 · 예: 張吉山 1,포함
사물에게 배웁니다,임진아,기타,,발표 시기 미상,https://library.ltikorea.or.kr/translatedbooks/405238,,번역서 1종 · 예: モノから学びます : 今日がもっと好きになる魔法,포함
두브로브니크에서 만난 사람,신영,기타,,발표 시기 미상,https://library.ltikorea.or.kr/translatedbooks/405241,,번역서 1종 · 예: Susret u Dubrovniku,포함
용과 용의 대격전·산협,신채호,기타,,발표 시기 미상,https://library.ltikorea.or.kr/translatedbooks/405244,,번역서 1종 · 예: معركة شرسة بين تِنِّين وآخر وتليها قرية في الوادي الجبلي,포함
當工作搖搖欲墜，我的人生，是否還有突圍的可能？/ 9번의 일,김혜진,기타,,발표 시기 미상,https://library.ltikorea.or.kr/translatedbooks/404831,,번역서 1종 · 예: 9號的工作,포함
댓글부대,장강명,기타,,발표 시기 미상,https://library.ltikorea.or.kr/translatedbooks/405152,,번역서 2종 · 예: Pasukan Buzzer,포함
홍길동,서하진,기타,,발표 시기 미상,https://library.ltikorea.or.kr/translatedbooks/405097,,번역서 1종 · 예: Hong Gildong,포함
군상 2020 년 6 월호,한강,기타,,발표 시기 미상,https://library.ltikorea.or.kr/translatedbooks/404813,,번역서 1종 · 예: 群像2020年6月号,포함
"달려라, 아비",김애란,기타,,발표 시기 미상,https://library.ltikorea.or.kr/translatedbooks/405070,,"번역서 8종 · 예: Corre, pare, corre!",포함
김지하 생을 말하다,김지하,기타,,발표 시기 미상,https://library.ltikorea.or.kr/translatedbooks/2499,,번역서 1종 · 예: 金芝河 生を語る,포함
늦둥이 이른둥이,원유순,기타,,발표 시기 미상,https://library.ltikorea.or.kr/translatedbooks/405038,,번역서 1종 · 예: 老来子和早来子图片下载,포함
호랑나비,황규관,시,,발표 시기 미상,https://library.ltikorea.or.kr/translatedbooks/404848,,번역서 1종 · 예: Tiger Swallowtail : A collection of new poems by Hwang Gyu-gwan,포함
자살충,김성규,시,,발표 시기 미상,https://library.ltikorea.or.kr/translatedbooks/404844,,번역서 1종 · 예: Suicide Parasite : A collection of new poems by Kim Seong-gyu,포함
문학 연구집,박완서,기타,,발표 시기 미상,https://library.ltikorea.or.kr/translatedbooks/404878,,번역서 1종 · 예: Văn Học,포함
스튜디오 보이스,한국 문학 번역원 외,기타,,발표 시기 미상,https://library.ltikorea.or.kr/translatedbooks/404858,,번역서 1종 · 예: STUDIO VOICE,포함
내 심장을 쏴라,정유정,기타,,발표 시기 미상,https://library.ltikorea.or.kr/translatedbooks/404839,,번역서 2종 · 예: 射向我心臟,포함
브루투스 No. 922「돈의 대답.」돈 제대로 사용할 수있어?,최은영,기타,,발표 시기 미상,https://library.ltikorea.or.kr/translatedbooks/404808,,번역서 1종 · 예: BRUTUS(ブルータス) : [「お金の、答え。」お金、ちゃんと使えてる？],포함
아젤리아 14,Young-Jun Lee,기타,,발표 시기 미상,https://library.ltikorea.or.kr/translatedbooks/414306,,번역서 1종 · 예: AZALEA Vol.14: Journal of Korean Literature & Culture,포함
아젤리아,Young-Jun Lee,기타,,발표 시기 미상,https://library.ltikorea.or.kr/translatedbooks/404807,,번역서 1종 · 예: AZALEA (Journal of Korean Literature & Culture),포함
동아시아 시의 여성 (중국 - 일본 - 한국 - 베트남),황진이,기타,,발표 시기 미상,https://library.ltikorea.or.kr/translatedbooks/404791,,번역서 1종 · 예: NHỮNG KỲ NỮ TRONG THƠ CA ĐÔNG Á (TRUNG QUỐC - NHẬT BẢN - KOREA - VIỆT NAM),포함
한국소설전집,황순원,소설,,발표 시기 미상,https://library.ltikorea.or.kr/translatedbooks/404793,,번역서 1종 · 예: გარუდა,포함
동아시아 당나라 대회 (중국-한국-베트남-일본),혜심,기타,,발표 시기 미상,https://library.ltikorea.or.kr/translatedbooks/404786,,번역서 1종 · 예: THI TĂNG ĐÔNG Á (TRUNG QUỐC - KOREA - VIỆT NAM - NHẬT BẢN),포함
상하이 - 도쿄 - 하노이 - 서울 20세기 초 동아시아 문학,박태원,기타,,발표 시기 미상,https://library.ltikorea.or.kr/translatedbooks/404789,,번역서 1종 · 예: Thượng Hải - Tokyo - Hà Nội - Seoul Trong Văn Chương Đông Á Đầu Thế Kỷ XX,포함
동아시아 전설 속 여자 귀신의 사랑 이야기 (중국-한국-베트남-일본),김시습,소설,,발표 시기 미상,https://library.ltikorea.or.kr/translatedbooks/404772,,번역서 1종 · 예: Chuyện Tình Ma Nữ Trong Truyền Kỳ Đông Á (Trung Quốc - Korea - Việt Nam - Nhật Bản),포함
페미니스트 비평: 20세기 터키와 한국 소설 속의 여성,오은경,소설,,발표 시기 미상,https://library.ltikorea.or.kr/translatedbooks/5420,,번역서 1종 · 예: Feminist Eleştiri : xx. YüzyΙl Türk ve Kore RomanΙnda KadΙn,포함
사임당의 붉은 비단보,권지예,기타,,발표 시기 미상,https://library.ltikorea.or.kr/translatedbooks/404759,,번역서 2종 · 예: 师任堂的红色包袱,포함
문예 2021 秋,김초엽,기타,,발표 시기 미상,https://library.ltikorea.or.kr/translatedbooks/404758,,번역서 1종 · 예: 文藝 2021 秋,포함
오후 네시의 생활력,김성희,기타,,발표 시기 미상,https://library.ltikorea.or.kr/translatedbooks/404756,,번역서 1종 · 예: La capacité de survie,포함
너무 한낮의 연애,김금희,기타,,발표 시기 미상,https://library.ltikorea.or.kr/translatedbooks/404754,,번역서 2종 · 예: 大白天的戀愛 : 我的世界布滿你走過的足跡，縱使你已遠離,포함
수인:황석영 자전,황석영,기타,,발표 시기 미상,https://library.ltikorea.or.kr/translatedbooks/404610,,번역서 2종 · 예: The Prisoner,포함
나의 집을 떠나며,현길언,기타,,발표 시기 미상,https://library.ltikorea.or.kr/translatedbooks/404736,,번역서 3종 · 예: Dejando mi casa atrás,포함
누구도 기억하지 않는 역에서,허수경,기타,,발표 시기 미상,https://library.ltikorea.or.kr/translatedbooks/404735,,번역서 1종 · 예: 15° vent de nord-ouest,포함
조선의 중인들,허경진,기타,,발표 시기 미상,https://library.ltikorea.or.kr/translatedbooks/404699,,번역서 1종 · 예: 朝鲜时期的文艺复兴与中人,포함
아랑은 왜,김영하,기타,,발표 시기 미상,https://library.ltikorea.or.kr/translatedbooks/404696,,"번역서 2종 · 예: Аран, защо?",포함
나는 바람에게 묻고 싶다,한용운,기타,,발표 시기 미상,https://library.ltikorea.or.kr/translatedbooks/404549,,번역서 1종 · 예: JEG VIL SPØRRE VINDEN,포함
검은 방,정지아,기타,,발표 시기 미상,https://library.ltikorea.or.kr/translatedbooks/404551,,번역서 1종 · 예: The Black room,포함
해피 투게더,서장원,기타,,발표 시기 미상,https://library.ltikorea.or.kr/translatedbooks/404476,,번역서 1종 · 예: Happy Together,포함
청계산장의 재판,박은우,기타,,발표 시기 미상,https://library.ltikorea.or.kr/translatedbooks/404537,,번역서 1종 · 예: Le procés des otages,포함
한국문학선집(2),이태준,기타,,발표 시기 미상,https://library.ltikorea.or.kr/translatedbooks/404540,,번역서 1종 · 예: 誰能說自己看見天空：韓國小說大家經典代表作 (戰後篇),포함
박솔뫼 단편소설집 / 이미 죽은 열두 명의 여자들과,박솔뫼,단편소설,,발표 시기 미상,https://library.ltikorea.or.kr/translatedbooks/404542,,번역서 1종 · 예: もう死んでいる十二人の女たちと,포함
"안녕, 엘레나",김인숙,기타,,발표 시기 미상,https://library.ltikorea.or.kr/translatedbooks/404127,,번역서 2종 · 예: 再见，埃琳娜,포함
한국민담집,Unknown[Author] ;,소설,,발표 시기 미상,https://library.ltikorea.or.kr/translatedbooks/404044,,번역서 1종 · 예: FIABE E STORIE COREANE,포함
여름 안에서,성률,기타,,발표 시기 미상,https://library.ltikorea.or.kr/translatedbooks/404264,,번역서 1종 · 예: In summer,포함
개밥바라기별,황석영,기타,,발표 시기 미상,https://library.ltikorea.or.kr/translatedbooks/404142,,번역서 3종 · 예: L'infinito mare dei vent'anni,포함
이 인간이 정말,성석제,기타,,발표 시기 미상,https://library.ltikorea.or.kr/translatedbooks/404051,,번역서 1종 · 예: CON NGƯỜI HỠI ÔI,포함
마르타의 일,박서련,기타,,발표 시기 미상,https://library.ltikorea.or.kr/translatedbooks/404053,,번역서 1종 · 예: JETAIME_RIAH,포함
최소한의 사랑,전경린,기타,,발표 시기 미상,https://library.ltikorea.or.kr/translatedbooks/404261,,번역서 1종 · 예: Un minimum d´amour,포함
ET AUTRES NOUVELLES / 순이삼촌,현기영,기타,,발표 시기 미상,https://library.ltikorea.or.kr/translatedbooks/404132,,번역서 1종 · 예: Oncle Suni,포함
책기둥,문보영,시,,발표 시기 미상,https://library.ltikorea.or.kr/translatedbooks/404121,,번역서 1종 · 예: Pillar of Books : The Moon Country Korean Poetry Series,포함
바빠가족,강정연,기타,,발표 시기 미상,https://library.ltikorea.or.kr/translatedbooks/404060,,번역서 1종 · 예: Məşğul ailə,포함
메이드 인 강남,주원규,기타,,발표 시기 미상,https://library.ltikorea.or.kr/translatedbooks/404056,,번역서 1종 · 예: MADE IN GANGNAM,포함
나b책,김사과,장편소설,,발표 시기 미상,https://library.ltikorea.or.kr/translatedbooks/404151,,"번역서 3종 · 예: Io, B e Libro",포함
"조선 왕실 기록문화의 꽃, 의궤",김문식,기타,,발표 시기 미상,https://library.ltikorea.or.kr/translatedbooks/404048,,"번역서 1종 · 예: 仪轨, 朝鲜王室记录文化之花",포함
작은마음동호회 = The Little Hearts Club,윤이형,기타,,발표 시기 미상,https://library.ltikorea.or.kr/translatedbooks/404036,,번역서 1종 · 예: 小さな心の同好会,포함
大韓民国エリートの起源 / 제국대학의 조센징,정종현,기타,,발표 시기 미상,https://library.ltikorea.or.kr/translatedbooks/404117,,번역서 1종 · 예: 帝国大学の朝鮮人,포함
한중록,혜경궁 홍씨,기타,,발표 시기 미상,https://library.ltikorea.or.kr/translatedbooks/404042,,번역서 7종 · 예: 恨中录 : The Memoirs of Lady Hyegyong,포함
面試完美父母 / 페인트,이희영,기타,,발표 시기 미상,https://library.ltikorea.or.kr/translatedbooks/404111,,번역서 1종 · 예: PAINT,포함
완전판 토지 13권,박경리,기타,,발표 시기 미상,https://library.ltikorea.or.kr/translatedbooks/404114,,번역서 1종 · 예: 完全版 土地. 13卷,포함
너는 모른다,정이현,기타,,발표 시기 미상,https://library.ltikorea.or.kr/translatedbooks/404037,,번역서 2종 · 예: きみは知らない,포함
두번의 자화상,전성태,기타,,발표 시기 미상,https://library.ltikorea.or.kr/translatedbooks/404032,,번역서 1종 · 예: 二度の自画像,포함
종의 기원 ─ 그 후에 있었을지도 모르는 이야기,김보영,단편소설,,발표 시기 미상,https://library.ltikorea.or.kr/translatedbooks/404499,,번역서 1종 · 예: On the Origin of Species and Other Stories,포함
나는 유령작가입니다,김연수,기타,,발표 시기 미상,https://library.ltikorea.or.kr/translatedbooks/404186,,번역서 2종 · 예: ぼくは幽霊作家です,포함
"섬, 짓하다",김재희,기타,,발표 시기 미상,https://library.ltikorea.or.kr/translatedbooks/404136,,번역서 1종 · 예: L'île des chamanes,포함
청구영언,김천택,기타,,발표 시기 미상,https://library.ltikorea.or.kr/translatedbooks/404025,,번역서 1종 · 예: Antología del canto coreano Sijo (Cheongguyeong-eon),중복 제외 (앞 순위 출처에 있음)
대니,윤이형,기타,,발표 시기 미상,https://library.ltikorea.or.kr/translatedbooks/404144,,번역서 2종 · 예: ダニー,포함
숙향전,이상구,기타,,발표 시기 미상,https://library.ltikorea.or.kr/translatedbooks/404138,,번역서 1종 · 예: Truyện nàng thiếu phụ Suk-yeong,포함
중앙역,김혜진,기타,,발표 시기 미상,https://library.ltikorea.or.kr/translatedbooks/29611,,번역서 2종 · 예: 中央站：失去過往與未來，拋棄時間與空間的無家者,포함
문예 2021 夏,김보영,기타,,발표 시기 미상,https://library.ltikorea.or.kr/translatedbooks/404100,,번역서 1종 · 예: 文藝 2021 夏,포함
문예 2021 春,정세랑,기타,,발표 시기 미상,https://library.ltikorea.or.kr/translatedbooks/404098,,번역서 1종 · 예: 文藝 2021 春,포함
문예 2020 冬,듀나,기타,,발표 시기 미상,https://library.ltikorea.or.kr/translatedbooks/404097,,번역서 1종 · 예: 文藝 2020 冬,포함
완전판 토지 12권,박경리,기타,,발표 시기 미상,https://library.ltikorea.or.kr/translatedbooks/404096,,번역서 1종 · 예: 完全版 土地. 12卷,포함
Axt 인터뷰집 2,이기호,기타,,발표 시기 미상,https://library.ltikorea.or.kr/translatedbooks/404095,,번역서 1종 · 예: 韓国の小説家たち II,포함
Axt 인터뷰집 1,이기호,기타,,발표 시기 미상,https://library.ltikorea.or.kr/translatedbooks/404094,,번역서 1종 · 예: 韓国の小説家たち I,포함
한국문학을 여행하다 60장,김훈아,기타,,발표 시기 미상,https://library.ltikorea.or.kr/translatedbooks/404091,,번역서 1종 · 예: 韓国文学を旅する60章,포함
승무,조지훈,기타,,발표 시기 미상,https://library.ltikorea.or.kr/translatedbooks/404090,,번역서 1종 · 예: Вибрані поезії,포함
설이,심윤경,기타,,발표 시기 미상,https://library.ltikorea.or.kr/translatedbooks/404088,,번역서 1종 · 예: 小雪：被愛的條件,포함
달에게 들려주고 싶은 이야기,신경숙,기타,,발표 시기 미상,https://library.ltikorea.or.kr/translatedbooks/404085,,번역서 3종 · 예: 月に聞かせたい話,포함
김언호의 세계서점기행,김언호,기타,,발표 시기 미상,https://library.ltikorea.or.kr/translatedbooks/404084,,번역서 1종 · 예: 世界書店紀行―本は友を呼び未来を拓く,포함
"하정우, 느낌있다",하정우,기타,,발표 시기 미상,https://library.ltikorea.or.kr/translatedbooks/404077,,"번역서 1종 · 예: 河正宇, 有感觉",포함
각성한 시스터후드,김성중,기타,,발표 시기 미상,https://library.ltikorea.or.kr/translatedbooks/404074,,번역서 1종 · 예: 覚醒するシスターフッド,포함
ひきこもり図書館 : 部屋から出られない人のための12の物語,한강,기타,,발표 시기 미상,https://library.ltikorea.or.kr/translatedbooks/29633,,번역서 1종 · 예: ひきこもり図書館 : 部屋から出られない人のための12の物語,포함
미스터 모노레일,김중혁,기타,,발표 시기 미상,https://library.ltikorea.or.kr/translatedbooks/29616,,번역서 1종 · 예: MR. MONORAIL,포함
어비,김혜진,기타,,발표 시기 미상,https://library.ltikorea.or.kr/translatedbooks/406740,,번역서 1종 · 예: オビー,포함
수인 1-2,황석영,기타,,발표 시기 미상,https://library.ltikorea.or.kr/translatedbooks/29512,,번역서 1종 · 예: 囚人 : [黄晳暎自伝]境界を越えて 1-2,포함
깊은 일,안현미,기타,,발표 시기 미상,https://library.ltikorea.or.kr/translatedbooks/410236,,번역서 1종 · 예: Deep Work,포함
빛의 제국,김영하,기타,,발표 시기 미상,https://library.ltikorea.or.kr/translatedbooks/410365,,번역서 9종 · 예: Империя света,포함
내일을 여는 집,방현석,기타,,발표 시기 미상,https://library.ltikorea.or.kr/translatedbooks/408884,,번역서 1종 · 예: Дом нашего будущего,포함
해동야언,허봉,기타,,발표 시기 미상,https://library.ltikorea.or.kr/translatedbooks/29497,,번역서 1종 · 예: 海東野言,포함
이상문학상 대상작가의 자전적 에세이,편혜영,수필,,발표 시기 미상,https://library.ltikorea.or.kr/translatedbooks/29495,,번역서 1종 · 예: 僕は李箱から文学を学んだ,포함
카인의 후예,황순원,기타,,발표 시기 미상,https://library.ltikorea.or.kr/translatedbooks/29494,,번역서 4종 · 예: Die Nachfahren Kains,포함
희망이 외롭다,김승희,기타,,발표 시기 미상,https://library.ltikorea.or.kr/translatedbooks/29414,,번역서 2종 · 예: Hope is Lonely,포함
아름답고 쓸모없기를,김민정,기타,,발표 시기 미상,https://library.ltikorea.or.kr/translatedbooks/29355,,번역서 1종 · 예: Beautiful and Useless,포함
술탄과 황제,김형오,기타,,발표 시기 미상,https://library.ltikorea.or.kr/translatedbooks/29427,,번역서 1종 · 예: Sultan ve İmparator,포함
뜻밖의 바닐라,이혜미,기타,,발표 시기 미상,https://library.ltikorea.or.kr/translatedbooks/29422,,번역서 1종 · 예: Unexpected Vanilla,포함
이상 작품선집,이상,기타,,발표 시기 미상,https://library.ltikorea.or.kr/translatedbooks/29423,,번역서 2종 · 예: Yi Sang: Selected Works,포함
항아리,정호승,기타,,발표 시기 미상,https://library.ltikorea.or.kr/translatedbooks/29421,,번역서 3종 · 예: Lonesome Jar,포함
열아홉,앙꼬,기타,,발표 시기 미상,https://library.ltikorea.or.kr/translatedbooks/29418,,번역서 1종 · 예: Nineteen,포함
소설을 쓰자,김언,소설,,발표 시기 미상,https://library.ltikorea.or.kr/translatedbooks/29416,,번역서 1종 · 예: Напишу роман,포함
느낌은 멈추지 않는다,안주철,시,,발표 시기 미상,https://library.ltikorea.or.kr/translatedbooks/29412,,번역서 1종 · 예: Feeling Never Stops : A collection of new poems by Ahn Joo-cheol,포함
해피랜드,김해자,시,,발표 시기 미상,https://library.ltikorea.or.kr/translatedbooks/29413,,번역서 1종 · 예: HappyLand : A collection of new poems by Kim Hae-ja,포함
저스티스맨,도선우,기타,,발표 시기 미상,https://library.ltikorea.or.kr/translatedbooks/29415,,번역서 1종 · 예: Джастисмен,포함
원더보이,김연수,기타,,발표 시기 미상,https://library.ltikorea.or.kr/translatedbooks/29244,,번역서 3종 · 예: Mucize Cocuk,포함
소문의 벽,이청준,기타,,발표 시기 미상,https://library.ltikorea.or.kr/translatedbooks/29354,,번역서 1종 · 예: うわさの壁,포함
박상순 시선집,박상순,시,,발표 시기 미상,https://library.ltikorea.or.kr/translatedbooks/28429,,번역서 1종 · 예: Sale Existence,포함
함께 읽는 동아시아 근현대사,박태균,기타,,발표 시기 미상,https://library.ltikorea.or.kr/translatedbooks/29357,,번역서 1종 · 예: Một Góc Nhìn Đông Á cận Hiện Đại,포함
버클리풍의 사랑 노래,황동규,기타,,발표 시기 미상,https://library.ltikorea.or.kr/translatedbooks/29356,,번역서 1종 · 예: Berkeley’sches Liebeslied,포함
그 섬에 가고싶다,임철우,기타,,발표 시기 미상,https://library.ltikorea.or.kr/translatedbooks/29359,,번역서 3종 · 예: DIE KLEINE INSEL,포함
샤인,Jung,기타,,발표 시기 미상,https://library.ltikorea.or.kr/translatedbooks/29251,,번역서 1종 · 예: Shine,포함
한국문학단편선,공선옥,기타,,발표 시기 미상,https://library.ltikorea.or.kr/translatedbooks/410355,,번역서 1종 · 예: কোরিয়ার গল্প,포함
삼국사기 2,김부식,기타,,발표 시기 미상,https://library.ltikorea.or.kr/translatedbooks/29153,,번역서 1종 · 예: TAM QUỐC SỬ KÝ II,포함
검은 개가 온다,송시우,기타,,발표 시기 미상,https://library.ltikorea.or.kr/translatedbooks/29157,,번역서 1종 · 예: LE JOUR DU CHIEN NOIR,포함
조선 양반의 일생,안정훈,기타,,발표 시기 미상,https://library.ltikorea.or.kr/translatedbooks/29161,,번역서 1종 · 예: 朝鲜两班的一生,포함
아홉번째 파도,최은미,기타,,발표 시기 미상,https://library.ltikorea.or.kr/translatedbooks/29142,,번역서 1종 · 예: 第九の波,포함
실화 : (한국문학의 원류 단편선 3 (1939-1945)),이상,기타,,발표 시기 미상,https://library.ltikorea.or.kr/translatedbooks/29146,,번역서 1종 · 예: 失花 : (韓国文学の源流 短編選3),중복 제외 (앞 순위 출처에 있음)
완벽하지 않은 것들에 대한 사랑,혜민스님,기타,,발표 시기 미상,https://library.ltikorea.or.kr/translatedbooks/28951,,번역서 1종 · 예: Die Liebe zu den nicht perfekten Dingen,포함
푸른 수염의 첫 번째 아내,하성란,기타,,발표 시기 미상,https://library.ltikorea.or.kr/translatedbooks/28771,,번역서 1종 · 예: Bluebeard's First Wife,포함
어린 벗에게,이광수,기타,,발표 시기 미상,https://library.ltikorea.or.kr/translatedbooks/29086,,번역서 1종 · 예: رسائل إلى صديق شاب,중복 제외 (앞 순위 출처에 있음)
논 이야기·탈출기·할머니의 죽음,채만식,기타,,발표 시기 미상,https://library.ltikorea.or.kr/translatedbooks/29085,,번역서 1종 · 예: ثلاث قصص كورية,포함
맥,김남천,기타,,발표 시기 미상,https://library.ltikorea.or.kr/translatedbooks/29083,,번역서 3종 · 예: الشعير,중복 제외 (앞 순위 출처에 있음)
차남들의 세계사,이기호,기타,,발표 시기 미상,https://library.ltikorea.or.kr/translatedbooks/29090,,번역서 1종 · 예: 舎弟たちの世界史,포함
여름만 있는 계절에 네가 왔다,이영주,시,,발표 시기 미상,https://library.ltikorea.or.kr/translatedbooks/29053,,번역서 1종 · 예: You Arrived in the Season of Perennial Summer : New collection of new poems by Lee Young-ju,포함
마흔두 개의 초록,마종기,기타,,발표 시기 미상,https://library.ltikorea.or.kr/translatedbooks/29050,,번역서 1종 · 예: Forty Two Greens,포함
마트료시카 시침핀 연구회,유형진,시,,발표 시기 미상,https://library.ltikorea.or.kr/translatedbooks/29051,,번역서 1종 · 예: The Society for Studies in Matryoshka and Basting Pins : A collection of new poems by Yu Hyoung-Jin,포함
내 안에 잠든 엔진을 깨워라,이현순,기타,,발표 시기 미상,https://library.ltikorea.or.kr/translatedbooks/29020,,번역서 1종 · 예: Buckle Down,포함
동아시아문학지 56권 2014년 5월,김애란,기타,,발표 시기 미상,https://library.ltikorea.or.kr/translatedbooks/28931,,번역서 1종 · 예: Hefte Für ostasiatische Literatur 56,포함
동아시아문학지 58권 2015년 5월,윤대녕,기타,,발표 시기 미상,https://library.ltikorea.or.kr/translatedbooks/28933,,번역서 1종 · 예: Hefte Für Ostasiatische Literatur 58,포함
동아시아문학지 54권 2013년 5월,김애란,기타,,발표 시기 미상,https://library.ltikorea.or.kr/translatedbooks/28929,,번역서 1종 · 예: Hefte Für Ostasiatische Literatur 54,포함
동아시아 문학지 50권 2011년 5월:,Iucidum,기타,,발표 시기 미상,https://library.ltikorea.or.kr/translatedbooks/28934,,번역서 1종 · 예: Hefte Für Ostasiatische Literatur 50,포함
동아시아문학지 59권 2015년 11월,Iudicium,기타,,발표 시기 미상,https://library.ltikorea.or.kr/translatedbooks/28935,,번역서 1종 · 예: Hefte Für Ostasiatische Literatur 59,포함
동아시아 문학지 63권 2017년 11월:,윤성희,기타,,발표 시기 미상,https://library.ltikorea.or.kr/translatedbooks/28941,,번역서 1종 · 예: Hefte für Ostasiatische Literatur 63,포함
동아시아 문학지 61권 2016년 11월:,Iudicium,기타,,발표 시기 미상,https://library.ltikorea.or.kr/translatedbooks/28939,,번역서 1종 · 예: Hefte für Ostasiatische Literatur 61,포함
동아시아문학지 52권 2012년 5월 :,박성원,기타,,발표 시기 미상,https://library.ltikorea.or.kr/translatedbooks/28938,,번역서 1종 · 예: Hefte Für ostasiatische Literatur 52,포함
동아시아문학지 51권 2011년 11월 :,김용현,기타,,발표 시기 미상,https://library.ltikorea.or.kr/translatedbooks/28937,,번역서 1종 · 예: Hefte Für ostasiatische Literatur 51,포함
동아시아문학지 57권 2014년 11월,Iudicium,기타,,발표 시기 미상,https://library.ltikorea.or.kr/translatedbooks/28932,,번역서 1종 · 예: Hefte Für ostasiatische Literatur 57,포함
동아시아 문학지 46권 2009년 5월:,Iucidum,기타,,발표 시기 미상,https://library.ltikorea.or.kr/translatedbooks/28924,,번역서 1종 · 예: Hefte für Ostasiatische Literatur 46,포함
동아시아 문학지 44권 2008년 5월:,김성옥,기타,,발표 시기 미상,https://library.ltikorea.or.kr/translatedbooks/28923,,번역서 1종 · 예: Hefte für Ostasiatische Literatur 44,포함
동아시아 문학지 42권 2007년 5월:,천운영,기타,,발표 시기 미상,https://library.ltikorea.or.kr/translatedbooks/11480,,번역서 1종 · 예: Hefte für Ostasiatische Literatur 42,포함
동아시아문학지 53권 2012년 11월,김중혁,기타,,발표 시기 미상,https://library.ltikorea.or.kr/translatedbooks/28928,,번역서 1종 · 예: Hefte Für Ostasiatische Literatur 53,포함
동아시아 문학지 49권 2010년 11월:,이순원,기타,,발표 시기 미상,https://library.ltikorea.or.kr/translatedbooks/28927,,번역서 1종 · 예: Hefte Für Ostasiatische Literatur 49,포함
동아시아 문학지 47권 2009년 11월:,김연수,기타,,발표 시기 미상,https://library.ltikorea.or.kr/translatedbooks/415823,,번역서 1종 · 예: Hefte Für Ostasiatische Literatur 47,포함
동아시아 문학지 43권 2007년 11월:,김정혁,기타,,발표 시기 미상,https://library.ltikorea.or.kr/translatedbooks/28922,,번역서 1종 · 예: Hefte für Ostasiatische Literatur 43,포함
동아시아 문학지 48권 2010년 5월:,이상,기타,,발표 시기 미상,https://library.ltikorea.or.kr/translatedbooks/28926,,번역서 1종 · 예: Hefte für Ostasiatische Literatur 48,포함
만남,한무숙,기타,,발표 시기 미상,https://library.ltikorea.or.kr/translatedbooks/23172,,번역서 5종 · 예: 相会,포함
印刻文學生活誌 2月號/2020 第198期,김춘규,기타,,발표 시기 미상,https://library.ltikorea.or.kr/translatedbooks/28890,,"번역서 1종 · 예: INK Literary Montly No.198, February 2020",포함
Kŭmo sinhwa by Kim Sisŭp / 금오신화,김시습,소설,,발표 시기 미상,https://library.ltikorea.or.kr/translatedbooks/28888,,번역서 1종 · 예: Tales of the strange by a Korean Confucian monk,포함
문예 2020 秋,김성중,기타,,발표 시기 미상,https://library.ltikorea.or.kr/translatedbooks/28887,,번역서 1종 · 예: 文藝 2020 秋,포함
군함도,한수산,기타,,발표 시기 미상,https://library.ltikorea.or.kr/translatedbooks/28886,,번역서 1종 · 예: 軍艦島,포함
라 트라비아타의 초상,도진기,기타,,발표 시기 미상,https://library.ltikorea.or.kr/translatedbooks/28881,,번역서 1종 · 예: Le Portrait de La Traviata,포함
한국현대단편소설집: 그 남자네 집 외,박완서,단편소설,,발표 시기 미상,https://library.ltikorea.or.kr/translatedbooks/275,,"번역서 1종 · 예: Дом из прошлого, Рассказы современных корейских авторов",포함
퀴르발 남작의 성,최제훈,기타,,발표 시기 미상,https://library.ltikorea.or.kr/translatedbooks/28833,,번역서 1종 · 예: El castillo del barón Quirval y otros relatos,포함
창선감의록,최기숙,기타,,발표 시기 미상,https://library.ltikorea.or.kr/translatedbooks/28825,,번역서 1종 · 예: Une histoire fort morale,포함
소설판 한국 페미니즘 일본,조남주,소설,,발표 시기 미상,https://library.ltikorea.or.kr/translatedbooks/28780,,번역서 1종 · 예: 小説版 韓国・フェミニズム・日本,포함
오규원 시선집,오규원,시,,발표 시기 미상,https://library.ltikorea.or.kr/translatedbooks/28688,,번역서 1종 · 예: 呉圭原詩選集 私の頭の中まで入ってきた泥棒,포함
우리 모두의 정귀보,이장욱,기타,,발표 시기 미상,https://library.ltikorea.or.kr/translatedbooks/28672,,번역서 1종 · 예: 私たち皆のチョン・グィボ,포함
기타 부기 셔플,이진,기타,,발표 시기 미상,https://library.ltikorea.or.kr/translatedbooks/28618,,번역서 1종 · 예: ギター・ブギー・シャッフル,포함
사파에서,방현석,기타,,발표 시기 미상,https://library.ltikorea.or.kr/translatedbooks/28667,,번역서 1종 · 예: サパにて,포함
한국문학선집,은희경,기타,,발표 시기 미상,https://library.ltikorea.or.kr/translatedbooks/28703,,번역서 1종 · 예: สตรีผู้มีอาชีพเลี้ยงลูก,포함
해녀들,허영선,기타,,발표 시기 미상,https://library.ltikorea.or.kr/translatedbooks/28662,,번역서 1종 · 예: 海女たち―愛を抱かずしてどうして海に入られようか,포함
내 생의 알리바이,공선옥,기타,,발표 시기 미상,https://library.ltikorea.or.kr/translatedbooks/28671,,번역서 1종 · 예: 私の生のアリバイ,포함
풀밭 위의 돼지,김태용,기타,,발표 시기 미상,https://library.ltikorea.or.kr/translatedbooks/28698,,번역서 1종 · 예: Cochon sur gazon,포함
좁은 방,김홍모,기타,,발표 시기 미상,https://library.ltikorea.or.kr/translatedbooks/28701,,번역서 1종 · 예: Ma vie en prison,포함
천년의 왕국,김경욱,기타,,발표 시기 미상,https://library.ltikorea.or.kr/translatedbooks/28684,,번역서 1종 · 예: Vương Quốc Nghìn Năm,포함
보다,김영하,기타,,발표 시기 미상,https://library.ltikorea.or.kr/translatedbooks/28687,,번역서 1종 · 예: 見,포함
우리 마당으로 놀러와!,문영미,기타,,발표 시기 미상,https://library.ltikorea.or.kr/translatedbooks/28686,,번역서 1종 · 예: Hãy Đến Vườn Nhà Mình Chơi Nhé!,포함
붉은 세월,반디,시,,발표 시기 미상,https://library.ltikorea.or.kr/translatedbooks/28679,,번역서 1종 · 예: The Red Years: Forbidden Poems from Inside North Korea,포함
눈길,이청준,기타,,발표 시기 미상,https://library.ltikorea.or.kr/translatedbooks/28611,,번역서 3종 · 예: Schneeweg,포함
고래와 수증기,김경주,기타,,발표 시기 미상,https://library.ltikorea.or.kr/translatedbooks/28597,,번역서 1종 · 예: Whale and Vapor,포함
세한도 가는 길,유안진,기타,,발표 시기 미상,https://library.ltikorea.or.kr/translatedbooks/28594,,번역서 1종 · 예: As I Walk Alone,포함
달개비꽃 엄마,한승원,기타,,발표 시기 미상,https://library.ltikorea.or.kr/translatedbooks/28550,,번역서 1종 · 예: 月光色のチマ,포함
행복한 사람은 시계를 보지 않는다,은희경,기타,,발표 시기 미상,https://library.ltikorea.or.kr/translatedbooks/28575,,"번역서 4종 · 예: Wer glücklich ist, schaut nicht auf die Uhr",포함
neun Erzählungen / 장국영이 죽었다고?,김경욱,기타,,발표 시기 미상,https://library.ltikorea.or.kr/translatedbooks/28574,,번역서 1종 · 예: Was? Leslie Cheung ist tot?,포함
한국문학선집(1),이광수,기타,,발표 시기 미상,https://library.ltikorea.or.kr/translatedbooks/28491,,번역서 1종 · 예: 吹過星星的風：韓國小說大家經典代表作（戰前篇）,포함
기억을 잇다,소재원,기타,,발표 시기 미상,https://library.ltikorea.or.kr/translatedbooks/28507,,번역서 1종 · 예: 因為是父親，所以,포함
한국근대문학선집 2권,현진건 외,기타,,발표 시기 미상,https://library.ltikorea.or.kr/translatedbooks/406391,,번역서 1종 · 예: Storie dalla Corea : Un'antologia della letteratura coreana della prima metà del Novecento,포함
나비잠,김경주,기타,,발표 시기 미상,https://library.ltikorea.or.kr/translatedbooks/28493,,번역서 1종 · 예: Butterfly Sleep,포함
섬,정현종,시,,발표 시기 미상,https://library.ltikorea.or.kr/translatedbooks/28420,,번역서 1종 · 예: 島：收錄詩人畫作鄭玄宗詩選集,포함
고양이 학교 1부 3: 시작된 예언,정인순,기타,,발표 시기 미상,https://library.ltikorea.or.kr/translatedbooks/28443,,번역서 1종 · 예: Кошачья школа: Пророчество сбывается,포함
한국문학선집 1권,이인직,기타,,발표 시기 미상,https://library.ltikorea.or.kr/translatedbooks/28446,,번역서 1종 · 예: Hợp Tuyển Văn Học Hàn Quốc - Tập 1,포함
마당씨의 식탁,홍연식,기타,,발표 시기 미상,https://library.ltikorea.or.kr/translatedbooks/28426,,번역서 1종 · 예: Umma''s Table,포함
귀신고래,김일광,기타,,발표 시기 미상,https://library.ltikorea.or.kr/translatedbooks/28437,,번역서 1종 · 예: Ballena gris,포함
한국시선,고은,기타,,발표 시기 미상,https://library.ltikorea.or.kr/translatedbooks/28439,,번역서 1종 · 예: কোরিয়ার কবিতা,포함
"한국문화, 한눈에 보인다",유신신,기타,,발표 시기 미상,https://library.ltikorea.or.kr/translatedbooks/28432,,번역서 1종 · 예: 韓國文化巡禮,포함
옛 여인에 빠지다,조혜란,기타,,발표 시기 미상,https://library.ltikorea.or.kr/translatedbooks/28438,,번역서 2종 · 예: Donne di Chosŏn. Da Ch''unhyang a Hyang-Rang,포함
밤은 노래한다,김연수,기타,,발표 시기 미상,https://library.ltikorea.or.kr/translatedbooks/28441,,번역서 1종 · 예: 夜は歌う,포함
소금,강경애,기타,,발표 시기 미상,https://library.ltikorea.or.kr/translatedbooks/28433,,번역서 1종 · 예: ملح,중복 제외 (앞 순위 출처에 있음)
흑산,김훈,기타,,발표 시기 미상,https://library.ltikorea.or.kr/translatedbooks/28416,,번역서 1종 · 예: 黒山,포함
신에게는 손자가 없다,김경욱,기타,,발표 시기 미상,https://library.ltikorea.or.kr/translatedbooks/28399,,번역서 1종 · 예: God Has No Grandchildren,포함
한국 페미니즘과 우리,이민경,기타,,발표 시기 미상,https://library.ltikorea.or.kr/translatedbooks/28393,,번역서 1종 · 예: 韓国フェミニズムと私たち,포함
우리에겐 언어가 필요 하다 : 입이 트이는 페미니즘,이민경,기타,,발표 시기 미상,https://library.ltikorea.or.kr/translatedbooks/28395,,번역서 1종 · 예: 私たちにはことばが必要だ : フェミニストは黙らない,포함
완전판 한국·페미니즘·일본,조남주,기타,,발표 시기 미상,https://library.ltikorea.or.kr/translatedbooks/28390,,번역서 1종 · 예: 完全版 韓国・フェミニズム・日本,포함
더블 side B,박민규,기타,,발표 시기 미상,https://library.ltikorea.or.kr/translatedbooks/28351,,번역서 1종 · 예: ダブル サイドB,포함
한국문학선집,최정희,기타,,발표 시기 미상,https://library.ltikorea.or.kr/translatedbooks/28352,,"번역서 1종 · 예: Солонгос өгүүллэг, тууж",포함
한국 최초의 페미니스트 작가들,김명순 외 지음,기타,,발표 시기 미상,https://library.ltikorea.or.kr/translatedbooks/28348,,번역서 1종 · 예: ¿Por qué te empeñas en sufrir así?,포함
강물에 떠내려가는 7인의 사무라이,정영문,기타,,발표 시기 미상,https://library.ltikorea.or.kr/translatedbooks/28346,,번역서 1종 · 예: Seven Samurai Swept Away in a River,포함
더블 side A,박민규,기타,,발표 시기 미상,https://library.ltikorea.or.kr/translatedbooks/28345,,번역서 1종 · 예: ダブル サイドA,포함
Book of the White Day,알렉산드르 강,기타,,발표 시기 미상,https://library.ltikorea.or.kr/translatedbooks/28347,,번역서 1종 · 예: Книга Белого Дня,포함
히말라야 시편,고은,시,,발표 시기 미상,https://library.ltikorea.or.kr/translatedbooks/28220,,번역서 2종 · 예: قصائد الهيمالايا,포함
작가,천운영 외,기타,,발표 시기 미상,https://library.ltikorea.or.kr/translatedbooks/28222,,번역서 1종 · 예: 作家 : 总第606 期2019,포함
작가,조남주 외,기타,,발표 시기 미상,https://library.ltikorea.or.kr/translatedbooks/28223,,번역서 1종 · 예: 作家 : 总第607 期2019,포함
작가,정이현,기타,,발표 시기 미상,https://library.ltikorea.or.kr/translatedbooks/28224,,번역서 1종 · 예: 作家 : 总第610 期2019,포함
하늘 우체국,김수복,기타,,발표 시기 미상,https://library.ltikorea.or.kr/translatedbooks/28185,,번역서 1종 · 예: Casa de correos celestial,포함
해를 오래 바라보았다,이영광,기타,,발표 시기 미상,https://library.ltikorea.or.kr/translatedbooks/28186,,번역서 1종 · 예: I Gave the Sun a Long Look,포함
유령시인,김중일,기타,,발표 시기 미상,https://library.ltikorea.or.kr/translatedbooks/28187,,번역서 1종 · 예: A Ghost Poet,포함
옆집의 영희 씨,정소연,기타,,발표 시기 미상,https://library.ltikorea.or.kr/translatedbooks/28168,,번역서 1종 · 예: となりのヨンヒさん,포함
금지된 정원,김다은,기타,,발표 시기 미상,https://library.ltikorea.or.kr/translatedbooks/28170,,번역서 1종 · 예: Le Jardin Interdit,포함
성수동,서울역사박물관,기타,,발표 시기 미상,https://library.ltikorea.or.kr/translatedbooks/28153,,번역서 1종 · 예: Seongsu-dong,포함
고전통변,노관범,기타,,발표 시기 미상,https://library.ltikorea.or.kr/translatedbooks/28155,,번역서 1종 · 예: Klasické korejské písemnictví v proměnách doby,포함
초록몽,김신지,기타,,발표 시기 미상,https://library.ltikorea.or.kr/translatedbooks/28140,,번역서 1종 · 예: Giada,포함
평양미술 : 조선화 너는 누구냐,문범강,기타,,발표 시기 미상,https://library.ltikorea.or.kr/translatedbooks/28145,,번역서 1종 · 예: North Korean Art : The Enigmatic World of Chosonhwa,포함
한눈에 보는 청자,권소현,기타,,발표 시기 미상,https://library.ltikorea.or.kr/translatedbooks/28144,,번역서 1종 · 예: Cheongja : Korean Traditional Celadon,포함
한눈에 보는 옻칠,김미라,기타,,발표 시기 미상,https://library.ltikorea.or.kr/translatedbooks/28143,,번역서 1종 · 예: Ottchil : Korean Traditional Lacquer,포함
변시지,서종택,기타,,발표 시기 미상,https://library.ltikorea.or.kr/translatedbooks/28141,,번역서 1종 · 예: Byun Shiji : A Painter of Storms,포함
북촌,서울역사박물관,기타,,발표 시기 미상,https://library.ltikorea.or.kr/translatedbooks/28147,,번역서 1종 · 예: Bukchon,포함
나는 이제 니가 지겨워,배수아,기타,,발표 시기 미상,https://library.ltikorea.or.kr/translatedbooks/28157,,번역서 1종 · 예: M-am săturat de tine,포함
한눈에 보는 매듭,김시재,기타,,발표 시기 미상,https://library.ltikorea.or.kr/translatedbooks/28151,,번역서 1종 · 예: Maedeup : Korean Traditional Decorative Knotting,포함
지상에서의 며칠,나태주,기타,,발표 시기 미상,https://library.ltikorea.or.kr/translatedbooks/28148,,번역서 1종 · 예: A Few Days on Earth,포함
남대문시장,서울역사박물관,기타,,발표 시기 미상,https://library.ltikorea.or.kr/translatedbooks/28154,,번역서 1종 · 예: Namdaemun Market,포함
한눈에 보는 입사,최응천,기타,,발표 시기 미상,https://library.ltikorea.or.kr/translatedbooks/28150,,번역서 1종 · 예: Ipsa : Korean Traditional Silver or Gold Inlaying,포함
완전판 토지 9권,박경리,기타,,발표 시기 미상,https://library.ltikorea.or.kr/translatedbooks/404195,,번역서 1종 · 예: 完全版 土地. 9卷,포함
완전판 토지 10권,박경리,기타,,발표 시기 미상,https://library.ltikorea.or.kr/translatedbooks/404194,,번역서 1종 · 예: 完全版 土地. 10卷,포함
김영랑 시집,김영랑,시,,발표 시기 미상,https://library.ltikorea.or.kr/translatedbooks/28133,,번역서 2종 · 예: 金永郎詩集,포함
규방가사,작자미상,기타,,발표 시기 미상,https://library.ltikorea.or.kr/translatedbooks/28135,,번역서 1종 · 예: Obras de mujeres en la dinastia Choson : Kasa de alcoba,포함
한국여성시전집,김혜순,기타,,발표 시기 미상,https://library.ltikorea.or.kr/translatedbooks/28132,,번역서 1종 · 예: Against Healing,포함
1 / 우리가 정말 알아야 할 우리 옛이야기 백가지,서정오,소설,,발표 시기 미상,https://library.ltikorea.or.kr/translatedbooks/28075,,번역서 1종 · 예: 100 старинных корейских историй том,포함
현진건 단편선,현진건,기타,,발표 시기 미상,https://library.ltikorea.or.kr/translatedbooks/28077,,번역서 1종 · 예: Удачный день: сборник рассказов - Хён Чжингон,포함
한국문학선집,박민규,기타,,발표 시기 미상,https://library.ltikorea.or.kr/translatedbooks/28050,,번역서 1종 · 예: POTONGAN TUBUH,포함
고양이 학교 1: 수정동굴의 비밀,김진경,기타,,발표 시기 미상,https://library.ltikorea.or.kr/translatedbooks/28048,,번역서 1종 · 예: Кошачья школа: Тайна хрустальной пещеры,포함
고요한 사건,백수린,기타,,발표 시기 미상,https://library.ltikorea.or.kr/translatedbooks/408600,,번역서 1종 · 예: 静かな事件,포함
후설,김지영,기타,,발표 시기 미상,https://library.ltikorea.or.kr/translatedbooks/28052,,번역서 1종 · 예: The King''s Mouthpiece,포함
조선후기 서울 상업 발달사 연구,고동환,기타,,발표 시기 미상,https://library.ltikorea.or.kr/translatedbooks/27986,,번역서 1종 · 예: 朝鮮後期ソウル商業発達史研究,포함
소원,소재원,기타,,발표 시기 미상,https://library.ltikorea.or.kr/translatedbooks/27979,,번역서 1종 · 예: 為愛重生：找尋希望的翅膀,포함
조지훈 전집,조지훈,기타,,발표 시기 미상,https://library.ltikorea.or.kr/translatedbooks/27980,,번역서 1종 · 예: Shedding of the Petals,포함
저녁의 구애,편혜영,기타,,발표 시기 미상,https://library.ltikorea.or.kr/translatedbooks/27981,,번역서 1종 · 예: モンスーン,포함
남훈태평가,작자미상,기타,,발표 시기 미상,https://library.ltikorea.or.kr/translatedbooks/27985,,번역서 1종 · 예: Песни великого спокойствия при южном ветре,포함
대화,리영희,기타,,발표 시기 미상,https://library.ltikorea.or.kr/translatedbooks/27968,,번역서 1종 · 예: 対話 韓国民主化運動の歴史,포함
1 / 불의 지배자 두룬,김정란,기타,,발표 시기 미상,https://library.ltikorea.or.kr/translatedbooks/27964,,번역서 1종 · 예: Tu-Run,포함
자수견본집,김정환,기타,,발표 시기 미상,https://library.ltikorea.or.kr/translatedbooks/27877,,번역서 1종 · 예: An embroidery sampler,포함
동아시아 문학지,황동규 외,기타,,발표 시기 미상,https://library.ltikorea.or.kr/translatedbooks/27882,,번역서 1종 · 예: Hefte fur ostasiatische Literatur 66,포함
저녁의 고래,정일근,기타,,발표 시기 미상,https://library.ltikorea.or.kr/translatedbooks/27878,,번역서 1종 · 예: Evening of the Whale,포함
한밤중의 작은 풍경,김승옥,기타,,발표 시기 미상,https://library.ltikorea.or.kr/translatedbooks/27695,,번역서 1종 · 예: Зарисовки ночной жизни,포함
손,강화길,기타,,발표 시기 미상,https://library.ltikorea.or.kr/translatedbooks/27696,,번역서 1종 · 예: Demons,포함
퇴역 레슬러,전성태,기타,,발표 시기 미상,https://library.ltikorea.or.kr/translatedbooks/27704,,번역서 1종 · 예: Old Wrestler,포함
"왼쪽의 오른쪽, 오른쪽의 왼쪽",한유주,기타,,발표 시기 미상,https://library.ltikorea.or.kr/translatedbooks/27703,,"번역서 1종 · 예: Left''s Right, Right''s Left",포함
"밀레나, 밀레나, 황홀한",배수아,기타,,발표 시기 미상,https://library.ltikorea.or.kr/translatedbooks/27702,,"번역서 1종 · 예: Milena, Milena, Ecstatic",포함
"다섯 개의 프렐류드, 그리고 푸가",천희란,기타,,발표 시기 미상,https://library.ltikorea.or.kr/translatedbooks/27701,,번역서 1종 · 예: Five Preludes & A Fugue,포함
에우로파,한강,기타,,발표 시기 미상,https://library.ltikorea.or.kr/translatedbooks/27700,,번역서 1종 · 예: Europa,포함
(1-20세기) 한국시가 앤솔로지,김소월,기타,,발표 시기 미상,https://library.ltikorea.or.kr/translatedbooks/27698,,번역서 1종 · 예: Антологія корейської поезії (I ст. до н.е. - XX ст.),포함
이혼,김숨,기타,,발표 시기 미상,https://library.ltikorea.or.kr/translatedbooks/27699,,번역서 1종 · 예: Divorce,포함
직녀에게 1980년 5월 광주,문병란,시,,발표 시기 미상,https://library.ltikorea.or.kr/translatedbooks/27678,,번역서 1종 · 예: 織女へ・一九八〇年五月光州ほか―文炳蘭詩集,포함
내가 사랑하는 사람,정호승,기타,,발표 시기 미상,https://library.ltikorea.or.kr/translatedbooks/27689,,번역서 1종 · 예: Тийм л хүнд би хайртай,포함
을화,김동리,장편소설,,발표 시기 미상,https://library.ltikorea.or.kr/translatedbooks/27687,,"번역서 6종 · 예: ULHVA, ŠAMANKA",포함
리진 1,신경숙,기타,,발표 시기 미상,https://library.ltikorea.or.kr/translatedbooks/27686,,번역서 1종 · 예: Hovitanssija,포함
幼少年期の記憶から : 「クレメンタインの歌」ほか文集 (2),김시종,기타,,발표 시기 미상,https://library.ltikorea.or.kr/translatedbooks/27672,,번역서 1종 · 예: 幼少年期の記憶から : 「クレメンタインの歌」ほか文集 (2),포함
문예 2019 秋,이랑,기타,,발표 시기 미상,https://library.ltikorea.or.kr/translatedbooks/27685,,번역서 1종 · 예: 文藝 2019 秋,포함
칼과 혀,권정현,기타,,발표 시기 미상,https://library.ltikorea.or.kr/translatedbooks/27684,,번역서 1종 · 예: LA LANGUE ET LE COUTEAU,포함
오감도,이상,시,,발표 시기 미상,https://library.ltikorea.or.kr/translatedbooks/27679,,번역서 3종 · 예: Plan à vol de corbeau,중복 제외 (앞 순위 출처에 있음)
영원한 제국,이인화,기타,,발표 시기 미상,https://library.ltikorea.or.kr/translatedbooks/27683,,번역서 2종 · 예: Imperiul fără de sfârșit,포함
취우,염상섭,기타,,발표 시기 미상,https://library.ltikorea.or.kr/translatedbooks/27681,,번역서 1종 · 예: 驟雨,포함
표백,장강명,기타,,발표 시기 미상,https://library.ltikorea.or.kr/translatedbooks/27680,,번역서 1종 · 예: Génération B,포함
트라우마 문학관: 잔혹해서 더 잊을 수 없는 12개의 이야기,이청준,기타,,발표 시기 미상,https://library.ltikorea.or.kr/translatedbooks/27394,,번역서 1종 · 예: トラウマ文学館: ひどすぎるけど無視できない12の物語,포함
절망서점: 꿈을 포기한 9인이 만난 이야기,권여선,기타,,발표 시기 미상,https://library.ltikorea.or.kr/translatedbooks/27395,,번역서 1종 · 예: 絶望書店: 夢をあきらめた９人が出会った物語,포함
HỢP TUYỂN VĂN HỌC CỔ ĐIỂN HÀN QUỐC. 2.,전혜경,기타,,발표 시기 미상,https://library.ltikorea.or.kr/translatedbooks/27616,,번역서 1종 · 예: HỢP TUYỂN VĂN HỌC CỔ ĐIỂN HÀN QUỐC. 2.,포함
HỢP TUYỂN VĂN HỌC CỔ ĐIỂN HÀN QUỐC. 1.,전혜경,기타,,발표 시기 미상,https://library.ltikorea.or.kr/translatedbooks/27615,,번역서 1종 · 예: HỢP TUYỂN VĂN HỌC CỔ ĐIỂN HÀN QUỐC. 1.,포함
GIÁO TRÌNH VĂN HỌC HÀN QUỐC,Phan Thị Thu Hiền,기타,,발표 시기 미상,https://library.ltikorea.or.kr/translatedbooks/27614,,번역서 1종 · 예: GIÁO TRÌNH VĂN HỌC HÀN QUỐC,포함
순례자의 책,김이경,기타,,발표 시기 미상,https://library.ltikorea.or.kr/translatedbooks/27613,,번역서 1종 · 예: 活著的圖書館,포함
참담한 빛,백수린,기타,,발표 시기 미상,https://library.ltikorea.or.kr/translatedbooks/27606,,번역서 1종 · 예: 惨憺たる光,포함
하성란 단편집,하성란,단편소설,,발표 시기 미상,https://library.ltikorea.or.kr/translatedbooks/27611,,번역서 1종 · 예: Flowers of Mold,포함
블러드 시스터즈,김이듬,기타,,발표 시기 미상,https://library.ltikorea.or.kr/translatedbooks/27610,,번역서 1종 · 예: Blood Sisters,포함
퀴즈쇼,김영하,기타,,발표 시기 미상,https://library.ltikorea.or.kr/translatedbooks/27608,,번역서 4종 · 예: 猜迷秀,포함
토끼전 2020,박덕규,기타,,발표 시기 미상,https://library.ltikorea.or.kr/translatedbooks/27609,,번역서 1종 · 예: The Rabbit''s Tale 2020,포함
아득한 성자,조오현,기타,,발표 시기 미상,https://library.ltikorea.or.kr/translatedbooks/27581,,번역서 1종 · 예: قِدِّيسٌ يُحَلقُ بَعيدًا,포함
ألف حياة وحياة,고은,기타,,발표 시기 미상,https://library.ltikorea.or.kr/translatedbooks/27588,,번역서 1종 · 예: ألف حياة وحياة,포함
흔적 없이 나는 새,수불,기타,,발표 시기 미상,https://library.ltikorea.or.kr/translatedbooks/27589,,번역서 1종 · 예: A BIRD IN FLIGHT LEAVES NO TRACE,포함
고맙다 줄기세포,라정찬,기타,,발표 시기 미상,https://library.ltikorea.or.kr/translatedbooks/27577,,번역서 1종 · 예: عطايا الخلايا الجذعية | قصة العلم واليقين,포함
바리연가집,강은교,기타,,발표 시기 미상,https://library.ltikorea.or.kr/translatedbooks/27582,,번역서 1종 · 예: Bari''s Love Song,포함
Readymade Bodhisattva,문윤성,기타,,발표 시기 미상,https://library.ltikorea.or.kr/translatedbooks/27583,,번역서 1종 · 예: Readymade Bodhisattva,포함
노랑무늬 영원,한강,기타,,발표 시기 미상,https://library.ltikorea.or.kr/translatedbooks/27578,,번역서 1종 · 예: 回復する人間,포함
작가,권지예 외,기타,,발표 시기 미상,https://library.ltikorea.or.kr/translatedbooks/27540,,번역서 1종 · 예: 作家 : 总第604 期2019,포함
East goes West,강용흘,기타,,발표 시기 미상,https://library.ltikorea.or.kr/translatedbooks/27521,,번역서 1종 · 예: East goes West,포함
똥딱기 똥딱,김지하,희곡,,발표 시기 미상,https://library.ltikorea.or.kr/translatedbooks/27494,,번역서 1종 · 예: Théâtre de résistance (1970-1974),포함
모랫말 아이들,황석영,기타,,발표 시기 미상,https://library.ltikorea.or.kr/translatedbooks/27491,,번역서 1종 · 예: モレ村の子どもたち,포함
태양의 폭포,고형렬,기타,,발표 시기 미상,https://library.ltikorea.or.kr/translatedbooks/27420,,번역서 1종 · 예: Thác mặt trời,포함
미니멀 투어 스토리 만들기,김주연,기타,,발표 시기 미상,https://library.ltikorea.or.kr/translatedbooks/27463,,번역서 1종 · 예: МИНИМАЛ АЯЛАЛ,포함
위험한 독서,김경욱,기타,,발표 시기 미상,https://library.ltikorea.or.kr/translatedbooks/27465,,번역서 1종 · 예: Lecturas Peligrosas,포함
(고교생이 알아야 할) 한국인의 의식구조,이규태,기타,,발표 시기 미상,https://library.ltikorea.or.kr/translatedbooks/27464,,번역서 1종 · 예: 韓国人のこころとくらし,포함
속 어우야담,유몽인,기타,,발표 시기 미상,https://library.ltikorea.or.kr/translatedbooks/27467,,번역서 1종 · 예: 続於于野譚,포함
아젤리아,공선옥,기타,,발표 시기 미상,https://library.ltikorea.or.kr/translatedbooks/27459,,번역서 1종 · 예: AZALEA (Journal of Korean Literature & Culture),포함
요즘 우울하십니까?,김언희,기타,,발표 시기 미상,https://library.ltikorea.or.kr/translatedbooks/27424,,번역서 1종 · 예: Have You Been Feeling Blue These Days?,포함
"세상을 담은 그림, 지도",김향금,기타,,발표 시기 미상,https://library.ltikorea.or.kr/translatedbooks/27419,,번역서 1종 · 예: Världen i kartan,포함
현남 오빠에게,최은영,기타,,발표 시기 미상,https://library.ltikorea.or.kr/translatedbooks/27415,,번역서 1종 · 예: ヒョンナムオッパへ,포함
가만히 좋아하는,김사인,기타,,발표 시기 미상,https://library.ltikorea.or.kr/translatedbooks/27418,,번역서 1종 · 예: Liking in Silence,포함
지상의 노래,이승우,기타,,발표 시기 미상,https://library.ltikorea.or.kr/translatedbooks/27408,,번역서 2종 · 예: Pieśń ziemi,포함
경영은 사람이다,이병남,기타,,발표 시기 미상,https://library.ltikorea.or.kr/translatedbooks/27406,,번역서 1종 · 예: 经营在人,포함
"동아시아, 해양과 대륙이 맞서다",김시덕,기타,,발표 시기 미상,https://library.ltikorea.or.kr/translatedbooks/27386,,번역서 1종 · 예: 不平靜的半島：海洋與大陸勢力的五百年競逐,포함
고구려 건국사,김기흥,기타,,발표 시기 미상,https://library.ltikorea.or.kr/translatedbooks/27387,,번역서 2종 · 예: 高句麗建国物語,포함
조선사회 이렇게 본다,유신신,기타,,발표 시기 미상,https://library.ltikorea.or.kr/translatedbooks/27393,,번역서 1종 · 예: 朝鮮王朝面面觀,포함
타는 목마름으로,김지하,기타,,발표 시기 미상,https://library.ltikorea.or.kr/translatedbooks/27396,,번역서 3종 · 예: Yakıcı Susuzlukla,포함
"심청, 연꽃의 길",황석영,기타,,발표 시기 미상,https://library.ltikorea.or.kr/translatedbooks/27379,,번역서 1종 · 예: Die Lotos Blüte,포함
북간도,안수길,기타,,발표 시기 미상,https://library.ltikorea.or.kr/translatedbooks/27389,,번역서 1종 · 예: Buk Gan Do,포함
껌,김기택,기타,,발표 시기 미상,https://library.ltikorea.or.kr/translatedbooks/27392,,번역서 2종 · 예: Chiclete,포함
모두 깜언,김중미,기타,,발표 시기 미상,https://library.ltikorea.or.kr/translatedbooks/27346,,번역서 1종 · 예: Cảm ơn tất cả,포함
고요함의 그늘에서,김후란,기타,,발표 시기 미상,https://library.ltikorea.or.kr/translatedbooks/27347,,번역서 1종 · 예: Im Schatten der Stille,포함
몽유도원도,최인호,기타,,발표 시기 미상,https://library.ltikorea.or.kr/translatedbooks/27330,,번역서 2종 · 예: Прогулка во сне по персиковому саду,포함
라오라오가 좋아,구경미,기타,,발표 시기 미상,https://library.ltikorea.or.kr/translatedbooks/27329,,번역서 1종 · 예: 我爱劳劳,포함
도시는 무엇으로 이루어지는가,박성원,기타,,발표 시기 미상,https://library.ltikorea.or.kr/translatedbooks/27331,,번역서 2종 · 예: What Makes a City,포함
풍장,황동규,기타,,발표 시기 미상,https://library.ltikorea.or.kr/translatedbooks/27337,,번역서 1종 · 예: Windbestattung,포함
마네킹,최윤,기타,,발표 시기 미상,https://library.ltikorea.or.kr/translatedbooks/27334,,번역서 3종 · 예: Manken,포함
청구야담,김경진,기타,,발표 시기 미상,https://library.ltikorea.or.kr/translatedbooks/27267,,번역서 1종 · 예: 青邱野譚,포함
백가면,김내성,기타,,발표 시기 미상,https://library.ltikorea.or.kr/translatedbooks/27265,,번역서 1종 · 예: 白仮面,중복 제외 (앞 순위 출처에 있음)
한국테마 문학 선집: 한국의 마실거리,김주영 외,기타,,발표 시기 미상,https://library.ltikorea.or.kr/translatedbooks/27264,,번역서 1종 · 예: Boire cent façons : La Corée par ses textes,포함
"아, 입이 없는 것들",이성복,기타,,발표 시기 미상,https://library.ltikorea.or.kr/translatedbooks/27262,,"번역서 3종 · 예: А, у вас нет рта",포함
한국무신도,김태곤,기타,,발표 시기 미상,https://library.ltikorea.or.kr/translatedbooks/27130,,번역서 1종 · 예: The Paintings of Korean Shaman Gods,포함
새벽의 나나,박형서,기타,,발표 시기 미상,https://library.ltikorea.or.kr/translatedbooks/27123,,번역서 2종 · 예: Nana im Morgengrauen,포함
은세계 외,이인직,단편소설,,발표 시기 미상,https://library.ltikorea.or.kr/translatedbooks/27116,,번역서 1종 · 예: Silvery World and Other Stories,포함
고등어,공지영,기타,,발표 시기 미상,https://library.ltikorea.or.kr/translatedbooks/27110,,번역서 3종 · 예: Скумбрия,포함
또 누구게?,최정선,기타,,발표 시기 미상,https://library.ltikorea.or.kr/translatedbooks/27065,,번역서 1종 · 예: 又是誰呀？,포함
한밤중에 잠깨어,정약용,시,,발표 시기 미상,https://library.ltikorea.or.kr/translatedbooks/27066,,번역서 1종 · 예: Réveillé au milieu de la nuit : Poèmes d’exil,포함
알루미늄 오이,강병융,기타,,발표 시기 미상,https://library.ltikorea.or.kr/translatedbooks/27016,,번역서 1종 · 예: Pepino de Aluminio,포함
곡산의 솔바람 소리,강선봉,기타,,발표 시기 미상,https://library.ltikorea.or.kr/translatedbooks/27018,,번역서 1종 · 예: 小鹿島の松籟,포함
인현왕후,정은임,기타,,발표 시기 미상,https://library.ltikorea.or.kr/translatedbooks/27009,,번역서 1종 · 예: Hoàng hậu Inhyeon Truyện,포함
오적,김지하,기타,,발표 시기 미상,https://library.ltikorea.or.kr/translatedbooks/26896,,번역서 2종 · 예: Os cinco bandidos,포함
한국 신화의 연구,서대석,소설,,발표 시기 미상,https://library.ltikorea.or.kr/translatedbooks/26985,,번역서 1종 · 예: 韩国神话研究,포함
여덟 번째 방,김미월,기타,,발표 시기 미상,https://library.ltikorea.or.kr/translatedbooks/26932,,번역서 2종 · 예: Восьмая комната,포함
소풍,전성태,기타,,발표 시기 미상,https://library.ltikorea.or.kr/translatedbooks/406064,,번역서 1종 · 예: 遠足,포함
조웅전,작자미상,기타,,발표 시기 미상,https://library.ltikorea.or.kr/translatedbooks/26933,,번역서 1종 · 예: The Tale Of CHO UNG,중복 제외 (앞 순위 출처에 있음)
그 여름의 수사,하성란,기타,,발표 시기 미상,https://library.ltikorea.or.kr/translatedbooks/26927,,번역서 1종 · 예: あの夏の修辞法,포함
도둑을 잡아라,박정섭,기타,,발표 시기 미상,https://library.ltikorea.or.kr/translatedbooks/26902,,번역서 1종 · 예: 一起抓小偷！,포함
세계화 시대의 판소리와 창극,최기숙,기타,,발표 시기 미상,https://library.ltikorea.or.kr/translatedbooks/26866,,번역서 1종 · 예: Bonjour Pansori !,포함
미나,김사과,기타,,발표 시기 미상,https://library.ltikorea.or.kr/translatedbooks/26814,,번역서 2종 · 예: mina,포함
늑대는 눈알부터 자란다,김경주,기타,,발표 시기 미상,https://library.ltikorea.or.kr/translatedbooks/26813,,번역서 1종 · 예: Bred from the Eyes of a Wolf,포함
병 속의 바다,최동호,기타,,발표 시기 미상,https://library.ltikorea.or.kr/translatedbooks/26812,,번역서 1종 · 예: Море в бутылке,포함
사지를 넘어 귀향까지 : 일제 강제 징용 수기,이상업,기타,,발표 시기 미상,https://library.ltikorea.or.kr/translatedbooks/25122,,번역서 1종 · 예: 死地を越え歸鄕まで,포함
뭐냐 : 고은 시선집,고은,시,,발표 시기 미상,https://library.ltikorea.or.kr/translatedbooks/26606,,번역서 2종 · 예: Hva,포함
한국의 문화유산,최정호,기타,,발표 시기 미상,https://library.ltikorea.or.kr/translatedbooks/26801,,번역서 1종 · 예: 韓国の文化遺産巡礼,포함
그 산이 정말 거기에 있었을까?,박완서,기타,,발표 시기 미상,https://library.ltikorea.or.kr/translatedbooks/26714,,번역서 1종 · 예: ДЕЙСТВИТЕЛЬНО ЛИ БЫЛА ТА ГОРА?,포함
The Hole (Lubang) : 홀,편혜영,기타,,발표 시기 미상,https://library.ltikorea.or.kr/translatedbooks/26798,,번역서 1종 · 예: The Hole (Lubang) : 홀,포함
수치,전수찬,기타,,발표 시기 미상,https://library.ltikorea.or.kr/translatedbooks/26730,,번역서 1종 · 예: 羞恥,포함
비울수록 가득하네,정목,기타,,발표 시기 미상,https://library.ltikorea.or.kr/translatedbooks/26731,,번역서 1종 · 예: Chemins de méditation,포함
나는 빅또르 최다,강병융,기타,,발표 시기 미상,https://library.ltikorea.or.kr/translatedbooks/26739,,번역서 1종 · 예: Я - Виктор Цой,포함
문,이지현,기타,,발표 시기 미상,https://library.ltikorea.or.kr/translatedbooks/26728,,번역서 1종 · 예: La Porta,포함
안상학 시선,안상학,시,,발표 시기 미상,https://library.ltikorea.or.kr/translatedbooks/26712,,번역서 1종 · 예: Poems by Ahn Sang-Hak,포함
박정대시집 : 체게바라만세,박정대,시,,발표 시기 미상,https://library.ltikorea.or.kr/translatedbooks/25352,,번역서 1종 · 예: 朴正大詩集 : チェ・ゲバラ万歳,포함
김현 시선,김현,시,,발표 시기 미상,https://library.ltikorea.or.kr/translatedbooks/26711,,번역서 1종 · 예: Poems by Kim Hyun,포함
벽공무한,이효석,기타,,발표 시기 미상,https://library.ltikorea.or.kr/translatedbooks/26705,,번역서 1종 · 예: ENDLESS BLUE SKY,중복 제외 (앞 순위 출처에 있음)
아젤리아 [Ajellia],이영준,기타,,발표 시기 미상,https://library.ltikorea.or.kr/translatedbooks/26704,,번역서 1종 · 예: Azalea (Journal of Korean Literature & Culture): Volume Eleven,포함
한국 고전 시선집,정철,시,,발표 시기 미상,https://library.ltikorea.or.kr/translatedbooks/25823,,번역서 1종 · 예: Корейская классическая поэзия,포함
어느날 아침,이진희,기타,,발표 시기 미상,https://library.ltikorea.or.kr/translatedbooks/26624,,번역서 1종 · 예: 某天早晨,포함
구비문학개설,장덕순,기타,,발표 시기 미상,https://library.ltikorea.or.kr/translatedbooks/26682,,번역서 1종 · 예: 口碑文学概论,포함
승효상도큐먼트,승효상,기타,,발표 시기 미상,https://library.ltikorea.or.kr/translatedbooks/26623,,번역서 1종 · 예: 承孝相建筑档案,포함
새벽 세 시의 사자 한 마리,남진우,기타,,발표 시기 미상,https://library.ltikorea.or.kr/translatedbooks/26634,,번역서 1종 · 예: A LION AT THREE IN THE MORNING,포함
황동규 시선집-삶을 살아낸다는 건,황동규,시,,발표 시기 미상,https://library.ltikorea.or.kr/translatedbooks/26639,,번역서 1종 · 예: АМЬДАРНА ГЭДЭГ НЬ,포함
어떤 작위의 세계,정영문,기타,,발표 시기 미상,https://library.ltikorea.or.kr/translatedbooks/26640,,번역서 2종 · 예: Un monde dénaturé,포함
시간의 쪽배,오세영,기타,,발표 시기 미상,https://library.ltikorea.or.kr/translatedbooks/26637,,번역서 1종 · 예: 时光扁舟,포함
열하일기,박지원,기타,,발표 시기 미상,https://library.ltikorea.or.kr/translatedbooks/26638,,번역서 2종 · 예: La Remontrance du tigre,포함
채만식 독본,채만식,기타,,발표 시기 미상,https://library.ltikorea.or.kr/translatedbooks/26636,,번역서 1종 · 예: SUNSET: A CH''AE MANSHIK READER,포함
수박 수영장,안녕달,기타,,발표 시기 미상,https://library.ltikorea.or.kr/translatedbooks/26595,,번역서 1종 · 예: すいかのプール,포함
소년을 위로해줘,은희경,기타,,발표 시기 미상,https://library.ltikorea.or.kr/translatedbooks/26571,,번역서 2종 · 예: ENCOURAGEZ DONC LES GARCONS,포함
원미동 사람들,양귀자,기타,,발표 시기 미상,https://library.ltikorea.or.kr/translatedbooks/26575,,번역서 5종 · 예: ウォンミドンの人々,포함
조선의 신선과 귀신 이야기,임방,기타,,발표 시기 미상,https://library.ltikorea.or.kr/translatedbooks/26493,,번역서 1종 · 예: Zápisky za hranicí uvěřitelného :,포함
누구게?,이혜리|최정선,기타,,발표 시기 미상,https://library.ltikorea.or.kr/translatedbooks/26500,,번역서 1종 · 예: 是誰呀？,포함
특별한 친구들,경혜원,기타,,발표 시기 미상,https://library.ltikorea.or.kr/translatedbooks/26501,,번역서 1종 · 예: 特別的朋友們,포함
엘리베이터,경혜원,기타,,발표 시기 미상,https://library.ltikorea.or.kr/translatedbooks/26502,,번역서 1종 · 예: 電梯,포함
"안녕, 폴!",센우,기타,,발표 시기 미상,https://library.ltikorea.or.kr/translatedbooks/26499,,번역서 1종 · 예: 你好，保羅,포함
파란파도,유준재,기타,,발표 시기 미상,https://library.ltikorea.or.kr/translatedbooks/26498,,번역서 2종 · 예: ONADA BLAVA,포함
문예 2018 秋,황정은,기타,,발표 시기 미상,https://library.ltikorea.or.kr/translatedbooks/26494,,번역서 1종 · 예: 文藝 2018 秋,포함
내 혀가 입 속에 갇혀 있길 거부한다면,김선우,기타,,발표 시기 미상,https://library.ltikorea.or.kr/translatedbooks/26486,,번역서 1종 · 예: If my tongue refuses to remain in my mouth,포함
칼날과 햇살,김용만,기타,,발표 시기 미상,https://library.ltikorea.or.kr/translatedbooks/26487,,번역서 1종 · 예: やいばと陽射し,포함
아오이 가든,편혜영,기타,,발표 시기 미상,https://library.ltikorea.or.kr/translatedbooks/26485,,번역서 2종 · 예: LA FORÊT DE L’OUEST,포함
한경지략,유본예,기타,,발표 시기 미상,https://library.ltikorea.or.kr/translatedbooks/26488,,번역서 1종 · 예: 漢京識略 : 近世末ソウルの街案内,포함
전갈,김원일,기타,,발표 시기 미상,https://library.ltikorea.or.kr/translatedbooks/26385,,번역서 1종 · 예: The Scorpion,포함
한국문학사 개관,Pio E. Serrano,기타,,발표 시기 미상,https://library.ltikorea.or.kr/translatedbooks/26484,,번역서 1종 · 예: Breve historia de la literatura coreana :,포함
등대,임철우,기타,,발표 시기 미상,https://library.ltikorea.or.kr/translatedbooks/26479,,번역서 2종 · 예: Das Viertel der Clowns,포함
아름다움이 나를 멸시한다,은희경,기타,,발표 시기 미상,https://library.ltikorea.or.kr/translatedbooks/26483,,번역서 6종 · 예: Прекрасное меня презирает,포함
Litro 한국문학특집호,배수아 외,기타,,발표 시기 미상,https://library.ltikorea.or.kr/translatedbooks/413306,,번역서 1종 · 예: Litro Magazine South Korea: Finding the Soul in Seoul,포함
오빠가 돌아왔다,김영하,기타,,발표 시기 미상,https://library.ltikorea.or.kr/translatedbooks/26482,,번역서 2종 · 예: ANH ĐÃ TRỞ VỀ,포함
"안녕, 주정뱅이",권여선,기타,,발표 시기 미상,https://library.ltikorea.or.kr/translatedbooks/26398,,번역서 1종 · 예: 春の宵,포함
궁극의 아이,장용민,기타,,발표 시기 미상,https://library.ltikorea.or.kr/translatedbooks/26405,,번역서 1종 · 예: L''ENFANT ULTIME,포함
늑대는 눈알부터 자란다(김경주 희곡선),김경주,희곡,,발표 시기 미상,https://library.ltikorea.or.kr/translatedbooks/26403,,번역서 1종 · 예: オオカミは目玉から育つ,포함
복화술사들,김철,기타,,발표 시기 미상,https://library.ltikorea.or.kr/translatedbooks/26402,,번역서 1종 · 예: Reading Colonial Korea Through Fiction: The Ventriloquists,포함
HOW I BECAME A NORTH KOREAN,Krys Lee,기타,,발표 시기 미상,https://library.ltikorea.or.kr/translatedbooks/26468,,번역서 1종 · 예: HOW I BECAME A NORTH KOREAN,포함
도화 아래 잠들다,강은교,기타,,발표 시기 미상,https://library.ltikorea.or.kr/translatedbooks/26400,,번역서 1종 · 예: خواب زیر شکوفههای هلو,포함
고전읽기의 시간여행,최기숙,기타,,발표 시기 미상,https://library.ltikorea.or.kr/translatedbooks/26399,,번역서 1종 · 예: CLASSIC KOREN TALES with commentaries,포함
소수의견,손아람,기타,,발표 시기 미상,https://library.ltikorea.or.kr/translatedbooks/26377,,번역서 1종 · 예: 少數意見,포함
눈먼 자들의 국가,김애란 외,기타,,발표 시기 미상,https://library.ltikorea.or.kr/translatedbooks/26376,,번역서 1종 · 예: 目の眩んだ者たちの国家,포함
Korean Travel Literature : The Spirit of Korean Cultural Roots 16 / 한국의 여행문학,김태준,기타,,발표 시기 미상,https://library.ltikorea.or.kr/translatedbooks/26317,,번역서 1종 · 예: Korean Travel Literature : The Spirit of Korean Cultural Roots 16 / 한국의 여행문학,포함
불편하고 행복하게,홍연식,기타,,발표 시기 미상,https://library.ltikorea.or.kr/translatedbooks/405636,,번역서 1종 · 예: Uncomfortably happily,포함
콤비,소윤경,기타,,발표 시기 미상,https://library.ltikorea.or.kr/translatedbooks/26316,,번역서 1종 · 예: Combi,포함
한국고전선집,이가원,기타,,발표 시기 미상,https://library.ltikorea.or.kr/translatedbooks/26313,,번역서 1종 · 예: Tuyển tập văn học cổ điển Hàn Quốc,포함
너는 기적이야,최숙희,기타,,발표 시기 미상,https://library.ltikorea.or.kr/translatedbooks/26306,,번역서 1종 · 예: Con chính là điều kì diệu,포함
엄마가 화났다,최숙희,기타,,발표 시기 미상,https://library.ltikorea.or.kr/translatedbooks/26307,,번역서 1종 · 예: Mẹ nổi giận,포함
엄마의 말,최숙희,기타,,발표 시기 미상,https://library.ltikorea.or.kr/translatedbooks/26310,,번역서 1종 · 예: Những chú ngựa của mẹ,포함
너는 어떤 씨앗이니,최숙희,기타,,발표 시기 미상,https://library.ltikorea.or.kr/translatedbooks/26309,,번역서 1종 · 예: Con là hạt giống nào vậy nhỉ?,포함
모르는 척 공주,최숙희,기타,,발표 시기 미상,https://library.ltikorea.or.kr/translatedbooks/26308,,번역서 1종 · 예: Nàng công chúa giả vờ không biết mọi chuyện,포함
광휘의 속삭임,정현종,기타,,발표 시기 미상,https://library.ltikorea.or.kr/translatedbooks/26301,,번역서 2종 · 예: Whisper of Splendor,포함
폐쇄구역 서울,정명섭,기타,,발표 시기 미상,https://library.ltikorea.or.kr/translatedbooks/26299,,번역서 1종 · 예: Séoul zone interdite,포함
스바루,集英社,기타,,발표 시기 미상,https://library.ltikorea.or.kr/translatedbooks/414238,,번역서 8종 · 예: すばる. 2018年 5月号,포함
곽효환 시선집,곽효환,시,,발표 시기 미상,https://library.ltikorea.or.kr/translatedbooks/26258,,번역서 2종 · 예: Уйтгар гунигийн учиг,포함
야만적인 엘리스씨,황정은,기타,,발표 시기 미상,https://library.ltikorea.or.kr/translatedbooks/26259,,번역서 1종 · 예: 野蛮なアリスさん,포함
상화 시편,고은,기타,,발표 시기 미상,https://library.ltikorea.or.kr/translatedbooks/26257,,번역서 1종 · 예: Эрхэсийн хайр,포함
하늘과 바람과 별과 시 / 윤동주 시선집,윤동주,시,,발표 시기 미상,https://library.ltikorea.or.kr/translatedbooks/26255,,"번역서 1종 · 예: ცა, ქარი, ვარსკვლავი და ლექსი",포함
한국전래동화,정인순,동화,,발표 시기 미상,https://library.ltikorea.or.kr/translatedbooks/26254,,번역서 1종 · 예: Самые лучшие корейские сказки,포함
눈물의 강산,박상식,기타,,발표 시기 미상,https://library.ltikorea.or.kr/translatedbooks/26260,,번역서 1종 · 예: Land of Tears,포함
해골의 침묵,고은,기타,,발표 시기 미상,https://library.ltikorea.or.kr/translatedbooks/25824,,번역서 1종 · 예: খুলির নীরবতা,포함
이태준 단편선집,이태준,단편소설,,발표 시기 미상,https://library.ltikorea.or.kr/translatedbooks/26248,,번역서 1종 · 예: Dust and Other Stories,포함
동양화 읽는 법,조용진,기타,,발표 시기 미상,https://library.ltikorea.or.kr/translatedbooks/26227,,번역서 1종 · 예: How to Read Eastern Art,포함
Zvuk groma / 천둥소리,김주영,기타,,발표 시기 미상,https://library.ltikorea.or.kr/translatedbooks/26226,,번역서 1종 · 예: Zvuk groma / 천둥소리,포함
우리는 매일 매일,진은영,기타,,발표 시기 미상,https://library.ltikorea.or.kr/translatedbooks/26224,,"번역서 1종 · 예: We, Day by Day",포함
덕혜옹주,권비영,기타,,발표 시기 미상,https://library.ltikorea.or.kr/translatedbooks/25940,,번역서 2종 · 예: Ông chúa Đức Huệ,포함
한국여성문학선집,김영희,기타,,발표 시기 미상,https://library.ltikorea.or.kr/translatedbooks/26161,,번역서 1종 · 예: Gendered Landscapes:Short Fiction by Modern & Contemporary Korean Women Novelists,포함
아무도 아닌,황정은,기타,,발표 시기 미상,https://library.ltikorea.or.kr/translatedbooks/26157,,번역서 1종 · 예: 誰でもない,포함
삼대,염상섭,기타,,발표 시기 미상,https://library.ltikorea.or.kr/translatedbooks/26160,,번역서 6종 · 예: Trois générations,포함
"31種攝影模式輕鬆上手! / 포토 마니아, 너만의 작품을 찍어라!",송하규,기타,,발표 시기 미상,https://library.ltikorea.or.kr/translatedbooks/13141,,번역서 1종 · 예: Photo Mania 專業攝影好好玩,포함
(그림과 명칭으로 보는)한국의 문화유산,KOREA VISUALS 编辑部,기타,,발표 시기 미상,https://library.ltikorea.or.kr/translatedbooks/26087,,번역서 1종 · 예: 韩国文化遗产之旅,포함
도깨비 얼굴이 가장 커!,이범규,기타,,발표 시기 미상,https://library.ltikorea.or.kr/translatedbooks/26010,,번역서 1종 · 예: 妖怪的脸最大,포함
別讓不好的房子害了你 / 집이 우리를 죽인다,허정림,기타,,발표 시기 미상,https://library.ltikorea.or.kr/translatedbooks/26076,,번역서 1종 · 예: 房子的健康等于你的健康!,포함
떡볶이 따라 몸속 구경,소연필,기타,,발표 시기 미상,https://library.ltikorea.or.kr/translatedbooks/137,,번역서 1종 · 예: 跟着炒年糕的人体旅行,포함
생각의 길을 알려 주는 철학 나침반,황상규,기타,,발표 시기 미상,https://library.ltikorea.or.kr/translatedbooks/26070,,번역서 1종 · 예: 這樣一點都不公平!,포함
로빈슨 크루소 따라잡기,박상준 외,기타,,발표 시기 미상,https://library.ltikorea.or.kr/translatedbooks/26078,,번역서 1종 · 예: 男孩的科学冒险书. 征服无人岛绝境 / 1,포함
세계의 역사와 문명을 찾아가는 만화 스쿨 4: 인디언 학교 가기,양창규,기타,,발표 시기 미상,https://library.ltikorea.or.kr/translatedbooks/26079,,번역서 1종 · 예: 印第安大冒险,포함
아하!세계엔 이런 전쟁이 있었군요,지호진,기타,,발표 시기 미상,https://library.ltikorea.or.kr/translatedbooks/26071,,번역서 1종 · 예: 啊哈！圖解影響世界的21場戰爭,포함
공부하는 독종이 살아남는다,이시형,기타,,발표 시기 미상,https://library.ltikorea.or.kr/translatedbooks/26073,,번역서 1종 · 예: 自发进化心理学,포함
세계의 역사와 문명을 찾아가는 만화 스쿨 3: 파라오 학교 가기,양창규,기타,,발표 시기 미상,https://library.ltikorea.or.kr/translatedbooks/26080,,번역서 1종 · 예: 古埃及大冒险,포함
놀라운 벌레세상,김태우,기타,,발표 시기 미상,https://library.ltikorea.or.kr/translatedbooks/26075,,번역서 1종 · 예: 神奇的虫子世界,포함
세계의 역사와 문명을 찾아가는 만화 스쿨 2: 원시인 학교 가기,양창규,기타,,발표 시기 미상,https://library.ltikorea.or.kr/translatedbooks/26081,,번역서 1종 · 예: 原始人大冒险,포함
영웅초한지,文情厚,기타,,발표 시기 미상,https://library.ltikorea.or.kr/translatedbooks/26086,,번역서 1종 · 예: 楚汉英雄志. 1-5,포함
环境的报复 / 반딧불이 환경만화: 환경의 역습 - 아픈 지구,박철만 외,기타,,발표 시기 미상,https://library.ltikorea.or.kr/translatedbooks/26069,,번역서 1종 · 예: 生病的地球,포함
可再生能源 / 반딧불이 환경만화: 신재생 에너지 - 푸르른 지구,박철만 외,기타,,발표 시기 미상,https://library.ltikorea.or.kr/translatedbooks/26068,,번역서 1종 · 예: 绿色的地球可再生能源,포함
손쉽게 배우는 인체구조와 기능,강현숙,기타,,발표 시기 미상,https://library.ltikorea.or.kr/translatedbooks/26065,,번역서 1종 · 예: 不一樣的人體使用手冊,포함
물로 10년 더 건강하게 사는 법,이승남,기타,,발표 시기 미상,https://library.ltikorea.or.kr/translatedbooks/26064,,번역서 1종 · 예: 这样喝水最健康,포함
당신도，그림처럼,이주은,기타,,발표 시기 미상,https://library.ltikorea.or.kr/translatedbooks/26063,,번역서 1종 · 예: 人生不是单程旅行,포함
우리 아이 마음보고서,장유경,기타,,발표 시기 미상,https://library.ltikorea.or.kr/translatedbooks/26100,,번역서 1종 · 예: 孩子的心理报告书,포함
101가지 사이언스 파워퀴즈 지식은 힘 환경,장수하늘소,기타,,발표 시기 미상,https://library.ltikorea.or.kr/translatedbooks/26101,,번역서 1종 · 예: 101個環境疑問,포함
2 / 만화 바로 보는 세계사,이희수,기타,,발표 시기 미상,https://library.ltikorea.or.kr/translatedbooks/415768,,번역서 1종 · 예: 世界歷史大奇航,포함
무지개 원리,차동엽,기타,,발표 시기 미상,https://library.ltikorea.or.kr/translatedbooks/26097,,번역서 1종 · 예: 彩虹原理,포함
100년 후에도 변하지 않는 소중한 육아 지혜,이원영,기타,,발표 시기 미상,https://library.ltikorea.or.kr/translatedbooks/26096,,번역서 1종 · 예: 100年不變的育兒智慧,포함
하늘과 바람과 별과 詩,윤동주,기타,,발표 시기 미상,https://library.ltikorea.or.kr/translatedbooks/26095,,"번역서 1종 · 예: НЕБО, ВЕТЕР, ЗВЕЗДА И ПОЭЗИЯ",포함
배고픈 꿈이,김삼현,기타,,발표 시기 미상,https://library.ltikorea.or.kr/translatedbooks/26015,,번역서 1종 · 예: 肚子餓的小青蛙,포함
완전판 토지 4권,박경리,기타,,발표 시기 미상,https://library.ltikorea.or.kr/translatedbooks/26023,,번역서 1종 · 예: 完全版 土地. 4卷,포함
정지용 시선집,정지용,시,,발표 시기 미상,https://library.ltikorea.or.kr/translatedbooks/26018,,번역서 1종 · 예: Nostalgia : Poems of Chung Ji-yong,포함
고전산문선집,마이클 페티드,기타,,발표 시기 미상,https://library.ltikorea.or.kr/translatedbooks/25943,,번역서 1종 · 예: Premodern Korean Literary Prose,포함
국경을 넘는 그림자,도명학,단편소설,,발표 시기 미상,https://library.ltikorea.or.kr/translatedbooks/25990,,번역서 1종 · 예: 越えてくる者、迎えいれる者: 脱北作家・韓国作家共同小説集,포함
솔개,김종길,시,,발표 시기 미상,https://library.ltikorea.or.kr/translatedbooks/25994,,번역서 1종 · 예: A Black Kite : Selected Poems of Kim Jong-Gil,포함
허수경 시선,허수경,시,,발표 시기 미상,https://library.ltikorea.or.kr/translatedbooks/25995,,번역서 1종 · 예: Poems by Huh Sukyung,포함
쵸가 말한다,강혜숙,기타,,발표 시기 미상,https://library.ltikorea.or.kr/translatedbooks/25942,,번역서 1종 · 예: 小狐狸說話了,포함
숲 속 사진관,이시원,기타,,발표 시기 미상,https://library.ltikorea.or.kr/translatedbooks/25991,,번역서 1종 · 예: 森林照相館,포함
두더지의 고민,김상근 외,기타,,발표 시기 미상,https://library.ltikorea.or.kr/translatedbooks/25997,,번역서 1종 · 예: 鼴鼠的煩惱,포함
백석 시선,백석,시,,발표 시기 미상,https://library.ltikorea.or.kr/translatedbooks/25998,,번역서 2종 · 예: Poems by Baek Seok,포함
한국 도시 디자인 탐사,김민수,기타,,발표 시기 미상,https://library.ltikorea.or.kr/translatedbooks/25999,,번역서 1종 · 예: Khám phá thiết kế đô thị Hàn Quốc,포함
달걀 속의 생,김승희,기타,,발표 시기 미상,https://library.ltikorea.or.kr/translatedbooks/25941,,번역서 2종 · 예: الحياة داخل بيضة,포함
한국근대문학단편선집,현진건,기타,,발표 시기 미상,https://library.ltikorea.or.kr/translatedbooks/25939,,번역서 1종 · 예: KORE ÖYKÜLERİ,포함
2016 Seoul International Witers' Festival / Anthology,배수아 천명관,기타,,발표 시기 미상,https://library.ltikorea.or.kr/translatedbooks/25351,,번역서 1종 · 예: The Forgotten and the Unforgattable: Literature Traversing Between Memory and Oblivion,포함
내 잔이 넘치나이다,정연희,기타,,발표 시기 미상,https://library.ltikorea.or.kr/translatedbooks/9743,,번역서 1종 · 예: Free on the Inside: the life of a missionary POW,포함
사람의 아들,이문열,기타,,발표 시기 미상,https://library.ltikorea.or.kr/translatedbooks/25917,,번역서 6종 · 예: Der Menschensohn,포함
달의 바다,정한아,기타,,발표 시기 미상,https://library.ltikorea.or.kr/translatedbooks/25916,,번역서 1종 · 예: Un balcon sur la lune,포함
"조선조 궁중문학시리즈3, 계축일기",정은임,기타,,발표 시기 미상,https://library.ltikorea.or.kr/translatedbooks/25915,,번역서 1종 · 예: El Diario del Ano del Buey Negro(1613) GUECHUK ILGUI,포함
검은 점이 있는 누에 (나희덕 시선집),나희덕,시,,발표 시기 미상,https://library.ltikorea.or.kr/translatedbooks/25906,,번역서 1종 · 예: Le ver à soie marqué d''un point noir,포함
밀물의 시간,도종환,기타,,발표 시기 미상,https://library.ltikorea.or.kr/translatedbooks/25912,,번역서 1종 · 예: 満ち潮の時間,포함
창선감의록,작자미상,기타,,발표 시기 미상,https://library.ltikorea.or.kr/translatedbooks/25911,,번역서 1종 · 예: Как великодушие привело к праведности,포함
삼미슈퍼스타즈의 마지막 팬클럽,박민규,기타,,발표 시기 미상,https://library.ltikorea.or.kr/translatedbooks/25913,,번역서 1종 · 예: 三美スーパースターズ 最後のファンクラブ,포함
서울의 얼굴,김진아,기타,,발표 시기 미상,https://library.ltikorea.or.kr/translatedbooks/25907,,"번역서 1종 · 예: Séoul, Visages d''une Ville",포함
동아시아문학지 40권 2006년 5월,Incidium,기타,,발표 시기 미상,https://library.ltikorea.or.kr/translatedbooks/25889,,번역서 1종 · 예: Hefte für Ostasiatische Literatur 40,포함
일인칭은 슬프다,고은,기타,,발표 시기 미상,https://library.ltikorea.or.kr/translatedbooks/25826,,번역서 1종 · 예: La première personne est triste,포함
한국학의 즐거움,주영하,기타,,발표 시기 미상,https://library.ltikorea.or.kr/translatedbooks/25822,,번역서 1종 · 예: Sự lý thú của Hàn Quốc học,포함
서로주체성의 이념,김상봉,기타,,발표 시기 미상,https://library.ltikorea.or.kr/translatedbooks/25820,,번역서 1종 · 예: Ý niệm về tính chủ thể liên đối,포함
지하철은 달려온다,신동준,기타,,발표 시기 미상,https://library.ltikorea.or.kr/translatedbooks/25725,,번역서 1종 · 예: O Metrô Vem Correndo,포함
새벽의 노래,문정희,기타,,발표 시기 미상,https://library.ltikorea.or.kr/translatedbooks/25715,,번역서 1종 · 예: Sång till gryningen,포함
할머니의 빨간 비단 치마,김영아,기타,,발표 시기 미상,https://library.ltikorea.or.kr/translatedbooks/25724,,번역서 1종 · 예: A Saia da Vovó,포함
한국인의 의식구조,이규태,기타,,발표 시기 미상,https://library.ltikorea.or.kr/translatedbooks/25743,,번역서 1종 · 예: Struktura świadomości Koreańczyków,포함
1-2 / 해를 품은 달,정은궐,기타,,발표 시기 미상,https://library.ltikorea.or.kr/translatedbooks/25718,,번역서 1종 · 예: จันทราโอบอาทิตย์,포함
2 / 성균관 유생들의 나날,정은궐,기타,,발표 시기 미상,https://library.ltikorea.or.kr/translatedbooks/25717,,번역서 1종 · 예: วุ่นนักรักของบัณฑิต,포함
꿈꾸는 청년들아! 비전을 가져라,권오율,기타,,발표 시기 미상,https://library.ltikorea.or.kr/translatedbooks/25719,,번역서 1종 · 예: อุ่นไอรัก พฤหัสของเรา,포함
도깨비가 내기를 걸면,김경화,기타,,발표 시기 미상,https://library.ltikorea.or.kr/translatedbooks/25723,,번역서 1종 · 예: Apostando com o Monstro,포함
엄마가 어렸을 적에,이혜옥,기타,,발표 시기 미상,https://library.ltikorea.or.kr/translatedbooks/25722,,번역서 1종 · 예: Quando Mamãe Era Pequena,포함
잡동사니,신혜은,기타,,발표 시기 미상,https://library.ltikorea.or.kr/translatedbooks/25721,,번역서 1종 · 예: Bugigangas,포함
혀,조경란,장편소설,,발표 시기 미상,https://library.ltikorea.or.kr/translatedbooks/25716,,번역서 5종 · 예: Una dolce voluttà,포함
새가 날아드는 풍경,한은선,기타,,발표 시기 미상,https://library.ltikorea.or.kr/translatedbooks/25720,,번역서 1종 · 예: Paisagem de Pássaros,포함
고향,이기영,기타,,발표 시기 미상,https://library.ltikorea.or.kr/translatedbooks/25713,,번역서 3종 · 예: 故郷,포함
안도현 시선,안도현,시,,발표 시기 미상,https://library.ltikorea.or.kr/translatedbooks/25712,,번역서 1종 · 예: Poems by Ahn Do-Hyun,포함
고은 시선,고은,시,,발표 시기 미상,https://library.ltikorea.or.kr/translatedbooks/25711,,번역서 2종 · 예: Poems by Ko Un,포함
"그 여름, 나는",최수현,기타,,발표 시기 미상,https://library.ltikorea.or.kr/translatedbooks/25676,,번역서 1종 · 예: Tôi Của Mùa Hè Năm Ấy,포함
즐거운 나의 집,공지영,기타,,발표 시기 미상,https://library.ltikorea.or.kr/translatedbooks/25673,,번역서 4종 · 예: Ngôi nhà vui vẻ,포함
친절한 복희씨,박완서,기타,,발표 시기 미상,https://library.ltikorea.or.kr/translatedbooks/25657,,번역서 3종 · 예: Dành Cho Nỗi Nhớ,포함
북쪽 거실,배수아,기타,,발표 시기 미상,https://library.ltikorea.or.kr/translatedbooks/25655,,번역서 1종 · 예: North Station,포함
우아한 거짓말,김려령,기타,,발표 시기 미상,https://library.ltikorea.or.kr/translatedbooks/25653,,번역서 2종 · 예: Lời nói dối hoa mỹ,포함
달님은 알지요,김향이,기타,,발표 시기 미상,https://library.ltikorea.or.kr/translatedbooks/25656,,번역서 1종 · 예: Trăng Có Biết Không,포함
The Centry of Korean Photography,박주석|최인진,기타,,발표 시기 미상,https://library.ltikorea.or.kr/translatedbooks/25645,,번역서 1종 · 예: 한국사진의 한세기,포함
밀수록 다시 가까워지는,이기호,기타,,발표 시기 미상,https://library.ltikorea.or.kr/translatedbooks/11768,,"번역서 1종 · 예: So Far, and Yet So Near",포함
훨훨 간다,한말숙,기타,,발표 시기 미상,https://library.ltikorea.or.kr/translatedbooks/2497,,번역서 1종 · 예: Cantico di frontiera,포함
행복,김재규,기타,,발표 시기 미상,https://library.ltikorea.or.kr/translatedbooks/413309,,번역서 1종 · 예: Счастье,포함
한민족의 금언,임수,기타,,발표 시기 미상,https://library.ltikorea.or.kr/translatedbooks/25523,,번역서 1종 · 예: Золотые слова корейского народа,포함
달의 마을 산의 마을,이철환,기타,,발표 시기 미상,https://library.ltikorea.or.kr/translatedbooks/25534,,번역서 1종 · 예: 月の街 山の街,포함
광주의 오월,송기숙,기타,,발표 시기 미상,https://library.ltikorea.or.kr/translatedbooks/25533,,번역서 1종 · 예: 光州の五月,포함
맑고 향기롭게,법정,기타,,발표 시기 미상,https://library.ltikorea.or.kr/translatedbooks/25532,,번역서 2종 · 예: 清く香しく,포함
(사랑보다 지독하다) 노서아 가비,김탁환,기타,,발표 시기 미상,https://library.ltikorea.or.kr/translatedbooks/25531,,번역서 1종 · 예: (愛より残酷) ロシアン珈琲,포함
규장각 각신들의 나날 (하),정은궐,기타,,발표 시기 미상,https://library.ltikorea.or.kr/translatedbooks/413707,,번역서 1종 · 예: 奎章閣閣臣たちの日々 (下),포함
해를 품은 달,정은궐,기타,,발표 시기 미상,https://library.ltikorea.or.kr/translatedbooks/415782,,번역서 3종 · 예: 太陽を抱く月,포함
성균관 유생들의 나날,정은궐,기타,,발표 시기 미상,https://library.ltikorea.or.kr/translatedbooks/415810,,번역서 2종 · 예: 成均館儒生たちの日々(下),포함
태왕사신기,안병도,기타,,발표 시기 미상,https://library.ltikorea.or.kr/translatedbooks/25527,,번역서 1종 · 예: 太王四神記,포함
신의 그릇,신한균,기타,,발표 시기 미상,https://library.ltikorea.or.kr/translatedbooks/25528,,번역서 1종 · 예: 神の器,포함
살아있는 것은 다 행복하라,법정,기타,,발표 시기 미상,https://library.ltikorea.or.kr/translatedbooks/25529,,번역서 1종 · 예: 生きとし生けるものに幸あれ,포함
잃어버린 기억을 찾아서 : 광기의 시대를 생각함,문부식,기타,,발표 시기 미상,https://library.ltikorea.or.kr/translatedbooks/25530,,번역서 1종 · 예: 失われた記憶を求めて : 狂気の時代を考える,포함
삼국사기 1,김부식,기타,,발표 시기 미상,https://library.ltikorea.or.kr/translatedbooks/25507,,번역서 1종 · 예: TAM QUỐC SỬ KÝ I,포함
라이팅클럽,강영숙,기타,,발표 시기 미상,https://library.ltikorea.or.kr/translatedbooks/25506,,번역서 1종 · 예: ライティングクラブ,포함
Транссибирские ночи,Сон Джончхан [Author],기타,,발표 시기 미상,https://library.ltikorea.or.kr/translatedbooks/25244,,번역서 1종 · 예: Транссибирские ночи,포함
축제의 얼굴 : 12인 영역시집,박제천,시,,발표 시기 미상,https://library.ltikorea.or.kr/translatedbooks/25401,,번역서 1종 · 예: Faces of the Festival : peoms of 12 modern poets,포함
동아시아 문예지 62,김숨,기타,,발표 시기 미상,https://library.ltikorea.or.kr/translatedbooks/25482,,번역서 1종 · 예: Hefte für Ostasiatische Literatur 62,포함
신경림의 시인을 찾아서 1,신경림,기타,,발표 시기 미상,https://library.ltikorea.or.kr/translatedbooks/25478,,번역서 1종 · 예: ШИНЬ ГЁНРИМ НАЙРАГЧИДТАЙ ХӨӨРӨЛДСӨН НЬ 1,포함
신경림의 시인을 찾아서 2,신경림,기타,,발표 시기 미상,https://library.ltikorea.or.kr/translatedbooks/25479,,번역서 1종 · 예: ШИНЬ ГЁНРИМ НАЙРАГЧИДТАЙ ХӨӨРӨЛДСӨН НЬ 2,포함
나는 여기가 좋다,한창훈,기타,,발표 시기 미상,https://library.ltikorea.or.kr/translatedbooks/25480,,번역서 1종 · 예: Мне здесь нравится,포함
The Hole / 홀,편혜영,기타,,발표 시기 미상,https://library.ltikorea.or.kr/translatedbooks/25483,,번역서 1종 · 예: The Hole / 홀,포함
Brèves. Corée du sud / 105,오정희,기타,,발표 시기 미상,https://library.ltikorea.or.kr/translatedbooks/411284,,번역서 1종 · 예: Brèves. Corée du sud / 105,포함
Chants des saisons : Anthologie bilingue de la poésie coréenne,작자미상,기타,,발표 시기 미상,https://library.ltikorea.or.kr/translatedbooks/25454,,번역서 1종 · 예: Chants des saisons : Anthologie bilingue de la poésie coréenne,포함
노동조합리더론,김금수,기타,,발표 시기 미상,https://library.ltikorea.or.kr/translatedbooks/25425,,번역서 1종 · 예: 労働組合リーダー論,포함
허준,이은성,기타,,발표 시기 미상,https://library.ltikorea.or.kr/translatedbooks/25426,,번역서 1종 · 예: 許浚,포함
Contemplations de l'arbre : poèmes,정유준,시,,발표 시기 미상,https://library.ltikorea.or.kr/translatedbooks/25424,,번역서 1종 · 예: Contemplations de l'arbre : poèmes,포함
규장각 각신들의 나날 (상),정은궐,기타,,발표 시기 미상,https://library.ltikorea.or.kr/translatedbooks/25427,,번역서 1종 · 예: 奎章閣閣臣たちの日々 (上),포함
운명에 휩쓸려,박삼중,기타,,발표 시기 미상,https://library.ltikorea.or.kr/translatedbooks/25428,,번역서 1종 · 예: 運命に流されて,포함
중국조선족문학작품정수 :소설권,김학천 외,소설,,발표 시기 미상,https://library.ltikorea.or.kr/translatedbooks/334,,번역서 1종 · 예: 中国朝鲜族文学作品精粹 : 小说卷,포함
구사일생한 토끼,수잔 크라우더 한,기타,,발표 시기 미상,https://library.ltikorea.or.kr/translatedbooks/11222,,번역서 1종 · 예: The Rabbit's Escape,포함
하얀 전쟁,안정효,기타,,발표 시기 미상,https://library.ltikorea.or.kr/translatedbooks/11225,,번역서 2종 · 예: White Badge,포함
천사를 찾습니다 2,귀여니,기타,,발표 시기 미상,https://library.ltikorea.or.kr/translatedbooks/25387,,번역서 1종 · 예: 寻爱天使. 2,포함
아웃사이더 2 = Outsider,귀여니,기타,,발표 시기 미상,https://library.ltikorea.or.kr/translatedbooks/25386,,번역서 1종 · 예: 局外人. 2,포함
산에는 꽃이 피네,법정,기타,,발표 시기 미상,https://library.ltikorea.or.kr/translatedbooks/25384,,번역서 1종 · 예: 山中花开,포함
조선을 떠나며 : 1945년 패전을 맞은 일본인들의 최후,이연식,기타,,발표 시기 미상,https://library.ltikorea.or.kr/translatedbooks/25382,,번역서 1종 · 예: 朝鮮引揚げと日本人 : 加害と被害の記憶を超えて,포함
長長秋夜 = 長長秋夜,小熊秀雄,기타,,발표 시기 미상,https://library.ltikorea.or.kr/translatedbooks/25353,,번역서 1종 · 예: 장장추야,포함
규장각 각신들의 나날,정은궐,기타,,발표 시기 미상,https://library.ltikorea.or.kr/translatedbooks/413310,,번역서 1종 · 예: 奎章阁之恋,포함
난 유리로 만든 배를 타고 낯선 바다를 떠도네,전경린,기타,,발표 시기 미상,https://library.ltikorea.or.kr/translatedbooks/25385,,번역서 2종 · 예: 玻璃船,포함
천사를 찾습니다,귀여니,기타,,발표 시기 미상,https://library.ltikorea.or.kr/translatedbooks/25387,,번역서 1종 · 예: 寻爱天使. 2,포함
우체부,문덕수,기타,,발표 시기 미상,https://library.ltikorea.or.kr/translatedbooks/11204,,번역서 1종 · 예: The Postman,포함
아웃사이더 = Outsider,귀여니,기타,,발표 시기 미상,https://library.ltikorea.or.kr/translatedbooks/25386,,번역서 1종 · 예: 局外人. 2,포함
용감한 홍길동 나무그늘을 산 총각,강미선,동화,,발표 시기 미상,https://library.ltikorea.or.kr/translatedbooks/414368,,"번역서 1종 · 예: Brave Hong Gil-Dong The Man Who Bought the Shade of a Tree Korean Folk Tales for Children, Vol 8",포함
움직이는 성,황순원,기타,,발표 시기 미상,https://library.ltikorea.or.kr/translatedbooks/25381,,번역서 3종 · 예: The Moving Fortress,포함
한국현대단편소설집 [Hangukyeondaedanpyeonsoseoljip],김동인,단편소설,,발표 시기 미상,https://library.ltikorea.or.kr/translatedbooks/25334,,번역서 1종 · 예: корейски разкази,포함
아오이가든 [aoigadeun],편혜영,기타,,발표 시기 미상,https://library.ltikorea.or.kr/translatedbooks/25331,,번역서 1종 · 예: アオイガーデン,포함
완전판 토지 3권,박경리,기타,,발표 시기 미상,https://library.ltikorea.or.kr/translatedbooks/25332,,번역서 1종 · 예: 完全版 土地. 3卷,포함
달콤한 나의 도시 [Dalkomhan naui dosi],정이현,기타,,발표 시기 미상,https://library.ltikorea.or.kr/translatedbooks/25335,,번역서 1종 · 예: Милый мой город,포함
한중록 [Hanjungnok],Lady Hyegyŏng [Author],기타,,발표 시기 미상,https://library.ltikorea.or.kr/translatedbooks/25336,,번역서 1종 · 예: The Memoirs of Lady Hyegyŏng: The Autobiographical Writings of a Crown Princess of Eighteenth-Century Korea,포함
연어,안도현,기타,,발표 시기 미상,https://library.ltikorea.or.kr/translatedbooks/25338,,번역서 9종 · 예: The salmon who dared to leap higher,포함
불가능한 동화 [Bulganeunghan donghwa ],한유주,동화,,발표 시기 미상,https://library.ltikorea.or.kr/translatedbooks/25333,,번역서 2종 · 예: The Impossible Fairytale,포함
한국의 명시,고창수,시,,발표 시기 미상,https://library.ltikorea.or.kr/translatedbooks/9932,,번역서 1종 · 예: Korea's golden poems : 한영 대역시,포함
포도밭 그 사나이,김랑,기타,,발표 시기 미상,https://library.ltikorea.or.kr/translatedbooks/25305,,번역서 1종 · 예: Chàng trai vườn nho,포함
네가 어떤 삶을 살든 나는 너를 응원할 것이다,공지영,기타,,발표 시기 미상,https://library.ltikorea.or.kr/translatedbooks/25306,,"번역서 1종 · 예: Dù con sống thế nào, mẹ cũng luôn ủng hộ",포함
가시고기[Gasigogi],조창인,기타,,발표 시기 미상,https://library.ltikorea.or.kr/translatedbooks/25307,,번역서 1종 · 예: BỐ CON CÁ GAI,포함
천 번을 흔들려야 어른이 된다,김난도,기타,,발표 시기 미상,https://library.ltikorea.or.kr/translatedbooks/25309,,번역서 1종 · 예: Trưởng thành sau ngàn lần tranh đấu,포함
고래바위,이순원,기타,,발표 시기 미상,https://library.ltikorea.or.kr/translatedbooks/25314,,번역서 1종 · 예: CÁ VOI ĐỈNH NÚI,포함
사슴과 나뭇꾼,김소운,기타,,발표 시기 미상,https://library.ltikorea.or.kr/translatedbooks/11174,,번역서 1종 · 예: The Deer and the Woodcutter,포함
북극곰 코다. 첫번째 이야기. 까만 코,배우리|이루리,기타,,발표 시기 미상,https://library.ltikorea.or.kr/translatedbooks/25326,,번역서 1종 · 예: Gấu Koda - CÁI MŨI ĐEN,포함
책 읽는 강아지 몽몽,최은옥,기타,,발표 시기 미상,https://library.ltikorea.or.kr/translatedbooks/25322,,번역서 1종 · 예: Mong Mong - Chú cún ham đọc sách,포함
북극곰 코다. 두 번째 이야기. 호,배우리|이루리,기타,,발표 시기 미상,https://library.ltikorea.or.kr/translatedbooks/25321,,번역서 1종 · 예: Gấu Koda - Làn hơi ấm,포함
시간가게,이나영,기타,,발표 시기 미상,https://library.ltikorea.or.kr/translatedbooks/25317,,번역서 1종 · 예: Cửa tiệm thời gian,포함
청소년을 위한 동양철학사,강성률,기타,,발표 시기 미상,https://library.ltikorea.or.kr/translatedbooks/25313,,번역서 1종 · 예: Lịch sử triết học phương Đông viết cho thanh thiếu niên,포함
나쁜엄마,박성경,기타,,발표 시기 미상,https://library.ltikorea.or.kr/translatedbooks/25310,,번역서 1종 · 예: MẸ XẤU,포함
"시크릿 가든 1, 2",강이을,기타,,발표 시기 미상,https://library.ltikorea.or.kr/translatedbooks/25323,,번역서 1종 · 예: Khu Vườn Bí Mật,포함
徳恵翁主,권비영,기타,,발표 시기 미상,https://library.ltikorea.or.kr/translatedbooks/25330,,번역서 1종 · 예: 徳恵翁主,포함
Translation,译林出版社,기타,,발표 시기 미상,https://library.ltikorea.or.kr/translatedbooks/414248,,번역서 1종 · 예: 译林 : 韩国文学专号.,포함
현대한국시선,서정주 외,시,,발표 시기 미상,https://library.ltikorea.or.kr/translatedbooks/5288,,번역서 1종 · 예: POESIA COREANA ACTUAL,포함
한국 고시조선,[Unknown],시조,,발표 시기 미상,https://library.ltikorea.or.kr/translatedbooks/409848,,"번역서 1종 · 예: AROMA DEL ESTE : ANTOLOGÍA DE LA POESÍA CLÁSICA COREANA, SIJO",포함
동아시아 문예지 [Dongasia munhakji],은희경,기타,,발표 시기 미상,https://library.ltikorea.or.kr/translatedbooks/25290,,번역서 1종 · 예: Hefte für Ostasiatische Literatur 60,포함
Free Food for Millionaires,Min-Jin Lee,기타,,발표 시기 미상,https://library.ltikorea.or.kr/translatedbooks/25289,,번역서 1종 · 예: Free Food for Millionaires,포함
Pachinko,Min-Jin Lee,기타,,발표 시기 미상,https://library.ltikorea.or.kr/translatedbooks/25288,,번역서 1종 · 예: Pachinko,포함
수원 남문 언덕,최동호,기타,,발표 시기 미상,https://library.ltikorea.or.kr/translatedbooks/25285,,번역서 1종 · 예: СҮВОН ХОТЫН ӨМНӨД ХААЛГАНЫ ТОЛГОД,포함
사는 기쁨,황동규,기타,,발표 시기 미상,https://library.ltikorea.or.kr/translatedbooks/25260,,번역서 1종 · 예: Freude am Leben,포함
토지 3,박경리,기타,,발표 시기 미상,https://library.ltikorea.or.kr/translatedbooks/413311,,번역서 4종 · 예: LAND 3,포함
어두운 기억의 저편,이균영,기타,,발표 시기 미상,https://library.ltikorea.or.kr/translatedbooks/25242,,번역서 4종 · 예: L' autre côté d'un souvenir obscur,포함
삼포 가는 길,황석영,기타,,발표 시기 미상,https://library.ltikorea.or.kr/translatedbooks/25243,,번역서 4종 · 예: LA ROUTE DE SAMPO,포함
삼포가는 길: 2차 세계대전 이후 한국단편소설선집,정영림,단편소설,,발표 시기 미상,https://library.ltikorea.or.kr/translatedbooks/5087,,번역서 1종 · 예: Perjalanan ke Samp'o : antologi cerpen Korea selepas Perang Dunia Kedua,포함
바다와 나비(외): 한국단편선집,하근찬 외,기타,,발표 시기 미상,https://library.ltikorea.or.kr/translatedbooks/5088,,번역서 1종 · 예: Laut dan Kupu-Kupu : kumpulan cerpen Korea,포함
20세기 한국문학시리즈,김동인,기타,,발표 시기 미상,https://library.ltikorea.or.kr/translatedbooks/22561,,번역서 1종 · 예: Seri Sastra Korea Abad ke-20. 2,포함
20세기 한국문학시리즈,조명희,기타,,발표 시기 미상,https://library.ltikorea.or.kr/translatedbooks/103,,번역서 1종 · 예: Seri Sastra Korea Abad ke-20. 1,포함
20세기 한국문학시리즈,이효석,기타,,발표 시기 미상,https://library.ltikorea.or.kr/translatedbooks/22559,,번역서 1종 · 예: Seri Sastra Korea Abad ke-20. 4,포함
한국현대시선집: 인도네시아 인민에게 주는 시,박인환,시,,발표 시기 미상,https://library.ltikorea.or.kr/translatedbooks/5096,,번역서 1종 · 예: Puisi buat Rakyat Indonesia,포함
20세기 한국문학시리즈,이상,기타,,발표 시기 미상,https://library.ltikorea.or.kr/translatedbooks/415814,,번역서 1종 · 예: Seri Sastra Korea Abad ke-20. 3,포함
전우치전 최고운전,Maurizio Riotto [Author],기타,,발표 시기 미상,https://library.ltikorea.or.kr/translatedbooks/25195,,번역서 1종 · 예: Il poeta e il negromante,포함
난장이가 쏘아올린 작은 공,조세희,기타,,발표 시기 미상,https://library.ltikorea.or.kr/translatedbooks/25196,,번역서 9종 · 예: Dvärgen som sköt upp en liten kula,포함
자연주의 문학론,강인숙,평론,,발표 시기 미상,https://library.ltikorea.or.kr/translatedbooks/25192,,번역서 1종 · 예: 韓国の自然主義文学: 韓日仏の比較研究から,포함
천국에서,김사과,기타,,발표 시기 미상,https://library.ltikorea.or.kr/translatedbooks/25197,,번역서 1종 · 예: Au paradis,포함
한국학의 즐거움,주영하 외,기타,,발표 시기 미상,https://library.ltikorea.or.kr/translatedbooks/25190,,번역서 2종 · 예: Солонгос түмнийг тольдохуй,포함
한중록,정병설,기타,,발표 시기 미상,https://library.ltikorea.or.kr/translatedbooks/25189,,번역서 1종 · 예: Nhàn Trung Lục,포함
반차도로 따라가는 정조의 화성행차,한영우,기타,,발표 시기 미상,https://library.ltikorea.or.kr/translatedbooks/25198,,번역서 1종 · 예: A Unique Banchado: The Documentary Painting With Commentary of King Jeongjo''s Royal Procession to Hwaseong in 1795,포함
알바생 자르기 [Albasaeng jareugi],장강명,기타,,발표 시기 미상,https://library.ltikorea.or.kr/translatedbooks/22367,,번역서 1종 · 예: Fired,포함
숙향전 숙영낭자전,한유미,기타,,발표 시기 미상,https://library.ltikorea.or.kr/translatedbooks/25163,,번역서 1종 · 예: Histoire de Sukhyang Dame Vertueuse,포함
한국미술사,Andreas Eckardt,기타,,발표 시기 미상,https://library.ltikorea.or.kr/translatedbooks/413313,,"번역서 1종 · 예: Geschichte der koreanischen Kunst : Mit 506 Abb. auf 168 Tafeln, 4 Farbentafeln, 8 Einlagetafeln und 1 Karte",포함
"한국음악, 한국인의 마음",한명희,기타,,발표 시기 미상,https://library.ltikorea.or.kr/translatedbooks/25149,,번역서 1종 · 예: Über den Arirang-Hügel: Ästhetische Betrachtung zur traditionellen Musik Koreas,포함
한국음악 첫걸음,송혜진,기타,,발표 시기 미상,https://library.ltikorea.or.kr/translatedbooks/25148,,번역서 1종 · 예: In der Natur Pungryu genießen: Koreanische traditionelle Musik und ihre Instrumente,포함
핑퐁,박민규,기타,,발표 시기 미상,https://library.ltikorea.or.kr/translatedbooks/25150,,번역서 2종 · 예: ピンポン,포함
아내가 결혼했다,박현욱,기타,,발표 시기 미상,https://library.ltikorea.or.kr/translatedbooks/25153,,번역서 2종 · 예: Comment ma femme s'est mariée,포함
죽은 왕녀를 위한 파반느,박민규,기타,,발표 시기 미상,https://library.ltikorea.or.kr/translatedbooks/25152,,번역서 4종 · 예: PAVANA PER UNA PRINCIPESSA DEFUNTA,포함
토지 4,박경리,기타,,발표 시기 미상,https://library.ltikorea.or.kr/translatedbooks/25095,,번역서 4종 · 예: 土地 4,포함
토지 6,박경리,기타,,발표 시기 미상,https://library.ltikorea.or.kr/translatedbooks/25097,,번역서 3종 · 예: 土地 6,포함
토지 7,박경리,기타,,발표 시기 미상,https://library.ltikorea.or.kr/translatedbooks/25098,,번역서 1종 · 예: 土地 7,포함
토지 5,박경리,기타,,발표 시기 미상,https://library.ltikorea.or.kr/translatedbooks/25096,,번역서 1종 · 예: 土地 5,포함
토지 8,박경리,기타,,발표 시기 미상,https://library.ltikorea.or.kr/translatedbooks/25099,,번역서 1종 · 예: 土地 8,포함
관부연락선,이병주,기타,,발표 시기 미상,https://library.ltikorea.or.kr/translatedbooks/25108,,번역서 2종 · 예: 関釜連絡船,포함
토지: 1부 3권,박경리,기타,,발표 시기 미상,https://library.ltikorea.or.kr/translatedbooks/25107,,번역서 1종 · 예: 土地: 第1部 第3卷,포함
토지: 1부 2권,박경리,기타,,발표 시기 미상,https://library.ltikorea.or.kr/translatedbooks/25106,,번역서 1종 · 예: 土地: 第1部 第2卷,포함
고형렬 시선집,고형렬,시,,발표 시기 미상,https://library.ltikorea.or.kr/translatedbooks/25090,,번역서 1종 · 예: Grasshoppers' Eyes,포함
복화술사들: 소설로 읽는 식민지 조선,김철,소설,,발표 시기 미상,https://library.ltikorea.or.kr/translatedbooks/25089,,번역서 1종 · 예: 植民地の腹話術師たち : 朝鮮の近代小説を読む,포함
만주부인 [Manjubuin ],이길융,기타,,발표 시기 미상,https://library.ltikorea.or.kr/translatedbooks/25075,,번역서 1종 · 예: 満州夫人,포함
낯익은 세상 [Nachigeun sesang ],황석영,기타,,발표 시기 미상,https://library.ltikorea.or.kr/translatedbooks/25076,,번역서 1종 · 예: Familiar Things,포함
수선화에게[Suseonhwaege],정호승,기타,,발표 시기 미상,https://library.ltikorea.or.kr/translatedbooks/25039,,번역서 1종 · 예: К НАРЦИССУ,포함
동백꽃 : 김유정 중·단편선,김유정,기타,,발표 시기 미상,https://library.ltikorea.or.kr/translatedbooks/10751,,번역서 1종 · 예: Kamelior : och andra koreanska noveller av Kim Yu-jong,중복 제외 (앞 순위 출처에 있음)
왜 계속해서 써 왔는가 왜 침묵해 왔는가,김시종,기타,,발표 시기 미상,https://library.ltikorea.or.kr/translatedbooks/25029,,번역서 1종 · 예: なぜ書きつづけてきたかなぜ沈黙してきたか: 濟州島四·三事件の記憶と文學,포함
어느 하늘 빈자리[Eoneu haneul binjari],허윤정,기타,,발표 시기 미상,https://library.ltikorea.or.kr/translatedbooks/25027,,번역서 1종 · 예: Somewhere in the Sky,포함
삼미 슈퍼스타즈의 마지막 팬클럽[Sammi Superstarsui majimang paenkeulleop],박민규,기타,,발표 시기 미상,https://library.ltikorea.or.kr/translatedbooks/25026,,번역서 1종 · 예: El último club de fans de los Sammi Superstars,포함
K박사의 연구 외 단편선[Kbaksaui yeongu oe danpeonseon],김동인,단편소설,,발표 시기 미상,https://library.ltikorea.or.kr/translatedbooks/25040,,번역서 1종 · 예: Les recherches du professeur K et autres nouvelles,포함
사랑이라니 선영아,김연수,기타,,발표 시기 미상,https://library.ltikorea.or.kr/translatedbooks/25037,,"번역서 1종 · 예: Tu m''aimes donc, Sonyong?",포함
그녀의 눈물 사용법,천운영,기타,,발표 시기 미상,https://library.ltikorea.or.kr/translatedbooks/25032,,번역서 3종 · 예: Ihre Art des Weinens,포함
새벽의 나나[Saebyeogui nana],박형서,기타,,발표 시기 미상,https://library.ltikorea.or.kr/translatedbooks/25034,,번역서 1종 · 예: Nana za úsvitu,포함
가라사대 / 임꺽정,이두호,기타,,발표 시기 미상,https://library.ltikorea.or.kr/translatedbooks/415518,,번역서 1종 · 예: Indžo a Čočchung / Im Kkok-čong : Mistrovske dilo Korejskych komiks,포함
СТУДИИ ПО КОРЕИСТИКА КНИГА. 10,김보국 외,기타,,발표 시기 미상,https://library.ltikorea.or.kr/translatedbooks/24919,,번역서 1종 · 예: СТУДИИ ПО КОРЕИСТИКА КНИГА. 10,포함
2014 ПАРОВОЗЪ : ПОЭТИЧЕСКИЙ АЛЬМАНАХ-НАВИГАТОР СОЮЗА РОССИЙСКИХ ПИСАТЕЛЕЙ,최동호,기타,,발표 시기 미상,https://library.ltikorea.or.kr/translatedbooks/24922,,번역서 1종 · 예: 2014 ПАРОВОЗЪ : ПОЭТИЧЕСКИЙ АЛЬМАНАХ-НАВИГАТОР СОЮЗА РОССИЙСКИХ ПИСАТЕЛЕЙ,포함
구운몽(九雲夢),김만중,기타,,발표 시기 미상,https://library.ltikorea.or.kr/translatedbooks/414250,,번역서 1종 · 예: Облачный сон девяти,중복 제외 (앞 순위 출처에 있음)
이성선 시선집,이성선,시,,발표 시기 미상,https://library.ltikorea.or.kr/translatedbooks/24887,,번역서 1종 · 예: The Worm Poet: Selected Poems of Sungsun Lee,포함
박제천 시선집,박제천,시,,발표 시기 미상,https://library.ltikorea.or.kr/translatedbooks/24889,,번역서 1종 · 예: SF-Consensus: Poems of Park Je-chun,포함
외국문학지: 한국문학특집호 2016.11,구효서,기타,,발표 시기 미상,https://library.ltikorea.or.kr/translatedbooks/415772,,번역서 1종 · 예: ИНОСТРАННАЯ ПИТЕРАТУРА: КОРЕЙСКАЯ ЛИТЕРАТУРА. 2016.11,포함
건정필담 2,홍대용,기타,,발표 시기 미상,https://library.ltikorea.or.kr/translatedbooks/24883,,번역서 1종 · 예: 乾浄筆譚 : 朝鮮燕行使の北京筆談録 2,포함
한국영화 100년사,정종화,기타,,발표 시기 미상,https://library.ltikorea.or.kr/translatedbooks/24881,,번역서 1종 · 예: 韓国映画100年史: その誕生からグローバル展開まで,포함
전후의 탄생,권혁태,기타,,발표 시기 미상,https://library.ltikorea.or.kr/translatedbooks/24871,,번역서 1종 · 예: 〈戦後〉の誕生―戦後日本と「朝鮮」の境界,포함
구운몽[Guunmong],김만중,장편소설,,발표 시기 미상,https://library.ltikorea.or.kr/translatedbooks/24832,,"번역서 1종 · 예: The Cloud Dream of the Nine, a Korean Novel: A Story of the Times of the Tangs of China About 840 a.D. (1922)",중복 제외 (앞 순위 출처에 있음)
마당을 나온 암탉[Madangeul naon amtak],황선미,기타,,발표 시기 미상,https://library.ltikorea.or.kr/translatedbooks/24709,,번역서 2종 · 예: La Gallina Que Soñaba Con Volar,포함
동아시아문학지 55권 2013년 11월,한유주,기타,,발표 시기 미상,https://library.ltikorea.or.kr/translatedbooks/24830,,번역서 1종 · 예: Hefte Für ostasiatische Literatur 55,포함
한국 여성 시 선집[Hangung yeoseong si seonjip ],김민정,시,,발표 시기 미상,https://library.ltikorea.or.kr/translatedbooks/24704,,"번역서 1종 · 예: Poems of KIMYIDEUM, KIM HAENGSOOK & KIM MIN JEONG",포함
아우와의 만남 [Auwaui mannam],이문열,기타,,발표 시기 미상,https://library.ltikorea.or.kr/translatedbooks/24763,,번역서 1종 · 예: Meeting with My Brother,포함
구경꾼들 [Gugyeongkkundeul],윤성희,기타,,발표 시기 미상,https://library.ltikorea.or.kr/translatedbooks/24757,,번역서 1종 · 예: Espectadores,포함
코뮨주의: 공동성과 평등성의 존재론 [komyunjuui: gongdongseonggwa pyeongdeungseongui jonjaeron],이진경,기타,,발표 시기 미상,https://library.ltikorea.or.kr/translatedbooks/24756,,번역서 1종 · 예: 無謀なるものたちの共同体―コミューン主義の方へ,포함
철학자와 하녀 – 하루하루를 살아가는 마이너리티의 철학[cheolhakjawa hanyeo - haruharureul saraganeun maineoritiui cheolhak ],고병권,기타,,발표 시기 미상,https://library.ltikorea.or.kr/translatedbooks/24754,,번역서 1종 · 예: 哲学者と下女―日々を生きていくマイノリティの哲学,포함
"멈추면, 비로소 보이는 것들 [ Meomchumyeon, biroso boineun geotdeul ]",혜민,기타,,발표 시기 미상,https://library.ltikorea.or.kr/translatedbooks/24753,,번역서 1종 · 예: The Things You Can See Only When You Slow Down: How to be Calm in a Busy World,포함
김달진 시선 [Gimdaljin siseon],김달진,기타,,발표 시기 미상,https://library.ltikorea.or.kr/translatedbooks/24752,,번역서 1종 · 예: КИМ ДАЛЖИН НАЙРАГЧИЙН ШИЛМЭЛ ТҮҮВЭР,포함
서울의 낮은 언덕들 [Seourui najeun eondeokdeul],배수아,기타,,발표 시기 미상,https://library.ltikorea.or.kr/translatedbooks/24751,,번역서 1종 · 예: Recitation,포함
악기들의 도서관 [Akgideurui doseogwan ],김중혁,기타,,발표 시기 미상,https://library.ltikorea.or.kr/translatedbooks/24750,,번역서 1종 · 예: БИБЛИОТЕКА МУЗЫКАЛЬНЫХ ИНСТРУМЕНТОВ,포함
회색인,최인훈,기타,,발표 시기 미상,https://library.ltikorea.or.kr/translatedbooks/24714,,번역서 3종 · 예: El hombre gris,포함
늑대,전성태,기타,,발표 시기 미상,https://library.ltikorea.or.kr/translatedbooks/24710,,번역서 1종 · 예: Wolves,포함
재미나는 인생,성석제,기타,,발표 시기 미상,https://library.ltikorea.or.kr/translatedbooks/24711,,번역서 1종 · 예: The Amusing Life,포함
고구려 별자리와 신화,김일권,소설,,발표 시기 미상,https://library.ltikorea.or.kr/translatedbooks/24721,,번역서 1종 · 예: Retracing the Ancient Korean Sky and Its Myths,포함
완전판 토지 2권,박경리,기타,,발표 시기 미상,https://library.ltikorea.or.kr/translatedbooks/24696,,번역서 1종 · 예: 完全版 土地. 2卷,포함
완전판 토지 1권,박경리,기타,,발표 시기 미상,https://library.ltikorea.or.kr/translatedbooks/24695,,번역서 1종 · 예: 完全版 土地. 1卷,포함
우리가 정말 알아야 할 우리 옛이야기 백 가지 1,서정오,소설,,발표 시기 미상,https://library.ltikorea.or.kr/translatedbooks/24697,,번역서 2종 · 예: СОЛОНГОС АРДЫН ШИЛМЭЛ ЗУУН ҮЛГЭР (I дэвтэр),포함
건축가 알빈 신부,김정신,기타,,발표 시기 미상,https://library.ltikorea.or.kr/translatedbooks/24698,,번역서 1종 · 예: Kirchenarchitekt Alwin Schmid,포함
테오도루 24번지[Teodoru 24beonji],손서은,기타,,발표 시기 미상,https://library.ltikorea.or.kr/translatedbooks/23324,,번역서 1종 · 예: 泰奧多爾24號,포함
2011.3. 176 / Fiction world,小说界,기타,,발표 시기 미상,https://library.ltikorea.or.kr/translatedbooks/414299,,번역서 1종 · 예: 소설계,포함
だれが海辺で気ままに花火を上げるのか,김애란,기타,,발표 시기 미상,https://library.ltikorea.or.kr/translatedbooks/24637,,번역서 1종 · 예: だれが海辺で気ままに花火を上げるのか,포함
거문고 : 한말숙 소설집,한말숙,단편소설,,발표 시기 미상,https://library.ltikorea.or.kr/translatedbooks/5124,,번역서 1종 · 예: Komungo : wybór nowel,포함
나는 할머니와 산다,최민경,기타,,발표 시기 미상,https://library.ltikorea.or.kr/translatedbooks/11849,,번역서 2종 · 예: ゴーストばあちゃん,포함
보물선 [Bomulseon],김영하,기타,,발표 시기 미상,https://library.ltikorea.or.kr/translatedbooks/24625,,번역서 1종 · 예: Loď pokladů: Antologie moderní korejské povídky,포함
Han in the upper left : A Brief History of Korean Americans in the Pacific Northwest,Korean American Historical Society,기타,,발표 시기 미상,https://library.ltikorea.or.kr/translatedbooks/22589,,번역서 1종 · 예: Han in the upper left : A Brief History of Korean Americans in the Pacific Northwest,포함
choix de poème de Kim Hyeonseung / 김현승 시선집,김현승,시,,발표 시기 미상,https://library.ltikorea.or.kr/translatedbooks/8003,,번역서 1종 · 예: (La)solitude absolue,포함
딸기도둑,은희경,기타,,발표 시기 미상,https://library.ltikorea.or.kr/translatedbooks/12044,,번역서 1종 · 예: La voleuse de fraises,포함
아름다운 영가,한말숙,기타,,발표 시기 미상,https://library.ltikorea.or.kr/translatedbooks/5180,,번역서 6종 · 예: (Le) chant mélodieux des âmes,포함
한 잔의 커피: 소설집,한말숙,단편소설,,발표 시기 미상,https://library.ltikorea.or.kr/translatedbooks/5126,,번역서 1종 · 예: Filiżanka kawy : wybór nowel,포함
Les cahiers de Corée : Créer ailleurs,Benjamin Joinau,기타,,발표 시기 미상,https://library.ltikorea.or.kr/translatedbooks/24541,,번역서 1종 · 예: Les cahiers de Corée : Créer ailleurs,포함
무영탑,현진건,기타,,발표 시기 미상,https://library.ltikorea.or.kr/translatedbooks/22557,,번역서 1종 · 예: La pagode sans ombre,중복 제외 (앞 순위 출처에 있음)
"19세기 한국소설 ""여관에서 한가한 대화""[19segi hanguksoseol ""yeogwaneseo hangahan daehwa""]",박종식,소설,,발표 시기 미상,https://library.ltikorea.or.kr/translatedbooks/23339,,번역서 1종 · 예: Досужие беседы на постоялом дворе,포함
더러운 책상[Deoreoun chaeksang],박범신,기타,,발표 시기 미상,https://library.ltikorea.or.kr/translatedbooks/23337,,번역서 1종 · 예: 肮脏的书桌,포함
일요일 스키야키 식당[Iryoil seukiyaki sikdang],배수아,기타,,발표 시기 미상,https://library.ltikorea.or.kr/translatedbooks/23326,,번역서 1종 · 예: 星期天日式火锅餐厅,포함
관촌수필[Gwanchonsupil],이문구,수필,,발표 시기 미상,https://library.ltikorea.or.kr/translatedbooks/23325,,번역서 1종 · 예: 冠村随筆,포함
저녁의 구애[Jeonyeogui guae],편혜영,기타,,발표 시기 미상,https://library.ltikorea.or.kr/translatedbooks/23327,,번역서 1종 · 예: Evening Proposal,포함
터널[Teoneol],소재원,기타,,발표 시기 미상,https://library.ltikorea.or.kr/translatedbooks/23331,,번역서 1종 · 예: 隧道,포함
좀비들[Jombideul],김중혁,기타,,발표 시기 미상,https://library.ltikorea.or.kr/translatedbooks/23332,,번역서 1종 · 예: 僵尸村,포함
탁류[Tangnyu],채만식,기타,,발표 시기 미상,https://library.ltikorea.or.kr/translatedbooks/23335,,번역서 1종 · 예: Turbid Rivers,중복 제외 (앞 순위 출처에 있음)
병신과 머저리[Byeongsingwa meojeori],이청준,단편소설,,발표 시기 미상,https://library.ltikorea.or.kr/translatedbooks/23328,,번역서 1종 · 예: Two Stories by Yi Chong-Jun: Abject and the Wounded,포함
한국 도시디자인 탐사[Hangung dosidijain tamsa],김민수,기타,,발표 시기 미상,https://library.ltikorea.or.kr/translatedbooks/23336,,번역서 1종 · 예: 韩国城市设计,포함
조선 국왕의 일생[Joseon gugwangui ilsaeng],규장각한국학연구원,기타,,발표 시기 미상,https://library.ltikorea.or.kr/translatedbooks/23333,,번역서 1종 · 예: 朝鮮國君的一生,포함
나쁜 어린이표,황선미,기타,,발표 시기 미상,https://library.ltikorea.or.kr/translatedbooks/2430,,번역서 4종 · 예: El niño de la pegatina amarilla,포함
한옥 : 우리 住居文化의 魂이 담긴 옛 살림집 風景,서헌강,기타,,발표 시기 미상,https://library.ltikorea.or.kr/translatedbooks/23309,,번역서 2종 · 예: Hanok : The Traditional Korean House,포함
악기들의 도서관,김중혁,기타,,발표 시기 미상,https://library.ltikorea.or.kr/translatedbooks/23307,,번역서 4종 · 예: The Library of Musical Instruments,포함
재와 빨강[Jaewa ppalgang],편혜영,기타,,발표 시기 미상,https://library.ltikorea.or.kr/translatedbooks/23306,,번역서 1종 · 예: Popiół i czerwień,포함
연어[Yeon Eo],안도현,기타,,발표 시기 미상,https://library.ltikorea.or.kr/translatedbooks/23299,,번역서 1종 · 예: 鲑鱼,포함
백의 그림자[Baegui geurimja],황정은,기타,,발표 시기 미상,https://library.ltikorea.or.kr/translatedbooks/23300,,번역서 1종 · 예: 一百个影子,포함
한국테마문학선집:한국음식 편[Hanguk tema munhak seonjip: Hanguk eumsing pyeon],윤대녕,기타,,발표 시기 미상,https://library.ltikorea.or.kr/translatedbooks/23301,,번역서 1종 · 예: MANGER CENT FAÇONS,포함
퀴르발 남작의 성[Kwireubal namjagui seong],최제훈,기타,,발표 시기 미상,https://library.ltikorea.or.kr/translatedbooks/23303,,번역서 1종 · 예: 库勒巴尔男爵的城堡,포함
채식주의자[Chaesikjuuija],한강,기타,,발표 시기 미상,https://library.ltikorea.or.kr/translatedbooks/23302,,번역서 1종 · 예: VEGETARIJANKA,포함
고령화 가족[Goryeonghwa gajok],천명관,기타,,발표 시기 미상,https://library.ltikorea.or.kr/translatedbooks/23298,,번역서 1종 · 예: Хөгширсөн гэр бүл,포함
체스의 모든 것,김금희,기타,,발표 시기 미상,https://library.ltikorea.or.kr/translatedbooks/414848,,번역서 1종 · 예: Everything About Chess,포함
사상의 월야 : 이태준 단편선,이태준,기타,,발표 시기 미상,https://library.ltikorea.or.kr/translatedbooks/23242,,번역서 1종 · 예: 思想の月夜 : ほか五篇,포함
국가의 사생활,이응준,기타,,발표 시기 미상,https://library.ltikorea.or.kr/translatedbooks/23243,,번역서 1종 · 예: VITA PRIVATA DI UNA NAZIONE,포함
꽃이 져도 나는 너를 잊은 적 없다,정호승,기타,,발표 시기 미상,https://library.ltikorea.or.kr/translatedbooks/23261,,번역서 1종 · 예: Though flowers fall I have never forgotten you,포함
The Making of an Oriental Yankee / 동양선비 서양에 가시다,강용흘,기타,,발표 시기 미상,https://library.ltikorea.or.kr/translatedbooks/23206,,번역서 1종 · 예: East Goes West,포함
Ma vie dans la supérette,김애란,기타,,발표 시기 미상,https://library.ltikorea.or.kr/translatedbooks/23203,,번역서 1종 · 예: Ma vie dans la supérette,포함
정글만리,조정래,기타,,발표 시기 미상,https://library.ltikorea.or.kr/translatedbooks/23193,,번역서 1종 · 예: The Human Jungle,포함
고은 시선집 / 허공에 쓴다,고은,시,,발표 시기 미상,https://library.ltikorea.or.kr/translatedbooks/23174,,번역서 1종 · 예: Pišem v zrak,포함
눈 앞에 없는 사람,심보선,기타,,발표 시기 미상,https://library.ltikorea.or.kr/translatedbooks/23123,,번역서 1종 · 예: Someone Always in the Corner of My Eye,포함
제주의 신비,강민정,기타,,발표 시기 미상,https://library.ltikorea.or.kr/translatedbooks/23042,,번역서 1종 · 예: Le mystère de Jeju,포함
문예 2016 秋,황정은,기타,,발표 시기 미상,https://library.ltikorea.or.kr/translatedbooks/23039,,번역서 1종 · 예: 文藝 2016 秋,포함
한국문학 단편 선집,임영희,단편소설,,발표 시기 미상,https://library.ltikorea.or.kr/translatedbooks/23031,,"번역서 1종 · 예: SEOUL, VITE, VITE! anthologie de nouvelles coréennes contemporaines",포함
소육의 문화사,사사키 미치오,기타,,발표 시기 미상,https://library.ltikorea.or.kr/translatedbooks/23038,,번역서 1종 · 예: 焼肉の文化史,포함
済州島のシャーマン神話 / 자청비 전설,김인호,소설,,발표 시기 미상,https://library.ltikorea.or.kr/translatedbooks/23043,,번역서 1종 · 예: チャチュンビ伝説,포함
끄라비,박형서,기타,,발표 시기 미상,https://library.ltikorea.or.kr/translatedbooks/23036,,번역서 1종 · 예: Krabi,포함
카르마의 바다,문정희,기타,,발표 시기 미상,https://library.ltikorea.or.kr/translatedbooks/23032,,번역서 1종 · 예: Mar de Karma,포함
현의 노래,김훈,기타,,발표 시기 미상,https://library.ltikorea.or.kr/translatedbooks/23037,,번역서 1종 · 예: Le chant des cordes,포함
해오름 골짜기 친구들,황선미,기타,,발표 시기 미상,https://library.ltikorea.or.kr/translatedbooks/23033,,번역서 1종 · 예: Nhung Nguoi Ban O Thung Lung Mat Troi Moc,포함
조선 유학의 거장들,한형조,기타,,발표 시기 미상,https://library.ltikorea.or.kr/translatedbooks/23027,,번역서 1종 · 예: 朝鮮儒学の巨匠たち,포함
낯선 시간 속으로,이인성,장편소설,,발표 시기 미상,https://library.ltikorea.or.kr/translatedbooks/23026,,번역서 4종 · 예: Saisons d’exil,포함
세계 속의 한글,홍종선,기타,,발표 시기 미상,https://library.ltikorea.or.kr/translatedbooks/23025,,번역서 1종 · 예: 世界の中のハングル,포함
우리 역사 독도,호사카 유지,기타,,발표 시기 미상,https://library.ltikorea.or.kr/translatedbooks/23023,,번역서 1종 · 예: の日韓史,포함
정조의 화성행차,한영우,기타,,발표 시기 미상,https://library.ltikorea.or.kr/translatedbooks/23022,,번역서 1종 · 예: Mit einem Bild auf Reisen gehen Der achttägige Umzug nach Hwasong unter König Chongjo,포함
슬픔이 없는 십오 초,심보선,기타,,발표 시기 미상,https://library.ltikorea.or.kr/translatedbooks/22994,,번역서 1종 · 예: Fifteen Seconds Without Sorrow,포함
죽은 시인들과의 시간,고은,기타,,발표 시기 미상,https://library.ltikorea.or.kr/translatedbooks/22997,,번역서 1종 · 예: Timp cu poeți morți,포함
Au Lotus d'Or: Histoires de courtisanes,이현수,기타,,발표 시기 미상,https://library.ltikorea.or.kr/translatedbooks/22960,,번역서 1종 · 예: Au Lotus d'Or: Histoires de courtisanes,포함
당신의 첫,김혜순,기타,,발표 시기 미상,https://library.ltikorea.or.kr/translatedbooks/22958,,"번역서 1종 · 예: Ordures de tous les pays, unissez-vous !",포함
랍스터를 먹는 시간,방현석,단편소설,,발표 시기 미상,https://library.ltikorea.or.kr/translatedbooks/22957,,번역서 1종 · 예: Time to Eat Lobster: Contemporary Korean Stories on Memories of the Vietnam War,포함
만인보,고은,기타,,발표 시기 미상,https://library.ltikorea.or.kr/translatedbooks/22961,,번역서 9종 · 예: Vạn đời người,포함
붉은 눈송이,진은영,기타,,발표 시기 미상,https://library.ltikorea.or.kr/translatedbooks/22946,,번역서 1종 · 예: Des flocons de neige rouge,포함
ある作為の世界,정영문,기타,,발표 시기 미상,https://library.ltikorea.or.kr/translatedbooks/22945,,번역서 1종 · 예: ある作為の世界,포함
Un verre de miroir rouge,김혜순,기타,,발표 시기 미상,https://library.ltikorea.or.kr/translatedbooks/22944,,번역서 1종 · 예: Un verre de miroir rouge,포함
Journal of Korean Literature & Culture / 아젤리아 [Ajellia],이호우,기타,,발표 시기 미상,https://library.ltikorea.or.kr/translatedbooks/22926,,번역서 1종 · 예: AZALEA,포함
Journal of Korean Literature & Culture / 아젤리아 [Ajellia],김애란,기타,,발표 시기 미상,https://library.ltikorea.or.kr/translatedbooks/22927,,번역서 1종 · 예: AZALEA,포함
Journal of Korean Literature & Culture / 아젤리아 [Ajellia],신경숙,기타,,발표 시기 미상,https://library.ltikorea.or.kr/translatedbooks/415919,,번역서 1종 · 예: AZALEA,포함
Journal of Korean Literature & Culture / 아젤리아 [Ajellia],김영하,기타,,발표 시기 미상,https://library.ltikorea.or.kr/translatedbooks/22921,,번역서 1종 · 예: AZALEA,포함
불쌍한 사랑 기계,김혜순,기타,,발표 시기 미상,https://library.ltikorea.or.kr/translatedbooks/22851,,번역서 1종 · 예: Poor Love Machine,포함
진술,하일지,기타,,발표 시기 미상,https://library.ltikorea.or.kr/translatedbooks/22881,,번역서 2종 · 예: Parodymai,포함
Manoa지 한국문학특집호,고은,시,,발표 시기 미상,https://library.ltikorea.or.kr/translatedbooks/22733,,번역서 1종 · 예: The Colors of Dawn: Twentieth-Century Korean Poetry,포함
현대시수첩 2015.9.,김혜순 외,시,,발표 시기 미상,https://library.ltikorea.or.kr/translatedbooks/22880,,번역서 1종 · 예: 現代詩手帖 2015.9.,포함
고래의 노래,김남조 외,시,,발표 시기 미상,https://library.ltikorea.or.kr/translatedbooks/22545,,번역서 1종 · 예: A GALAXY OF WHALE POEMS,포함
Paysage d'hiver,Jordis,기타,,발표 시기 미상,https://library.ltikorea.or.kr/translatedbooks/22850,,번역서 1종 · 예: Paysage d'hiver,포함
한국고전문학입문서,고미숙,기타,,발표 시기 미상,https://library.ltikorea.or.kr/translatedbooks/22752,,번역서 3종 · 예: HISTORIA DE LA LITERATURA COREANA DE LA EDAD ANTIGUA AL SIGLO XIX,포함
꽈리열매 세탁공장,이언호,기타,,발표 시기 미상,https://library.ltikorea.or.kr/translatedbooks/22748,,번역서 1종 · 예: Olympic Boulevard,포함
우연에 기댈 때도 있었다,황동규,기타,,발표 시기 미상,https://library.ltikorea.or.kr/translatedbooks/22727,,번역서 1종 · 예: Эгшинд найдах үе ч бий,포함
바셀린 붓다 [Basellin butda],정영문,기타,,발표 시기 미상,https://library.ltikorea.or.kr/translatedbooks/22729,,번역서 1종 · 예: Vaseline Buddha,포함
인간에 대한 예의,공지영,기타,,발표 시기 미상,https://library.ltikorea.or.kr/translatedbooks/10429,,번역서 1종 · 예: Human Decency,포함
현대시수첩 2015.10.,김혜순,시,,발표 시기 미상,https://library.ltikorea.or.kr/translatedbooks/22698,,번역서 1종 · 예: 現代詩手帖 2015.10.,포함
설빔,배현주,기타,,발표 시기 미상,https://library.ltikorea.or.kr/translatedbooks/22693,,번역서 1종 · 예: لباس سال نو,포함
Travel Diary Of South Korea / The Land of Phoenix,푸네 네다이,기타,,발표 시기 미상,https://library.ltikorea.or.kr/translatedbooks/22689,,번역서 1종 · 예: سرزمین ققنوس : خاطرات سفر از کره جنوبی,포함
Who am I? : Kang Woo-Hyun's fairy tale in ink drawings,강우현,기타,,발표 시기 미상,https://library.ltikorea.or.kr/translatedbooks/22688,,번역서 1종 · 예: من کیهستم؟,포함
포인트 스토리,강우현,기타,,발표 시기 미상,https://library.ltikorea.or.kr/translatedbooks/22692,,번역서 1종 · 예: قصه نقطه,포함
팥죽 할머니와 호랑이,조대인,기타,,발표 시기 미상,https://library.ltikorea.or.kr/translatedbooks/22691,,번역서 2종 · 예: پیرزن و ببر,포함
식탁 위의 한국사,주영하,기타,,발표 시기 미상,https://library.ltikorea.or.kr/translatedbooks/22685,,번역서 1종 · 예: Lịch sử Hàn Quốc trên bàn ăn,포함
우주피스 공화국,하일지,기타,,발표 시기 미상,https://library.ltikorea.or.kr/translatedbooks/22678,,번역서 2종 · 예: La République d'Užupis,포함
정약용: 한국실학의 집대성,금장태,기타,,발표 시기 미상,https://library.ltikorea.or.kr/translatedbooks/22670,,번역서 1종 · 예: 丁若镛 : 韩国实学之集大成者,포함
Asia Literary Review : Spring 2016. 30,김민정,기타,,발표 시기 미상,https://library.ltikorea.or.kr/translatedbooks/22666,,번역서 1종 · 예: Asia Literary Review : Spring 2016. 30,포함
Contes populaires de Coree,이진명,동화,,발표 시기 미상,https://library.ltikorea.or.kr/translatedbooks/1615,,번역서 1종 · 예: Contes populaires de Corée,포함
정철 송강 시가,정철,기타,,발표 시기 미상,https://library.ltikorea.or.kr/translatedbooks/22646,,번역서 1종 · 예: Сборник стихов Сонгана (Поэзия Сосновой Реки),포함
밤 하늘의 바둑판 [Bam haneurui badukpan],오세영,기타,,발표 시기 미상,https://library.ltikorea.or.kr/translatedbooks/22406,,번역서 1종 · 예: Night-Sky Checkerboard,포함
이광수- 한국근대문학의 아버지와 친일의 낙인,波田野節子著,기타,,발표 시기 미상,https://library.ltikorea.or.kr/translatedbooks/22595,,번역서 1종 · 예: 李光洙- 韓国近代文学の祖と「親日」の烙印,포함
文学ムツク / 먹는 것이 느리다,이신조 외,기타,,발표 시기 미상,https://library.ltikorea.or.kr/translatedbooks/22594,,번역서 1종 · 예: たべるのがおそい,포함
길 위의 집,이혜경,기타,,발표 시기 미상,https://library.ltikorea.or.kr/translatedbooks/22572,,번역서 3종 · 예: 路上的家,포함
순례자의 노래,오정희,기타,,발표 시기 미상,https://library.ltikorea.or.kr/translatedbooks/22578,,번역서 1종 · 예: Future of Silence,포함
슬픈 게이,채호기,기타,,발표 시기 미상,https://library.ltikorea.or.kr/translatedbooks/12830,,번역서 1종 · 예: El maricón triste,포함
시체들,편혜영,기타,,발표 시기 미상,https://library.ltikorea.or.kr/translatedbooks/413332,,번역서 1종 · 예: Cadáveres,포함
심청전,홍종우,장편소설,,발표 시기 미상,https://library.ltikorea.or.kr/translatedbooks/22543,,번역서 1종 · 예: Le bois sec refleuri : roman coréen (Éd.1895),포함
잘 가라 서커스,천운영,기타,,발표 시기 미상,https://library.ltikorea.or.kr/translatedbooks/22553,,번역서 3종 · 예: ADIEU LE CIRQUE!,포함
낯익은 타인들의 도시,최인호,기타,,발표 시기 미상,https://library.ltikorea.or.kr/translatedbooks/22544,,번역서 2종 · 예: Thành phố với những người quen xa lạ,포함
세상에서 가장 비싼 소설,김민정,소설,,발표 시기 미상,https://library.ltikorea.or.kr/translatedbooks/22542,,번역서 1종 · 예: The World''s Most Expensive Novel,포함
한국 현대 문학 입문,우찬제,기타,,발표 시기 미상,https://library.ltikorea.or.kr/translatedbooks/22548,,번역서 1종 · 예: INTRODUCTION À LA LiTTÉRATURE CORÉENNE du XXe siècle,포함
권순찬과 착한 사람들,이기호,기타,,발표 시기 미상,https://library.ltikorea.or.kr/translatedbooks/22541,,번역서 1종 · 예: Kwon Sun-chan and Nice People,포함
오늘 그리고 내일의 노래,김남조,기타,,발표 시기 미상,https://library.ltikorea.or.kr/translatedbooks/22547,,번역서 2종 · 예: 今天与明天的歌,포함
격몽요결,이이,기타,,발표 시기 미상,https://library.ltikorea.or.kr/translatedbooks/22410,,번역서 2종 · 예: Principes essentiels pour éduquer les jeunes gens,포함
박형서 단편선,박형서,기타,,발표 시기 미상,https://library.ltikorea.or.kr/translatedbooks/22453,,번역서 1종 · 예: L'ART DE LA CONTROVERSE,포함
세계인이 함께 보는 한국 문화 교과서,최준식,기타,,발표 시기 미상,https://library.ltikorea.or.kr/translatedbooks/22458,,번역서 1종 · 예: やさしい韓国文化の話52,포함
한국현대문학 단편소설선,김미월,단편소설,,발표 시기 미상,https://library.ltikorea.or.kr/translatedbooks/22455,,번역서 1종 · 예: NOUVELLES DE COREE,포함
흔들리며 피는 꽃,도종환,기타,,발표 시기 미상,https://library.ltikorea.or.kr/translatedbooks/22457,,번역서 1종 · 예: No Flowers Bloom Without Wavering,포함
욕조가 놓인 방 [Yokjoga noin bang],이승우,기타,,발표 시기 미상,https://library.ltikorea.or.kr/translatedbooks/22411,,번역서 1종 · 예: La Baignoire,포함
딴생각,김재혁,기타,,발표 시기 미상,https://library.ltikorea.or.kr/translatedbooks/22403,,번역서 1종 · 예: Gedankenspiele,포함
정오의 희망곡,이장욱,기타,,발표 시기 미상,https://library.ltikorea.or.kr/translatedbooks/22402,,번역서 1종 · 예: Request Line at Noon,포함
식물들의 사생활 [Singmuldeurui sasaenghwal],이승우,기타,,발표 시기 미상,https://library.ltikorea.or.kr/translatedbooks/22359,,번역서 2종 · 예: The Private Life of Plants,포함
착한 가족 [Chakan gajok],서하진,기타,,발표 시기 미상,https://library.ltikorea.or.kr/translatedbooks/22361,,번역서 1종 · 예: A Good Family,포함
한국 시,Michel Miaille,시,,발표 시기 미상,https://library.ltikorea.or.kr/translatedbooks/22362,,번역서 1종 · 예: Poèmes coréens,포함
옥화,금희,기타,,발표 시기 미상,https://library.ltikorea.or.kr/translatedbooks/22366,,번역서 1종 · 예: Ok-hwa,포함
사람의 아들 [Saramui adeul],이문열,기타,,발표 시기 미상,https://library.ltikorea.or.kr/translatedbooks/22358,,번역서 1종 · 예: Son of Man,포함
시차,백수린,기타,,발표 시기 미상,https://library.ltikorea.or.kr/translatedbooks/22365,,번역서 1종 · 예: Time Difference,포함
낯익은 타인들의 도시 [Nachigeun taindeurui dosi],최인호,기타,,발표 시기 미상,https://library.ltikorea.or.kr/translatedbooks/22364,,번역서 1종 · 예: Город знакомых незнакомцев,포함
나는 이 세상에 없는 계절이다,김경주,기타,,발표 시기 미상,https://library.ltikorea.or.kr/translatedbooks/22363,,번역서 1종 · 예: I Am a Season That Does Not Exist in the World,포함
무슨 일이 일어났는지는 아무도,김영하,기타,,발표 시기 미상,https://library.ltikorea.or.kr/translatedbooks/22352,,번역서 2종 · 예: Никто не узнает,포함
높고 푸른 사다리 [Nopgo pureun sadari],공지영,기타,,발표 시기 미상,https://library.ltikorea.or.kr/translatedbooks/22260,,번역서 1종 · 예: L'échelle de Jacob,포함
삼개국어 연시,김혜순 [외],기타,,발표 시기 미상,https://library.ltikorea.or.kr/translatedbooks/22268,,번역서 1종 · 예: Trilingual Renshi,포함
슬픔치약 거울크림,김혜순,기타,,발표 시기 미상,https://library.ltikorea.or.kr/translatedbooks/22354,,번역서 2종 · 예: DENTIFRICETRISTESSE CREMEMIROIR,포함
열아홉 스물하나 2,요한,기타,,발표 시기 미상,https://library.ltikorea.or.kr/translatedbooks/22340,,"번역서 1종 · 예: Neunzehn, einundzwanzig 2",포함
열아홉 스물하나 1,요한,기타,,발표 시기 미상,https://library.ltikorea.or.kr/translatedbooks/22338,,"번역서 1종 · 예: Neunzehn, einundzwanzig 1",포함
한국문학 단편선,윤대녕,기타,,발표 시기 미상,https://library.ltikorea.or.kr/translatedbooks/22343,,"번역서 1종 · 예: COREE DES VILLES, COREE DES CHAMPS",포함
파페포포 안단테,심승현,기타,,발표 시기 미상,https://library.ltikorea.or.kr/translatedbooks/22336,,번역서 1종 · 예: Chuyện pape và popo- Sống Chậm,포함
자성록,이황,기타,,발표 시기 미상,https://library.ltikorea.or.kr/translatedbooks/22344,,번역서 1종 · 예: 自省録,포함
비밀의 문: 18세기 조선의 자유로운 이야기,작자미상,동화,,발표 시기 미상,https://library.ltikorea.or.kr/translatedbooks/22342,,번역서 1종 · 예: La Porte des secrets: Et autres contes libertins de Corée,포함
아시아의 죽음 문화: 인도에서 몽골까지,이평래,기타,,발표 시기 미상,https://library.ltikorea.or.kr/translatedbooks/22333,,번역서 1종 · 예: Death in Asia: From India to Mongolia,포함
분열식,서정인,기타,,발표 시기 미상,https://library.ltikorea.or.kr/translatedbooks/1514,,번역서 1종 · 예: Défilé,포함
산정묘지,조정권,기타,,발표 시기 미상,https://library.ltikorea.or.kr/translatedbooks/1469,,번역서 2종 · 예: Une tombe au sommet,포함
petit traité de sagesse pour le monde présent / 지금도 쓸쓸하냐,이현주,기타,,발표 시기 미상,https://library.ltikorea.or.kr/translatedbooks/413719,,"번역서 1종 · 예: Maître, pourquoi?",포함
현대한국출판사,이두영,기타,,발표 시기 미상,https://library.ltikorea.or.kr/translatedbooks/22326,,번역서 1종 · 예: 韓国出版発展史 (1945~2010),포함
아들의 겨울,김주영,기타,,발표 시기 미상,https://library.ltikorea.or.kr/translatedbooks/22346,,번역서 1종 · 예: 儿子的冬天,포함
신경옥이 사는 법,신경옥,기타,,발표 시기 미상,https://library.ltikorea.or.kr/translatedbooks/22347,,번역서 1종 · 예: 喜歡小日子,포함
이미륵 평전,박균,기타,,발표 시기 미상,https://library.ltikorea.or.kr/translatedbooks/22348,,번역서 1종 · 예: Wanderer zwischen zwei Welten,포함
이야기동학농민전쟁,송기숙,기타,,발표 시기 미상,https://library.ltikorea.or.kr/translatedbooks/22328,,번역서 1종 · 예: 朝鮮東学農民戦争を知っていますか?,포함
불온한 것들의 존재론,이진경,기타,,발표 시기 미상,https://library.ltikorea.or.kr/translatedbooks/22330,,번역서 1종 · 예: 不穏なるものたちの存在論,포함
관계,안도현,기타,,발표 시기 미상,https://library.ltikorea.or.kr/translatedbooks/22332,,번역서 2종 · 예: 关系,포함
우리들의 일그러진 영웅/익명의 섬,이문열,기타,,발표 시기 미상,https://library.ltikorea.or.kr/translatedbooks/5409,,번역서 1종 · 예: Değişen Kahramanimiz,포함
지금 이 순간,하지원,기타,,발표 시기 미상,https://library.ltikorea.or.kr/translatedbooks/22309,,번역서 1종 · 예: 此時此刻,포함
명랑하라 팜 파탈,김이듬,기타,,발표 시기 미상,https://library.ltikorea.or.kr/translatedbooks/22308,,번역서 1종 · 예: CHEER UP FEMME FATALE,포함
창비 아기책 (내거야),정순희,기타,,발표 시기 미상,https://library.ltikorea.or.kr/translatedbooks/22310,,번역서 1종 · 예: 这是我的,포함
소지섭의 Everyday,소지섭,기타,,발표 시기 미상,https://library.ltikorea.or.kr/translatedbooks/22311,,번역서 1종 · 예: 蘇志燮的每一天,포함
고양이가 돌아오는 저녁,송찬호,기타,,발표 시기 미상,https://library.ltikorea.or.kr/translatedbooks/22307,,번역서 2종 · 예: The Night of the Cat''s Return,포함
상행,김광규,기타,,발표 시기 미상,https://library.ltikorea.or.kr/translatedbooks/997,,번역서 1종 · 예: A journey to Seoul,포함
한국 고전 선집,김시습 외,기타,,발표 시기 미상,https://library.ltikorea.or.kr/translatedbooks/22291,,번역서 1종 · 예: Confucians in Love,포함
못자국,현길언,기타,,발표 시기 미상,https://library.ltikorea.or.kr/translatedbooks/22301,,번역서 2종 · 예: 戦争ごっこ,포함
한국 고전 선집,유득공 외,기타,,발표 시기 미상,https://library.ltikorea.or.kr/translatedbooks/22290,,번역서 1종 · 예: Avengers & Artists,포함
손놀이 미술놀이,Sunny Kim,기타,,발표 시기 미상,https://library.ltikorea.or.kr/translatedbooks/22289,,번역서 1종 · 예: Creative Hand Art,포함
한국 고전 선집,작자 미상,기타,,발표 시기 미상,https://library.ltikorea.or.kr/translatedbooks/22293,,번역서 1종 · 예: All Walks of Life,포함
세계무형문화재 판소리,한유미,기타,,발표 시기 미상,https://library.ltikorea.or.kr/translatedbooks/22298,,번역서 1종 · 예: Le pansori : un art de la scène,포함
한국고전산문,임춘 외 [Author],기타,,발표 시기 미상,https://library.ltikorea.or.kr/translatedbooks/22296,,번역서 1종 · 예: Упрекът на тигъра,포함
환영,김이설,기타,,발표 시기 미상,https://library.ltikorea.or.kr/translatedbooks/22295,,번역서 2종 · 예: Willkommen,포함
몽타주,최수철,기타,,발표 시기 미상,https://library.ltikorea.or.kr/translatedbooks/22304,,번역서 1종 · 예: 画影图形,포함
순간의 꽃,고은,기타,,발표 시기 미상,https://library.ltikorea.or.kr/translatedbooks/22299,,번역서 4종 · 예: Fleurs de l''instant,포함
한국 고전 선집,이옥,기타,,발표 시기 미상,https://library.ltikorea.or.kr/translatedbooks/22294,,번역서 1종 · 예: Lives of Women,포함
a novel. 토지,박경리,기타,,발표 시기 미상,https://library.ltikorea.or.kr/translatedbooks/726,,번역서 2종 · 예: Land,포함
창비아기책 / 쪽,정호선,기타,,발표 시기 미상,https://library.ltikorea.or.kr/translatedbooks/22247,,번역서 1종 · 예: 亲亲,포함
카모메 식당의 여자들,황희연,기타,,발표 시기 미상,https://library.ltikorea.or.kr/translatedbooks/22245,,번역서 1종 · 예: 谁也不该将就生活-海鸥食堂里的暖心故事,포함
김수복 시선집,김수복,시,,발표 시기 미상,https://library.ltikorea.or.kr/translatedbooks/22244,,번역서 1종 · 예: Beating on Iron,포함
지금 내 아이에게 해야 할 80가지 질문,손석한,기타,,발표 시기 미상,https://library.ltikorea.or.kr/translatedbooks/22243,,번역서 1종 · 예: 千萬不要跟孩子這樣說話,포함
생의 이면,이승우,기타,,발표 시기 미상,https://library.ltikorea.or.kr/translatedbooks/22241,,번역서 4종 · 예: Ta druhá strana života,포함
감염된 언어 [Gamnyeomdoen eoneo],고종석,기타,,발표 시기 미상,https://library.ltikorea.or.kr/translatedbooks/22231,,번역서 1종 · 예: ภาษาติดเชื้อ,포함
죽은 시인들과의 시간 [Jugeun siindeulgwaui sigan],고은,기타,,발표 시기 미상,https://library.ltikorea.or.kr/translatedbooks/22232,,번역서 1종 · 예: UNAS HORAS CON LOS POETAS MUERTOS,포함
귀뚜라미가 온다,백가흠,기타,,발표 시기 미상,https://library.ltikorea.or.kr/translatedbooks/22233,,번역서 1종 · 예: Se viene el tifón,포함
난중일기,이순신,기타,,발표 시기 미상,https://library.ltikorea.or.kr/translatedbooks/22234,,번역서 3종 · 예: Nhật ký trong gian lao,포함
히말라야,고은,시,,발표 시기 미상,https://library.ltikorea.or.kr/translatedbooks/22236,,번역서 2종 · 예: Poèmes de l''Himalaya,포함
Traduire la vie: meeting nº I3 - textes bilingues,김언수,기타,,발표 시기 미상,https://library.ltikorea.or.kr/translatedbooks/22198,,번역서 1종 · 예: Traduire la vie: meeting nº I3 - textes bilingues,포함
스무고개 탐정과 마술사2,허교범,기타,,발표 시기 미상,https://library.ltikorea.or.kr/translatedbooks/22197,,번역서 1종 · 예: 猫咪遭袭事件,포함
스무고개 탐정과 마술사1,허교범,기타,,발표 시기 미상,https://library.ltikorea.or.kr/translatedbooks/22196,,번역서 1종 · 예: 二十问侦探和魔术师,포함
想要说给月亮听的故事,신경숙,기타,,발표 시기 미상,https://library.ltikorea.or.kr/translatedbooks/22185,,번역서 1종 · 예: 想要说给月亮听的故事,포함
深藍帝國 : 海洋爭霸的時代1400-1900,주경철,기타,,발표 시기 미상,https://library.ltikorea.or.kr/translatedbooks/22186,,번역서 1종 · 예: 深藍帝國 : 海洋爭霸的時代1400-1900,포함
Winternacht 0Uhr 5Minuten,황동규,기타,,발표 시기 미상,https://library.ltikorea.or.kr/translatedbooks/22181,,번역서 1종 · 예: Winternacht 0Uhr 5Minuten,포함
séoul/port-au-prince : revue bilingue,황정은,기타,,발표 시기 미상,https://library.ltikorea.or.kr/translatedbooks/22187,,번역서 1종 · 예: séoul/port-au-prince : revue bilingue,포함
通过世界遗产了解韩国历史,한국학중앙연구원,기타,,발표 시기 미상,https://library.ltikorea.or.kr/translatedbooks/22133,,번역서 1종 · 예: 通过世界遗产了解韩国历史,포함
Explorando la historia de Corea a través de sus Patrimonios de la Humanidad,한국학중앙연구원,기타,,발표 시기 미상,https://library.ltikorea.or.kr/translatedbooks/22134,,번역서 1종 · 예: Explorando la historia de Corea a través de sus Patrimonios de la Humanidad,포함
Изучение истории Кореи через : Всемирное наследие,한국학중앙연구원,기타,,발표 시기 미상,https://library.ltikorea.or.kr/translatedbooks/22135,,번역서 1종 · 예: Изучение истории Кореи через : Всемирное наследие,포함
Postmodern Art in Korea : from 1985 on,정영목,기타,,발표 시기 미상,https://library.ltikorea.or.kr/translatedbooks/22140,,번역서 1종 · 예: Postmodern Art in Korea : from 1985 on,포함
Культурная панорама Кореи,한국학중앙연구원,기타,,발표 시기 미상,https://library.ltikorea.or.kr/translatedbooks/22136,,번역서 1종 · 예: Культурная панорама Кореи,포함
Cultural landscapes of Korea,한국학중앙연구원,기타,,발표 시기 미상,https://library.ltikorea.or.kr/translatedbooks/22139,,번역서 1종 · 예: Cultural landscapes of Korea,포함
韩国文化景观,한국학중앙연구원,기타,,발표 시기 미상,https://library.ltikorea.or.kr/translatedbooks/22137,,번역서 1종 · 예: 韩国文化景观,포함
Paisajes Culturales De Coreaa,한국학중앙연구원,기타,,발표 시기 미상,https://library.ltikorea.or.kr/translatedbooks/22138,,번역서 1종 · 예: Paisajes Culturales De Coreaa,포함
왕을 찾아서[Wangeul chajaseo],성석제,기타,,발표 시기 미상,https://library.ltikorea.or.kr/translatedbooks/22095,,번역서 1종 · 예: 寻觅王者,포함
김승옥 단편선.,김승옥,기타,,발표 시기 미상,https://library.ltikorea.or.kr/translatedbooks/22092,,번역서 1종 · 예: ソウル1964年 冬 ―金承鈺短編集―,포함
夏天最後的日記,이경혜,기타,,발표 시기 미상,https://library.ltikorea.or.kr/translatedbooks/22089,,번역서 1종 · 예: 夏天最後的日記,포함
Great Soul of Siberia,박수용,기타,,발표 시기 미상,https://library.ltikorea.or.kr/translatedbooks/22088,,번역서 1종 · 예: Great Soul of Siberia,포함
인도 바람도 그릴 수 있다면,박혜경,기타,,발표 시기 미상,https://library.ltikorea.or.kr/translatedbooks/13320,,번역서 1종 · 예: 印度團團轉,포함
아파트가 아니어도 좋아,에프북,기타,,발표 시기 미상,https://library.ltikorea.or.kr/translatedbooks/13321,,번역서 1종 · 예: 喜歡小房子 : 我家不是豪宅，但很舒服,포함
띵굴마님은 캠핑이 좋아,이혜선,기타,,발표 시기 미상,https://library.ltikorea.or.kr/translatedbooks/13324,,번역서 1종 · 예: 我為什麼愛上露營？,포함
복은 나누고 한은 푸시게,김금화,기타,,발표 시기 미상,https://library.ltikorea.or.kr/translatedbooks/13328,,"번역서 1종 · 예: Partager le Bonheur, Dénouer la Rancœur",포함
프로젝트 뉴욕,이민기,기타,,발표 시기 미상,https://library.ltikorea.or.kr/translatedbooks/13330,,번역서 1종 · 예: 像他們一樣工作,포함
Alone With Myself : Songs of Thorns and Flowers Vol. 5,구상,기타,,발표 시기 미상,https://library.ltikorea.or.kr/translatedbooks/13327,,번역서 1종 · 예: Alone With Myself : Songs of Thorns and Flowers Vol. 5,포함
飲食のくにではピビムパプが民主主義だ : おいしい詩を添えて,한국시인협회,시,,발표 시기 미상,https://library.ltikorea.or.kr/translatedbooks/13329,,번역서 1종 · 예: 飲食のくにではピビムパプが民主主義だ : おいしい詩を添えて,포함
동아시아 문명론,조동일,기타,,발표 시기 미상,https://library.ltikorea.or.kr/translatedbooks/13326,,번역서 1종 · 예: LÝ LUÂN VỀ VĂN MINH ĐÔNG Á,포함
Wandeuk - CẬU HỌC TRÕ NỐI LOẠN,김려령,기타,,발표 시기 미상,https://library.ltikorea.or.kr/translatedbooks/13325,,번역서 1종 · 예: Wandeuk - CẬU HỌC TRÕ NỐI LOẠN,포함
디지털세상이 아이를 아프게 한다,신의진,기타,,발표 시기 미상,https://library.ltikorea.or.kr/translatedbooks/13322,,번역서 1종 · 예: 其實是數位在傷害孩子,포함
아빠대화법,전도근,기타,,발표 시기 미상,https://library.ltikorea.or.kr/translatedbooks/13323,,번역서 1종 · 예: 跟自己的孩子聊得來,포함
포기하는 용기,이승욱,기타,,발표 시기 미상,https://library.ltikorea.or.kr/translatedbooks/13317,,"번역서 1종 · 예: 为自己, 敢不敢再活一次",포함
퇴근,천명관,기타,,발표 시기 미상,https://library.ltikorea.or.kr/translatedbooks/12819,,번역서 1종 · 예: Homecoming,포함
올드 맨 리버,이장욱,기타,,발표 시기 미상,https://library.ltikorea.or.kr/translatedbooks/13315,,번역서 1종 · 예: Old Man River,포함
싱글빌,최윤교,기타,,발표 시기 미상,https://library.ltikorea.or.kr/translatedbooks/13316,,번역서 1종 · 예: 只因单身在一起,포함
야생사과,나희덕,기타,,발표 시기 미상,https://library.ltikorea.or.kr/translatedbooks/13313,,번역서 1종 · 예: Wild Apple,포함
까사마미 수납개조,심현주,기타,,발표 시기 미상,https://library.ltikorea.or.kr/translatedbooks/13318,,번역서 1종 · 예: Casa妈咪创意收纳,포함
강산무진,김훈,기타,,발표 시기 미상,https://library.ltikorea.or.kr/translatedbooks/13312,,번역서 1종 · 예: Acht Leben,포함
한국의 전통연희와 동아시아,서연호,기타,,발표 시기 미상,https://library.ltikorea.or.kr/translatedbooks/13310,,번역서 1종 · 예: 韓国の伝統芸能と東アジア,포함
椅子取りゲーム : 韓国サンヨン自動車労働争議の眞実,공지영,기타,,발표 시기 미상,https://library.ltikorea.or.kr/translatedbooks/13277,,번역서 1종 · 예: 椅子取りゲーム : 韓国サンヨン自動車労働争議の眞実,포함
미생 4,윤태호,기타,,발표 시기 미상,https://library.ltikorea.or.kr/translatedbooks/201,,번역서 1종 · 예: 未生 4: 正著,포함
미생 8,윤태호,기타,,발표 시기 미상,https://library.ltikorea.or.kr/translatedbooks/414163,,번역서 1종 · 예: 未生 8: 死活,포함
미생 7,윤태호,기타,,발표 시기 미상,https://library.ltikorea.or.kr/translatedbooks/414162,,번역서 1종 · 예: 未生 7: 亂局,포함
미생 1,윤태호,기타,,발표 시기 미상,https://library.ltikorea.or.kr/translatedbooks/414160,,번역서 1종 · 예: 未生 1: 著手,포함
미생 9,윤태호,기타,,발표 시기 미상,https://library.ltikorea.or.kr/translatedbooks/229,,번역서 1종 · 예: 未生 9: 終局,포함
미생 5,윤태호,기타,,발표 시기 미상,https://library.ltikorea.or.kr/translatedbooks/203,,번역서 1종 · 예: 未生 5: 要子,포함
미생 6,윤태호,기타,,발표 시기 미상,https://library.ltikorea.or.kr/translatedbooks/217,,번역서 1종 · 예: 未生 6: 封手,포함
미생 2,윤태호,기타,,발표 시기 미상,https://library.ltikorea.or.kr/translatedbooks/199,,번역서 1종 · 예: 未生 2: 挑戰,포함
미생 3,윤태호,기타,,발표 시기 미상,https://library.ltikorea.or.kr/translatedbooks/200,,번역서 1종 · 예: 未生 3: 棋風,포함
한국한시선집,김시습,시,,발표 시기 미상,https://library.ltikorea.or.kr/translatedbooks/13260,,번역서 1종 · 예: Рисунки тушью,포함
이만큼 가까이,정세랑,기타,,발표 시기 미상,https://library.ltikorea.or.kr/translatedbooks/13261,,번역서 1종 · 예: アンダー、サンダー、テンダー,포함
조선전기 불복장직물의 연구,김영숙,기타,,발표 시기 미상,https://library.ltikorea.or.kr/translatedbooks/10736,,번역서 1종 · 예: 朝鮮前期仏像納入織物の研究 : 黒石寺阿弥陀仏像納入織物を中心に,포함
パペとポポの純愛メモリ- / 파페포포메모리즈,심승현,기타,,발표 시기 미상,https://library.ltikorea.or.kr/translatedbooks/2701,,번역서 1종 · 예: サランサラン,포함
ユダヤ敎 キリスト敎 イスラム敎 ヒソズー敎 仏敎 儒敎 その他 / 신의 나라 인간 나라,이원복,기타,,발표 시기 미상,https://library.ltikorea.or.kr/translatedbooks/13244,,번역서 1종 · 예: 世界の宗敎,포함
신의 나라 인간 나라: 신화의 세계편,이원복,소설,,발표 시기 미상,https://library.ltikorea.or.kr/translatedbooks/410209,,"번역서 1종 · 예: 世界の神話 : 神話の生成と各地の神話, 神タと英雄の活躍",포함
문학이라는 것의 욕망,정명교,기타,,발표 시기 미상,https://library.ltikorea.or.kr/translatedbooks/13194,,번역서 1종 · 예: Un désir de littérature coréenne,포함
그래도 압록강은 흐른다,이미륵,기타,,발표 시기 미상,https://library.ltikorea.or.kr/translatedbooks/10509,,번역서 1종 · 예: Vom Yalu bis zur Isar Erzählungen,포함
Briefe und Lebenszeugnisse. 이상한 사투리: 편지와 증언,이미륵,기타,,발표 시기 미상,https://library.ltikorea.or.kr/translatedbooks/10510,,번역서 1종 · 예: DER ANDERE DIALEKT : Briefe und Lebenszeugnisse,포함
어디선가 나를 찾는 전화벨이 울리고 i gọi tôi,신경숙,기타,,발표 시기 미상,https://library.ltikorea.or.kr/translatedbooks/13185,,번역서 1종 · 예: Ở đâu đó có điện thoạ,포함
"엄마, 나 또 올게",홍영녀,기타,,발표 시기 미상,https://library.ltikorea.or.kr/translatedbooks/13184,,"번역서 1종 · 예: Mẹ ơi, con sẽ lại về",포함
Journal of Korean literature & Culture / 아젤리아,McCann,기타,,발표 시기 미상,https://library.ltikorea.or.kr/translatedbooks/13182,,번역서 1종 · 예: Azalea,포함
The new series from the creator of Priest. 1 / 고스트페이스,형민우,기타,,발표 시기 미상,https://library.ltikorea.or.kr/translatedbooks/8363,,번역서 1종 · 예: Ghost face,포함
우주피스 공화국,Ha Ilči,기타,,발표 시기 미상,https://library.ltikorea.or.kr/translatedbooks/13183,,번역서 1종 · 예: Republika Užupis,포함
학교 다녀오겠습니다,방민희,기타,,발표 시기 미상,https://library.ltikorea.or.kr/translatedbooks/406365,,번역서 1종 · 예: 我去上学了,포함
도대체 그 동안 무슨 일이 일어났을까?,이호백,기타,,발표 시기 미상,https://library.ltikorea.or.kr/translatedbooks/13148,,번역서 2종 · 예: While we were out,포함
한국의풍속화,정병모,기타,,발표 시기 미상,https://library.ltikorea.or.kr/translatedbooks/13138,,번역서 1종 · 예: 韩国风俗画,포함
lòng mẹ bình yên / 고령화 가족,천명관,기타,,발표 시기 미상,https://library.ltikorea.or.kr/translatedbooks/13136,,번역서 1종 · 예: Ngoài kia dông bão,포함
"18位名人, 18則傳奇, 18個影響全球的時尚指標 / 아이콘의 탄생",강민지,기타,,발표 시기 미상,https://library.ltikorea.or.kr/translatedbooks/13139,,번역서 1종 · 예: 時尚經典的誕生,포함
수영장,이지현,기타,,발표 시기 미상,https://library.ltikorea.or.kr/translatedbooks/13140,,번역서 2종 · 예: LA PISCINA,포함
1-3 / 워크래프트,김재환,기타,,발표 시기 미상,https://library.ltikorea.or.kr/translatedbooks/2062,,번역서 1종 · 예: Warcraft: The Sunwell Trilogy,포함
"새: 한국의 새와 함께한 45년, 생태 사진가 유범주의 새 이야기",유범주,기타,,발표 시기 미상,https://library.ltikorea.or.kr/translatedbooks/9517,,"번역서 1종 · 예: Vögel Koreas : 45 Jahre gelebte Vogelbeobachtung - Geschichten ü̈ber Vögel, erzählt vom Natur-Fotografen",포함
한국미의 조명,조요한,기타,,발표 시기 미상,https://library.ltikorea.or.kr/translatedbooks/2007,,번역서 1종 · 예: Koreanische Ästhetik,포함
대한불교사,Gruberová,기타,,발표 시기 미상,https://library.ltikorea.or.kr/translatedbooks/9496,,번역서 1종 · 예: Jak se prodavač papíru stal buddhou : korejské buddhistické legendy,포함
roman / 한씨연대기,황석영,기타,,발표 시기 미상,https://library.ltikorea.or.kr/translatedbooks/13048,,번역서 1종 · 예: Monsieur Han,포함
내릴 수 없는 배: 세월호로 드러난 부끄러운 대한민국을 말하다,우석훈,기타,,발표 시기 미상,https://library.ltikorea.or.kr/translatedbooks/13032,,번역서 1종 · 예: 降りられない船 : セウォル号沈没事故からみた韓国,포함
세상에서 가장 아름다운 이별,ノ ヒギョン,기타,,발표 시기 미상,https://library.ltikorea.or.kr/translatedbooks/13030,,번역서 1종 · 예: この世でいちばん美しい別れ,포함
韓国・朝鮮の知を読む,谷川 俊太郎,기타,,발표 시기 미상,https://library.ltikorea.or.kr/translatedbooks/13031,,번역서 1종 · 예: 韓国・朝鮮の知を読む,포함
한국민담집,[Unknowned],소설,,발표 시기 미상,https://library.ltikorea.or.kr/translatedbooks/11494,,번역서 4종 · 예: Koreanische Volkserzählungen,포함
금시조: 한국현대중편소설선,이문열 외,소설,,발표 시기 미상,https://library.ltikorea.or.kr/translatedbooks/413366,,번역서 1종 · 예: سنہری ققنس: کوریا کے سات جدید افسانے : SUNEHRI QAQNAS The Golden Phoenix Seven Contemporary Korean Short Stories,포함
"Chung Hyo ye : Tales of filial devotion, loyalty, respect and benevolence from the history and folktale of Korea",Diamond Sutra Recitation group,기타,,발표 시기 미상,https://library.ltikorea.or.kr/translatedbooks/13011,,"번역서 1종 · 예: Chung Hyo ye : Tales of filial devotion, loyalty, respect and benevolence from the history and folktale of Korea",포함
한국현대단편선,김동인 외,기타,,발표 시기 미상,https://library.ltikorea.or.kr/translatedbooks/2,,번역서 1종 · 예: أمي والحب الراحل وقصص أخرى من الأدب الكوري,포함
런던수집,이은이,기타,,발표 시기 미상,https://library.ltikorea.or.kr/translatedbooks/12990,,번역서 1종 · 예: 去倫敦街頭上創意課,포함
"바람이 분다, 당신이 좋다",이병률,기타,,발표 시기 미상,https://library.ltikorea.or.kr/translatedbooks/12991,,번역서 1종 · 예: 起風時 我愛你,포함
감정수업,강신주,기타,,발표 시기 미상,https://library.ltikorea.or.kr/translatedbooks/12989,,번역서 1종 · 예: 情感的48種面貌,포함
하백의 신부 12,윤미경,기타,,발표 시기 미상,https://library.ltikorea.or.kr/translatedbooks/414562,,번역서 1종 · 예: A vízisten menyasszonya. 12,포함
하백의 신부 11,윤미경,기타,,발표 시기 미상,https://library.ltikorea.or.kr/translatedbooks/414561,,번역서 1종 · 예: A vízisten menyasszonya. 11,포함
6-10 / 하백의 신부,윤미경,기타,,발표 시기 미상,https://library.ltikorea.or.kr/translatedbooks/9885,,번역서 1종 · 예: A vízisten menyasszonya,포함
tradición y transformación / Korean buddhism: tradition and transformation,Shim Jae-ryong,기타,,발표 시기 미상,https://library.ltikorea.or.kr/translatedbooks/12967,,번역서 1종 · 예: Budismo coreano,포함
조선 여성의 일생,규장각한국학연구원,기타,,발표 시기 미상,https://library.ltikorea.or.kr/translatedbooks/12875,,번역서 1종 · 예: 朝鮮時代の女性の歴史: 家父長的規範と女性の一生,포함
별을 스치는 바람,JUNG-MYUNG LEE [Author],기타,,발표 시기 미상,https://library.ltikorea.or.kr/translatedbooks/12877,,번역서 1종 · 예: The Investigation,포함
Korean Folk Songs : Stars in the Sky and Dreams in Our Hearts,Robert Sang-ung Choi [Author],기타,,발표 시기 미상,https://library.ltikorea.or.kr/translatedbooks/12841,,번역서 1종 · 예: Korean Folk Songs : Stars in the Sky and Dreams in Our Hearts,포함
내 이름은 안대용,양연주,기타,,발표 시기 미상,https://library.ltikorea.or.kr/translatedbooks/406376,,번역서 1종 · 예: 和伤心说再见,포함
나는 누구일까요?,박윤경,기타,,발표 시기 미상,https://library.ltikorea.or.kr/translatedbooks/406356,,번역서 1종 · 예: 我是谁,포함
행복한 미용사 툴라,윤민재,기타,,발표 시기 미상,https://library.ltikorea.or.kr/translatedbooks/406354,,번역서 1종 · 예: 幸福的美容师 土拉,포함
화가들이 사는 별나라,신정민,기타,,발표 시기 미상,https://library.ltikorea.or.kr/translatedbooks/406351,,번역서 1종 · 예: 画家的星国,포함
강아지로 변한 날,서지원,기타,,발표 시기 미상,https://library.ltikorea.or.kr/translatedbooks/406371,,번역서 1종 · 예: 说脏话一点儿也不帅,포함
Founder of Korea's Choson Dynasty / 태조실록 = 太祖康獻大王實錄,[Trnaslated and Annotated by] Choi byonghyon.,기타,,발표 시기 미상,https://library.ltikorea.or.kr/translatedbooks/12828,,번역서 1종 · 예: The Annals of King T'aejo,포함
Korean children's favorite stories,김소운,단편소설,,발표 시기 미상,https://library.ltikorea.or.kr/translatedbooks/12823,,번역서 1종 · 예: Korean children's favorite stories,포함
청개구리,허유미,기타,,발표 시기 미상,https://library.ltikorea.or.kr/translatedbooks/414363,,번역서 1종 · 예: The Green Frogs,포함
양의 미래,황정은,기타,,발표 시기 미상,https://library.ltikorea.or.kr/translatedbooks/12818,,번역서 1종 · 예: Kong's Garden,포함
파도야 놀자,이수지,기타,,발표 시기 미상,https://library.ltikorea.or.kr/translatedbooks/12826,,번역서 1종 · 예: Wave,포함
갯마을,오영수,기타,,발표 시기 미상,https://library.ltikorea.or.kr/translatedbooks/12748,,번역서 2종 · 예: Seaside Village,포함
화요일의 강,손홍규,기타,,발표 시기 미상,https://library.ltikorea.or.kr/translatedbooks/12728,,번역서 2종 · 예: Tuesday River,포함
고수,이외수,기타,,발표 시기 미상,https://library.ltikorea.or.kr/translatedbooks/12729,,번역서 2종 · 예: Grand Master,포함
모독,조세희,기타,,발표 시기 미상,https://library.ltikorea.or.kr/translatedbooks/12727,,번역서 2종 · 예: Insult,포함
소망,채만식,기타,,발표 시기 미상,https://library.ltikorea.or.kr/translatedbooks/12749,,번역서 2종 · 예: Juvesenility,중복 제외 (앞 순위 출처에 있음)
말을 찾아서,이순원,기타,,발표 시기 미상,https://library.ltikorea.or.kr/translatedbooks/12730,,번역서 2종 · 예: Looking for a Horse,포함
상춘곡,윤대녕,기타,,발표 시기 미상,https://library.ltikorea.or.kr/translatedbooks/12731,,번역서 2종 · 예: Song of Everlasting Spring,포함
삭매와 자미,김별아,기타,,발표 시기 미상,https://library.ltikorea.or.kr/translatedbooks/12732,,번역서 2종 · 예: Sakmae and Jami,포함
저만치 혼자서,김훈,기타,,발표 시기 미상,https://library.ltikorea.or.kr/translatedbooks/12733,,번역서 2종 · 예: Alone Over There,포함
사랑손님과 어머니,주요섭,기타,,발표 시기 미상,https://library.ltikorea.or.kr/translatedbooks/12747,,번역서 2종 · 예: Mama and the Boarder,포함
달밤,이태준,기타,,발표 시기 미상,https://library.ltikorea.or.kr/translatedbooks/12746,,번역서 2종 · 예: An Idiot's Delight,포함
오발탄,이범석,기타,,발표 시기 미상,https://library.ltikorea.or.kr/translatedbooks/12758,,번역서 1종 · 예: A Stray Bullet,포함
탈출기,최서해,기타,,발표 시기 미상,https://library.ltikorea.or.kr/translatedbooks/12736,,번역서 2종 · 예: Escape,중복 제외 (앞 순위 출처에 있음)
아들,윤정모,기타,,발표 시기 미상,https://library.ltikorea.or.kr/translatedbooks/12725,,번역서 1종 · 예: Father and Son,포함
과도기,한설야,기타,,발표 시기 미상,https://library.ltikorea.or.kr/translatedbooks/12737,,번역서 2종 · 예: Transition,포함
언니를 놓치다,이경자,기타,,발표 시기 미상,https://library.ltikorea.or.kr/translatedbooks/12724,,번역서 2종 · 예: Losing a Sister,포함
소나기,황순원,기타,,발표 시기 미상,https://library.ltikorea.or.kr/translatedbooks/12754,,번역서 1종 · 예: The Cloudburst,포함
등신불,김동리,기타,,발표 시기 미상,https://library.ltikorea.or.kr/translatedbooks/12755,,번역서 1종 · 예: Tungsin-bul,포함
비 오는 날,손창섭,기타,,발표 시기 미상,https://library.ltikorea.or.kr/translatedbooks/12757,,번역서 1종 · 예: Rainy Days,포함
명두,구효서,기타,,발표 시기 미상,https://library.ltikorea.or.kr/translatedbooks/12726,,번역서 2종 · 예: Relics,포함
두 파산,염상섭,기타,,발표 시기 미상,https://library.ltikorea.or.kr/translatedbooks/12750,,번역서 2종 · 예: Two Bankrupticies,포함
요한 시집,장용학,시,,발표 시기 미상,https://library.ltikorea.or.kr/translatedbooks/12756,,번역서 1종 · 예: The Poetry of John,포함
김 강사와 T 교수,유진오,기타,,발표 시기 미상,https://library.ltikorea.or.kr/translatedbooks/12740,,번역서 2종 · 예: Lecturer Kim and Professor T,포함
빛 속에,김사량,기타,,발표 시기 미상,https://library.ltikorea.or.kr/translatedbooks/12743,,번역서 2종 · 예: Into the Light,포함
비 오는 길,최명익,기타,,발표 시기 미상,https://library.ltikorea.or.kr/translatedbooks/12742,,번역서 2종 · 예: Walking in the Rain,포함
풀잎,이효석,기타,,발표 시기 미상,https://library.ltikorea.or.kr/translatedbooks/12751,,번역서 2종 · 예: Leaves of Grass,중복 제외 (앞 순위 출처에 있음)
꺼삐딴 리,전광용,기타,,발표 시기 미상,https://library.ltikorea.or.kr/translatedbooks/12753,,번역서 2종 · 예: Kapitan Ri,포함
서편제,이청준,기타,,발표 시기 미상,https://library.ltikorea.or.kr/translatedbooks/12722,,번역서 4종 · 예: 西便制,포함
아홉 켤레의 구두로 남은 사내,윤흥길,기타,,발표 시기 미상,https://library.ltikorea.or.kr/translatedbooks/12721,,번역서 4종 · 예: 化身九双鞋的男人,포함
Korean Way Of Tea : An Introduction Guide,안선재,기타,,발표 시기 미상,https://library.ltikorea.or.kr/translatedbooks/12713,,번역서 1종 · 예: Korean Way Of Tea : An Introduction Guide,포함
A Korean Poet's Songs of the Motherland's Reunification,황갑주,기타,,발표 시기 미상,https://library.ltikorea.or.kr/translatedbooks/12693,,번역서 1종 · 예: A Korean Poet's Songs of the Motherland's Reunification,포함
한국의 현대시 450편,한용운 외,시,,발표 시기 미상,https://library.ltikorea.or.kr/translatedbooks/563,,번역서 1종 · 예: Korean Poetry Today: 450 poems since the 1920's,포함
KOREAN SHORT STORIES: A COLLECTION FROM NORTH KOREA,편휘근,단편소설,,발표 시기 미상,https://library.ltikorea.or.kr/translatedbooks/12694,,번역서 1종 · 예: KOREAN SHORT STORIES: A COLLECTION FROM NORTH KOREA,포함
Scenes from a Korean Boyhood / 빼앗긴 이름,김은국,기타,,발표 시기 미상,https://library.ltikorea.or.kr/translatedbooks/12695,,번역서 1종 · 예: LOST NAMES,포함
조선시대야담집,안선재,기타,,발표 시기 미상,https://library.ltikorea.or.kr/translatedbooks/12696,,번역서 1종 · 예: Eerie Tales from Old Korea,포함
화엄경,고은,기타,,발표 시기 미상,https://library.ltikorea.or.kr/translatedbooks/712,,번역서 3종 · 예: Little pilgrim,포함
한국과학사,전상운,기타,,발표 시기 미상,https://library.ltikorea.or.kr/translatedbooks/7963,,번역서 1종 · 예: 韓国科學史 : 技術的伝統の再照明,포함
A History of Korean literature,Peter H. Lee,기타,,발표 시기 미상,https://library.ltikorea.or.kr/translatedbooks/983,,번역서 1종 · 예: A History of Korean literature,포함
by Hanjae Yi Mok and the venerable Cho-ui / 한국 다도 고전,Brother Anthony of Taizé,기타,,발표 시기 미상,https://library.ltikorea.or.kr/translatedbooks/9560,,번역서 1종 · 예: Korean tea classics,포함
Io ci sarò,신경숙,기타,,발표 시기 미상,https://library.ltikorea.or.kr/translatedbooks/12607,,번역서 1종 · 예: Io ci sarò,포함
한국민담집,작자 미상[Unknowned],소설,,발표 시기 미상,https://library.ltikorea.or.kr/translatedbooks/854,,번역서 2종 · 예: Tales of a Korean Grandmother,포함
드림레시피,김수영,기타,,발표 시기 미상,https://library.ltikorea.or.kr/translatedbooks/12679,,"번역서 1종 · 예: 沒試100次,別說你有夢想",포함
철학이 필요한 시간,강신주,기타,,발표 시기 미상,https://library.ltikorea.or.kr/translatedbooks/12680,,번역서 1종 · 예: 需要哲學陪伴的時間,포함
꽃의 고요,황동규,기타,,발표 시기 미상,https://library.ltikorea.or.kr/translatedbooks/12681,,번역서 1종 · 예: Stille der Blüten,포함
당신의 꿈은 무엇입니까,김수영,기타,,발표 시기 미상,https://library.ltikorea.or.kr/translatedbooks/12678,,번역서 1종 · 예: 你的夢想是什麼,포함
낭만적 사랑과 사회,정이현,기타,,발표 시기 미상,https://library.ltikorea.or.kr/translatedbooks/12687,,번역서 1종 · 예: 浪漫之爱与社会,포함
단종애사 (하),이광수,기타,,발표 시기 미상,https://library.ltikorea.or.kr/translatedbooks/12646,,번역서 2종 · 예: 端宗哀史. 下,중복 제외 (앞 순위 출처에 있음)
단종애사 (상),이광수,기타,,발표 시기 미상,https://library.ltikorea.or.kr/translatedbooks/12645,,번역서 2종 · 예: 端宗哀史: 上,중복 제외 (앞 순위 출처에 있음)
나의 문화유산답사기 1,유홍준,기타,,발표 시기 미상,https://library.ltikorea.or.kr/translatedbooks/12633,,번역서 1종 · 예: 日本の中の朝鮮をゆく 1 : 光は朝鮮半島から,포함
타인에게 말걸기,은희경,기타,,발표 시기 미상,https://library.ltikorea.or.kr/translatedbooks/12631,,번역서 2종 · 예: Разговор с непознат,포함
노을,김원일,기타,,발표 시기 미상,https://library.ltikorea.or.kr/translatedbooks/12632,,번역서 2종 · 예: Abendrot,포함
잘가요 언덕,차인표,기타,,발표 시기 미상,https://library.ltikorea.or.kr/translatedbooks/12640,,번역서 1종 · 예: さらば峠,포함
단 한번 보지 못한 내 꽃들,송기원,기타,,발표 시기 미상,https://library.ltikorea.or.kr/translatedbooks/12603,,번역서 1종 · 예: Flores Mias Que Nunca Las He Visto,포함
유리체를 통과하다,고형렬,기타,,발표 시기 미상,https://library.ltikorea.or.kr/translatedbooks/12604,,번역서 1종 · 예: ガラス体を貫通する,포함
산사,이형권,기타,,발표 시기 미상,https://library.ltikorea.or.kr/translatedbooks/12571,,번역서 1종 · 예: Sansa,포함
Le dernier témoin,김성종,기타,,발표 시기 미상,https://library.ltikorea.or.kr/translatedbooks/12532,,번역서 1종 · 예: Le dernier témoin,포함
"Le garde, le poète et le prisonnier",이정명,기타,,발표 시기 미상,https://library.ltikorea.or.kr/translatedbooks/12531,,"번역서 1종 · 예: Le garde, le poète et le prisonnier",포함
재일조선인 문학사를 위하여,송혜원,기타,,발표 시기 미상,https://library.ltikorea.or.kr/translatedbooks/12529,,번역서 1종 · 예: 「在日朝鮮人文学史」のために,포함
운명을 바꾸는 10년 통장: 10년 벌어 50년 산다!,고득성,기타,,발표 시기 미상,https://library.ltikorea.or.kr/translatedbooks/12522,,번역서 1종 · 예: 30年后你拿什么養活自己 3,포함
지성에서 영성으로,이어령,기타,,발표 시기 미상,https://library.ltikorea.or.kr/translatedbooks/12523,,번역서 1종 · 예: 從不相信到相信,포함
황태자비 납치사건,김진명,기타,,발표 시기 미상,https://library.ltikorea.or.kr/translatedbooks/12517,,번역서 1종 · 예: 皇太子妃: 劫持事件,포함
皇太子妃: 劫持事件,吉川凪,기타,,발표 시기 미상,https://library.ltikorea.or.kr/translatedbooks/12521,,번역서 1종 · 예: 皇太子妃: 劫持事件,포함
비밀과 거짓말,은희경,기타,,발표 시기 미상,https://library.ltikorea.or.kr/translatedbooks/12526,,번역서 3종 · 예: Secrets,포함
잊혀진 질문,차동엽,기타,,발표 시기 미상,https://library.ltikorea.or.kr/translatedbooks/12508,,번역서 1종 · 예: 被遺忘的疑問,포함
آدابکرهای چd ای,안선재,기타,,발표 시기 미상,https://library.ltikorea.or.kr/translatedbooks/12507,,번역서 1종 · 예: آدابکرهای چd ای,포함
La fiesta,이청준,기타,,발표 시기 미상,https://library.ltikorea.or.kr/translatedbooks/12509,,번역서 1종 · 예: La fiesta,포함
Vaseline-Buddha,정영문,기타,,발표 시기 미상,https://library.ltikorea.or.kr/translatedbooks/12506,,번역서 1종 · 예: Vaseline-Buddha,포함
Kënga e shigjetave,문정희,기타,,발표 시기 미상,https://library.ltikorea.or.kr/translatedbooks/12483,,번역서 1종 · 예: Kënga e shigjetave,포함
7 năm bóng tối,정유정,기타,,발표 시기 미상,https://library.ltikorea.or.kr/translatedbooks/12486,,번역서 1종 · 예: 7 năm bóng tối,포함
Truyện Hồng Cát Dồng,허균,기타,,발표 시기 미상,https://library.ltikorea.or.kr/translatedbooks/12487,,번역서 1종 · 예: Truyện Hồng Cát Dồng,포함
서양인들이 관찰한 후기조선,김학준,기타,,발표 시기 미상,https://library.ltikorea.or.kr/translatedbooks/12489,,번역서 1종 · 예: 西洋人の見た朝鮮,포함
여백의 시,Moun Young-Houn,기타,,발표 시기 미상,https://library.ltikorea.or.kr/translatedbooks/1627,,번역서 1종 · 예: La Fleur de l'infini,포함
"A Selection of Korean Poetry, Ancient and Modern. / 한국시선",정철 외,기타,,발표 시기 미상,https://library.ltikorea.or.kr/translatedbooks/496,,번역서 1종 · 예: (The) Cutting Edge,포함
나는 문이다,문정희,기타,,발표 시기 미상,https://library.ltikorea.or.kr/translatedbooks/12435,,번역서 2종 · 예: I Must Be the Wind,포함
Cuentos de la noche escalofriante,이호철,단편소설,,발표 시기 미상,https://library.ltikorea.or.kr/translatedbooks/12440,,번역서 1종 · 예: Cuentos de la noche escalofriante,포함
한국의 전통연희,전경욱,희곡,,발표 시기 미상,https://library.ltikorea.or.kr/translatedbooks/12443,,번역서 1종 · 예: 韩国的传统戏剧,포함
목걸이 열쇠,황선미,기타,,발표 시기 미상,https://library.ltikorea.or.kr/translatedbooks/12444,,번역서 1종 · 예: 总想逃家的孩子,포함
Korean Children's Stories and Songs,김요섭,단편소설,,발표 시기 미상,https://library.ltikorea.or.kr/translatedbooks/12446,,번역서 1종 · 예: Korean Children's Stories and Songs,포함
한국 한시 선집,원천석 외,시,,발표 시기 미상,https://library.ltikorea.or.kr/translatedbooks/12447,,번역서 1종 · 예: the book of korean poetry: choson dynasty,포함
Una flor de loto en el ojo de un cangrejo,황지우,기타,,발표 시기 미상,https://library.ltikorea.or.kr/translatedbooks/12439,,번역서 1종 · 예: Una flor de loto en el ojo de un cangrejo,포함
韩国第一美魔女的逆龄神技 : 김송하's 뷰티스토리,김송하,기타,,발표 시기 미상,https://library.ltikorea.or.kr/translatedbooks/12438,,번역서 1종 · 예: 韩国第一美魔女的逆龄神技 : 김송하's 뷰티스토리,포함
Crepuscules,김원일,기타,,발표 시기 미상,https://library.ltikorea.or.kr/translatedbooks/12437,,번역서 1종 · 예: Crepuscules,포함
因为痛，所以叫青春 : 김난도의 내일,김난도 외,기타,,발표 시기 미상,https://library.ltikorea.or.kr/translatedbooks/12436,,번역서 1종 · 예: 因为痛，所以叫青春 : 김난도의 내일,포함
爱吃菜的吸血鬼,백미숙,기타,,발표 시기 미상,https://library.ltikorea.or.kr/translatedbooks/12428,,번역서 1종 · 예: 爱吃菜的吸血鬼,포함
跷跷板上的幽灵,백미숙,기타,,발표 시기 미상,https://library.ltikorea.or.kr/translatedbooks/12429,,번역서 1종 · 예: 跷跷板上的幽灵,포함
魔鬼学校的露营日,백미숙,기타,,발표 시기 미상,https://library.ltikorea.or.kr/translatedbooks/12430,,번역서 1종 · 예: 魔鬼学校的露营日,포함
마법의 주스,백미숙,기타,,발표 시기 미상,https://library.ltikorea.or.kr/translatedbooks/12427,,번역서 1종 · 예: 巫婆校长的神奇魔药,포함
새 관이 필요해요,백미숙,기타,,발표 시기 미상,https://library.ltikorea.or.kr/translatedbooks/12426,,번역서 1종 · 예: 吸血鬼的新棺材,포함
누가 한국을 묻거든 ...,이어령,기타,,발표 시기 미상,https://library.ltikorea.or.kr/translatedbooks/414591,,번역서 1종 · 예: Discover Korea,포함
이문열 중단편집-우리들의 일그러진 영웅 외,이문열,단편소설,,발표 시기 미상,https://library.ltikorea.or.kr/translatedbooks/10331,,번역서 1종 · 예: Mahaй aHгийH OBгOp,포함
NEW COFFINS FOR A GROWING VAMPIRE!,백미숙,기타,,발표 시기 미상,https://library.ltikorea.or.kr/translatedbooks/12424,,번역서 1종 · 예: NEW COFFINS FOR A GROWING VAMPIRE!,포함
THE MAGIC JUICE,백미숙,기타,,발표 시기 미상,https://library.ltikorea.or.kr/translatedbooks/12425,,번역서 1종 · 예: THE MAGIC JUICE,포함
CREEPY CAMP,백미숙,기타,,발표 시기 미상,https://library.ltikorea.or.kr/translatedbooks/12414,,번역서 1종 · 예: CREEPY CAMP,포함
A SPECTRE AT THE SEE-SAW,백미숙,기타,,발표 시기 미상,https://library.ltikorea.or.kr/translatedbooks/12415,,번역서 1종 · 예: A SPECTRE AT THE SEE-SAW,포함
VAMPIRE VEGETABLES,백미숙,기타,,발표 시기 미상,https://library.ltikorea.or.kr/translatedbooks/12416,,번역서 1종 · 예: VAMPIRE VEGETABLES,포함
上半身窈窕的祕密,우지인,기타,,발표 시기 미상,https://library.ltikorea.or.kr/translatedbooks/12417,,번역서 1종 · 예: 上半身窈窕的祕密,포함
針穴の中の嵐,김기택,기타,,발표 시기 미상,https://library.ltikorea.or.kr/translatedbooks/12413,,번역서 1종 · 예: 針穴の中の嵐,포함
그대 안의 새싹,박제천,기타,,발표 시기 미상,https://library.ltikorea.or.kr/translatedbooks/12412,,번역서 1종 · 예: New Sprouts within You,포함
THE OLD GARDEN,황석영,기타,,발표 시기 미상,https://library.ltikorea.or.kr/translatedbooks/12411,,번역서 1종 · 예: THE OLD GARDEN,포함
Die Malerei des Reiches Goguryeo : Eine alte koreanische Kultur wird im Bild wieder lebendig,안휘준,기타,,발표 시기 미상,https://library.ltikorea.or.kr/translatedbooks/12407,,번역서 1종 · 예: Die Malerei des Reiches Goguryeo : Eine alte koreanische Kultur wird im Bild wieder lebendig,포함
거울 속으로,이수지,기타,,발표 시기 미상,https://library.ltikorea.or.kr/translatedbooks/12421,,번역서 1종 · 예: MIRROR,포함
일요일 스키야키 식당,배수아,기타,,발표 시기 미상,https://library.ltikorea.or.kr/translatedbooks/12399,,번역서 2종 · 예: EL RESTAURANTE DE SUKIYAKI,포함
도둑괭이 공주,황인숙,기타,,발표 시기 미상,https://library.ltikorea.or.kr/translatedbooks/12385,,번역서 1종 · 예: 野良猫姫,포함
내 푸른 자전거,황선미,기타,,발표 시기 미상,https://library.ltikorea.or.kr/translatedbooks/12382,,번역서 1종 · 예: 我和爸爸的蓝色秘密,포함
소리없는 아이들,황선미,기타,,발표 시기 미상,https://library.ltikorea.or.kr/translatedbooks/12394,,번역서 1종 · 예: 不说话的天使,포함
108 ζεν ποιήματα / 뭐냐,고은,기타,,발표 시기 미상,https://library.ltikorea.or.kr/translatedbooks/12379,,번역서 1종 · 예: Τί;,포함
샘마을 몽당깨비,황선미,기타,,발표 시기 미상,https://library.ltikorea.or.kr/translatedbooks/12395,,번역서 1종 · 예: 小泉村的千年約定,포함
光と風と香り : 빛과 바람과 향기,김후란,기타,,발표 시기 미상,https://library.ltikorea.or.kr/translatedbooks/12398,,번역서 1종 · 예: 光と風と香り : 빛과 바람과 향기,포함
Day One : Year One: Best New Storeis & Poems 2014,배수아,시,,발표 시기 미상,https://library.ltikorea.or.kr/translatedbooks/12380,,번역서 1종 · 예: Day One : Year One: Best New Storeis & Poems 2014,포함
용재총화,성현,기타,,발표 시기 미상,https://library.ltikorea.or.kr/translatedbooks/12388,,번역서 1종 · 예: Tản Mạn Xứ Kim Ch i,포함
我的叔叔李小龙,천명관,기타,,발표 시기 미상,https://library.ltikorea.or.kr/translatedbooks/12402,,번역서 1종 · 예: 我的叔叔李小龙,포함
사랑하다가 죽어버려라,정호승,기타,,발표 시기 미상,https://library.ltikorea.or.kr/translatedbooks/12390,,번역서 1종 · 예: Morir después de amar,포함
까치 우는 아침,황선미,기타,,발표 시기 미상,https://library.ltikorea.or.kr/translatedbooks/12391,,번역서 1종 · 예: 飞向天堂的风筝,포함
КОКОШКАТА БЕГЛЕЦ,황선미,기타,,발표 시기 미상,https://library.ltikorea.or.kr/translatedbooks/12386,,번역서 1종 · 예: КОКОШКАТА БЕГЛЕЦ,포함
내 동생 싸게 팔아요,임정자,기타,,발표 시기 미상,https://library.ltikorea.or.kr/translatedbooks/12393,,번역서 2종 · 예: Bán em giá rẻ,포함
"서울, 1964년 겨울",김승옥,기타,,발표 시기 미상,https://library.ltikorea.or.kr/translatedbooks/10188,,번역서 2종 · 예: Seoul-1964-Winter,포함
따뜻한 가족,김후란,기타,,발표 시기 미상,https://library.ltikorea.or.kr/translatedbooks/12376,,번역서 1종 · 예: A Warm Family,포함
1인칭은 슬프다,고은,기타,,발표 시기 미상,https://library.ltikorea.or.kr/translatedbooks/9924,,번역서 1종 · 예: First Person Sorrowful,포함
대하,김남천,기타,,발표 시기 미상,https://library.ltikorea.or.kr/translatedbooks/12372,,번역서 1종 · 예: SCENES FROM THE ENLIGHTENMENT,중복 제외 (앞 순위 출처에 있음)
아르판,박형서,기타,,발표 시기 미상,https://library.ltikorea.or.kr/translatedbooks/12221,,번역서 1종 · 예: Arpan,포함
이베리아의 전갈,최민우,기타,,발표 시기 미상,https://library.ltikorea.or.kr/translatedbooks/12223,,번역서 1종 · 예: Dishonored,포함
나의 클린트 이스트우드,오한기,기타,,발표 시기 미상,https://library.ltikorea.or.kr/translatedbooks/12222,,번역서 1종 · 예: My Clint Eastwood,포함
예낭풍물지,이병주,기타,,발표 시기 미상,https://library.ltikorea.or.kr/translatedbooks/12224,,번역서 1종 · 예: The Wind and Landscape of Yenang,포함
버핏과의 저녁식사,박민규,기타,,발표 시기 미상,https://library.ltikorea.or.kr/translatedbooks/12165,,번역서 1종 · 예: Dinner with Buffett,포함
脫北者的邊境血淚故事，來自南韓的真實紀錄 / 사람으로 살고 싶었다,이학준,기타,,발표 시기 미상,https://library.ltikorea.or.kr/translatedbooks/12213,,번역서 1종 · 예: 我想活得像個人,포함
중국인 거리 / 유년의 뜰,오정희,기타,,발표 시기 미상,https://library.ltikorea.or.kr/translatedbooks/12215,,번역서 1종 · 예: Le Quartier chinois,포함
무늬,이시영,기타,,발표 시기 미상,https://library.ltikorea.or.kr/translatedbooks/12216,,번역서 1종 · 예: Patterns,포함
許炯萬詩選集 / 귀를 염하다,허형만,기타,,발표 시기 미상,https://library.ltikorea.or.kr/translatedbooks/12219,,번역서 1종 · 예: 耳を葬る,포함
30歲一切都還來得及，妳是30花開還是30花謝？ / 서른에 꽃피다,남인숙,기타,,발표 시기 미상,https://library.ltikorea.or.kr/translatedbooks/12200,,번역서 1종 · 예: 於是，我開始搞懂我自己,포함
李晟馥詩集 / 남해금산 / 그리고 다시 안개가 내렸다,이성복,기타,,발표 시기 미상,https://library.ltikorea.or.kr/translatedbooks/12199,,번역서 1종 · 예: そしてまた霧がかかった,포함
一個演員進入角色之路 / 소지섭의 오직 그대만,소지섭,기타,,발표 시기 미상,https://library.ltikorea.or.kr/translatedbooks/12202,,번역서 1종 · 예: 蘇志燮的只有你,포함
물을 만드는 여자:,문정희,기타,,발표 시기 미상,https://library.ltikorea.or.kr/translatedbooks/12209,,번역서 1종 · 예: Perempuan yang Membuat Air,포함
아제아제 바라아제,한승원,기타,,발표 시기 미상,https://library.ltikorea.or.kr/translatedbooks/12208,,번역서 1종 · 예: 叶落彼岸,포함
한국한시선,원효 외 617-686,기타,,발표 시기 미상,https://library.ltikorea.or.kr/translatedbooks/12206,,번역서 1종 · 예: Сто цветов,포함
우리들의 일그러진 영웅 / 아우와의 만남 :,이문열,기타,,발표 시기 미상,https://library.ltikorea.or.kr/translatedbooks/12203,,번역서 1종 · 예: Наш испроченный герой / Встреча с братом,포함
하루 또 하루,김광규,기타,,발표 시기 미상,https://library.ltikorea.or.kr/translatedbooks/11108,,"번역서 1종 · 예: ONE DAY, THEN ANOTHER",포함
봉봉 마녀는 10을 좋아해.,정은정,기타,,발표 시기 미상,https://library.ltikorea.or.kr/translatedbooks/12129,,번역서 1종 · 예: 棒棒女巫喜欢10,포함
꿈이 있는 아내는 늙지 않는다,김미경,기타,,발표 시기 미상,https://library.ltikorea.or.kr/translatedbooks/12131,,번역서 1종 · 예: 有梦想的妻子不会变老,포함
이딱딱 로봇의 네모 이,정은정,기타,,발표 시기 미상,https://library.ltikorea.or.kr/translatedbooks/12125,,번역서 1종 · 예: 坚牙机器人的方形牙齿年,포함
한 낮의 시선 = hannajeui siseon,이승우,기타,,발표 시기 미상,https://library.ltikorea.or.kr/translatedbooks/12121,,번역서 1종 · 예: Le Regard De Midi,포함
죽은 왕녀를 위한 파반느 = jugeung wangnyeoreul wihan pavane,박민규,기타,,발표 시기 미상,https://library.ltikorea.or.kr/translatedbooks/12123,,번역서 1종 · 예: Pavane pour une infante défunte,포함
감염된 한국어,고종석,기타,,발표 시기 미상,https://library.ltikorea.or.kr/translatedbooks/12103,,번역서 1종 · 예: INFECTED KOREAN LANGUAGE : Purity versus Hybridity,포함
"그곳에 밤, 여기에 노래. = 택시 운전기사의 야상곡",최미경,단편소설,,발표 시기 미상,https://library.ltikorea.or.kr/translatedbooks/12104,,번역서 1종 · 예: Nocturne d'un chauffeur de taxi : Nouvelles coréennes,포함
한국고전문학입문서,Antonetta L. Bruno,기타,,발표 시기 미상,https://library.ltikorea.or.kr/translatedbooks/11117,,번역서 1종 · 예: La letteratura coreana,포함
"나의 사랑, 백남준",남정호,기타,,발표 시기 미상,https://library.ltikorea.or.kr/translatedbooks/12108,,번역서 1종 · 예: 私の愛、ナムジュン・パイク,포함
김삿갓 시선,김삿갓,시,,발표 시기 미상,https://library.ltikorea.or.kr/translatedbooks/12102,,번역서 3종 · 예: Selected poems of Kim sakkat,포함
On Such a Full Sea,이창래,기타,,발표 시기 미상,https://library.ltikorea.or.kr/translatedbooks/409711,,번역서 1종 · 예: 만조의 바다위에서,포함
récit / 금시조,이문열,시조,,발표 시기 미상,https://library.ltikorea.or.kr/translatedbooks/1531,,번역서 1종 · 예: (L')oiseau aux ailes d'or,포함
"하늘아이, 땅아이",최숙희,기타,,발표 시기 미상,https://library.ltikorea.or.kr/translatedbooks/410373,,번역서 1종 · 예: 天孩子，地孩子,포함
"I'M OK, I'm PIG!",김혜순,기타,,발표 시기 미상,https://library.ltikorea.or.kr/translatedbooks/12037,,"번역서 1종 · 예: I'M OK, I'm PIG!",포함
한국의 천주교.,유홍렬,기타,,발표 시기 미상,https://library.ltikorea.or.kr/translatedbooks/11895,,번역서 1종 · 예: 近代朝鮮における天主教弾圧と抵抗 : Oppression and resistance Christianity in modern Korea.,포함
한국고전 신화.설화.전설 선집,작자미상,소설,,발표 시기 미상,https://library.ltikorea.or.kr/translatedbooks/11987,,번역서 1종 · 예: Чудесная жемчужина.Рассказы о необычном,포함
마지막 이벤트,유은실,기타,,발표 시기 미상,https://library.ltikorea.or.kr/translatedbooks/11985,,번역서 1종 · 예: Le dernier évément,포함
조선왕조의궤 국가의례와 그 기록,한영우,기타,,발표 시기 미상,https://library.ltikorea.or.kr/translatedbooks/11994,,번역서 2종 · 예: 朝鮮王朝儀軌 儒教的国家儀礼の記録,포함
무방향 버스,김중혁,기타,,발표 시기 미상,https://library.ltikorea.or.kr/translatedbooks/11995,,번역서 1종 · 예: Bus errant,포함
and other stories / 불의 강 외,오정희,기타,,발표 시기 미상,https://library.ltikorea.or.kr/translatedbooks/11972,,번역서 1종 · 예: river of fire,포함
객지,황석영,기타,,발표 시기 미상,https://library.ltikorea.or.kr/translatedbooks/11973,,번역서 4종 · 예: LA TIERRA FORASTERA,포함
"Rain, Sky, Wind, Port",김남조,기타,,발표 시기 미상,https://library.ltikorea.or.kr/translatedbooks/11977,,"번역서 1종 · 예: Rain, Sky, Wind, Port",포함
VERSOS DEL RÍO DE VIENTO : AntologÍa Poética,민용태,기타,,발표 시기 미상,https://library.ltikorea.or.kr/translatedbooks/11969,,번역서 1종 · 예: VERSOS DEL RÍO DE VIENTO : AntologÍa Poética,포함
입 속에 검은 잎,기형도,기타,,발표 시기 미상,https://library.ltikorea.or.kr/translatedbooks/11974,,번역서 1종 · 예: Une feuille noire dans la bouch,포함
천둥소리,김주영,기타,,발표 시기 미상,https://library.ltikorea.or.kr/translatedbooks/5,,번역서 5종 · 예: صوت الرعد,포함
김동리 단편선: 까치소리,김동리,기타,,발표 시기 미상,https://library.ltikorea.or.kr/translatedbooks/10338,,번역서 1종 · 예: ПЛАЧ СОРОКИ,포함
고구려호태왕,전호일,기타,,발표 시기 미상,https://library.ltikorea.or.kr/translatedbooks/10506,,번역서 1종 · 예: 高句麗好太王 下,포함
더러운 책상,박범신,기타,,발표 시기 미상,https://library.ltikorea.or.kr/translatedbooks/11085,,번역서 1종 · 예: PUTAIN DE PUPITRES!,포함
Szkoła Kotów 고양이 학교 1권,김진경,기타,,발표 시기 미상,https://library.ltikorea.or.kr/translatedbooks/11121,,번역서 1종 · 예: Szkoła Kotów 고양이 학교 1권,포함
공백의 그림자,박이문,기타,,발표 시기 미상,https://library.ltikorea.or.kr/translatedbooks/11823,,번역서 2종 · 예: SHADOWS of the VOID,포함
한국현대문학입문서,김춘진,기타,,발표 시기 미상,https://library.ltikorea.or.kr/translatedbooks/11819,,번역서 1종 · 예: Historia de la Literatura coreana del siglo. XX,포함
조선시대 사람들은 어떻게 살았을까,한국역사연구회,기타,,발표 시기 미상,https://library.ltikorea.or.kr/translatedbooks/11822,,번역서 1종 · 예: Everyday Life in Joseon-Era Korea : economy and society The organization of korean historians,포함
고구려사 연구,노태돈,기타,,발표 시기 미상,https://library.ltikorea.or.kr/translatedbooks/413341,,번역서 1종 · 예: Korea's Ancient Koguryǒ Kingdom : A Socio-Political History,포함
회복하는 인간,한강,기타,,발표 시기 미상,https://library.ltikorea.or.kr/translatedbooks/11759,,번역서 1종 · 예: Convalescence,포함
별을 사랑하는 마음으로,윤후명,기타,,발표 시기 미상,https://library.ltikorea.or.kr/translatedbooks/10903,,번역서 1종 · 예: With the love for the stars,포함
직선과 독가스 - 병동에서,임철우,기타,,발표 시기 미상,https://library.ltikorea.or.kr/translatedbooks/11757,,번역서 1종 · 예: Straight Lines and Poison Gas - AT the Hospital Wards,포함
모두에게 복된새해: 레이먼드 카버에게,김연수,기타,,발표 시기 미상,https://library.ltikorea.or.kr/translatedbooks/11664,,번역서 1종 · 예: Happy New Year to Everyone : To Raymond Carver,포함
척하는 삶 : A Gesture Life,이창래,기타,,발표 시기 미상,https://library.ltikorea.or.kr/translatedbooks/10192,,번역서 1종 · 예: 척하는 삶 : A Gesture Life,포함
Szkoła Kotów 고양이 학교 2권,김진경,기타,,발표 시기 미상,https://library.ltikorea.or.kr/translatedbooks/11529,,번역서 1종 · 예: Szkoła Kotów 고양이 학교 2권,포함
리투아니아 여인,이문열,기타,,발표 시기 미상,https://library.ltikorea.or.kr/translatedbooks/11512,,번역서 1종 · 예: Lietuvaitė,포함
봄빛,정지아,기타,,발표 시기 미상,https://library.ltikorea.or.kr/translatedbooks/11428,,번역서 1종 · 예: 歲月,포함
식민지 시대 프로레타리아 문학선집,이기영,단편소설,,발표 시기 미상,https://library.ltikorea.or.kr/translatedbooks/11421,,번역서 1종 · 예: Rat Fire : Korean Stories from the Japanese Empire,포함
한국종교사상사2: 유교사상사 부분,금장태,기타,,발표 시기 미상,https://library.ltikorea.or.kr/translatedbooks/413714,,번역서 1종 · 예: Historia Koreańskiej Myśli Konfucjańskiej,포함
아무도 그녀의 이야기를 들어주지 않았다,문영미,기타,,발표 시기 미상,https://library.ltikorea.or.kr/translatedbooks/11402,,번역서 1종 · 예: To Korea with Love,포함
김소월 시선집/진달래꽃,김소월,시,,발표 시기 미상,https://library.ltikorea.or.kr/translatedbooks/11415,,번역서 1종 · 예: زهور الأزاليا,포함
하늘의 맨살,마종기,기타,,발표 시기 미상,https://library.ltikorea.or.kr/translatedbooks/11420,,번역서 1종 · 예: Celui qui garde ses rêves,포함
여우야 여우야 뭐하니,조영아,기타,,발표 시기 미상,https://library.ltikorea.or.kr/translatedbooks/11418,,번역서 1종 · 예: 狐狸呀，你在干什么？,포함
꼬리 잘린 생쥐,권영품,기타,,발표 시기 미상,https://library.ltikorea.or.kr/translatedbooks/11324,,번역서 1종 · 예: 断尾巴的小家鼠,포함
나의 린드그렌 선생님,유은실,기타,,발표 시기 미상,https://library.ltikorea.or.kr/translatedbooks/11323,,번역서 2종 · 예: 爱顶嘴的小女孩儿,포함
예술철학,박이문,기타,,발표 시기 미상,https://library.ltikorea.or.kr/translatedbooks/11321,,번역서 1종 · 예: 艺术哲学,포함
THE UNFORGOTTEN WAR,복거일,기타,,발표 시기 미상,https://library.ltikorea.or.kr/translatedbooks/11282,,번역서 1종 · 예: THE UNFORGOTTEN WAR,포함
从建筑教育到设计实践. 上-下 / Portfolio brainstorming,CA출판사,기타,,발표 시기 미상,https://library.ltikorea.or.kr/translatedbooks/11301,,번역서 1종 · 예: 第一次跨越,포함
안네의 일기,프랑크,기타,,발표 시기 미상,https://library.ltikorea.or.kr/translatedbooks/11299,,번역서 1종 · 예: 安妮日记,포함
한국의 선시,작자 미상,기타,,발표 시기 미상,https://library.ltikorea.or.kr/translatedbooks/11296,,번역서 1종 · 예: Дзен поезия от Корея,포함
Alice's adventures in wonderland,刘易斯·卡罗尔 著,기타,,발표 시기 미상,https://library.ltikorea.or.kr/translatedbooks/11306,,번역서 1종 · 예: 爱丽斯漫游奇境,포함
목성잠언집,복거일,기타,,발표 시기 미상,https://library.ltikorea.or.kr/translatedbooks/11281,,번역서 1종 · 예: THE JOVIAN SAYINGS,포함
요란요란 푸른 아파트,김려령,기타,,발표 시기 미상,https://library.ltikorea.or.kr/translatedbooks/11152,,번역서 1종 · 예: 闹闹腾腾蔚蓝小区,포함
과수원을 점령하라,황선미,기타,,발표 시기 미상,https://library.ltikorea.or.kr/translatedbooks/11119,,번역서 1종 · 예: 占领果园,포함
흙,이광수,기타,,발표 시기 미상,https://library.ltikorea.or.kr/translatedbooks/11150,,번역서 2종 · 예: The Soil,중복 제외 (앞 순위 출처에 있음)
더없이 어렴풋한 일요일,정영문,단편소설,,발표 시기 미상,https://library.ltikorea.or.kr/translatedbooks/11146,,"번역서 1종 · 예: A Most Ambiguous Sunday, and Other Stories",포함
아담이 눈뜰 때,장정일,기타,,발표 시기 미상,https://library.ltikorea.or.kr/translatedbooks/11144,,번역서 1종 · 예: When Adam Opens His Eyes,포함
지상에 숟가락 하나,현기영,기타,,발표 시기 미상,https://library.ltikorea.or.kr/translatedbooks/11143,,번역서 3종 · 예: One Spoon on This Earth,포함
홍어,김주영,기타,,발표 시기 미상,https://library.ltikorea.or.kr/translatedbooks/11142,,번역서 4종 · 예: Stingray,포함
한국현대문학소설,김유정,소설,,발표 시기 미상,https://library.ltikorea.or.kr/translatedbooks/410507,,번역서 1종 · 예: Modern Korean Literature : An Anthology 1908-1965,포함
"김기덕, 야생 혹은 속죄양",김기덕,기타,,발표 시기 미상,https://library.ltikorea.or.kr/translatedbooks/11131,,번역서 1종 · 예: Kim Ki-Duk Barbar oder Sündenbock?,포함
이상 산문선집,이상,기타,,발표 시기 미상,https://library.ltikorea.or.kr/translatedbooks/11122,,번역서 1종 · 예: Betriebsferien und andere Umstände,포함
A Textbook of Translation,PETER NEWMARK,기타,,발표 시기 미상,https://library.ltikorea.or.kr/translatedbooks/5915,,번역서 1종 · 예: MANUAL DE TRADUCCIÓN,중복 제외 (앞 순위 출처에 있음)
한국계 미국문학의 이해,류선모,기타,,발표 시기 미상,https://library.ltikorea.or.kr/translatedbooks/11106,,"번역서 1종 · 예: Understanding Korean American Literature: American Dream, Self-Identify & Assimilation",포함
오태석 희곡집,오태석,희곡,,발표 시기 미상,https://library.ltikorea.or.kr/translatedbooks/25161,,번역서 2종 · 예: Mumiengrab und andere Theaterstücke,포함
시간의 부드러운 손,김광규,기타,,발표 시기 미상,https://library.ltikorea.or.kr/translatedbooks/11109,,번역서 1종 · 예: La douce main du temps,포함
신기생뎐,이현수,기타,,발표 시기 미상,https://library.ltikorea.or.kr/translatedbooks/11113,,번역서 2종 · 예: DIE LETZTE GISAENG,포함
검은 사슴,한강,기타,,발표 시기 미상,https://library.ltikorea.or.kr/translatedbooks/11114,,번역서 1종 · 예: 玄鹿,포함
한낮의 시선,이승우,기타,,발표 시기 미상,https://library.ltikorea.or.kr/translatedbooks/10514,,번역서 1종 · 예: 真昼の視線,포함
수수밭으로 오세요,공선옥,기타,,발표 시기 미상,https://library.ltikorea.or.kr/translatedbooks/11091,,번역서 2종 · 예: 请到玉米地来,포함
동백꽃,김유정,기타,,발표 시기 미상,https://library.ltikorea.or.kr/translatedbooks/11092,,번역서 3종 · 예: Kamelien,중복 제외 (앞 순위 출처에 있음)
랩소디 인 베를린,구효서,기타,,발표 시기 미상,https://library.ltikorea.or.kr/translatedbooks/11094,,번역서 1종 · 예: 柏林狂想曲,포함
화려한 가출,이근삼,희곡,,발표 시기 미상,https://library.ltikorea.or.kr/translatedbooks/11098,,번역서 1종 · 예: The Great Retreat and Other Plays,포함
장난감 도시,이동하,기타,,발표 시기 미상,https://library.ltikorea.or.kr/translatedbooks/11102,,번역서 4종 · 예: 玩偶之城,포함
이,김태웅,기타,,발표 시기 미상,https://library.ltikorea.or.kr/translatedbooks/11107,,번역서 1종 · 예: The Clowns,포함
Collection of Korean Stories = 최서해 및 이익상의 소설 2편 = Collection of Korean Stories,최서해 이익상,소설,,발표 시기 미상,https://library.ltikorea.or.kr/translatedbooks/11099,,번역서 1종 · 예: مختارات من الأدب الكورى,포함
고려 및 조선조 시조 영역 선집,최충 984-1068,시조,,발표 시기 미상,https://library.ltikorea.or.kr/translatedbooks/11100,,번역서 1종 · 예: The Crane in the Clouds: Shijo KOREAN CLASSICAL POEMS IN THE VERNACULAR,포함
하백의 신부 2,윤미경,기타,,발표 시기 미상,https://library.ltikorea.or.kr/translatedbooks/11080,,번역서 1종 · 예: Невеста речного. 2,포함
"СВЕТЛЫЙ ИСТОЧНИК : Средневековая поэзия Китая, Кореи, Вьетнама",이황,기타,,발표 시기 미상,https://library.ltikorea.or.kr/translatedbooks/11079,,"번역서 1종 · 예: СВЕТЛЫЙ ИСТОЧНИК : Средневековая поэзия Китая, Кореи, Вьетнама",포함
엄마 5분만,노경실,기타,,발표 시기 미상,https://library.ltikorea.or.kr/translatedbooks/10963,,번역서 1종 · 예: 早起的鸟儿有虫吃,포함
꺼벙이 억수랑 아나바다,윤수천,기타,,발표 시기 미상,https://library.ltikorea.or.kr/translatedbooks/10959,,번역서 1종 · 예: 小不点儿们的拯救行动,포함
그리미의 하얀 캔버스,이현주,기타,,발표 시기 미상,https://library.ltikorea.or.kr/translatedbooks/10948,,번역서 1종 · 예: Grimis Zauberfenster,포함
타임머신을 타고 온 선생님,원유순,기타,,발표 시기 미상,https://library.ltikorea.or.kr/translatedbooks/10958,,번역서 1종 · 예: 坐着时光机来的老师,포함
좁쌀영감 오병수,이상교,기타,,발표 시기 미상,https://library.ltikorea.or.kr/translatedbooks/10953,,번역서 1종 · 예: 碎嘴男孩的一地鸡毛,포함
춤추는 책가방,송언,기타,,발표 시기 미상,https://library.ltikorea.or.kr/translatedbooks/10952,,번역서 1종 · 예: 我不是绯闻女生,포함
잔소리 없는 엄마를 찾아주세요,최형미,기타,,발표 시기 미상,https://library.ltikorea.or.kr/translatedbooks/10954,,번역서 1종 · 예: 寻找不会唠叨的父母大人,포함
작은북이 동동동,송재찬,기타,,발표 시기 미상,https://library.ltikorea.or.kr/translatedbooks/10955,,번역서 1종 · 예: 土鸡插班生遇上了完美男生,포함
내 짝궁 김은실,이규희,기타,,발표 시기 미상,https://library.ltikorea.or.kr/translatedbooks/10956,,번역서 1종 · 예: 我和我的野兔同桌,포함
바다 위의 낭만 크루즈 여행,이형준,기타,,발표 시기 미상,https://library.ltikorea.or.kr/translatedbooks/10957,,번역서 1종 · 예: 海上游轮之旅,포함
꺼벙이 억수,윤수천,기타,,발표 시기 미상,https://library.ltikorea.or.kr/translatedbooks/10951,,번역서 1종 · 예: 傻傻孩的幸福时光,포함
바닷길은 문화의 고속도로였다,윤명철,기타,,발표 시기 미상,https://library.ltikorea.or.kr/translatedbooks/10950,,번역서 1종 · 예: Ðường biển - cao tốc phát triển văn hóa,포함
불편하고 행복하게 1-2 (합본),홍연식,기타,,발표 시기 미상,https://library.ltikorea.or.kr/translatedbooks/10949,,번역서 1종 · 예: Histoire d'un couple,포함
꼬리야? 꼬리야!,강혜숙,기타,,발표 시기 미상,https://library.ltikorea.or.kr/translatedbooks/10947,,번역서 1종 · 예: Die Kleine Echse Stummelschwanz,포함
바람의 화원 상-하,이정명,기타,,발표 시기 미상,https://library.ltikorea.or.kr/translatedbooks/10942,,번역서 1종 · 예: 風之畫師 上-下,포함
바람의 화원 하,이정명,기타,,발표 시기 미상,https://library.ltikorea.or.kr/translatedbooks/415489,,번역서 1종 · 예: 風之畫師. 下,포함
바람의 화원 상,이정명,기타,,발표 시기 미상,https://library.ltikorea.or.kr/translatedbooks/415490,,번역서 1종 · 예: 風之畫師. 上,포함
달에 홀린 광대,정영문,기타,,발표 시기 미상,https://library.ltikorea.or.kr/translatedbooks/10910,,번역서 2종 · 예: PIERROT EN MAL DE LUNE,포함
보조법어,지눌,기타,,발표 시기 미상,https://library.ltikorea.or.kr/translatedbooks/10909,,번역서 1종 · 예: Cesta k probuzeni v tradici korejskeho buddhismu,포함
오래된 일기,이승우,기타,,발표 시기 미상,https://library.ltikorea.or.kr/translatedbooks/10912,,번역서 1종 · 예: Le Vieux Journal,포함
한국의 안무가,정의숙,노래,,발표 시기 미상,https://library.ltikorea.or.kr/translatedbooks/10914,,번역서 1종 · 예: Choreographers in Motion : Retrospective and Perspectives,포함
정약용의 철학,백민정,기타,,발표 시기 미상,https://library.ltikorea.or.kr/translatedbooks/10908,,번역서 1종 · 예: 丁若镛哲学思想研究,포함
나무에 새겨진 팔만대장경의 비밀,박상진,기타,,발표 시기 미상,https://library.ltikorea.or.kr/translatedbooks/10862,,번역서 1종 · 예: 木刻八万大藏经的秘密,포함
"19, 29, 39 그녀들의 아슬아슬 연애사정",김영은,기타,,발표 시기 미상,https://library.ltikorea.or.kr/translatedbooks/10870,,번역서 1종 · 예: 時光最貴，幸福不累 : 真情展現女人的黃金30年,포함
길모퉁이 행운돼지,김종렬,기타,,발표 시기 미상,https://library.ltikorea.or.kr/translatedbooks/10871,,번역서 1종 · 예: Au cochon porte-bonheur,포함
Probability,Prāb dā h̄yùn,기타,,발표 시기 미상,https://library.ltikorea.or.kr/translatedbooks/10861,,번역서 1종 · 예: ความน่าจะเป็น (ปกแข็ง),포함
당신이 그리울 뿐입니다,김영식,기타,,발표 시기 미상,https://library.ltikorea.or.kr/translatedbooks/10849,,번역서 1종 · 예: あなたが愛しいだけです : I just miss you,포함
침략신사,辻子実,기타,,발표 시기 미상,https://library.ltikorea.or.kr/translatedbooks/10851,,번역서 1종 · 예: 侵略神社 : 靖国思想を考えるために,포함
대리시장,璀咸蒿,기타,,발표 시기 미상,https://library.ltikorea.or.kr/translatedbooks/10839,,번역서 1종 · 예: 代理市长,포함
보물섬,나금미,기타,,발표 시기 미상,https://library.ltikorea.or.kr/translatedbooks/10837,,번역서 1종 · 예: 金银岛,포함
외국인을 위한 한국음식 안내,한국교류재단,기타,,발표 시기 미상,https://library.ltikorea.or.kr/translatedbooks/1172,,번역서 1종 · 예: Korean food guide in english,포함
한국 문화재 용어 사전,이청규,기타,,발표 시기 미상,https://library.ltikorea.or.kr/translatedbooks/1173,,번역서 1종 · 예: Dictionary of Korean Art and Archaeology,포함
유리파수꾼,박완서 외,기타,,발표 시기 미상,https://library.ltikorea.or.kr/translatedbooks/10827,,번역서 1종 · 예: ガラスの番人 - 韓国女性作家短編集 1925~1988年,포함
"한국인의 신화: 저 너머, 저 속, 저 심연으로",김열규,소설,,발표 시기 미상,https://library.ltikorea.or.kr/translatedbooks/10828,,번역서 1종 · 예: 韓国人的神话,포함
얼음의 자서전: 최승호시집,최승호,시,,발표 시기 미상,https://library.ltikorea.or.kr/translatedbooks/10809,,번역서 2종 · 예: 氷の自叙伝 : 崔勝鎬詩集,포함
Aus dem Koreanischen von Heike Lee und Lee Tae Hoon. 소슬한 밤의 이야기 (탈향),이호철,기타,,발표 시기 미상,https://library.ltikorea.or.kr/translatedbooks/10794,,번역서 1종 · 예: Heimatlos,포함
해동이적,홍만종,기타,,발표 시기 미상,https://library.ltikorea.or.kr/translatedbooks/10680,,번역서 1종 · 예: Miracles in Korea,포함
상속,은희경,기타,,발표 시기 미상,https://library.ltikorea.or.kr/translatedbooks/10673,,번역서 1종 · 예: Qui a tendu un piège dans la pinède par une journée fleurie de printemps,포함
고양이 학교 2,김진경,기타,,발표 시기 미상,https://library.ltikorea.or.kr/translatedbooks/10618,,번역서 3종 · 예: Cat School 2 : The day of Apopis,포함
소설 알렉산드리아,이병주,소설,,발표 시기 미상,https://library.ltikorea.or.kr/translatedbooks/10499,,번역서 1종 · 예: Alexandria,포함
회색도시,현길언,기타,,발표 시기 미상,https://library.ltikorea.or.kr/translatedbooks/10674,,번역서 1종 · 예: LA VILLE GRISE,포함
이태준 단편선,이태준,기타,,발표 시기 미상,https://library.ltikorea.or.kr/translatedbooks/10672,,번역서 1종 · 예: LES CERISIERS DU JAPON,포함
미리 가 본 국립중앙박물관,오명숙,기타,,발표 시기 미상,https://library.ltikorea.or.kr/translatedbooks/10670,,번역서 2종 · 예: Exploring the National Museum of Korea,포함
"막걸리, 넌 누구냐",허시명,기타,,발표 시기 미상,https://library.ltikorea.or.kr/translatedbooks/10671,,번역서 1종 · 예: マッコリの正体 - その歴史と文化,포함
꿈없는 날들의 슬픔,이학영,기타,,발표 시기 미상,https://library.ltikorea.or.kr/translatedbooks/10667,,번역서 1종 · 예: 夢見ぬ日々の悲しみ,포함
상행,조희선,기타,,발표 시기 미상,https://library.ltikorea.or.kr/translatedbooks/10658,,번역서 1종 · 예: رحلة إلى سيول,포함
누들로드,이욱정,기타,,발표 시기 미상,https://library.ltikorea.or.kr/translatedbooks/10659,,번역서 1종 · 예: 面条之路,포함
친구들: 한국현대시,안도섭,시,,발표 시기 미상,https://library.ltikorea.or.kr/translatedbooks/514,,번역서 1종 · 예: Friends: Korean Modern Poetry,포함
만덕유령기담,김석범,기타,,발표 시기 미상,https://library.ltikorea.or.kr/translatedbooks/10614,,번역서 1종 · 예: The curious tale of mandogi's ghost,포함
몰개월의 새,박완서,기타,,발표 시기 미상,https://library.ltikorea.or.kr/translatedbooks/1438,,번역서 1종 · 예: L'Oiseau de Molgyewol,포함
당신들의 천국,이청준,기타,,발표 시기 미상,https://library.ltikorea.or.kr/translatedbooks/769,,번역서 6종 · 예: This Paradise of Yours,포함
역옹패설 ∙ 필원잡기,이제현,기타,,발표 시기 미상,https://library.ltikorea.or.kr/translatedbooks/10481,,번역서 1종 · 예: 櫟翁稗説・筆苑雑記,포함
"산이 있는 집, 우물이 있는 집",신경숙,기타,,발표 시기 미상,https://library.ltikorea.or.kr/translatedbooks/10626,,번역서 1종 · 예: 山のある家井戶のある家,포함
도산 안창호,이광수,기타,,발표 시기 미상,https://library.ltikorea.or.kr/translatedbooks/2369,,번역서 1종 · 예: 至誠、天を動かす 大韓民族独立運動の父島山安昌浩の思想と生涯,중복 제외 (앞 순위 출처에 있음)
일월,황순원,기타,,발표 시기 미상,https://library.ltikorea.or.kr/translatedbooks/816,,"번역서 1종 · 예: Sunlight, Moonlight",포함
숨은 손가락,이청준,기타,,발표 시기 미상,https://library.ltikorea.or.kr/translatedbooks/10620,,번역서 1종 · 예: 隠れた指・虫物語,포함
쩐의 전쟁,박인권,기타,,발표 시기 미상,https://library.ltikorea.or.kr/translatedbooks/10613,,번역서 1종 · 예: 钱的战争,포함
나가사키 파파,구효서,기타,,발표 시기 미상,https://library.ltikorea.or.kr/translatedbooks/10610,,번역서 1종 · 예: 長崎パパ,포함
소낙비,김유정,기타,,발표 시기 미상,https://library.ltikorea.or.kr/translatedbooks/10615,,번역서 1종 · 예: 雷阵雨,중복 제외 (앞 순위 출처에 있음)
빈처,현진건,기타,,발표 시기 미상,https://library.ltikorea.or.kr/translatedbooks/10616,,번역서 1종 · 예: 贫妻,중복 제외 (앞 순위 출처에 있음)
고향,현진건,기타,,발표 시기 미상,https://library.ltikorea.or.kr/translatedbooks/87,,번역서 1종 · 예: 故乡,중복 제외 (앞 순위 출처에 있음)
고양이 학교 1,김진경,기타,,발표 시기 미상,https://library.ltikorea.or.kr/translatedbooks/10617,,번역서 3종 · 예: Cat School 1 : The secret of the crystal cave,포함
고양이 학교 3,김진경,기타,,발표 시기 미상,https://library.ltikorea.or.kr/translatedbooks/10619,,번역서 2종 · 예: Cat School 3 : The hill of souls,포함
조선문학의 지성 김기림,김기림불명,기타,,발표 시기 미상,https://library.ltikorea.or.kr/translatedbooks/7797,,번역서 1종 · 예: 朝鮮文学の知性 金起林,포함
구르믈 버서난 달처럼 1,박흥용,기타,,발표 시기 미상,https://library.ltikorea.or.kr/translatedbooks/414019,,번역서 1종 · 예: Like the Moon Escaping from the Clouds 1,포함
한국옛날이야기 하,서정오,기타,,발표 시기 미상,https://library.ltikorea.or.kr/translatedbooks/415464,,번역서 2종 · 예: 韓国昔ばなし. 下,포함
첫사랑,조창인,기타,,발표 시기 미상,https://library.ltikorea.or.kr/translatedbooks/10597,,번역서 1종 · 예: 初恋,포함
한국옛날이야기 상,서정오,기타,,발표 시기 미상,https://library.ltikorea.or.kr/translatedbooks/415463,,번역서 2종 · 예: 韓國昔ばなし. 上,포함
사랑 후에 오는 것들,공지영,기타,,발표 시기 미상,https://library.ltikorea.or.kr/translatedbooks/10598,,번역서 2종 · 예: 爱过之后来临的,포함
공무도하,김훈,기타,,발표 시기 미상,https://library.ltikorea.or.kr/translatedbooks/10599,,번역서 1종 · 예: 公无渡河,포함
내 마음의 풍금소리,김하인,기타,,발표 시기 미상,https://library.ltikorea.or.kr/translatedbooks/10600,,번역서 1종 · 예: 我心中的风琴声,포함
가시면류관 초상,박상우,기타,,발표 시기 미상,https://library.ltikorea.or.kr/translatedbooks/10567,,번역서 1종 · 예: 荆棘冠冕的画像,포함
Sky Nest,최종렬,기타,,발표 시기 미상,https://library.ltikorea.or.kr/translatedbooks/10607,,번역서 1종 · 예: لانه آسمان,포함
구르믈 버서난 달처럼 2,박흥용,기타,,발표 시기 미상,https://library.ltikorea.or.kr/translatedbooks/414018,,번역서 1종 · 예: Like the Moon Escaping from the Clouds 2,포함
한국 고전여성작가의 시 세계,이해순,시,,발표 시기 미상,https://library.ltikorea.or.kr/translatedbooks/1399,,번역서 1종 · 예: The poetic world of classic Korean women writers,포함
Résonance Générale NUMÉRO 5-ÉTÉ 2012 : cahiers pour la poétique,Mont-de-Laval,기타,,발표 시기 미상,https://library.ltikorea.or.kr/translatedbooks/413352,,번역서 1종 · 예: Résonance Générale NUMÉRO 5-ÉTÉ 2012 : cahiers pour la poétique,포함
李光洙長篇小說研究 : 植民地における民族の再生と文学,和田 とも美,장편소설,,발표 시기 미상,https://library.ltikorea.or.kr/translatedbooks/415801,,번역서 1종 · 예: 李光洙長篇小說研究 : 植民地における民族の再生と文学,포함
한국전쟁,김학준,기타,,발표 시기 미상,https://library.ltikorea.or.kr/translatedbooks/9862,,번역서 1종 · 예: 朝鮮戦争 : 原因・過程・休戦・影響,포함
1-3 / 구르믈 버서난 달처럼,박흥용,기타,,발표 시기 미상,https://library.ltikorea.or.kr/translatedbooks/409985,,번역서 1종 · 예: Like the moon escaping from the clouds,포함
현대한국소설선집,이태준,소설,,발표 시기 미상,https://library.ltikorea.or.kr/translatedbooks/536,,번역서 1종 · 예: Reunion so far away: a collection of contemporary Korean fiction,포함
무명,이광수,기타,,발표 시기 미상,https://library.ltikorea.or.kr/translatedbooks/10577,,번역서 1종 · 예: 无明,중복 제외 (앞 순위 출처에 있음)
비즈니스,박범신,기타,,발표 시기 미상,https://library.ltikorea.or.kr/translatedbooks/10582,,번역서 1종 · 예: 流苏树,포함
좋은 아빠 되세요,차보금,기타,,발표 시기 미상,https://library.ltikorea.or.kr/translatedbooks/10586,,"번역서 1종 · 예: O tempo voa, papai!",포함
사랑에 미치다 Ⅱ,김하인,기타,,발표 시기 미상,https://library.ltikorea.or.kr/translatedbooks/10581,,번역서 1종 · 예: 为爱疯狂 Ⅱ,포함
배따라기,김동인,기타,,발표 시기 미상,https://library.ltikorea.or.kr/translatedbooks/10580,,번역서 1종 · 예: 船歌,중복 제외 (앞 순위 출처에 있음)
"강안남자 (상,하)",이원호,기타,,발표 시기 미상,https://library.ltikorea.or.kr/translatedbooks/10579,,번역서 1종 · 예: 强颜男子 上，下,포함
천년의 침묵,이선영,기타,,발표 시기 미상,https://library.ltikorea.or.kr/translatedbooks/10575,,번역서 1종 · 예: 千年的沉默,포함
13호 캐비닛,김언수,기타,,발표 시기 미상,https://library.ltikorea.or.kr/translatedbooks/10576,,번역서 1종 · 예: 13号橱柜 : 城市异兆族档案,포함
엄마의 장국집,김인순,기타,,발표 시기 미상,https://library.ltikorea.or.kr/translatedbooks/10578,,번역서 1종 · 예: 妈妈的酱汤馆,포함
귀신이 사는 집,김재창 외,기타,,발표 시기 미상,https://library.ltikorea.or.kr/translatedbooks/10583,,번역서 1종 · 예: 鬼神のすむ家,포함
불타는 여인,김성종,기타,,발표 시기 미상,https://library.ltikorea.or.kr/translatedbooks/10573,,번역서 1종 · 예: 失迷背后,포함
엉덩이 좀 들어줘,장희정,기타,,발표 시기 미상,https://library.ltikorea.or.kr/translatedbooks/10590,,"번역서 1종 · 예: Levante um pouquinho, por favor!",포함
백색인간,김성종,기타,,발표 시기 미상,https://library.ltikorea.or.kr/translatedbooks/10574,,번역서 1종 · 예: 白色人间,포함
뒤죽박죽 마법의 성,차보금,기타,,발표 시기 미상,https://library.ltikorea.or.kr/translatedbooks/10585,,번역서 1종 · 예: O castelo da bruxa confusa,포함
상하이 올드 데이스,박규원,기타,,발표 시기 미상,https://library.ltikorea.or.kr/translatedbooks/10591,,번역서 1종 · 예: 上海之淚,포함
Tempelklokken : 1392-1910,원천석 외,기타,,발표 시기 미상,https://library.ltikorea.or.kr/translatedbooks/10595,,번역서 1종 · 예: Tempelklokken : 1392-1910,포함
진짜 마법사에게 필요한 것,유영소,기타,,발표 시기 미상,https://library.ltikorea.or.kr/translatedbooks/10589,,번역서 1종 · 예: Aprendiz de mágico,포함
우리 아빠 좀 찾아주세요,신지윤,기타,,발표 시기 미상,https://library.ltikorea.or.kr/translatedbooks/10588,,"번역서 1종 · 예: Achem meu pai, por favor!",포함
곰곰씨와 담담이의 꿈,신지윤,기타,,발표 시기 미상,https://library.ltikorea.or.kr/translatedbooks/10584,,번역서 1종 · 예: O sonho de Dam-Dam e do sr. Gom-Gom,포함
멀고 먼 해후: 현대한국소설선집,이태준,소설,,발표 시기 미상,https://library.ltikorea.or.kr/translatedbooks/414364,,번역서 1종 · 예: Reunion so far away: a collection of contemporary Korean fiction,포함
제비야 아직도 기억하니?,윤여림,기타,,발표 시기 미상,https://library.ltikorea.or.kr/translatedbooks/10587,,"번역서 1종 · 예: Você se lembra, Andorinha?",포함
김치 먹을까요?,Lena Świadek,기타,,발표 시기 미상,https://library.ltikorea.or.kr/translatedbooks/10558,,번역서 1종 · 예: Zaproszenie na kimchi?,포함
BUY KOREA,김진명,기타,,발표 시기 미상,https://library.ltikorea.or.kr/translatedbooks/10489,,번역서 1종 · 예: バイ・コリア,포함
피아노 살인사건,김성종,기타,,발표 시기 미상,https://library.ltikorea.or.kr/translatedbooks/374,,번역서 1종 · 예: 钢琴杀人事件,포함
서동요,김영현,기타,,발표 시기 미상,https://library.ltikorea.or.kr/translatedbooks/10566,,번역서 1종 · 예: 薯童谣,포함
하늘 먼 자락에 구름 날리면,김양식,시,,발표 시기 미상,https://library.ltikorea.or.kr/translatedbooks/10560,,번역서 1종 · 예: 天際の彼方に : 初〓イ〓金良植詩集,포함
경성트로이카,안재성,기타,,발표 시기 미상,https://library.ltikorea.or.kr/translatedbooks/10564,,번역서 1종 · 예: 京城トロイカ,포함
브라스밴드를 기다리며,김인숙,기타,,발표 시기 미상,https://library.ltikorea.or.kr/translatedbooks/10570,,번역서 1종 · 예: 等待铜管乐队,포함
모략의 반도,김진명,기타,,발표 시기 미상,https://library.ltikorea.or.kr/translatedbooks/10565,,번역서 1종 · 예: 謀略の半島,포함
어머니,김정현,기타,,발표 시기 미상,https://library.ltikorea.or.kr/translatedbooks/10561,,번역서 1종 · 예: 母よ ヘギョンの愛した家族,포함
그 남자 그 여자,이병률,기타,,발표 시기 미상,https://library.ltikorea.or.kr/translatedbooks/10562,,번역서 1종 · 예: 那男那女,포함
둔황의 사랑,윤후명,기타,,발표 시기 미상,https://library.ltikorea.or.kr/translatedbooks/1338,,번역서 2종 · 예: The Love of Dunhuang,포함
나무,이순원,기타,,발표 시기 미상,https://library.ltikorea.or.kr/translatedbooks/10568,,번역서 1종 · 예: 小新郎的栗子树,포함
한국현대문학단편선집,손창섭 외,기타,,발표 시기 미상,https://library.ltikorea.or.kr/translatedbooks/5389,,번역서 1종 · 예: JI-DO : ANTOLOGÍA DE LA NARRATIVA COREANA CONTEMPORÁNEA,포함
뿌리깊은 나무,이정명,기타,,발표 시기 미상,https://library.ltikorea.or.kr/translatedbooks/10571,,번역서 2종 · 예: 树大根深,포함
연애의 시대,권보드래,기타,,발표 시기 미상,https://library.ltikorea.or.kr/translatedbooks/10555,,번역서 1종 · 예: 恋愛の時代 : 大正期(1920年代前半)朝鮮における文化と流行,포함
객지: 황석영 중단편선,황석영,단편소설,,발표 시기 미상,https://library.ltikorea.or.kr/translatedbooks/10554,,번역서 1종 · 예: 客地: 黃晳暎中短篇小说选,포함
한국의 신화와 설화,미확인,소설,,발표 시기 미상,https://library.ltikorea.or.kr/translatedbooks/10553,,번역서 1종 · 예: Myths & Legends from Korea: an annotated compendium of ancient and modern materials,포함
소라단 가는 길,윤흥길,기타,,발표 시기 미상,https://library.ltikorea.or.kr/translatedbooks/9586,,번역서 1종 · 예: El camino a Soradan,포함
한국현대문학사,Halina Ogarek-Czoj,기타,,발표 시기 미상,https://library.ltikorea.or.kr/translatedbooks/10526,,번역서 1종 · 예: Literatura koreańska XX wieku: zarys,포함
김수영 시집,김수영,시,,발표 시기 미상,https://library.ltikorea.or.kr/translatedbooks/10549,,번역서 1종 · 예: 金洙暎詩集,포함
시를 찾아서,정희성,시,,발표 시기 미상,https://library.ltikorea.or.kr/translatedbooks/10551,,번역서 1종 · 예: 詩を探し求めて: 鄭喜成詩選集,포함
Gedicht / 바람 부는 날,고은,기타,,발표 시기 미상,https://library.ltikorea.or.kr/translatedbooks/1730,,번역서 1종 · 예: (Ein)Tag voller Wind,포함
"소, 토막, 당나귀",유치진,희곡,,발표 시기 미상,https://library.ltikorea.or.kr/translatedbooks/9951,,"번역서 1종 · 예: Three plays: The cow, The Mud Hut, The Donkey",포함
벼랑의 꿈,오세영,기타,,발표 시기 미상,https://library.ltikorea.or.kr/translatedbooks/10539,,번역서 2종 · 예: Songe de la falaise : suivi d'un choix de poèmes,포함
얼음의 자서전,최승호,기타,,발표 시기 미상,https://library.ltikorea.or.kr/translatedbooks/9499,,번역서 1종 · 예: AUTOBIOGRAFIA DE HIELHO,포함
돌아서서 떠나라,이만희,기타,,발표 시기 미상,https://library.ltikorea.or.kr/translatedbooks/10541,,"번역서 1종 · 예: Va, ne te retourne pas : suivi de Fleurir-faner, fleurir-faner - et de Éteignez, s'il vous plaît",포함
분신들,최수철,기타,,발표 시기 미상,https://library.ltikorea.or.kr/translatedbooks/10536,,번역서 1종 · 예: 分身人,포함
화개,김지하,기타,,발표 시기 미상,https://library.ltikorea.or.kr/translatedbooks/10537,,번역서 3종 · 예: FLORECIMIENTO,포함
한국현당대문학 경전해독,김소월,기타,,발표 시기 미상,https://library.ltikorea.or.kr/translatedbooks/10535,,번역서 1종 · 예: 韩国现当代文学经典解读,포함
Blue Stallion : poems of Yu Chi-whan,유치환,시,,발표 시기 미상,https://library.ltikorea.or.kr/translatedbooks/10528,,번역서 1종 · 예: Blue Stallion : poems of Yu Chi-whan,포함
무진기행,김승옥,단편소설,,발표 시기 미상,https://library.ltikorea.or.kr/translatedbooks/10534,,"번역서 5종 · 예: Viaje a Muyin, ciudad de la niebla",포함
성찬경 시선,성찬경,시,,발표 시기 미상,https://library.ltikorea.or.kr/translatedbooks/10527,,번역서 1종 · 예: Translucency: selected poems of Chankyung Sung,포함
a novel of World War Two. 오 하느님,조정래,기타,,발표 시기 미상,https://library.ltikorea.or.kr/translatedbooks/10529,,번역서 1종 · 예: How in Heaven's Name,포함
인도인을 위한 한국어,김도영,기타,,발표 시기 미상,https://library.ltikorea.or.kr/translatedbooks/10525,,번역서 1종 · 예: Korean Language in India,포함
여지도,고은,시,,발표 시기 미상,https://library.ltikorea.or.kr/translatedbooks/10516,,번역서 1종 · 예: Traveler Maps: Poems By Ko Un : poems,포함
"작고, 낮고, 천천히",안도현,기타,,발표 시기 미상,https://library.ltikorea.or.kr/translatedbooks/2595,,번역서 1종 · 예: 小さく、低く、ゆっくりと,포함
그로테스크,최승호,기타,,발표 시기 미상,https://library.ltikorea.or.kr/translatedbooks/10519,,번역서 1종 · 예: Grotesco,포함
사람의 향기,송기원,기타,,발표 시기 미상,https://library.ltikorea.or.kr/translatedbooks/10518,,번역서 1종 · 예: Menschenduft,포함
아무것도 아니면서 모든것인 나,최승호,기타,,발표 시기 미상,https://library.ltikorea.or.kr/translatedbooks/5320,,"번역서 1종 · 예: Yo que soy nada, lo soy todo",포함
stories. 탈: 황순원 단편집,황순원,단편소설,,발표 시기 미상,https://library.ltikorea.or.kr/translatedbooks/819,,번역서 1종 · 예: The Book of Masks,포함
글,Albrecht Huwe,기타,,발표 시기 미상,https://library.ltikorea.or.kr/translatedbooks/1913,,번역서 1종 · 예: Orientierungen : Zeitschrift zur Kultur Asiens : Die Antenne - erzahlungen koreanischer autoren des 20. jahrhunderts,포함
불망비(不忘碑),오정희,기타,,발표 시기 미상,https://library.ltikorea.or.kr/translatedbooks/10512,,번역서 1종 · 예: Der Gedenkstein,포함
아들과 함께 걷는 길,이순원,기타,,발표 시기 미상,https://library.ltikorea.or.kr/translatedbooks/10513,,번역서 1종 · 예: El canmino andado con mi hijo,포함
테러리스트,선우휘,단편소설,,발표 시기 미상,https://library.ltikorea.or.kr/translatedbooks/10523,,번역서 1종 · 예: Le terroriste et autres nouvelles,포함
한국인의 사랑: 한국현대시선집,박미영,시,,발표 시기 미상,https://library.ltikorea.or.kr/translatedbooks/410679,,번역서 1종 · 예: אהבה קוריאנית,포함
주몽,박혁문,기타,,발표 시기 미상,https://library.ltikorea.or.kr/translatedbooks/10483,,번역서 1종 · 예: 朱蒙-チュモン,포함
빗장열기 : 보통시민오씨의 548일 북한체류기 하,오영진,기타,,발표 시기 미상,https://library.ltikorea.or.kr/translatedbooks/415842,,번역서 1종 · 예: Le visiteur du Sud : le journal de monsieur Oh en Corée du Nord. Tome 2,포함
당신이라는 기호,김혜영,기타,,발표 시기 미상,https://library.ltikorea.or.kr/translatedbooks/10497,,번역서 1종 · 예: あなたという記号,포함
한국근현대문학사전,권영민,기타,,발표 시기 미상,https://library.ltikorea.or.kr/translatedbooks/10493,,번역서 1종 · 예: 韓国近現代文学事典,포함
아홉살 인생,위기철,기타,,발표 시기 미상,https://library.ltikorea.or.kr/translatedbooks/10488,,번역서 1종 · 예: 9歲の人生,포함
순이삼촌,현기영,기타,,발표 시기 미상,https://library.ltikorea.or.kr/translatedbooks/10495,,번역서 4종 · 예: Aunt Suni,포함
민들레 목장,전경애,기타,,발표 시기 미상,https://library.ltikorea.or.kr/translatedbooks/10496,,번역서 1종 · 예: The Dandelion Ranch,포함
108 Zen Poems. 뭐냐?,고은,시,,발표 시기 미상,https://library.ltikorea.or.kr/translatedbooks/10498,,번역서 1종 · 예: What?: 108 Zen Poems,포함
실록 동학농민혁명사,이진영,기타,,발표 시기 미상,https://library.ltikorea.or.kr/translatedbooks/2727,,번역서 2종 · 예: 実錄東学農民革命史,포함
남쪽손님 : 보통시민오씨의 548일 북한체류기 상,오영진,기타,,발표 시기 미상,https://library.ltikorea.or.kr/translatedbooks/415842,,번역서 1종 · 예: Le visiteur du Sud : le journal de monsieur Oh en Corée du Nord. Tome 1,포함
황진이,전경린,기타,,발표 시기 미상,https://library.ltikorea.or.kr/translatedbooks/10490,,번역서 1종 · 예: 黃真伊,포함
나는 싸기 대장의 형님,조성자,기타,,발표 시기 미상,https://library.ltikorea.or.kr/translatedbooks/10505,,번역서 1종 · 예: ぼくの弟はションベン小僧,포함
현대한국희곡,차범석,희곡,,발표 시기 미상,https://library.ltikorea.or.kr/translatedbooks/8432,,번역서 1종 · 예: Modern Korean Drama,포함
인사 잘하고 웃기 잘하는 집,윤수천,기타,,발표 시기 미상,https://library.ltikorea.or.kr/translatedbooks/10503,,번역서 1종 · 예: ぼくらのスーパー大戦争,포함
최후의 증인 上-下,김성종,기타,,발표 시기 미상,https://library.ltikorea.or.kr/translatedbooks/10491,,번역서 1종 · 예: 最後の証人. 上-下,포함
동화책을 먹은 바둑이,노경실,동화,,발표 시기 미상,https://library.ltikorea.or.kr/translatedbooks/10501,,번역서 1종 · 예: ぼくの本を食べちゃったポチ,포함
뚱보면 어때 난 나야,이미애,기타,,발표 시기 미상,https://library.ltikorea.or.kr/translatedbooks/10500,,번역서 1종 · 예: 太ってたってぼくはぼく,포함
나무꾼과 호랑이 형님,작자 미상[Unknowned],기타,,발표 시기 미상,https://library.ltikorea.or.kr/translatedbooks/10485,,번역서 1종 · 예: Woodcutter and Tiger Brother,포함
Un art lyrique coreen / 판소리,이미정,기타,,발표 시기 미상,https://library.ltikorea.or.kr/translatedbooks/1642,,번역서 1종 · 예: Le Pansori,포함
poemas 입 속의 검은 잎,기형도,기타,,발표 시기 미상,https://library.ltikorea.or.kr/translatedbooks/7951,,번역서 1종 · 예: La hoja negra dentro de la boca,포함
리틀보이,고형렬,기타,,발표 시기 미상,https://library.ltikorea.or.kr/translatedbooks/2546,,번역서 1종 · 예: リトルボーイ,포함
전쟁과 평화,장성민,기타,,발표 시기 미상,https://library.ltikorea.or.kr/translatedbooks/10479,,번역서 1종 · 예: 金正日最期の日 : 宣戦布告か和平か,포함
and Other Korean Short Stories / 한국대표단편선,이청준,기타,,발표 시기 미상,https://library.ltikorea.or.kr/translatedbooks/535,,번역서 1종 · 예: The Cruel City,포함
récits. 순례자의 노래,오정희,기타,,발표 시기 미상,https://library.ltikorea.or.kr/translatedbooks/1519,,번역서 1종 · 예: (Le)chant du pèlerin,포함
Málaga Milenaria,고은,기타,,발표 시기 미상,https://library.ltikorea.or.kr/translatedbooks/623,,번역서 1종 · 예: Málaga Milenaria,포함
숙향전,레타,기타,,발표 시기 미상,https://library.ltikorea.or.kr/translatedbooks/1927,,번역서 1종 · 예: Die Geschichte der Sukhyang,포함
짜장면 불어요!,이현,기타,,발표 시기 미상,https://library.ltikorea.or.kr/translatedbooks/10473,,번역서 1종 · 예: ジャージャー麺がのびちゃうよ！,포함
Ved Lotus-Kulpen : Koreansk poesi i norsk gjendiktning,Arne Dorumsgaard,기타,,발표 시기 미상,https://library.ltikorea.or.kr/translatedbooks/10478,,번역서 1종 · 예: Ved Lotus-Kulpen : Koreansk poesi i norsk gjendiktning,포함
어느 할아버지의 평범한 이야기,박정기,단편소설,,발표 시기 미상,https://library.ltikorea.or.kr/translatedbooks/1666,,번역서 2종 · 예: Paroles d'un sage coréen à ses petits-enfants,포함
한일 시인 앤솔러지: 해협을 건너는 소리,최광준,시,,발표 시기 미상,https://library.ltikorea.or.kr/translatedbooks/2563,,번역서 1종 · 예: 日韓詩人アソンロジー 海峡を渡るソリ(声),포함
이끼,김종일,기타,,발표 시기 미상,https://library.ltikorea.or.kr/translatedbooks/10474,,번역서 1종 · 예: 黒く濁る村,포함
숲은 잠들지 않는다,박범신,기타,,발표 시기 미상,https://library.ltikorea.or.kr/translatedbooks/10456,,번역서 1종 · 예: 丛林不眠,포함
강 어귀에 섬 하나,이인성,기타,,발표 시기 미상,https://library.ltikorea.or.kr/translatedbooks/10455,,번역서 1종 · 예: SEPT MEANDRES POUR UNE ILE,포함
촐라체,박범신,기타,,발표 시기 미상,https://library.ltikorea.or.kr/translatedbooks/10451,,번역서 1종 · 예: 一如草芥的尘世 : CHOLATSE,포함
전 세계의 쓰레기여 단결하라,김혜순,기타,,발표 시기 미상,https://library.ltikorea.or.kr/translatedbooks/10436,,"번역서 1종 · 예: All the Garbage of the World, Unite!",포함
남과북,고은,기타,,발표 시기 미상,https://library.ltikorea.or.kr/translatedbooks/10431,,번역서 1종 · 예: أمـاكـنخـالـدة,포함
translation of overlooked worlds. 연암일기,박지원,기타,,발표 시기 미상,https://library.ltikorea.or.kr/translatedbooks/10283,,번역서 1종 · 예: The novels of Park Jiwon,포함
하늘길,이문열,기타,,발표 시기 미상,https://library.ltikorea.or.kr/translatedbooks/8681,,"번역서 1종 · 예: 問天, 路怎麼走?",포함
원미동 시인,양귀자,기타,,발표 시기 미상,https://library.ltikorea.or.kr/translatedbooks/10430,,번역서 1종 · 예: The Poet of Wonmi-dong,포함
어둠의 혼,김원일,기타,,발표 시기 미상,https://library.ltikorea.or.kr/translatedbooks/10427,,번역서 2종 · 예: Soul of Darkness,포함
유형의 땅,조정래,기타,,발표 시기 미상,https://library.ltikorea.or.kr/translatedbooks/10425,,번역서 2종 · 예: The Land of the Banished,포함
바보처럼 공부하고 천채처럼 꿈꿔라,신웅진,기타,,발표 시기 미상,https://library.ltikorea.or.kr/translatedbooks/10424,,번역서 1종 · 예: 怀着天才一样的梦想像傻瓜一样学习,포함
돌아온 우리의 친구,신상웅,기타,,발표 시기 미상,https://library.ltikorea.or.kr/translatedbooks/10420,,번역서 1종 · 예: Our Friend's Homecoming,포함
改變世界的建築,승효상,기타,,발표 시기 미상,https://library.ltikorea.or.kr/translatedbooks/10417,,번역서 1종 · 예: 改變世界的建築,포함
풍금이 있던 자리,신경숙,기타,,발표 시기 미상,https://library.ltikorea.or.kr/translatedbooks/10414,,번역서 2종 · 예: The Place Where the Harmonium Was,포함
사춘기가 인생을 결정한다,김현정,기타,,발표 시기 미상,https://library.ltikorea.or.kr/translatedbooks/10400,,번역서 1종 · 예: 十几岁真好 : 青春期最关键的42件事,포함
빈처,은희경,기타,,발표 시기 미상,https://library.ltikorea.or.kr/translatedbooks/10413,,번역서 2종 · 예: Poor Man's wife,포함
유럽 동화마을 여행,이형준,동화,,발표 시기 미상,https://library.ltikorea.or.kr/translatedbooks/10412,,번역서 1종 · 예: 欧洲童话村之旅,포함
엄마의 말뚝 1,박완서,기타,,발표 시기 미상,https://library.ltikorea.or.kr/translatedbooks/10411,,번역서 1종 · 예: Mother's stake 1,포함
(체질에 따라 치료 효과 100% 높이는)음식동의보감,신재용,기타,,발표 시기 미상,https://library.ltikorea.or.kr/translatedbooks/10406,,번역서 1종 · 예: 體質飮食東醫寶鑑,포함
재미있게 말하는 사람이 성공한다,유재화 외,기타,,발표 시기 미상,https://library.ltikorea.or.kr/translatedbooks/10395,,번역서 1종 · 예: 懂得幽默 : 百年不变的成功秘诀,포함
매혹의 기술,송창민,기타,,발표 시기 미상,https://library.ltikorea.or.kr/translatedbooks/10396,,번역서 1종 · 예: 魅惑的技巧,포함
寶寶最愛吃的斷乳食譜 : 4000道營養餐輕鬆做,김은주,기타,,발표 시기 미상,https://library.ltikorea.or.kr/translatedbooks/10397,,번역서 1종 · 예: 寶寶最愛吃的斷乳食譜 : 4000道營養餐輕鬆做,포함
不搞怪就不叫藝術 = 새빨간 미술의 고백 : 새빨간 미술의 고백,반이정,기타,,발표 시기 미상,https://library.ltikorea.or.kr/translatedbooks/10398,,번역서 1종 · 예: 60個大開眼界的創意搞怪藝術,포함
孩子请听我说 / (아이의 미래를 바꾸는) 아빠의 대화 혁명,손석한,기타,,발표 시기 미상,https://library.ltikorea.or.kr/translatedbooks/10399,,번역서 1종 · 예: 爸爸的对话革命,포함
병신과 머저리,이청준,기타,,발표 시기 미상,https://library.ltikorea.or.kr/translatedbooks/10428,,번역서 3종 · 예: The Wounded,포함
(온쪽이 하예린의) 내가 만난 파리,최하예린,기타,,발표 시기 미상,https://library.ltikorea.or.kr/translatedbooks/10389,,번역서 1종 · 예: (一个小学五年級女生的奇妙之旅) 带着老爸去巴黎,포함
(약이 되고 궁합 맞는) 음식 동의보감,신재용,기타,,발표 시기 미상,https://library.ltikorea.or.kr/translatedbooks/10403,,번역서 1종 · 예: 名醫的飲食對症療法 : 這樣做，讓疾病消失,포함
중학생이 되기 전에 꼭 읽어야 할 만화 수학 교과서,고윤곤,기타,,발표 시기 미상,https://library.ltikorea.or.kr/translatedbooks/10404,,번역서 1종 · 예: 上初中前必读的读数学漫画,포함
한국대표시선집,김지향,시,,발표 시기 미상,https://library.ltikorea.or.kr/translatedbooks/10330,,번역서 1종 · 예: ДАМАРИ ЖИВОТА : избор из кореjске поезиjе,포함
무의자 시집,혜심,시,,발표 시기 미상,https://library.ltikorea.or.kr/translatedbooks/10326,,번역서 1종 · 예: Magnolia & Lotus: Selected Poems of Hyesim,포함
roman / 움직이는 성,황순원,기타,,발표 시기 미상,https://library.ltikorea.or.kr/translatedbooks/1602,,번역서 1종 · 예: (Le)château qui se meut,포함
"a historical anthology. 한국시가집: 신라, 고려, 조선, 20세기",무왕 -641,시,,발표 시기 미상,https://library.ltikorea.or.kr/translatedbooks/414164,,번역서 2종 · 예: Poems from Korea: a historical anthology,포함
그곳이 어디든,이승우,기타,,발표 시기 미상,https://library.ltikorea.or.kr/translatedbooks/10280,,번역서 1종 · 예: Ici comme ailleurs,포함
속삭임,고은,기타,,발표 시기 미상,https://library.ltikorea.or.kr/translatedbooks/10277,,번역서 1종 · 예: CHUCHOTEMENT,포함
그림자 전쟁 1,김진경,기타,,발표 시기 미상,https://library.ltikorea.or.kr/translatedbooks/413347,,"번역서 2종 · 예: La guerre des ombres, Tome 1 À la poursuite du chat Néo",포함
초정리 편지,배유안,기타,,발표 시기 미상,https://library.ltikorea.or.kr/translatedbooks/10278,,번역서 1종 · 예: Les lettres du secret,포함
내 가슴에 해마가 산다,김려령,기타,,발표 시기 미상,https://library.ltikorea.or.kr/translatedbooks/10279,,번역서 1종 · 예: Un Hippocampe dans mon cœur,포함
"tomes 4, 5 / 고양이 학교 4,5",김진경,기타,,발표 시기 미상,https://library.ltikorea.or.kr/translatedbooks/10270,,번역서 1종 · 예: (L`)ecole des chats,포함
Le cadeau magique / 고양이 학교 2,김진경,기타,,발표 시기 미상,https://library.ltikorea.or.kr/translatedbooks/10274,,번역서 1종 · 예: (L`)ecole des chats,포함
"고양이 학교 4, 5",김진경,기타,,발표 시기 미상,https://library.ltikorea.or.kr/translatedbooks/10270,,"번역서 1종 · 예: L’Ecole des Chats 4, 5",포함
"고양이 학교 1,2,3",김진경,기타,,발표 시기 미상,https://library.ltikorea.or.kr/translatedbooks/10268,,"번역서 1종 · 예: L’Ecole des Chats 1, 2, 3",포함
"tomes 1,2,3 / 고양이 학교 1,2,3",김진경,기타,,발표 시기 미상,https://library.ltikorea.or.kr/translatedbooks/10268,,번역서 1종 · 예: (L`)ecole des chats,포함
roman / 김약국의 딸들,박경리,기타,,발표 시기 미상,https://library.ltikorea.or.kr/translatedbooks/1509,,번역서 1종 · 예: (Les)filles du pharmacien Kim,포함
내 영혼의 우물,최인석,단편소설,,발표 시기 미상,https://library.ltikorea.or.kr/translatedbooks/415872,,번역서 1종 · 예: Le puits de mon âme : nouvelles,포함
코카콜라 애인,윤대녕,기타,,발표 시기 미상,https://library.ltikorea.or.kr/translatedbooks/10273,,번역서 1종 · 예: Les amants du Coca-Cola Club,포함
초식,이제하,기타,,발표 시기 미상,https://library.ltikorea.or.kr/translatedbooks/10272,,번역서 1종 · 예: Régime végétarien,포함
roman / 사람의 아들,이문열,기타,,발표 시기 미상,https://library.ltikorea.or.kr/translatedbooks/1533,,번역서 1종 · 예: (Le)fils de l'homme,포함
오래된 정원,황석영,기타,,발표 시기 미상,https://library.ltikorea.or.kr/translatedbooks/10271,,번역서 8종 · 예: (Le)Vieux Jardin,포함
roman / 고기잡이는 갈대를 꺾지 않는다,김주영,기타,,발표 시기 미상,https://library.ltikorea.or.kr/translatedbooks/1507,,번역서 1종 · 예: (Le)pêcheur ne cueille pas de roseaux,포함
어린이 삼국유사 1-2,서정오,기타,,발표 시기 미상,https://library.ltikorea.or.kr/translatedbooks/10262,,번역서 1종 · 예: Truyện cố Hàn Quốc thòi Tam Quốc dành cho thiếu nhi. Tậ1- Tậ2,포함
한국시가집: 고대에서 현대까지,미확인,시,,발표 시기 미상,https://library.ltikorea.or.kr/translatedbooks/10228,,번역서 1종 · 예: Anthology of Korean Poetry: From the Earliest Era to the Present,포함
춘향전,작자 미상[Unknowned],기타,,발표 시기 미상,https://library.ltikorea.or.kr/translatedbooks/10226,,번역서 1종 · 예: Fragrance of Spring: The Story of Choon Hyang,포함
나의 비밀정원에 놀러오세요,장선혜,기타,,발표 시기 미상,https://library.ltikorea.or.kr/translatedbooks/10201,,번역서 1종 · 예: 欢迎到我的神秘花园来参观,포함
젊은 구글러가 세상에 던지는 열정력,김태원,기타,,발표 시기 미상,https://library.ltikorea.or.kr/translatedbooks/10199,,번역서 1종 · 예: 為自己的夢想掌舵 : 年輕就該勇敢去試,포함
누가 파리를 잡아먹었나,하늘땅,기타,,발표 시기 미상,https://library.ltikorea.or.kr/translatedbooks/10202,,번역서 1종 · 예: 谁吃了苍蝇？,포함
피부는 요술옷,장기화,기타,,발표 시기 미상,https://library.ltikorea.or.kr/translatedbooks/10205,,번역서 1종 · 예: 我们神奇的衣服——皮肤,포함
나는 누구게?,장기화,기타,,발표 시기 미상,https://library.ltikorea.or.kr/translatedbooks/10203,,번역서 1종 · 예: 猜猜我是谁？,포함
청소부는 누구?,강은경,기타,,발표 시기 미상,https://library.ltikorea.or.kr/translatedbooks/10204,,번역서 1종 · 예: 地球的情节小卫士是谁呢？,포함
리젠드 2,우수정,기타,,발표 시기 미상,https://library.ltikorea.or.kr/translatedbooks/415438,,번역서 1종 · 예: LEGENDA. 2,포함
리젠드,우수정,기타,,발표 시기 미상,https://library.ltikorea.or.kr/translatedbooks/10183,,번역서 1종 · 예: LEGENDA,포함
한국동화집,작자 미상,동화,,발표 시기 미상,https://library.ltikorea.or.kr/translatedbooks/443,,번역서 1종 · 예: Korejské pohádky,포함
불꽃의 인페르노,임달영,기타,,발표 시기 미상,https://library.ltikorea.or.kr/translatedbooks/10187,,번역서 1종 · 예: Ohnivý Inferno,포함
백두산,조기천,기타,,발표 시기 미상,https://library.ltikorea.or.kr/translatedbooks/413393,,번역서 1종 · 예: Pèktusan : Epopej korejských partyzánů,중복 제외 (앞 순위 출처에 있음)
여왕의 기사,김강원,기타,,발표 시기 미상,https://library.ltikorea.or.kr/translatedbooks/10186,,번역서 1종 · 예: Královnin rytíř,포함
나우,박성우,기타,,발표 시기 미상,https://library.ltikorea.or.kr/translatedbooks/10184,,번역서 1종 · 예: Now,포함
금강산,작자 미상,기타,,발표 시기 미상,https://library.ltikorea.or.kr/translatedbooks/413369,,"번역서 1종 · 예: DÉMANTOVÉ HORY : Povídky, črty a příběhy",포함
나우 2,박성우,기타,,발표 시기 미상,https://library.ltikorea.or.kr/translatedbooks/415440,,번역서 1종 · 예: Now . 2,포함
불꽃의 인페르노 1,임달영,기타,,발표 시기 미상,https://library.ltikorea.or.kr/translatedbooks/415449,,번역서 1종 · 예: Ohnivý Inferno. 1,포함
나우 1,박성우,기타,,발표 시기 미상,https://library.ltikorea.or.kr/translatedbooks/415439,,번역서 1종 · 예: Now . 1,포함
리젠드 1,우수정,기타,,발표 시기 미상,https://library.ltikorea.or.kr/translatedbooks/415437,,번역서 1종 · 예: LEGENDA. 1,포함
여왕의 기사 4,김강원,기타,,발표 시기 미상,https://library.ltikorea.or.kr/translatedbooks/415446,,번역서 1종 · 예: Královnin rytíř . 4,포함
여왕의 기사 6,김강원,기타,,발표 시기 미상,https://library.ltikorea.or.kr/translatedbooks/415448,,번역서 1종 · 예: Královnin rytíř . 6,포함
불꽃의 인페르노 2,임달영,기타,,발표 시기 미상,https://library.ltikorea.or.kr/translatedbooks/415450,,번역서 1종 · 예: Ohnivý Inferno. 2,포함
불꽃의 인페르노 3,임달영,기타,,발표 시기 미상,https://library.ltikorea.or.kr/translatedbooks/415451,,번역서 1종 · 예: Ohnivý Inferno. 3,포함
여왕의 기사 3,김강원,기타,,발표 시기 미상,https://library.ltikorea.or.kr/translatedbooks/415444,,번역서 1종 · 예: Královnin rytíř . 3,포함
여왕의 기사 2,김강원,기타,,발표 시기 미상,https://library.ltikorea.or.kr/translatedbooks/415443,,번역서 1종 · 예: Královnin rytíř . 2,포함
여왕의 기사 1,김강원,기타,,발표 시기 미상,https://library.ltikorea.or.kr/translatedbooks/415442,,번역서 1종 · 예: Královnin rytíř . 1,포함
여왕의 기사 5,김강원,기타,,발표 시기 미상,https://library.ltikorea.or.kr/translatedbooks/415447,,번역서 1종 · 예: Královnin rytíř . 5,포함
눈길 외,정연희,단편소설,,발표 시기 미상,https://library.ltikorea.or.kr/translatedbooks/534,,번역서 1종 · 예: The snowy road and other stories,포함
원더랜드 서울,정재인,기타,,발표 시기 미상,https://library.ltikorea.or.kr/translatedbooks/9987,,번역서 1종 · 예: 必玩!首爾地鐵通,포함
놀이로 배우는 경제,이티원 경제교육센터,기타,,발표 시기 미상,https://library.ltikorea.or.kr/translatedbooks/9986,,번역서 1종 · 예: 零用錢理財日記,포함
"고혈압 치료, 나는 혈압약을 믿지 않는다",선재광,기타,,발표 시기 미상,https://library.ltikorea.or.kr/translatedbooks/9983,,번역서 1종 · 예: 治療高血壓，我不相信高血壓藥,포함
한국현대시선,하정오,시,,발표 시기 미상,https://library.ltikorea.or.kr/translatedbooks/7479,,번역서 1종 · 예: 韓国現代詩選 -茨木のり子訳編-,포함
죽을 때까지 섹시하기,김희재,기타,,발표 시기 미상,https://library.ltikorea.or.kr/translatedbooks/9979,,"번역서 1종 · 예: 一个人, 也要活得性感",포함
全世界心理学家都在用的秒杀识人术 / 위험한 심리학,송형석,기타,,발표 시기 미상,https://library.ltikorea.or.kr/translatedbooks/9978,,번역서 1종 · 예: 世界如此险恶你要看透人心,포함
검은 새,이수지,기타,,발표 시기 미상,https://library.ltikorea.or.kr/translatedbooks/9980,,번역서 2종 · 예: Czarny ptak,포함
커피프린스,이선미,기타,,발표 시기 미상,https://library.ltikorea.or.kr/translatedbooks/9969,,번역서 1종 · 예: Coffee Prince,포함
1 / 내일은 발명왕,곰돌이 co.,기타,,발표 시기 미상,https://library.ltikorea.or.kr/translatedbooks/414246,,번역서 1종 · 예: 科學 發明王 : 磁鐵的極性,포함
며느리에게 주는 요리책,장선용,기타,,발표 시기 미상,https://library.ltikorea.or.kr/translatedbooks/9977,,번역서 1종 · 예: 学做地道韩国菜,포함
2 / 내일은 발명왕,곰돌이 co.,기타,,발표 시기 미상,https://library.ltikorea.or.kr/translatedbooks/415908,,번역서 2종 · 예: 科學 發明王 : 雨天的發明,포함
romanas / 우주피스 공화국,하일지,기타,,발표 시기 미상,https://library.ltikorea.or.kr/translatedbooks/9974,,번역서 1종 · 예: Užupio respublika,포함
再生能源 vs 原子核能源 / 위기의 지구를 살리는 진짜 에너지를 찾아라,강양구,기타,,발표 시기 미상,https://library.ltikorea.or.kr/translatedbooks/9975,,번역서 1종 · 예: 搶救地球能源,포함
한국무협소설의 작가와 작품,전형준,소설,,발표 시기 미상,https://library.ltikorea.or.kr/translatedbooks/9976,,번역서 1종 · 예: 从代理满足到现实批判: 韓国武俠小说作家及作品,포함
Poèmes / 공백의 그림자,박이문,기타,,발표 시기 미상,https://library.ltikorea.or.kr/translatedbooks/9971,,번역서 1종 · 예: (L')Ombre du vide,포함
하백의 신부 6,윤미경,기타,,발표 시기 미상,https://library.ltikorea.or.kr/translatedbooks/414556,,번역서 1종 · 예: A vízisten menyasszonya. 6,포함
하백의 신부 7,윤미경,기타,,발표 시기 미상,https://library.ltikorea.or.kr/translatedbooks/414557,,번역서 1종 · 예: A vízisten menyasszonya. 7,포함
현대한국을 알기 위한 55장,石坂 浩一,기타,,발표 시기 미상,https://library.ltikorea.or.kr/translatedbooks/9962,,번역서 1종 · 예: 現代韓国を知るための55章,포함
Dziesięć tysięcy istnień / 만인보,고은,기타,,발표 시기 미상,https://library.ltikorea.or.kr/translatedbooks/9960,,번역서 1종 · 예: Maninbo,포함
"한국의 정원, 선비가 거닐던 세계",허균,기타,,발표 시기 미상,https://library.ltikorea.or.kr/translatedbooks/1180,,번역서 1종 · 예: Gardens of Korea : Harmony with Intellect and Nature,포함
1 / 해를 품은 달,정은궐,기타,,발표 시기 미상,https://library.ltikorea.or.kr/translatedbooks/407338,,번역서 1종 · 예: (The)moon that embraces the sun,포함
그들의 선택,김열림,기타,,발표 시기 미상,https://library.ltikorea.or.kr/translatedbooks/2308,,번역서 1종 · 예: 金正日生の贄女 : 上-下,포함
시대를 담는 그릇,김봉렬,기타,,발표 시기 미상,https://library.ltikorea.or.kr/translatedbooks/7970,,번역서 1종 · 예: The secret spirit of Korean Architecture,포함
one hundred years of korean culture in america 1903-2003/ 호랑이의 세기,Foster,기타,,발표 시기 미상,https://library.ltikorea.or.kr/translatedbooks/1273,,번역서 1종 · 예: Century of the tiger,포함
개발독재와 박정희 시대,김응수,기타,,발표 시기 미상,https://library.ltikorea.or.kr/translatedbooks/1062,,번역서 1종 · 예: Developmental dictatorship and the Park Chung-hee era : the shaping of modernity in the Republic of Korea,포함
디엔에이가 뭐예요?,임혁,기타,,발표 시기 미상,https://library.ltikorea.or.kr/translatedbooks/9935,,번역서 1종 · 예: O que é DNA?,포함
요술쟁이 빛,강선남,기타,,발표 시기 미상,https://library.ltikorea.or.kr/translatedbooks/9934,,번역서 1종 · 예: A luz mágica,포함
코끼리도 들 수 있어요,이지현,기타,,발표 시기 미상,https://library.ltikorea.or.kr/translatedbooks/9944,,번역서 1종 · 예: O livro da força,포함
보이는 물 보이지 않는 물,성해숙,기타,,발표 시기 미상,https://library.ltikorea.or.kr/translatedbooks/9943,,"번역서 1종 · 예: Água, visível e invisível",포함
누가누가 빠르나,강태석,기타,,발표 시기 미상,https://library.ltikorea.or.kr/translatedbooks/9942,,번역서 1종 · 예: Quem será mais rapido?,포함
배가 물에 동동,유호선,기타,,발표 시기 미상,https://library.ltikorea.or.kr/translatedbooks/9941,,번역서 1종 · 예: Como flutuam os barcos,포함
어디든 공기는 있어요,김화중,기타,,발표 시기 미상,https://library.ltikorea.or.kr/translatedbooks/9940,,번역서 1종 · 예: O ar está em todo lugar,포함
태양의 가족들,강태숙,기타,,발표 시기 미상,https://library.ltikorea.or.kr/translatedbooks/9939,,번역서 1종 · 예: A família do sol,포함
소리는 어떻게 날까,강선남,기타,,발표 시기 미상,https://library.ltikorea.or.kr/translatedbooks/9938,,번역서 1종 · 예: Como o som é produzido,포함
활활 타오르는 불꽃,성혜숙,기타,,발표 시기 미상,https://library.ltikorea.or.kr/translatedbooks/9937,,번역서 1종 · 예: O livro do fogo,포함
Gedichte / 처음 만나던 때 = 녹색별 소식,김광규,기타,,발표 시기 미상,https://library.ltikorea.or.kr/translatedbooks/9918,,번역서 1종 · 예: Botschaften vom grünen Planeten,포함
세상을 바꾼 글로벌 리더 50인의 특강,김덕영,기타,,발표 시기 미상,https://library.ltikorea.or.kr/translatedbooks/9902,,번역서 1종 · 예: 改变世界的50位全球领袖,포함
황토빛 이야기,김동화,기타,,발표 시기 미상,https://library.ltikorea.or.kr/translatedbooks/9911,,번역서 2종 · 예: The color of heaven,포함
알기 쉬운 사상의학,송일병,기타,,발표 시기 미상,https://library.ltikorea.or.kr/translatedbooks/9903,,번역서 1종 · 예: An introduction to sasang constitutional medicine,포함
세상을 바꾼 노벨상 수상자 50인의 특강,김덕영,기타,,발표 시기 미상,https://library.ltikorea.or.kr/translatedbooks/9904,,번역서 1종 · 예: 改变世界的50位诺贝尔奖得主,포함
깊은 슬픔,신경숙,기타,,발표 시기 미상,https://library.ltikorea.or.kr/translatedbooks/9887,,번역서 1종 · 예: 深深的忧伤,포함
마른 꽃,박완서,기타,,발표 시기 미상,https://library.ltikorea.or.kr/translatedbooks/1003,,번역서 1종 · 예: Weathered blossom,포함
你的性格影響孩子的一生 / (부모와 아이의 마음을 통하게 하는) 부모의 심리학,이보연,기타,,발표 시기 미상,https://library.ltikorea.or.kr/translatedbooks/9895,,번역서 1종 · 예: 做個好父母吧!,포함
하백의 신부 8,윤미경,기타,,발표 시기 미상,https://library.ltikorea.or.kr/translatedbooks/414558,,번역서 1종 · 예: A vízisten menyasszonya. 8,포함
세상을 바꾼 과학자 50인의 특강,권은아,기타,,발표 시기 미상,https://library.ltikorea.or.kr/translatedbooks/9897,,번역서 1종 · 예: 改变世界的50位科学家,포함
여기부터 가보자,이화득,기타,,발표 시기 미상,https://library.ltikorea.or.kr/translatedbooks/9892,,번역서 1종 · 예: 韓國還可以這樣玩,포함
하백의 신부 9,윤미경,기타,,발표 시기 미상,https://library.ltikorea.or.kr/translatedbooks/414559,,번역서 1종 · 예: A vízisten menyasszonya. 9,포함
하백의 신부 10,윤미경,기타,,발표 시기 미상,https://library.ltikorea.or.kr/translatedbooks/414560,,번역서 1종 · 예: A vízisten menyasszonya. 10,포함
Contemporary Korean Poetry,한용운,시,,발표 시기 미상,https://library.ltikorea.or.kr/translatedbooks/681,,번역서 1종 · 예: Contemporary Korean Poetry,포함
ひとかげ,Yoshimoto Banana,기타,,발표 시기 미상,https://library.ltikorea.or.kr/translatedbooks/9855,,번역서 1종 · 예: ฮิโตะคะเกะ หญิงสาวผูวาดกลัวความสุข,포함
ざらざら,川上 弘美,기타,,발표 시기 미상,https://library.ltikorea.or.kr/translatedbooks/9857,,번역서 1종 · 예: ความไม่เรียบของความรัก,포함
Wild apple,나희덕,기타,,발표 시기 미상,https://library.ltikorea.or.kr/translatedbooks/9864,,번역서 1종 · 예: Wild apple,포함
찬밥을 먹던 사람,문정희,기타,,발표 시기 미상,https://library.ltikorea.or.kr/translatedbooks/9858,,번역서 1종 · 예: Celle qui mangeait le riz froid,포함
Animal farm,George Orwell,기타,,발표 시기 미상,https://library.ltikorea.or.kr/translatedbooks/9856,,번역서 1종 · 예: แอนิมอล ฟาร์ม : สงครามกบฏของสรรพสัตว์,포함
독도연구,김학준,기타,,발표 시기 미상,https://library.ltikorea.or.kr/translatedbooks/9863,,번역서 1종 · 예: 独島/竹島韓国の論理,포함
3인 시선: 사랑의 변주곡,김수영,기타,,발표 시기 미상,https://library.ltikorea.or.kr/translatedbooks/505,,번역서 1종 · 예: Variations: Three Korean Poets,포함
buddhist poems from Korea. 영역 한국불교시선,한용운 외,시,,발표 시기 미상,https://library.ltikorea.or.kr/translatedbooks/536,,번역서 1종 · 예: The ferryboat and the wayfarer: Buddhist poems from Korea,포함
buddhist poems from Korea. 영역 한국불교시선,한용운,시,,발표 시기 미상,https://library.ltikorea.or.kr/translatedbooks/558,,번역서 1종 · 예: The ferryboat and the wayfarer: Buddhist poems from Korea,포함
불꽃 외,선우휘,단편소설,,발표 시기 미상,https://library.ltikorea.or.kr/translatedbooks/520,,번역서 1종 · 예: Flowers of Fire: Twentieth-Century Korean Stories,포함
人生如棋 / 이창호의 부득탐승,이창호,기타,,발표 시기 미상,https://library.ltikorea.or.kr/translatedbooks/9828,,번역서 1종 · 예: 不得贪胜,포함
달콤한 나의 도시,정이현,기타,,발표 시기 미상,https://library.ltikorea.or.kr/translatedbooks/7486,,번역서 3종 · 예: 我的甜蜜都市,포함
우상의 집,최인훈,기타,,발표 시기 미상,https://library.ltikorea.or.kr/translatedbooks/796,,번역서 1종 · 예: House of idols,포함
"장하다, 똥구리!",이현숙,기타,,발표 시기 미상,https://library.ltikorea.or.kr/translatedbooks/9731,,번역서 1종 · 예: 金龟子，我为你骄 傲,포함
비가 올거야 눈이 올거야?,최은규,기타,,발표 시기 미상,https://library.ltikorea.or.kr/translatedbooks/9732,,번역서 1종 · 예: 今天是会下雨还是会下雪？,포함
깨끗한 손 깨끗한 이,정소영,기타,,발표 시기 미상,https://library.ltikorea.or.kr/translatedbooks/9733,,번역서 1종 · 예: 干净的手和洁白的牙齿,포함
반짝반짝 반딧불이,이미애,기타,,발표 시기 미상,https://library.ltikorea.or.kr/translatedbooks/9735,,번역서 1종 · 예: 仲夏夜的萤火虫,포함
누구야 누구?,유영소,기타,,발표 시기 미상,https://library.ltikorea.or.kr/translatedbooks/9734,,번역서 1종 · 예: 动物吃些什么呢?,포함
이불여행,김다정,기타,,발표 시기 미상,https://library.ltikorea.or.kr/translatedbooks/9729,,번역서 1종 · 예: Blanket travel,포함
"새하곡, 금시조",이문열,시조,,발표 시기 미상,https://library.ltikorea.or.kr/translatedbooks/9721,,번역서 1종 · 예: Canto bajo una fortaleza / El pájaro de las alas de oro,포함
한국의 문화코드 15가지,김열규,기타,,발표 시기 미상,https://library.ltikorea.or.kr/translatedbooks/9722,,번역서 1종 · 예: 15 códigos de la cultura coreana,포함
1 / 15소년 어드벤처,최덕희,기타,,발표 시기 미상,https://library.ltikorea.or.kr/translatedbooks/9719,,번역서 1종 · 예: 冒险15人组,포함
2 / 15소년 어드벤처,최덕희,기타,,발표 시기 미상,https://library.ltikorea.or.kr/translatedbooks/167,,번역서 1종 · 예: 冒险15人组,포함
1-2 / 15소년 어드벤처,최덕희,기타,,발표 시기 미상,https://library.ltikorea.or.kr/translatedbooks/9719,,번역서 1종 · 예: 冒险15人组,포함
"Kiss, kiss, bang!, bang!",조진국,기타,,발표 시기 미상,https://library.ltikorea.or.kr/translatedbooks/410533,,번역서 1종 · 예: 曾经炽热爱着的 恋人们,포함
서른다섯의 사춘기,한기연,기타,,발표 시기 미상,https://library.ltikorea.or.kr/translatedbooks/9718,,번역서 1종 · 예: 那些有伤的女人,포함
치숙,채만식,기타,,발표 시기 미상,https://library.ltikorea.or.kr/translatedbooks/9716,,번역서 2종 · 예: عمي البرىء,중복 제외 (앞 순위 출처에 있음)
ромaн / 둔황의 사랑,윤후명,기타,,발표 시기 미상,https://library.ltikorea.or.kr/translatedbooks/9707,,번역서 1종 · 예: Люъовъ в Дунъхуaне,포함
천변풍경,박태원,기타,,발표 시기 미상,https://library.ltikorea.or.kr/translatedbooks/9704,,번역서 3종 · 예: Am Fluss,포함
김영하 단편선집,김영하,기타,,발표 시기 미상,https://library.ltikorea.or.kr/translatedbooks/9690,,번역서 1종 · 예: (Ein) seltsamer Verein : Erzählung,포함
나들이 갈 때 꼭꼭 약속해,박은경,기타,,발표 시기 미상,https://library.ltikorea.or.kr/translatedbooks/9689,,번역서 1종 · 예: 出门在外 我会小心,포함
집에 있을 때 꼭꼭 약속해,박은경,기타,,발표 시기 미상,https://library.ltikorea.or.kr/translatedbooks/9688,,번역서 1종 · 예: 一个人在家 我不怕,포함
학교에 갈 때 꼭꼭 약속해,박은경,기타,,발표 시기 미상,https://library.ltikorea.or.kr/translatedbooks/9686,,번역서 1종 · 예: 上学我会 守纪律,포함
(The) origins of the Korean war . 1-2,Cumings,기타,,발표 시기 미상,https://library.ltikorea.or.kr/translatedbooks/1276,,번역서 1종 · 예: (The) origins of the Korean war . 1-2,포함
타인의 방,최인호,기타,,발표 시기 미상,https://library.ltikorea.or.kr/translatedbooks/9663,,번역서 1종 · 예: 他人の部屋 : 崔仁浩小說集,포함
Gedichte 1960-2010 / 우리는 서로 부르고 있을까,마종기,기타,,발표 시기 미상,https://library.ltikorea.or.kr/translatedbooks/9636,,번역서 1종 · 예: Augen aus Tau,포함
한국복식문화사전,김영숙,기타,,발표 시기 미상,https://library.ltikorea.or.kr/translatedbooks/5639,,번역서 1종 · 예: 韓国服飾文化事典,포함
휘청거리는 오후,박완서,기타,,발표 시기 미상,https://library.ltikorea.or.kr/translatedbooks/7401,,번역서 1종 · 예: 跘跚的午后,포함
서른 살엔 미처 몰랐던 것들,김선경,기타,,발표 시기 미상,https://library.ltikorea.or.kr/translatedbooks/9597,,"번역서 1종 · 예: 这些年, 我们忽略的事",포함
처음 받은 상장,이상교,기타,,발표 시기 미상,https://library.ltikorea.or.kr/translatedbooks/9587,,번역서 1종 · 예: はじめてもらった賞状,포함
Deutschland-Korea Public Space Forum,KOGAF,기타,,발표 시기 미상,https://library.ltikorea.or.kr/translatedbooks/5959,,"번역서 1종 · 예: Germany-Korea Public Space Forum : 14 October 2005, Deutsches Architektur Museum",포함
놀이와 풍속 사회사,이이화,기타,,발표 시기 미상,https://library.ltikorea.or.kr/translatedbooks/1076,,번역서 1종 · 예: Korea's pastimes and customs : a social history,포함
백제금동대향로: 고대 동북아의 정신세계를 찾아서,서정록,기타,,발표 시기 미상,https://library.ltikorea.or.kr/translatedbooks/2726,,번역서 1종 · 예: 百濟金銅大香爐 : 古代東アジアの精神世界をたずねて,포함
ein einzigartiger Landstrich / 아주 특별한 땅 DMZ의 비밀,전영재,기타,,발표 시기 미상,https://library.ltikorea.or.kr/translatedbooks/415838,,번역서 1종 · 예: Koreas entmilitarisierte Zone,포함
한국불교: 전통과 변형,심재룡,기타,,발표 시기 미상,https://library.ltikorea.or.kr/translatedbooks/9566,,번역서 1종 · 예: Korean buddhism : tradition and transformation,포함
One Hundred Years of Solitude,Márquez,기타,,발표 시기 미상,https://library.ltikorea.or.kr/translatedbooks/9565,,번역서 1종 · 예: One Hundred Years of Solitude,포함
아름다운 사람들,김남조,기타,,발표 시기 미상,https://library.ltikorea.or.kr/translatedbooks/9568,,번역서 1종 · 예: 金南祚掌篇集『美しい人びと』,포함
한국의 언어,Ik-Sop Lee,기타,,발표 시기 미상,https://library.ltikorea.or.kr/translatedbooks/2136,,번역서 1종 · 예: Die koreanische Sprache : Einführung in die koreanische Linguistik,포함
고쳐 쓴 한국현대사,강만길,기타,,발표 시기 미상,https://library.ltikorea.or.kr/translatedbooks/1253,,번역서 1종 · 예: (A) history of contemporary Korea,포함
한국문학: 시조,작자 미상[Unknowned],시조,,발표 시기 미상,https://library.ltikorea.or.kr/translatedbooks/472,,번역서 1종 · 예: Korean literature: Sijo,포함
from Hyangga to p'ansori. 한국 고전문학의 소개,작자 미상[Unknowned],기타,,발표 시기 미상,https://library.ltikorea.or.kr/translatedbooks/9564,,번역서 1종 · 예: An Introduction to Classical Korean Literature,포함
Korean buddhist sculpture : art and truth,강우방,기타,,발표 시기 미상,https://library.ltikorea.or.kr/translatedbooks/410494,,번역서 1종 · 예: Korean buddhist sculpture : art and truth,포함
fusion of horizons / 동양과 서양,이광세,기타,,발표 시기 미상,https://library.ltikorea.or.kr/translatedbooks/1038,,번역서 1종 · 예: East and West,포함
한국무속과 문화민주주의,김현기,기타,,발표 시기 미상,https://library.ltikorea.or.kr/translatedbooks/9552,,번역서 1종 · 예: Korean Shamanism and cultural nationalism,포함
강아지똥,권정생,기타,,발표 시기 미상,https://library.ltikorea.or.kr/translatedbooks/9558,,번역서 1종 · 예: Psia Kupa,포함
ein Bilderbuch aus Korea. 엄마 마중,이태준,기타,,발표 시기 미상,https://library.ltikorea.or.kr/translatedbooks/9541,,번역서 1종 · 예: Wann Kommt Mama?,포함
미란,윤대녕,기타,,발표 시기 미상,https://library.ltikorea.or.kr/translatedbooks/149,,번역서 1종 · 예: 美兰,포함
한국고전시선,황희,시,,발표 시기 미상,https://library.ltikorea.or.kr/translatedbooks/6366,,번역서 1종 · 예: The Columbia anthology of traditional Korean poetry,포함
한국현대문학의 이해,조남현,기타,,발표 시기 미상,https://library.ltikorea.or.kr/translatedbooks/6083,,번역서 1종 · 예: Understanding Modern Korean Literature,포함
시간의 문,이청준,기타,,발표 시기 미상,https://library.ltikorea.or.kr/translatedbooks/9548,,번역서 1종 · 예: Dialogue avec un vieil arbre géan,포함
Return of mother tongue,엄력,기타,,발표 시기 미상,https://library.ltikorea.or.kr/translatedbooks/9545,,번역서 1종 · 예: 带母语回家,포함
꽃 바다 산 보고싶다 하늘 달 별 감사합니다 우체부 편지 엽서,อภิชาติ เพชรลีลา,기타,,발표 시기 미상,https://library.ltikorea.or.kr/translatedbooks/9542,,번역서 1종 · 예: ดอกไม้ ทะเล ภูเขา คิดถึง ท้องฟ้า พระจันทร์ ดาว ขอบคุณบุรุษไปรษณีย์ ดหมาย โปสต์การ์ด,포함
한국민담모음집,작자 미상[Unknowned],소설,,발표 시기 미상,https://library.ltikorea.or.kr/translatedbooks/413709,,번역서 1종 · 예: Hungbu and Nolbu : Korea folk tales,포함
한국현대단편선,주요섭,기타,,발표 시기 미상,https://library.ltikorea.or.kr/translatedbooks/5173,,번역서 1종 · 예: Избранные корейские рассказы новейшего времени,포함
roman / 대하,김남천,기타,,발표 시기 미상,https://library.ltikorea.or.kr/translatedbooks/9530,,번역서 1종 · 예: (Der) große Strom,포함
풍경과 마음,김우창,수필,,발표 시기 미상,https://library.ltikorea.or.kr/translatedbooks/7941,,번역서 1종 · 예: Landscape and mind : Essays on East Asian landscape painting,포함
판문점,이호철 외,단편소설,,발표 시기 미상,https://library.ltikorea.or.kr/translatedbooks/1721,,번역서 1종 · 예: Koreanische Erzählungen,포함
Tome 2 = 한국 젊은 작가 소설전. 한국 젊은 작가 소설선,김남일,소설,,발표 시기 미상,https://library.ltikorea.or.kr/translatedbooks/1433,,번역서 1종 · 예: Anthologie de nouvelles coréennes contemporaines.,포함
"searching for the portrait of Yeonam through travel dairy of Rehe. 열하일기, 웃음과 역설의 유쾌한 시공간",고미숙,기타,,발표 시기 미상,https://library.ltikorea.or.kr/translatedbooks/1335,,번역서 1종 · 예: A philosopher's journey into Rehe: searching for the portrait of Yeonam through travel dairy of Rehe,포함
구르믈 버서난 달처럼 3,박흥용,기타,,발표 시기 미상,https://library.ltikorea.or.kr/translatedbooks/409985,,번역서 1종 · 예: Like the Moon Escaping from the Clouds 3,포함
옛날 옛적에,김동성,동화,,발표 시기 미상,https://library.ltikorea.or.kr/translatedbooks/414365,,번역서 2종 · 예: Long long time ago : Korean folk tales,포함
인간적인 너무나 인간적인 한국신화,최원오,소설,,발표 시기 미상,https://library.ltikorea.or.kr/translatedbooks/9522,,번역서 1종 · 예: ((An) illustrated guide to)Korean Mythology,포함
Koryeo dynasty : a journey into the noble tradition of Korea,박종기,기타,,발표 시기 미상,https://library.ltikorea.or.kr/translatedbooks/9520,,번역서 1종 · 예: Koryeo dynasty : a journey into the noble tradition of Korea,포함
short stories. 개도둑,임철우,기타,,발표 시기 미상,https://library.ltikorea.or.kr/translatedbooks/775,,번역서 1종 · 예: The dog thief,포함
selected short stories. 한국 여성작가 12인 단편선,은희경 외,기타,,발표 시기 미상,https://library.ltikorea.or.kr/translatedbooks/798,,번역서 1종 · 예: Unspoken Voices,포함
모여있는 불빛,조경란 외,단편소설,,발표 시기 미상,https://library.ltikorea.or.kr/translatedbooks/1792,,번역서 1종 · 예: Versammelte Lichter: Moderne Koreanische Erzählungen,포함
무정의 연구,이광수,기타,,발표 시기 미상,https://library.ltikorea.or.kr/translatedbooks/7854,,번역서 1종 · 예: 『無情』の硏究,포함
신선한 아침나라의 열정: 20세기 한국의 시,김소월,기타,,발표 시기 미상,https://library.ltikorea.or.kr/translatedbooks/9512,,번역서 1종 · 예: Страсти страны утренней свежести : корейские поэты хх века,포함
1 / Homer science = 호머 사이언스,김신중,기타,,발표 시기 미상,https://library.ltikorea.or.kr/translatedbooks/415909,,번역서 1종 · 예: 黃金戰士大冒險,포함
2 / Homer science = 호머 사이언스,김신중,기타,,발표 시기 미상,https://library.ltikorea.or.kr/translatedbooks/415910,,번역서 1종 · 예: 黃金戰士大冒險,포함
친해지고 싶은 좋은 친구 친해지기 싫은 미운 친구,강경효,기타,,발표 시기 미상,https://library.ltikorea.or.kr/translatedbooks/9509,,번역서 1종 · 예: 人見人愛的 17個 愛歡迎祕訣,포함
分心大王的袱密特訓班,길해연,기타,,발표 시기 미상,https://library.ltikorea.or.kr/translatedbooks/9510,,번역서 1종 · 예: 分心大王的袱密特訓班,포함
은교,박범신,기타,,발표 시기 미상,https://library.ltikorea.or.kr/translatedbooks/9506,,"번역서 1종 · 예: 因为痛, 所以是爱情",포함
写给独自站在人生路口的你. (The) pain makes it youth,김난도,기타,,발표 시기 미상,https://library.ltikorea.or.kr/translatedbooks/411335,,번역서 1종 · 예: 因为痛，所以叫青春,포함
1 / Science CSI for children,고희정,기타,,발표 시기 미상,https://library.ltikorea.or.kr/translatedbooks/9505,,번역서 1종 · 예: 少年科學偵探 CSI,포함
美术课,이주헌,기타,,발표 시기 미상,https://library.ltikorea.or.kr/translatedbooks/9507,,번역서 1종 · 예: 美术课,포함
申庚林詩選集 / 낙타를 타고,신경림,기타,,발표 시기 미상,https://library.ltikorea.or.kr/translatedbooks/9501,,번역서 1종 · 예: ラクダに乗って,포함
20세기 한국문학의 이해(한국현대문학입문서),김미현,기타,,발표 시기 미상,https://library.ltikorea.or.kr/translatedbooks/904,,번역서 1종 · 예: Twentieth Century Korean Literature,포함
Roman 혀,조경란,기타,,발표 시기 미상,https://library.ltikorea.or.kr/translatedbooks/9490,,번역서 1종 · 예: Feine Kost,포함
종이밥,김중미,기타,,발표 시기 미상,https://library.ltikorea.or.kr/translatedbooks/8307,,번역서 1종 · 예: 纸饭,포함
"2, 惊魂乐园的阴 / Eureka,CSI",박세경,기타,,발표 시기 미상,https://library.ltikorea.or.kr/translatedbooks/9342,,번역서 1종 · 예: (从小爱科学)科学侦察队谋,포함
"1, 幽灵洞窟的 / Eureka, CSI",박세경,기타,,발표 시기 미상,https://library.ltikorea.or.kr/translatedbooks/9341,,번역서 1종 · 예: (从小爱科学) 科学侦察队秘密,포함
a novel. 우리들의 일그러진 영웅,이문열,기타,,발표 시기 미상,https://library.ltikorea.or.kr/translatedbooks/9284,,번역서 1종 · 예: Our Twisted Hero,포함
우리나라 우투리,김광림,기타,,발표 시기 미상,https://library.ltikorea.or.kr/translatedbooks/9282,,번역서 1종 · 예: WUTURI LE BÉBÉ GÉANT,포함
아버지의 땅,임철우,기타,,발표 시기 미상,https://library.ltikorea.or.kr/translatedbooks/9281,,번역서 2종 · 예: Terre des ancêtres,포함
(컬러로 보는) 한국전쟁,Rich,기타,,발표 시기 미상,https://library.ltikorea.or.kr/translatedbooks/9083,,번역서 1종 · 예: Korean War In Color : A Correspondent's Retrospective on a Forgotten War,포함
대장간의 유혹,김광규,기타,,발표 시기 미상,https://library.ltikorea.or.kr/translatedbooks/9025,,번역서 1종 · 예: Země mlh,포함
Ai đã ặn hết những cây Sing-a ngày ấy? : tiểu thuyết,박완서,기타,,발표 시기 미상,https://library.ltikorea.or.kr/translatedbooks/9024,,번역서 1종 · 예: Ai đã ặn hết những cây Sing-a ngày ấy? : tiểu thuyết,포함
한국문집총간편람,한국고전번역원,기타,,발표 시기 미상,https://library.ltikorea.or.kr/translatedbooks/9022,,번역서 1종 · 예: A compendium for the comprehensive publication of Korean literary collections in classical Chinese,포함
a novel of Korea. 은마,안정효,기타,,발표 시기 미상,https://library.ltikorea.or.kr/translatedbooks/8830,,번역서 1종 · 예: Silver stallion,포함
전통 회화,홍선표,기타,,발표 시기 미상,https://library.ltikorea.or.kr/translatedbooks/8840,,번역서 1종 · 예: Traditional Korean painting,포함
황제를 위하여,이문열,기타,,발표 시기 미상,https://library.ltikorea.or.kr/translatedbooks/8825,,번역서 5종 · 예: จักร พรรคิ ที่ โลก ลืม,포함
세계 도서관 기행,유종필,기타,,발표 시기 미상,https://library.ltikorea.or.kr/translatedbooks/8824,,번역서 1종 · 예: 世界圖書館紀行,포함
역사는 흐른다,한무숙,기타,,발표 시기 미상,https://library.ltikorea.or.kr/translatedbooks/8821,,번역서 2종 · 예: Ajalugu voolab,포함
거울 속의 천사,김춘수,시,,발표 시기 미상,https://library.ltikorea.or.kr/translatedbooks/8788,,번역서 1종 · 예: 鏡の中の天使 -金春洙詩集,포함
혀 (대만판),조경란,기타,,발표 시기 미상,https://library.ltikorea.or.kr/translatedbooks/8791,,번역서 1종 · 예: 舌尖上凋落的愛情,포함
Sugungga : le dit du palais sous les mers : P'ansori version de Pak Ch'o-wŏl,박초월,기타,,발표 시기 미상,https://library.ltikorea.or.kr/translatedbooks/8785,,번역서 1종 · 예: Sugungga : le dit du palais sous les mers : P'ansori version de Pak Ch'o-wŏl,포함
목민심서,정약용,기타,,발표 시기 미상,https://library.ltikorea.or.kr/translatedbooks/7896,,번역서 2종 · 예: Admonitions on governing the people: manual for all administrators,포함
칼의 노래,김훈,기타,,발표 시기 미상,https://library.ltikorea.or.kr/translatedbooks/5334,,번역서 3종 · 예: El canto de la espada,포함
les eaux bleues de Namhae Gumsan/ 남해금산,이성복,기타,,발표 시기 미상,https://library.ltikorea.or.kr/translatedbooks/1464,,번역서 1종 · 예: Des choses qui viennent après la douleur,포함
Nouvelles coréennes / 포주이야기,김태용,기타,,발표 시기 미상,https://library.ltikorea.or.kr/translatedbooks/8758,,번역서 1종 · 예: J'étais un maquereau,포함
한국고전시가전집,정몽주,기타,,발표 시기 미상,https://library.ltikorea.or.kr/translatedbooks/8757,,번역서 1종 · 예: осенние клёны,포함
한국어 문법,이익섭,기타,,발표 시기 미상,https://library.ltikorea.or.kr/translatedbooks/8755,,번역서 1종 · 예: 韩国语语法,포함
도망자 이치도,성석제,기타,,발표 시기 미상,https://library.ltikorea.or.kr/translatedbooks/8754,,번역서 1종 · 예: 逃亡神偷,포함
사이,이시영,기타,,발표 시기 미상,https://library.ltikorea.or.kr/translatedbooks/8752,,번역서 1종 · 예: Dazwischen,포함
이병철 vs 정주영,홍하상,기타,,발표 시기 미상,https://library.ltikorea.or.kr/translatedbooks/8750,,번역서 1종 · 예: 从平凡走向辉煌 : 三星和现代创始人的传奇历程,포함
オㆍジョンヒ小說集. 옛 우물,오정희,기타,,발표 시기 미상,https://library.ltikorea.or.kr/translatedbooks/2354,,번역서 1종 · 예: 金色の鯉の夢,포함
진시황프로젝트,유광수,기타,,발표 시기 미상,https://library.ltikorea.or.kr/translatedbooks/8748,,번역서 1종 · 예: สังเวยแค้นจักรพรรดิ,포함
저녁의 게임,오정희,기타,,발표 시기 미상,https://library.ltikorea.or.kr/translatedbooks/8746,,번역서 1종 · 예: 夜のゲーム,포함
내 생애에 꼭 하루뿐일 특별한 날,전경린,기타,,발표 시기 미상,https://library.ltikorea.or.kr/translatedbooks/8680,,번역서 1종 · 예: 在我生命中唯一的特殊日子,포함
사씨남정기 인현황후전.,김만중,기타,,발표 시기 미상,https://library.ltikorea.or.kr/translatedbooks/8577,,번역서 1종 · 예: LA HISTORIA DE LA SEÑORA SA / LA VIDA DE LA REINA INJYON,포함
The Little Prince,Saint-exupéry,기타,,발표 시기 미상,https://library.ltikorea.or.kr/translatedbooks/8574,,번역서 1종 · 예: The Little Prince,포함
The Alchemist,Coelho,기타,,발표 시기 미상,https://library.ltikorea.or.kr/translatedbooks/8570,,번역서 1종 · 예: The Alchemist,포함
selected poems of Taejoon Moon. 문태준 시선집: 그늘의 발달,문태준,시,,발표 시기 미상,https://library.ltikorea.or.kr/translatedbooks/8532,,번역서 1종 · 예: The Growth of a Shadow,포함
한국유학사상사,금장태,기타,,발표 시기 미상,https://library.ltikorea.or.kr/translatedbooks/8458,,번역서 1종 · 예: 韩国儒学思想史,포함
한국현대문학입문,이남호,기타,,발표 시기 미상,https://library.ltikorea.or.kr/translatedbooks/8457,,번역서 1종 · 예: 二十世纪韩国现代文学入门,포함
나 너 좋아해,신순재,기타,,발표 시기 미상,https://library.ltikorea.or.kr/translatedbooks/8443,,번역서 1종 · 예: 我喜欢你,포함
그림자는 내 친구,박정선,기타,,발표 시기 미상,https://library.ltikorea.or.kr/translatedbooks/8444,,번역서 1종 · 예: 影子是我的好朋友,포함
하백의 신부,윤미경,기타,,발표 시기 미상,https://library.ltikorea.or.kr/translatedbooks/8446,,번역서 1종 · 예: Невеста речного.,포함
하백의 신부 1,윤미경,기타,,발표 시기 미상,https://library.ltikorea.or.kr/translatedbooks/8446,,번역서 1종 · 예: Невеста речного. 1,포함
한국의 문화코드 열 다섯가지,김열규,기타,,발표 시기 미상,https://library.ltikorea.or.kr/translatedbooks/7938,,번역서 1종 · 예: Uncovering the Codes : Fifteen Keywords in Korean Culture,포함
물은 어디서 왔을까?,신동경,기타,,발표 시기 미상,https://library.ltikorea.or.kr/translatedbooks/8445,,번역서 1종 · 예: 水是从哪儿来的?,포함
우리 몸의 구멍,허은미,기타,,발표 시기 미상,https://library.ltikorea.or.kr/translatedbooks/8441,,"번역서 1종 · 예: 我们身体里的 ""洞""",포함
우리 몸의 구멍,허은,기타,,발표 시기 미상,https://library.ltikorea.or.kr/translatedbooks/8441,,"번역서 1종 · 예: 我们身体里的 ""洞""",포함
a novel. 빛의 제국,김영하,기타,,발표 시기 미상,https://library.ltikorea.or.kr/translatedbooks/8051,,번역서 1종 · 예: Your Republic is Calling You,포함
씨앗은 무엇이 되고 싶을까?,김순한,기타,,발표 시기 미상,https://library.ltikorea.or.kr/translatedbooks/8442,,번역서 1종 · 예: 种子嘟嘟想变成什么呢?,포함
"감자, 내 몸을 살린다",조현묵,기타,,발표 시기 미상,https://library.ltikorea.or.kr/translatedbooks/8437,,번역서 1종 · 예: 土豆养生法,포함
"마늘, 내 몸을 살린다",김미리,기타,,발표 시기 미상,https://library.ltikorea.or.kr/translatedbooks/8438,,번역서 1종 · 예: 大蒜养生法,포함
누가 먼저 먹어야 할까?,윤아해,기타,,발표 시기 미상,https://library.ltikorea.or.kr/translatedbooks/8434,,번역서 1종 · 예: ¿A quién le toca el durazno?,포함
un cuento con mucha lógica / 뒤죽박죽 마녀의 성,차보금,기타,,발표 시기 미상,https://library.ltikorea.or.kr/translatedbooks/8435,,번역서 1종 · 예: (El)castillo de la bruja desordenada,포함
Roman 새의 선물,은희경,기타,,발표 시기 미상,https://library.ltikorea.or.kr/translatedbooks/1804,,번역서 1종 · 예: Ein Geschenk des Vogels,포함
Il sogno delle nove nuvole : Romanzo coreano del XVII secolo,김만중,장편소설,,발표 시기 미상,https://library.ltikorea.or.kr/translatedbooks/2154,,번역서 1종 · 예: Il sogno delle nove nuvole : Romanzo coreano del XVII secolo,포함
roman / 엄마를 부탁해,신경숙,기타,,발표 시기 미상,https://library.ltikorea.or.kr/translatedbooks/8429,,번역서 1종 · 예: Prends soin de maman,포함
김수영 시선,김수영,시,,발표 시기 미상,https://library.ltikorea.or.kr/translatedbooks/8428,,번역서 2종 · 예: ANTOLOGÍA POÉTICA DE KIM SU-YOUNG : Arranca esa foto y úsala para limpiarte el culo,포함
妈妈 自主孝育 验经谈 : / 엄마 달인,정재은,기타,,발표 시기 미상,https://library.ltikorea.or.kr/translatedbooks/8420,,번역서 1종 · 예: 孩子这样教最聪明,포함
韓國經營之神 史蒂夫ㆍ金 : 從零創造無限幸福 / 꿈 희망 미래,스티브 김,기타,,발표 시기 미상,https://library.ltikorea.or.kr/translatedbooks/8404,,번역서 1종 · 예: 從谷底攀上巔峰,포함
한국문화의 이해,임경순,기타,,발표 시기 미상,https://library.ltikorea.or.kr/translatedbooks/8401,,번역서 1종 · 예: 韩国文化的 理解,포함
한국의 미 특강,오주석,기타,,발표 시기 미상,https://library.ltikorea.or.kr/translatedbooks/8361,,번역서 1종 · 예: Special Lecture on Korean Paintings,포함
열애,신달자,기타,,발표 시기 미상,https://library.ltikorea.or.kr/translatedbooks/8353,,번역서 1종 · 예: Morgendämmerung,포함
nouvelles / 한국여성문학단편선,김애란,단편소설,,발표 시기 미상,https://library.ltikorea.or.kr/translatedbooks/8278,,번역서 1종 · 예: Cocktail sugar et autres nouvelles de Corée,포함
혀 (중국판),조경란,기타,,발표 시기 미상,https://library.ltikorea.or.kr/translatedbooks/8282,,번역서 1종 · 예: 舌尖上凋落的愛情,포함
나 안 할래,안미란,기타,,발표 시기 미상,https://library.ltikorea.or.kr/translatedbooks/8303,,번역서 1종 · 예: 我不玩儿了,포함
쌀밥 보리밥,강무지,기타,,발표 시기 미상,https://library.ltikorea.or.kr/translatedbooks/8304,,번역서 1종 · 예: 大米饭麦饭,포함
빈 집에 온 손님,황선미,기타,,발표 시기 미상,https://library.ltikorea.or.kr/translatedbooks/8305,,번역서 1종 · 예: 谁来到了空房子,포함
"은서야, 겁내지마",황선미,기타,,발표 시기 미상,https://library.ltikorea.or.kr/translatedbooks/8308,,번역서 1종 · 예: 恩实啊，别害怕,포함
외딴 마을 외딴 집에,이상교,기타,,발표 시기 미상,https://library.ltikorea.or.kr/translatedbooks/8302,,번역서 2종 · 예: 老老鼠、老爷爷,포함
잃어버린 구슬,현덕,기타,,발표 시기 미상,https://library.ltikorea.or.kr/translatedbooks/8301,,번역서 1종 · 예: 珠子丢了,포함
누가 바보일까요?,이현주,기타,,발표 시기 미상,https://library.ltikorea.or.kr/translatedbooks/8299,,번역서 1종 · 예: 小蜜蜂的礼物,포함
"시절 하나 온다, 잡아 먹자",이경림,기타,,발표 시기 미상,https://library.ltikorea.or.kr/translatedbooks/8298,,번역서 1종 · 예: A new season approaching devour it,포함
"과자, 내 아이를 해치는 달콤한 유혹",안병수,기타,,발표 시기 미상,https://library.ltikorea.or.kr/translatedbooks/8258,,번역서 1종 · 예: 可怕的零食,포함
곰가족과 시끌벅쩍 괴물들,차보금,기타,,발표 시기 미상,https://library.ltikorea.or.kr/translatedbooks/8266,,번역서 1종 · 예: A família de ursos e os monstros agitados,포함
누구 알이 더 많을까?,김해원,기타,,발표 시기 미상,https://library.ltikorea.or.kr/translatedbooks/8267,,번역서 1종 · 예: Quem será que tem mais ovos?,포함
세상에서 가장 멋진 돼지,신지윤,기타,,발표 시기 미상,https://library.ltikorea.or.kr/translatedbooks/8269,,번역서 1종 · 예: O porco mais elegante do mundo,포함
무시무시 고양이를 피하는 방법,최윤정,기타,,발표 시기 미상,https://library.ltikorea.or.kr/translatedbooks/8271,,번역서 1종 · 예: Como fugir do gato assustador,포함
거미아줌마네 사탕 가게,유영소,기타,,발표 시기 미상,https://library.ltikorea.or.kr/translatedbooks/8272,,번역서 1종 · 예: A aranha e a loja de balas,포함
"料理公主. 1, 派對料理篇",스튜디오 해닮,기타,,발표 시기 미상,https://library.ltikorea.or.kr/translatedbooks/8259,,"번역서 1종 · 예: 料理公主. 1, 派對料理篇",포함
"料理公主. 2, 野餐料理篇",김현진,기타,,발표 시기 미상,https://library.ltikorea.or.kr/translatedbooks/8261,,"번역서 1종 · 예: 料理公主. 2, 野餐料理篇",포함
아주 특별한 음악 이야기,마중물,기타,,발표 시기 미상,https://library.ltikorea.or.kr/translatedbooks/8264,,번역서 1종 · 예: Por dentro da música,포함
할아버지와 나의 건축여행,조은정,기타,,발표 시기 미상,https://library.ltikorea.or.kr/translatedbooks/8262,,번역서 1종 · 예: Minha viagem arquitetônica com o vovô,포함
손톱 깨물기,고대영,기타,,발표 시기 미상,https://library.ltikorea.or.kr/translatedbooks/8255,,번역서 1종 · 예: 不再咬指甲,포함
집안 치우기,고대영,기타,,발표 시기 미상,https://library.ltikorea.or.kr/translatedbooks/8251,,번역서 1종 · 예: 我會整理,포함
두발 자전거 배우기,고대영,기타,,발표 시기 미상,https://library.ltikorea.or.kr/translatedbooks/8252,,번역서 1종 · 예: 我的第一輛腳踏車,포함
지하철을 타고,고대영,기타,,발표 시기 미상,https://library.ltikorea.or.kr/translatedbooks/8254,,번역서 1종 · 예: 搭地鐵去外婆家,포함
總明戀愛的49種方法. 내일도 나를 사랑할 건가요,김태훈,기타,,발표 시기 미상,https://library.ltikorea.or.kr/translatedbooks/8216,,번역서 1종 · 예: 讓好男人自動靠過來,포함
充滿樂趣的DSLR單眼人物風景攝影,최재웅,기타,,발표 시기 미상,https://library.ltikorea.or.kr/translatedbooks/8218,,번역서 1종 · 예: 充滿樂趣的DSLR單眼人物風景攝影,포함
우리의 옛 노래,임기중 외,기타,,발표 시기 미상,https://library.ltikorea.or.kr/translatedbooks/8212,,번역서 1종 · 예: CANTOS CLÁSICOS DE COREA,포함
roman / 혀,조경란,기타,,발표 시기 미상,https://library.ltikorea.or.kr/translatedbooks/8182,,번역서 1종 · 예: Mise en bouche,포함
단편모음집 - 외-,김다은 외,단편소설,,발표 시기 미상,https://library.ltikorea.or.kr/translatedbooks/8166,,번역서 1종 · 예: Impressions papier hanji : Dix nouvelles franco-coréennes,포함
갑자기 멈추면 왜 넘어질까?,이지현,기타,,발표 시기 미상,https://library.ltikorea.or.kr/translatedbooks/8143,,번역서 1종 · 예: Por que caio quando paro de repente?,포함
"在世界名画中 / 그림에, 마음을 놓다",이주은,기타,,발표 시기 미상,https://library.ltikorea.or.kr/translatedbooks/8161,,번역서 1종 · 예: 蒙娜丽莎的眼泪,포함
그림이 그녀에게,곽아람,기타,,발표 시기 미상,https://library.ltikorea.or.kr/translatedbooks/8162,,번역서 1종 · 예: 在梵高的星空下岁月流转,포함
"Luvina. 65, Paisajes Coreanos",이상,기타,,발표 시기 미상,https://library.ltikorea.or.kr/translatedbooks/415760,,"번역서 1종 · 예: Luvina. 65, Paisajes Coreanos",포함
자석에는 힘이 있어요,유호선,기타,,발표 시기 미상,https://library.ltikorea.or.kr/translatedbooks/8146,,번역서 1종 · 예: (A) Força dos ímãs,포함
모두모두 땅으로 떨어져요,이지현,기타,,발표 시기 미상,https://library.ltikorea.or.kr/translatedbooks/8144,,번역서 1종 · 예: (A) força da grvidade,포함
비행기가 뜨는 원리,이지현,기타,,발표 시기 미상,https://library.ltikorea.or.kr/translatedbooks/8145,,번역서 1종 · 예: Como voam os aviões,포함
김동인 단편선,김동인,기타,,발표 시기 미상,https://library.ltikorea.or.kr/translatedbooks/8136,,번역서 2종 · 예: 金東仁作品集,포함
"Jo fortere jeg går, jo mindre er jeg",Skomsvold,기타,,발표 시기 미상,https://library.ltikorea.or.kr/translatedbooks/8137,,"번역서 1종 · 예: The faster I walk, the smaller I am",포함
Toteninsel,Meier,기타,,발표 시기 미상,https://library.ltikorea.or.kr/translatedbooks/8138,,번역서 1종 · 예: Isle of the dead,포함
Koiwasuregusa,北原亞以子,단편소설,,발표 시기 미상,https://library.ltikorea.or.kr/translatedbooks/8139,,번역서 1종 · 예: The budding tree : six stories of love in Edo,포함
在世界名画中体悟 幸福的真意 / 뚜벅이들을 위한 걷고싶은 거리여행,정민용,기타,,발표 시기 미상,https://library.ltikorea.or.kr/translatedbooks/8131,,번역서 1종 · 예: 徒步玩首尔,포함
"5, 发掘大气和水的循环原理 / 살아있는 과학 교과서",김태일,기타,,발표 시기 미상,https://library.ltikorea.or.kr/translatedbooks/8125,,번역서 1종 · 예: 中学生必读的图解科学漫画.,포함
"中学生必读的图解科学漫画. 1, 寻找生活中的科学原理",김태일,기타,,발표 시기 미상,https://library.ltikorea.or.kr/translatedbooks/8121,,"번역서 1종 · 예: 中学生必读的图解科学漫画. 1, 寻找生活中的科学原理",포함
"4, 揭开能量与能源的秘密 / 살아있는 과학 교과서",김태일,기타,,발표 시기 미상,https://library.ltikorea.or.kr/translatedbooks/8124,,번역서 1종 · 예: 中学生必读的图解科学漫画.,포함
"3, 发现生命与宇宙的奥秘 / 살아있는 과학 교과서",김태일,기타,,발표 시기 미상,https://library.ltikorea.or.kr/translatedbooks/8123,,번역서 1종 · 예: 中学生必读的图解科学漫画.,포함
아버지의 눈물,김정현,기타,,발표 시기 미상,https://library.ltikorea.or.kr/translatedbooks/8127,,번역서 1종 · 예: 父亲的眼泪,포함
"2, 挖掘物质世界的秘密 / 살아있는 과학 교과서",김태일,기타,,발표 시기 미상,https://library.ltikorea.or.kr/translatedbooks/8122,,번역서 1종 · 예: 中学生必读的图解科学漫画.,포함
페이스 쇼퍼,정수현,기타,,발표 시기 미상,https://library.ltikorea.or.kr/translatedbooks/8130,,번역서 1종 · 예: 整容师,포함
"一本幸福女人必渎的 ""男子书"" / 어쨌거나 남자는 필요하다 : 남자와 함께하기로 결정한 당신에게",남인숙,기타,,발표 시기 미상,https://library.ltikorea.or.kr/translatedbooks/8128,,번역서 1종 · 예: 我的男人，你究竟在想什么,포함
어느날 나는 흐린 주점에 앉아 있을 거다,황지우,기타,,발표 시기 미상,https://library.ltikorea.or.kr/translatedbooks/8081,,번역서 1종 · 예: NO BRILLA LA LUZ ERDADERA,포함
평양프로젝트: 얼렁뚱땅 오공식의 만화 북한기행,오영진,기타,,발표 시기 미상,https://library.ltikorea.or.kr/translatedbooks/8079,,번역서 1종 · 예: Mission Pyongyang,포함
인간의 시간,백무산,기타,,발표 시기 미상,https://library.ltikorea.or.kr/translatedbooks/8080,,번역서 1종 · 예: EL TIEMPO HUMANO,포함
부초,한수산,기타,,발표 시기 미상,https://library.ltikorea.or.kr/translatedbooks/3,,번역서 1종 · 예: العشن العائم,포함
한국 현대단편소설전집,나도향,단편소설,,발표 시기 미상,https://library.ltikorea.or.kr/translatedbooks/8075,,"번역서 1종 · 예: Час, коли цвiте гречка; Збiрка корейських оповiванъ ХХ ст",포함
토지,박경리,기타,,발표 시기 미상,https://library.ltikorea.or.kr/translatedbooks/7476,,"번역서 2종 · 예: Land 1, 2, 3",포함
"Als der Hahn im Dorf am Fluβ krähte, hing der Mond noch im Dachgesims: Gedichte 1515-1570",이황,시,,발표 시기 미상,https://library.ltikorea.or.kr/translatedbooks/7474,,"번역서 1종 · 예: Als der Hahn im Dorf am Fluβ krähte, hing der Mond noch im Dachgesims: Gedichte 1515-1570",포함
1/ 만화 바로 보는 세계사,이희수,기타,,발표 시기 미상,https://library.ltikorea.or.kr/translatedbooks/415769,,번역서 1종 · 예: 世界歷史大奇航,포함
환경의 역습(아픈지구),오현,기타,,발표 시기 미상,https://library.ltikorea.or.kr/translatedbooks/8069,,번역서 1종 · 예: 拯救地球大作戰. 環境荷爾蒙 / 4,포함
환경의 역습(아픈지구),박철만 외,기타,,발표 시기 미상,https://library.ltikorea.or.kr/translatedbooks/8069,,번역서 1종 · 예: 拯救地球大作戰. 環境荷爾蒙 / 4,포함
현대시선,김소월,기타,,발표 시기 미상,https://library.ltikorea.or.kr/translatedbooks/7425,,번역서 1종 · 예: قصائرمن كوري يا الجنوبية,포함
한국고전문학사,정민,기타,,발표 시기 미상,https://library.ltikorea.or.kr/translatedbooks/8067,,번역서 1종 · 예: Dějiny korejské klasické literatury : od nejstarších dob do konce 19. století,포함
김유정 단편소설선,김유정,단편소설,,발표 시기 미상,https://library.ltikorea.or.kr/translatedbooks/8059,,번역서 1종 · 예: 金裕贞短篇小说选,포함
운현궁의 봄,김동인,기타,,발표 시기 미상,https://library.ltikorea.or.kr/translatedbooks/8063,,번역서 1종 · 예: 云岘宫之春,중복 제외 (앞 순위 출처에 있음)
탁류,채만식,기타,,발표 시기 미상,https://library.ltikorea.or.kr/translatedbooks/8060,,번역서 2종 · 예: 浊流,중복 제외 (앞 순위 출처에 있음)
이상수필전집,이상,수필,,발표 시기 미상,https://library.ltikorea.or.kr/translatedbooks/8057,,번역서 1종 · 예: Écrits de sang,포함
한국의 과학사,전상운,기타,,발표 시기 미상,https://library.ltikorea.or.kr/translatedbooks/8056,,번역서 1종 · 예: (A) History of Korean Science and Technology,포함
그 가을의 사흘 동안,박완서,기타,,발표 시기 미상,https://library.ltikorea.or.kr/translatedbooks/8052,,번역서 2종 · 예: Trois jours en automne,포함
2 / 정체불명 새색시,허국화,기타,,발표 시기 미상,https://library.ltikorea.or.kr/translatedbooks/8054,,번역서 1종 · 예: a titokzatos menyasszony.,포함
배고프면 화나는 그녀 여행을 떠나다,申艺熙 图,기타,,발표 시기 미상,https://library.ltikorea.or.kr/translatedbooks/8053,,번역서 1종 · 예: 馋了吗? 想发脾气吗? 去旅行吧!,포함
선덕여왕,류은경,기타,,발표 시기 미상,https://library.ltikorea.or.kr/translatedbooks/8055,,번역서 1종 · 예: A silla királyság ékköve,포함
오우가(한국의 시조),윤선도,시조,,발표 시기 미상,https://library.ltikorea.or.kr/translatedbooks/2146,,번역서 1종 · 예: AZ ÖT BARÁT ÉNEKE - KOREAI RÖVIDVERSEK,포함
한국고전문학,할리나 오가렉 최,기타,,발표 시기 미상,https://library.ltikorea.or.kr/translatedbooks/2149,,번역서 1종 · 예: Klasyczna literatura koreanska,포함
Roman 낯선 시간 속으로,이인성,기타,,발표 시기 미상,https://library.ltikorea.or.kr/translatedbooks/8050,,번역서 1종 · 예: Jahreszeiten des Exils,포함
(내 아이의 속마음을 척척 읽어내는) 어린아이 심리학,홍기묵,기타,,발표 시기 미상,https://library.ltikorea.or.kr/translatedbooks/8043,,번역서 1종 · 예: 读懂 孩子的 內心世界,포함
성장비타민,송정림,기타,,발표 시기 미상,https://library.ltikorea.or.kr/translatedbooks/8044,,번역서 1종 · 예: 成功养育 孩子必做的 46 件事,포함
Roman 나무들 비탈에 서다,황순원,기타,,발표 시기 미상,https://library.ltikorea.or.kr/translatedbooks/8041,,번역서 1종 · 예: Bäume am Abhang,포함
최정례 시선,최정례,시,,발표 시기 미상,https://library.ltikorea.or.kr/translatedbooks/8037,,번역서 1종 · 예: Instances : selected poems,포함
한국 여성작가 단편선집,오정희,기타,,발표 시기 미상,https://library.ltikorea.or.kr/translatedbooks/8039,,번역서 1종 · 예: Narradoras coreanas contemporáneas : diez relatos,포함
아이 인생에 독이 되는 부모와 빽이 되는 부모는 따로 있다,한기연,기타,,발표 시기 미상,https://library.ltikorea.or.kr/translatedbooks/8031,,번역서 1종 · 예: 別让你的 坏习惯 毁了孩子,포함
응석받이 외동아이 리더십 있는 아이로 키우기,구정은,기타,,발표 시기 미상,https://library.ltikorea.or.kr/translatedbooks/8030,,번역서 1종 · 예: 将宠坏的孩子培养成领袖人物,포함
미술관에서 만난 수학,마중물,기타,,발표 시기 미상,https://library.ltikorea.or.kr/translatedbooks/8028,,번역서 1종 · 예: A Matemática no Museu de Arte/,포함
(실내오염 발아들이는)공기정화식물 키우기,곽병화525.765,기타,,발표 시기 미상,https://library.ltikorea.or.kr/translatedbooks/8027,,번역서 1종 · 예: 超有效室內空氣淨化植物,포함
絕美的圖像編修術 / 장미가족의 포토샵 최우수 작품집,이정민,기타,,발표 시기 미상,https://library.ltikorea.or.kr/translatedbooks/8026,,번역서 1종 · 예: 完美 Photoshop,포함
나만의 별자리 풍수 인테리어,이상인,기타,,발표 시기 미상,https://library.ltikorea.or.kr/translatedbooks/8019,,번역서 1종 · 예: 属于我的星座风水装修,포함
Solving Your Cuisine Questions = 요리궁금증 400 : 요리궁금증 400,주부생활편집부,기타,,발표 시기 미상,https://library.ltikorea.or.kr/translatedbooks/8020,,번역서 1종 · 예: 大廚也想學的料理難題 400 問,포함
초등고민 탈출학교,이민식,기타,,발표 시기 미상,https://library.ltikorea.or.kr/translatedbooks/8025,,번역서 1종 · 예: 呼叫超人老爸! : 小學生的煩惱 TOP30,포함
음식 동의보감,신재용,기타,,발표 시기 미상,https://library.ltikorea.or.kr/translatedbooks/8010,,번역서 1종 · 예: 韩国世界文化遗产 ≪东医宝鉴≫ 中医养生,포함
從英文子母形狀A to Z中看懂單子 / 알파벳만 알면 영단어가 보인다,최재봉,기타,,발표 시기 미상,https://library.ltikorea.or.kr/translatedbooks/8012,,번역서 1종 · 예: 真神奇!我是圖解英交2000單字書,포함
x 여자조차 모르는 여자몸 설명서,이성구,기타,,발표 시기 미상,https://library.ltikorea.or.kr/translatedbooks/8013,,번역서 1종 · 예: 连女性也不知道的-女性身体说明书,포함
한국의 아름다움을 찾아 떠난 여행,배용준,기타,,발표 시기 미상,https://library.ltikorea.or.kr/translatedbooks/8015,,번역서 1종 · 예: A journey in search of Korea's beauty,포함
p'ansori moderne / 사천가,이자람,기타,,발표 시기 미상,https://library.ltikorea.or.kr/translatedbooks/8007,,번역서 1종 · 예: (Le)dit de Sichuan,포함
셀러브리티,정수현,기타,,발표 시기 미상,https://library.ltikorea.or.kr/translatedbooks/7996,,번역서 1종 · 예: 名流,포함
"여자, 그림으로 행복해지다",남인숙,기타,,발표 시기 미상,https://library.ltikorea.or.kr/translatedbooks/7995,,"번역서 1종 · 예: 女人, 因画而幸福",포함
흰 뱀을 찾아서,남상순,기타,,발표 시기 미상,https://library.ltikorea.or.kr/translatedbooks/8000,,번역서 1종 · 예: Sur les traces du serpent blanc,포함
개미의 탑,최인호,기타,,발표 시기 미상,https://library.ltikorea.or.kr/translatedbooks/8001,,번역서 2종 · 예: La tour des fourmis,포함
roman / 엄마의 말뚝,박완서,기타,,발표 시기 미상,https://library.ltikorea.or.kr/translatedbooks/8002,,번역서 1종 · 예: (Les)piquets de ma mère,포함
roman / 외딴 방,신경숙,기타,,발표 시기 미상,https://library.ltikorea.or.kr/translatedbooks/1516,,번역서 1종 · 예: (La)chambre solitare,포함
"roman / 미쳐버리고 싶은, 미쳐지지 않는",이인성,기타,,발표 시기 미상,https://library.ltikorea.or.kr/translatedbooks/8005,,번역서 1종 · 예: Interdit de folie,포함
"roman / 심청, 연꽃의 길",황석영,기타,,발표 시기 미상,https://library.ltikorea.or.kr/translatedbooks/7055,,"번역서 1종 · 예: Shim Chong, fille vendue",포함
roman / 유진과 유진,이금이,기타,,발표 시기 미상,https://library.ltikorea.or.kr/translatedbooks/7998,,번역서 1종 · 예: Yujin et Yujin,포함
깨소금과 옥떨메,박범신,기타,,발표 시기 미상,https://library.ltikorea.or.kr/translatedbooks/7992,,번역서 1종 · 예: 小雀斑和豆饼脸,포함
열일곱살의 털,김해원,기타,,발표 시기 미상,https://library.ltikorea.or.kr/translatedbooks/7993,,번역서 1종 · 예: 十七岁的头发,포함
나는 누구의 아바타일까,임태희,기타,,발표 시기 미상,https://library.ltikorea.or.kr/translatedbooks/7989,,번역서 1종 · 예: 我是谁的阿凡达,포함
이토록 뜨거운 파랑,신여랑,기타,,발표 시기 미상,https://library.ltikorea.or.kr/translatedbooks/7991,,번역서 1종 · 예: 如此灼热的蓝,포함
넌 너무 멋져 6,이영희,기타,,발표 시기 미상,https://library.ltikorea.or.kr/translatedbooks/7984,,번역서 1종 · 예: Annyira kisaly vagy!,포함
1등급 공부습관,최인호,기타,,발표 시기 미상,https://library.ltikorea.or.kr/translatedbooks/7985,,번역서 1종 · 예: 讓倒數第一變成第一名的神奇力量,포함
ein klassischer Roman aus dem Korea des 17. Jahrhunderts / 구운몽,김만중,기타,,발표 시기 미상,https://library.ltikorea.or.kr/translatedbooks/7981,,번역서 1종 · 예: Wolkenträume,포함
20세기 한국문학의 이해,이남호,기타,,발표 시기 미상,https://library.ltikorea.or.kr/translatedbooks/7983,,번역서 2종 · 예: Koreanische Literatur des 20. Jahrhunderts,포함
환상소설첩,이인나,소설,,발표 시기 미상,https://library.ltikorea.or.kr/translatedbooks/7978,,번역서 1종 · 예: КΛУБ ФАНТАЗИЙ : Coвременная корейская проза,포함
КОРЕЙСКИЕ РАССКАЗЫ И ПОВЕСТИ ХV-XIX BB.; / 금오신화,김시습,소설,,발표 시기 미상,https://library.ltikorea.or.kr/translatedbooks/7977,,"번역서 1종 · 예: Истории, записанные на горе Золотая Черепаха",포함
김약국의 딸들,박경리,기타,,발표 시기 미상,https://library.ltikorea.or.kr/translatedbooks/7979,,번역서 3종 · 예: Дочери аптекаря Кима,포함
Gedichte 얼음의 자서전,최승호,기타,,발표 시기 미상,https://library.ltikorea.or.kr/translatedbooks/7982,,번역서 1종 · 예: Autobiographie aus Eis,포함
용비어천가(龍飛御天歌),작자 미상,기타,,발표 시기 미상,https://library.ltikorea.or.kr/translatedbooks/7973,,"번역서 1종 · 예: Ода о драконах, летяших к небу",포함
황순원 단편선: 소라,황순원,기타,,발표 시기 미상,https://library.ltikorea.or.kr/translatedbooks/5198,,번역서 1종 · 예: KAGYLÓHÉJAK,포함
숲속의 방,강석경,기타,,발표 시기 미상,https://library.ltikorea.or.kr/translatedbooks/7960,,번역서 1종 · 예: 深林之屋,포함
궁궐의 우리 나무,박상진,기타,,발표 시기 미상,https://library.ltikorea.or.kr/translatedbooks/7958,,번역서 1종 · 예: 朝鮮王宮の樹木 : 韓国 みどり世界,포함
종묘,배병우,기타,,발표 시기 미상,https://library.ltikorea.or.kr/translatedbooks/7959,,"번역서 1종 · 예: Chongmyo, der königliche ahnenschrein",포함
호암미술관에 있는 아름다운 문화예술품,차익종,기타,,발표 시기 미상,https://library.ltikorea.or.kr/translatedbooks/7968,,번역서 1종 · 예: Korean art treasures from the Ho-Am museum : a unique collection of traditional cultural properties in Korea,포함
"Communautés villageoises, réseaux urbains : sociologie coréenne",오명석,기타,,발표 시기 미상,https://library.ltikorea.or.kr/translatedbooks/7956,,"번역서 1종 · 예: Communautés villageoises, réseaux urbains : sociologie coréenne",포함
Muestra de literatura coreana actual. 한국문학특집호,호르헤,기타,,발표 시기 미상,https://library.ltikorea.or.kr/translatedbooks/410374,,번역서 1종 · 예: Por la escalera del arco iris,포함
현산어보를 찾아서 1-2,이태원,기타,,발표 시기 미상,https://library.ltikorea.or.kr/translatedbooks/7943,,번역서 1종 · 예: 「玆山漁譜」を訪ねて. 第1-2卷,포함
우리가 정말 알아야 할 우리 김치 백 가지,한복려,기타,,발표 시기 미상,https://library.ltikorea.or.kr/translatedbooks/410212,,번역서 1종 · 예: キムチ百科 韓國傳統のキムチ100,포함
석불돌에 새긴 정토의 꿈 ;,최성은,기타,,발표 시기 미상,https://library.ltikorea.or.kr/translatedbooks/7953,,번역서 1종 · 예: Buddha : bildnisse aus stein in Korea,포함
Gedichte 주막에서,천상병,기타,,발표 시기 미상,https://library.ltikorea.or.kr/translatedbooks/7946,,번역서 1종 · 예: Im Gasthof,포함
우리에게 철학은 무엇인가,강영안,기타,,발표 시기 미상,https://library.ltikorea.or.kr/translatedbooks/7947,,"번역서 1종 · 예: 韓國近代哲學の成立と展開 : 近代, 理性, 主体槪念中心に",포함
"anthropologie coréenne / 전통, 의식, 신념",Eric Bidet,기타,,발표 시기 미상,https://library.ltikorea.or.kr/translatedbooks/7955,,"번역서 1종 · 예: Traditions, rituels, croyances :",포함
사랑의 감옥,오규원,기타,,발표 시기 미상,https://library.ltikorea.or.kr/translatedbooks/7945,,번역서 1종 · 예: Kerker der Liebe,포함
韓國道敎思想,차주환,기타,,발표 시기 미상,https://library.ltikorea.or.kr/translatedbooks/7962,,번역서 1종 · 예: 韓國道敎思想,포함
동아시아 여성의 기원,정재서,기타,,발표 시기 미상,https://library.ltikorea.or.kr/translatedbooks/7964,,번역서 1종 · 예: 東亞女性的起源,포함
간판스타,이희재,기타,,발표 시기 미상,https://library.ltikorea.or.kr/translatedbooks/7966,,번역서 1종 · 예: 招牌明星,포함
Korea's Indigenous script / 한글의 역사와 미래,김정수,기타,,발표 시기 미상,https://library.ltikorea.or.kr/translatedbooks/7967,,번역서 1종 · 예: The History and Future of Hangeul,포함
한국 1950 - 전쟁과 평화,박명림,기타,,발표 시기 미상,https://library.ltikorea.or.kr/translatedbooks/7969,,번역서 1종 · 예: The Requiem for Peace : A Critical-Constructive Reflection on the Korean War,포함
고구려 고분벽화 연구,전호태,기타,,발표 시기 미상,https://library.ltikorea.or.kr/translatedbooks/7949,,번역서 1종 · 예: Recherche sur les fresques tombales du royaume Coréen de Koguryo,포함
한국문화상징사전,한국문화상징사전편찬위원회,기타,,발표 시기 미상,https://library.ltikorea.or.kr/translatedbooks/5641,,번역서 1종 · 예: 韓国文化シンボル事典,포함
Korea. The Land and People,허우궁,기타,,발표 시기 미상,https://library.ltikorea.or.kr/translatedbooks/2510,,"번역서 1종 · 예: Coree, espace et societe",포함
금속공예,최응천,기타,,발표 시기 미상,https://library.ltikorea.or.kr/translatedbooks/7952,,번역서 1종 · 예: Das metallkunsthandwerk des alten Korea,포함
백일법문,성철,기타,,발표 시기 미상,https://library.ltikorea.or.kr/translatedbooks/9528,,번역서 1종 · 예: Sermon of one hundred days : part one,포함
현대 희곡선,차범석,희곡,,발표 시기 미상,https://library.ltikorea.or.kr/translatedbooks/413693,,번역서 1종 · 예: Théâtre Coréen Contemporain,포함
Führungsstrategien für das 21. Jahrhundert / CEO 칭기즈칸,김종래,기타,,발표 시기 미상,https://library.ltikorea.or.kr/translatedbooks/7430,,번역서 1종 · 예: Dschingis Khan als CEO,포함
Nietzche : Rüttler an hundertjähriger Philosophietradition,김상환,기타,,발표 시기 미상,https://library.ltikorea.or.kr/translatedbooks/7926,,번역서 1종 · 예: Nietzche : Rüttler an hundertjähriger Philosophietradition,포함
민속문화의 탐구,임동권,기타,,발표 시기 미상,https://library.ltikorea.or.kr/translatedbooks/7927,,번역서 1종 · 예: In search of Korean folklore,포함
selected works of Choe Chung-hui. 최정희 소설선,최정희,소설,,발표 시기 미상,https://library.ltikorea.or.kr/translatedbooks/7428,,번역서 1종 · 예: Cry of the Harp,포함
"선비의 나라, 한국 유학 2천년",강재은,기타,,발표 시기 미상,https://library.ltikorea.or.kr/translatedbooks/7928,,번역서 1종 · 예: The Land of Scholars : two thousand years of Korean Confucianism,포함
한국 현대 건축 비평: 후기산업사회와 현대건축 이야기,임석재,평론,,발표 시기 미상,https://library.ltikorea.or.kr/translatedbooks/7930,,번역서 1종 · 예: Moderne koreanische Architektur eine kritische betrachtung,포함
한국삼인시선,김수영 외,시,,발표 시기 미상,https://library.ltikorea.or.kr/translatedbooks/7420,,번역서 1종 · 예: 韓国三人詩選,포함
devient peintre / 쥐돌이는 화가,이호백,기타,,발표 시기 미상,https://library.ltikorea.or.kr/translatedbooks/7939,,번역서 1종 · 예: Joudori,포함
한국현대소설선,하근찬,소설,,발표 시기 미상,https://library.ltikorea.or.kr/translatedbooks/7934,,번역서 2종 · 예: ทะเลและผีเสื้อ,포함
우리옷과 장신구,이경자,기타,,발표 시기 미상,https://library.ltikorea.or.kr/translatedbooks/7935,,번역서 1종 · 예: Traditional Korean Costume,포함
한국현대시선집,주요한,시,,발표 시기 미상,https://library.ltikorea.or.kr/translatedbooks/5646,,번역서 2종 · 예: The Columbia anthology of modern Korean poetry,포함
젊은 날의 초상,이문열,기타,,발표 시기 미상,https://library.ltikorea.or.kr/translatedbooks/7937,,번역서 3종 · 예: Ett ungdomsporträtt,포함
구전 설화,임석재,소설,,발표 시기 미상,https://library.ltikorea.or.kr/translatedbooks/7418,,번역서 1종 · 예: Cuentos coreanos de tradición oral,포함
Korean Mask Dance Dramas : Their History and Structural Principles,전경욱,희곡,,발표 시기 미상,https://library.ltikorea.or.kr/translatedbooks/410376,,번역서 1종 · 예: Korean Mask Dance Dramas : Their History and Structural Principles,포함
반쪽이,이억배,기타,,발표 시기 미상,https://library.ltikorea.or.kr/translatedbooks/7936,,"번역서 1종 · 예: Banjjogi, der Halbling",포함
20세기의 한국미술,김영나,기타,,발표 시기 미상,https://library.ltikorea.or.kr/translatedbooks/7924,,번역서 1종 · 예: 20th Century Korean Art,포함
64의 비밀,박용기,기타,,발표 시기 미상,https://library.ltikorea.or.kr/translatedbooks/7923,,번역서 1종 · 예: The Secrets Behind the Number 64,포함
비가 오는 날에,이혜리,기타,,발표 시기 미상,https://library.ltikorea.or.kr/translatedbooks/7922,,번역서 2종 · 예: (Un) jour de pluie,포함
Six centuries of dynastic grandeur. 한국의 고궁,신영훈,기타,,발표 시기 미상,https://library.ltikorea.or.kr/translatedbooks/1179,,번역서 1종 · 예: (The) royal palaces of korea,포함
La dernière princesse chauve-souris / 마지막 박쥐공주 미가야,이경혜,기타,,발표 시기 미상,https://library.ltikorea.or.kr/translatedbooks/7921,,번역서 1종 · 예: Migaya,포함
A story of Human Cloning Based on a Korean Fable / 수일이와 수일이,김우경,기타,,발표 시기 미상,https://library.ltikorea.or.kr/translatedbooks/7911,,번역서 1종 · 예: Su-il VS. Su-il,포함
단원 김홍도,오주석,기타,,발표 시기 미상,https://library.ltikorea.or.kr/translatedbooks/7917,,번역서 1종 · 예: (The) art of kim Hong-do : A great court painter of 18th-contury Korea,포함
한국사에도 과학이 있는가,박성래,기타,,발표 시기 미상,https://library.ltikorea.or.kr/translatedbooks/7916,,"번역서 1종 · 예: Science and technology in Korean history : Excursions, Innovations, and Issues",포함
5월의 사회과학,최정운,기타,,발표 시기 미상,https://library.ltikorea.or.kr/translatedbooks/1244,,번역서 1종 · 예: The Gwangju uprising: the pivotal democratic movement that changed the history of modern Korea,포함
Caves : A Wonderful Unerground,우경식,기타,,발표 시기 미상,https://library.ltikorea.or.kr/translatedbooks/7920,,번역서 1종 · 예: Caves : A Wonderful Unerground,포함
부자의 그림일기,오세영,기타,,발표 시기 미상,https://library.ltikorea.or.kr/translatedbooks/7915,,번역서 1종 · 예: Buja's diary,포함
현대한국 통사론,남기심,기타,,발표 시기 미상,https://library.ltikorea.or.kr/translatedbooks/7914,,번역서 1종 · 예: Modern Korean syntax,포함
훨훨 간다,권정생,기타,,발표 시기 미상,https://library.ltikorea.or.kr/translatedbooks/7918,,번역서 2종 · 예: Flap Flap,포함
"퇴계와 고봉, 편지를 쓰다",김영두,기타,,발표 시기 미상,https://library.ltikorea.or.kr/translatedbooks/7919,,번역서 1종 · 예: Toegye and Gobong Write Letters,포함
백낙청 평론집: 분단체제 • 민족문학.,백낙청,평론,,발표 시기 미상,https://library.ltikorea.or.kr/translatedbooks/7902,,번역서 1종 · 예: 白樂晴： 分斷體制 • 民族文學,포함
꿈꾸는 우리 민화,윤열수,기타,,발표 시기 미상,https://library.ltikorea.or.kr/translatedbooks/7909,,번역서 1종 · 예: Tradycyjne malarstwo koreańskie : symbole i wierzenia,포함
아주 오래된 농담,박완서,기타,,발표 시기 미상,https://library.ltikorea.or.kr/translatedbooks/7399,,번역서 1종 · 예: 非常久遠的玩笑,포함
three stories. 저기 소리없이 한 점 꽃잎이 지고,최윤,기타,,발표 시기 미상,https://library.ltikorea.or.kr/translatedbooks/789,,번역서 1종 · 예: There a Petal Silently Falls,포함
김유정 단편선,김유정,기타,,발표 시기 미상,https://library.ltikorea.or.kr/translatedbooks/410347,,번역서 1종 · 예: Tuyển tập truyện ngắn : Kim You-jeong,포함
한국한문학선집 11-18세기,김부식,기타,,발표 시기 미상,https://library.ltikorea.or.kr/translatedbooks/7906,,번역서 1종 · 예: Наставление царю цветов : Βысокая проза Кореи XI-XVIII веков,포함
박완서 단편소설선,박완서,단편소설,,발표 시기 미상,https://library.ltikorea.or.kr/translatedbooks/7473,,번역서 1종 · 예: Как их много!,포함
김만중 선집 -구운몽-,김만중,기타,,발표 시기 미상,https://library.ltikorea.or.kr/translatedbooks/7904,,번역서 1종 · 예: Сон в заоблачных высях,포함
흙 속에 저 바람 속에,이어령,기타,,발표 시기 미상,https://library.ltikorea.or.kr/translatedbooks/7471,,"번역서 1종 · 예: В ТЕХ КРАЯХ, НА ТЕХ ВЕТРАХ : Сборник эссе",포함
und andere Erzählungen / 나도향 단편선,나도향,기타,,발표 시기 미상,https://library.ltikorea.or.kr/translatedbooks/7888,,번역서 1종 · 예: (Der)Sohn des Dieners,포함
운영전,레타,기타,,발표 시기 미상,https://library.ltikorea.or.kr/translatedbooks/7890,,번역서 1종 · 예: Die Geschichte der Unyŏng,포함
한국현대단편소설선,김채원,단편소설,,발표 시기 미상,https://library.ltikorea.or.kr/translatedbooks/7897,,번역서 1종 · 예: Contos contemporâneos Coreanos,포함
가을의 환,김채원,기타,,발표 시기 미상,https://library.ltikorea.or.kr/translatedbooks/7900,,번역서 1종 · 예: Espejismos de otoño,포함
국물 있사옵니다,이근삼,기타,,발표 시기 미상,https://library.ltikorea.or.kr/translatedbooks/7895,,번역서 1종 · 예: À la soupe,포함
16세기 가사와 시조,이병주,시조,,발표 시기 미상,https://library.ltikorea.or.kr/translatedbooks/7894,,번역서 1종 · 예: Anthologie de la poésie Coréenne du XVI siècle,포함
Cinco poetas contemporáneos de Corea,정권태,기타,,발표 시기 미상,https://library.ltikorea.or.kr/translatedbooks/7899,,번역서 1종 · 예: Cinco poetas contemporáneos de Corea,포함
촛농날개 외,이효석,기타,,발표 시기 미상,https://library.ltikorea.or.kr/translatedbooks/7886,,번역서 1종 · 예: Waxen wings: The ACTA Koreana anthology of short fiction from Korea,포함
청개구리의 눈물,왕혜숙,단편소설,,발표 시기 미상,https://library.ltikorea.or.kr/translatedbooks/7878,,번역서 1종 · 예: Frog’s tears and other stories : Readings in Korean culture series for beginning and intermediate students,포함
Traditional performing arts of Korea,전경욱,기타,,발표 시기 미상,https://library.ltikorea.or.kr/translatedbooks/7871,,번역서 1종 · 예: Traditional performing arts of Korea,포함
우리문화박물지,이어령,기타,,발표 시기 미상,https://library.ltikorea.or.kr/translatedbooks/7872,,번역서 1종 · 예: Korea style : 64 objects of seeing Korea,포함
Korean folk dance,이병옥,기타,,발표 시기 미상,https://library.ltikorea.or.kr/translatedbooks/7870,,번역서 1종 · 예: Korean folk dance,포함
Korean ceramics / 한국 도자사,강경숙,기타,,발표 시기 미상,https://library.ltikorea.or.kr/translatedbooks/7868,,번역서 1종 · 예: Korean ceramics / 한국 도자사,포함
新韓國史入門 = 신한국사입문,Nahm,기타,,발표 시기 미상,https://library.ltikorea.or.kr/translatedbooks/7866,,번역서 1종 · 예: (Introduction to) Korean history and culture,포함
"Selected prose-poems, contes and memoirs by Bong Ja Ahn. 삶, 꿈 그리고 그 사이",안봉자,시,,발표 시기 미상,https://library.ltikorea.or.kr/translatedbooks/7864,,"번역서 1종 · 예: Living, dreaming & on between Selected prose-poems, contes and memoirs by Bong Ja Ahn",포함
잘못은 신에게도 있다,조세희,기타,,발표 시기 미상,https://library.ltikorea.or.kr/translatedbooks/7857,,번역서 1종 · 예: Ce n'est pas la faute de dieu,포함
roman / 고래,천명관,기타,,발표 시기 미상,https://library.ltikorea.or.kr/translatedbooks/7853,,번역서 1종 · 예: (La) baleine,포함
A love story. 오래된 정원,황석영,기타,,발표 시기 미상,https://library.ltikorea.or.kr/translatedbooks/7849,,번역서 1종 · 예: The Ancient Garden,포함
소설가 구보씨의 하루 외,박태원,소설,,발표 시기 미상,https://library.ltikorea.or.kr/translatedbooks/7470,,번역서 1종 · 예: On the eve of the uprising; and other stories from colonial Korea,포함
한국현대소설선,현진건,소설,,발표 시기 미상,https://library.ltikorea.or.kr/translatedbooks/512,,번역서 1종 · 예: MODERN KOREAN FICTION : AN ANTHOLOGY.,포함
두꺼비 신랑,서정오,기타,,발표 시기 미상,https://library.ltikorea.or.kr/translatedbooks/833,,번역서 1종 · 예: (The) toad bridegroom & other fantastic tales retold,포함
영시로 감상하는 한국의 명시,김동명,시,,발표 시기 미상,https://library.ltikorea.or.kr/translatedbooks/7846,,번역서 2종 · 예: Korea's best loved poems,포함
한국: 동화를 찾아서,Melikhov,동화,,발표 시기 미상,https://library.ltikorea.or.kr/translatedbooks/7844,,번역서 1종 · 예: РЕСПУБЛИКА КОРЕЯ : В ПОИСКАХ СКАЗКИ,포함
한국의 신화,서대석,소설,,발표 시기 미상,https://library.ltikorea.or.kr/translatedbooks/7843,,번역서 2종 · 예: Korea Müüt,포함
한국근대희곡선: 1930~1960년대,유치진 외,희곡,,발표 시기 미상,https://library.ltikorea.or.kr/translatedbooks/7838,,번역서 1종 · 예: 韓国近現代戱曲選: 1930~1960年代,포함
매월당 김시습 한시,김시습,기타,,발표 시기 미상,https://library.ltikorea.or.kr/translatedbooks/7833,,번역서 1종 · 예: Slyším padat sníh : výbor z klasické poezie hansi korejského básníka 15. století,포함
경허집,경허,기타,,발표 시기 미상,https://library.ltikorea.or.kr/translatedbooks/7834,,번역서 1종 · 예: Měsíc mysli úplně kulatý : básně korejského zenového mistra,포함
"Gedichte 아, 입이 없는 것들",이성복,기타,,발표 시기 미상,https://library.ltikorea.or.kr/translatedbooks/7831,,번역서 1종 · 예: Wie anders sind die Nächte,포함
und andere Prosa. 황석영 단편선,황석영,기타,,발표 시기 미상,https://library.ltikorea.or.kr/translatedbooks/7830,,번역서 1종 · 예: Unkraut und andere Prosa,포함
이인수 작품선,이인수,기타,,발표 시기 미상,https://library.ltikorea.or.kr/translatedbooks/7822,,번역서 1종 · 예: INSIDE CLOUD CUCKOO LAND,포함
바람과 강,김원일,장편소설,,발표 시기 미상,https://library.ltikorea.or.kr/translatedbooks/7820,,번역서 2종 · 예: The wind and the river,포함
검은 이야기 사슬,정영문,기타,,발표 시기 미상,https://library.ltikorea.or.kr/translatedbooks/7819,,번역서 2종 · 예: A Chain of Dark Tales,포함
a novel. 먼 길,김인숙,기타,,발표 시기 미상,https://library.ltikorea.or.kr/translatedbooks/7816,,번역서 1종 · 예: The long road,포함
"물소리, 바람소리",법정스님,기타,,발표 시기 미상,https://library.ltikorea.or.kr/translatedbooks/7815,,"번역서 1종 · 예: The sound of water, the sound of wind and other early works by a mountain monk",포함
Stories of trauma in contemporary Korea. 붉은 방,박완서,기타,,발표 시기 미상,https://library.ltikorea.or.kr/translatedbooks/7812,,번역서 1종 · 예: The red room,포함
빌라도의 예수,정찬,기타,,발표 시기 미상,https://library.ltikorea.or.kr/translatedbooks/7813,,번역서 1종 · 예: Pilate's Jesus,포함
한국시조선집,성종,시조,,발표 시기 미상,https://library.ltikorea.or.kr/translatedbooks/7810,,번역서 1종 · 예: (An) Anthlolgy of Korean Sijo,포함
stories from Korean in transition. 한국 현대 단편선,김동리,단편소설,,발표 시기 미상,https://library.ltikorea.or.kr/translatedbooks/7811,,번역서 2종 · 예: A Moment's Grace: Stories from Korean in Transition,포함
나무 안에서,김형영,기타,,발표 시기 미상,https://library.ltikorea.or.kr/translatedbooks/7809,,번역서 1종 · 예: In the tree,포함
고전한시집,이행원,시,,발표 시기 미상,https://library.ltikorea.or.kr/translatedbooks/7807,,번역서 1종 · 예: On An Autumn Night: Classical Korean Poetry,포함
아늑한 길,정찬,기타,,발표 시기 미상,https://library.ltikorea.or.kr/translatedbooks/7802,,번역서 1종 · 예: The Cozy Path,포함
중심의 괴로움,김지하,시,,발표 시기 미상,https://library.ltikorea.or.kr/translatedbooks/7801,,번역서 1종 · 예: Blütenneid : Gedichte,포함
a Novel. 엄마를 부탁해,신경숙,기타,,발표 시기 미상,https://library.ltikorea.or.kr/translatedbooks/7799,,번역서 1종 · 예: Please look after mother,포함
조선민담집,손진태,소설,,발표 시기 미상,https://library.ltikorea.or.kr/translatedbooks/7689,,번역서 1종 · 예: 朝鮮民譚集,포함
뒹구는 돌은 언제 잠깨는가,이성복,시,,발표 시기 미상,https://library.ltikorea.or.kr/translatedbooks/7469,,번역서 1종 · 예: I heard life calling me: poems of Yi Sŏng-Bok,포함
김승희 시선,김승희,시,,발표 시기 미상,https://library.ltikorea.or.kr/translatedbooks/7475,,번역서 1종 · 예: Walking on a Washing Line: Poems by Kim Seung-hee,포함
아시아 시행,고형렬,시,,발표 시기 미상,https://library.ltikorea.or.kr/translatedbooks/7584,,번역서 1종 · 예: アジア詩行 : 今朝は、ウラジオストクで詩集,포함
한국의 고전소설,정병설,소설,,발표 시기 미상,https://library.ltikorea.or.kr/translatedbooks/7598,,번역서 1종 · 예: 韓国の古典小說,포함
한국시조선집,이용호,시조,,발표 시기 미상,https://library.ltikorea.or.kr/translatedbooks/7604,,번역서 1종 · 예: 韓國時調選集 古時調ㆍ現代時調,포함
나의 달콤한 도시,정이현,기타,,발표 시기 미상,https://library.ltikorea.or.kr/translatedbooks/7651,,번역서 1종 · 예: マイスウィートソウル : my sweet Seoul,포함
조선민담집,김소운,소설,,발표 시기 미상,https://library.ltikorea.or.kr/translatedbooks/7639,,번역서 1종 · 예: 朝鮮民謠集,포함
현대한국문학선집 제2권 장편소설 2,김동리,장편소설,,발표 시기 미상,https://library.ltikorea.or.kr/translatedbooks/2206,,번역서 1종 · 예: 現代韓国文学選集 : 長篇小說 2. 第2卷,포함
직녀의 일기장,전아리,기타,,발표 시기 미상,https://library.ltikorea.or.kr/translatedbooks/7541,,번역서 1종 · 예: おり姫の日記帳,포함
한국적 사고,이어령,기타,,발표 시기 미상,https://library.ltikorea.or.kr/translatedbooks/7578,,번역서 1종 · 예: 韓国的思考,포함
그러나,홍성원,기타,,발표 시기 미상,https://library.ltikorea.or.kr/translatedbooks/7558,,번역서 1종 · 예: されど,포함
第2卷 : 현대한국문학선집 제2권 장편소설 2,김동리,장편소설,,발표 시기 미상,https://library.ltikorea.or.kr/translatedbooks/414146,,번역서 1종 · 예: 現代韓国文学選集. 長篇小說 2,포함
노리개: 전통 한복의 멋,이경자,기타,,발표 시기 미상,https://library.ltikorea.or.kr/translatedbooks/1074,,번역서 1종 · 예: Norigae : splendor of the Korean costume,포함
조선왕조사 상,이성무,기타,,발표 시기 미상,https://library.ltikorea.or.kr/translatedbooks/2722,,번역서 1종 · 예: 朝鮮王朝史 上,포함
한국의 사상,Philippe Thiébault,기타,,발표 시기 미상,https://library.ltikorea.or.kr/translatedbooks/11492,,번역서 1종 · 예: (La)pensée Coréenne : Aux sources de l`Esprit-Coeur : Essai,중복 제외 (앞 순위 출처에 있음)
마음의 감옥 외,김원일 외,기타,,발표 시기 미상,https://library.ltikorea.or.kr/translatedbooks/5292,,번역서 1종 · 예: La cárcel del corazón y otros relatos,포함
여성의 몸 : 평생 건강 프로젝트,KBS 생로병사의 비밀 제작 팀,기타,,발표 시기 미상,https://library.ltikorea.or.kr/translatedbooks/249,,번역서 1종 · 예: 透过身体看女人 : 女性美丽无忧的健康手册,포함
한국역사만보,가미야 니지,기타,,발표 시기 미상,https://library.ltikorea.or.kr/translatedbooks/2736,,번역서 1종 · 예: 韓国歴史漫步,포함
화폐,원유한,기타,,발표 시기 미상,https://library.ltikorea.or.kr/translatedbooks/1067,,번역서 1종 · 예: Money : Traditional Korean Society,포함
끝나지 않는 시다의 노래,전순옥,기타,,발표 시기 미상,https://library.ltikorea.or.kr/translatedbooks/1243,,번역서 1종 · 예: THEY ARE NOT MACHINES : KOREAN WOMEN WORKERS AND THEIR FIGHT FOR DEMOCRATIC TRADE UNIONISM IN THE 1970s,포함
わかりやすい韓国の歴史 : 国定韓国小学校社会科教科書,한국교육개발원,기타,,발표 시기 미상,https://library.ltikorea.or.kr/translatedbooks/2723,,번역서 1종 · 예: わかりやすい韓国の歴史 : 国定韓国小学校社会科教科書,포함
한국명시선,한용운 외,시,,발표 시기 미상,https://library.ltikorea.or.kr/translatedbooks/5291,,번역서 1종 · 예: Flor y oro de la poesía coreana,포함
(답사여행의 길잡이) 경주,이문옥,기타,,발표 시기 미상,https://library.ltikorea.or.kr/translatedbooks/1327,,번역서 1종 · 예: ((A) Field Guide to History) GYEONGJU,포함
"A linguistic, Historic and anthropological approach / 고대한국과 인류역사의 발상지, 파미르고원",정연규,기타,,발표 시기 미상,https://library.ltikorea.or.kr/translatedbooks/1319,,번역서 1종 · 예: Ancient Korea and the dawn of human history on the pamirs,포함
見えざる日露戦争の序曲 / 명성황후 시해의 진실을 밝힌다,최문형,기타,,발표 시기 미상,https://library.ltikorea.or.kr/translatedbooks/2741,,번역서 1종 · 예: 閔妃は誰に殺されたのか,포함
한국의 문화,서정수,기타,,발표 시기 미상,https://library.ltikorea.or.kr/translatedbooks/2740,,번역서 1종 · 예: 韓国の文化,포함
삼국사기,김부식,기타,,발표 시기 미상,https://library.ltikorea.or.kr/translatedbooks/2719,,번역서 2종 · 예: 完訳 三国史記,포함
아들이여! 한일에 걸쳐진 생명의 다리,신윤찬,기타,,발표 시기 미상,https://library.ltikorea.or.kr/translatedbooks/2739,,번역서 1종 · 예: 息子よ! 韓日に 架ける 命の 橋,포함
불멸의 목소리: 현대시선 63인선 401편,한용운 외,시,,발표 시기 미상,https://library.ltikorea.or.kr/translatedbooks/537,,번역서 1종 · 예: The Immortal Voice: an anthology of Modern Korean Poetry,포함
한국의 역사,국사편찬위원회,기타,,발표 시기 미상,https://library.ltikorea.or.kr/translatedbooks/2720,,번역서 1종 · 예: 韓國の 歷史 : 國政韓國高等學校歷史敎科書,포함
단,김정빈,기타,,발표 시기 미상,https://library.ltikorea.or.kr/translatedbooks/2512,,번역서 1종 · 예: 丹,포함
역도산전설,이호인,소설,,발표 시기 미상,https://library.ltikorea.or.kr/translatedbooks/2509,,번역서 1종 · 예: 力道山伝說,포함
韓国のパッチワーク / 아름다운 보자기,渡邊みどり [Author],기타,,발표 시기 미상,https://library.ltikorea.or.kr/translatedbooks/2705,,번역서 1종 · 예: 美しいポジャギ,포함
(한국의 풍속) 민간 신앙,최준식,기타,,발표 시기 미상,https://library.ltikorea.or.kr/translatedbooks/1079,,번역서 1종 · 예: Folk-religion : The customs in Korea,포함
la beauté à son apogée / 한국의 석조문화,박정근,기타,,발표 시기 미상,https://library.ltikorea.or.kr/translatedbooks/1684,,번역서 1종 · 예: (L')art de la pierre dans la culture coréenne,포함
esclaves sexuelles de l'armée japonaise / 위안부 리포트,정경아,기타,,발표 시기 미상,https://library.ltikorea.or.kr/translatedbooks/1685,,번역서 1종 · 예: Femmes de réconfort,포함
결혼 전에 하지 않으면 정말 억울한 서른여섯가지,신예희,기타,,발표 시기 미상,https://library.ltikorea.or.kr/translatedbooks/77,,번역서 1종 · 예: 20幾歲女孩必做的36件事,포함
尹伊桑の 音樂語法 : 韓國の 傳通音樂を 基層として,김동주,기타,,발표 시기 미상,https://library.ltikorea.or.kr/translatedbooks/2707,,번역서 1종 · 예: 尹伊桑の 音樂語法 : 韓國の 傳通音樂を 基層として,포함
(한국의 전통선박) 한선,최완기,기타,,발표 시기 미상,https://library.ltikorea.or.kr/translatedbooks/1170,,번역서 1종 · 예: The Traditional Ships of Korea,포함
잔치,윤서석,기타,,발표 시기 미상,https://library.ltikorea.or.kr/translatedbooks/1077,,번역서 1종 · 예: Festive Occasions: The Custioms in Korea,포함
30대 당신의 로드맵을 그려라.,윤영돈,기타,,발표 시기 미상,https://library.ltikorea.or.kr/translatedbooks/59,,번역서 2종 · 예: 职场定位,포함
(우리가 정말 알아야 할) 우리 음식 백가지 1,황혜성,기타,,발표 시기 미상,https://library.ltikorea.or.kr/translatedbooks/56,,번역서 1종 · 예: 韩国经典料理100,포함
한국사신론,이기백,기타,,발표 시기 미상,https://library.ltikorea.or.kr/translatedbooks/5274,,번역서 1종 · 예: История Кореи : новая трактовка,포함
高句麗史硏究,盧泰敦,기타,,발표 시기 미상,https://library.ltikorea.or.kr/translatedbooks/78,,번역서 1종 · 예: 高句麗史硏究,포함
완당 평전,유홍준,기타,,발표 시기 미상,https://library.ltikorea.or.kr/translatedbooks/2708,,번역서 1종 · 예: 書聖 金正喜評伝,포함
韓國 : ロンリ-プラネシトの 自由旅行 ガイド,マーティン・ロビンソン,기타,,발표 시기 미상,https://library.ltikorea.or.kr/translatedbooks/2738,,번역서 1종 · 예: 韓國 : ロンリ-プラネシトの 自由旅行 ガイド,포함
Stairway to Heaven. 천국의 계단,박혜경,기타,,발표 시기 미상,https://library.ltikorea.or.kr/translatedbooks/2504,,번역서 1종 · 예: 天国の階段,포함
한국 현대 문화,이선이,기타,,발표 시기 미상,https://library.ltikorea.or.kr/translatedbooks/55,,번역서 1종 · 예: 韩国现代文化,포함
한국인이야기,田中明,기타,,발표 시기 미상,https://library.ltikorea.or.kr/translatedbooks/2721,,번역서 1종 · 예: 物語 韓國人,포함
한국의 전통 교육,최완기,기타,,발표 시기 미상,https://library.ltikorea.or.kr/translatedbooks/1073,,번역서 1종 · 예: (The) Traditional Education of Korea,포함
eine Kulturgeschichte / 역사 속의 한국 여인,Byun-Brenk,기타,,발표 시기 미상,https://library.ltikorea.or.kr/translatedbooks/2095,,번역서 1종 · 예: Frauen in Korea,포함
세종대왕,김영기,기타,,발표 시기 미상,https://library.ltikorea.or.kr/translatedbooks/1263,,번역서 2종 · 예: King Sejong the Great : the light of fifteenth century Korea,포함
한국시선,황지우 외,기타,,발표 시기 미상,https://library.ltikorea.or.kr/translatedbooks/5295,,번역서 1종 · 예: EL TIEMPO TRANSPARENTE,포함
조선시대의 한국의상과 보자기,허동화,기타,,발표 시기 미상,https://library.ltikorea.or.kr/translatedbooks/1196,,번역서 1종 · 예: Rapt in colour : Korean textiles and costumes of the Choson dynasty,포함
한국 생활사 박물관 시리즈,염정섭,기타,,발표 시기 미상,https://library.ltikorea.or.kr/translatedbooks/1404,,"번역서 1종 · 예: Living in Joseon. Part 1-3, The crossroads of tradition",포함
우리 땅에서 익은 우리 술,조정형,기타,,발표 시기 미상,https://library.ltikorea.or.kr/translatedbooks/264,,번역서 1종 · 예: 韩国传统民俗酒,포함
"reading the cultural codes of korea, china and japan / 매화",이어령,기타,,발표 시기 미상,https://library.ltikorea.or.kr/translatedbooks/1341,,번역서 1종 · 예: Maehwa the plum blossom,포함
유교와 한국사상,금장태,기타,,발표 시기 미상,https://library.ltikorea.or.kr/translatedbooks/1041,,번역서 1종 · 예: Confucianism and Korean Thoughts,포함
저기 도깨비가 간다: 도깨비에 관한 민속학적 탐구,김종대,기타,,발표 시기 미상,https://library.ltikorea.or.kr/translatedbooks/415846,,번역서 1종 · 예: Dokkaebi : Koreas Kobolde,포함
사건의 철학,이정우,기타,,발표 시기 미상,https://library.ltikorea.or.kr/translatedbooks/2678,,번역서 1종 · 예: 事件の哲学 : ポスト構造主義の定立と展開,포함
한국철학에세이,김교빈,수필,,발표 시기 미상,https://library.ltikorea.or.kr/translatedbooks/2680,,번역서 1종 · 예: 人物でみる韓国哲学の系譜 : : 森羅仏教から李朝実学まで,포함
"아빠, 힘내세요",고선아,기타,,발표 시기 미상,https://library.ltikorea.or.kr/translatedbooks/7498,,"번역서 1종 · 예: 爸爸, 加油",포함
나의 문화유산 답사기 2 : 산은 강을 넘지 못하고,유흥준,기타,,발표 시기 미상,https://library.ltikorea.or.kr/translatedbooks/2729,,번역서 1종 · 예: 私の 文化遺産踏査記 2 : 山は 川を 越えられず,포함
석유가 뚝！이 세상에 석유가 없다면？,신정민,기타,,발표 시기 미상,https://library.ltikorea.or.kr/translatedbooks/7500,,번역서 1종 · 예: 石油，不見了啦！ : 如果這世界上沒有石油的話？,포함
이 세상에 식량이 사라진다면? 햄버거가 뚝!,신정민,기타,,발표 시기 미상,https://library.ltikorea.or.kr/translatedbooks/7499,,번역서 1종 · 예: 有一天世界上都沒有食物的話？咦~漢堡通通不見了！,포함
호철이 안경은 이상해,조성자,기타,,발표 시기 미상,https://library.ltikorea.or.kr/translatedbooks/7504,,번역서 1종 · 예: 浩哲的魔力眼镜,포함
낙타 할아버지는 어디로 갔을까,이철환,기타,,발표 시기 미상,https://library.ltikorea.or.kr/translatedbooks/7503,,번역서 1종 · 예: 罗锅爷爷去了哪里,포함
나의 문화유산 답사기 3 : 말할 수 없는 것과의 대화,유흥준,기타,,발표 시기 미상,https://library.ltikorea.or.kr/translatedbooks/2730,,번역서 1종 · 예: 私の 文化遺産沓査記 3 : 語らない ものとの 對話,포함
일기도서관,박효미,기타,,발표 시기 미상,https://library.ltikorea.or.kr/translatedbooks/7497,,번역서 1종 · 예: 日记图书馆,포함
왜 계속해서 써 왔는가 왜 침묵해 왔는가,김석범 외,기타,,발표 시기 미상,https://library.ltikorea.or.kr/translatedbooks/2731,,번역서 1종 · 예: なぜ書きつづけてきたか、なぜ沈黙してきたか : 済州島四・三事件の記憶と文学,포함
"Koreakrieg und Gender / 여성, 전쟁을 넘어 일어서다",이임하,기타,,발표 시기 미상,https://library.ltikorea.or.kr/translatedbooks/1954,,"번역서 1종 · 예: Frauen, erstanden aus dem Krieg: Koreakrieg und Gender",포함
〈朝鮮〉表象の文化誌 : 近代日本と他者をめぐる知の植民地化,나카네 다카유키,기타,,발표 시기 미상,https://library.ltikorea.or.kr/translatedbooks/2732,,번역서 1종 · 예: 〈朝鮮〉表象の文化誌 : 近代日本と他者をめぐる知の植民地化,포함
"36명의 일본인 : 한국, 조선에 대한 시선들",吉野誠,기타,,발표 시기 미상,https://library.ltikorea.or.kr/translatedbooks/2733,,"번역서 1종 · 예: 36人の 日本人 : 韓國, 朝鮮への まなざし",포함
송이의 노란 우산,이철환,기타,,발표 시기 미상,https://library.ltikorea.or.kr/translatedbooks/7502,,번역서 1종 · 예: 松伊的黃雨伞,포함
조선통신사 -일한공통역사교재,일한공통역사교재제작팀,기타,,발표 시기 미상,https://library.ltikorea.or.kr/translatedbooks/2735,,번역서 1종 · 예: 朝鮮通信使 : 日韓共通歷史敎材,포함
답사여행의 길잡이 15. 서울,하미자,기타,,발표 시기 미상,https://library.ltikorea.or.kr/translatedbooks/9519,,번역서 1종 · 예: (a field guide to history) Seoul,포함
우리 옛지도와 그 아름다움,한영우,기타,,발표 시기 미상,https://library.ltikorea.or.kr/translatedbooks/1255,,번역서 1종 · 예: (The) Artistry of Early Korean Cartography,포함
(카이사르에서 칭기즈 칸까지) 위대한 정복자들에게 배우는 성공의 기술,김후,기타,,발표 시기 미상,https://library.ltikorea.or.kr/translatedbooks/1064,,번역서 1종 · 예: Art of success : Learning through great conquerors from Julius Caesar to Genghis Khan,포함
한국 중단편선,황순원 외,단편소설,,발표 시기 미상,https://library.ltikorea.or.kr/translatedbooks/5293,,번역서 1종 · 예: CUENTOS COREANOS,포함
동아시아의 뒷간 = Latrines of the east asia,김광언,기타,,발표 시기 미상,https://library.ltikorea.or.kr/translatedbooks/132,,번역서 1종 · 예: 东亚的厕所,포함
Traditional Korean Society / 한국의 전통 사회 운송 기구,최운식,기타,,발표 시기 미상,https://library.ltikorea.or.kr/translatedbooks/1065,,번역서 1종 · 예: Modes of Transportation,포함
한국음악의 역사와 그 외의 전망,송방송,기타,,발표 시기 미상,https://library.ltikorea.or.kr/translatedbooks/1201,,번역서 1종 · 예: Korean Music : Historical and Other Aspects,포함
ギリジャ哲学からポストモダソまで / 신의 나라 인간 나라,이원복,기타,,발표 시기 미상,https://library.ltikorea.or.kr/translatedbooks/2677,,번역서 1종 · 예: 世界の哲学,포함
한국현대단편선,김동인,단편소설,,발표 시기 미상,https://library.ltikorea.or.kr/translatedbooks/414590,,번역서 1종 · 예: Modern Korean short stories,포함
아틀라스 한국사,김성환,기타,,발표 시기 미상,https://library.ltikorea.or.kr/translatedbooks/1246,,번역서 1종 · 예: Atlas of Korean History,포함
성학집요,이이,기타,,발표 시기 미상,https://library.ltikorea.or.kr/translatedbooks/1705,,번역서 1종 · 예: Anthologie de la sagesse extrême-orientale,포함
한국역사,한국역사연구회,기타,,발표 시기 미상,https://library.ltikorea.or.kr/translatedbooks/1248,,번역서 1종 · 예: A history of Korea : Korea historical research association,포함
나의 문화유산 답사기 1 : 남도답사 일번지,유흥준,기타,,발표 시기 미상,https://library.ltikorea.or.kr/translatedbooks/2728,,번역서 1종 · 예: 私の 文化遺産沓査記 1 : 南道踏査一番地,포함
독립정신,이승만,기타,,발표 시기 미상,https://library.ltikorea.or.kr/translatedbooks/1251,,번역서 1종 · 예: The Spirit of Independence : A primer of Korean Modernization and Reform,포함
완역 삼국유사,일연,기타,,발표 시기 미상,https://library.ltikorea.or.kr/translatedbooks/2724,,번역서 1종 · 예: 完訳三国遺事,포함
시장,정승모,기타,,발표 시기 미상,https://library.ltikorea.or.kr/translatedbooks/1066,,번역서 1종 · 예: Markets : Traditional Korean Society,포함
입문 한국의 역사,국사편찬위원회,기타,,발표 시기 미상,https://library.ltikorea.or.kr/translatedbooks/2725,,번역서 1종 · 예: : 入門 韓國の 歷史 : 国定韓国中学校国史教科書,포함
현대한국단편소설선,김동인,단편소설,,발표 시기 미상,https://library.ltikorea.or.kr/translatedbooks/501,,번역서 1종 · 예: Modern Korean short stories,포함
한국의 민주화,Kim,기타,,발표 시기 미상,https://library.ltikorea.or.kr/translatedbooks/1082,,번역서 1종 · 예: Korea's democratization,포함
우리 옛 여인들의 멋과 지혜,이성미,기타,,발표 시기 미상,https://library.ltikorea.or.kr/translatedbooks/1211,,"번역서 2종 · 예: Fragrance, Elegance, and Virtue : Korean Women in Traditional Arts and Humanities",포함
한국영화사,이영일,기타,,발표 시기 미상,https://library.ltikorea.or.kr/translatedbooks/1207,,번역서 1종 · 예: The History of Korean Cinema,포함
"exposition, OPA, the visible speech sounds, annotated translation, future applicability. 훈민정음",작자 미상[Unknowned],기타,,발표 시기 미상,https://library.ltikorea.or.kr/translatedbooks/1228,,번역서 1종 · 예: The Korean Alphabet of 1446,포함
흥부전,정하섭,기타,,발표 시기 미상,https://library.ltikorea.or.kr/translatedbooks/7496,,번역서 1종 · 예: 兴夫传,포함
나는 사진이다,김홍희,기타,,발표 시기 미상,https://library.ltikorea.or.kr/translatedbooks/413768,,"번역서 1종 · 예: My photography, My voice",포함
한국 분단소설선,윤흥길,소설,,발표 시기 미상,https://library.ltikorea.or.kr/translatedbooks/377,,번역서 1종 · 예: 黑暗之魂: 韩国分断小说选,포함
한국의 국제화,Kim,기타,,발표 시기 미상,https://library.ltikorea.or.kr/translatedbooks/1112,,번역서 1종 · 예: Korea's Globalization,포함
홍길동전,정하섭,기타,,발표 시기 미상,https://library.ltikorea.or.kr/translatedbooks/7495,,번역서 1종 · 예: 洪吉童传,포함
토끼전,정하섭,기타,,발표 시기 미상,https://library.ltikorea.or.kr/translatedbooks/7488,,번역서 1종 · 예: 兔子传,포함
이명세,장병원,기타,,발표 시기 미상,https://library.ltikorea.or.kr/translatedbooks/1213,,번역서 1종 · 예: (Korean Films Directors)LEE Myung-Se,포함
한국고전문학,진보청,기타,,발표 시기 미상,https://library.ltikorea.or.kr/translatedbooks/379,,번역서 1종 · 예: 韩国古典文学精华,포함
나의 詩에게,김남조,시,,발표 시기 미상,https://library.ltikorea.or.kr/translatedbooks/7489,,번역서 1종 · 예: 致我的詩,포함
Bibimtoon,홍승우,기타,,발표 시기 미상,https://library.ltikorea.or.kr/translatedbooks/2065,,번역서 1종 · 예: Bibimtoon,포함
통합한국어,조영미,기타,,발표 시기 미상,https://library.ltikorea.or.kr/translatedbooks/414653,,"번역서 2종 · 예: (Klear Textbooks In Korean Language) Integrated Korean, Beginning 2",포함
韓国の食,黃慧性,기타,,발표 시기 미상,https://library.ltikorea.or.kr/translatedbooks/2696,,번역서 1종 · 예: 韓国の食,포함
韓國が 死んでも 日本に 追いつけない 18の 理由,모모세 다다시,기타,,발표 시기 미상,https://library.ltikorea.or.kr/translatedbooks/2687,,번역서 1종 · 예: 韓國が 死んでも 日本に 追いつけない 18の 理由,포함
콘테이너 터미널의 생산 효율성,송동욱,기타,,발표 시기 미상,https://library.ltikorea.or.kr/translatedbooks/1083,,번역서 1종 · 예: (The) Productive Efficiency of Container Terminals: An application to Korea and the UK,포함
노송당 일본행록,송희경,기타,,발표 시기 미상,https://library.ltikorea.or.kr/translatedbooks/1951,,번역서 1종 · 예: Bericht des Nosongdang über seine Reise nach Japan aus dem Jahre 1420 : Nosongdang-Ilbon-Haengnok,포함
Korea of bygone days,Vay,기타,,발표 시기 미상,https://library.ltikorea.or.kr/translatedbooks/1309,,번역서 1종 · 예: Korea of bygone days,포함
두 개의 한국,Peloso,기타,,발표 시기 미상,https://library.ltikorea.or.kr/translatedbooks/1308,,번역서 1종 · 예: The Two Koreas,포함
한국의 전통문화,이광규,기타,,발표 시기 미상,https://library.ltikorea.or.kr/translatedbooks/1085,,번역서 1종 · 예: Korean Traditional Culture,포함
무소의 뿔처럼 혼자서 가라,공지영,기타,,발표 시기 미상,https://library.ltikorea.or.kr/translatedbooks/7493,,번역서 2종 · 예: 像犀牛独角一样只身前行,포함
외국인을 위한 한국음식 안내,전희정,기타,,발표 시기 미상,https://library.ltikorea.or.kr/translatedbooks/5370,,번역서 1종 · 예: Guía de comida coreana en español,포함
한국의 새로운 경제 전략,권오율,기타,,발표 시기 미상,https://library.ltikorea.or.kr/translatedbooks/1107,,번역서 1종 · 예: Korea's New Economic Strategy in the Globalization Era,포함
재외한국인,이광규,기타,,발표 시기 미상,https://library.ltikorea.or.kr/translatedbooks/1110,,번역서 1종 · 예: Overseas koreans,포함
しっかり身につく韓国語トレーニングブック : 文型と 頻出單語を 同時に 覺える,전성희,기타,,발표 시기 미상,https://library.ltikorea.or.kr/translatedbooks/2713,,번역서 1종 · 예: しっかり身につく韓国語トレーニングブック : 文型と 頻出單語を 同時に 覺える,포함
한국현대소설선,하근찬 외,소설,,발표 시기 미상,https://library.ltikorea.or.kr/translatedbooks/7494,,번역서 1종 · 예: 韩国现代小说选: 通过小说阅读韩国,포함
악,Alford,기타,,발표 시기 미상,https://library.ltikorea.or.kr/translatedbooks/1087,,번역서 1종 · 예: Think no evil: Korean Values in the Age of Globalization,포함
韓国のニッポン逆転戦略 : 隣人に学ぶ再生への近道,강희봉,기타,,발표 시기 미상,https://library.ltikorea.or.kr/translatedbooks/2686,,번역서 1종 · 예: 韓国のニッポン逆転戦略 : 隣人に学ぶ再生への近道,포함
Photo journal of a vanishing Korean culture / 동구 밖 당산나무,오상조,기타,,발표 시기 미상,https://library.ltikorea.or.kr/translatedbooks/1188,,번역서 1종 · 예: (The) Dangsan tree,포함
"跟上室內設計師的腳步, 發現不一樣的家 / (신경옥 스타일)Interior Best",신경옥,기타,,발표 시기 미상,https://library.ltikorea.or.kr/translatedbooks/223,,번역서 1종 · 예: 設計師的家 : 居家空間新槪念,포함
우리 춤,김말복,기타,,발표 시기 미상,https://library.ltikorea.or.kr/translatedbooks/1189,,번역서 1종 · 예: Korean Dance,포함
Korean Mask Dance,조동일,기타,,발표 시기 미상,https://library.ltikorea.or.kr/translatedbooks/1190,,번역서 1종 · 예: Korean Mask Dance,포함
한국의 언어,이익섭,기타,,발표 시기 미상,https://library.ltikorea.or.kr/translatedbooks/5270,,번역서 2종 · 예: Корейский Язык,포함
好きになってはいけない国 : 韓国 J-POP 世代が見た日本,간노 도모코,기타,,발표 시기 미상,https://library.ltikorea.or.kr/translatedbooks/2688,,번역서 1종 · 예: 好きになってはいけない国 : 韓国 J-POP 世代が見た日本,포함
"(国際パネル・ディスカッション) 東アジア農業の構造問題 : 中国 (大陸・台湾), 韓国, 日本, 西欧",食料・農業政策研究センター,기타,,발표 시기 미상,https://library.ltikorea.or.kr/translatedbooks/2689,,"번역서 1종 · 예: (国際パネル・ディスカッション) 東アジア農業の構造問題 : 中国 (大陸・台湾), 韓国, 日本, 西欧",포함
"(Klear Textbooks In Korean Language) Integrated Korean, advanced intermediate 1-2",손호민,기타,,발표 시기 미상,https://library.ltikorea.or.kr/translatedbooks/9952,,"번역서 1종 · 예: (Klear Textbooks In Korean Language) Integrated Korean, advanced intermediate 1-2",포함
Practical Korean,油谷幸利 ;,기타,,발표 시기 미상,https://library.ltikorea.or.kr/translatedbooks/2711,,번역서 1종 · 예: 實用韓國語,포함
(알기 쉽게 풀어 쓴) 훈민정음,韩国国立国语院,기타,,발표 시기 미상,https://library.ltikorea.or.kr/translatedbooks/34,,번역서 1종 · 예: 训民正音,포함
동아시아 비교 방언론,藤井茂利,기타,,발표 시기 미상,https://library.ltikorea.or.kr/translatedbooks/2715,,번역서 1종 · 예: 東アジア比較方言論,포함
일본어와 한국어,大野敏明,기타,,발표 시기 미상,https://library.ltikorea.or.kr/translatedbooks/2709,,번역서 1종 · 예: 日本語と 韓國語,포함
한국영화배우사전,한국 스크린 편집부,기타,,발표 시기 미상,https://library.ltikorea.or.kr/translatedbooks/2703,,번역서 1종 · 예: 韓国映画俳優事典,포함
한국정치의 역사적 기원,진덕규,기타,,발표 시기 미상,https://library.ltikorea.or.kr/translatedbooks/1069,,번역서 1종 · 예: Historical Origins of Korean Politics,포함
CEO경영우언,정광호,기타,,발표 시기 미상,https://library.ltikorea.or.kr/translatedbooks/1164,,번역서 1종 · 예: CEO : Business fables,포함
한국 가면극: 그 역사와 원리,정경욱,기타,,발표 시기 미상,https://library.ltikorea.or.kr/translatedbooks/2702,,번역서 1종 · 예: 韓國假面劇 : その 歷史と 原理,포함
유교담론의 지형학,이승환,기타,,발표 시기 미상,https://library.ltikorea.or.kr/translatedbooks/1068,,번역서 1종 · 예: A topography of Confucian discourse : politico-philosophical reflections on Confucian discourse since modernity,포함
역사속의 한국 여인,변원림,기타,,발표 시기 미상,https://library.ltikorea.or.kr/translatedbooks/1075,,번역서 1종 · 예: (The)Lives of Korean Women in History,포함
토지: 1부 1권,박경리,기타,,발표 시기 미상,https://library.ltikorea.or.kr/translatedbooks/366,,번역서 1종 · 예: 土地: 第1部 第1卷,포함
한국어 첫걸음,엄기주,기타,,발표 시기 미상,https://library.ltikorea.or.kr/translatedbooks/2714,,번역서 1종 · 예: 韓國語の 初步,포함
배반당한 한국민족주의,서중석,기타,,발표 시기 미상,https://library.ltikorea.or.kr/translatedbooks/1059,,번역서 1종 · 예: Korean nationalism betrayed,포함
ソンビとサムライ : 韓国人外交官が見たニッポンの姿,박승무,기타,,발표 시기 미상,https://library.ltikorea.or.kr/translatedbooks/2683,,번역서 1종 · 예: ソンビとサムライ : 韓国人外交官が見たニッポンの姿,포함
불교미술,아키야마 테루카즈 외,기타,,발표 시기 미상,https://library.ltikorea.or.kr/translatedbooks/1680,,번역서 1종 · 예: L'Art bouddhique,포함
만불의 산,윤경렬,기타,,발표 시기 미상,https://library.ltikorea.or.kr/translatedbooks/1683,,"번역서 1종 · 예: La montagne des dix mille bouddhas : Gyeongju, Namsan, un site de l'art bouddhique coréen du VIe au Xe siècle",포함
Taekwondo : L'esprit de la coree,김 에드워드 H.,기타,,발표 시기 미상,https://library.ltikorea.or.kr/translatedbooks/1678,,번역서 1종 · 예: Taekwondo : L'esprit de la coree,포함
대법원 영문판례집,법원도서관,기타,,발표 시기 미상,https://library.ltikorea.or.kr/translatedbooks/413442,,번역서 1종 · 예: Supreme Court Decisions Vol.1,포함
멸치,김주영,기타,,발표 시기 미상,https://library.ltikorea.or.kr/translatedbooks/7482,,번역서 1종 · 예: 鳀鱼,포함
ゼロから始める韓国語 : 文法中心,早川嘉春,기타,,발표 시기 미상,https://library.ltikorea.or.kr/translatedbooks/2717,,번역서 1종 · 예: ゼロから始める韓国語 : 文法中心,포함
수채화 겨울연가의 풍경을 표현하다,金在烈 [Translator] ;,기타,,발표 시기 미상,https://library.ltikorea.or.kr/translatedbooks/2706,,번역서 1종 · 예: 水彩畵 冬 の ソナタの 風景を 描く : ロ ケ 地の 美しい 風景,포함
한국의 신화,황패강,소설,,발표 시기 미상,https://library.ltikorea.or.kr/translatedbooks/1078,,번역서 2종 · 예: Korean Myths and Folk Legends,포함
남한과 북한,김경동,기타,,발표 시기 미상,https://library.ltikorea.or.kr/translatedbooks/1124,,번역서 1종 · 예: The Two Koreas : Social Change and National Intergration,포함
"Taekwondo : traditions, philosophie et culture",이경명,기타,,발표 시기 미상,https://library.ltikorea.or.kr/translatedbooks/1679,,"번역서 1종 · 예: Taekwondo : traditions, philosophie et culture",포함
세계화와 한국의 해외 투자,김영찬,기타,,발표 시기 미상,https://library.ltikorea.or.kr/translatedbooks/1123,,번역서 1종 · 예: Globalisation and Korean foreign investment,포함
가시고기,조창인,기타,,발표 시기 미상,https://library.ltikorea.or.kr/translatedbooks/7484,,번역서 3종 · 예: 刺鱼,포함
서울에 댄스홀을 허하라,김진송,기타,,발표 시기 미상,https://library.ltikorea.or.kr/translatedbooks/2682,,번역서 1종 · 예: ソウルにダンスホールを : 1930年代朝鮮の文化,포함
아시아와 공산주의의 쇠퇴,Kim,기타,,발표 시기 미상,https://library.ltikorea.or.kr/translatedbooks/1080,,번역서 1종 · 예: Asia and the decline of communism,포함
조선 최초의 모더니스트 정지용,길천지,기타,,발표 시기 미상,https://library.ltikorea.or.kr/translatedbooks/2684,,번역서 1종 · 예: 朝鮮最初のモダニスト 鄭芝溶,포함
It's hard to say : Buddhist Stories Told by Seon Master Daehaeng,대행,단편소설,,발표 시기 미상,https://library.ltikorea.or.kr/translatedbooks/1047,,번역서 1종 · 예: It's hard to say : Buddhist Stories Told by Seon Master Daehaeng,포함
일체를 용광로에 넣어라,대행,기타,,발표 시기 미상,https://library.ltikorea.or.kr/translatedbooks/1046,,번역서 1종 · 예: (The) furnace within yourself,포함
이 뭐꼬,성철,기타,,발표 시기 미상,https://library.ltikorea.or.kr/translatedbooks/1052,,번역서 1종 · 예: Opening the Eye,포함
韓國の 企業社會と 勞使關係 : 勞使關係に おける デュアリズムの 深化,박창명,기타,,발표 시기 미상,https://library.ltikorea.or.kr/translatedbooks/2690,,번역서 1종 · 예: 韓國の 企業社會と 勞使關係 : 勞使關係に おける デュアリズムの 深化,포함
韓日戦争勃発!? : 韓国けったい本の世界,노히라 슌스이,기타,,발표 시기 미상,https://library.ltikorea.or.kr/translatedbooks/2676,,번역서 1종 · 예: 韓日戦争勃発!? : 韓国けったい本の世界,포함
우리 고담,미확인,동화,,발표 시기 미상,https://library.ltikorea.or.kr/translatedbooks/413394,,번역서 1종 · 예: Folk tales from Korea,포함
(조선 상류 주택의) 내부 공간과 가구,최상헌,기타,,발표 시기 미상,https://library.ltikorea.or.kr/translatedbooks/1181,,번역서 1종 · 예: Interior Spacce and Furniture of Joseon Upper-lass Houses,포함
상처,고야성 [Author],기타,,발표 시기 미상,https://library.ltikorea.or.kr/translatedbooks/2012,,번역서 1종 · 예: Scar,포함
백자/분청사기,김재열,기타,,발표 시기 미상,https://library.ltikorea.or.kr/translatedbooks/2010,,번역서 1종 · 예: Handbuch der koreanischen kunst : weißes porzellan und punchong-keramik,포함
굿,김수남,기타,,발표 시기 미상,https://library.ltikorea.or.kr/translatedbooks/1043,,"번역서 1종 · 예: Gut, Korean shamanic ritual : songs calling spirits",포함
"건축, 사유의 기호: 승효상이 만난 20세기 불멸의 건축들",승효상,기타,,발표 시기 미상,https://library.ltikorea.or.kr/translatedbooks/2008,,번역서 1종 · 예: Bauen als Zeichen des Denkens : Seung Hyo-Sang über Klassiker der Architektur des zwanzigsten Jahrhunderts,포함
화엄일승법계도,의상대사,기타,,발표 시기 미상,https://library.ltikorea.or.kr/translatedbooks/458,,번역서 1종 · 예: Mapa říše skutečnosti dle Avatamsaka sútry,포함
한국의 무불습합,김현기,기타,,발표 시기 미상,https://library.ltikorea.or.kr/translatedbooks/1053,,번역서 1종 · 예: Syncretism of Buddhism and Shamanism in Korea,포함
책 만들며 놀자,郭桂炫,기타,,발표 시기 미상,https://library.ltikorea.or.kr/translatedbooks/343,,번역서 1종 · 예: 一起做書來玩吧！,포함
불교,최준식,기타,,발표 시기 미상,https://library.ltikorea.or.kr/translatedbooks/1051,,번역서 1종 · 예: Buddhism : Religion in Korea,포함
토기/청자,최건 외,기타,,발표 시기 미상,https://library.ltikorea.or.kr/translatedbooks/2009,,번역서 1종 · 예: Handbuch der koreanischen kunst : steinzeug und seladon,포함
(Handbook of Korean art)folk painting,윤열수,기타,,발표 시기 미상,https://library.ltikorea.or.kr/translatedbooks/1184,,번역서 1종 · 예: (Handbook of Korean art)folk painting,포함
원효의 불교 해석의 철학적 기초,김종인,기타,,발표 시기 미상,https://library.ltikorea.or.kr/translatedbooks/1058,,번역서 1종 · 예: Philosophical Contexts for Wonhyo's Interpretation of Buddhism,포함
暮らしから歴史まで厳選500キーワード. / 한국을 아는 사전,김용권,기타,,발표 시기 미상,https://library.ltikorea.or.kr/translatedbooks/2675,,번역서 1종 · 예: 早わかり韓国を知る事典,포함
소반: 한국의 전통 공예,배만실,기타,,발표 시기 미상,https://library.ltikorea.or.kr/translatedbooks/1183,,번역서 1종 · 예: Dining Tables: Korean Traditional Handicrafts,포함
(한국의 전통공예) 도기,나선화,기타,,발표 시기 미상,https://library.ltikorea.or.kr/translatedbooks/1182,,번역서 1종 · 예: Pottery : Korean Traditional Handicrafts,포함
마음은 보이지 않는 행복의 창고,대행,기타,,발표 시기 미상,https://library.ltikorea.or.kr/translatedbooks/1045,,"번역서 1종 · 예: Mind, Treasure House of Happiness",포함
Ragnarök 4. 4,Lee Myung-Jin [Author].,기타,,발표 시기 미상,https://library.ltikorea.or.kr/translatedbooks/2043,,번역서 1종 · 예: Ragnarök 4. 4,포함
직지,경한,기타,,발표 시기 미상,https://library.ltikorea.or.kr/translatedbooks/1934,,번역서 1종 · 예: Jikji : sammlung des koreanischen seon-buddhismus,포함
1 / 신 구미호 1,한현동 [Author],기타,,발표 시기 미상,https://library.ltikorea.or.kr/translatedbooks/2063,,번역서 1종 · 예: Kumiho: Der fuchs mit den neun schwänzen 1,포함
1 / 스노우 드롭 1,최경아 [Author],기타,,발표 시기 미상,https://library.ltikorea.or.kr/translatedbooks/2061,,번역서 1종 · 예: Snow Drop 1,포함
"옛날 옛적의 이야기: 붉은물, 검은물",Sagisawa Megumu,기타,,발표 시기 미상,https://library.ltikorea.or.kr/translatedbooks/2613,,번역서 1종 · 예: 赤い水黒い水,포함
(한국의 전통과학) 천문학,박창범,기타,,발표 시기 미상,https://library.ltikorea.or.kr/translatedbooks/1168,,번역서 1종 · 예: Astronomy : Traditional Korean Science,포함
전통에서 소비형태까지: 한국 자본주의문화의 건설,Hart,기타,,발표 시기 미상,https://library.ltikorea.or.kr/translatedbooks/1026,,번역서 1종 · 예: From Tradition to Consumption: Construction of a Capitalist Culture in South Korea,포함
한국 근대사와 민족주의,신용하,기타,,발표 시기 미상,https://library.ltikorea.or.kr/translatedbooks/1027,,번역서 1종 · 예: Modern Korean History and Nationalism,포함
동경대전,작자 미상,기타,,발표 시기 미상,https://library.ltikorea.or.kr/translatedbooks/1340,,번역서 1종 · 예: CHONDOGYO SCRIPTURE,포함
Island 2. 2,윤인완,기타,,발표 시기 미상,https://library.ltikorea.or.kr/translatedbooks/2025,,번역서 1종 · 예: Island 2. 2,포함
Island 3. 3,윤인완,기타,,발표 시기 미상,https://library.ltikorea.or.kr/translatedbooks/2026,,번역서 1종 · 예: Island 3. 3,포함
우리 옛그림의 아름다움: 전통회화의 감상과 흐름,이동주,기타,,발표 시기 미상,https://library.ltikorea.or.kr/translatedbooks/1343,,번역서 1종 · 예: The beauty of old Korean paintings : a history and an appreciation,포함
日本外交官、韓国奮闘記,미치가미 히사시,기타,,발표 시기 미상,https://library.ltikorea.or.kr/translatedbooks/2691,,번역서 1종 · 예: 日本外交官、韓国奮闘記,포함
1 / 비비 1,최경아 [Author],기타,,발표 시기 미상,https://library.ltikorea.or.kr/translatedbooks/2060,,번역서 1종 · 예: Bibi 1,포함
1 / 소녀교육헌장 1,임주연 [Author],기타,,발표 시기 미상,https://library.ltikorea.or.kr/translatedbooks/2059,,번역서 1종 · 예: Ami: Queen of Hearts 1,포함
Island 4. 4,윤인완,기타,,발표 시기 미상,https://library.ltikorea.or.kr/translatedbooks/2027,,번역서 1종 · 예: Island 4. 4,포함
1 / = 마왕일기 1,이지형,기타,,발표 시기 미상,https://library.ltikorea.or.kr/translatedbooks/2058,,번역서 1종 · 예: Demon Diary 1,포함
Island 5. 5,윤인완,기타,,발표 시기 미상,https://library.ltikorea.or.kr/translatedbooks/2028,,번역서 1종 · 예: Island 5. 5,포함
한국에서의 전쟁. 50년 후의 관점. 모스크바 국제학술대회 자료집,이형근,기타,,발표 시기 미상,https://library.ltikorea.or.kr/translatedbooks/5267,,번역서 1종 · 예: Война в Корее 1959-1953. Взгляд через 50 лет. : Материалы научно-теоретической конференции.,포함
1 / 요동의 뱀파이어,이유정 [Author],기타,,발표 시기 미상,https://library.ltikorea.or.kr/translatedbooks/2057,,번역서 1종 · 예: Yodongs Vmpirin: Das erste Opfer,포함
K2 2 : Kill me Kiss me. 2,Lee Young You [Author].,기타,,발표 시기 미상,https://library.ltikorea.or.kr/translatedbooks/2056,,번역서 1종 · 예: K2 2 : Kill me Kiss me. 2,포함
Island 6. 6,윤인완,기타,,발표 시기 미상,https://library.ltikorea.or.kr/translatedbooks/2029,,번역서 1종 · 예: Island 6. 6,포함
K2 1 : Kill me Kiss me. 1,Lee Young You [Author].,기타,,발표 시기 미상,https://library.ltikorea.or.kr/translatedbooks/2055,,번역서 1종 · 예: K2 1 : Kill me Kiss me. 1,포함
Spring: 봄봄 1. 1,이영유 [Author],기타,,발표 시기 미상,https://library.ltikorea.or.kr/translatedbooks/2054,,번역서 1종 · 예: Spring: 봄봄 1. 1,포함
1 / 체크 1,이소영 [Author],기타,,발표 시기 미상,https://library.ltikorea.or.kr/translatedbooks/2053,,번역서 1종 · 예: Check 1,포함
21세기에 남북한은 어떤 길을 걷게 될 것인가,김학준,기타,,발표 시기 미상,https://library.ltikorea.or.kr/translatedbooks/1025,,"번역서 1종 · 예: Whither Path for the Two Koreans in the 21st Century : War, Peace or Unification?",포함
Priest 1. 1,Min-Woo Hyung [Author],기타,,발표 시기 미상,https://library.ltikorea.or.kr/translatedbooks/2064,,번역서 1종 · 예: Priest 1. 1,포함
한국문제와 국제정치,유병용,기타,,발표 시기 미상,https://library.ltikorea.or.kr/translatedbooks/1151,,"번역서 1종 · 예: Korea In International Politics: 1945-1954 : Britain, the Korean War, and the Geneva Conference",포함
시튼 동물기,시튼,기타,,발표 시기 미상,https://library.ltikorea.or.kr/translatedbooks/25,,번역서 1종 · 예: 西顿动物记,포함
어머니의 선물,장복순,기타,,발표 시기 미상,https://library.ltikorea.or.kr/translatedbooks/2531,,번역서 1종 · 예: オモニの 贈り物,포함
性格说明书：职场和恋爱中的性格秘密,이충헌,기타,,발표 시기 미상,https://library.ltikorea.or.kr/translatedbooks/204,,번역서 1종 · 예: 性格说明书：职场和恋爱中的性格秘密,포함
계절의 연인,김령,기타,,발표 시기 미상,https://library.ltikorea.or.kr/translatedbooks/2532,,번역서 1종 · 예: 季節の恋人,포함
1 / 유리 달 아래서 1,고야성 [Author],기타,,발표 시기 미상,https://library.ltikorea.or.kr/translatedbooks/2013,,번역서 1종 · 예: Under the Glassmoon,포함
Redrum 327 1. 1,고야성 [Author],기타,,발표 시기 미상,https://library.ltikorea.or.kr/translatedbooks/2014,,번역서 1종 · 예: Redrum 327 1. 1,포함
1 / 비스킷 1,계승희 [Author],기타,,발표 시기 미상,https://library.ltikorea.or.kr/translatedbooks/2015,,번역서 1종 · 예: Biscuit 1,포함
2 / 비스킷 2,계승희 [Author],기타,,발표 시기 미상,https://library.ltikorea.or.kr/translatedbooks/2016,,번역서 1종 · 예: Biscuit 2,포함
妖婦伝 / = Femme fatale,이명옥,기타,,발표 시기 미상,https://library.ltikorea.or.kr/translatedbooks/2699,,번역서 1종 · 예: ファム・ファタル,포함
3 / 비스킷 3,계승희 [Author],기타,,발표 시기 미상,https://library.ltikorea.or.kr/translatedbooks/2017,,번역서 2종 · 예: Biscuit 3,포함
4 / 비스킷 4,계승희 [Author],기타,,발표 시기 미상,https://library.ltikorea.or.kr/translatedbooks/2018,,번역서 1종 · 예: Biscuit 4,포함
1 / 여왕의 기사 1,김강원 [Author],기타,,발표 시기 미상,https://library.ltikorea.or.kr/translatedbooks/2019,,번역서 1종 · 예: Ritter der Königin 1,포함
1 / 러브 바이러스 1,류량 [Author],기타,,발표 시기 미상,https://library.ltikorea.or.kr/translatedbooks/2020,,번역서 1종 · 예: Love Virus 1,포함
1 / 타로카페 1,박상선 [Author].,기타,,발표 시기 미상,https://library.ltikorea.or.kr/translatedbooks/2021,,번역서 1종 · 예: Das Tarot Café,포함
2 / 타로카페 2,박상선 [Author].,기타,,발표 시기 미상,https://library.ltikorea.or.kr/translatedbooks/2022,,번역서 1종 · 예: Das Tarot Café,포함
불조 직지심체요절,조은수,기타,,발표 시기 미상,https://library.ltikorea.or.kr/translatedbooks/414372,,번역서 1종 · 예: (The) Essential Passages Directly Pointiong at the Essence of the Mind,포함
두 개의 한국과 미국,동원모,기타,,발표 시기 미상,https://library.ltikorea.or.kr/translatedbooks/1146,,"번역서 1종 · 예: The Two Koreas and the United States : issues of peace, security, and economic cooperation",포함
한국 샤머니즘 문화,천신용,기타,,발표 시기 미상,https://library.ltikorea.or.kr/translatedbooks/1948,,번역서 1종 · 예: Kultur des koreanischen schamanismus,포함
우리가 정말 알아야할 우리 한옥,신영훈,기타,,발표 시기 미상,https://library.ltikorea.or.kr/translatedbooks/2697,,번역서 1종 · 예: 韓國の民家,포함
불경 다르마 선집,종밀,기타,,발표 시기 미상,https://library.ltikorea.or.kr/translatedbooks/1944,,번역서 1종 · 예: Dharma Sammlung,포함
선가귀감,서산대사,기타,,발표 시기 미상,https://library.ltikorea.or.kr/translatedbooks/455,,번역서 1종 · 예: Zrcadlo zenu,포함
植物王国的生存故事 / 꽃의 제국,강혜순,기타,,발표 시기 미상,https://library.ltikorea.or.kr/translatedbooks/106,,번역서 1종 · 예: 花的 智慧,포함
I wish 1. 1,서현주 [Author],기타,,발표 시기 미상,https://library.ltikorea.or.kr/translatedbooks/2023,,번역서 1종 · 예: I wish 1. 1,포함
Island 1. 1,윤인완,기타,,발표 시기 미상,https://library.ltikorea.or.kr/translatedbooks/2024,,번역서 1종 · 예: Island 1. 1,포함
The Legend of the Sword 1. 1,여법룡,기타,,발표 시기 미상,https://library.ltikorea.or.kr/translatedbooks/2030,,번역서 1종 · 예: The Legend of the Sword 1. 1,포함
머물며 흘러가며,구산 스님,기타,,발표 시기 미상,https://library.ltikorea.or.kr/translatedbooks/1668,,번역서 1종 · 예: LA VOIE DU ZEN CORÉEN,포함
Ragnarök 1. 1,Lee Myung-Jin [Author].,기타,,발표 시기 미상,https://library.ltikorea.or.kr/translatedbooks/2040,,번역서 1종 · 예: Ragnarök 1. 1,포함
1 / 아르카나 1,이소영 [Author],기타,,발표 시기 미상,https://library.ltikorea.or.kr/translatedbooks/2052,,번역서 1종 · 예: Arcana 1,포함
Ragnarök 5. 5,Lee Myung-Jin [Author].,기타,,발표 시기 미상,https://library.ltikorea.or.kr/translatedbooks/2044,,번역서 1종 · 예: Ragnarök 5. 5,포함
Model 2. 2,Lee So-Young [Author],기타,,발표 시기 미상,https://library.ltikorea.or.kr/translatedbooks/2051,,번역서 1종 · 예: Model 2. 2,포함
"A Study of Korean Architecture / 한국의 지붕, 선",임석재,기타,,발표 시기 미상,https://library.ltikorea.or.kr/translatedbooks/1174,,번역서 1종 · 예: Roofs and Lines,포함
Model 1. 1,Lee So-Young [Author],기타,,발표 시기 미상,https://library.ltikorea.or.kr/translatedbooks/2050,,번역서 1종 · 예: Model 1. 1,포함
1 / 크레이지 러브 스토리 1,이빈 [Author],기타,,발표 시기 미상,https://library.ltikorea.or.kr/translatedbooks/2049,,번역서 1종 · 예: Crazy Love Story 1,포함
Ragnarök 9. 9,Lee Myung-Jin [Author].,기타,,발표 시기 미상,https://library.ltikorea.or.kr/translatedbooks/2048,,번역서 1종 · 예: Ragnarök 9. 9,포함
한국연구도서목록,한국학중앙연구원,기타,,발표 시기 미상,https://library.ltikorea.or.kr/translatedbooks/1033,,번역서 1종 · 예: (Selected Bibliography of) Korean Studies,포함
풍류도와 한국의 종교사상,유동식,기타,,발표 시기 미상,https://library.ltikorea.or.kr/translatedbooks/5366,,번역서 1종 · 예: (El)pungniudo y el pensamiento religioso de Corea,포함
"한국의 창,문",임석재,기타,,발표 시기 미상,https://library.ltikorea.or.kr/translatedbooks/1175,,번역서 1종 · 예: Windows and Doors : A study of Korean Architecture,포함
"西鄉隆盛, 福沢諭吉から現代まで / 한국・조선과 마주한 36명의 일본인",다테노 아키라,기타,,발표 시기 미상,https://library.ltikorea.or.kr/translatedbooks/2692,,번역서 1종 · 예: 韓国・朝鮮と向き合った36人の日本人,포함
Ragnarök 8. 8,Lee Myung-Jin [Author].,기타,,발표 시기 미상,https://library.ltikorea.or.kr/translatedbooks/2047,,번역서 1종 · 예: Ragnarök 8. 8,포함
"한국의 돌, 담, 길",임석재,기타,,발표 시기 미상,https://library.ltikorea.or.kr/translatedbooks/1176,,"번역서 1종 · 예: Stone, Walls and Paths : A Study of Korean Architecture",포함
Ragnarök 7. 7,Lee Myung-Jin [Author].,기타,,발표 시기 미상,https://library.ltikorea.or.kr/translatedbooks/2046,,번역서 1종 · 예: Ragnarök 7. 7,포함
한국의 전통 공간,임석재,기타,,발표 시기 미상,https://library.ltikorea.or.kr/translatedbooks/1177,,번역서 1종 · 예: (The) Traditional Space : A study of Korean architecture,포함
"A Study of Korean Architecture/ 한국의 꽃살, 기둥, 누각",임석재,기타,,발표 시기 미상,https://library.ltikorea.or.kr/translatedbooks/1178,,"번역서 1종 · 예: Floral Lattices, columns and pavilions",포함
Ragnarök 6. 6,Lee Myung-Jin [Author].,기타,,발표 시기 미상,https://library.ltikorea.or.kr/translatedbooks/2045,,번역서 1종 · 예: Ragnarök 6. 6,포함
Rebirth 8. 8,이강우 [Author].,기타,,발표 시기 미상,https://library.ltikorea.or.kr/translatedbooks/2039,,번역서 1종 · 예: Rebirth 8. 8,포함
Rebirth 7. 7,이강우 [Author].,기타,,발표 시기 미상,https://library.ltikorea.or.kr/translatedbooks/2038,,번역서 1종 · 예: Rebirth 7. 7,포함
The Legend of the Sword 2. 2,여법룡,기타,,발표 시기 미상,https://library.ltikorea.or.kr/translatedbooks/2031,,번역서 1종 · 예: The Legend of the Sword 2. 2,포함
Intangible Cultural Properties and Living National Treasures / 한국의 문화재보호정책,양종승,기타,,발표 시기 미상,https://library.ltikorea.or.kr/translatedbooks/1028,,번역서 1종 · 예: Cultural Protection Policy in Korea,포함
한국이라는 거울 : 통일에 관한 현실적 맥락,송두율,기타,,발표 시기 미상,https://library.ltikorea.or.kr/translatedbooks/2005,,번역서 1종 · 예: Korea-Kaleidoskop : Aktuelle Kontexte zur Wiedervereinigung,포함
한국 고등교육에 영향을 끼친 역사적 요소,이정규,기타,,발표 시기 미상,https://library.ltikorea.or.kr/translatedbooks/1030,,번역서 1종 · 예: Historic factors Influencing Korean Higher Education,포함
월인석보 월인천강지곡,Se čoñ,기타,,발표 시기 미상,https://library.ltikorea.or.kr/translatedbooks/1669,,번역서 1종 · 예: (Le)chant de la lune se reflétant dans mille fleuves,포함
"장마, 몰매, 기억 속의 들꽃",윤흥길,기타,,발표 시기 미상,https://library.ltikorea.or.kr/translatedbooks/5338,,번역서 1종 · 예: Lluvias,포함
Rebirth 2. 2,이강우 [Author].,기타,,발표 시기 미상,https://library.ltikorea.or.kr/translatedbooks/2033,,번역서 1종 · 예: Rebirth 2. 2,포함
Rebirth 3. 3,이강우 [Author].,기타,,발표 시기 미상,https://library.ltikorea.or.kr/translatedbooks/2034,,번역서 1종 · 예: Rebirth 3. 3,포함
Rebirth 4. 4,이강우 [Author].,기타,,발표 시기 미상,https://library.ltikorea.or.kr/translatedbooks/2035,,번역서 1종 · 예: Rebirth 4. 4,포함
Rebirth 5. 5,이강우 [Author].,기타,,발표 시기 미상,https://library.ltikorea.or.kr/translatedbooks/2036,,번역서 1종 · 예: Rebirth 5. 5,포함
한국의 광고,신인섭,기타,,발표 시기 미상,https://library.ltikorea.or.kr/translatedbooks/1165,,번역서 1종 · 예: Advertising in Korea,포함
Rebirth 6. 6,이강우 [Author].,기타,,발표 시기 미상,https://library.ltikorea.or.kr/translatedbooks/2037,,번역서 1종 · 예: Rebirth 6. 6,포함
Representations of international adoption and adopted koreans in korean popular culture / 한국의 해외입양에 대한 이해,Hübinette,기타,,발표 시기 미상,https://library.ltikorea.or.kr/translatedbooks/1166,,번역서 1종 · 예: Comforting an orphaned nation,포함
한국의 가족과 친족,이광규,기타,,발표 시기 미상,https://library.ltikorea.or.kr/translatedbooks/1029,,번역서 1종 · 예: Korean Family and Kinship,포함
Rebirth 1. 1,이강우 [Author].,기타,,발표 시기 미상,https://library.ltikorea.or.kr/translatedbooks/2032,,번역서 1종 · 예: Rebirth 1. 1,포함
심심해서 그랬어,윤구병,기타,,발표 시기 미상,https://library.ltikorea.or.kr/translatedbooks/834,,번역서 1종 · 예: Beacause I was bored,포함
韓国古典文学全集. 第1卷,작자 미상,기타,,발표 시기 미상,https://library.ltikorea.or.kr/translatedbooks/2195,,번역서 1종 · 예: 韓国古典文学全集. 第1卷,포함
한국현대중단편선,황석영,기타,,발표 시기 미상,https://library.ltikorea.or.kr/translatedbooks/5098,,번역서 2종 · 예: Солонгосын шилдэг зохиолын дээжис,포함
현대한국문학사,High College of Korean Studies,기타,,발표 시기 미상,https://library.ltikorea.or.kr/translatedbooks/5250,,번역서 1종 · 예: Современная литература Корей,포함
한국 고대 90 산문선,김일연,기타,,발표 시기 미상,https://library.ltikorea.or.kr/translatedbooks/413429,,번역서 1종 · 예: ИСТОРИЯ ЦВЕТОВ : Корейская классическая проза,포함
만세전,염상섭,기타,,발표 시기 미상,https://library.ltikorea.or.kr/translatedbooks/7412,,번역서 2종 · 예: Могила : Повесть,포함
조태일 시집: 국토 외,조태일,시,,발표 시기 미상,https://library.ltikorea.or.kr/translatedbooks/413437,,번역서 1종 · 예: 國土 趙泰一詩集,포함
김지하 작품집 1,김지하,기타,,발표 시기 미상,https://library.ltikorea.or.kr/translatedbooks/413438,,번역서 1종 · 예: 金芝河作品集 1,포함
송강가사전집: 외로운 학,정철,기타,,발표 시기 미상,https://library.ltikorea.or.kr/translatedbooks/5278,,번역서 1종 · 예: Одинокий журавль,포함
18-19세기 중세소설(I) - 춘향전,김현택,소설,,발표 시기 미상,https://library.ltikorea.or.kr/translatedbooks/5277,,번역서 1종 · 예: Верная Чхунхян : Корейские повести XIX в. Том 1.,포함
패설문학선집,작자 미상,기타,,발표 시기 미상,https://library.ltikorea.or.kr/translatedbooks/5276,,번역서 1종 · 예: Лисий перевал (Lisij pereval),포함
천년의 겨울을 건너온 여자,박서원,기타,,발표 시기 미상,https://library.ltikorea.or.kr/translatedbooks/2518,,번역서 1종 · 예: 千年の冬を渡ってきた女,포함
김지하 작품집 2,김지하,기타,,발표 시기 미상,https://library.ltikorea.or.kr/translatedbooks/413439,,번역서 1종 · 예: 金芝河作品集 2,포함
"인도, 중국, 한국, 베트남, 일본 고전시 (유리왕 외)",세계문학회 번역위원회,기타,,발표 시기 미상,https://library.ltikorea.or.kr/translatedbooks/413426,,"번역서 1종 · 예: Классическая поэзия Индии, Китая, Кореи, Вьетнама, Японии (Юри-Ван и др.)",포함
양심선언,김지하,기타,,발표 시기 미상,https://library.ltikorea.or.kr/translatedbooks/2515,,번역서 1종 · 예: 良心宣言,포함
임장군전(林將君傳),작자 미상,기타,,발표 시기 미상,https://library.ltikorea.or.kr/translatedbooks/413404,,번역서 1종 · 예: Ним чангун Джон : Повесть о полководце,포함
한국의 고전문학,우한용,기타,,발표 시기 미상,https://library.ltikorea.or.kr/translatedbooks/410673,,번역서 1종 · 예: Văn học cổ điển Hàn Quốc,포함
태양과 그 부모에 관한 신화. 한국의 고대 의식,М. И. Никитина,소설,,발표 시기 미상,https://library.ltikorea.or.kr/translatedbooks/5260,,번역서 1종 · 예: Миф о женщине-солнце и ее родителях : и его спутники в ритуальной традиции древней Кореи и соседних стран,포함
서사시선집,서만일,시,,발표 시기 미상,https://library.ltikorea.or.kr/translatedbooks/413409,,번역서 1종 · 예: Стихи и поэмы,포함
16-19세기 한국 시조,작자 미상,시조,,발표 시기 미상,https://library.ltikorea.or.kr/translatedbooks/5266,,번역서 1종 · 예: Корейская поэзия 16-19 вв. в жанре сиджо,포함
적성의전 (권지단),작자 미상,기타,,발표 시기 미상,https://library.ltikorea.or.kr/translatedbooks/5199,,번역서 1종 · 예: Повесть о Чёк Сёные : Чёк Сёный Чён Квонджи тан,포함
평화를 위하여,박문세 외,기타,,발표 시기 미상,https://library.ltikorea.or.kr/translatedbooks/413414,,번역서 1종 · 예: На страже мира : сборник стихов корейских поэтов 1951-1953,포함
개벽. 북한현대문학선,한설야 외,기타,,발표 시기 미상,https://library.ltikorea.or.kr/translatedbooks/413418,,번역서 1종 · 예: Рождение мира. Рассказы,포함
황지우 시선: 나는 너다,황지우,기타,,발표 시기 미상,https://library.ltikorea.or.kr/translatedbooks/5100,,번역서 1종 · 예: БΝ БΟЛ ЧΝ ЮМ,포함
조선 땅에서,김제규 외,기타,,발표 시기 미상,https://library.ltikorea.or.kr/translatedbooks/413420,,번역서 1종 · 예: На корейской земле,포함
귀청을 울리며,김양식,기타,,발표 시기 미상,https://library.ltikorea.or.kr/translatedbooks/2140,,번역서 1종 · 예: The day breaks : O! India,포함
노마만리,김사량,기타,,발표 시기 미상,https://library.ltikorea.or.kr/translatedbooks/2511,,번역서 1종 · 예: 駑馬萬理,중복 제외 (앞 순위 출처에 있음)
청포도 이육사시문집,이육사,시,,발표 시기 미상,https://library.ltikorea.or.kr/translatedbooks/2508,,번역서 1종 · 예: 青ぶどう イユクサ詩文集,포함
밥・활인,김지하,기타,,발표 시기 미상,https://library.ltikorea.or.kr/translatedbooks/2514,,번역서 1종 · 예: 飯・活人,포함
한국전래동화,작가 미상,동화,,발표 시기 미상,https://library.ltikorea.or.kr/translatedbooks/413398,,번역서 1종 · 예: Корейские сказки,포함
별을 노래하는 시인,윤동주,시,,발표 시기 미상,https://library.ltikorea.or.kr/translatedbooks/2507,,번역서 1종 · 예: 星うたう詩人 : 尹東柱の詩と研究,포함
진달래꽃 -김소월시선집,김소월,시,,발표 시기 미상,https://library.ltikorea.or.kr/translatedbooks/5177,,번역서 1종 · 예: Ким Соволь : Лирика,포함
한국현대수필선집,맹난자,수필,,발표 시기 미상,https://library.ltikorea.or.kr/translatedbooks/2594,,번역서 1종 · 예: 韓国現代随筆選集,포함
자유의 눈물,김광림,기타,,발표 시기 미상,https://library.ltikorea.or.kr/translatedbooks/2593,,번역서 1종 · 예: 自由の淚,포함
난중일기 3,이순신,기타,,발표 시기 미상,https://library.ltikorea.or.kr/translatedbooks/2592,,번역서 1종 · 예: 乱中日記 3 : 壬辰倭乱の記錄,포함
난중일기 2,이순신,기타,,발표 시기 미상,https://library.ltikorea.or.kr/translatedbooks/2591,,번역서 1종 · 예: 乱中日記 2 : 壬辰倭乱の記錄,포함
난중일기 1,이순신,기타,,발표 시기 미상,https://library.ltikorea.or.kr/translatedbooks/2590,,번역서 1종 · 예: 乱中日記 1 : 壬辰倭乱の記錄,포함
간양록,강항,기타,,발표 시기 미상,https://library.ltikorea.or.kr/translatedbooks/2589,,번역서 1종 · 예: 看羊錄 : 朝鮮儒子の日本抑留記,포함
터키한국전쟁문학,오은경,기타,,발표 시기 미상,https://library.ltikorea.or.kr/translatedbooks/5419,,번역서 1종 · 예: Türk EdebiyatΙnda Kore SavaşΙ,포함
한국문학단편선,이문열,기타,,발표 시기 미상,https://library.ltikorea.or.kr/translatedbooks/5416,,번역서 1종 · 예: Kore Öyküleri,포함
춘향전,배양수,기타,,발표 시기 미상,https://library.ltikorea.or.kr/translatedbooks/5427,,번역서 2종 · 예: TRUYEN XUAN HUONG,포함
한국단편소설선 2권,이호철,단편소설,,발표 시기 미상,https://library.ltikorea.or.kr/translatedbooks/5171,,번역서 1종 · 예: Сезон дождей : рассказы современных корейских писателей,포함
한국전래동화,안경환,동화,,발표 시기 미상,https://library.ltikorea.or.kr/translatedbooks/5435,,번역서 1종 · 예: Truyen co tich han quoc,포함
무소유,법정,기타,,발표 시기 미상,https://library.ltikorea.or.kr/translatedbooks/2463,,번역서 1종 · 예: 無所有,포함
치마바람: 일본 영주를 노리는 한국의 여성들,오선화,기타,,발표 시기 미상,https://library.ltikorea.or.kr/translatedbooks/2464,,번역서 1종 · 예: スカートの風 : 日本永住を めざす 韓國の 女たち,포함
치마바람 Part 2: 한을 즐기는 사람들,오선화,기타,,발표 시기 미상,https://library.ltikorea.or.kr/translatedbooks/2465,,번역서 1종 · 예: 続スカートの風 : 恨を 樂しむ 人びと,포함
合わせ鏡の 世界 = 치마바람 Part 3 : 일한 = 맞춤 거울의 세계,오선화,기타,,발표 시기 미상,https://library.ltikorea.or.kr/translatedbooks/2466,,번역서 1종 · 예: 新スカ-トの 風 Part 3 : 日韓,포함
한국 현대소설선,이문열,소설,,발표 시기 미상,https://library.ltikorea.or.kr/translatedbooks/5169,,번역서 1종 · 예: Золотая Птица Гаруда,포함
한국 현대 산문선: 혈서 외 6편,이광수,기타,,발표 시기 미상,https://library.ltikorea.or.kr/translatedbooks/5167,,번역서 1종 · 예: избранные кopeйckиe pacckaзbI нoвого времени,포함
"18, 19세기 중세소설 Ⅱ",작자 미상,소설,,발표 시기 미상,https://library.ltikorea.or.kr/translatedbooks/7408,,번역서 1종 · 예: История Фазана : Корейские повести XIX Β. Том 2.,포함
인연: 명작 문학으로 배우는 한국어 시리즈,피천득,기타,,발표 시기 미상,https://library.ltikorea.or.kr/translatedbooks/2596,,번역서 1종 · 예: (対訳) ピ チョンドゥク 隨筆集,포함
지구별 여행자,류시화,기타,,발표 시기 미상,https://library.ltikorea.or.kr/translatedbooks/2609,,번역서 1종 · 예: 地球星の旅人: インドの風に吹かれて,포함
상흔에 핀 꽃,김지하,기타,,발표 시기 미상,https://library.ltikorea.or.kr/translatedbooks/2608,,번역서 1종 · 예: 傷痕に咲いた花,포함
아시아의 물가에서 (한일 시인의 대화),고은,시,,발표 시기 미상,https://library.ltikorea.or.kr/translatedbooks/2606,,번역서 1종 · 예: 「アジア」の渚で 日韓詩人の対話,포함
民話で知る韓国,정현실,기타,,발표 시기 미상,https://library.ltikorea.or.kr/translatedbooks/2604,,번역서 1종 · 예: 民話で知る韓国,포함
열녀성춘향이야기,작자 미상,기타,,발표 시기 미상,https://library.ltikorea.or.kr/translatedbooks/2602,,번역서 1종 · 예: 烈女成春香物語,포함
태평한화 골계전,서거정,기타,,발표 시기 미상,https://library.ltikorea.or.kr/translatedbooks/2764,,번역서 1종 · 예: 太平閑話 滑稽伝,포함
심청전,Unknown [Author] ;,기타,,발표 시기 미상,https://library.ltikorea.or.kr/translatedbooks/410339,,번역서 1종 · 예: Truyện Thấm Thanh,포함
인연,피천득,기타,,발표 시기 미상,https://library.ltikorea.or.kr/translatedbooks/5204,,번역서 1종 · 예: Kaрma : Избранные эссе,포함
고기잡이는 갈대를 꺾지 않는다,김주영,기타,,발표 시기 미상,https://library.ltikorea.or.kr/translatedbooks/5206,,번역서 2종 · 예: Рыбак не ломает камышей,포함
한국 민담 - 설화집,작자 미상,소설,,발표 시기 미상,https://library.ltikorea.or.kr/translatedbooks/5243,,번역서 1종 · 예: Неизвестный авторt Феи с Алмазных гор,포함
한국전래동화,작자 미상,동화,,발표 시기 미상,https://library.ltikorea.or.kr/translatedbooks/5232,,번역서 1종 · 예: Корейские сказки,포함
Корейские народные сказки / 한국동화집,박현섭,동화,,발표 시기 미상,https://library.ltikorea.or.kr/translatedbooks/5230,,번역서 1종 · 예: Волшебная кuсmочка,포함
미스 사이공,이동순,기타,,발표 시기 미상,https://library.ltikorea.or.kr/translatedbooks/410357,,번역서 1종 · 예: Miss Sài Gòn,포함
춘향전,김현택,기타,,발표 시기 미상,https://library.ltikorea.or.kr/translatedbooks/5196,,번역서 1종 · 예: Сказание о Чхунян : Корейский народный эпос,포함
사랑할 시간이 많지 않다,정현종,기타,,발표 시기 미상,https://library.ltikorea.or.kr/translatedbooks/5182,,번역서 1종 · 예: Хён-Жонг Чонг: Так мало времени для любви,포함
사랑의 한국 동화집: 한국아동문학선 5,이주홍,동화,,발표 시기 미상,https://library.ltikorea.or.kr/translatedbooks/2599,,번역서 1종 · 예: 愛の韓国童話集,포함
슬픈 나막신,권정생,기타,,발표 시기 미상,https://library.ltikorea.or.kr/translatedbooks/2598,,번역서 1종 · 예: 悲しい下駄,포함
한국아동문학선: 닭을 봉황이라하여 판 김선달:남북조선옛날집,작자 미상,기타,,발표 시기 미상,https://library.ltikorea.or.kr/translatedbooks/2597,,번역서 1종 · 예: にわとりを鳳凰だといって売ったキムソンダル : 南北朝鮮の昔ばなし集,포함
열녀춘향수절가,작자 미상,기타,,발표 시기 미상,https://library.ltikorea.or.kr/translatedbooks/250,,번역서 1종 · 예: Чүнхянг бүсгүйн домог,포함
되살아나는 그늘,박은호,기타,,발표 시기 미상,https://library.ltikorea.or.kr/translatedbooks/25547,,번역서 1종 · 예: Ожившая тень,포함
장화홍련전: 한국 고대 소설선 (17-19세기),허균 외,소설,,발표 시기 미상,https://library.ltikorea.or.kr/translatedbooks/5159,,번역서 1종 · 예: Роза и Алый Лотос : Корейские повести(XVII-XIX вв.,포함
춘향전: 17-19세기 한국 고대 소설선,Unknown,소설,,발표 시기 미상,https://library.ltikorea.or.kr/translatedbooks/5160,,번역서 1종 · 예: Верная Чхунхян : Корейские классические повести XVII-XIX веков,포함
문학의 귀환,최원식,기타,,발표 시기 미상,https://library.ltikorea.or.kr/translatedbooks/2468,,번역서 1종 · 예: 東アジア 文学空間 の創造,포함
조선의 저항문학,송민호,기타,,발표 시기 미상,https://library.ltikorea.or.kr/translatedbooks/2506,,번역서 1종 · 예: 朝鮮の抵抗文學,포함
朝鮮ユ一モア文学傑作選. 웃음삼천리 한국해학걸작선,박흥민 외,기타,,발표 시기 미상,https://library.ltikorea.or.kr/translatedbooks/2505,,번역서 1종 · 예: 笑いの三千里,포함
민중의 소리,김지하,기타,,발표 시기 미상,https://library.ltikorea.or.kr/translatedbooks/2503,,번역서 1종 · 예: 民衆の声,포함
고행,김지하,기타,,발표 시기 미상,https://library.ltikorea.or.kr/translatedbooks/2500,,번역서 1종 · 예: 苦行,포함
아이들의 조선전쟁,이원수,기타,,발표 시기 미상,https://library.ltikorea.or.kr/translatedbooks/2478,,번역서 1종 · 예: 子どもたちの朝鮮戰爭 : ユギオ6.25,포함
한국여정 (한일대역),박인기,수필,,발표 시기 미상,https://library.ltikorea.or.kr/translatedbooks/2467,,번역서 1종 · 예: 韓国心の旅 エッセイで学ぶハングル,포함
초가집이 있던 마을,권정생,기타,,발표 시기 미상,https://library.ltikorea.or.kr/translatedbooks/2473,,번역서 1종 · 예: わら屋根のぬる村,포함
만우절: 한국의 전래동화,작자 미상,동화,,발표 시기 미상,https://library.ltikorea.or.kr/translatedbooks/5239,,"번역서 1종 · 예: День без вранья : юмористические и сатирические рассказы, юморески и хикаяты, легенды и басни народов Азии",포함
한국의 민화,임동권,기타,,발표 시기 미상,https://library.ltikorea.or.kr/translatedbooks/2481,,번역서 1종 · 예: 韓国の民話,포함
이상한 항아리. 춘향전,작자미상,기타,,발표 시기 미상,https://library.ltikorea.or.kr/translatedbooks/2482,,번역서 1종 · 예: ふしぎな瓶・春香伝 : 韓国の民話集,포함
조선민요선,김소운,노래,,발표 시기 미상,https://library.ltikorea.or.kr/translatedbooks/2483,,번역서 1종 · 예: 朝鮮民謡選,포함
조선민화선,작자 미상,기타,,발표 시기 미상,https://library.ltikorea.or.kr/translatedbooks/2486,,번역서 1종 · 예: ネギをうえた人 : 朝鮮民話選,포함
청구야담 : 이조 세속담,작자 미상,기타,,발표 시기 미상,https://library.ltikorea.or.kr/translatedbooks/2487,,번역서 1종 · 예: 靑邱野談 : 李朝世俗譚,포함
한국풍류이야기,작자미상,기타,,발표 시기 미상,https://library.ltikorea.or.kr/translatedbooks/2489,,번역서 1종 · 예: 韓国風流小ばなし : 初期李朝艷笑譚,포함
한국의 신화・전설,황패강,소설,,발표 시기 미상,https://library.ltikorea.or.kr/translatedbooks/2495,,번역서 1종 · 예: 韓国の神話・伝說,포함
하늘꽃: 이인화 단편집,이인화,단편소설,,발표 시기 미상,https://library.ltikorea.or.kr/translatedbooks/274,,번역서 1종 · 예: Тэнгэрийн цэцэг,포함
suivi de Psychodrames / 맹진사댁 경사,오영진,기타,,발표 시기 미상,https://library.ltikorea.or.kr/translatedbooks/1476,,번역서 1종 · 예: Monsieur Maeng marie sa fille,포함
Roman / 무기의 그늘,황석영,기타,,발표 시기 미상,https://library.ltikorea.or.kr/translatedbooks/445,,번역서 1종 · 예: (L')Ombre des armes,포함
7 : 태백산맥,조정래,기타,,발표 시기 미상,https://library.ltikorea.or.kr/translatedbooks/414152,,번역서 1종 · 예: 太白山脈. 鴨緑江の苦い水,포함
8 : 태백산맥,조정래,기타,,발표 시기 미상,https://library.ltikorea.or.kr/translatedbooks/2247,,번역서 1종 · 예: 太白山脈. 骸骨の隊列,포함
1: 태백산맥,조정래,기타,,발표 시기 미상,https://library.ltikorea.or.kr/translatedbooks/414149,,번역서 1종 · 예: 太白山脈. 白い花という名の巫堂,포함
6 : 태백산맥,조정래,기타,,발표 시기 미상,https://library.ltikorea.or.kr/translatedbooks/414151,,번역서 1종 · 예: 太白山脈. 女パルチザンの死,포함
사랑의 뿌리,황동규,기타,,발표 시기 미상,https://library.ltikorea.or.kr/translatedbooks/1474,,번역서 1종 · 예: (Les)racines d'amour,포함
하늘만큼 먼 나라: 노경식 희곡집,노경식,희곡,,발표 시기 미상,https://library.ltikorea.or.kr/translatedbooks/1475,,번역서 1종 · 예: (Un)pays aussi lointain que le ciel ; (Le)train pour Séoul ; (Le)souffle des siècles,포함
2 : 태백산맥,조정래,기타,,발표 시기 미상,https://library.ltikorea.or.kr/translatedbooks/414150,,번역서 1종 · 예: 太白山脈. 天空をさすらう雲,포함
문제적 인간 연산,이윤택,기타,,발표 시기 미상,https://library.ltikorea.or.kr/translatedbooks/1483,,번역서 1종 · 예: Yônsan,포함
동지 섣달 꽃 본 듯이: 이강백 희곡선 2,이강백,희곡,,발표 시기 미상,https://library.ltikorea.or.kr/translatedbooks/1482,,번역서 1종 · 예: Comme si on voyait des fleurs au cœur de l`hiver,포함
Chaos et ordre dans un musée ; Bijou et femme,이강백,기타,,발표 시기 미상,https://library.ltikorea.or.kr/translatedbooks/1481,,번역서 1종 · 예: Chaos et ordre dans un musée ; Bijou et femme,포함
셋.알.파수꾼.,이강백,기타,,발표 시기 미상,https://library.ltikorea.or.kr/translatedbooks/1480,,"번역서 1종 · 예: Trois, L'œuf et, le guetteur",포함
신화 1900,윤대성,소설,,발표 시기 미상,https://library.ltikorea.or.kr/translatedbooks/1479,,번역서 1종 · 예: Mythe 1900,포함
초분,오태석,기타,,발표 시기 미상,https://library.ltikorea.or.kr/translatedbooks/1477,,번역서 1종 · 예: Tertre : ㅣ'île des morts,포함
황구와 그 밖의 이야기들,Unknown,기타,,발표 시기 미상,https://library.ltikorea.or.kr/translatedbooks/414184,,번역서 1종 · 예: Žlutý pes a jiné povídky z Korey,포함
김립 시선,김립,시,,발표 시기 미상,https://library.ltikorea.or.kr/translatedbooks/2538,,번역서 1종 · 예: キムサッカ 金笠詩選,포함
한국현대문학사,이바노바,기타,,발표 시기 미상,https://library.ltikorea.or.kr/translatedbooks/447,,번역서 1종 · 예: ИСТОРИЯ НА СЪВРЕМЕННАТА КОРЕЙСКА ЛИТЕРАТУРА,포함
김우창 평론선,김우창,평론,,발표 시기 미상,https://library.ltikorea.or.kr/translatedbooks/1606,,번역서 1종 · 예: Le Roman Coréen : essais de littérature et de philosophie,포함
nouvelles / 소낙비,김유정,기타,,발표 시기 미상,https://library.ltikorea.or.kr/translatedbooks/1506,,번역서 1종 · 예: (Une)averse,포함
9 : 태백산맥,조정래,기타,,발표 시기 미상,https://library.ltikorea.or.kr/translatedbooks/414153,,번역서 1종 · 예: 太白山脈. 奪われ行く解放区,포함
roman / 칼의 노래,김훈,기타,,발표 시기 미상,https://library.ltikorea.or.kr/translatedbooks/1508,,번역서 1종 · 예: (Le)chant du sabre,포함
10 : 태백산맥,조정래,기타,,발표 시기 미상,https://library.ltikorea.or.kr/translatedbooks/414154,,번역서 1종 · 예: 太白山脈. 冬とともに逝った英雄,포함
roman / 시장과 전장,박경리,기타,,발표 시기 미상,https://library.ltikorea.or.kr/translatedbooks/1510,,번역서 1종 · 예: (Le)marché et le champ de bataille,포함
성학십도,이황,기타,,발표 시기 미상,https://library.ltikorea.or.kr/translatedbooks/1604,,번역서 1종 · 예: étude de la sagesse en dix diagrammes,포함
récit / 엄마의 말뚝,박완서,기타,,발표 시기 미상,https://library.ltikorea.or.kr/translatedbooks/1512,,번역서 1종 · 예: (Le)piquet de ma mère,포함
달궁,서정인,기타,,발표 시기 미상,https://library.ltikorea.or.kr/translatedbooks/1513,,번역서 1종 · 예: Talgung,포함
한국인= roman / 한국인,손장순,기타,,발표 시기 미상,https://library.ltikorea.or.kr/translatedbooks/1515,,번역서 1종 · 예: (Les)coréens,포함
roman / 바람과 강,김원일,기타,,발표 시기 미상,https://library.ltikorea.or.kr/translatedbooks/1505,,번역서 1종 · 예: (Le)Voyage de Monsieur Lee,포함
오구; 불의 가면; 바보각시,이윤택,기타,,발표 시기 미상,https://library.ltikorea.or.kr/translatedbooks/1484,,번역서 1종 · 예: Ogu ;Masque de feu ; Pabogaksi,포함
불가불가,이현화,기타,,발표 시기 미상,https://library.ltikorea.or.kr/translatedbooks/1485,,"번역서 1종 · 예: Un possible, impossible",포함
"둥둥낙랑둥, 어디서 무엇이 되어 만나랴",최인훈,기타,,발표 시기 미상,https://library.ltikorea.or.kr/translatedbooks/1486,,번역서 1종 · 예: Théâtre de Ch'oe Inhun,포함
봄이 오면 산에 들에,최인훈,기타,,발표 시기 미상,https://library.ltikorea.or.kr/translatedbooks/1487,,번역서 1종 · 예: Quand le printemps arrive a la montagne et aux champs,포함
à la courbe des eaux / 물도리동,허규,기타,,발표 시기 미상,https://library.ltikorea.or.kr/translatedbooks/1488,,번역서 1종 · 예: Muldoridong,포함
d'hier et d'aujourd'hui / 한국연극특집호-한국연극의 어제와 오늘-,임혜경,희곡,,발표 시기 미상,https://library.ltikorea.or.kr/translatedbooks/1489,,번역서 1종 · 예: Théâtre coréen,포함
60년대식,김승옥,기타,,발표 시기 미상,https://library.ltikorea.or.kr/translatedbooks/1500,,번역서 1종 · 예: A LA FAÇON DES ANNÉES SOIXANTE,포함
다산성,김승옥,기타,,발표 시기 미상,https://library.ltikorea.or.kr/translatedbooks/1501,,번역서 1종 · 예: LA SURPRODUCTIVITÉ,포함
"구룡폭포: 한국신화,전설집",작자 미상,소설,,발표 시기 미상,https://library.ltikorea.or.kr/translatedbooks/414174,,번역서 1종 · 예: Vodopád Devíti draků : Korejské mýty a pověsti,포함
조용한 아침의 나라에서,작자 미상,기타,,발표 시기 미상,https://library.ltikorea.or.kr/translatedbooks/414173,,"번역서 1종 · 예: Ze země jitřní svěžesti : Korejské lidové pohádky a povídky,přísloví a hádanky",포함
novela Coreana 마당 깊은 집,김원일,기타,,발표 시기 미상,https://library.ltikorea.or.kr/translatedbooks/5332,,번역서 1종 · 예: la casona de los patios,포함
Roman / 검은 꽃,김영하,기타,,발표 시기 미상,https://library.ltikorea.or.kr/translatedbooks/1503,,번역서 1종 · 예: Fleur Noire,포함
3 : 태백산맥,조정래,기타,,발표 시기 미상,https://library.ltikorea.or.kr/translatedbooks/2198,,번역서 1종 · 예: 太白山脈. 全羅道の悲しみ,포함
귀천,천상병,시,,발표 시기 미상,https://library.ltikorea.or.kr/translatedbooks/1471,,번역서 5종 · 예: Retour au ciel,포함
학,조지훈,기타,,발표 시기 미상,https://library.ltikorea.or.kr/translatedbooks/1470,,번역서 1종 · 예: (La)grue,포함
말뚝,서정인,기타,,발표 시기 미상,https://library.ltikorea.or.kr/translatedbooks/5336,,번역서 1종 · 예: La hoguera,포함
바람의 넋 외,오정희,기타,,발표 시기 미상,https://library.ltikorea.or.kr/translatedbooks/5337,,번역서 1종 · 예: EL ESPÍRITU DEL VIENTO y otros relatos,포함
사랑굿 100선,김초혜,기타,,발표 시기 미상,https://library.ltikorea.or.kr/translatedbooks/1449,,번역서 1종 · 예: Cent pétales d'amour,포함
춘향전,춘향전,기타,,발표 시기 미상,https://library.ltikorea.or.kr/translatedbooks/7409,,번역서 1종 · 예: L'amore possibile : la storia di Ch'unhyang,포함
아리랑 3권,조정래,기타,,발표 시기 미상,https://library.ltikorea.or.kr/translatedbooks/408620,,번역서 1종 · 예: ARIRANG (Volume 3) : Nos terres son notre vie,포함
아리랑 4권,조정래,기타,,발표 시기 미상,https://library.ltikorea.or.kr/translatedbooks/408621,,번역서 1종 · 예: ARIRANG (Volume 4) : Tout citoyen incarne la patrie,포함
아리랑 12권,조정래,기타,,발표 시기 미상,https://library.ltikorea.or.kr/translatedbooks/408629,,번역서 1종 · 예: ARIRANG (Volume 12) : Où le jour se lève sur la plaine,포함
아리랑 11권,조정래,기타,,발표 시기 미상,https://library.ltikorea.or.kr/translatedbooks/408628,,번역서 1종 · 예: ARIRANG (Volume 11) : Où le jour se lève sur la plaine,포함
아리랑 7권,조정래,기타,,발표 시기 미상,https://library.ltikorea.or.kr/translatedbooks/408624,,번역서 1종 · 예: ARIRANG (Volume 7) : Peuple sans patrie,포함
해파리에 관한 명상,이순원,기타,,발표 시기 미상,https://library.ltikorea.or.kr/translatedbooks/5344,,번역서 1종 · 예: Reflexiones sobre una medusa,포함
아리랑 6권,조정래,기타,,발표 시기 미상,https://library.ltikorea.or.kr/translatedbooks/408623,,번역서 1종 · 예: ARIRANG (Volume 6) : Tout citoyen incarne la patrie,포함
novela histórica 영원한 제국,이인화,기타,,발표 시기 미상,https://library.ltikorea.or.kr/translatedbooks/5345,,번역서 1종 · 예: El Imperio Eterno,포함
소시민,이호철,기타,,발표 시기 미상,https://library.ltikorea.or.kr/translatedbooks/5347,,번역서 1종 · 예: El ciudadano pequeño,포함
서울은 지금 몇시인가,주치호,기타,,발표 시기 미상,https://library.ltikorea.or.kr/translatedbooks/415802,,번역서 1종 · 예: ソウルはいま何時か,포함
아리랑 10권,조정래,기타,,발표 시기 미상,https://library.ltikorea.or.kr/translatedbooks/408627,,번역서 1종 · 예: ARIRANG (Volume 10) : Où le jour se lève sur la plaine,포함
아리랑 8권,조정래,기타,,발표 시기 미상,https://library.ltikorea.or.kr/translatedbooks/408626,,번역서 1종 · 예: ARIRANG (Volume 8) : Peuple sans patrie,포함
아리랑 9권,조정래,기타,,발표 시기 미상,https://library.ltikorea.or.kr/translatedbooks/408625,,번역서 1종 · 예: ARIRANG (Volume 9) : Peuple sans patrie,포함
아리랑 5권,조정래,기타,,발표 시기 미상,https://library.ltikorea.or.kr/translatedbooks/408622,,번역서 1종 · 예: ARIRANG (Volume 5) : Tout citoyen incarne la patrie,포함
아리랑 2권,조정래,기타,,발표 시기 미상,https://library.ltikorea.or.kr/translatedbooks/408619,,번역서 1종 · 예: ARIRANG (Volume 2) : Nos terres son notre vie,포함
붉은 방 외,임철우,단편소설,,발표 시기 미상,https://library.ltikorea.or.kr/translatedbooks/5348,,번역서 1종 · 예: La habitación roja y otros cuentos,포함
길,조창인,기타,,발표 시기 미상,https://library.ltikorea.or.kr/translatedbooks/2587,,번역서 1종 · 예: スンウ : 12歳の明日,포함
4 : 태백산맥,조정래,기타,,발표 시기 미상,https://library.ltikorea.or.kr/translatedbooks/2199,,번역서 1종 · 예: 太白山脈. トラジの歌,포함
해가 지지 않는 나라에서,작자 미상,기타,,발표 시기 미상,https://library.ltikorea.or.kr/translatedbooks/414585,,번역서 1종 · 예: Z říše nezapadajcího slunce,포함
5 : 태백산맥,조정래,기타,,발표 시기 미상,https://library.ltikorea.or.kr/translatedbooks/2206,,번역서 1종 · 예: 太白山脈. 歴史の逆流,포함
조그만 발명가,현덕,기타,,발표 시기 미상,https://library.ltikorea.or.kr/translatedbooks/5391,,번역서 1종 · 예: (El)pequeño inventor,포함
누구의 그림자일까?,최숙희,기타,,발표 시기 미상,https://library.ltikorea.or.kr/translatedbooks/5390,,번역서 1종 · 예: ¿De quién es esa sombra?,포함
Tome 8 / 태백산맥,조정래,기타,,발표 시기 미상,https://library.ltikorea.or.kr/translatedbooks/415896,,번역서 1종 · 예: (La)chaîne des monts Taebaek,포함
Antología 침묵의 소리,고창수,기타,,발표 시기 미상,https://library.ltikorea.or.kr/translatedbooks/7406,,번역서 1종 · 예: El sonido del silencio,포함
Tome 10 / 태백산맥,조정래,기타,,발표 시기 미상,https://library.ltikorea.or.kr/translatedbooks/415877,,번역서 1종 · 예: (La)chaîne des monts Taebaek,포함
꿈꾸는 자의 나성,윤흥길,기타,,발표 시기 미상,https://library.ltikorea.or.kr/translatedbooks/1523,,번역서 1종 · 예: Los Angeles d'un rêveur,포함
Tome 9 / 태백산맥,조정래,기타,,발표 시기 미상,https://library.ltikorea.or.kr/translatedbooks/415941,,번역서 1종 · 예: (La)chaîne des monts Taebaek,포함
Tome 4 / 태백산맥,조정래,기타,,발표 시기 미상,https://library.ltikorea.or.kr/translatedbooks/415940,,번역서 1종 · 예: (La)chaîne des monts Taebaek,포함
Tome 5 / 태백산맥,조정래,기타,,발표 시기 미상,https://library.ltikorea.or.kr/translatedbooks/415939,,번역서 1종 · 예: (La)chaîne des monts Taebaek,포함
Tome 2 / 태백산맥,조정래,기타,,발표 시기 미상,https://library.ltikorea.or.kr/translatedbooks/415938,,번역서 1종 · 예: (La)chaîne des monts Taebaek,포함
Tome 3 / 태백산맥,조정래,기타,,발표 시기 미상,https://library.ltikorea.or.kr/translatedbooks/415937,,번역서 1종 · 예: (La)chaîne des monts Taebaek,포함
회색 눈사람,최윤,장편소설,,발표 시기 미상,https://library.ltikorea.or.kr/translatedbooks/5174,,번역서 1종 · 예: Avec cette neige grise et sale: roman,포함
Tome 1/ 태백산맥,조정래,기타,,발표 시기 미상,https://library.ltikorea.or.kr/translatedbooks/415936,,번역서 1종 · 예: (La)chaîne des monts Taebaek,포함
한국학서지,Pucek,기타,,발표 시기 미상,https://library.ltikorea.or.kr/translatedbooks/452,,번역서 1종 · 예: Korea in Czchoslovakia(Czech Republic) Bibliography,포함
사슴벌레 여자,윤대녕,기타,,발표 시기 미상,https://library.ltikorea.or.kr/translatedbooks/1522,,번역서 1종 · 예: Voleur d'œufs,포함
둥둥낙락둥,최인훈,희곡,,발표 시기 미상,https://library.ltikorea.or.kr/translatedbooks/5351,,번역서 1종 · 예: Tres obras de teatro coreano,포함
roman / 새,오정희,기타,,발표 시기 미상,https://library.ltikorea.or.kr/translatedbooks/1521,,번역서 1종 · 예: (L')oiseau,포함
Tome 6 / 태백산맥,조정래,기타,,발표 시기 미상,https://library.ltikorea.or.kr/translatedbooks/415901,,번역서 1종 · 예: (La)chaîne des monts Taebaek,포함
불망비,오정희,기타,,발표 시기 미상,https://library.ltikorea.or.kr/translatedbooks/1518,,번역서 1종 · 예: (La)pierre tombale,포함
바람의 넋,오정희,기타,,발표 시기 미상,https://library.ltikorea.or.kr/translatedbooks/1517,,번역서 1종 · 예: (L')Âme du vent,포함
조선단편소설선집,현진건,단편소설,,발표 시기 미상,https://library.ltikorea.or.kr/translatedbooks/2588,,번역서 1종 · 예: 朝鮮短編小説選集,포함
아베의 가족,전상국,기타,,발표 시기 미상,https://library.ltikorea.or.kr/translatedbooks/5349,,번역서 1종 · 예: MA FAMILIA DE ABE,포함
Tome 7 / 태백산맥,조정래,기타,,발표 시기 미상,https://library.ltikorea.or.kr/translatedbooks/415900,,번역서 1종 · 예: (La)chaîne des monts Taebaek,포함
잃어버린 왕국 4,최인호,기타,,발표 시기 미상,https://library.ltikorea.or.kr/translatedbooks/1613,,번역서 1종 · 예: 消えた王国 4 新しい国を求めて,포함
한국의 민담 전설집,이진명,소설,,발표 시기 미상,https://library.ltikorea.or.kr/translatedbooks/1614,,번역서 1종 · 예: Aubergines magiques : contes erotiques de Coree,포함
유랑가족,공선옥,기타,,발표 시기 미상,https://library.ltikorea.or.kr/translatedbooks/5381,,번역서 1종 · 예: La familia itinerante,포함
메밀꽃 필 무렵 (이효석 단편선),이효석,기타,,발표 시기 미상,https://library.ltikorea.or.kr/translatedbooks/5380,,번역서 1종 · 예: Cuando florece el alforfón,중복 제외 (앞 순위 출처에 있음)
Belka,Anatoli Kim,기타,,발표 시기 미상,https://library.ltikorea.or.kr/translatedbooks/1640,,번역서 1종 · 예: (L')ecureuil,포함
한국의 기적,최자실,기타,,발표 시기 미상,https://library.ltikorea.or.kr/translatedbooks/1644,,번역서 1종 · 예: MIRACLES EN CORÉE,포함
코끼리를 찾아서,조경란,기타,,발표 시기 미상,https://library.ltikorea.or.kr/translatedbooks/5363,,번역서 1종 · 예: En busca del elefante,포함
한국문학강의,조동일,기타,,발표 시기 미상,https://library.ltikorea.or.kr/translatedbooks/5359,,번역서 1종 · 예: HISTORIA DE LA LITERATURA COREANA,포함
한국의 민담 설화집,[Unkknowned],소설,,발표 시기 미상,https://library.ltikorea.or.kr/translatedbooks/5357,,번역서 1종 · 예: CUENTOS Y LEYENDAS TRADICIONALES DE COREA,포함
"convergencias y divergencias : estudio de literatura comparada y antología de poesía Zen de China, Corea y Japón 초현실주의와 불교의 선",Bahk,기타,,발표 시기 미상,https://library.ltikorea.or.kr/translatedbooks/5354,,번역서 1종 · 예: Surrealismo y Budismo Zen,포함
한국현대단편선,현진건 외,단편소설,,발표 시기 미상,https://library.ltikorea.or.kr/translatedbooks/5353,,번역서 1종 · 예: Cuentos coreanos del siglo XX,포함
그대 아직도 꿈꾸고 있는가,박완서,기타,,발표 시기 미상,https://library.ltikorea.or.kr/translatedbooks/5383,,번역서 2종 · 예: ?Seguirá soñando¿,포함
김종길 시선,김종길,기타,,발표 시기 미상,https://library.ltikorea.or.kr/translatedbooks/5384,,번역서 1종 · 예: Ya queda poca luz del día,포함
김춘수 시선,김춘수,기타,,발표 시기 미상,https://library.ltikorea.or.kr/translatedbooks/5385,,번역서 2종 · 예: Razón de las sinrazones,포함
한국 고시선집,작자 미상,시,,발표 시기 미상,https://library.ltikorea.or.kr/translatedbooks/2150,,번역서 1종 · 예: Poesia religiosa Coreana,포함
nouvelles / 장마,윤흥길,기타,,발표 시기 미상,https://library.ltikorea.or.kr/translatedbooks/1526,,번역서 1종 · 예: (La)mousson,포함
에미,윤흥길,기타,,발표 시기 미상,https://library.ltikorea.or.kr/translatedbooks/1525,,번역서 2종 · 예: (La)mère,포함
roman / 둔황의 사랑,윤후명,기타,,발표 시기 미상,https://library.ltikorea.or.kr/translatedbooks/1524,,번역서 1종 · 예: (L')amour de Dunhuang,포함
"쎄느강은 좌우를 가르고, 한강은 남북을 가른다",홍세화,기타,,발표 시기 미상,https://library.ltikorea.or.kr/translatedbooks/2450,,번역서 1종 · 예: セーヌは左右を分かち、漢江は南北を隔てる,포함
대설주의보,최승호,기타,,발표 시기 미상,https://library.ltikorea.or.kr/translatedbooks/1657,,번역서 1종 · 예: Alerte à la neige,포함
아네모네의 마담,주요섭,기타,,발표 시기 미상,https://library.ltikorea.or.kr/translatedbooks/1656,,번역서 1종 · 예: (La) dame de l'Anémone,포함
재외동포문학상 수상선집,황성봉,기타,,발표 시기 미상,https://library.ltikorea.or.kr/translatedbooks/1886,,번역서 1종 · 예: Koreanische Literatur in Deutschland,포함
상도,최인호,기타,,발표 시기 미상,https://library.ltikorea.or.kr/translatedbooks/2428,,번역서 2종 · 예: 商道,포함
나의 아틀리에,이호백,기타,,발표 시기 미상,https://library.ltikorea.or.kr/translatedbooks/1711,,번역서 1종 · 예: Mon atelier des couleurs,포함
Roman / 식물들의 사생활,이승우,기타,,발표 시기 미상,https://library.ltikorea.or.kr/translatedbooks/10602,,번역서 1종 · 예: La vie rêvée des plantes,포함
장길산,황석영,기타,,발표 시기 미상,https://library.ltikorea.or.kr/translatedbooks/2459,,번역서 1종 · 예: 張吉山,포함
한용운 시선,한용운,기타,,발표 시기 미상,https://library.ltikorea.or.kr/translatedbooks/5322,,번역서 1종 · 예: ANTOLOGIA POETICA DE JAN YONG-WUN,포함
황동규 시선,황동규,기타,,발표 시기 미상,https://library.ltikorea.or.kr/translatedbooks/5323,,번역서 1종 · 예: POSADA DE NUBES Y OTROS POEMAS,포함
roman / 두 아내,정소성,기타,,발표 시기 미상,https://library.ltikorea.or.kr/translatedbooks/1554,,번역서 1종 · 예: (Les)deux épouses,포함
"거울, 불행의 원인",서영해,동화,,발표 시기 미상,https://library.ltikorea.or.kr/translatedbooks/413317,,"번역서 1종 · 예: MIROIR, CAUSE DE MALHEUR Et autres contes coreens",포함
누구세요?,이현화,기타,,발표 시기 미상,https://library.ltikorea.or.kr/translatedbooks/9963,,번역서 1종 · 예: Qui êtes-vous?,포함
한국의 민담과 전설집,이진명,소설,,발표 시기 미상,https://library.ltikorea.or.kr/translatedbooks/413318,,번역서 1종 · 예: Contes et légendes de Corée,포함
잃어버린 왕국 1,최인호,기타,,발표 시기 미상,https://library.ltikorea.or.kr/translatedbooks/413320,,번역서 1종 · 예: 消えた王国 1 秘密の門,포함
잃어버린 왕국 2,최인호,기타,,발표 시기 미상,https://library.ltikorea.or.kr/translatedbooks/413321,,번역서 1종 · 예: 消えた王国 2 疾風怒涛,포함
잃어버린 왕국 3,최인호,기타,,발표 시기 미상,https://library.ltikorea.or.kr/translatedbooks/413322,,번역서 1종 · 예: 消えた王国 3 百済よ、百済よ,포함
roman / 영원한 제국,이인화,기타,,발표 시기 미상,https://library.ltikorea.or.kr/translatedbooks/1543,,번역서 1종 · 예: (L')eternel empire,포함
환각의 다리,이어령,기타,,발표 시기 미상,https://library.ltikorea.or.kr/translatedbooks/1541,,"번역서 1종 · 예: Blessures d'avril : Interprétation personnelle de ""Vanina Vanini de Stendhal : récit",포함
Roman / 생의 이면,이승우,기타,,발표 시기 미상,https://library.ltikorea.or.kr/translatedbooks/1539,,번역서 2종 · 예: L'Envers de la vie,포함
roman / 황제를 위하여,이문열,기타,,발표 시기 미상,https://library.ltikorea.or.kr/translatedbooks/1537,,번역서 1종 · 예: Pour l'empereur!,포함
récits / 익명의 섬,이문열,기타,,발표 시기 미상,https://library.ltikorea.or.kr/translatedbooks/1536,,번역서 1종 · 예: (L')île anonyme,포함
nouvelles / 염소를 모는 여자,전경린,기타,,발표 시기 미상,https://library.ltikorea.or.kr/translatedbooks/1553,,번역서 1종 · 예: (La) femme à la chèvre,포함
nouvelles / 빈 골짜기,이호철,기타,,발표 시기 미상,https://library.ltikorea.or.kr/translatedbooks/1552,,번역서 1종 · 예: (La)Vallée vide,포함
춘향가,[Unknowned],기타,,발표 시기 미상,https://library.ltikorea.or.kr/translatedbooks/5324,,번역서 1종 · 예: La canción de Chun-hiang : UNA HISTORIA DE INOCENCIA Y CORAJE,포함
삼국지,정비석,기타,,발표 시기 미상,https://library.ltikorea.or.kr/translatedbooks/410535,,번역서 1종 · 예: (小説) 三国志 : 長編歴史小説,포함
roman / 흰 옷,이청준,기타,,발표 시기 미상,https://library.ltikorea.or.kr/translatedbooks/1550,,번역서 1종 · 예: (L')harmonium,포함
roman / 이어도,이청준,기타,,발표 시기 미상,https://library.ltikorea.or.kr/translatedbooks/1549,,번역서 1종 · 예: (L')île d'Iǒ,포함
예언자,이청준,기타,,발표 시기 미상,https://library.ltikorea.or.kr/translatedbooks/1548,,번역서 1종 · 예: (Le) prophète,포함
그 노래 다시 부르지 못하네,이청준,기타,,발표 시기 미상,https://library.ltikorea.or.kr/translatedbooks/1546,,번역서 1종 · 예: Je ne veux plus chanter cette chanson,포함
제스처 라이프,이창래,기타,,발표 시기 미상,https://library.ltikorea.or.kr/translatedbooks/1545,,번역서 1종 · 예: (Les)sombres feux du passé,포함
춘향전·추풍감별곡·홍길동전,홍상규,기타,,발표 시기 미상,https://library.ltikorea.or.kr/translatedbooks/2197,,번역서 1종 · 예: 韓国古典文学選集3 春香伝·秋風感別曲·洪吉童伝,포함
심청전·흥부전,홍상규,기타,,발표 시기 미상,https://library.ltikorea.or.kr/translatedbooks/2196,,번역서 1종 · 예: 沈清伝·興夫伝,포함
한국고전문학선,김만중,기타,,발표 시기 미상,https://library.ltikorea.or.kr/translatedbooks/2194,,번역서 1종 · 예: 韓国古典文学選,포함
스파이와 북의 여배우,홍상화,기타,,발표 시기 미상,https://library.ltikorea.or.kr/translatedbooks/2449,,번역서 1종 · 예: スパイと北の女優,포함
꽃 파는 처녀,홍상화,기타,,발표 시기 미상,https://library.ltikorea.or.kr/translatedbooks/2448,,번역서 1종 · 예: 北朝鮮亡命工作員,포함
서정주 시선,서정주,시,,발표 시기 미상,https://library.ltikorea.or.kr/translatedbooks/5311,,번역서 3종 · 예: Poemas,포함
et autres nouvelles / 상처,한말숙,기타,,발표 시기 미상,https://library.ltikorea.or.kr/translatedbooks/1586,,번역서 1종 · 예: LA PLAIE,포함
가면고,최인훈,기타,,발표 시기 미상,https://library.ltikorea.or.kr/translatedbooks/1585,,번역서 1종 · 예: Réflexions sur les masques,포함
깊고 푸른 밤,최인호,기타,,발표 시기 미상,https://library.ltikorea.or.kr/translatedbooks/1584,,번역서 3종 · 예: Une nuit bleue et profonde : récit,포함
늙은 떠돌이의 시,서정주,기타,,발표 시기 미상,https://library.ltikorea.or.kr/translatedbooks/5310,,번역서 1종 · 예: Poemas de un niño vagabundo de ochenta anõs y otros poemas escogidos,포함
"précédé de, Il surveille son père ; et suivi de, Avec cette neige grise et sale / 저기 소리 없이 한점 꽃잎이 지고",최윤,기타,,발표 시기 미상,https://library.ltikorea.or.kr/translatedbooks/1581,,"번역서 1종 · 예: Là-bas, sans bruit, tombe un pétale",포함
국화 옆에서,서정주,기타,,발표 시기 미상,https://library.ltikorea.or.kr/translatedbooks/5309,,번역서 1종 · 예: Junto al crisantemo,포함
박제천 시선,박제천,기타,,발표 시기 미상,https://library.ltikorea.or.kr/translatedbooks/5308,,번역서 1종 · 예: La Cancion del dragon y otros poemas,포함
"들림, 도스토예프스키",김춘수,기타,,발표 시기 미상,https://library.ltikorea.or.kr/translatedbooks/5307,,번역서 1종 · 예: poseído por Dostoievski,포함
김소월 시선,김소월,기타,,발표 시기 미상,https://library.ltikorea.or.kr/translatedbooks/5305,,번역서 2종 · 예: ANTOLOGIA POETICA DE SOWOL KIM,포함
récit / 갈증의 시학,최윤,기타,,발표 시기 미상,https://library.ltikorea.or.kr/translatedbooks/1579,,번역서 1종 · 예: Poétique de la soif,포함
신라초,서정주,기타,,발표 시기 미상,https://library.ltikorea.or.kr/translatedbooks/5312,,번역서 1종 · 예: EPÍTOME DE SIL-LA,포함
무명연시,오세영,시,,발표 시기 미상,https://library.ltikorea.or.kr/translatedbooks/5313,,번역서 2종 · 예: Más allá del amor,포함
roman / 카인의 후예,황순원,기타,,발표 시기 미상,https://library.ltikorea.or.kr/translatedbooks/1603,,번역서 1종 · 예: (Les)descendants de Caïn,포함
별과 같이 살다,황순원,기타,,발표 시기 미상,https://library.ltikorea.or.kr/translatedbooks/1601,,번역서 2종 · 예: (La)petite ourse,포함
목넘이 마을의 개,황순원,기타,,발표 시기 미상,https://library.ltikorea.or.kr/translatedbooks/1599,,번역서 1종 · 예: (La)chienne de Moknomi,포함
roman / 나무들 비탈에 서다,황순원,기타,,발표 시기 미상,https://library.ltikorea.or.kr/translatedbooks/1598,,번역서 1종 · 예: (Les)arbres sur la falaise,포함
향수,정지용,기타,,발표 시기 미상,https://library.ltikorea.or.kr/translatedbooks/5318,,번역서 2종 · 예: Nostagia,중복 제외 (앞 순위 출처에 있음)
죽지 않는 도시,이형기,기타,,발표 시기 미상,https://library.ltikorea.or.kr/translatedbooks/5317,,번역서 1종 · 예: La ciudad inmortal,포함
유치환 시선,유치환,기타,,발표 시기 미상,https://library.ltikorea.or.kr/translatedbooks/5315,,번역서 1종 · 예: Imágenes del tiempo,포함
"de tal palo, tal astilla / 붕어빵가족",김동광,기타,,발표 시기 미상,https://library.ltikorea.or.kr/translatedbooks/5378,,번역서 1종 · 예: (La) familia,포함
내가 설 땅은 어디냐,허근욱,기타,,발표 시기 미상,https://library.ltikorea.or.kr/translatedbooks/1589,,번역서 2종 · 예: Où est donc ma patrie?,포함
희미한 옛 사랑의 그림자,김광규,기타,,발표 시기 미상,https://library.ltikorea.or.kr/translatedbooks/5303,,번역서 3종 · 예: Tenues sombras del viejo amor,포함
남도 사람,이청준,기타,,발표 시기 미상,https://library.ltikorea.or.kr/translatedbooks/1707,,번역서 1종 · 예: Les gens du Sud,포함
도시의 곤혹,최홍일,기타,,발표 시기 미상,https://library.ltikorea.or.kr/translatedbooks/2435,,번역서 1종 · 예: 都市の困惑,포함
영혼의 노래,한말숙,시,,발표 시기 미상,https://library.ltikorea.or.kr/translatedbooks/2437,,번역서 1종 · 예: 麗しき霊の詩,포함
安重根,한석청,기타,,발표 시기 미상,https://library.ltikorea.or.kr/translatedbooks/2438,,번역서 1종 · 예: 安重根,포함
한국중단편선,이상,기타,,발표 시기 미상,https://library.ltikorea.or.kr/translatedbooks/5294,,번역서 1종 · 예: Yi Sang y otros narradores coreanos (RELATOS),포함
여성시조선,D'uros,시조,,발표 시기 미상,https://library.ltikorea.or.kr/translatedbooks/2151,,번역서 1종 · 예: Canti dal padiglione azzurro : poesie di cortigiane(kisaeng) Coreane,포함
탑,한승원,기타,,발표 시기 미상,https://library.ltikorea.or.kr/translatedbooks/2442,,번역서 1종 · 예: 塔,포함
Edition wanpan / 열녀춘향수절가,작자미상,기타,,발표 시기 미상,https://library.ltikorea.or.kr/translatedbooks/1709,,번역서 1종 · 예: (Le)chant de la fidèle Chunhyang,포함
아내의 상자,은희경,기타,,발표 시기 미상,https://library.ltikorea.or.kr/translatedbooks/1708,,번역서 2종 · 예: (Les)boîtes de ma femme,포함
飛翔へのバラード,홍상화,기타,,발표 시기 미상,https://library.ltikorea.or.kr/translatedbooks/2447,,번역서 1종 · 예: 飛翔へのバラード,포함
Klassische koreanische Lyrik / 한국의 고전서정시,유리왕,기타,,발표 시기 미상,https://library.ltikorea.or.kr/translatedbooks/1726,,번역서 1종 · 예: Lob des Steinquells,포함
신의 지팡이,정동주,기타,,발표 시기 미상,https://library.ltikorea.or.kr/translatedbooks/2398,,번역서 1종 · 예: 神の杖,포함
(소설)손자병법,정비석,소설,,발표 시기 미상,https://library.ltikorea.or.kr/translatedbooks/2399,,번역서 1종 · 예: (小說)孫子の兵法,포함
진시황제,정비석,기타,,발표 시기 미상,https://library.ltikorea.or.kr/translatedbooks/2404,,번역서 1종 · 예: (小説) 秦の始皇帝,포함
항우와 유방,정비석,기타,,발표 시기 미상,https://library.ltikorea.or.kr/translatedbooks/2405,,번역서 1종 · 예: (小説) 項羽と劉邦,포함
제1통일공화국,정을병,기타,,발표 시기 미상,https://library.ltikorea.or.kr/translatedbooks/2408,,번역서 1종 · 예: 北朝鮮崩壞 : 近未来小説,포함
화염 속의 샘,고은,기타,,발표 시기 미상,https://library.ltikorea.or.kr/translatedbooks/5302,,번역서 1종 · 예: FUENTE EN ILAMAS : POEMAS SELECCIONADOS DE Ko Un,포함
이상 시선집,이상,시,,발표 시기 미상,https://library.ltikorea.or.kr/translatedbooks/5300,,번역서 1종 · 예: A vista de cuervo y otros poemas,포함
한국문학의 이해,김홍규,기타,,발표 시기 미상,https://library.ltikorea.or.kr/translatedbooks/5299,,번역서 1종 · 예: COMPRENSIÓN DE LA LITERATURA COREANA,포함
"Poesía Zen : antología crítica de poesía Zen de China, Corea y Japón",Bahk,기타,,발표 시기 미상,https://library.ltikorea.or.kr/translatedbooks/5298,,"번역서 1종 · 예: Poesía Zen : antología crítica de poesía Zen de China, Corea y Japón",포함
구상 시선,구상,시,,발표 시기 미상,https://library.ltikorea.or.kr/translatedbooks/2152,,번역서 1종 · 예: Il fiume di cristoforo : raccolta di poesie con testo a fronte a cura di vincenza d'urso,포함
변강쇠전,Traduit du coréen par Choi Mikyung[Author] ;,기타,,발표 시기 미상,https://library.ltikorea.or.kr/translatedbooks/7438,,번역서 1종 · 예: Histoire de Byon Gangsoé,포함
아버지 감시,최윤,기타,,발표 시기 미상,https://library.ltikorea.or.kr/translatedbooks/5328,,번역서 1종 · 예: El Vigila a su padre,포함
"한국, 동방으로의 여행",Bouvier,기타,,발표 시기 미상,https://library.ltikorea.or.kr/translatedbooks/1664,,"번역서 1종 · 예: (La)Corée, le voyage vers l'est",포함
"鴉の死 , 까마귀의 죽음",김석범,기타,,발표 시기 미상,https://library.ltikorea.or.kr/translatedbooks/1498,,번역서 1종 · 예: La mort du corbeau,포함
"박씨전, 숙향전",김수창,기타,,발표 시기 미상,https://library.ltikorea.or.kr/translatedbooks/1491,,번역서 1종 · 예: Histoire de dame Pak ; Histoire de Suk-Hyang,포함
사반의 십자가,김동리,장편소설,,발표 시기 미상,https://library.ltikorea.or.kr/translatedbooks/1496,,번역서 2종 · 예: La Croix de Schaphan : roman,포함
무녀도,김동리,기타,,발표 시기 미상,https://library.ltikorea.or.kr/translatedbooks/1495,,번역서 2종 · 예: Tableau de sabbat,포함
서울행 여권,최윤 외,기타,,발표 시기 미상,https://library.ltikorea.or.kr/translatedbooks/1621,,번역서 1종 · 예: Passeport pour Séoul,포함
les ailes : le pivot de l'esthétique coréenne / 날개,이상,기타,,발표 시기 미상,https://library.ltikorea.or.kr/translatedbooks/1620,,번역서 1종 · 예: Cinquante poèmes,포함
한국의 민담집,작자 미상,소설,,발표 시기 미상,https://library.ltikorea.or.kr/translatedbooks/1617,,번역서 1종 · 예: Contes de Corée,포함
그 노래 다시 부르지 못했네,이청준,기타,,발표 시기 미상,https://library.ltikorea.or.kr/translatedbooks/2165,,번역서 1종 · 예: Interno coreano con sequestro,포함
잃어버린 왕국 5,최인호,기타,,발표 시기 미상,https://library.ltikorea.or.kr/translatedbooks/1616,,번역서 1종 · 예: 消えた王国 5 荒都の歌,포함
예언자/이어도,이청준,기타,,발표 시기 미상,https://library.ltikorea.or.kr/translatedbooks/2166,,번역서 1종 · 예: Enigmi coreani : Il profeta e L'isola di io,포함
아로운전,한운사,기타,,발표 시기 미상,https://library.ltikorea.or.kr/translatedbooks/2444,,번역서 1종 · 예: 玄海灘は知っている : 阿魯雲伝,포함
금시조,이문열,시조,,발표 시기 미상,https://library.ltikorea.or.kr/translatedbooks/2162,,번역서 1종 · 예: L'uccello dalle ali d'oro,포함
récits / 난장이가 쏘아올린 작은 공,조세희,기타,,발표 시기 미상,https://library.ltikorea.or.kr/translatedbooks/1558,,번역서 1종 · 예: (Le)nain,포함
et autres romans / 유형의 땅,조정래,기타,,발표 시기 미상,https://library.ltikorea.or.kr/translatedbooks/1560,,번역서 1종 · 예: Terre d'exil,포함
아리랑 1권,조정래,기타,,발표 시기 미상,https://library.ltikorea.or.kr/translatedbooks/1563,,번역서 1종 · 예: ARIRANG (Volume 1) : Nos terres son notre vie,포함
"인현왕후전,이춘풍전",작자 미상,기타,,발표 시기 미상,https://library.ltikorea.or.kr/translatedbooks/2155,,"번역서 1종 · 예: Mogli, mariti e concubine : affari di famiglia nella Corea classica",포함
불놀이,조정래,기타,,발표 시기 미상,https://library.ltikorea.or.kr/translatedbooks/1559,,번역서 2종 · 예: Jouer avec le feu,포함
분노의 세월,Pierre Andre Terzian,기타,,발표 시기 미상,https://library.ltikorea.or.kr/translatedbooks/1634,,번역서 1종 · 예: Jours de colere en Coree : Théâtre,포함
벽,조선작,기타,,발표 시기 미상,https://library.ltikorea.or.kr/translatedbooks/1556,,번역서 1종 · 예: (Le)père chien,포함
금강산: 한국동화집,작자 미상,동화,,발표 시기 미상,https://library.ltikorea.or.kr/translatedbooks/413373,,번역서 1종 · 예: Démantové hory : Korejské pohádky,포함
삶의 소금,조경수,기타,,발표 시기 미상,https://library.ltikorea.or.kr/translatedbooks/1631,,번역서 1종 · 예: Le sel a vie,포함
삶의 죽음,조경수,기타,,발표 시기 미상,https://library.ltikorea.or.kr/translatedbooks/1630,,번역서 1종 · 예: LA MORT A VIE,포함
한국우화집,작자 미상,기타,,발표 시기 미상,https://library.ltikorea.or.kr/translatedbooks/2170,,번역서 1종 · 예: Fiabe e storie coreane,포함
성옹식소론,허균,기타,,발표 시기 미상,https://library.ltikorea.or.kr/translatedbooks/2171,,번역서 1종 · 예: Divagazioni dell'esilio,포함
Un eclat dans le ciel = 녹천에는 똥이 많다 ; 하늘등,이창동,기타,,발표 시기 미상,https://library.ltikorea.or.kr/translatedbooks/413359,,번역서 1종 · 예: NOKCHEON,포함
山바람 하느님 그리고 나,김정훈,기타,,발표 시기 미상,https://library.ltikorea.or.kr/translatedbooks/1624,,"번역서 1종 · 예: La montagne, le vent, Dieu et moi",포함
훈민정음,세종대왕 외,기타,,발표 시기 미상,https://library.ltikorea.or.kr/translatedbooks/1622,,번역서 1종 · 예: L'Écriture du coréen : genèse et avènement,포함
새하곡,이문열,기타,,발표 시기 미상,https://library.ltikorea.or.kr/translatedbooks/1532,,번역서 1종 · 예: Chant sous une forteresse,포함
récit / 그 해 겨울,이문열,기타,,발표 시기 미상,https://library.ltikorea.or.kr/translatedbooks/1530,,"번역서 1종 · 예: (L')hiver, cette année-la",포함
사랑,이광수,기타,,발표 시기 미상,https://library.ltikorea.or.kr/translatedbooks/1528,,번역서 1종 · 예: Amour,중복 제외 (앞 순위 출처에 있음)
수련을 위한 노래,문영훈,기타,,발표 시기 미상,https://library.ltikorea.or.kr/translatedbooks/1628,,번역서 1종 · 예: Chants pour le Nymphea,포함
la chambre d'un garçon / 워터보이,최미경,기타,,발표 시기 미상,https://library.ltikorea.or.kr/translatedbooks/1660,,번역서 1종 · 예: Hydromène,포함
un livre coréen / 산에 가자,이상권,기타,,발표 시기 미상,https://library.ltikorea.or.kr/translatedbooks/1608,,번역서 1종 · 예: Il neige des couleurs,포함
물과 불,윤여림,기타,,발표 시기 미상,https://library.ltikorea.or.kr/translatedbooks/1661,,번역서 1종 · 예: (L')eau et le feu,포함
까치와 호랑이와 토끼,사석원,기타,,발표 시기 미상,https://library.ltikorea.or.kr/translatedbooks/1609,,번역서 1종 · 예: (La) pie le tigre et le lapin,포함
토끼와 늑대와 호랑이와 담이와,채인선,기타,,발표 시기 미상,https://library.ltikorea.or.kr/translatedbooks/1610,,"번역서 1종 · 예: Surtout, ne sors pas, n'ouvre pas !",포함
우리집에는 괴물이 우글우글,홍인순,기타,,발표 시기 미상,https://library.ltikorea.or.kr/translatedbooks/1611,,번역서 1종 · 예: Ils sont affreux les monstres !,포함
엄마는 거짓말쟁이,김리리,기타,,발표 시기 미상,https://library.ltikorea.or.kr/translatedbooks/1658,,번역서 1종 · 예: Ma mère est une menteuse,포함
선생님의 밥그릇,이청준,기타,,발표 시기 미상,https://library.ltikorea.or.kr/translatedbooks/1662,,번역서 1종 · 예: (Le) bol de riz du Matre,포함
열두띠 이야기,정하섭,기타,,발표 시기 미상,https://library.ltikorea.or.kr/translatedbooks/1663,,번역서 1종 · 예: (L') histoire des douze signes,포함
108 선시,고은,기타,,발표 시기 미상,https://library.ltikorea.or.kr/translatedbooks/5297,,번역서 1종 · 예: Ananda: 108 poemas Zen,포함
le secret de la Grotte de cristal / 고양이 학교 1,김진경,기타,,발표 시기 미상,https://library.ltikorea.or.kr/translatedbooks/413754,,번역서 1종 · 예: (L`)ecole des chats,포함
ИСТОРИЯ НА СЪВРЕМЕННАТА КОРЕЙСКА ЛИТЕРАТУРА,이바노바,기타,,발표 시기 미상,https://library.ltikorea.or.kr/translatedbooks/447,,번역서 1종 · 예: ИСТОРИЯ НА СЪВРЕМЕННАТА КОРЕЙСКА ЛИТЕРАТУРА,포함
황구와 그 밖의 이야기들,Garin Michajlovskij,기타,,발표 시기 미상,https://library.ltikorea.or.kr/translatedbooks/445,,번역서 1종 · 예: Žlutý pes a jiné povídky z Korey,포함
"꽃, 새 그리고 하찮은 것들",정채봉,기타,,발표 시기 미상,https://library.ltikorea.or.kr/translatedbooks/1861,,"번역서 1종 · 예: VON BLUMEN, VÖGELN UND ANDEREN NUTZLOSEN DINGEN",포함
해님 달님,송재찬,기타,,발표 시기 미상,https://library.ltikorea.or.kr/translatedbooks/1932,,번역서 1종 · 예: Die Sonne und der Mond,포함
도끼도둑,김진락,기타,,발표 시기 미상,https://library.ltikorea.or.kr/translatedbooks/1931,,번역서 1종 · 예: (Der)Axtdieb,포함
When my name was KEOKO,박명진,기타,,발표 시기 미상,https://library.ltikorea.or.kr/translatedbooks/1361,,번역서 1종 · 예: When my name was KEOKO,포함
마지막 박쥐 공주 미가야,이경혜,기타,,발표 시기 미상,https://library.ltikorea.or.kr/translatedbooks/1859,,"번역서 1종 · 예: Migaya, die letzte Fledermaus",포함
한국 무당의식 가요,임석재,기타,,발표 시기 미상,https://library.ltikorea.or.kr/translatedbooks/881,,번역서 1종 · 예: Mu-ga: The Ritual Songs of Korean Mudangs,포함
한국고전문학선집 2 구운몽,김만중,기타,,발표 시기 미상,https://library.ltikorea.or.kr/translatedbooks/2293,,번역서 2종 · 예: 九雲夢 : 韓國古典文學選集. 2,포함
NATIVE SPEAKER,이창래,기타,,발표 시기 미상,https://library.ltikorea.or.kr/translatedbooks/1018,,번역서 1종 · 예: NATIVE SPEAKER,중복 제외 (앞 순위 출처에 있음)
moderne Erzählungen koreanischer Frauen 평범한 물방울 무늬 원피스에 관한 이야기: 현대단편소설선 2집,전경린 외,단편소설,,발표 시기 미상,https://library.ltikorea.or.kr/translatedbooks/408603,,번역서 1종 · 예: Ein ganz einfaches gepunktetes Kleid,포함
近未来シミュレーショソ·ノベル. 1999 한일전쟁,백낙범,기타,,발표 시기 미상,https://library.ltikorea.or.kr/translatedbooks/2394,,번역서 1종 · 예: (開戦篇) 1999韓日戦争,포함
아태평양 단편선,오영수,단편소설,,발표 시기 미상,https://library.ltikorea.or.kr/translatedbooks/909,,번역서 1종 · 예: Asian and Pacific Short Stories,포함
꿈꾸는 인큐베이터,박완서,단편소설,,발표 시기 미상,https://library.ltikorea.or.kr/translatedbooks/908,,번역서 1종 · 예: Die träumende Brutmaschine: Und andere Erzählungen über Frauen in Korea,포함
한용운과 이광수: 한국현대문학의 두 선구자,유병천,기타,,발표 시기 미상,https://library.ltikorea.or.kr/translatedbooks/975,,번역서 1종 · 예: Han Yong-Un & Yi Kwang-Su: Two Pioneers of Modern Korean Literature,포함
LIES 嘘x 내게 거짓말을 해봐,장정일,기타,,발표 시기 미상,https://library.ltikorea.or.kr/translatedbooks/2395,,번역서 1종 · 예: LIES 嘘x 내게 거짓말을 해봐,포함
팔월의 크리스마스,오승욱,기타,,발표 시기 미상,https://library.ltikorea.or.kr/translatedbooks/2323,,번역서 1종 · 예: 八月のクリスマス,포함
마지막 선물,박정우,기타,,발표 시기 미상,https://library.ltikorea.or.kr/translatedbooks/2322,,번역서 1종 · 예: ラスト プレゼント,포함
분노의 왕국,문영남,기타,,발표 시기 미상,https://library.ltikorea.or.kr/translatedbooks/2321,,번역서 1종 · 예: 憤怒の王国,포함
コリアン·サラリ─マンの秘密の生活,장정일,기타,,발표 시기 미상,https://library.ltikorea.or.kr/translatedbooks/2397,,번역서 1종 · 예: コリアン·サラリ─マンの秘密の生活,포함
アダムが目覚めるときx 아담이 눈뜰 때,장정일,기타,,발표 시기 미상,https://library.ltikorea.or.kr/translatedbooks/2396,,번역서 1종 · 예: アダムが目覚めるときx 아담이 눈뜰 때,포함
한국 민담집 1판,[Unknowned],소설,,발표 시기 미상,https://library.ltikorea.or.kr/translatedbooks/668,,번역서 1종 · 예: MÄRCHEN aus Korea,포함
"사람, 언어, 그리고 시",박이문,시,,발표 시기 미상,https://library.ltikorea.or.kr/translatedbooks/972,,"번역서 1종 · 예: Man, language and poetry",포함
Beim Erwachen aus dem Schlaf : Gedichte,고은,시,,발표 시기 미상,https://library.ltikorea.or.kr/translatedbooks/1728,,번역서 1종 · 예: Beim Erwachen aus dem Schlaf : Gedichte,포함
Gedichte / 드레퓌스의 벤치에서,구상,기타,,발표 시기 미상,https://library.ltikorea.or.kr/translatedbooks/1732,,번역서 1종 · 예: Auf der Bank von Dreyfus,포함
시계들의 푸른 명상,하일지,기타,,발표 시기 미상,https://library.ltikorea.or.kr/translatedbooks/927,,번역서 1종 · 예: Blue Meditation of the Clocks,포함
Gedichte / 조국의 별,고은,기타,,발표 시기 미상,https://library.ltikorea.or.kr/translatedbooks/1731,,번역서 1종 · 예: (Die)Sterne über dem Land der Väter,포함
조선문학시역,작자미상,기타,,발표 시기 미상,https://library.ltikorea.or.kr/translatedbooks/414253,,"번역서 1종 · 예: 朝鮮文学試訳 烈女春香守節歌, 京板春香伝 no.18",포함
세계민담집: 한국,[Unknowned],소설,,발표 시기 미상,https://library.ltikorea.or.kr/translatedbooks/1854,,번역서 1종 · 예: Märchen aus aller Welt: Korea,포함
양승목 시선집,양승목 불명-불명,시,,발표 시기 미상,https://library.ltikorea.or.kr/translatedbooks/923,,번역서 1종 · 예: Selected Poems,포함
"한국학연구총서: 한국, 동아시아, 세계문학 관련 논점",조동일,기타,,발표 시기 미상,https://library.ltikorea.or.kr/translatedbooks/992,,"번역서 1종 · 예: Interrelated issues in Korean, East Asian and world literature",포함
뭐냐?,고은,시,,발표 시기 미상,https://library.ltikorea.or.kr/translatedbooks/1729,,"번역서 1종 · 예: Zen-Gedichte, was'n das?",포함
한국전래설화집,작자 미상[Unknowned],소설,,발표 시기 미상,https://library.ltikorea.or.kr/translatedbooks/7440,,번역서 1종 · 예: KOREAN FOLKTALES,포함
a selection of modern Korean literature. 한국현대문학선,한용운,기타,,발표 시기 미상,https://library.ltikorea.or.kr/translatedbooks/476,,번역서 1종 · 예: New Translations from Korea : A Selection of Modern Korean Literature,포함
und andere Erzählungen. 비화밀교,이청준,기타,,발표 시기 미상,https://library.ltikorea.or.kr/translatedbooks/1818,,번역서 1종 · 예: Das geheime Feuerfest,포함
춤추는 철학도,이정길,기타,,발표 시기 미상,https://library.ltikorea.or.kr/translatedbooks/1816,,번역서 1종 · 예: Der tanzende Philosoph,포함
안골 이야기,이정길,기타,,발표 시기 미상,https://library.ltikorea.or.kr/translatedbooks/1815,,번역서 1종 · 예: Wanyodo,포함
"아시아 문학: 단편, 시, 수필 & 희곡",최서해 외,희곡,,발표 시기 미상,https://library.ltikorea.or.kr/translatedbooks/413434,,"번역서 1종 · 예: Asian Literature: Short Stories, Poetry, Essays & Plays",포함
장마,윤흥길,기타,,발표 시기 미상,https://library.ltikorea.or.kr/translatedbooks/2365,,번역서 2종 · 예: 長雨,포함
월인천강지곡 (1),세종,기타,,발표 시기 미상,https://library.ltikorea.or.kr/translatedbooks/1725,,번역서 1종 · 예: DER MOND GESPIEGELT IN TAUSEND FLÜSSENT: Das Leben des Buddha Gautama in verse gesetzt im Jahre 1447 von,중복 제외 (앞 순위 출처에 있음)
Roman 사흘간의 외출,이정길,기타,,발표 시기 미상,https://library.ltikorea.or.kr/translatedbooks/1813,,번역서 1종 · 예: Drei Tage unterwegs,포함
Erzählungen 직선과 곡선,이윤기,단편소설,,발표 시기 미상,https://library.ltikorea.or.kr/translatedbooks/1812,,번역서 1종 · 예: Kurve und Gerade. Erzählungen,포함
김명인 시선,김명인,기타,,발표 시기 미상,https://library.ltikorea.or.kr/translatedbooks/1446,,번역서 1종 · 예: L'Accordéon de la mer et autres poémes,포함
Die Stimme lebt in jedem Schweigen : Eine Anthologie Koreanischer Gegenwartsliteratur,고은 외,기타,,발표 시기 미상,https://library.ltikorea.or.kr/translatedbooks/1869,,번역서 1종 · 예: Die Stimme lebt in jedem Schweigen : Eine Anthologie Koreanischer Gegenwartsliteratur,포함
Tradition und Experiment : Beispiele zeitgenössischer koreanischer Literatur,신경림,기타,,발표 시기 미상,https://library.ltikorea.or.kr/translatedbooks/1871,,번역서 1종 · 예: Tradition und Experiment : Beispiele zeitgenössischer koreanischer Literatur,포함
Geschichten aus Korea. 날개 외,이상 외,기타,,발표 시기 미상,https://library.ltikorea.or.kr/translatedbooks/1720,,번역서 1종 · 예: Die kleine Schamanin. Geschichten aus Korea,포함
한국단편소설선,박완서 외,단편소설,,발표 시기 미상,https://library.ltikorea.or.kr/translatedbooks/1718,,번역서 1종 · 예: Am Ende der Zeit: Moderne koreanische Erzählungen. Band 1,포함
한국 현대시,홍신선 외,시,,발표 시기 미상,https://library.ltikorea.or.kr/translatedbooks/1716,,번역서 1종 · 예: Koreanische moderne Gedichte,포함
klassishe Koreanische Frauen erzählungen. 박씨부인전,[Unknowned],기타,,발표 시기 미상,https://library.ltikorea.or.kr/translatedbooks/1714,,번역서 1종 · 예: DIE ELSTERNBRÜCKE,포함
백범일지,김구,기타,,발표 시기 미상,https://library.ltikorea.or.kr/translatedbooks/1874,,번역서 2종 · 예: (Das)Tagebuch von Baekbeom,중복 제외 (앞 순위 출처에 있음)
"Die gesungenen Romane Koreas. Bd.1. 판소리: 춘향가, 심청가, 수궁가",[Unknowned],기타,,발표 시기 미상,https://library.ltikorea.or.kr/translatedbooks/1713,,번역서 1종 · 예: Pansori,포함
패관잡기(稗官雜記),어숙권 미상,기타,,발표 시기 미상,https://library.ltikorea.or.kr/translatedbooks/878,,번역서 1종 · 예: A Korean Storyteller's Miscellany: The P'Aegwan Chapki of Eo Sukkwon: Princeton Library of Asian Translations,포함
겨울 골짜기,김원일,기타,,발표 시기 미상,https://library.ltikorea.or.kr/translatedbooks/2310,,번역서 1종 · 예: 冬の谷問,포함
아랍 단편선,작자 미상,단편소설,,발표 시기 미상,https://library.ltikorea.or.kr/translatedbooks/1885,,번역서 1종 · 예: Arabische Erzählungen,포함
비밀의 화원: 한국현대중•단편소설선,김윤영 외,단편소설,,발표 시기 미상,https://library.ltikorea.or.kr/translatedbooks/2576,,번역서 1종 · 예: 秘密の花園 : 韓国現代中•短編小説選,포함
Roman 불놀이,조정래,기타,,발표 시기 미상,https://library.ltikorea.or.kr/translatedbooks/1834,,번역서 1종 · 예: Das Spiel mit dem Feuer,포함
moderne koreanische Lyrik. 바람과 풀: 현대시선,한용운 외,기타,,발표 시기 미상,https://library.ltikorea.or.kr/translatedbooks/1723,,번역서 1종 · 예: Wind und Gras,포함
Ausgewählte Erzählungen Band Ⅲ / 한국문학 사화집 제3권 - 전후 중단편선,최인호 외,기타,,발표 시기 미상,https://library.ltikorea.or.kr/translatedbooks/1722,,번역서 1종 · 예: Koreanische Literatur,포함
즐거운 사라,마광수,기타,,발표 시기 미상,https://library.ltikorea.or.kr/translatedbooks/2320,,번역서 1종 · 예: 楽しいサラ,포함
불바다,노수민,기타,,발표 시기 미상,https://library.ltikorea.or.kr/translatedbooks/2319,,번역서 1종 · 예: ソウル 火の海,포함
일본상륙: 속 인간시장,김홍신,기타,,발표 시기 미상,https://library.ltikorea.or.kr/translatedbooks/2318,,번역서 1종 · 예: 日本上陸 - 続人間市場,포함
인간시장,김홍신,기타,,발표 시기 미상,https://library.ltikorea.or.kr/translatedbooks/2317,,번역서 1종 · 예: 人間市場,포함
완전한 만남,김하기,기타,,발표 시기 미상,https://library.ltikorea.or.kr/translatedbooks/2316,,번역서 1종 · 예: 完全なる再会,포함
무궁화꽃이 피었습니다,김진명,기타,,발표 시기 미상,https://library.ltikorea.or.kr/translatedbooks/2314,,번역서 1종 · 예: ムクゲノ花ガ咲キマシタ. 上-下,포함
아버지,김정현,기타,,발표 시기 미상,https://library.ltikorea.or.kr/translatedbooks/2313,,번역서 2종 · 예: アボジ,포함
잃어버린 너,김윤희,기타,,발표 시기 미상,https://library.ltikorea.or.kr/translatedbooks/2312,,번역서 1종 · 예: イロボリン・ノー : 忘れたはずのあなた,포함
Roman 식빵 굽는 시간,조경란,기타,,발표 시기 미상,https://library.ltikorea.or.kr/translatedbooks/1831,,번역서 1종 · 예: Zeit zum Toastbacken,포함
eine Einführung in die Sprachsoziologie : Erzählungen 잃어버린 말을 찾아서,이청준,기타,,발표 시기 미상,https://library.ltikorea.or.kr/translatedbooks/1822,,번역서 1종 · 예: DIE SUCHE NACH DEN VERLORENEN WORTEN,포함
zwei Erzählungen 잔인한 도시,이청준,기타,,발표 시기 미상,https://library.ltikorea.or.kr/translatedbooks/1824,,번역서 1종 · 예: Brutale Stadt,포함
축제,이청준,기타,,발표 시기 미상,https://library.ltikorea.or.kr/translatedbooks/1825,,번역서 1종 · 예: Die Trauerfeier,포함
Erzählungen 코끼리를 찾아서,조경란,기타,,발표 시기 미상,https://library.ltikorea.or.kr/translatedbooks/1832,,번역서 1종 · 예: Wie kommt der Elefant in mein Schlafzimmer?,포함
"oder Wie es zugeht auf der Welt : ein koreanisches Märchen 토끼야, 용궁에 벼슬 가자",이청준,기타,,발표 시기 미상,https://library.ltikorea.or.kr/translatedbooks/1826,,번역서 1종 · 예: DER HASE IM WASSERPALAST oder Wie es zugeht auf der Welt,포함
"와녀도, 그리고 서서 울었다",이정길,기타,,발표 시기 미상,https://library.ltikorea.or.kr/translatedbooks/1814,,번역서 1종 · 예: Wanyodo,포함
Gedichte / 조개의 깊이,김광규,기타,,발표 시기 미상,https://library.ltikorea.or.kr/translatedbooks/1733,,번역서 1종 · 예: (Die)tiefe der Muschel,포함
ein autobiographischer Essay aus Südkorea/ 팔려가지 않은 신부,최석희,기타,,발표 시기 미상,https://library.ltikorea.or.kr/translatedbooks/1848,,번역서 1종 · 예: (Die)unverkaufte Braut,포함
떠나보낼 수 없는 세월,최숙렬,기타,,발표 시기 미상,https://library.ltikorea.or.kr/translatedbooks/1021,,번역서 1종 · 예: Year of impossible goodbyes,포함
Erzählungen 무사와 악사 외,홍성원,기타,,발표 시기 미상,https://library.ltikorea.or.kr/translatedbooks/1841,,번역서 1종 · 예: KRIEGER UND SÄGER,포함
Roman 부초,한수산,기타,,발표 시기 미상,https://library.ltikorea.or.kr/translatedbooks/1840,,번역서 1종 · 예: Ende einer Vorstellung,포함
그해 5월 2,이병주,기타,,발표 시기 미상,https://library.ltikorea.or.kr/translatedbooks/2384,,번역서 1종 · 예: クーデター 2,포함
Erzählungen 내 영혼의 우물,최인석,기타,,발표 시기 미상,https://library.ltikorea.or.kr/translatedbooks/1838,,번역서 1종 · 예: Der Brunnen meiner Seele,포함
Roman 당신들의 천국,이청준,기타,,발표 시기 미상,https://library.ltikorea.or.kr/translatedbooks/2132,,번역서 1종 · 예: Euer Paradies,포함
한국문학의 이해,김흥규,기타,,발표 시기 미상,https://library.ltikorea.or.kr/translatedbooks/902,,번역서 1종 · 예: Understanding Korean literature,포함
한국의 구비문학,서대석,기타,,발표 시기 미상,https://library.ltikorea.or.kr/translatedbooks/898,,번역서 1종 · 예: Oral literature of Korea,포함
도화 아래 잠들다,김선우,기타,,발표 시기 미상,https://library.ltikorea.or.kr/translatedbooks/2131,,번역서 1종 · 예: Unter Pfirsichblüten eingeschlafen,포함
Koreanische Märchen. 용왕의 진주,[Unknowned],기타,,발표 시기 미상,https://library.ltikorea.or.kr/translatedbooks/1851,,번역서 1종 · 예: Die Perle des Drachenkönigs,포함
Erzählungen 이옥의 전과 부,이옥,단편소설,,발표 시기 미상,https://library.ltikorea.or.kr/translatedbooks/7463,,번역서 1종 · 예: Trauer über einen Schmetterling und andere: Erzählungen,포함
ein Räuberroman aus dem alten Korean. 홍길동전,허균,기타,,발표 시기 미상,https://library.ltikorea.or.kr/translatedbooks/1765,,번역서 1종 · 예: Die Geschichte von Hong Kiltong,포함
die koreanische Literatur der Gegenwart(Essays)/ 두 열림을 향하여,김병익,기타,,발표 시기 미상,https://library.ltikorea.or.kr/translatedbooks/1849,,번역서 1종 · 예: Grenzerfahrungen,포함
Koreanische Frauenliteratur / 겨울의 환,김채원,기타,,발표 시기 미상,https://library.ltikorea.or.kr/translatedbooks/1780,,번역서 1종 · 예: Wintervision,포함
Roman / 홍어,김주영,기타,,발표 시기 미상,https://library.ltikorea.or.kr/translatedbooks/1779,,번역서 1종 · 예: (Der)Stachelrochen,포함
시장과 전장,박경리,기타,,발표 시기 미상,https://library.ltikorea.or.kr/translatedbooks/1783,,번역서 1종 · 예: MARKT UND KRIEG,포함
"아시아 문학: 시, 단편소설 &수필",조병화 외,단편소설,,발표 시기 미상,https://library.ltikorea.or.kr/translatedbooks/413422,,"번역서 1종 · 예: Asian literature: Poetry, Short Stories & Essays",포함
내 인생의 마지막 4.5초,성석제,단편소설,,발표 시기 미상,https://library.ltikorea.or.kr/translatedbooks/2134,,번역서 1종 · 예: Die letzten viereinhalb Sekunden meines Lebens: Und andere Erzählungen,포함
"(Die)""Erinnerungen"" der Prinzessin Hyae-Gyong (1735 - 1815) aus dem Hause der letzten Herrscherdynastie Koreas",이덕수,기타,,발표 시기 미상,https://library.ltikorea.or.kr/translatedbooks/1845,,"번역서 1종 · 예: (Die)""Erinnerungen"" der Prinzessin Hyae-Gyong (1735 - 1815) aus dem Hause der letzten Herrscherdynastie Koreas",포함
Roman. 오래된 정원,황석영,기타,,발표 시기 미상,https://library.ltikorea.or.kr/translatedbooks/1843,,번역서 1종 · 예: Der ferne Garten,포함
Roman 흰 옷,이청준,기타,,발표 시기 미상,https://library.ltikorea.or.kr/translatedbooks/1766,,번역서 1종 · 예: DIE WEISSEN KLEIDER,포함
Koreanische Märchen,[Unknowned],동화,,발표 시기 미상,https://library.ltikorea.or.kr/translatedbooks/1857,,번역서 1종 · 예: Koreanische Märchen,포함
그해 5월 1,이병주,기타,,발표 시기 미상,https://library.ltikorea.or.kr/translatedbooks/2383,,번역서 1종 · 예: クーデター 1,포함
Roman / 고기잡이는 갈대를 꺾지 않는다,김주영,기타,,발표 시기 미상,https://library.ltikorea.or.kr/translatedbooks/23310,,번역서 1종 · 예: (Ein)Fischer bricht das Schilfrohr nicht,포함
literaturkritische Aufsätze zur koreanischen Literatur / 뜨거운 세상과 말의 서늘함,김주연,기타,,발표 시기 미상,https://library.ltikorea.or.kr/translatedbooks/1850,,번역서 1종 · 예: Brennende Wirklichkeit - kalte Theorie,포함
그해 5월 3,이병주,기타,,발표 시기 미상,https://library.ltikorea.or.kr/translatedbooks/2385,,번역서 1종 · 예: クーデター 3,포함
윤복이의 시: 저 하늘에도 이 소식을,이윤복,시,,발표 시기 미상,https://library.ltikorea.or.kr/translatedbooks/2386,,번역서 1종 · 예: ユンボギの詩: あの空にこの便りを,포함
오감도: 이상 시선집,이상,시,,발표 시기 미상,https://library.ltikorea.or.kr/translatedbooks/1463,,번역서 1종 · 예: Perspective à vol de corneille : poésies complètes,중복 제외 (앞 순위 출처에 있음)
유리창에 이마를 대고,이가림,기타,,발표 시기 미상,https://library.ltikorea.or.kr/translatedbooks/1462,,번역서 1종 · 예: (Le)front contre la fenêtre,포함
"아시아 문학: 단편, 희곡",김유정 외,희곡,,발표 시기 미상,https://library.ltikorea.or.kr/translatedbooks/413396,,번역서 1종 · 예: Asian literature: short stories & Plays,포함
zwei Erzählungen 소문의 벽,이청준,기타,,발표 시기 미상,https://library.ltikorea.or.kr/translatedbooks/1823,,번역서 1종 · 예: Die Gerüchtemauer sŏp'yŏnje:,포함
Gedichte / 도취의 피안,김수영,기타,,발표 시기 미상,https://library.ltikorea.or.kr/translatedbooks/1736,,번역서 1종 · 예: Jenseits des Rausches,포함
무수한 태양,조병화,기타,,발표 시기 미상,https://library.ltikorea.or.kr/translatedbooks/1468,,번역서 1종 · 예: (Un)soleil infini,포함
기원: 분계선을 밟고,이은상,기타,,발표 시기 미상,https://library.ltikorea.or.kr/translatedbooks/1465,,번역서 1종 · 예: Le Voeu du Peuple Coreen : Priere sur le 38eme parallele,포함
Happy days,김용익,기타,,발표 시기 미상,https://library.ltikorea.or.kr/translatedbooks/1772,,번역서 1종 · 예: Vogelauge,포함
Roman / 나는 나를 파괴할 권리가 있다,김영하,기타,,발표 시기 미상,https://library.ltikorea.or.kr/translatedbooks/1771,,번역서 1종 · 예: (Das)Gottesspiel,포함
Roman/ 만다라,김성동,기타,,발표 시기 미상,https://library.ltikorea.or.kr/translatedbooks/1770,,번역서 1종 · 예: Mandala,포함
Roman/ 을화,김동리,기타,,발표 시기 미상,https://library.ltikorea.or.kr/translatedbooks/1769,,"번역서 1종 · 예: Ulhwa, die Schamanin",포함
eine altkoreanische Volksdichtung-neu erzählt 심청이는 빽이 든든하다,이청준,기타,,발표 시기 미상,https://library.ltikorea.or.kr/translatedbooks/1820,,번역서 1종 · 예: Sim Ch'ŏng hat gute Beziehungen,포함
oder zweierlei Menschen : eine altkoreanische Volksdichtung-neu erzählt 놀부는 선생이 많다,이청준,기타,,발표 시기 미상,https://library.ltikorea.or.kr/translatedbooks/1817,,번역서 1종 · 예: Nolbu hat viele Lehrer,포함
6.25 전쟁,Byun-Brenk,기타,,발표 시기 미상,https://library.ltikorea.or.kr/translatedbooks/1790,,번역서 1종 · 예: (Der)Präventivkrieg Amerikas in Korea 1950,포함
Ausgewählte Gedichte / 구름의 파수병,김수영,기타,,발표 시기 미상,https://library.ltikorea.or.kr/translatedbooks/1735,,번역서 1종 · 예: (Der)Wächter der Wolke,포함
Gedichte / 바람 세례,김남조,기타,,발표 시기 미상,https://library.ltikorea.or.kr/translatedbooks/1734,,번역서 1종 · 예: Windtaufe,포함
Gedichte 농무,신경림,기타,,발표 시기 미상,https://library.ltikorea.or.kr/translatedbooks/1791,,번역서 1종 · 예: Bauerntanz,포함
Roman 유형의 땅,조정래,기타,,발표 시기 미상,https://library.ltikorea.or.kr/translatedbooks/1835,,번역서 1종 · 예: Land der Verbannung,포함
바람의 언덕을 넘어서: 서편제,이청준,기타,,발표 시기 미상,https://library.ltikorea.or.kr/translatedbooks/2387,,번역서 1종 · 예: 風の丘を越えて -西便制-,포함
씌어지지 않은 자서전,이청준,기타,,발표 시기 미상,https://library.ltikorea.or.kr/translatedbooks/2388,,번역서 1종 · 예: 書かれざる自叙伝,포함
박이문 시선: 부서진 말들,박이문,기타,,발표 시기 미상,https://library.ltikorea.or.kr/translatedbooks/1926,,번역서 1종 · 예: Zerbrochene Wörter,포함
양귀비꽃 머리에 꽂고,문정희,시,,발표 시기 미상,https://library.ltikorea.or.kr/translatedbooks/1925,,번역서 1종 · 예: Die Mohnblume im Haar Ausgewählte Gedichte,포함
바람과 풀,한용운 외,기타,,발표 시기 미상,https://library.ltikorea.or.kr/translatedbooks/1924,,번역서 1종 · 예: Wind und Gras: moderne koreanische Lyrik,포함
판문점,이호철,단편소설,,발표 시기 미상,https://library.ltikorea.or.kr/translatedbooks/2763,,번역서 2종 · 예: 板門店,포함
Koreanische Märchen. 단군과 웅녀: 한국전래동화,[Unknowned],동화,,발표 시기 미상,https://library.ltikorea.or.kr/translatedbooks/1852,,번역서 1종 · 예: Der Himmelsprinz und die Bärin,포함
"Ausgewählte Erzählungen Band 1 / 한국문학 사화집 제1권 -홍길동전, 흥부전, 심청전, 춘향전",허균,기타,,발표 시기 미상,https://library.ltikorea.or.kr/translatedbooks/1764,,번역서 1종 · 예: Koreanische Literatur,포함
the vivid testimony of a Korean teenaged girl during World War II / 정신대 여성의 통곡,Kimm,기타,,발표 시기 미상,https://library.ltikorea.or.kr/translatedbooks/1009,,번역서 1종 · 예: Cries of the Korean comfort women,포함
Roman 광장,최인훈,기타,,발표 시기 미상,https://library.ltikorea.or.kr/translatedbooks/1837,,번역서 1종 · 예: Der Platz,포함
Roman / 멸치,김주영,기타,,발표 시기 미상,https://library.ltikorea.or.kr/translatedbooks/1778,,번역서 1종 · 예: Sardellen,포함
Gedichte / 달맞이꽃,김종길,기타,,발표 시기 미상,https://library.ltikorea.or.kr/translatedbooks/1776,,번역서 1종 · 예: Nachtkerze,포함
ein Lesebuch / 현대한국작가선,양귀자,기타,,발표 시기 미상,https://library.ltikorea.or.kr/translatedbooks/1775,,번역서 1종 · 예: Edition moderne koreanische Autoren,포함
Erzählungen 저기 소리없이 한 점 꽃잎이 지고,최윤,기타,,발표 시기 미상,https://library.ltikorea.or.kr/translatedbooks/1836,,번역서 1종 · 예: Lautlos fällt eine Blüte,포함
und andere Erzählungen 전상국 단편선-아베의 가족,전상국,기타,,발표 시기 미상,https://library.ltikorea.or.kr/translatedbooks/1830,,번역서 1종 · 예: Ahbes Familie,포함
가이아 (상-하),김승호 1948,기타,,발표 시기 미상,https://library.ltikorea.or.kr/translatedbooks/2306,,번역서 1종 · 예: ニッポン消滅. 上-下,포함
빨간 암탉과 여우,이기경,기타,,발표 시기 미상,https://library.ltikorea.or.kr/translatedbooks/414355,,번역서 1종 · 예: The Red Hen and the Fox,포함
한국문학단편선,신경숙 외,기타,,발표 시기 미상,https://library.ltikorea.or.kr/translatedbooks/2578,,번역서 1종 · 예: いま、私たちの隣りに誰がいるのか,포함
미실,김별아,기타,,발표 시기 미상,https://library.ltikorea.or.kr/translatedbooks/2575,,번역서 1종 · 예: ミシル : 新羅後宮秘録,포함
En busca de Klingsor,Volpi,기타,,발표 시기 미상,https://library.ltikorea.or.kr/translatedbooks/943,,번역서 1종 · 예: In search of Klingsor,포함
Sombra del viento,Zafón,기타,,발표 시기 미상,https://library.ltikorea.or.kr/translatedbooks/941,,번역서 1종 · 예: The shadow of the wind,포함
Gedichte / 어느 별의 지옥,김혜순,기타,,발표 시기 미상,https://library.ltikorea.or.kr/translatedbooks/1740,,번역서 1종 · 예: (Die)Frau im Wolkenschloss,포함
리자벨 내사랑,Kim,기타,,발표 시기 미상,https://library.ltikorea.or.kr/translatedbooks/934,,번역서 1종 · 예: The American Pows,포함
Roman 새,오정희,기타,,발표 시기 미상,https://library.ltikorea.or.kr/translatedbooks/1800,,번역서 1종 · 예: Vögel,포함
춘향전,허남기,기타,,발표 시기 미상,https://library.ltikorea.or.kr/translatedbooks/2294,,번역서 1종 · 예: 春香傳,포함
남색 치마위의 하늘은,한성례,시,,발표 시기 미상,https://library.ltikorea.or.kr/translatedbooks/2564,,번역서 1종 · 예: 柿色のチマ裾の空は : 韓成禮詩集,포함
(한국어대역총서 2) 소설편: 김동인단편집.,김동인,단편소설,,발표 시기 미상,https://library.ltikorea.or.kr/translatedbooks/2296,,번역서 1종 · 예: (韓国語対訳叢書 2) 小說編 : 金東仁短篇集,포함
Eine Jugend in Korea / 압록강은 흐른다,이미륵,기타,,발표 시기 미상,https://library.ltikorea.or.kr/translatedbooks/1900,,번역서 1종 · 예: Der Yalu fließt Eine Jugend in Korea,포함
Kriegspack : Roman,Ha,장편소설,,발표 시기 미상,https://library.ltikorea.or.kr/translatedbooks/1901,,번역서 1종 · 예: Kriegspack : Roman,포함
(Die)Tränen meiner Seele,김현희,기타,,발표 시기 미상,https://library.ltikorea.or.kr/translatedbooks/1904,,번역서 1종 · 예: (Die)Tränen meiner Seele,포함
죽는 날까지 하늘을 우러러: 기독교시인 윤동주,윤동주,시,,발표 시기 미상,https://library.ltikorea.or.kr/translatedbooks/2562,,번역서 1종 · 예: 死ぬ日まで天を仰ぎ: キリスト者詩人 尹東柱,포함
Werkauswahl (1960-2003) 하늘의 그물,박희진,기타,,발표 시기 미상,https://library.ltikorea.or.kr/translatedbooks/1741,,번역서 1종 · 예: Himmelsnetz,포함
Gedichte 물고기 그림자: 황지우 시선집,황지우,시,,발표 시기 미상,https://library.ltikorea.or.kr/translatedbooks/1756,,번역서 1종 · 예: Die Schatten der Fische,포함
돌배나무 아래서,고은,기타,,발표 시기 미상,https://library.ltikorea.or.kr/translatedbooks/1442,,번역서 1종 · 예: Sous un poirier sauvage,포함
Tome 1 / 사평역,임철우,단편소설,,발표 시기 미상,https://library.ltikorea.or.kr/translatedbooks/1431,,번역서 1종 · 예: Anthologie de nouvelles coréennes contemporaines.,포함
et cinq autres novelles / 환영을 찾는 여인,이정호,기타,,발표 시기 미상,https://library.ltikorea.or.kr/translatedbooks/1430,,번역서 1종 · 예: Une femme à la recherche d'une illusion,포함
XIIIe-XVIe siècle / 한국 불교시선집,Ok-sung Ann-Baron,시,,발표 시기 미상,https://library.ltikorea.or.kr/translatedbooks/1440,,"번역서 1종 · 예: Ivresse de brumes, griserie de nuages : poésie bouddhique coréenne",포함
cent poèmes / 황지우 시선집,황지우,시,,발표 시기 미상,https://library.ltikorea.or.kr/translatedbooks/1439,,번역서 1종 · 예: De l'hiver-de-l'arbre au printemps-de-l'arbre,포함
토끼와 거북이,양희성,기타,,발표 시기 미상,https://library.ltikorea.or.kr/translatedbooks/414366,,번역서 1종 · 예: The rabbit and the turtle,포함
anthologie de nouvelles de Corée du Sud / 둘남이,한무숙,기타,,발표 시기 미상,https://library.ltikorea.or.kr/translatedbooks/1434,,번역서 1종 · 예: (Une)fille nommée deuxième garçon,포함
Stomme zonde,Sicking,기타,,발표 시기 미상,https://library.ltikorea.or.kr/translatedbooks/945,,번역서 1종 · 예: The silent sin,포함
세마리의 염소,김세실,기타,,발표 시기 미상,https://library.ltikorea.or.kr/translatedbooks/414360,,번역서 1종 · 예: The Three Goats,포함
La pell Freda,Pinõl,기타,,발표 시기 미상,https://library.ltikorea.or.kr/translatedbooks/944,,번역서 1종 · 예: Cold skin,포함
한국문학 만들기,김용직,기타,,발표 시기 미상,https://library.ltikorea.or.kr/translatedbooks/410500,,번역서 1종 · 예: Making of Korean Literature,포함
커다란 순무,김세실,기타,,발표 시기 미상,https://library.ltikorea.or.kr/translatedbooks/414359,,번역서 1종 · 예: The Big Turnip,포함
한국고전문학선집,김부식,기타,,발표 시기 미상,https://library.ltikorea.or.kr/translatedbooks/858,,번역서 1종 · 예: Early Korean Literature: Selections and Introductions,포함
석류꽃: 시선집,서정주,시,,발표 시기 미상,https://library.ltikorea.or.kr/translatedbooks/1742,,번역서 1종 · 예: Granatapfelblüte: Ausgewählte Gedichte,포함
지 - 한국문학선집,한용운,기타,,발표 시기 미상,https://library.ltikorea.or.kr/translatedbooks/863,,번역서 1종 · 예: Black Crane 1: An Anthology of Korean Literature Cornell East Asia Series Number 14,포함
kurze Koreanische Erzählungen. 이미륵의 이야기,이미륵,단편소설,,발표 시기 미상,https://library.ltikorea.or.kr/translatedbooks/1899,,번역서 1종 · 예: IYAGI KURZE KOREANISCHE ERZÄHLUNGEN,포함
ausgewählte Gedichte 어느 날 나는 흐린 주점에,황지우,기타,,발표 시기 미상,https://library.ltikorea.or.kr/translatedbooks/1755,,번역서 1종 · 예: Sündhafte Sehnsucht,포함
한의 이야기 : 조선궁녀여류소설집,梅山,단편소설,,발표 시기 미상,https://library.ltikorea.or.kr/translatedbooks/2572,,번역서 1종 · 예: 恨のものがたり : 朝鮮宮廷女流小説集,포함
유토피아를 먹고 잠들다,이강백,기타,,발표 시기 미상,https://library.ltikorea.or.kr/translatedbooks/2565,,번역서 1종 · 예: ユートピアを飲んで眠る,포함
(Der)Mai Koreas,김현승,기타,,발표 시기 미상,https://library.ltikorea.or.kr/translatedbooks/1739,,번역서 1종 · 예: (Der)Mai Koreas,포함
떠돌이의 시,서정주,시,,발표 시기 미상,https://library.ltikorea.or.kr/translatedbooks/1453,,번역서 2종 · 예: Poemes du Vagabond : poèmes 1941-1982,포함
빛의 무덤 속에서,소한진,기타,,발표 시기 미상,https://library.ltikorea.or.kr/translatedbooks/1457,,번역서 1종 · 예: Dans le tombeau de lumière,포함
구미호 천년애,박헌수,기타,,발표 시기 미상,https://library.ltikorea.or.kr/translatedbooks/2338,,번역서 1종 · 예: クミホ 千年愛,포함
쓰러진 자의 꿈,신경림,기타,,발표 시기 미상,https://library.ltikorea.or.kr/translatedbooks/1458,,번역서 1종 · 예: Le rêve d'un homme abattu : choix de poèmes,포함
동아시아문학지 38권 2005년 5월,이해림,기타,,발표 시기 미상,https://library.ltikorea.or.kr/translatedbooks/415828,,번역서 1종 · 예: Hefte Für Ostasiatische Literatur 38,포함
동아시아문학지 37권 2004년 11월,김주연,기타,,발표 시기 미상,https://library.ltikorea.or.kr/translatedbooks/415830,,번역서 1종 · 예: Hefte Für Ostasiatische Literatur 37,포함
고시조선집,서경덕 외,시조,,발표 시기 미상,https://library.ltikorea.or.kr/translatedbooks/1423,,번역서 1종 · 예: Poésie coréenne sijo,포함
ein Gedichtepos aus Korea 님의 침묵,한용운,기타,,발표 시기 미상,https://library.ltikorea.or.kr/translatedbooks/1753,,번역서 1종 · 예: Das Schweigen des Geliebten,포함
Gedichte / 인동초,김춘수,기타,,발표 시기 미상,https://library.ltikorea.or.kr/translatedbooks/1738,,번역서 1종 · 예: Blätter des Indong,포함
Erzählungen 안수길 소설선,안수길,소설,,발표 시기 미상,https://library.ltikorea.or.kr/translatedbooks/415834,,번역서 1종 · 예: EINE UNMÖGLICHE LIEBE,포함
vorübergehendes Sein und Abwesenheit : Gedichte 낮은 목소리로,조병화,기타,,발표 시기 미상,https://library.ltikorea.or.kr/translatedbooks/1752,,번역서 1종 · 예: Mit leiser Stimme,포함
가을 동화,오수연,동화,,발표 시기 미상,https://library.ltikorea.or.kr/translatedbooks/2353,,번역서 2종 · 예: 秋の童話 : Autumn in my heart,포함
秀吉朝鮮の乱 : 長編歴史小說. 上,김성환,기타,,발표 시기 미상,https://library.ltikorea.or.kr/translatedbooks/2566,,번역서 1종 · 예: 秀吉朝鮮の乱 : 長編歴史小說. 上,포함
신춘향전,이은직,기타,,발표 시기 미상,https://library.ltikorea.or.kr/translatedbooks/2569,,번역서 1종 · 예: 新編春香伝,포함
"reflections on the national crisis during the Japanese invasion of Korea, 1592-1598 / 징비록 = 懲毖錄",류성룡,기타,,발표 시기 미상,https://library.ltikorea.or.kr/translatedbooks/879,,번역서 1종 · 예: The book of corrections,포함
Gedichte 풍장,황동규,기타,,발표 시기 미상,https://library.ltikorea.or.kr/translatedbooks/1754,,번역서 1종 · 예: Windbestattung,포함
한국고전시선,김열규 외,시,,발표 시기 미상,https://library.ltikorea.or.kr/translatedbooks/413551,,번역서 1종 · 예: The Classical Poetry of Korea,포함
서 있는 여자,박완서,기타,,발표 시기 미상,https://library.ltikorea.or.kr/translatedbooks/2336,,번역서 1종 · 예: 結婚,포함
동아시아문학지 19권 1995년 11월,고은,기타,,발표 시기 미상,https://library.ltikorea.or.kr/translatedbooks/1915,,번역서 1종 · 예: Hefte Für Ostasiatische Literatur 19,포함
Europe : revue littéraire mensuelle,한용운,기타,,발표 시기 미상,https://library.ltikorea.or.kr/translatedbooks/415778,,번역서 1종 · 예: Europe : revue littéraire mensuelle,포함
한국현대문학: 1945-1990,최동호,기타,,발표 시기 미상,https://library.ltikorea.or.kr/translatedbooks/410509,,번역서 1종 · 예: Modern Korean Literature: 1945-1990,포함
동아시아문학지 36권 2004년 5월,Incidium,기타,,발표 시기 미상,https://library.ltikorea.or.kr/translatedbooks/1919,,번역서 1종 · 예: Hefte Für Ostasiatische Literatur 36,포함
동아시아문학지 25권 1998년 11월,조세희,기타,,발표 시기 미상,https://library.ltikorea.or.kr/translatedbooks/1920,,번역서 1종 · 예: Hefte Für Ostasiatische Literatur 25,포함
anthologie / 한국 현대 시,김억,기타,,발표 시기 미상,https://library.ltikorea.or.kr/translatedbooks/1427,,번역서 1종 · 예: Poésie coréenne contemporaine,포함
한국 고시선집,Ok-sung Ann-Baron,시,,발표 시기 미상,https://library.ltikorea.or.kr/translatedbooks/5162,,번역서 1종 · 예: Le Saule aux dix mille rameaux : anthologie de la poésie coréenne médiévale et classique,포함
sept pièces contemporaines : anthologie / Theatres coreens,박조열,기타,,발표 시기 미상,https://library.ltikorea.or.kr/translatedbooks/1428,,번역서 1종 · 예: THÉÂTRES CORÉENS,포함
시는 시이고 또 시이다,이상 외,시,,발표 시기 미상,https://library.ltikorea.or.kr/translatedbooks/1429,,번역서 1종 · 예: Poésie sud-coréenne.,포함
어머니와 할머니의 실루엣,신경림,기타,,발표 시기 미상,https://library.ltikorea.or.kr/translatedbooks/1744,,"번역서 1종 · 예: Mutter, Großmutter-Silhouetten",포함
碑銘を求めて. 비명을 찾아서,복거일,기타,,발표 시기 미상,https://library.ltikorea.or.kr/translatedbooks/2340,,번역서 1종 · 예: 京城·昭和六十二年,포함
from its origins to 1910 / 한국의 인쇄: 그 기원에서 1910년까지,박병선,기타,,발표 시기 미상,https://library.ltikorea.or.kr/translatedbooks/968,,번역서 1종 · 예: Korean printing,포함
"용감한 홍길동, 나무그늘을 산 총각",[Unknowned],기타,,발표 시기 미상,https://library.ltikorea.or.kr/translatedbooks/1855,,"번역서 1종 · 예: Der tapfere Hong Gil-Dong. Der junge Mann, der einen Schatten kaufte.",포함
the ritual chants of the Korean mudang / 무속의 노래,Walraven,기타,,발표 시기 미상,https://library.ltikorea.or.kr/translatedbooks/967,,번역서 1종 · 예: Songs of the shaman,포함
"In English, Korean and Hindi. 한국문학개론",김도영,기타,,발표 시기 미상,https://library.ltikorea.or.kr/translatedbooks/901,,번역서 1종 · 예: Introduction to Korean Literature,포함
Roman 남녘 사람 북녘 사람,이호철,기타,,발표 시기 미상,https://library.ltikorea.or.kr/translatedbooks/1827,,번역서 1종 · 예: Menschen aus dem Norden Menschen aus dem Süden,포함
에미 이름은 조센삐였다,윤정모,기타,,발표 시기 미상,https://library.ltikorea.or.kr/translatedbooks/1802,,"번역서 1종 · 예: Meine Mutter war einen ""Korea-Nutte""",포함
아일랜드 6,윤인완,기타,,발표 시기 미상,https://library.ltikorea.or.kr/translatedbooks/2586,,번역서 1종 · 예: アイランド 6,포함
아일랜드 5,윤인완,기타,,발표 시기 미상,https://library.ltikorea.or.kr/translatedbooks/2585,,번역서 1종 · 예: アイランド 5,포함
아일랜드 4,윤인완,기타,,발표 시기 미상,https://library.ltikorea.or.kr/translatedbooks/2584,,번역서 1종 · 예: アイランド 4,포함
an anthology. 한국고전문학,박지원,기타,,발표 시기 미상,https://library.ltikorea.or.kr/translatedbooks/867,,번역서 1종 · 예: Korean Classical Literature,포함
아일랜드 3.,윤인완,기타,,발표 시기 미상,https://library.ltikorea.or.kr/translatedbooks/2583,,번역서 1종 · 예: アイランド 3,포함
아일랜드 2.,윤인완,기타,,발표 시기 미상,https://library.ltikorea.or.kr/translatedbooks/2582,,번역서 1종 · 예: アイランド 2,포함
Erzählungen. 유년의 뜰,오정희,기타,,발표 시기 미상,https://library.ltikorea.or.kr/translatedbooks/1801,,번역서 1종 · 예: Der Hof meiner Kindheit,포함
Erzählungen 이승우 단편집: 미궁에 대한 추측,이승우,단편소설,,발표 시기 미상,https://library.ltikorea.or.kr/translatedbooks/1811,,번역서 1종 · 예: Vermutungen über das Labyrinth,포함
해금사회,함혜련,시,,발표 시기 미상,https://library.ltikorea.or.kr/translatedbooks/2287,,번역서 1종 · 예: 海綿の社会： 詩集,포함
판소리,신재효,기타,,발표 시기 미상,https://library.ltikorea.or.kr/translatedbooks/2288,,번역서 1종 · 예: パンソリ,포함
친구,곽경택,기타,,발표 시기 미상,https://library.ltikorea.or.kr/translatedbooks/2301,,번역서 1종 · 예: 友ヘ : チンゲ,포함
ausgewählte Gedichte 정진규 시선,정진규,기타,,발표 시기 미상,https://library.ltikorea.or.kr/translatedbooks/1750,,번역서 1종 · 예: Tanz der Worte,포함
Gedichte 정지용 시선,정지용,기타,,발표 시기 미상,https://library.ltikorea.or.kr/translatedbooks/1749,,번역서 1종 · 예: Eine andere Sonne,포함
"카프카, 나의 카프카",전영애,기타,,발표 시기 미상,https://library.ltikorea.or.kr/translatedbooks/1748,,"번역서 1종 · 예: Kafka, mein Kafka",포함
사랑의 저쪽,오세영,시,,발표 시기 미상,https://library.ltikorea.or.kr/translatedbooks/1747,,번역서 1종 · 예: Gedichte jenseits der Liebe: Gefäß-Zyklus,포함
정현종 시선집: 사람들 사이에 섬이 있다,정현종,시,,발표 시기 미상,https://library.ltikorea.or.kr/translatedbooks/1751,,번역서 1종 · 예: Unter den Menschen ist eine Insel,포함
옛날옛날에,이강렬,기타,,발표 시기 미상,https://library.ltikorea.or.kr/translatedbooks/2290,,번역서 1종 · 예: むかしむかし,포함
금관의 예수,김지하,기타,,발표 시기 미상,https://library.ltikorea.or.kr/translatedbooks/866,,번역서 1종 · 예: The Gold-Crowned Jesus and Other Writings,포함
민통선 평화기행,이시우,기타,,발표 시기 미상,https://library.ltikorea.or.kr/translatedbooks/895,,번역서 1종 · 예: Life on the edge of the DMZ,포함
한국 현대 소설,권영민,소설,,발표 시기 미상,https://library.ltikorea.or.kr/translatedbooks/892,,번역서 1종 · 예: Modern Korean Fiction,포함
아일랜드 1,윤인완,기타,,발표 시기 미상,https://library.ltikorea.or.kr/translatedbooks/2581,,번역서 1종 · 예: アイランド 1,포함
균여전,혁련정,기타,,발표 시기 미상,https://library.ltikorea.or.kr/translatedbooks/886,,"번역서 1종 · 예: Kyunyŏ-jŏn : The life, Times and Songs of a Tenth Century Korean Monk",포함
한국설화집,조희웅,소설,,발표 시기 미상,https://library.ltikorea.or.kr/translatedbooks/884,,번역서 1종 · 예: Korean folktales,포함
지하철 1호선,김민기,기타,,발표 시기 미상,https://library.ltikorea.or.kr/translatedbooks/2289,,번역서 1종 · 예: 地下鐵1号線,포함
Roman. 소시민,이호철,기타,,발표 시기 미상,https://library.ltikorea.or.kr/translatedbooks/1828,,번역서 1종 · 예: Kleine Leute,포함
임철우 중단편선: 붉은 방,임철우,단편소설,,발표 시기 미상,https://library.ltikorea.or.kr/translatedbooks/1829,,번역서 1종 · 예: Das rote Zimmer: Erzählungen,포함
서편제: 한국현대단편선,김동리 외,기타,,발표 시기 미상,https://library.ltikorea.or.kr/translatedbooks/1425,,번역서 1종 · 예: LA CHANTEUSE DE P'ANSORI : PROSE CORÉENNE CONTEMPORAINE,포함
연암소설,박지원,소설,,발표 시기 미상,https://library.ltikorea.or.kr/translatedbooks/2135,,번역서 1종 · 예: Die Schelte des Tigers: Erzählungen von Yeonam Park Jiwon,포함
"Korea, Japan, Ägypten / 진혼곡, 사랑과 죽음의 노래",채운정,기타,,발표 시기 미상,https://library.ltikorea.or.kr/translatedbooks/1889,,번역서 1종 · 예: Gesänge von Liebe und Tod,포함
낫,윤흥길,기타,,발표 시기 미상,https://library.ltikorea.or.kr/translatedbooks/2363,,번역서 1종 · 예: 鎌,포함
먼 그대,서영은,기타,,발표 시기 미상,https://library.ltikorea.or.kr/translatedbooks/2343,,번역서 1종 · 예: 遠ぃあなた,포함
Gedichte aus dem Geist des Zen 먼 그대,오세영,기타,,발표 시기 미상,https://library.ltikorea.or.kr/translatedbooks/1745,,번역서 1종 · 예: Das ferne Du,포함
나그네,박목월,기타,,발표 시기 미상,https://library.ltikorea.or.kr/translatedbooks/1452,,번역서 2종 · 예: Le passant,포함
꽃을 위한 서시,김춘수,기타,,발표 시기 미상,https://library.ltikorea.or.kr/translatedbooks/1451,,번역서 1종 · 예: Prélude au poème pour une fleur,포함
Poèmes bilingues Coréen-français / 어머니,김초혜,기타,,발표 시기 미상,https://library.ltikorea.or.kr/translatedbooks/1450,,번역서 1종 · 예: Mère,포함
Katalog der älteren koreanischen Erzählliteratur Kososŏl in der Niedersächsischen Staats- und Universitätsbibliothek Götting,LIE Hiu,기타,,발표 시기 미상,https://library.ltikorea.or.kr/translatedbooks/415883,,번역서 1종 · 예: Katalog der älteren koreanischen Erzählliteratur Kososŏl in der Niedersächsischen Staats- und Universitätsbibliothek Götting,포함
조선삼국지 (1),유현종,기타,,발표 시기 미상,https://library.ltikorea.or.kr/translatedbooks/2359,,번역서 1종 · 예: 朝鮮三国志１,포함
(실록대하소설) 조선왕조 500년 28: 왜란,신봉승,소설,,발표 시기 미상,https://library.ltikorea.or.kr/translatedbooks/2348,,번역서 1종 · 예: 倭亂,포함
바다의 아코디언,김명인,기타,,발표 시기 미상,https://library.ltikorea.or.kr/translatedbooks/1446,,번역서 1종 · 예: L'Accordéon de la mer et autres poémes,포함
구상시선집,구상,시,,발표 시기 미상,https://library.ltikorea.or.kr/translatedbooks/1443,,번역서 1종 · 예: AUJOURD'HUI L'ÉTERNITÉ,포함
연싸움,Park,기타,,발표 시기 미상,https://library.ltikorea.or.kr/translatedbooks/1014,,번역서 1종 · 예: (The) Kite Fighters,포함
삶과 무로,백한이,시,,발표 시기 미상,https://library.ltikorea.or.kr/translatedbooks/868,,번역서 1종 · 예: Life and misty road: A collection of poems,포함
심청이는 왜 인당수에 몸을 두 번 던졌는가,오태석 외,기타,,발표 시기 미상,https://library.ltikorea.or.kr/translatedbooks/1758,,번역서 1종 · 예: Warum das Mädchen Sim-Tscheong zweimal ins Wasser ging: vier moderne koreanische Theaterstücke,포함
Erzählungen 바람의 넋,오정희,기타,,발표 시기 미상,https://library.ltikorea.or.kr/translatedbooks/1799,,번역서 1종 · 예: Die Seele des Windes,포함
덫,박범신,기타,,발표 시기 미상,https://library.ltikorea.or.kr/translatedbooks/2332,,번역서 1종 · 예: 掟,포함
한국중단편선집,정영선,단편소설,,발표 시기 미상,https://library.ltikorea.or.kr/translatedbooks/1809,,번역서 1종 · 예: Die Sympathie der Goldfisch: Neue Erzählungen aus südkorea,포함
7 spontane politische Stücke aus dem Volk in Auswahl. 한국마당극,임진택,기타,,발표 시기 미상,https://library.ltikorea.or.kr/translatedbooks/1761,,번역서 1종 · 예: KOREANISCHES MADANG-THEATER,포함
어떤 실종,신경숙,기타,,발표 시기 미상,https://library.ltikorea.or.kr/translatedbooks/2346,,번역서 1종 · 예: 或る失踪,포함
영월행 일기,이강백,기타,,발표 시기 미상,https://library.ltikorea.or.kr/translatedbooks/1759,,번역서 1종 · 예: Es ist weit von Seoul nach Yongwol: Vier Theaterstücke,포함
공동경비구역 JSA,박상연,기타,,발표 시기 미상,https://library.ltikorea.or.kr/translatedbooks/2333,,번역서 1종 · 예: JSA: 共同警備区域,포함
日本の植民地と朝鮮戦争を生きた二代の女の物語. 그 많던 싱아는 누가 다 먹었을까,박완서,기타,,발표 시기 미상,https://library.ltikorea.or.kr/translatedbooks/2335,,번역서 1종 · 예: 新女性を生きよ,포함
은마는 오지 않는다,안정효,기타,,발표 시기 미상,https://library.ltikorea.or.kr/translatedbooks/1795,,번역서 1종 · 예: Der silberne Hengst,포함
도쿄아리랑이야기,손창호,기타,,발표 시기 미상,https://library.ltikorea.or.kr/translatedbooks/2345,,번역서 1종 · 예: 東京アリラン物語,포함
drei Erzählungen 착각: 중편집,안정효,기타,,발표 시기 미상,https://library.ltikorea.or.kr/translatedbooks/1796,,번역서 1종 · 예: Illusion,포함
Roman 젊은 날의 초상,이문열,기타,,발표 시기 미상,https://library.ltikorea.or.kr/translatedbooks/1807,,번역서 1종 · 예: Jugendjahre,포함
Roman 원미동 사람들,양귀자,기타,,발표 시기 미상,https://library.ltikorea.or.kr/translatedbooks/1797,,번역서 1종 · 예: Die Leute von Wonmidong,포함
Roman 희망,양귀자,기타,,발표 시기 미상,https://library.ltikorea.or.kr/translatedbooks/1798,,번역서 1종 · 예: HOFFEN,포함
서울 스케치북,양귀자,기타,,발표 시기 미상,https://library.ltikorea.or.kr/translatedbooks/2351,,번역서 1종 · 예: ソウル・スケツチブック,포함
심청전,작자 미상[Unknowned],기타,,발표 시기 미상,https://library.ltikorea.or.kr/translatedbooks/699,,번역서 1종 · 예: The story of Sim Cheong,포함
효녀 심청 이야기,새뮤얼 김,기타,,발표 시기 미상,https://library.ltikorea.or.kr/translatedbooks/698,,"번역서 1종 · 예: The filial daughter, Shim Chong story: One story of an ancient Korean trilogy",포함
"아이누, 아이누",정연희,기타,,발표 시기 미상,https://library.ltikorea.or.kr/translatedbooks/548,,"번역서 1종 · 예: Ainu, Ainu",포함
무진기행: 한국단편선집,김승옥,기타,,발표 시기 미상,https://library.ltikorea.or.kr/translatedbooks/461,,번역서 1종 · 예: Journey to Mujin: Anthology of Korean Short Fictions,포함
선에 관한 소묘: 문덕수 시선,문덕수,시,,발표 시기 미상,https://library.ltikorea.or.kr/translatedbooks/624,,번역서 1종 · 예: Drawing Lines: selected poems of Moon Dok-su,포함
흥부전,작자 미상[Unknowned],기타,,발표 시기 미상,https://library.ltikorea.or.kr/translatedbooks/707,,"번역서 2종 · 예: The Story of Two Brothers, Nol-bu and Hŭng-bu: One story of an ancient Korean trilogy",포함
가까운 골짜기,강석경,기타,,발표 시기 미상,https://library.ltikorea.or.kr/translatedbooks/709,,번역서 1종 · 예: The Valley Nearby,포함
콩쥐팥쥐전,작자 미상[Unknowned],기타,,발표 시기 미상,https://library.ltikorea.or.kr/translatedbooks/704,,번역서 1종 · 예: The story of Kongjwi & Patjwi,포함
전후세대 100인 시선집,강은교 외,시,,발표 시기 미상,https://library.ltikorea.or.kr/translatedbooks/2553,,번역서 1종 · 예: 青い憧れ : 日•韓 戰後世代100人詩選集世界時人叢書,포함
바람과 나무,김남조,시,,발표 시기 미상,https://library.ltikorea.or.kr/translatedbooks/414137,,번역서 2종 · 예: 風と木々: 金南祚詩集,포함
김남주시집: 농부의 밤,김남주,시,,발표 시기 미상,https://library.ltikorea.or.kr/translatedbooks/414138,,번역서 1종 · 예: 農夫の夜 : 金南柱詩集,포함
a novel. 분단기,정을병,기타,,발표 시기 미상,https://library.ltikorea.or.kr/translatedbooks/501,,번역서 1종 · 예: A Divided Time,포함
the collected poetry of Yun Dongju. 하늘과 바람과 별과 시,윤동주,시,,발표 시기 미상,https://library.ltikorea.or.kr/translatedbooks/652,,"번역서 1종 · 예: Heaven, the wind, stars and poems",포함
김수영 전집,김수영,시,,발표 시기 미상,https://library.ltikorea.or.kr/translatedbooks/7407,,번역서 1종 · 예: 金洙暎 全詩集,포함
렌의 애가,모윤숙,시,,발표 시기 미상,https://library.ltikorea.or.kr/translatedbooks/414143,,번역서 1종 · 예: Twenty-three Poems by Youn Sook Moh,포함
第1卷 : 현대한국문학선집 제1권 장편소설Ⅰ,최인훈,장편소설,,발표 시기 미상,https://library.ltikorea.or.kr/translatedbooks/414145,,번역서 1종 · 예: 現代韓国文学選集. 長篇小說 1,포함
selected poems. 삼거리 술집: 고은 시선집,고은,시,,발표 시기 미상,https://library.ltikorea.or.kr/translatedbooks/996,,번역서 1종 · 예: The three Way Tavern: Selected Poems,포함
가상현실,김영무,기타,,발표 시기 미상,https://library.ltikorea.or.kr/translatedbooks/610,,번역서 1종 · 예: Virtual reality,포함
One Story of an ancient korean trilogy. 춘향전,작자 미상[Unknowned],기타,,발표 시기 미상,https://library.ltikorea.or.kr/translatedbooks/703,,"번역서 1종 · 예: The Pure-Hearted Lady, Chun-hyang Story",포함
이강백 희곡선,이강백,희곡,,발표 시기 미상,https://library.ltikorea.or.kr/translatedbooks/692,,번역서 1종 · 예: Allegory of survival : the theater of Kang-baek Lee,포함
selected poems of Kim Seung-hee. 김승희 시선,김승희,기타,,발표 시기 미상,https://library.ltikorea.or.kr/translatedbooks/998,,번역서 1종 · 예: I want to Hijack an Airplane,포함
사물의 꿈,정현종,시,,발표 시기 미상,https://library.ltikorea.or.kr/translatedbooks/999,,번역서 1종 · 예: The Dream of things: Selected Poems of Hyonjong Chong,포함
이윤택 희곡선,이윤택,희곡,,발표 시기 미상,https://library.ltikorea.or.kr/translatedbooks/1001,,번역서 1종 · 예: Four contemporary Korean plays,포함
까치소리,김동리,기타,,발표 시기 미상,https://library.ltikorea.or.kr/translatedbooks/714,,번역서 1종 · 예: The cry of the magpies,포함
끊어진 다리,정한숙,기타,,발표 시기 미상,https://library.ltikorea.or.kr/translatedbooks/410508,,번역서 1종 · 예: Bridge,포함
시간의 동공,박주택,시,,발표 시기 미상,https://library.ltikorea.or.kr/translatedbooks/2762,,번역서 1종 · 예: 時間の瞳孔 : 朴柱澤詩集,포함
selected poems by Kim Ch'un-Su. 김춘수 시선,김춘수,기타,,발표 시기 미상,https://library.ltikorea.or.kr/translatedbooks/616,,번역서 1종 · 예: The Snow Falling on Chagall's Village,포함
만취당기,김문수,기타,,발표 시기 미상,https://library.ltikorea.or.kr/translatedbooks/718,,번역서 1종 · 예: The chronicle of Manchwidang,포함
"the pagoda, an epic & other poems. 렌의 애가",모윤숙,시,,발표 시기 미상,https://library.ltikorea.or.kr/translatedbooks/490,,"번역서 1종 · 예: Wren's Elegy, prose, The Pagoda, an epic & Other Poems",포함
"토끼전, 장끼전",작자 미상[Unknowned],기타,,발표 시기 미상,https://library.ltikorea.or.kr/translatedbooks/705,,"번역서 2종 · 예: The story of rabbit, The story of cock pheasant",포함
무서록,이태준,기타,,발표 시기 미상,https://library.ltikorea.or.kr/translatedbooks/7404,,번역서 1종 · 예: Eastern Sentiments,포함
식민지 시대의 한국 희곡,유치진,희곡,,발표 시기 미상,https://library.ltikorea.or.kr/translatedbooks/691,,번역서 1종 · 예: Korean drama under Japanese occupation,포함
two novellas 가면고 외,최인훈,기타,,발표 시기 미상,https://library.ltikorea.or.kr/translatedbooks/792,,번역서 1종 · 예: Reflections on a Mask,포함
a novel of nineteenth century Korea 만남,한무숙,기타,,발표 시기 미상,https://library.ltikorea.or.kr/translatedbooks/803,,번역서 1종 · 예: Encounter,포함
poems of Chŏng Chi-Yong. 먼 계곡,정지용,기타,,발표 시기 미상,https://library.ltikorea.or.kr/translatedbooks/661,,번역서 1종 · 예: Distant Valleys,포함
아버지와 아들,한승원,기타,,발표 시기 미상,https://library.ltikorea.or.kr/translatedbooks/807,,번역서 1종 · 예: Father and Son,포함
농무,신경림,기타,,발표 시기 미상,https://library.ltikorea.or.kr/translatedbooks/3088,,번역서 1종 · 예: Farmers’ Dance-,포함
총독의 소리,최인훈,단편소설,,발표 시기 미상,https://library.ltikorea.or.kr/translatedbooks/811,,번역서 1종 · 예: The Voice of the Governor General and Other Stories of Modern Korea,포함
사나이,황순원,기타,,발표 시기 미상,https://library.ltikorea.or.kr/translatedbooks/814,,번역서 1종 · 예: A man,포함
소리 그림자,황순원,기타,,발표 시기 미상,https://library.ltikorea.or.kr/translatedbooks/815,,번역서 1종 · 예: Shadows of a Sound,포함
한국삼인시집,구상 외,시,,발표 시기 미상,https://library.ltikorea.or.kr/translatedbooks/2203,,번역서 1종 · 예: 韓国三人詩集,포함
한국시35인선,김광림 외,시,,발표 시기 미상,https://library.ltikorea.or.kr/translatedbooks/2204,,번역서 1종 · 예: 韓国詩35人選 : 文学アカデミ詞華集,포함
"그 밤, 호롱불을 밝히고",임철우,기타,,발표 시기 미상,https://library.ltikorea.or.kr/translatedbooks/776,,"번역서 1종 · 예: With her oil lamp on, that night",포함
이어도,정한숙,기타,,발표 시기 미상,https://library.ltikorea.or.kr/translatedbooks/780,,번역서 1종 · 예: IYŎ ISLAND,포함
시사회 외 9편,조선작,단편소설,,발표 시기 미상,https://library.ltikorea.or.kr/translatedbooks/781,,번역서 1종 · 예: The Preview and Other Stories,포함
early masters of modern Korean fiction. 한국현대 초기작가 소설선,채만식,소설,,발표 시기 미상,https://library.ltikorea.or.kr/translatedbooks/786,,번역서 1종 · 예: A Ready - Made Life,포함
와사등,김광균,기타,,발표 시기 미상,https://library.ltikorea.or.kr/translatedbooks/592,,번역서 1종 · 예: Gas Light,포함
"selected poems by Ku Sang. 오늘 속의 영원, 영원 속의 오늘",구상,시,,발표 시기 미상,https://library.ltikorea.or.kr/translatedbooks/1329,,번역서 1종 · 예: Eternity today: selected poems by Ku Sang,포함
그대 떠난 후 더욱 사랑하게 되었네,김소엽,기타,,발표 시기 미상,https://library.ltikorea.or.kr/translatedbooks/595,,"번역서 1종 · 예: My love, my star",포함
우물가에서,김소엽,시,,발표 시기 미상,https://library.ltikorea.or.kr/translatedbooks/602,,번역서 1종 · 예: At the well: Selected poems,포함
김소월 시집,김소월,시,,발표 시기 미상,https://library.ltikorea.or.kr/translatedbooks/601,,번역서 1종 · 예: Unforgettable love,포함
김소월 시선집,김소월,시,,발표 시기 미상,https://library.ltikorea.or.kr/translatedbooks/597,,번역서 1종 · 예: Fugitive Dreams: Poems by Sowŏl Kim,포함
한국의 현대문학 제4권 중편소설 II,김준성 외,소설,,발표 시기 미상,https://library.ltikorea.or.kr/translatedbooks/2219,,번역서 1종 · 예: 韓国の現代文学. 第4卷 中編小說 II,포함
한국의 현대문학 제2권 장편소설I I,김원일,장편소설,,발표 시기 미상,https://library.ltikorea.or.kr/translatedbooks/2218,,번역서 1종 · 예: 韓国の現代文学. 第2巻 長編小説 II,포함
한국현대단편소설,김승옥 외,단편소설,,발표 시기 미상,https://library.ltikorea.or.kr/translatedbooks/2216,,번역서 1종 · 예: 韓国現代短編小説,포함
메밀 꽃 필 무렵: 일제시대민족문학대역선,이효석 외,기타,,발표 시기 미상,https://library.ltikorea.or.kr/translatedbooks/2208,,번역서 1종 · 예: そばの花のさく頃: 日帝時代民族文学対訳選,포함
한국단편소설선,김동리 외,단편소설,,발표 시기 미상,https://library.ltikorea.or.kr/translatedbooks/2207,,번역서 1종 · 예: 韓国短篇小説選,포함
한국의 현대문학 제5권 단편소설,김동리 외,단편소설,,발표 시기 미상,https://library.ltikorea.or.kr/translatedbooks/2205,,"번역서 1종 · 예: 韓国の現代文学. 第5巻, 短編小説",포함
Admiral Yi Sun-sin's memorials to court / 임진 장초,이순신,기타,,발표 시기 미상,https://library.ltikorea.or.kr/translatedbooks/821,,번역서 1종 · 예: Imjin Changch'o,포함
충정로사람들,성기조,시,,발표 시기 미상,https://library.ltikorea.or.kr/translatedbooks/2555,,번역서 1종 · 예: 忠正路の人々 : 成耆兆詩集,포함
불꽃 : 선우휘번역집,선우휘,기타,,발표 시기 미상,https://library.ltikorea.or.kr/translatedbooks/2540,,번역서 1종 · 예: 火花 : 鮮于煇翻譯集,포함
뻐꾸기의 고향: 한국현대단편소설집.,류기수,단편소설,,발표 시기 미상,https://library.ltikorea.or.kr/translatedbooks/2541,,번역서 1종 · 예: 郭公の故郷: 韓国現代短編小説集,포함
일동장유가,김인겸,기타,,발표 시기 미상,https://library.ltikorea.or.kr/translatedbooks/2543,,번역서 1종 · 예: 日東壮遊歄 : ハソグルつづる朝鮮通信使の記錄,포함
한국의 고전단가,작자미상,기타,,발표 시기 미상,https://library.ltikorea.or.kr/translatedbooks/2544,,번역서 1종 · 예: 韓國の古典短歌 : 古時調のいぶき,포함
너에게 시가 왔느냐: 고은시선집,고은,시,,발표 시기 미상,https://library.ltikorea.or.kr/translatedbooks/2545,,번역서 1종 · 예: いま、君に詩が来たのか : 高銀詩選集,포함
사랑의 시:고시조,작자 미상[Unknowned],시조,,발표 시기 미상,https://library.ltikorea.or.kr/translatedbooks/627,,번역서 1종 · 예: Love poems from old Korea in sijo form,포함
selected poems of Pak Tu-jin. 박두진 시선,박두진,기타,,발표 시기 미상,https://library.ltikorea.or.kr/translatedbooks/629,,"번역서 1종 · 예: River of Life, River of Hope",포함
poems. 가난한 어부,박형봉,기타,,발표 시기 미상,https://library.ltikorea.or.kr/translatedbooks/635,,번역서 1종 · 예: A Poor Fisherman by Hyung Bong Park,포함
시집 신라풍류: 시로 보는 한국사 5천년,서정주,시,,발표 시기 미상,https://library.ltikorea.or.kr/translatedbooks/2267,,번역서 1종 · 예: 詩集 · 新羅風流 -詩でたどる韓國史五千年-,포함
신벽암록,신동춘,기타,,발표 시기 미상,https://library.ltikorea.or.kr/translatedbooks/2270,,번역서 1종 · 예: 新碧巖錄,포함
잊히지 않는 사람들,류춘도,기타,,발표 시기 미상,https://library.ltikorea.or.kr/translatedbooks/2272,,번역서 1종 · 예: 忘れ得ぬ人々,포함
고담과 전설,작자 미상[Unknowned],소설,,발표 시기 미상,https://library.ltikorea.or.kr/translatedbooks/838,,번역서 1종 · 예: Folk Tales of Old Korea,포함
박형봉 시선집,박형봉,시,,발표 시기 미상,https://library.ltikorea.or.kr/translatedbooks/636,,번역서 1종 · 예: The guiltless,포함
홀로 있을 때,박형봉,기타,,발표 시기 미상,https://library.ltikorea.or.kr/translatedbooks/637,,번역서 1종 · 예: Being alone,포함
selected poems of Park Hi-jin. 박희진 시선집,박희진,시,,발표 시기 미상,https://library.ltikorea.or.kr/translatedbooks/638,,번역서 1종 · 예: Sunrise over the east sea,포함
성 김대건 안드레아 : 한국의 첫 사제,배달순,기타,,발표 시기 미상,https://library.ltikorea.or.kr/translatedbooks/639,,번역서 1종 · 예: Saint Andrew Kim Dae-gon : The first Korea Priest,포함
테라스의 여자,문정희,기타,,발표 시기 미상,https://library.ltikorea.or.kr/translatedbooks/626,,번역서 1종 · 예: Woman on the terrace,포함
poems of Park Je-chun. 박제천 시선집,박제천,시,,발표 시기 미상,https://library.ltikorea.or.kr/translatedbooks/633,,번역서 1종 · 예: Sending the ship out to the stars: poems of Park Je-chun,포함
무사무이 동이대통,김흥호,기타,,발표 시기 미상,https://library.ltikorea.or.kr/translatedbooks/826,,번역서 1종 · 예: Thought beyond thought,포함
selected poems. 김광규 시선 1988-2002,김광규,기타,,발표 시기 미상,https://library.ltikorea.or.kr/translatedbooks/590,,번역서 1종 · 예: The Depth of a Clam,포함
poems of Chang Soo Ko. 거미가 한 말: 고창수 시선,고창수,시,,발표 시기 미상,https://library.ltikorea.or.kr/translatedbooks/582,,번역서 1종 · 예: What the spider said: poems of Chang Soo Ko,포함
108 Korean Zen poems. 자아를 넘어서: 선시선(禪詩選) 108편,고은,시,,발표 시기 미상,https://library.ltikorea.or.kr/translatedbooks/579,,번역서 1종 · 예: Beyond Self: 108 Korean Zen Poems By Ko Un,포함
김광규 시집,김광규,시,,발표 시기 미상,https://library.ltikorea.or.kr/translatedbooks/2256,,번역서 1종 · 예: 金光圭詩集,포함
poems. 순간의 꽃,고은,시,,발표 시기 미상,https://library.ltikorea.or.kr/translatedbooks/578,,번역서 1종 · 예: Flowers of a moment poems,포함
김광림 시집,김광림,시,,발표 시기 미상,https://library.ltikorea.or.kr/translatedbooks/2257,,번역서 1종 · 예: キム・クヮンリム(金光林)詩集,포함
바람의 세례,김남조,시,,발표 시기 미상,https://library.ltikorea.or.kr/translatedbooks/2258,,번역서 1종 · 예: 風の洗礼 : 金南祚詩集,포함
박목월 시선집,박목월,시,,발표 시기 미상,https://library.ltikorea.or.kr/translatedbooks/630,,번역서 1종 · 예: Selected poems of Pak Mogwol,포함
poems. 부서진 말들,박이문,기타,,발표 시기 미상,https://library.ltikorea.or.kr/translatedbooks/631,,번역서 1종 · 예: Broken words,포함
정호승 시선: 서울의 예수,정호승,기타,,발표 시기 미상,https://library.ltikorea.or.kr/translatedbooks/2254,,번역서 1종 · 예: ソウルのイエス,포함
지금은 빛나지 않아도: 박노해 시집,박노해,시,,발표 시기 미상,https://library.ltikorea.or.kr/translatedbooks/2264,,번역서 1종 · 예: いまは輝かなくとも: 朴ノヘ詩集,포함
박용철시선,박용철,시,,발표 시기 미상,https://library.ltikorea.or.kr/translatedbooks/2265,,번역서 1종 · 예: 朴龍喆詩選,포함
분단에 꽃이 피리라,유순,기타,,발표 시기 미상,https://library.ltikorea.or.kr/translatedbooks/632,,번역서 1종 · 예: A pensive bird of national division,포함
개구리가 알을 낳았어,이성실,기타,,발표 시기 미상,https://library.ltikorea.or.kr/translatedbooks/1006,,번역서 1종 · 예: Look! a frog has laid its eggs,포함
소묘,문덕수,기타,,발표 시기 미상,https://library.ltikorea.or.kr/translatedbooks/2252,,번역서 1종 · 예: 素描,포함
행여 님이 오실까,김소엽,기타,,발표 시기 미상,https://library.ltikorea.or.kr/translatedbooks/606,,번역서 1종 · 예: In case you may drop by,포함
그 여자의 연인,박연희,기타,,발표 시기 미상,https://library.ltikorea.or.kr/translatedbooks/727,,번역서 1종 · 예: The man she loved,포함
poems. 문정희 시선,문정희,기타,,발표 시기 미상,https://library.ltikorea.or.kr/translatedbooks/625,,번역서 1종 · 예: Windflower,포함
시간의 쪽배: 오세영 시집,오세영,시,,발표 시기 미상,https://library.ltikorea.or.kr/translatedbooks/2253,,번역서 1종 · 예: 詩集 時間の丸木舟,포함
현대한국단편선,신경숙,단편소설,,발표 시기 미상,https://library.ltikorea.or.kr/translatedbooks/2231,,번역서 1종 · 예: 現代韓国短篇選. 上,포함
한국의 현대문학 제6권 시,서정주,시,,발표 시기 미상,https://library.ltikorea.or.kr/translatedbooks/2230,,번역서 1종 · 예: 韓国の現代文学. 第6卷 詩,포함
한국현대문학13인집,선우휘,기타,,발표 시기 미상,https://library.ltikorea.or.kr/translatedbooks/2227,,번역서 1종 · 예: 韓国現代文学13人集,포함
소설가 구보씨의 일일 외 13편,박태원,소설,,발표 시기 미상,https://library.ltikorea.or.kr/translatedbooks/2226,,번역서 1종 · 예: 小説家仇甫氏の一日 : ほか十三編 : 短編小説集,포함
"現代韓国小説選. 2, 恐怖の季節・アリラン",이승옥,기타,,발표 시기 미상,https://library.ltikorea.or.kr/translatedbooks/2225,,"번역서 1종 · 예: 現代韓国小説選. 2, 恐怖の季節・アリラン",포함
녹,양귀자,기타,,발표 시기 미상,https://library.ltikorea.or.kr/translatedbooks/741,,번역서 1종 · 예: Rust,포함
슬픔도 힘이 된다,양귀자,기타,,발표 시기 미상,https://library.ltikorea.or.kr/translatedbooks/743,,번역서 1종 · 예: Strength from sorrow,포함
얼음꽃의 비석,김양식,시,,발표 시기 미상,https://library.ltikorea.or.kr/translatedbooks/2251,,번역서 1종 · 예: (長篇叙事詩集) 凛華の碑 : 忘れられた記憶のむこうに,포함
현대한국소설선 3,황석영,소설,,발표 시기 미상,https://library.ltikorea.or.kr/translatedbooks/2249,,"번역서 1종 · 예: 現代韓国小說選. 3, 客地. 月夜を行く. 血痕",포함
한국근현대시조선집,최남선 외,시조,,발표 시기 미상,https://library.ltikorea.or.kr/translatedbooks/2245,,번역서 1종 · 예: 韓国近現代時調選集,포함
한국의 현대문학 제1권 장편소설,이호철,장편소설,,발표 시기 미상,https://library.ltikorea.or.kr/translatedbooks/2240,,번역서 1종 · 예: 韓国の現代文学. 第1巻 長編小説,포함
샤갈의 마을에 내리는 눈,김춘수,기타,,발표 시기 미상,https://library.ltikorea.or.kr/translatedbooks/617,,번역서 1종 · 예: The snow falling on Chagall's village,포함
selected poems. 김지하 시선집,김지하,시,,발표 시기 미상,https://library.ltikorea.or.kr/translatedbooks/615,,번역서 1종 · 예: Heart's Agony,포함
selected poems of Kim Chi Ha. 김지하 시선집,김지하,시,,발표 시기 미상,https://library.ltikorea.or.kr/translatedbooks/613,,번역서 1종 · 예: The Middle Hour: Selected Poems of Kim Chi Ha,포함
selected poems 1968 - 1997. 김종철 시선,김종철,기타,,발표 시기 미상,https://library.ltikorea.or.kr/translatedbooks/611,,번역서 1종 · 예: The floating island,포함
1-2 / 한국 현대시 모음,김춘수,시,,발표 시기 미상,https://library.ltikorea.or.kr/translatedbooks/618,,번역서 1종 · 예: Anthology of contemporary Korean poetry,포함
한국현대시집,이상 외,시,,발표 시기 미상,https://library.ltikorea.or.kr/translatedbooks/2236,,번역서 1종 · 예: 世界現代詩文庫 II 韓國現代詩集,포함
한국환상소설걸작선,신채호 외,소설,,발표 시기 미상,https://library.ltikorea.or.kr/translatedbooks/2233,,번역서 1종 · 예: 朝鮮幻想小說傑作選,포함
"現代韓国小説選. 1, 帝国幽霊 黄狗の悲鳴",이승옥,기타,,발표 시기 미상,https://library.ltikorea.or.kr/translatedbooks/2232,,"번역서 2종 · 예: 現代韓国小説選. 1, 帝国幽霊 黄狗の悲鳴",포함
an anthology of poems. 쓸쓸하지 않은 사람들,김양식,기타,,발표 시기 미상,https://library.ltikorea.or.kr/translatedbooks/609,,번역서 1종 · 예: They are never lonely,포함
김혜순 시선,김혜순,기타,,발표 시기 미상,https://library.ltikorea.or.kr/translatedbooks/619,,번역서 1종 · 예: Mommy Must be a Fountain of Feathers,포함
어두워진다는 것은,나희덕,기타,,발표 시기 미상,https://library.ltikorea.or.kr/translatedbooks/620,,번역서 1종 · 예: What is Darkening,포함
이슬의 눈,마종기,기타,,발표 시기 미상,https://library.ltikorea.or.kr/translatedbooks/621,,번역서 1종 · 예: Eyes of dew,포함
6 stories 현대한국여성작가단편,김현경,단편소설,,발표 시기 미상,https://library.ltikorea.or.kr/translatedbooks/2248,,번역서 1종 · 예: 6 stories : 現代韓国女性作家短編,포함
Korean stories. 오영수 단편선,오영수,기타,,발표 시기 미상,https://library.ltikorea.or.kr/translatedbooks/746,,번역서 1종 · 예: The Good People,포함
밤이 깊으면,서정주,기타,,발표 시기 미상,https://library.ltikorea.or.kr/translatedbooks/641,,번역서 1종 · 예: The early lyrics 1941~1960,포함
운영전: 조선 시대 왕궁에서의 밀애,Pettid,기타,,발표 시기 미상,https://library.ltikorea.or.kr/translatedbooks/221,,번역서 1종 · 예: Unyŏng-jŏn : a love affair at the royal palace of Chosŏn Korea,포함
보이지 않는 산,신창호,기타,,발표 시기 미상,https://library.ltikorea.or.kr/translatedbooks/649,,번역서 1종 · 예: Invisible mountains,포함
selected poems. 오는 세월 가는 세월,신창호,시,,발표 시기 미상,https://library.ltikorea.or.kr/translatedbooks/650,,번역서 1종 · 예: In the flux of time : Selected Poems,포함
Flowers long for stars / 꽃들은 별을 우러르며 산다,오세영,기타,,발표 시기 미상,https://library.ltikorea.or.kr/translatedbooks/651,,번역서 1종 · 예: Flowers long for stars / 꽃들은 별을 우러르며 산다,포함
a novel. 수색: 그 물빛 무늬,이순원,기타,,발표 시기 미상,https://library.ltikorea.or.kr/translatedbooks/764,,번역서 1종 · 예: SUSAEK,포함
two novellas. 장군의 수염,이어령,기타,,발표 시기 미상,https://library.ltikorea.or.kr/translatedbooks/766,,번역서 1종 · 예: The General's Beard,포함
a novel. 김약국의 딸들,박경리,기타,,발표 시기 미상,https://library.ltikorea.or.kr/translatedbooks/725,,번역서 1종 · 예: The curse of Kim's daughters,포함
사진관 살인사건,김영하,기타,,발표 시기 미상,https://library.ltikorea.or.kr/translatedbooks/721,,번역서 1종 · 예: Photo shop murder,포함
동물원,이수지,기타,,발표 시기 미상,https://library.ltikorea.or.kr/translatedbooks/1007,,번역서 1종 · 예: The zoo,포함
구름피리 : 조병화 시집,조병화,시,,발표 시기 미상,https://library.ltikorea.or.kr/translatedbooks/2285,,번역서 1종 · 예: 雲の笛: 趙炳華詩集,포함
천지간,윤대녕,기타,,발표 시기 미상,https://library.ltikorea.or.kr/translatedbooks/749,,번역서 1종 · 예: Between heaven and earth,포함
황혼의 집: 윤흥길 단편선,윤흥길,기타,,발표 시기 미상,https://library.ltikorea.or.kr/translatedbooks/751,,번역서 1종 · 예: The house of twilight,포함
Yi Kwang-su and modern Korean literature. 무정,이광수,기타,,발표 시기 미상,https://library.ltikorea.or.kr/translatedbooks/752,,번역서 1종 · 예: Mujǒng,포함
이동하 소설선,이동하,소설,,발표 시기 미상,https://library.ltikorea.or.kr/translatedbooks/755,,번역서 1종 · 예: Shrapnel and Other Stories,포함
a novel. 농민,이무영,장편소설,,발표 시기 미상,https://library.ltikorea.or.kr/translatedbooks/756,,번역서 1종 · 예: Farmers: A Novel,포함
두겹의 노래,이문열,기타,,발표 시기 미상,https://library.ltikorea.or.kr/translatedbooks/757,,번역서 1종 · 예: Twofold song,포함
아우와의 만남,이문열,기타,,발표 시기 미상,https://library.ltikorea.or.kr/translatedbooks/760,,번역서 1종 · 예: An appointment with my brother,포함
마록열전,서기원,기타,,발표 시기 미상,https://library.ltikorea.or.kr/translatedbooks/732,,번역서 1종 · 예: The Ma Rok biographies,포함
산행,서영은,기타,,발표 시기 미상,https://library.ltikorea.or.kr/translatedbooks/734,,번역서 1종 · 예: A walk in the mountains,포함
물 위에 떠있는 도시,손장순,장편소설,,발표 시기 미상,https://library.ltikorea.or.kr/translatedbooks/736,,번역서 1종 · 예: A Floating City on the Water : a novel,포함
Song Yong stories. 송영 단편선,송영,기타,,발표 시기 미상,https://library.ltikorea.or.kr/translatedbooks/738,,번역서 1종 · 예: Diary of a Vagabond,포함
여행 가깝고도 먼 이국의 친구에게,조병화,기타,,발표 시기 미상,https://library.ltikorea.or.kr/translatedbooks/2284,,번역서 1종 · 예: 旅 ~近くて遠い異国の友へ-,포함
poems. 안 잊혀지는 일들,서정주,기타,,발표 시기 미상,https://library.ltikorea.or.kr/translatedbooks/643,,번역서 1종 · 예: Unforgettable Things,포함
초토의 시,구상,시,,발표 시기 미상,https://library.ltikorea.or.kr/translatedbooks/587,,번역서 1종 · 예: Wasteland poems,포함
selected poems of Choi Seungho. 최승호 시선,최승호,기타,,발표 시기 미상,https://library.ltikorea.or.kr/translatedbooks/673,,번역서 1종 · 예: Flowers in the Toilet Bowl,포함
정현종 시선,정현종,기타,,발표 시기 미상,https://library.ltikorea.or.kr/translatedbooks/663,,번역서 1종 · 예: Day-Shine,포함
selected poems. 초토의 시,구상,기타,,발표 시기 미상,https://library.ltikorea.or.kr/translatedbooks/588,,번역서 1종 · 예: Wastelands of Fire,포함
검은 꽃 피는 하늘,정기석,기타,,발표 시기 미상,https://library.ltikorea.or.kr/translatedbooks/660,,번역서 1종 · 예: Black Flower in the Sky,포함
21세기일한신예100인시선집,정호승,시,,발표 시기 미상,https://library.ltikorea.or.kr/translatedbooks/2554,,번역서 1종 · 예: 21世紀日韓新鋭100人詩選集,포함
조선단편소설선,이효석,단편소설,,발표 시기 미상,https://library.ltikorea.or.kr/translatedbooks/2241,,번역서 1종 · 예: 朝鮮短編小説選,포함
빙선 (21세기세계시인선서 2),안도현,시,,발표 시기 미상,https://library.ltikorea.or.kr/translatedbooks/2556,,번역서 1종 · 예: 氷蟬 21世紀世界詩人選書 2,포함
이상시집,이상,시,,발표 시기 미상,https://library.ltikorea.or.kr/translatedbooks/2558,,번역서 1종 · 예: 李箱詩集,포함
공포의 계절 아리랑,이승옥,기타,,발표 시기 미상,https://library.ltikorea.or.kr/translatedbooks/414336,,"번역서 1종 · 예: 現代韓国小説選. 2, 恐怖の季節・アリラン",포함
한국 여성 시선,이향지,기타,,발표 시기 미상,https://library.ltikorea.or.kr/translatedbooks/659,,번역서 2종 · 예: Echoing Song: contemporary Korea Women Poets,포함
poems for children / 넉점 반,윤석중,기타,,발표 시기 미상,https://library.ltikorea.or.kr/translatedbooks/655,,번역서 1종 · 예: Half past four,포함
Korean-American literature . 시향 = 詩香,최언홍,시,,발표 시기 미상,https://library.ltikorea.or.kr/translatedbooks/674,,번역서 1종 · 예: Fragrance of Poetry,포함
poems. 미시령 큰바람,황동규,시,,발표 시기 미상,https://library.ltikorea.or.kr/translatedbooks/684,,번역서 1종 · 예: Strong winds at Mishi Pass poems,포함
selected poems of Ji-woo Hwang. 새들도 세상을 뜨는구나,황지우,기타,,발표 시기 미상,https://library.ltikorea.or.kr/translatedbooks/686,,번역서 1종 · 예: Even Birds Leave the World,포함
a selection of Korean zen poems . 한국선시,김달진,시,,발표 시기 미상,https://library.ltikorea.or.kr/translatedbooks/687,,번역서 1종 · 예: Because of the rain: a selection of Korean zen poems,포함
five plays from the Korean avant-garde. 오태석 희곡선,오태석,희곡,,발표 시기 미상,https://library.ltikorea.or.kr/translatedbooks/689,,번역서 1종 · 예: The metacultural theater of Oh T'ae-sŏk,포함
"selected poems-2 of Tae-jin Pak, Korean. 박태진 시선집",박태진,시,,발표 시기 미상,https://library.ltikorea.or.kr/translatedbooks/414589,,"번역서 1종 · 예: The hill where-on winds never lull, and others",포함
남남,조병화,기타,,발표 시기 미상,https://library.ltikorea.or.kr/translatedbooks/413711,,번역서 1종 · 예: Strangers,포함
구름이 지나는 곳,조병화,시,,발표 시기 미상,https://library.ltikorea.or.kr/translatedbooks/413708,,번역서 1종 · 예: Where Clouds Pass By: Selected Poems of Cho Byung-Hwa,포함
밤의 이야기,조병화,기타,,발표 시기 미상,https://library.ltikorea.or.kr/translatedbooks/413585,,번역서 1종 · 예: Night Talk,포함
님의 침묵 외,한용운,시,,발표 시기 미상,https://library.ltikorea.or.kr/translatedbooks/680,,번역서 1종 · 예: Love's Silence & Other Poems,포함
river and fields. 강과 밭,구상,기타,,발표 시기 미상,https://library.ltikorea.or.kr/translatedbooks/584,,번역서 1종 · 예: A Korean Century-River and Fields,포함
poems. 모과 옹두리에도 사연이,구상,시,,발표 시기 미상,https://library.ltikorea.or.kr/translatedbooks/585,,번역서 1종 · 예: Even the knots on quince trees: Poems,포함
김남조 시선,김남조,시,,발표 시기 미상,https://library.ltikorea.or.kr/translatedbooks/410989,,번역서 1종 · 예: Selected poems of Kim Namjo,포함
한국현대여류시인선집,박제천,기타,,발표 시기 미상,https://library.ltikorea.or.kr/translatedbooks/676,,번역서 1종 · 예: 12 contemporary Korean poetesses,포함
몽골기행,최승범,기타,,발표 시기 미상,https://library.ltikorea.or.kr/translatedbooks/2559,,번역서 1종 · 예: モンゴル 紀行,포함
"서른, 잔치는 끝났다(21세기해외시인선서)",최은미,시,,발표 시기 미상,https://library.ltikorea.or.kr/translatedbooks/2560,,번역서 1종 · 예: 三十、宴は終わった： チェ・ヨンミ選詩集 (21世紀海外詩人選書),포함
하느님의 램프: 김남조선시집,김남조,시,,발표 시기 미상,https://library.ltikorea.or.kr/translatedbooks/2551,,번역서 1종 · 예: 神のランプ : 金南祚選詩集,포함
"한국의율리시즈, 김광림에게",新川和,기타,,발표 시기 미상,https://library.ltikorea.or.kr/translatedbooks/2550,,번역서 1종 · 예: 韓國のュリシ一ズ キムㆍクヮソリム(金光林)ヘ,포함
"속, 김광림 시집 108선",김광림,시,,발표 시기 미상,https://library.ltikorea.or.kr/translatedbooks/2549,,번역서 1종 · 예: (続) キム・クヮンリム詩集 108選,포함
collection of selected poems in Korean and English. 바디 랭귀지: 한영 대역 시선집,함혜련,시,,발표 시기 미상,https://library.ltikorea.or.kr/translatedbooks/683,,번역서 1종 · 예: Body language,포함
A Korean classic / 구운몽,김만중,기타,,발표 시기 미상,https://library.ltikorea.or.kr/translatedbooks/414271,,번역서 1종 · 예: the nine cloud dream,포함
뗏목을 타고 (동아시아호의 연시),김광림,시,,발표 시기 미상,https://library.ltikorea.or.kr/translatedbooks/2548,,번역서 1종 · 예: 筏に乗って : 東アジア号の連詩,포함
불새,권오택,시,,발표 시기 미상,https://library.ltikorea.or.kr/translatedbooks/2547,,번역서 1종 · 예: (詩集) 火の鳥,포함
파도,강신재,기타,,발표 시기 미상,https://library.ltikorea.or.kr/translatedbooks/415770,,번역서 1종 · 예: The Waves,포함
시,구상,시,,발표 시기 미상,https://library.ltikorea.or.kr/translatedbooks/6840,,번역서 1종 · 예: Poems,포함
황순원 단편집: 목넘이 마을의 개 외,황순원,단편소설,,발표 시기 미상,https://library.ltikorea.or.kr/translatedbooks/7403,,번역서 1종 · 예: Lost Souls : stories,포함
금옥이: 한국민담집,작자 미상[Unknowned],소설,,발표 시기 미상,https://library.ltikorea.or.kr/translatedbooks/839,,번역서 1종 · 예: Kumokie: a bride of old Korea,포함
히로시마의 갈매기,정기석,시,,발표 시기 미상,https://library.ltikorea.or.kr/translatedbooks/2280,,번역서 1종 · 예: 広島のカモメ: 丁奇錫詩集,포함
이육사시집,이육사,시,,발표 시기 미상,https://library.ltikorea.or.kr/translatedbooks/2276,,번역서 1종 · 예: 李陸史詩集,포함
이성부시집 -우리들의 양식 외-,이성부,시,,발표 시기 미상,https://library.ltikorea.or.kr/translatedbooks/2275,,번역서 1종 · 예: 李盛夫詩集-我等の糧他,포함
초이김양식시선,김양식,시,,발표 시기 미상,https://library.ltikorea.or.kr/translatedbooks/355,,번역서 1종 · 예: 初荑金良植詩選,포함
selected poems of Cho Byung-Hwa/ 고독하다는 건,조병화,기타,,발표 시기 미상,https://library.ltikorea.or.kr/translatedbooks/413763,,번역서 1종 · 예: The Fact that I Am Lonely,포함
그대가 곁에 있어도 나는 그대가 그립다,류시화,기타,,발표 시기 미상,https://library.ltikorea.or.kr/translatedbooks/2552,,번역서 1종 · 예: 君がそばにいても僕は君が恋しい,포함
우리가 사람일세,정연희,단편소설,,발표 시기 미상,https://library.ltikorea.or.kr/translatedbooks/1414,,번역서 1종 · 예: One human family and other stories,포함
selected poems of Heeduk Ra. 사라진 손바닥,나희덕,기타,,발표 시기 미상,https://library.ltikorea.or.kr/translatedbooks/1412,,번역서 1종 · 예: Scale & stairs,포함
selected poems of Shin Kyungrim. 신경림 시선집,신경림,시,,발표 시기 미상,https://library.ltikorea.or.kr/translatedbooks/415903,,번역서 1종 · 예: A love song for the earnest,포함
한국 민담과 동화,작자 미상[Unknowned],동화,,발표 시기 미상,https://library.ltikorea.or.kr/translatedbooks/851,,번역서 1종 · 예: Korean folk & fairy tales,포함
열녀춘향수절가,작자 미상[Unknowned],기타,,발표 시기 미상,https://library.ltikorea.or.kr/translatedbooks/843,,번역서 1종 · 예: The song of a faithful wife Ch'un-hyang,포함
영모가 사라졌다.,공지희,기타,,발표 시기 미상,https://library.ltikorea.or.kr/translatedbooks/832,,번역서 1종 · 예: Seasons in another world,포함
호랑이와 곶감,위기철,기타,,발표 시기 미상,https://library.ltikorea.or.kr/translatedbooks/835,,번역서 1종 · 예: The Tiger and the Persimmon,포함
현대한국문학선집 제1권 장편소설Ⅰ,김소운,장편소설,,발표 시기 미상,https://library.ltikorea.or.kr/translatedbooks/2247,,번역서 1종 · 예: 現代韓国文学選集. 1 長篇小說 1,포함
내 보물 1호 티노,김영수,기타,,발표 시기 미상,https://library.ltikorea.or.kr/translatedbooks/1407,,번역서 1종 · 예: Tino : my number one dinosaur,포함
"A Prose-poetry, The Pagoda on Epic & other Poems. 렌의 애가",모윤숙,기타,,발표 시기 미상,https://library.ltikorea.or.kr/translatedbooks/623,,번역서 1종 · 예: Wren’sElegy,포함
공포의 계절・아리랑: 현대한국소설선,윤정규 외,소설,,발표 시기 미상,https://library.ltikorea.or.kr/translatedbooks/2225,,번역서 1종 · 예: 恐怖の季節・アリラン -現代韓国小説選-,포함
第3卷 : 현대한국문학선집 제3권 단편소설 1,강신재 외,단편소설,,발표 시기 미상,https://library.ltikorea.or.kr/translatedbooks/2198,,번역서 1종 · 예: 現代韓国文学選集. 短篇小說 1,포함
第4卷 : 현대한국문학선집 제4권 단편소설 2,강용준 외,단편소설,,발표 시기 미상,https://library.ltikorea.or.kr/translatedbooks/2199,,번역서 1종 · 예: 現代韓国文学選集. 短篇小説. 2,포함
현대주요시작품선,한용운,시,,발표 시기 미상,https://library.ltikorea.or.kr/translatedbooks/561,,번역서 1종 · 예: Mainstreams of contemporary poetry,포함
설화부,허세욱,소설,,발표 시기 미상,https://library.ltikorea.or.kr/translatedbooks/203,,번역서 1종 · 예: 雪花賦,포함
한국의 전통연극,작자 미상[Unknowned],기타,,발표 시기 미상,https://library.ltikorea.or.kr/translatedbooks/476,,번역서 2종 · 예: Traditional Korean Theatre,포함
시대를 넘어선 은유적 표현,문덕수,기타,,발표 시기 미상,https://library.ltikorea.or.kr/translatedbooks/514,,번역서 1종 · 예: Metaphor beyond time,포함
상사집,남영전,기타,,발표 시기 미상,https://library.ltikorea.or.kr/translatedbooks/192,,번역서 1종 · 예: 相思集,포함
selected poems by Ko Un. 나의 파도소리: 고은 시선집,고은,시,,발표 시기 미상,https://library.ltikorea.or.kr/translatedbooks/576,,번역서 1종 · 예: The Sound of My Waves: Selected Poems by Ko Un,포함
유예 외,손창섭,단편소설,,발표 시기 미상,https://library.ltikorea.or.kr/translatedbooks/523,,번역서 1종 · 예: A Respite and Other Korean Short Stories Modern Korean Short Stories No. 6,포함
modern Korean stories. / 봉별기,김유정 외,기타,,발표 시기 미상,https://library.ltikorea.or.kr/translatedbooks/530,,번역서 1종 · 예: Meetings and farewells,포함
한국현대시인선,장만영,시,,발표 시기 미상,https://library.ltikorea.or.kr/translatedbooks/537,,번역서 1종 · 예: The contemporary Korean poets: Korean poetry since 1920,포함
현대한국명시선,주요한,시,,발표 시기 미상,https://library.ltikorea.or.kr/translatedbooks/548,,번역서 1종 · 예: Master poems from modern Korea since 1920,포함
한국현대시조선,최남선,시조,,발표 시기 미상,https://library.ltikorea.or.kr/translatedbooks/550,,번역서 2종 · 예: Traditional Korean verse since the 1900s,포함
contemporary Korean fiction. 유형의 땅 외,조정래,기타,,발표 시기 미상,https://library.ltikorea.or.kr/translatedbooks/2111,,번역서 2종 · 예: Land of Exile,포함
용비어천가: 비판적 읽기,LEE PETER H.,기타,,발표 시기 미상,https://library.ltikorea.or.kr/translatedbooks/885,,번역서 1종 · 예: Songs of flying dragons : a critical reading,포함
한국단편소설 10편,하근찬,단편소설,,발표 시기 미상,https://library.ltikorea.or.kr/translatedbooks/552,,번역서 1종 · 예: Ten Korean short stories,포함
205호 병실 외,강경애,단편소설,,발표 시기 미상,https://library.ltikorea.or.kr/translatedbooks/525,,번역서 1종 · 예: Hospital room 205 and other Korean short stories,포함
한국의 시:비평문을 포함한 앤솔로지 1984년,최치원,평론,,발표 시기 미상,https://library.ltikorea.or.kr/translatedbooks/413718,,번역서 1종 · 예: Korean poetry : an anthology with critical essays: 1984,포함
한국문학중편선 Vol.3,조정래,기타,,발표 시기 미상,https://library.ltikorea.or.kr/translatedbooks/413717,,번역서 1종 · 예: Anthology of Korean literary. 3,포함
한국중단편소설선: 장마 외,이광수,단편소설,,발표 시기 미상,https://library.ltikorea.or.kr/translatedbooks/526,,번역서 1종 · 예: The rainy spell and other Korean stories,포함
마침내 시인이여: 한국 17인 신작시집,이시영,시,,발표 시기 미상,https://library.ltikorea.or.kr/translatedbooks/2202,,번역서 1종 · 예: いまこそ詩人よ : 韓国17人新作詩集,포함
황토기 외,김동리,단편소설,,발표 시기 미상,https://library.ltikorea.or.kr/translatedbooks/415945,,"번역서 1종 · 예: Loess Valley, and other Korean short stories",포함
어린이를 위한 선물,스펜서 존슨,기타,,발표 시기 미상,https://library.ltikorea.or.kr/translatedbooks/245,,번역서 1종 · 예: 给孩子们的礼物,포함
한국중단편소설선,이광수,단편소설,,발표 시기 미상,https://library.ltikorea.or.kr/translatedbooks/527,,번역서 1종 · 예: The rainy spell and other Korean stories,포함
한국희곡사.,이두현,희곡,,발표 시기 미상,https://library.ltikorea.or.kr/translatedbooks/393,,번역서 1종 · 예: 韓国演剧史,포함
여성 시인선,최승자,시,,발표 시기 미상,https://library.ltikorea.or.kr/translatedbooks/511,,번역서 1종 · 예: Anxiety of words: contemporary poetry by Korean women,포함
아적장정,김준엽,기타,,발표 시기 미상,https://library.ltikorea.or.kr/translatedbooks/238,,번역서 1종 · 예: 我的长征,포함
the Pine River songs. 정철 가사선집,정철,기타,,발표 시기 미상,https://library.ltikorea.or.kr/translatedbooks/480,,번역서 1종 · 예: A Shijo poet at the court of king Sonjo,포함
an anthology of three Chosŏn Dynasty poets. 조선 3인 시선집,정철,시,,발표 시기 미상,https://library.ltikorea.or.kr/translatedbooks/479,,번역서 1종 · 예: Pine River and Lone Peak,포함
고시조선,황진이,시조,,발표 시기 미상,https://library.ltikorea.or.kr/translatedbooks/478,,번역서 1종 · 예: Love in mid-winter night: Korean Sijo poetry,포함
한국의 저항시선,김지하,기타,,발표 시기 미상,https://library.ltikorea.or.kr/translatedbooks/510,,번역서 1종 · 예: South Korean Poets of Resistance: Cross-Cultural Review No. 4,포함
별 외: 한국단편선,유재영,단편소설,,발표 시기 미상,https://library.ltikorea.or.kr/translatedbooks/566,,번역서 1종 · 예: The star and other korean short stories,포함
(버지니아의 교포형제가 쓴 시)The Turning Wheel in Heaven,Yang,기타,,발표 시기 미상,https://library.ltikorea.or.kr/translatedbooks/908,,번역서 1종 · 예: (버지니아의 교포형제가 쓴 시)The Turning Wheel in Heaven,포함
한국현대시선,문득수,시,,발표 시기 미상,https://library.ltikorea.or.kr/translatedbooks/515,,번역서 1종 · 예: The anthology of modern Korean poetry,포함
가사문학선,정극인,기타,,발표 시기 미상,https://library.ltikorea.or.kr/translatedbooks/415944,,번역서 1종 · 예: The brush and the sword: Kasa,포함
한국 한시선,최치원,시,,발표 시기 미상,https://library.ltikorea.or.kr/translatedbooks/484,,번역서 2종 · 예: The moonlit pond: Korean classical poems in Chinese,포함
이 땅에 태어나서-나의 살아온 이야기,정주영,기타,,발표 시기 미상,https://library.ltikorea.or.kr/translatedbooks/272,,번역서 1종 · 예: 我的現代生涯 : 鄭周永回憶錄,포함
selected poems. 나의 파도소리,고은,시,,발표 시기 미상,https://library.ltikorea.or.kr/translatedbooks/576,,번역서 1종 · 예: The sound of my waves: selected poems,포함
"a collection of poems, 1960-2002 고은 시선집 1960-2002",고은,시,,발표 시기 미상,https://library.ltikorea.or.kr/translatedbooks/1413,,번역서 1종 · 예: Songs for Tomorrow: a collection of Poems 1960-2002,포함
기생 시조선,황진이,시조,,발표 시기 미상,https://library.ltikorea.or.kr/translatedbooks/414841,,번역서 1종 · 예: Songs of the Kisaeng : courtesan poetry of the last Korean dynasty,포함
허밍버드의 춤,강옥구,기타,,발표 시기 미상,https://library.ltikorea.or.kr/translatedbooks/573,,번역서 1종 · 예: A Hummingbird's dance,포함
한국고전문학,권석환,기타,,발표 시기 미상,https://library.ltikorea.or.kr/translatedbooks/378,,번역서 1종 · 예: 韓國古典文學,포함
"격암유록 (상) = 격암유록, 무엇을 예언하였는가上",남사고,기타,,발표 시기 미상,https://library.ltikorea.or.kr/translatedbooks/75,,번역서 1종 · 예: 格庵遺錄 上,포함
허난설헌 시선집,허난설헌,시,,발표 시기 미상,https://library.ltikorea.or.kr/translatedbooks/1337,,번역서 1종 · 예: Vision of a Phoenix: the poems of Hŏ Nansŏr hŏn̆,포함
한국문학론망,조동일,평론,,발표 시기 미상,https://library.ltikorea.or.kr/translatedbooks/381,,번역서 1종 · 예: 韩国文学论纲,포함
한국고전시가,최치원,시,,발표 시기 미상,https://library.ltikorea.or.kr/translatedbooks/571,,번역서 1종 · 예: The Book of Korean Poetry : Songs of Shilla and Koryŏ,포함
상념의 메아리: 한국시의 천년,최치원,기타,,발표 시기 미상,https://library.ltikorea.or.kr/translatedbooks/570,,번역서 1종 · 예: Mirrored Minds: A Thousand Years of Korean Verse,포함
한국현대단편선,조세희,단편소설,,발표 시기 미상,https://library.ltikorea.or.kr/translatedbooks/9846,,번역서 1종 · 예: Modern Korean Short Stories,포함
박정희,현웅,기타,,발표 시기 미상,https://library.ltikorea.or.kr/translatedbooks/159,,번역서 1종 · 예: 朴正熙,포함
selected for foreigners / 한국의 애송시,변영로,시,,발표 시기 미상,https://library.ltikorea.or.kr/translatedbooks/519,,번역서 1종 · 예: Best loved poems of Korea: selected for foreigners,포함
저문 날의 삽화,박완서,기타,,발표 시기 미상,https://library.ltikorea.or.kr/translatedbooks/517,,번역서 1종 · 예: A sketch of the fading sun,포함
"격암유록 (하) = 격암유록, 무엇을 예언하였는가下",남사고,기타,,발표 시기 미상,https://library.ltikorea.or.kr/translatedbooks/76,,번역서 1종 · 예: 格庵遺錄 下,포함
맹춘중하 외(孟春仲夏 외),김원일,단편소설,,발표 시기 미상,https://library.ltikorea.or.kr/translatedbooks/507,,"번역서 1종 · 예: Early spring, mid-summer : and other Korean short stories",포함
한국문학중편선 Vol.2,이평주,기타,,발표 시기 미상,https://library.ltikorea.or.kr/translatedbooks/413716,,번역서 1종 · 예: Anthology of Korean literary. 2,포함
유실몽,김승옥,기타,,발표 시기 미상,https://library.ltikorea.or.kr/translatedbooks/413563,,번역서 1종 · 예: A washed-out dream,포함
한국선시(韓國禪詩),혜초,시,,발표 시기 미상,https://library.ltikorea.or.kr/translatedbooks/488,,번역서 1종 · 예: Poems by zen masters,포함
금시조 외,이문열,시조,,발표 시기 미상,https://library.ltikorea.or.kr/translatedbooks/528,,번역서 1종 · 예: The golden phoenix: seven contemporary Korean short stories,포함
"현대시인 3인선(이상, 함동선, 최영미).",이상,기타,,발표 시기 미상,https://library.ltikorea.or.kr/translatedbooks/531,,"번역서 1종 · 예: Three Poets of Modern Korea: Yi Sang, Hahm Dong-seon and Choi Young-mi",포함
한국 4인 시선,이육사,기타,,발표 시기 미상,https://library.ltikorea.or.kr/translatedbooks/532,,번역서 1종 · 예: The wind and the waves: four modern Korean poets,포함
new fiction by Korean women. 순례자의 노래,김지원,기타,,발표 시기 미상,https://library.ltikorea.or.kr/translatedbooks/509,,번역서 1종 · 예: Wayfarer: new fiction by Korean women,포함
어부사시사,윤선도,기타,,발표 시기 미상,https://library.ltikorea.or.kr/translatedbooks/568,,번역서 2종 · 예: The fisherman's calendar,중복 제외 (앞 순위 출처에 있음)
노태우전,이경남,기타,,발표 시기 미상,https://library.ltikorea.or.kr/translatedbooks/117,,번역서 1종 · 예: 卢泰愚传,포함
전후시선,장정일,기타,,발표 시기 미상,https://library.ltikorea.or.kr/translatedbooks/538,,번역서 1종 · 예: Voices in Diversity: Poets from Postwar Korea,포함
한국생태시선,최승호 외,기타,,발표 시기 미상,https://library.ltikorea.or.kr/translatedbooks/540,,번역서 1종 · 예: Cracking the shell: three Korean ecopoets,포함
poems of the Korean War. 한국전쟁 시선집,조지훈,시,,발표 시기 미상,https://library.ltikorea.or.kr/translatedbooks/546,,번역서 1종 · 예: Brother Enemy,포함
님의 침묵 외: 20세기 한국시,한용운,시,,발표 시기 미상,https://library.ltikorea.or.kr/translatedbooks/131,,번역서 1종 · 예: The silence of love: twentieth-century Korean poetry,포함
깊은 적막의 끝 외,현길언,단편소설,,발표 시기 미상,https://library.ltikorea.or.kr/translatedbooks/1005,,번역서 1종 · 예: Dead Silence and Other Stories of the Jeju massacre,포함
단편소설선,황순원,단편소설,,발표 시기 미상,https://library.ltikorea.or.kr/translatedbooks/565,,번역서 1종 · 예: The Stars and Other Korean Short Sotries,포함
"조선, 한국 당대문학사",김병민,기타,,발표 시기 미상,https://library.ltikorea.or.kr/translatedbooks/298,,번역서 1종 · 예: 朝鲜，韩国当代文学史,포함
시조선,최충,시조,,발표 시기 미상,https://library.ltikorea.or.kr/translatedbooks/482,,번역서 1종 · 예: The book of Korean Shijo,포함
第4卷 : 현대한국문학선집 제4권 단편소설 2,강용준,단편소설,,발표 시기 미상,https://library.ltikorea.or.kr/translatedbooks/414148,,번역서 1종 · 예: 現代韓国文学選集. 短篇小説. 2,포함
이규보 시선,이규보,시,,발표 시기 미상,https://library.ltikorea.or.kr/translatedbooks/413595,,"번역서 1종 · 예: Singing like a cricket, hooting like an owl: selected poems by Yi Kyu-bo",포함
한국 선시집,혜초,시,,발표 시기 미상,https://library.ltikorea.or.kr/translatedbooks/487,,번역서 1종 · 예: Meditative poems by Korean monks,포함
한시는 인간과 자연의 만남 한국한시선,민병수,시,,발표 시기 미상,https://library.ltikorea.or.kr/translatedbooks/477,,번역서 1종 · 예: Korean poetry in classical Chinese: encounters between man and nature,포함
"조선, 한국 문학의 근대전형과 비교문학",김병민,기타,,발표 시기 미상,https://library.ltikorea.or.kr/translatedbooks/321,,"번역서 1종 · 예: 朝鲜, 韩国文学的近代转型与比较文学",포함
an anthology. 전후한국단편소설선,김동리,단편소설,,발표 시기 미상,https://library.ltikorea.or.kr/translatedbooks/498,,번역서 1종 · 예: Postwar Korean short stories,포함
第3卷 : 현대한국문학선집 제3권 단편소설 1,강신재,단편소설,,발표 시기 미상,https://library.ltikorea.or.kr/translatedbooks/414147,,번역서 1종 · 예: 現代韓国文学選集. 短篇小說 1,포함
정중월: 한국시선집 (井中月: 韓國詩選集).,이규보 외,시,,발표 시기 미상,https://library.ltikorea.or.kr/translatedbooks/495,,"번역서 1종 · 예: Tilting the jar, spilling the moon: poems from Koryo, Choson, and contemporary Korea",포함
Korea South & North. 남과 북,고은,기타,,발표 시기 미상,https://library.ltikorea.or.kr/translatedbooks/995,,번역서 1종 · 예: Abiding places: Korean South & North,포함
stories by Korean women writers. 별사: 여성 3인 소설선,강석경,소설,,발표 시기 미상,https://library.ltikorea.or.kr/translatedbooks/497,,번역서 1종 · 예: Words of farewell: stories by Korean women writers,포함
한국문학중편선 Vol.1,최일남,기타,,발표 시기 미상,https://library.ltikorea.or.kr/translatedbooks/413715,,번역서 1종 · 예: Anthology of Korean literary. 1,포함
민족문학과 세계문학,백낙청,기타,,발표 시기 미상,https://library.ltikorea.or.kr/translatedbooks/156,,번역서 1종 · 예: 全球化时代的文学与人: 分裂体制下韩国的视角,포함
누가 내 이빨 좀 닦아줘,우리우리,기타,,발표 시기 미상,https://library.ltikorea.or.kr/translatedbooks/119,,번역서 1종 · 예: 鳄鱼招聘牙齿清洁工,포함
이별,한설야,기타,,발표 시기 미상,https://library.ltikorea.or.kr/translatedbooks/414188,,번역서 1종 · 예: 離別,포함
폭풍의 언덕,Emily Bronte,기타,,발표 시기 미상,https://library.ltikorea.or.kr/translatedbooks/31,,번역서 1종 · 예: 呼啸山庄,포함
해저 2만리,베른,기타,,발표 시기 미상,https://library.ltikorea.or.kr/translatedbooks/32,,번역서 1종 · 예: 海底两万里,포함
고양이 학교 4,김진경,기타,,발표 시기 미상,https://library.ltikorea.or.kr/translatedbooks/84,,번역서 1종 · 예: 描咪魔法学校 : 4 我在伱的眼眸深处,포함
중국조선족문학작품정수 : 아동문학권,김학천 외,기타,,발표 시기 미상,https://library.ltikorea.or.kr/translatedbooks/337,,번역서 1종 · 예: 中国朝鲜族文学作品精粹 : 兒童文鶴,포함
홍성원 단편소설선,홍성원,단편소설,,발표 시기 미상,https://library.ltikorea.or.kr/translatedbooks/400,,번역서 1종 · 예: 恭敬的暴力: 洪盛源短篇小说选,포함
중국조선족문학작품정수 :산문권,김학천 외,수필,,발표 시기 미상,https://library.ltikorea.or.kr/translatedbooks/333,,번역서 1종 · 예: 中国朝鲜族文学作品精粹 : 散文,포함
중국조선족문학작품정수 :평론권,김학천 외,평론,,발표 시기 미상,https://library.ltikorea.or.kr/translatedbooks/338,,번역서 1종 · 예: 中国朝鲜族文学作品精粹 : 坪論,포함
삿뽀로 여인숙,하성란,기타,,발표 시기 미상,https://library.ltikorea.or.kr/translatedbooks/190,,번역서 1종 · 예: 札幌旅店,포함
"어느 무정부주의자의 사랑 (상, 하)",최수철,기타,,발표 시기 미상,https://library.ltikorea.or.kr/translatedbooks/244,,번역서 1종 · 예: 一个无政府主义者的爱情 上，下,포함
어머니는 죽지 않는다,최인호,기타,,발표 시기 미상,https://library.ltikorea.or.kr/translatedbooks/247,,번역서 1종 · 예: 永恒的母亲,포함
진시황릉에서 살아남기 2,홍재철,기타,,발표 시기 미상,https://library.ltikorea.or.kr/translatedbooks/441,,번역서 1종 · 예: 秦始皇陵大探险. 2,포함
뻐꾸기는 울어도,허련순,기타,,발표 시기 미상,https://library.ltikorea.or.kr/translatedbooks/182,,번역서 1종 · 예: 青涩雨季: 十九岁物语,포함
시조의 리듬,이이,시조,,발표 시기 미상,https://library.ltikorea.or.kr/translatedbooks/469,,번역서 1종 · 예: Shijo Rhythms,포함
고양이 학교 5,김진경,기타,,발표 시기 미상,https://library.ltikorea.or.kr/translatedbooks/85,,번역서 1종 · 예: 描咪魔法学校 : 5 灵魂之山,포함
프린세스 마법의 주문 : 소중한 나를 위한 약속,아네스 안,기타,,발표 시기 미상,https://library.ltikorea.or.kr/translatedbooks/370,,번역서 1종 · 예: 公主養成魔法書 : 快樂當公主，何必爭女王,포함
구더기는 똥이 좋아,김순한,기타,,발표 시기 미상,https://library.ltikorea.or.kr/translatedbooks/88,,번역서 1종 · 예: 蛆虫喜欢粪便,포함
역사,한설야,기타,,발표 시기 미상,https://library.ltikorea.or.kr/translatedbooks/413433,,번역서 1종 · 예: 历史,포함
등대지기,조창인,기타,,발표 시기 미상,https://library.ltikorea.or.kr/translatedbooks/134,,번역서 1종 · 예: 灯塔守望者,포함
두더지 아가씨의 꽃밭,우리우리,기타,,발표 시기 미상,https://library.ltikorea.or.kr/translatedbooks/133,,번역서 1종 · 예: 鼹鼠小姐的花园,포함
"수궁가, 적벽가",박승배,기타,,발표 시기 미상,https://library.ltikorea.or.kr/translatedbooks/474,,"번역서 1종 · 예: Sugungga, Jeokbyeokga",포함
황석영 소설선,황석영,소설,,발표 시기 미상,https://library.ltikorea.or.kr/translatedbooks/403,,번역서 1종 · 예: 黃晳暎: 當代世界小說家讀本 32,포함
진시황릉에서 살아남기 1,홍재철,기타,,발표 시기 미상,https://library.ltikorea.or.kr/translatedbooks/197,,번역서 1종 · 예: 秦始皇陵大探险. 1,포함
송시열선집,송시열,기타,,발표 시기 미상,https://library.ltikorea.or.kr/translatedbooks/216,,번역서 1종 · 예: 宋子选集,포함
한국소설사고,김관웅,소설,,발표 시기 미상,https://library.ltikorea.or.kr/translatedbooks/394,,번역서 1종 · 예: 韓國古小說史稿,포함
노란 우산,유재수,기타,,발표 시기 미상,https://library.ltikorea.or.kr/translatedbooks/115,,번역서 1종 · 예: 黄雨伞,포함
한국민족 설화의 연구,손진태,소설,,발표 시기 미상,https://library.ltikorea.or.kr/translatedbooks/306,,번역서 1종 · 예: 朝鲜民族故事硏究,포함
죄와 벌,Fyodor Dostoyevsky,기타,,발표 시기 미상,https://library.ltikorea.or.kr/translatedbooks/30,,번역서 1종 · 예: 罪与罚,포함
백일홍,권정웅불명,기타,,발표 시기 미상,https://library.ltikorea.or.kr/translatedbooks/165,,번역서 1종 · 예: 百日紅,포함
소설 손자병법 (상),정비석,소설,,발표 시기 미상,https://library.ltikorea.or.kr/translatedbooks/210,,번역서 1종 · 예: 孫子兵法演義 上,포함
마루타 (하),정현웅,기타,,발표 시기 미상,https://library.ltikorea.or.kr/translatedbooks/140,,번역서 1종 · 예: 特別监獄 下,포함
기다리던 날,이원우,기타,,발표 시기 미상,https://library.ltikorea.or.kr/translatedbooks/100,,번역서 1종 · 예: 盼望的一天,포함
석녀,정연희,기타,,발표 시기 미상,https://library.ltikorea.or.kr/translatedbooks/200,,번역서 1종 · 예: 石女,포함
아시아 민간고사,작자미상[Unknowned],기타,,발표 시기 미상,https://library.ltikorea.or.kr/translatedbooks/237,,번역서 1종 · 예: 亚洲民间故事,포함
마루타 (상),정현웅,기타,,발표 시기 미상,https://library.ltikorea.or.kr/translatedbooks/138,,번역서 1종 · 예: 特別监狱 上,포함
강안 마을,이기영,기타,,발표 시기 미상,https://library.ltikorea.or.kr/translatedbooks/67,,번역서 1종 · 예: 江岸村,포함
시련 속에서,윤세중,기타,,발표 시기 미상,https://library.ltikorea.or.kr/translatedbooks/221,,번역서 1종 · 예: 在考验中,포함
송영희곡집,송영,희곡,,발표 시기 미상,https://library.ltikorea.or.kr/translatedbooks/217,,번역서 1종 · 예: 宋影戏剧集,포함
땅,이기영,기타,,발표 시기 미상,https://library.ltikorea.or.kr/translatedbooks/135,,번역서 1종 · 예: 土地,포함
이기영단편소설집,이기영,단편소설,,발표 시기 미상,https://library.ltikorea.or.kr/translatedbooks/274,,번역서 1종 · 예: 李箕永短篇小说集,포함
범람,김학철,기타,,발표 시기 미상,https://library.ltikorea.or.kr/translatedbooks/167,,번역서 1종 · 예: 氾濫,포함
춘향전,조호상,기타,,발표 시기 미상,https://library.ltikorea.or.kr/translatedbooks/360,,번역서 1종 · 예: 春香传,포함
황진이,홍석중,기타,,발표 시기 미상,https://library.ltikorea.or.kr/translatedbooks/404,,번역서 1종 · 예: 黄真伊,포함
무궁화의 유혹: 한국당대중단편소설선,윤대녕,단편소설,,발표 시기 미상,https://library.ltikorea.or.kr/translatedbooks/146,,번역서 1종 · 예: 木槿花的诱惑,포함
마이너리그,은희경,기타,,발표 시기 미상,https://library.ltikorea.or.kr/translatedbooks/141,,번역서 1종 · 예: 汉城兄弟,포함
성화,안동민,기타,,발표 시기 미상,https://library.ltikorea.or.kr/translatedbooks/205,,번역서 1종 · 예: 圣火,포함
편지,권형술,기타,,발표 시기 미상,https://library.ltikorea.or.kr/translatedbooks/368,,번역서 1종 · 예: 尘缘未了,포함
호텔리어,강은경,기타,,발표 시기 미상,https://library.ltikorea.or.kr/translatedbooks/398,,번역서 1종 · 예: 情定大饭店,포함
김동리 대표작선: 무녀도,김동리,기타,,발표 시기 미상,https://library.ltikorea.or.kr/translatedbooks/147,,번역서 1종 · 예: 巫女图,포함
소녀의 초상,윤대녕,기타,,발표 시기 미상,https://library.ltikorea.or.kr/translatedbooks/150,,번역서 1종 · 예: 少女的肖像,포함
한국여작가작품선,강신재 외,기타,,발표 시기 미상,https://library.ltikorea.or.kr/translatedbooks/385,,번역서 1종 · 예: 韩国女作家作品选,포함
한국소설명저감상,김시습,소설,,발표 시기 미상,https://library.ltikorea.or.kr/translatedbooks/383,,번역서 1종 · 예: 韩国小说名著鉴赏,포함
아름다운 밀회,김성종,기타,,발표 시기 미상,https://library.ltikorea.or.kr/translatedbooks/233,,번역서 1종 · 예: 美妙的幽会,포함
아름다운 날들,윤성희,기타,,발표 시기 미상,https://library.ltikorea.or.kr/translatedbooks/232,,번역서 1종 · 예: 美丽的日子,포함
국화꽃 향기,김하인,기타,,발표 시기 미상,https://library.ltikorea.or.kr/translatedbooks/89,,번역서 1종 · 예: 菊花香,포함
엽기적인 그녀,김호식,기타,,발표 시기 미상,https://library.ltikorea.or.kr/translatedbooks/252,,번역서 1종 · 예: 我的野蛮女友,포함
짐승의 시간,김원우,기타,,발표 시기 미상,https://library.ltikorea.or.kr/translatedbooks/342,,번역서 1종 · 예: 禽兽的日子,포함
옛 우물,오정희,기타,,발표 시기 미상,https://library.ltikorea.or.kr/translatedbooks/254,,번역서 1종 · 예: 老井,포함
옥루몽,남영로,기타,,발표 시기 미상,https://library.ltikorea.or.kr/translatedbooks/257,,번역서 2종 · 예: 玉樓夢,포함
천년의 사랑 (상-하),양귀자,기타,,발표 시기 미상,https://library.ltikorea.or.kr/translatedbooks/344,,번역서 1종 · 예: 千年之爱 上-下,포함
겨울연가,김은희,기타,,발표 시기 미상,https://library.ltikorea.or.kr/translatedbooks/74,,번역서 1종 · 예: 冬季恋歌,포함
일곱송이 수선화,김하인,기타,,발표 시기 미상,https://library.ltikorea.or.kr/translatedbooks/279,,번역서 1종 · 예: 七朵水仙花,포함
우리를 기다리라,한성,기타,,발표 시기 미상,https://library.ltikorea.or.kr/translatedbooks/268,,번역서 1종 · 예: 等着我們吧,포함
이브의 모든 것,박지현,기타,,발표 시기 미상,https://library.ltikorea.or.kr/translatedbooks/276,,번역서 1종 · 예: 夏娃的诱惑,포함
朴泰俊 / 강철의 왕,서갑경,기타,,발표 시기 미상,https://library.ltikorea.or.kr/translatedbooks/68,,번역서 1종 · 예: 钢铁之王,포함
가을동화 2,오수연,동화,,발표 시기 미상,https://library.ltikorea.or.kr/translatedbooks/63,,번역서 1종 · 예: 藍色生死恋 2,포함
심청전,정하섭,기타,,발표 시기 미상,https://library.ltikorea.or.kr/translatedbooks/228,,번역서 1종 · 예: 沈清传,포함
금토일 그리고 월화수,송영,기타,,발표 시기 미상,https://library.ltikorea.or.kr/translatedbooks/99,,번역서 1종 · 예: 心中有个恋人,포함
정지용 시선: 향수,정지용,기타,,발표 시기 미상,https://library.ltikorea.or.kr/translatedbooks/294,,번역서 1종 · 예: 乡愁,포함
임꺽정 (하),홍명희,기타,,발표 시기 미상,https://library.ltikorea.or.kr/translatedbooks/283,,번역서 1종 · 예: 林巨正 下,포함
봄,이기영,기타,,발표 시기 미상,https://library.ltikorea.or.kr/translatedbooks/169,,번역서 1종 · 예: 春,포함
임꺽정 (상),홍명희,기타,,발표 시기 미상,https://library.ltikorea.or.kr/translatedbooks/282,,번역서 1종 · 예: 林巨正 上,포함
장미부인,유주현,기타,,발표 시기 미상,https://library.ltikorea.or.kr/translatedbooks/287,,번역서 1종 · 예: 薔薇夫人,포함
그 남자네 집,박완서,기타,,발표 시기 미상,https://library.ltikorea.or.kr/translatedbooks/95,,번역서 1종 · 예: 那个男孩的家,포함
국화꽃 향기 2,김하인,기타,,발표 시기 미상,https://library.ltikorea.or.kr/translatedbooks/90,,번역서 1종 · 예: 菊花香 2,포함
가지 않은 길,김문수,기타,,발표 시기 미상,https://library.ltikorea.or.kr/translatedbooks/64,,번역서 1종 · 예: 未选择的路,포함
금강산지가,작자미상[Unknowned],기타,,발표 시기 미상,https://library.ltikorea.or.kr/translatedbooks/97,,번역서 1종 · 예: 金剛山之歌,포함
고귀한 사람들,이태준,기타,,발표 시기 미상,https://library.ltikorea.or.kr/translatedbooks/79,,번역서 1종 · 예: 高貴的人們,포함
노산시조선집,이은상,시조,,발표 시기 미상,https://library.ltikorea.or.kr/translatedbooks/116,,번역서 1종 · 예: 鹭山時调选集,포함
어머니,홍순철,기타,,발표 시기 미상,https://library.ltikorea.or.kr/translatedbooks/414193,,번역서 1종 · 예: 阿媽妮,포함
새는 눈꽃으로 질 수 없다,오세희,기타,,발표 시기 미상,https://library.ltikorea.or.kr/translatedbooks/193,,번역서 1종 · 예: 鸟不会像雪花凋谢,포함
중국조선족문학작품정수: 시가권,유임석 외,시,,발표 시기 미상,https://library.ltikorea.or.kr/translatedbooks/336,,번역서 1종 · 예: 中国朝鲜族文学作品精粹 : 詩歌,포함
어선 전진호,김형,기타,,발표 시기 미상,https://library.ltikorea.or.kr/translatedbooks/248,,번역서 1종 · 예: 漁輪前進號,포함
민들레,정준기,기타,,발표 시기 미상,https://library.ltikorea.or.kr/translatedbooks/155,,번역서 1종 · 예: 蒲公英,포함
벌판에 서서,이시환,기타,,발표 시기 미상,https://library.ltikorea.or.kr/translatedbooks/166,,번역서 1종 · 예: 伫立旷野,포함
봄비 한 주머니 : 유안진 시집,유안진,시,,발표 시기 미상,https://library.ltikorea.or.kr/translatedbooks/170,,번역서 1종 · 예: 春雨一袋子,포함
"은장도여, 은장도여!",김혜정,기타,,발표 시기 미상,https://library.ltikorea.or.kr/translatedbooks/270,,"번역서 1종 · 예: 银妆刀啊, 银妆刀: 一臂葬哀史",포함
심청전: 창극,작자미상[Unknowned],기타,,발표 시기 미상,https://library.ltikorea.or.kr/translatedbooks/229,,번역서 1종 · 예: 沈淸傳: 唱劇,포함
동방단편소설선 (상),이기영 외,단편소설,,발표 시기 미상,https://library.ltikorea.or.kr/translatedbooks/131,,번역서 1종 · 예: 东方短篇小说选 上,포함
서정주시집,서정주,시,,발표 시기 미상,https://library.ltikorea.or.kr/translatedbooks/199,,번역서 1종 · 예: 徐廷柱詩集,포함
아침 노을,박영보,기타,,발표 시기 미상,https://library.ltikorea.or.kr/translatedbooks/241,,번역서 1종 · 예: 朝霞,포함
한국현대명시선집,김억불명,시,,발표 시기 미상,https://library.ltikorea.or.kr/translatedbooks/388,,번역서 1종 · 예: 韩国现代名诗选集,포함
한국시선,한용운 외,시,,발표 시기 미상,https://library.ltikorea.or.kr/translatedbooks/384,,번역서 1종 · 예: 韩国诗选,포함
한국문제소설전,서영은,소설,,발표 시기 미상,https://library.ltikorea.or.kr/translatedbooks/380,,번역서 1종 · 예: 南朝鲜问题小说选,포함
통속해학소설집,김용철,단편소설,,발표 시기 미상,https://library.ltikorea.or.kr/translatedbooks/367,,번역서 1종 · 예: 通俗諧謔小說集,포함
궤도 위에서,한설야,기타,,발표 시기 미상,https://library.ltikorea.or.kr/translatedbooks/93,,번역서 1종 · 예: 在軌道上,포함
이 성숙한 밤의 포옹,서기원,기타,,발표 시기 미상,https://library.ltikorea.or.kr/translatedbooks/273,,번역서 1종 · 예: 深夜的拥抱,포함
날카로운 칼날: 고전 및 현대 한국시선,한용운 외,시,,발표 시기 미상,https://library.ltikorea.or.kr/translatedbooks/384,,번역서 1종 · 예: 韩国诗选,포함
한국인이 즐겨보는 단편소설,박완서 외 9인,단편소설,,발표 시기 미상,https://library.ltikorea.or.kr/translatedbooks/386,,번역서 1종 · 예: 感動韓國人的短篇小說,포함
한국현대문학작품선,윤윤진,기타,,발표 시기 미상,https://library.ltikorea.or.kr/translatedbooks/390,,번역서 1종 · 예: 韩国现代文学作品选,포함
동양의 신화,Lowesteinova,소설,,발표 시기 미상,https://library.ltikorea.or.kr/translatedbooks/446,,번역서 1종 · 예: Encyklopedie mytologie Japonska a Koreje,포함
이름을 도둑맞다 :한국현대단편소설선 2,양귀자,단편소설,,발표 시기 미상,https://library.ltikorea.or.kr/translatedbooks/416,,번역서 1종 · 예: Ukradené jméno : moderní korejské povídky,포함
한국현대단편소설선 1,김동인,단편소설,,발표 시기 미상,https://library.ltikorea.or.kr/translatedbooks/414,,번역서 1종 · 예: Tváře a osudy : moderní korejské povídky,포함
한국고전문학 에세이집,Lowensteinova,수필,,발표 시기 미상,https://library.ltikorea.or.kr/translatedbooks/439,,번역서 1종 · 예: Studie z dějin starší korejské literatury,포함
"인현왕후전, 한중록",인현왕후,기타,,발표 시기 미상,https://library.ltikorea.or.kr/translatedbooks/432,,번역서 1종 · 예: Královna In-hjon. Vyprávění z dlouhé chvíle,포함
번개의 별: 한국고전영웅소설집,허균,단편소설,,발표 시기 미상,https://library.ltikorea.or.kr/translatedbooks/431,,번역서 1종 · 예: Hvězda blesku : hrdinské příběhy ze staré koreje,포함
사씨남정기,김만중,기타,,발표 시기 미상,https://library.ltikorea.or.kr/translatedbooks/429,,번역서 1종 · 예: Putování paní Sa na jih,포함
한국현대단편소설선 2,양귀자,단편소설,,발표 시기 미상,https://library.ltikorea.or.kr/translatedbooks/416,,번역서 1종 · 예: Ukradené jméno : moderní korejské povídky,포함
antologie básní korejských zenový mistrů / 한국선시선,M. Gruberová,기타,,발표 시기 미상,https://library.ltikorea.or.kr/translatedbooks/420,,번역서 1종 · 예: Prázdné hory jsou plné větru a deště,포함
공산명월: 14-19세기 한국시선,Pucek,기타,,발표 시기 미상,https://library.ltikorea.or.kr/translatedbooks/417,,번역서 1종 · 예: Jasná luna v prázdných horách : Korejské básnictví 14.-19. Století,포함
적멸의 불빛,오세영,기타,,발표 시기 미상,https://library.ltikorea.or.kr/translatedbooks/422,,번역서 1종 · 예: Světlo vyhasnutí,포함
한국현대시선집,한국현대시선집,시,,발표 시기 미상,https://library.ltikorea.or.kr/translatedbooks/415,,번역서 1종 · 예: Stanu-Li se kamenem : výbor z korejské poezie 20. století,포함
무녀도: 한국 단편 문학선,최권진,기타,,발표 시기 미상,https://library.ltikorea.or.kr/translatedbooks/9,,번역서 1종 · 예: ШАМАНКАТА ОТ КАРТИНАTA : Избрани корейски разкази,포함
한국 현대 시선,최권진,기타,,발표 시기 미상,https://library.ltikorea.or.kr/translatedbooks/8,,번역서 1종 · 예: КОСМОСЪТ НА ВОДНАТА КАПКА,포함
시조: 한국 고전 시선,최권진,시조,,발표 시기 미상,https://library.ltikorea.or.kr/translatedbooks/7,,번역서 1종 · 예: Шиджо : класическа корейска поезия,포함
한국의 자연시,작자 미상,기타,,발표 시기 미상,https://library.ltikorea.or.kr/translatedbooks/15,,번역서 1종 · 예: ИСКΑМ ДΑ ПОПИТΑМ ΛУНΑТΑ,포함
이청준 수상작품 선집,이청준,기타,,발표 시기 미상,https://library.ltikorea.or.kr/translatedbooks/5410,,번역서 1종 · 예: Io Adasi,포함
이청준 작품선집,이청준,기타,,발표 시기 미상,https://library.ltikorea.or.kr/translatedbooks/5281,,번역서 1종 · 예: ОСТРВО ИО,포함
천상병 시선집 귀천,천상병,시,,발표 시기 미상,https://library.ltikorea.or.kr/translatedbooks/5282,,번역서 1종 · 예: ПОВРАТАК НА НЕЪО,포함
황순원 단편선,황순원,기타,,발표 시기 미상,https://library.ltikorea.or.kr/translatedbooks/5283,,번역서 1종 · 예: ПЉУСАК И ДРУГЕ ПРИЧЕ,포함
오정희 단편선,오정희,기타,,발표 시기 미상,https://library.ltikorea.or.kr/translatedbooks/5280,,번역서 1종 · 예: ПECMA XOДOЧACHИЦE,포함
춘향전,정영림,기타,,발표 시기 미상,https://library.ltikorea.or.kr/translatedbooks/5086,,번역서 1종 · 예: Kisah cinta abadi : Chunhyang,포함
이강백 희곡집,이강백,희곡,,발표 시기 미상,https://library.ltikorea.or.kr/translatedbooks/5118,,번역서 1종 · 예: Dramaty,포함
김영하 단편소설선,김영하,단편소설,,발표 시기 미상,https://library.ltikorea.or.kr/translatedbooks/5128,,번역서 1종 · 예: Wampir i inne opowiadania,포함
3인 시선,김소월 외,기타,,발표 시기 미상,https://library.ltikorea.or.kr/translatedbooks/5116,,번역서 1종 · 예: Mgła jedwabna,포함
한국 시선집,최건영,시,,발표 시기 미상,https://library.ltikorea.or.kr/translatedbooks/5114,,번역서 1종 · 예: Antologia poezji koreańskiej,포함
Barwy miłości : antologia współczesnych opowiadań koreańskich,[Hwang Sunwon et al.][[author],기타,,발표 시기 미상,https://library.ltikorea.or.kr/translatedbooks/5115,,번역서 1종 · 예: Barwy miłości : antologia współczesnych opowiadań koreańskich,포함
월간 : 한국문학 특집호,정약용 외,기타,,발표 시기 미상,https://library.ltikorea.or.kr/translatedbooks/415771,,번역서 1종 · 예: Literatura na świecie,포함
오정희 단편소설선,오정희,단편소설,,발표 시기 미상,https://library.ltikorea.or.kr/translatedbooks/5129,,번역서 1종 · 예: Miłość zeszłej jesieni I inne opowiadania,포함
가면무도회 : 최인호 작품선,최인호,기타,,발표 시기 미상,https://library.ltikorea.or.kr/translatedbooks/5123,,번역서 1종 · 예: Maski,포함
and Korean short story writing of the 1920s / 羅稻香論 = 나도향론,Ogarek-Czoj,기타,,발표 시기 미상,https://library.ltikorea.or.kr/translatedbooks/5121,,번역서 1종 · 예: Na Tohyang,포함
가을의 언덕,김소월,기타,,발표 시기 미상,https://library.ltikorea.or.kr/translatedbooks/5109,,번역서 1종 · 예: Herfstheuvels : moderne Koreaanse poëzie,포함
천상병 시선집,천상병,시,,발표 시기 미상,https://library.ltikorea.or.kr/translatedbooks/5141,,번역서 1종 · 예: Întoarcerea în cer,포함
황순원 단편 소설선 -소라-,황순원,단편소설,,발표 시기 미상,https://library.ltikorea.or.kr/translatedbooks/5142,,번역서 1종 · 예: Nuvele alese,포함
민담설화집,작자 미상,소설,,발표 시기 미상,https://library.ltikorea.or.kr/translatedbooks/5143,,"번역서 1종 · 예: Tigrul cu urechi albe : mituri, legende, basme, fabule şi vechi romane Coreene",포함
한국단편소설선,하근찬,단편소설,,발표 시기 미상,https://library.ltikorea.or.kr/translatedbooks/5132,,번역서 1종 · 예: Contos coreanos.,포함
소리와 고요 사이 : 고창수 시선,고창수,기타,,발표 시기 미상,https://library.ltikorea.or.kr/translatedbooks/4747,,번역서 1종 · 예: Între sunet şi tăcere,포함
opere alese / 이상작품선집,이상,기타,,발표 시기 미상,https://library.ltikorea.or.kr/translatedbooks/5140,,번역서 1종 · 예: Aripi,포함
한국 시조선,임윤정,시조,,발표 시기 미상,https://library.ltikorea.or.kr/translatedbooks/5130,,번역서 1종 · 예: Sijô : poesiacanto coreana clássica,포함
고창수 시선집,고창수,시,,발표 시기 미상,https://library.ltikorea.or.kr/translatedbooks/5137,,번역서 1종 · 예: Poezii alese,포함
진달래꽃 : 한국시 모음집,김소월,기타,,발표 시기 미상,https://library.ltikorea.or.kr/translatedbooks/5136,,번역서 1종 · 예: Flori de azalee: Antologia de poezie coreene,중복 제외 (앞 순위 출처에 있음)
e outras obras de Yi Sang / 오감도 외,이상,기타,,발표 시기 미상,https://library.ltikorea.or.kr/translatedbooks/5133,,번역서 1종 · 예: Olho de corvo,포함
서정주 시선집,서정주,시,,발표 시기 미상,https://library.ltikorea.or.kr/translatedbooks/5139,,번역서 1종 · 예: Poeme alese,포함
윤흥길 단편선,윤흥길,기타,,발표 시기 미상,https://library.ltikorea.or.kr/translatedbooks/6845,,번역서 1종 · 예: Regnperioden,포함
helten har gjort alt han måtte gjøre : koreanske dikt / 이제 닭 울음소리 한번 듣고 대장부 일이 다 끝나버렸네,월명 외,기타,,발표 시기 미상,https://library.ltikorea.or.kr/translatedbooks/5112,,번역서 1종 · 예: Hanen har galt,포함
dikter / 꿈,조병화,기타,,발표 시기 미상,https://library.ltikorea.or.kr/translatedbooks/5394,,번역서 1종 · 예: Dröm,포함
Stundens blomma,고은,기타,,발표 시기 미상,https://library.ltikorea.or.kr/translatedbooks/5401,,번역서 1종 · 예: Stundens blomma,포함
구상 시선: 영원히,구상,기타,,발표 시기 미상,https://library.ltikorea.or.kr/translatedbooks/5395,,번역서 1종 · 예: Det eviga livet,포함
한국고시조선,이색,시조,,발표 시기 미상,https://library.ltikorea.or.kr/translatedbooks/468,,번역서 1종 · 예: The Bamboo Grove: An Introduction to Sijo,포함
사랑의 시,z케빈 오룩,시,,발표 시기 미상,https://library.ltikorea.or.kr/translatedbooks/467,,번역서 1종 · 예: A hundred love poems from old Korea,포함
사랑의 시,작자 미상[Unknowned],시,,발표 시기 미상,https://library.ltikorea.or.kr/translatedbooks/467,,번역서 1종 · 예: A hundred love poems from old Korea,포함
시조의 전통,이방원 외 [Author] ;,시조,,발표 시기 미상,https://library.ltikorea.or.kr/translatedbooks/413736,,번역서 1종 · 예: The sijo tradition,포함
"한국고전소설선 : 구운몽, 인현왕후, 춘향전",김만중,소설,,발표 시기 미상,https://library.ltikorea.or.kr/translatedbooks/459,,"번역서 1종 · 예: Virtuous Women: Three Classic Korean Novels, A nine cloud Dream, Queen Inhyŭn, Chun-hyang",포함
classical Korean poems in Chinese. 더디 피는 국화,최치원,기타,,발표 시기 미상,https://library.ltikorea.or.kr/translatedbooks/135,,번역서 1종 · 예: Slow Chrysanthemums,포함
한국 향가집,서동 -641,기타,,발표 시기 미상,https://library.ltikorea.or.kr/translatedbooks/462,,"번역서 1종 · 예: Hyangga, Oldest Korean Songs",포함
한국시가집,무왕 -641,시,,발표 시기 미상,https://library.ltikorea.or.kr/translatedbooks/460,,번역서 1종 · 예: Poems from Korea: From the earliest era to the present,포함
