구분,날짜,날짜 근거,장르,제목,지은이,글자 수,원문 링크,본문 파일
시계열,1447-01-01,발표 연도,기타,동국정운,"신숙주, 최항, 성삼문, 박팽년, 이개, 강희안, 이현로, 조변안, 김증",447,https://ko.wikisource.org/wiki/%EB%8F%99%EA%B5%AD%EC%A0%95%EC%9A%B4,"본문/기타/신숙주, 최항, 성삼문, 박팽년, 이개, 강희안, 이현로, 조변안, 김증 - 동국정운 (1447-01-01).txt"
시계열,1447-01-01,발표 연도,고전시가,용비어천가,"정인지, 안지, 권제",28,https://ko.wikisource.org/wiki/%EC%9A%A9%EB%B9%84%EC%96%B4%EC%B2%9C%EA%B0%80,"본문/고전시가/정인지, 안지, 권제 - 용비어천가 (1447-01-01).txt"
시계열,1447-01-01,발표 연도,고전시가,월인천강지곡,세종,23823,https://ko.wikisource.org/wiki/%EC%9B%94%EC%9D%B8%EC%B2%9C%EA%B0%95%EC%A7%80%EA%B3%A1,본문/고전시가/세종 - 월인천강지곡 (1447-01-01).txt
시계열,1457-01-01,발표 연도,시조,속리산문영월흉보,양녕대군,104,https://ko.wikisource.org/wiki/%EC%86%8D%EB%A6%AC%EC%82%B0%EB%AC%B8%EC%98%81%EC%9B%94%ED%9D%89%EB%B3%B4,본문/시조/양녕대군 - 속리산문영월흉보 (1457-01-01).txt
시계열,1475-01-01,발표 연도,기타,십현담요해,김시습,28207,https://ko.wikisource.org/wiki/%EC%8B%AD%ED%98%84%EB%8B%B4%EC%9A%94%ED%95%B4,본문/기타/김시습 - 십현담요해 (1475-01-01).txt
시계열,1481-01-01,발표 연도,시,강촌,두보,262,https://ko.wikisource.org/wiki/%EA%B0%95%EC%B4%8C_%28%EB%91%90%EB%B3%B4%29,본문/시/두보 - 강촌 (1481-01-01).txt
시계열,1481-01-01,발표 연도,시,무제,두보,79,https://ko.wikisource.org/wiki/%EC%A0%88%EA%B5%AC,본문/시/두보 - 무제 (1481-01-01).txt
시계열,1481-01-01,발표 연도,시,춘망,두보,193,https://ko.wikisource.org/wiki/%EC%B6%98%EB%A7%9D,본문/시/두보 - 춘망 (1481-01-01).txt
시계열,1511-01-01,발표 연도,소설,설공찬전,채수,3171,https://ko.wikisource.org/wiki/%EC%84%A4%EA%B3%B5%EC%B0%AC%EC%A0%84,본문/소설/채수 - 설공찬전 (1511-01-01).txt
시계열,1527-01-01,발표 연도,희곡,訓蒙字會,최세진,148,https://ko.wikisource.org/wiki/%ED%9B%88%EB%AA%BD%EC%9E%90%ED%9A%8C,본문/희곡/최세진 - 訓蒙字會 (1527-01-01).txt
시계열,1565-01-01,발표 연도,시조,도산십이곡,이황,604,https://ko.wikisource.org/wiki/%EB%8F%84%EC%82%B0%EC%8B%AD%EC%9D%B4%EA%B3%A1,본문/시조/이황 - 도산십이곡 (1565-01-01).txt
시계열,1580-01-01,발표 연도,시조,훈민가,정철,886,https://ko.wikisource.org/wiki/%ED%9B%88%EB%AF%BC%EA%B0%80,본문/시조/정철 - 훈민가 (1580-01-01).txt
시계열,1582-01-01,발표 연도,한시,송필매씨,허봉,64,https://ko.wikisource.org/wiki/%ED%95%98%EA%B3%A1%EC%84%A0%EC%83%9D%EC%8B%9C%EC%B4%88%EB%B3%B4%EC%9C%A0/%EC%86%A1%ED%95%84%EB%A7%A4%EC%94%A8,본문/한시/허봉 - 송필매씨 (1582-01-01).txt
시계열,1595-01-01,발표 연도,시조,내나히닐ᄒᆞᆫ다ᄉᆞ새,김계,77,https://ko.wikisource.org/wiki/%EB%82%B4_%EB%82%98%ED%9E%88_%EB%8B%90%ED%9D%94%EB%8B%A4%EC%82%AC%EC%83%88,본문/시조/김계 - 내나히닐ᄒᆞᆫ다ᄉᆞ새 (1595-01-01).txt
시계열,1596-01-01,발표 연도,시조,춘산곡,김덕령,56,https://ko.wikisource.org/wiki/%EC%B6%98%EC%82%B0%EC%97%90_%EB%B6%88%EC%9D%B4_%EB%82%98%EB%8B%88,본문/시조/김덕령 - 춘산곡 (1596-01-01).txt
시계열,1598-01-01,발표 연도,가사,태평사,박인로,1771,https://ko.wikisource.org/wiki/%ED%83%9C%ED%8F%89%EC%82%AC,본문/가사/박인로 - 태평사 (1598-01-01).txt
시계열,1601-01-01,발표 연도,시조,조홍시가,박인로,297,https://ko.wikisource.org/wiki/%EC%A1%B0%ED%99%8D%EC%8B%9C%EA%B0%80,본문/시조/박인로 - 조홍시가 (1601-01-01).txt
시계열,1605-01-01,발표 연도,가사,선상탄,박인로,2968,https://ko.wikisource.org/wiki/%EC%84%A0%EC%83%81%ED%83%84,본문/가사/박인로 - 선상탄 (1605-01-01).txt
시계열,1606-01-01,수록 문집 저자 문서 간행 연도,한시,난설재시집 소인,주지번,279,https://ko.wikisource.org/wiki/%EB%82%9C%EC%84%A4%ED%97%8C%EC%A7%91/%EB%82%9C%EC%84%A4%EC%9E%AC%EC%8B%9C%EC%A7%91_%EC%86%8C%EC%9D%B8,본문/한시/주지번 - 난설재시집 소인 (1606-01-01).txt
시계열,1606-01-01,수록 문집 저자 문서 간행 연도,한시,난설헌집 제사,양유년,232,https://ko.wikisource.org/wiki/%EB%82%9C%EC%84%A4%ED%97%8C%EC%A7%91/%EB%82%9C%EC%84%A4%ED%97%8C%EC%A7%91_%EC%A0%9C%EC%82%AC,본문/한시/양유년 - 난설헌집 제사 (1606-01-01).txt
시계열,1608-01-01,발표 연도,한시,허균 발,허균,88,https://ko.wikisource.org/wiki/%EB%82%9C%EC%84%A4%ED%97%8C%EC%A7%91/%ED%97%88%EA%B7%A0_%EB%B0%9C,본문/한시/허균 - 허균 발 (1608-01-01).txt
시계열,1611-01-01,발표 연도,가사,누항사,박인로,1716,https://ko.wikisource.org/wiki/%EB%88%84%ED%95%AD%EC%82%AC,본문/가사/박인로 - 누항사 (1611-01-01).txt
시계열,1612-01-01,발표 연도,소설,홍길동전,허균,32748,https://ko.wikisource.org/wiki/%ED%99%8D%EA%B8%B8%EB%8F%99%EC%A0%84_%2836%EC%9E%A5_%EC%99%84%ED%8C%90%EB%B3%B8%29,본문/소설/허균 - 홍길동전 (1612-01-01).txt
시계열,1613-01-01,발표 연도,가사,사제곡,박인로,2133,https://ko.wikisource.org/wiki/%EC%82%AC%EC%A0%9C%EA%B3%A1,본문/가사/박인로 - 사제곡 (1613-01-01).txt
시계열,1614-01-01,발표 연도,노래,애대군가,최찬,156,https://ko.wikisource.org/wiki/%EC%95%A0%EB%8C%80%EA%B5%B0%EA%B0%80,본문/노래/최찬 - 애대군가 (1614-01-01).txt
시계열,1616-01-01,발표 연도,시조,견회요,윤선도,271,https://ko.wikisource.org/wiki/%EA%B2%AC%ED%9A%8C%EC%9A%94,본문/시조/윤선도 - 견회요 (1616-01-01).txt
시계열,1618-01-01,발표 연도,시조,우후요,윤선도,60,https://ko.wikisource.org/wiki/%EC%9A%B0%ED%9B%84%EC%9A%94,본문/시조/윤선도 - 우후요 (1618-01-01).txt
시계열,1621-01-01,발표 연도,시조,초정가,박인로,156,https://ko.wikisource.org/wiki/%EC%B4%88%EC%A0%95%EA%B0%80,본문/시조/박인로 - 초정가 (1621-01-01).txt
시계열,1635-01-01,발표 연도,가사,독락당,박인로,3109,https://ko.wikisource.org/wiki/%EB%8F%85%EB%9D%BD%EB%8B%B9,본문/가사/박인로 - 독락당 (1635-01-01).txt
시계열,1635-01-01,발표 연도,가사,영남가,박인로,1479,https://ko.wikisource.org/wiki/%EC%98%81%EB%82%A8%EA%B0%80,본문/가사/박인로 - 영남가 (1635-01-01).txt
시계열,1636-01-01,발표 연도,가사,노계가,박인로,2431,https://ko.wikisource.org/wiki/%EB%85%B8%EA%B3%84%EA%B0%80,본문/가사/박인로 - 노계가 (1636-01-01).txt
시계열,1639-01-01,발표 연도,시조,무제,김상헌,93,https://ko.wikisource.org/wiki/%EA%B0%80%EB%85%B8%EB%9D%BC_%EC%82%BC%EA%B0%81%EC%82%B0%EC%95%84,본문/시조/김상헌 - 무제 (1639-01-01).txt
시계열,1640-01-01,발표 연도,시조,내라그리거니,인조,57,https://ko.wikisource.org/wiki/%EB%82%B4%EB%9D%BC_%EA%B7%B8%EB%A6%AC%EA%B1%B0%EB%8B%88,본문/시조/인조 - 내라그리거니 (1640-01-01).txt
시계열,1642-01-01,발표 연도,시조,산중신곡,윤선도,1071,https://ko.wikisource.org/wiki/%EC%82%B0%EC%A4%91%EC%8B%A0%EA%B3%A1,본문/시조/윤선도 - 산중신곡 (1642-01-01).txt
시계열,1644-01-01,발표 연도,시조,先人의休養山을,김계,56,https://ko.wikisource.org/wiki/%EC%84%A0%EC%9D%B8%EC%9D%98_%ED%9C%B4%EC%96%91%EC%82%B0%EC%9D%84,본문/시조/김계 - 先人의休養山을 (1644-01-01).txt
시계열,1644-01-01,발표 연도,시조,先人이심근가ᄉᆞᆯ,김계,54,https://ko.wikisource.org/wiki/%EC%84%A0%EC%9D%B8%EC%9D%B4_%EC%8B%AC%EA%B7%BC_%EA%B0%80%EC%8A%AC,본문/시조/김계 - 先人이심근가ᄉᆞᆯ (1644-01-01).txt
시계열,1644-01-01,발표 연도,시조,沙汰考講都會處에,김계,102,https://ko.wikisource.org/wiki/%EC%82%AC%ED%83%9C%EA%B3%A0%EA%B0%95_%EB%8F%84%ED%9A%8C%EC%B2%98%EC%97%90,본문/시조/김계 - 沙汰考講都會處에 (1644-01-01).txt
시계열,1644-01-01,발표 연도,시조,너ᄂᆞᆫ老松이오,김계,52,https://ko.wikisource.org/wiki/%EB%84%88%EB%8A%94_%EB%85%B8%EC%86%A1%EC%9D%B4%EC%98%A4,본문/시조/김계 - 너ᄂᆞᆫ老松이오 (1644-01-01).txt
시계열,1645-01-01,발표 연도,시조,多臥小起八十翁,김계,53,https://ko.wikisource.org/wiki/%EB%8B%A4%EC%99%80%EC%86%8C%EA%B8%B0_%ED%8C%94%EC%8B%AD%EC%98%B9,본문/시조/김계 - 多臥小起八十翁 (1645-01-01).txt
시계열,1645-01-01,발표 연도,시조,고금영,윤선도,61,https://ko.wikisource.org/wiki/%EA%B3%A0%EA%B8%88%EC%98%81,본문/시조/윤선도 - 고금영 (1645-01-01).txt
시계열,1645-01-01,발표 연도,시조,산중속신곡,윤선도,147,https://ko.wikisource.org/wiki/%EC%82%B0%EC%A4%91%EC%86%8D%EC%8B%A0%EA%B3%A1,본문/시조/윤선도 - 산중속신곡 (1645-01-01).txt
시계열,1645-01-01,발표 연도,시조,세아ᄃᆞᆯ應科ᄒᆞ야,김계,58,https://ko.wikisource.org/wiki/%EC%84%B8%EC%95%84%EB%93%A4_%EC%9D%91%EA%B3%BC%ED%95%98%EC%95%BC,본문/시조/김계 - 세아ᄃᆞᆯ應科ᄒᆞ야 (1645-01-01).txt
시계열,1645-01-01,저자 문서 발표 연도,시조,증반금,윤선도,77,https://ko.wikisource.org/wiki/%EC%A6%9D%EB%B0%98%EA%B8%88,본문/시조/윤선도 - 증반금 (1645-01-01).txt
시계열,1645-01-01,발표 연도,시조,헌옷닙고미쥭먹고,김계,49,https://ko.wikisource.org/wiki/%ED%97%8C%EC%98%B7%EB%8B%99%EA%B3%A0_%EB%AF%B8%EC%A5%AD%EB%A8%B9%EA%B3%A0,본문/시조/김계 - 헌옷닙고미쥭먹고 (1645-01-01).txt
시계열,1646-01-01,발표 연도,시조,夫唱婦隨라ᄒᆞᆫᄃᆞᆯ,김계,63,https://ko.wikisource.org/wiki/%EB%B6%80%EC%B0%BD%EB%B6%80%EC%88%98%EB%9D%BC_%ED%95%9C%EB%93%A4,본문/시조/김계 - 夫唱婦隨라ᄒᆞᆫᄃᆞᆯ (1646-01-01).txt
시계열,1646-01-01,발표 연도,시조,苦熱에淸風을주니,김계,49,https://ko.wikisource.org/wiki/%EA%B3%A0%EC%97%B4%EC%97%90_%EC%B2%AD%ED%92%8D%EC%9D%84_%EC%A3%BC%EB%8B%88,본문/시조/김계 - 苦熱에淸風을주니 (1646-01-01).txt
시계열,1646-01-01,발표 연도,시조,어와어엿블샤,김계,52,https://ko.wikisource.org/wiki/%EC%96%B4%EC%99%80_%EC%96%B4%EC%97%BF%EB%B8%94%EC%83%A4,본문/시조/김계 - 어와어엿블샤 (1646-01-01).txt
시계열,1646-01-01,발표 연도,시조,이바이사ᄅᆞᆷᄃᆞᆯ아,김계,53,https://ko.wikisource.org/wiki/%EC%9D%B4%EB%B0%94_%EC%9D%B4%EC%82%AC%EB%9E%8C%EB%93%A4%EC%95%84,본문/시조/김계 - 이바이사ᄅᆞᆷᄃᆞᆯ아 (1646-01-01).txt
시계열,1647-01-01,발표 연도,시조,少年적노던ᄯᅡᄒᆞᆯ,김계,53,https://ko.wikisource.org/wiki/%EC%86%8C%EB%85%84%EC%A0%81_%EB%85%B8%EB%8D%98%EB%94%B0%ED%9D%98,본문/시조/김계 - 少年적노던ᄯᅡᄒᆞᆯ (1647-01-01).txt
시계열,1647-01-01,발표 연도,시조,어와可笑로다,김계,55,https://ko.wikisource.org/wiki/%EC%96%B4%EC%99%80_%EA%B0%80%EC%86%8C%EB%A1%9C%EB%8B%A4,본문/시조/김계 - 어와可笑로다 (1647-01-01).txt
시계열,1648-01-01,발표 연도,시조,兄主자시던졀을,김계,47,https://ko.wikisource.org/wiki/%ED%98%95%EC%A3%BC_%EC%9E%90%EC%8B%9C%EB%8D%98_%EC%A1%80%EC%9D%84,본문/시조/김계 - 兄主자시던졀을 (1648-01-01).txt
시계열,1648-01-01,발표 연도,시조,壽則多辱이라ᄒᆞᆯᄉᆡ,김계,47,https://ko.wikisource.org/wiki/%EC%88%98%EC%A6%89%EB%8B%A4%EC%9A%95%EC%9D%B4%EB%9D%BC_%ED%95%A0%EC%83%88,본문/시조/김계 - 壽則多辱이라ᄒᆞᆯᄉᆡ (1648-01-01).txt
시계열,1648-01-01,발표 연도,시조,父母ᄂᆞᆫ쥭자시미셔,김계,54,https://ko.wikisource.org/wiki/%EB%B6%80%EB%AA%A8%EB%8A%94_%EC%A5%AD%EC%9E%90%EC%8B%9C%EB%A9%B0%EC%85%94,본문/시조/김계 - 父母ᄂᆞᆫ쥭자시미셔 (1648-01-01).txt
시계열,1649-01-01,발표 연도,시조,ᄅᆞᆯ고病이든이,김계,55,https://ko.wikisource.org/wiki/%EB%9E%84%EA%B3%A0_%EB%B3%91%EC%9D%B4%EB%93%A0%EC%9D%B4,본문/시조/김계 - ᄅᆞᆯ고病이든이 (1649-01-01).txt
시계열,1649-01-01,발표 연도,시조,少年적ᄃᆞᆫ기던ᄯᅡᄒᆞᆯ,김계,56,https://ko.wikisource.org/wiki/%EC%86%8C%EB%85%84%EC%A0%81_%EB%8B%A8%EA%B8%B0%EB%8D%98_%EB%94%B0%ED%9D%98,본문/시조/김계 - 少年적ᄃᆞᆫ기던ᄯᅡᄒᆞᆯ (1649-01-01).txt
시계열,1649-01-01,발표 연도,시조,謝賜竹杖孫僉知,김계,55,https://ko.wikisource.org/wiki/%EC%82%AC%EC%82%AC%EC%A3%BD%EC%9E%A5_%EC%86%90%EC%B2%A8%EC%A7%80,본문/시조/김계 - 謝賜竹杖孫僉知 (1649-01-01).txt
시계열,1649-01-01,발표 연도,시조,게만그리울가,김계,63,https://ko.wikisource.org/wiki/%EA%B2%8C%EB%A7%8C_%EA%B7%B8%EB%A6%AC%EC%9A%B8%EA%B0%80,본문/시조/김계 - 게만그리울가 (1649-01-01).txt
시계열,1649-01-01,발표 연도,시조,나도그리거니,김계,58,https://ko.wikisource.org/wiki/%EB%82%98%EB%8F%84_%EA%B7%B8%EB%A6%AC%EA%B1%B0%EB%8B%88,본문/시조/김계 - 나도그리거니 (1649-01-01).txt
시계열,1649-01-01,발표 연도,시조,내나ᄒᆞᆯ쳐여보니,김계,53,https://ko.wikisource.org/wiki/%EB%82%B4%EB%82%98%ED%9D%98_%EC%B3%90%EC%97%AC%EB%B3%B4%EB%8B%88,본문/시조/김계 - 내나ᄒᆞᆯ쳐여보니 (1649-01-01).txt
시계열,1649-01-01,발표 연도,시조,너희ᄂᆞᆯᄃᆞ리고,김계,58,https://ko.wikisource.org/wiki/%EB%84%88%ED%9D%AC%EB%82%A0_%EB%8B%A4%EB%A6%AC%EA%B3%A0,본문/시조/김계 - 너희ᄂᆞᆯᄃᆞ리고 (1649-01-01).txt
시계열,1649-01-01,발표 연도,시조,네나흔마ᄋᆞᆫᄒᆞᆫ나,김계,60,https://ko.wikisource.org/wiki/%EB%84%A4%EB%82%98%ED%9D%94_%EB%A7%88%EC%9D%80%ED%95%9C%EB%82%98,본문/시조/김계 - 네나흔마ᄋᆞᆫᄒᆞᆫ나 (1649-01-01).txt
시계열,1649-01-01,발표 연도,시조,늘그니赤足로서,김계,46,https://ko.wikisource.org/wiki/%EB%8A%98%EA%B7%B8%EB%8B%88_%EC%A0%81%EC%A1%B1%EB%A1%9C%EC%84%9C,본문/시조/김계 - 늘그니赤足로서 (1649-01-01).txt
시계열,1650-01-01,발표 연도,시조,내나히닐흔여슷,김계,54,https://ko.wikisource.org/wiki/%EB%82%B4_%EB%82%98%ED%9E%88_%EB%8B%90%ED%9D%94%EC%97%AC%EC%8A%B7,본문/시조/김계 - 내나히닐흔여슷 (1650-01-01).txt
시계열,1651-01-01,발표 연도,시조,어부사시사,윤선도,3334,https://ko.wikisource.org/wiki/%EC%96%B4%EB%B6%80%EC%82%AC%EC%8B%9C%EC%82%AC,본문/시조/윤선도 - 어부사시사 (1651-01-01).txt
시계열,1652-01-01,발표 연도,시조,몽천요,윤선도,197,https://ko.wikisource.org/wiki/%EB%AA%BD%EC%B2%9C%EC%9A%94,본문/시조/윤선도 - 몽천요 (1652-01-01).txt
시계열,1652-01-01,발표 연도,시조,오ᄂᆞᆯ이무슴날고,김계,61,https://ko.wikisource.org/wiki/%EC%98%A4%EB%8A%98%EC%9D%B4_%EB%AC%B4%EC%8A%B4%EB%82%A0%EA%B3%A0,본문/시조/김계 - 오ᄂᆞᆯ이무슴날고 (1652-01-01).txt
시계열,1653-01-01,발표 연도,시조,重陽ᄇᆞᆯᄀᆞᆫᄃᆞᆯ애,김계,57,https://ko.wikisource.org/wiki/%EC%A4%91%EC%96%91_%EB%B0%9C%EA%B0%84_%EB%8B%AC%EC%95%A0,본문/시조/김계 - 重陽ᄇᆞᆯᄀᆞᆫᄃᆞᆯ애 (1653-01-01).txt
시계열,1653-01-01,발표 연도,시조,알래해어름이ᄀᆞᄃᆞᆨ,김계,50,https://ko.wikisource.org/wiki/%EC%95%8C%EB%9E%98%ED%95%B4_%EC%96%B4%EB%A6%84%EC%9D%B4_%EA%B0%80%EB%93%9D,본문/시조/김계 - 알래해어름이ᄀᆞᄃᆞᆨ (1653-01-01).txt
시계열,1654-01-01,발표 연도,시조,父母主이늣거아,김현,77,https://ko.wikisource.org/wiki/%EB%B6%80%EB%AA%A8%EC%A3%BC%EC%9D%B4_%EB%8A%A3%EA%B1%B0%EC%95%84,본문/시조/김현 - 父母主이늣거아 (1654-01-01).txt
시계열,1654-01-01,발표 연도,시조,오ᄂᆞᄅᆞᆯ혜여보니,김계,63,https://ko.wikisource.org/wiki/%EC%98%A4%EB%82%98%EB%A5%BC_%ED%98%9C%EC%97%AC%EB%B3%B4%EB%8B%88,본문/시조/김계 - 오ᄂᆞᄅᆞᆯ혜여보니 (1654-01-01).txt
시계열,1687-01-01,발표 연도,장편소설,구운몽,김만중,64523,https://ko.wikisource.org/wiki/%EA%B5%AC%EC%9A%B4%EB%AA%BD,본문/장편소설/김만중 - 구운몽 (1687-01-01).txt
시계열,1720-01-01,발표 연도,가사,瑪川別曲,이섭,1125,https://ko.wikisource.org/wiki/%EB%A7%88%EC%B2%9C%EB%B3%84%EA%B3%A1,본문/가사/이섭 - 瑪川別曲 (1720-01-01).txt
시계열,1728-01-01,발표 연도,시조,청구영언,김천택,326,https://ko.wikisource.org/wiki/%EC%B2%AD%EA%B5%AC%EC%98%81%EC%96%B8,본문/시조/김천택 - 청구영언 (1728-01-01).txt
시계열,1754-01-01,발표 연도,소설,가사춘향가이백구,유진한,2800,https://ko.wikisource.org/wiki/%EA%B0%80%EC%82%AC%EC%B6%98%ED%96%A5%EA%B0%80%EC%9D%B4%EB%B0%B1%EA%B5%AC,본문/소설/유진한 - 가사춘향가이백구 (1754-01-01).txt
시계열,1769-01-01,발표 연도,서간,제6권 서사,박지원,6566,https://ko.wikisource.org/wiki/%EC%97%B0%EC%95%94%EC%A7%91/%EC%A0%9C6%EA%B6%8C_%EB%B3%84%EC%A7%91,본문/서간/박지원 - 제6권 서사 (1769-01-01).txt
시계열,1780-01-01,수록 문집 간행 연도,수필,경개록,박지원,2181,https://ko.wikisource.org/wiki/%EC%97%B4%ED%95%98%EC%9D%BC%EA%B8%B0/%EA%B2%BD%EA%B0%9C%EB%A1%9D,본문/수필/박지원 - 경개록 (1780-01-01).txt
시계열,1780-01-01,수록 문집 간행 연도,수필,관내정사,박지원,17636,https://ko.wikisource.org/wiki/%EC%97%B4%ED%95%98%EC%9D%BC%EA%B8%B0/%EA%B4%80%EB%82%B4%EC%A0%95%EC%82%AC,본문/수필/박지원 - 관내정사 (1780-01-01).txt
시계열,1780-01-01,수록 문집 간행 연도,수필,구외이문,박지원,11347,https://ko.wikisource.org/wiki/%EC%97%B4%ED%95%98%EC%9D%BC%EA%B8%B0/%EA%B5%AC%EC%99%B8%EC%9D%B4%EB%AC%B8,본문/수필/박지원 - 구외이문 (1780-01-01).txt
시계열,1780-01-01,수록 문집 간행 연도,수필,금료소초,박지원,2563,https://ko.wikisource.org/wiki/%EC%97%B4%ED%95%98%EC%9D%BC%EA%B8%B0/%EA%B8%88%EB%A3%8C%EC%86%8C%EC%B4%88,본문/수필/박지원 - 금료소초 (1780-01-01).txt
시계열,1780-01-01,수록 문집 간행 연도,수필,도강록,박지원,24782,https://ko.wikisource.org/wiki/%EC%97%B4%ED%95%98%EC%9D%BC%EA%B8%B0/%EB%8F%84%EA%B0%95%EB%A1%9D,본문/수필/박지원 - 도강록 (1780-01-01).txt
시계열,1780-01-01,수록 문집 간행 연도,수필,동란섭필,박지원,15790,https://ko.wikisource.org/wiki/%EC%97%B4%ED%95%98%EC%9D%BC%EA%B8%B0/%EB%8F%99%EB%9E%80%EC%84%AD%ED%95%84,본문/수필/박지원 - 동란섭필 (1780-01-01).txt
시계열,1780-01-01,수록 문집 간행 연도,수필,막북행정록,박지원,9413,https://ko.wikisource.org/wiki/%EC%97%B4%ED%95%98%EC%9D%BC%EA%B8%B0/%EB%A7%89%EB%B6%81%ED%96%89%EC%A0%95%EB%A1%9D,본문/수필/박지원 - 막북행정록 (1780-01-01).txt
시계열,1780-01-01,수록 문집 간행 연도,수필,망양록,박지원,15461,https://ko.wikisource.org/wiki/%EC%97%B4%ED%95%98%EC%9D%BC%EA%B8%B0/%EB%A7%9D%EC%96%91%EB%A1%9D,본문/수필/박지원 - 망양록 (1780-01-01).txt
시계열,1780-01-01,수록 문집 간행 연도,수필,반선시말,박지원,3135,https://ko.wikisource.org/wiki/%EC%97%B4%ED%95%98%EC%9D%BC%EA%B8%B0/%EB%B0%98%EC%84%A0%EC%8B%9C%EB%A7%90,본문/수필/박지원 - 반선시말 (1780-01-01).txt
시계열,1780-01-01,수록 문집 간행 연도,수필,산장잡기,박지원,5325,https://ko.wikisource.org/wiki/%EC%97%B4%ED%95%98%EC%9D%BC%EA%B8%B0/%EC%82%B0%EC%9E%A5%EC%9E%A1%EA%B8%B0,본문/수필/박지원 - 산장잡기 (1780-01-01).txt
시계열,1780-01-01,수록 문집 간행 연도,수필,성경잡지,박지원,16195,https://ko.wikisource.org/wiki/%EC%97%B4%ED%95%98%EC%9D%BC%EA%B8%B0/%EC%84%B1%EA%B2%BD%EC%9E%A1%EC%A7%80,본문/수필/박지원 - 성경잡지 (1780-01-01).txt
시계열,1780-01-01,수록 문집 간행 연도,수필,심세편,박지원,2063,https://ko.wikisource.org/wiki/%EC%97%B4%ED%95%98%EC%9D%BC%EA%B8%B0/%EC%8B%AC%EC%84%B8%ED%8E%B8,본문/수필/박지원 - 심세편 (1780-01-01).txt
시계열,1780-01-01,수록 문집 간행 연도,수필,알성퇴술,박지원,4023,https://ko.wikisource.org/wiki/%EC%97%B4%ED%95%98%EC%9D%BC%EA%B8%B0/%EC%95%8C%EC%84%B1%ED%87%B4%EC%88%A0,본문/수필/박지원 - 알성퇴술 (1780-01-01).txt
시계열,1780-01-01,수록 문집 간행 연도,수필,앙엽기,박지원,4442,https://ko.wikisource.org/wiki/%EC%97%B4%ED%95%98%EC%9D%BC%EA%B8%B0/%EC%95%99%EC%97%BD%EA%B8%B0,본문/수필/박지원 - 앙엽기 (1780-01-01).txt
시계열,1780-01-01,수록 문집 간행 연도,수필,열하일기서,박지원,689,https://ko.wikisource.org/wiki/%EC%97%B4%ED%95%98%EC%9D%BC%EA%B8%B0/%EC%97%B4%ED%95%98%EC%9D%BC%EA%B8%B0%EC%84%9C,본문/수필/박지원 - 열하일기서 (1780-01-01).txt
시계열,1780-01-01,수록 문집 간행 연도,수필,옥갑야화,박지원,5320,https://ko.wikisource.org/wiki/%EC%97%B4%ED%95%98%EC%9D%BC%EA%B8%B0/%EC%98%A5%EA%B0%91%EC%95%BC%ED%99%94,본문/수필/박지원 - 옥갑야화 (1780-01-01).txt
시계열,1780-01-01,수록 문집 간행 연도,수필,일신수필,박지원,16484,https://ko.wikisource.org/wiki/%EC%97%B4%ED%95%98%EC%9D%BC%EA%B8%B0/%EC%9D%BC%EC%8B%A0%EC%88%98%ED%95%84,본문/수필/박지원 - 일신수필 (1780-01-01).txt
시계열,1780-01-01,수록 문집 간행 연도,수필,찰십륜포,박지원,1981,https://ko.wikisource.org/wiki/%EC%97%B4%ED%95%98%EC%9D%BC%EA%B8%B0/%EC%B0%B0%EC%8B%AD%EB%A5%9C%ED%8F%AC,본문/수필/박지원 - 찰십륜포 (1780-01-01).txt
시계열,1780-01-01,수록 문집 간행 연도,수필,태학유관록,박지원,14604,https://ko.wikisource.org/wiki/%EC%97%B4%ED%95%98%EC%9D%BC%EA%B8%B0/%ED%83%9C%ED%95%99%EC%9C%A0%EA%B4%80%EB%A1%9D,본문/수필/박지원 - 태학유관록 (1780-01-01).txt
시계열,1780-01-01,수록 문집 간행 연도,수필,피서록,박지원,14681,https://ko.wikisource.org/wiki/%EC%97%B4%ED%95%98%EC%9D%BC%EA%B8%B0/%ED%94%BC%EC%84%9C%EB%A1%9D,본문/수필/박지원 - 피서록 (1780-01-01).txt
시계열,1780-01-01,수록 문집 간행 연도,수필,행재잡록,박지원,3807,https://ko.wikisource.org/wiki/%EC%97%B4%ED%95%98%EC%9D%BC%EA%B8%B0/%ED%96%89%EC%9E%AC%EC%9E%A1%EB%A1%9D,본문/수필/박지원 - 행재잡록 (1780-01-01).txt
시계열,1780-01-01,수록 문집 간행 연도,수필,혹정필담,박지원,15815,https://ko.wikisource.org/wiki/%EC%97%B4%ED%95%98%EC%9D%BC%EA%B8%B0/%ED%98%B9%EC%A0%95%ED%95%84%EB%8B%B4,본문/수필/박지원 - 혹정필담 (1780-01-01).txt
시계열,1780-01-01,수록 문집 간행 연도,수필,환연도중록,박지원,7949,https://ko.wikisource.org/wiki/%EC%97%B4%ED%95%98%EC%9D%BC%EA%B8%B0/%ED%99%98%EC%97%B0%EB%8F%84%EC%A4%91%EB%A1%9D,본문/수필/박지원 - 환연도중록 (1780-01-01).txt
시계열,1780-01-01,수록 문집 간행 연도,수필,환희기,박지원,4271,https://ko.wikisource.org/wiki/%EC%97%B4%ED%95%98%EC%9D%BC%EA%B8%B0/%ED%99%98%ED%9D%AC%EA%B8%B0,본문/수필/박지원 - 환희기 (1780-01-01).txt
시계열,1780-01-01,수록 문집 간행 연도,수필,황교문답,박지원,9478,https://ko.wikisource.org/wiki/%EC%97%B4%ED%95%98%EC%9D%BC%EA%B8%B0/%ED%99%A9%EA%B5%90%EB%AC%B8%EB%8B%B5,본문/수필/박지원 - 황교문답 (1780-01-01).txt
시계열,1780-01-01,수록 문집 간행 연도,수필,황도기략,박지원,10153,https://ko.wikisource.org/wiki/%EC%97%B4%ED%95%98%EC%9D%BC%EA%B8%B0/%ED%99%A9%EB%8F%84%EA%B8%B0%EB%9E%B5,본문/수필/박지원 - 황도기략 (1780-01-01).txt
시계열,1795-01-01,발표 연도,기타,이충무공전서,이순신,59270,https://ko.wikisource.org/wiki/%EC%9D%B4%EC%B6%A9%EB%AC%B4%EA%B3%B5%EC%A0%84%EC%84%9C,본문/기타/이순신 - 이충무공전서 (1795-01-01).txt
시계열,1795-01-01,발표 연도,수필,한중록,헌경왕후,156270,https://ko.wikisource.org/wiki/%ED%95%9C%EC%A4%91%EB%A1%9D,본문/수필/헌경왕후 - 한중록 (1795-01-01).txt
시계열,1812-01-01,발표 연도,동화,헨젤과 그레텔,그림 형제,5089,https://ko.wikisource.org/wiki/%ED%97%A8%EC%A0%A4%EA%B3%BC_%EA%B7%B8%EB%A0%88%ED%85%94,본문/동화/그림 형제 - 헨젤과 그레텔 (1812-01-01).txt
시계열,1818-01-01,수록 문집 간행 연도,기타,부임,정약용,15424,https://ko.wikisource.org/wiki/%EB%AA%A9%EB%AF%BC%EC%8B%AC%EC%84%9C/%EB%B6%80%EC%9E%84,본문/기타/정약용 - 부임 (1818-01-01).txt
시계열,1818-01-01,수록 문집 간행 연도,기타,율기,정약용,11933,https://ko.wikisource.org/wiki/%EB%AA%A9%EB%AF%BC%EC%8B%AC%EC%84%9C/%EC%9C%A8%EA%B8%B0,본문/기타/정약용 - 율기 (1818-01-01).txt
시계열,1829-01-01,발표 연도,노래,벽도화(碧桃花)를 손에 들고,효명세자,98,https://ko.wikisource.org/wiki/%EB%B2%BD%EB%8F%84%ED%99%94%EB%A5%BC_%EC%86%90%EC%97%90_%EB%93%A4%EA%B3%A0,본문/노래/효명세자 - 벽도화(碧桃花)를 손에 들고 (1829-01-01).txt
시계열,1833-01-01,발표 연도,소설,흥보만보록,미상,6690,https://ko.wikisource.org/wiki/%ED%9D%A5%EB%B3%B4%EB%A7%8C%EB%B3%B4%EB%A1%9D,본문/소설/미상 - 흥보만보록 (1833-01-01).txt
시계열,1844-01-01,발표 연도,동화,눈의 여왕,한스 크리스티안 안데르센,2496,https://ko.wikisource.org/wiki/%EB%88%88%EC%9D%98_%EC%97%AC%EC%99%95,본문/동화/한스 크리스티안 안데르센 - 눈의 여왕 (1844-01-01).txt
시계열,1847-01-01,발표 연도,소설,전운치전,미상,30325,https://ko.wikisource.org/wiki/%EC%A0%84%EC%9A%B4%EC%B9%98%EC%A0%84_%28%EA%B2%BD%ED%8C%90_37%EC%9E%A5%EB%B3%B8%29,본문/소설/미상 - 전운치전 (1847-01-01).txt
시계열,1860-01-01,발표 연도,소설,숙영낭자전,미상,22509,https://ko.wikisource.org/wiki/%EC%88%99%EC%98%81%EB%82%AD%EC%9E%90%EC%A0%84_%28%ED%95%9C%EA%B5%AC1391%29,본문/소설/미상 - 숙영낭자전 (1860-01-01).txt
시계열,1860-01-01,발표 연도,가사,연행록,김노상,18499,https://ko.wikisource.org/wiki/%EC%97%B0%ED%96%89%EB%A1%9D_%28%EC%84%9C%ED%96%89%EB%A1%9D_%EC%9D%B4%EB%B3%B8%29,본문/가사/김노상 - 연행록 (1860-01-01).txt
시계열,1865-01-01,발표 연도,소설,흥부전,,20328,https://ko.wikisource.org/wiki/%ED%9D%A5%EB%B6%80%EC%A0%84_%28%EA%B2%BD%ED%8C%90_25%EC%9E%A5%EB%B3%B8%29,본문/소설/작자 미상 - 흥부전 (1865-01-01).txt
시계열,1869-01-01,발표 연도,소설,전쟁과 평화,레프 톨스토이,623,https://ko.wikisource.org/wiki/%EC%A0%84%EC%9F%81%EA%B3%BC_%ED%8F%89%ED%99%94,본문/소설/레프 톨스토이 - 전쟁과 평화 (1869-01-01).txt
시계열,1876-01-01,수록 문집 간행 연도,시조,가곡원류,오증,375,https://ko.wikisource.org/wiki/%EA%B0%80%EA%B3%A1%EC%9B%90%EB%A5%98/%EA%B0%80%EA%B3%A1%EC%9B%90%EB%A5%98,본문/시조/오증 - 가곡원류 (1876-01-01).txt
시계열,1876-01-01,수록 문집 간행 연도,시조,가지풍도형용,"박효관, 안민영",195,https://ko.wikisource.org/wiki/%EA%B0%80%EA%B3%A1%EC%9B%90%EB%A5%98/%EA%B0%80%EC%A7%80%ED%92%8D%EB%8F%84%ED%98%95%EC%9A%A9,"본문/시조/박효관, 안민영 - 가지풍도형용 (1876-01-01).txt"
시계열,1876-01-01,수록 문집 간행 연도,시조,계면조 계락,"박효관, 안민영",2053,https://ko.wikisource.org/wiki/%EA%B0%80%EA%B3%A1%EC%9B%90%EB%A5%98/%EA%B3%84%EB%A9%B4%EC%A1%B0_%EA%B3%84%EB%9D%BD,"본문/시조/박효관, 안민영 - 계면조 계락 (1876-01-01).txt"
시계열,1876-01-01,수록 문집 간행 연도,시조,계면조 농가,"박효관, 안민영",5685,https://ko.wikisource.org/wiki/%EA%B0%80%EA%B3%A1%EC%9B%90%EB%A5%98/%EA%B3%84%EB%A9%B4%EC%A1%B0_%EB%86%8D%EA%B0%80,"본문/시조/박효관, 안민영 - 계면조 농가 (1876-01-01).txt"
시계열,1876-01-01,수록 문집 간행 연도,시조,계면조 대,"박효관, 안민영",82,https://ko.wikisource.org/wiki/%EA%B0%80%EA%B3%A1%EC%9B%90%EB%A5%98/%EA%B3%84%EB%A9%B4%EC%A1%B0_%EB%8C%80,"본문/시조/박효관, 안민영 - 계면조 대 (1876-01-01).txt"
시계열,1876-01-01,수록 문집 간행 연도,시조,계면조 두거,"박효관, 안민영",4149,https://ko.wikisource.org/wiki/%EA%B0%80%EA%B3%A1%EC%9B%90%EB%A5%98/%EA%B3%84%EB%A9%B4%EC%A1%B0_%EB%91%90%EA%B1%B0,"본문/시조/박효관, 안민영 - 계면조 두거 (1876-01-01).txt"
시계열,1876-01-01,수록 문집 간행 연도,시조,계면조 만횡,"박효관, 안민영",2208,https://ko.wikisource.org/wiki/%EA%B0%80%EA%B3%A1%EC%9B%90%EB%A5%98/%EA%B3%84%EB%A9%B4%EC%A1%B0_%EB%A7%8C%ED%9A%A1,"본문/시조/박효관, 안민영 - 계면조 만횡 (1876-01-01).txt"
시계열,1876-01-01,수록 문집 간행 연도,시조,계면조 삼삭대엽,"박효관, 안민영",1367,https://ko.wikisource.org/wiki/%EA%B0%80%EA%B3%A1%EC%9B%90%EB%A5%98/%EA%B3%84%EB%A9%B4%EC%A1%B0_%EC%82%BC%EC%82%AD%EB%8C%80%EC%97%BD,"본문/시조/박효관, 안민영 - 계면조 삼삭대엽 (1876-01-01).txt"
시계열,1876-01-01,수록 문집 간행 연도,시조,계면조 삼중대엽,"박효관, 안민영",67,https://ko.wikisource.org/wiki/%EA%B0%80%EA%B3%A1%EC%9B%90%EB%A5%98/%EA%B3%84%EB%A9%B4%EC%A1%B0_%EC%82%BC%EC%A4%91%EB%8C%80%EC%97%BD,"본문/시조/박효관, 안민영 - 계면조 삼중대엽 (1876-01-01).txt"
시계열,1876-01-01,수록 문집 간행 연도,시조,계면조 엇락,"박효관, 안민영",2359,https://ko.wikisource.org/wiki/%EA%B0%80%EA%B3%A1%EC%9B%90%EB%A5%98/%EA%B3%84%EB%A9%B4%EC%A1%B0_%EC%97%87%EB%9D%BD,"본문/시조/박효관, 안민영 - 계면조 엇락 (1876-01-01).txt"
시계열,1876-01-01,수록 문집 간행 연도,시조,계면조 엇편,"박효관, 안민영",1468,https://ko.wikisource.org/wiki/%EA%B0%80%EA%B3%A1%EC%9B%90%EB%A5%98/%EA%B3%84%EB%A9%B4%EC%A1%B0_%EC%97%87%ED%8E%B8,"본문/시조/박효관, 안민영 - 계면조 엇편 (1876-01-01).txt"
시계열,1876-01-01,수록 문집 간행 연도,시조,계면조 우락,"박효관, 안민영",1408,https://ko.wikisource.org/wiki/%EA%B0%80%EA%B3%A1%EC%9B%90%EB%A5%98/%EA%B3%84%EB%A9%B4%EC%A1%B0_%EC%9A%B0%EB%9D%BD,"본문/시조/박효관, 안민영 - 계면조 우락 (1876-01-01).txt"
시계열,1876-01-01,수록 문집 간행 연도,시조,계면조 이삭대엽,"박효관, 안민영",4880,https://ko.wikisource.org/wiki/%EA%B0%80%EA%B3%A1%EC%9B%90%EB%A5%98/%EA%B3%84%EB%A9%B4%EC%A1%B0_%EC%9D%B4%EC%82%AD%EB%8C%80%EC%97%BD,"본문/시조/박효관, 안민영 - 계면조 이삭대엽 (1876-01-01).txt"
시계열,1876-01-01,수록 문집 간행 연도,시조,계면조 이중대엽,"박효관, 안민영",82,https://ko.wikisource.org/wiki/%EA%B0%80%EA%B3%A1%EC%9B%90%EB%A5%98/%EA%B3%84%EB%A9%B4%EC%A1%B0_%EC%9D%B4%EC%A4%91%EB%8C%80%EC%97%BD,"본문/시조/박효관, 안민영 - 계면조 이중대엽 (1876-01-01).txt"
시계열,1876-01-01,수록 문집 간행 연도,시조,계면조 중거,"박효관, 안민영",3051,https://ko.wikisource.org/wiki/%EA%B0%80%EA%B3%A1%EC%9B%90%EB%A5%98/%EA%B3%84%EB%A9%B4%EC%A1%B0_%EC%A4%91%EA%B1%B0,"본문/시조/박효관, 안민영 - 계면조 중거 (1876-01-01).txt"
시계열,1876-01-01,수록 문집 간행 연도,시조,계면조 초삭대엽,"박효관, 안민영",249,https://ko.wikisource.org/wiki/%EA%B0%80%EA%B3%A1%EC%9B%90%EB%A5%98/%EA%B3%84%EB%A9%B4%EC%A1%B0_%EC%B4%88%EC%82%AD%EB%8C%80%EC%97%BD,"본문/시조/박효관, 안민영 - 계면조 초삭대엽 (1876-01-01).txt"
시계열,1876-01-01,수록 문집 간행 연도,시조,계면조 초중대엽,"박효관, 안민영",59,https://ko.wikisource.org/wiki/%EA%B0%80%EA%B3%A1%EC%9B%90%EB%A5%98/%EA%B3%84%EB%A9%B4%EC%A1%B0_%EC%B4%88%EC%A4%91%EB%8C%80%EC%97%BD,"본문/시조/박효관, 안민영 - 계면조 초중대엽 (1876-01-01).txt"
시계열,1876-01-01,수록 문집 간행 연도,시조,계면조 편락,"박효관, 안민영",752,https://ko.wikisource.org/wiki/%EA%B0%80%EA%B3%A1%EC%9B%90%EB%A5%98/%EA%B3%84%EB%A9%B4%EC%A1%B0_%ED%8E%B8%EB%9D%BD,"본문/시조/박효관, 안민영 - 계면조 편락 (1876-01-01).txt"
시계열,1876-01-01,수록 문집 간행 연도,시조,계면조 편삭대엽,"박효관, 안민영",2473,https://ko.wikisource.org/wiki/%EA%B0%80%EA%B3%A1%EC%9B%90%EB%A5%98/%EA%B3%84%EB%A9%B4%EC%A1%B0_%ED%8E%B8%EC%82%AD%EB%8C%80%EC%97%BD,"본문/시조/박효관, 안민영 - 계면조 편삭대엽 (1876-01-01).txt"
시계열,1876-01-01,수록 문집 간행 연도,시조,계면조 평거,"박효관, 안민영",3569,https://ko.wikisource.org/wiki/%EA%B0%80%EA%B3%A1%EC%9B%90%EB%A5%98/%EA%B3%84%EB%A9%B4%EC%A1%B0_%ED%8F%89%EA%B1%B0,"본문/시조/박효관, 안민영 - 계면조 평거 (1876-01-01).txt"
시계열,1876-01-01,수록 문집 간행 연도,시조,계면조 후정화,"박효관, 안민영",64,https://ko.wikisource.org/wiki/%EA%B0%80%EA%B3%A1%EC%9B%90%EB%A5%98/%EA%B3%84%EB%A9%B4%EC%A1%B0_%ED%9B%84%EC%A0%95%ED%99%94,"본문/시조/박효관, 안민영 - 계면조 후정화 (1876-01-01).txt"
시계열,1876-01-01,수록 문집 간행 연도,시조,논곡지음,"박효관, 안민영",338,https://ko.wikisource.org/wiki/%EA%B0%80%EA%B3%A1%EC%9B%90%EB%A5%98/%EB%85%BC%EA%B3%A1%EC%A7%80%EC%9D%8C,"본문/시조/박효관, 안민영 - 논곡지음 (1876-01-01).txt"
시계열,1876-01-01,수록 문집 간행 연도,시조,여창 계면조 가필주대,"박효관, 안민영",52,https://ko.wikisource.org/wiki/%EA%B0%80%EA%B3%A1%EC%9B%90%EB%A5%98/%EC%97%AC%EC%B0%BD_%EA%B3%84%EB%A9%B4%EC%A1%B0_%EA%B0%80%ED%95%84%EC%A3%BC%EB%8C%80,"본문/시조/박효관, 안민영 - 여창 계면조 가필주대 (1876-01-01).txt"
시계열,1876-01-01,수록 문집 간행 연도,시조,여창 계면조 계락,"박효관, 안민영",711,https://ko.wikisource.org/wiki/%EA%B0%80%EA%B3%A1%EC%9B%90%EB%A5%98/%EC%97%AC%EC%B0%BD_%EA%B3%84%EB%A9%B4%EC%A1%B0_%EA%B3%84%EB%9D%BD,"본문/시조/박효관, 안민영 - 여창 계면조 계락 (1876-01-01).txt"
시계열,1876-01-01,수록 문집 간행 연도,시조,여창 계면조 농가,"박효관, 안민영",963,https://ko.wikisource.org/wiki/%EA%B0%80%EA%B3%A1%EC%9B%90%EB%A5%98/%EC%97%AC%EC%B0%BD_%EA%B3%84%EB%A9%B4%EC%A1%B0_%EB%86%8D%EA%B0%80,"본문/시조/박효관, 안민영 - 여창 계면조 농가 (1876-01-01).txt"
시계열,1876-01-01,수록 문집 간행 연도,시조,여창 계면조 두거,"박효관, 안민영",680,https://ko.wikisource.org/wiki/%EA%B0%80%EA%B3%A1%EC%9B%90%EB%A5%98/%EC%97%AC%EC%B0%BD_%EA%B3%84%EB%A9%B4%EC%A1%B0_%EB%91%90%EA%B1%B0,"본문/시조/박효관, 안민영 - 여창 계면조 두거 (1876-01-01).txt"
시계열,1876-01-01,수록 문집 간행 연도,시조,여창 계면조 우락,"박효관, 안민영",1346,https://ko.wikisource.org/wiki/%EA%B0%80%EA%B3%A1%EC%9B%90%EB%A5%98/%EC%97%AC%EC%B0%BD_%EA%B3%84%EB%A9%B4%EC%A1%B0_%EC%9A%B0%EB%9D%BD,"본문/시조/박효관, 안민영 - 여창 계면조 우락 (1876-01-01).txt"
시계열,1876-01-01,수록 문집 간행 연도,시조,여창 계면조 이삭대엽,"박효관, 안민영",830,https://ko.wikisource.org/wiki/%EA%B0%80%EA%B3%A1%EC%9B%90%EB%A5%98/%EC%97%AC%EC%B0%BD_%EA%B3%84%EB%A9%B4%EC%A1%B0_%EC%9D%B4%EC%82%AD%EB%8C%80%EC%97%BD,"본문/시조/박효관, 안민영 - 여창 계면조 이삭대엽 (1876-01-01).txt"
시계열,1876-01-01,수록 문집 간행 연도,시조,여창 계면조 이중대엽,"박효관, 안민영",54,https://ko.wikisource.org/wiki/%EA%B0%80%EA%B3%A1%EC%9B%90%EB%A5%98/%EC%97%AC%EC%B0%BD_%EA%B3%84%EB%A9%B4%EC%A1%B0_%EC%9D%B4%EC%A4%91%EB%8C%80%EC%97%BD,"본문/시조/박효관, 안민영 - 여창 계면조 이중대엽 (1876-01-01).txt"
시계열,1876-01-01,수록 문집 간행 연도,시조,여창 계면조 장진주,"박효관, 안민영",162,https://ko.wikisource.org/wiki/%EA%B0%80%EA%B3%A1%EC%9B%90%EB%A5%98/%EC%97%AC%EC%B0%BD_%EA%B3%84%EB%A9%B4%EC%A1%B0_%EC%9E%A5%EC%A7%84%EC%A3%BC,"본문/시조/박효관, 안민영 - 여창 계면조 장진주 (1876-01-01).txt"
시계열,1876-01-01,수록 문집 간행 연도,시조,여창 계면조 장진주대,"박효관, 안민영",81,https://ko.wikisource.org/wiki/%EA%B0%80%EA%B3%A1%EC%9B%90%EB%A5%98/%EC%97%AC%EC%B0%BD_%EA%B3%84%EB%A9%B4%EC%A1%B0_%EC%9E%A5%EC%A7%84%EC%A3%BC%EB%8C%80,"본문/시조/박효관, 안민영 - 여창 계면조 장진주대 (1876-01-01).txt"
시계열,1876-01-01,수록 문집 간행 연도,시조,여창 계면조 중거,"박효관, 안민영",1128,https://ko.wikisource.org/wiki/%EA%B0%80%EA%B3%A1%EC%9B%90%EB%A5%98/%EC%97%AC%EC%B0%BD_%EA%B3%84%EB%A9%B4%EC%A1%B0_%EC%A4%91%EA%B1%B0,"본문/시조/박효관, 안민영 - 여창 계면조 중거 (1876-01-01).txt"
시계열,1876-01-01,수록 문집 간행 연도,시조,여창 계면조 편삭대엽,"박효관, 안민영",1367,https://ko.wikisource.org/wiki/%EA%B0%80%EA%B3%A1%EC%9B%90%EB%A5%98/%EC%97%AC%EC%B0%BD_%EA%B3%84%EB%A9%B4%EC%A1%B0_%ED%8E%B8%EC%82%AD%EB%8C%80%EC%97%BD,"본문/시조/박효관, 안민영 - 여창 계면조 편삭대엽 (1876-01-01).txt"
시계열,1876-01-01,수록 문집 간행 연도,시조,여창 계면조 평거,"박효관, 안민영",1039,https://ko.wikisource.org/wiki/%EA%B0%80%EA%B3%A1%EC%9B%90%EB%A5%98/%EC%97%AC%EC%B0%BD_%EA%B3%84%EB%A9%B4%EC%A1%B0_%ED%8F%89%EA%B1%B0,"본문/시조/박효관, 안민영 - 여창 계면조 평거 (1876-01-01).txt"
시계열,1876-01-01,수록 문집 간행 연도,시조,여창 계면조 후정화,"박효관, 안민영",56,https://ko.wikisource.org/wiki/%EA%B0%80%EA%B3%A1%EC%9B%90%EB%A5%98/%EC%97%AC%EC%B0%BD_%EA%B3%84%EB%A9%B4%EC%A1%B0_%ED%9B%84%EC%A0%95%ED%99%94,"본문/시조/박효관, 안민영 - 여창 계면조 후정화 (1876-01-01).txt"
시계열,1876-01-01,수록 문집 간행 연도,시조,여창 계면조 후정화대,"박효관, 안민영",47,https://ko.wikisource.org/wiki/%EA%B0%80%EA%B3%A1%EC%9B%90%EB%A5%98/%EC%97%AC%EC%B0%BD_%EA%B3%84%EB%A9%B4%EC%A1%B0_%ED%9B%84%EC%A0%95%ED%99%94%EB%8C%80,"본문/시조/박효관, 안민영 - 여창 계면조 후정화대 (1876-01-01).txt"
시계열,1876-01-01,수록 문집 간행 연도,시조,여창 우조 두거,"박효관, 안민영",768,https://ko.wikisource.org/wiki/%EA%B0%80%EA%B3%A1%EC%9B%90%EB%A5%98/%EC%97%AC%EC%B0%BD_%EC%9A%B0%EC%A1%B0_%EB%91%90%EA%B1%B0,"본문/시조/박효관, 안민영 - 여창 우조 두거 (1876-01-01).txt"
시계열,1876-01-01,수록 문집 간행 연도,시조,여창 우조 이삭대엽,"박효관, 안민영",784,https://ko.wikisource.org/wiki/%EA%B0%80%EA%B3%A1%EC%9B%90%EB%A5%98/%EC%97%AC%EC%B0%BD_%EC%9A%B0%EC%A1%B0_%EC%9D%B4%EC%82%AD%EB%8C%80%EC%97%BD,"본문/시조/박효관, 안민영 - 여창 우조 이삭대엽 (1876-01-01).txt"
시계열,1876-01-01,수록 문집 간행 연도,시조,여창 우조 중거,"박효관, 안민영",566,https://ko.wikisource.org/wiki/%EA%B0%80%EA%B3%A1%EC%9B%90%EB%A5%98/%EC%97%AC%EC%B0%BD_%EC%9A%B0%EC%A1%B0_%EC%A4%91%EA%B1%B0,"본문/시조/박효관, 안민영 - 여창 우조 중거 (1876-01-01).txt"
시계열,1876-01-01,수록 문집 간행 연도,시조,여창 우조 중대엽,"박효관, 안민영",87,https://ko.wikisource.org/wiki/%EA%B0%80%EA%B3%A1%EC%9B%90%EB%A5%98/%EC%97%AC%EC%B0%BD_%EC%9A%B0%EC%A1%B0_%EC%A4%91%EB%8C%80%EC%97%BD,"본문/시조/박효관, 안민영 - 여창 우조 중대엽 (1876-01-01).txt"
시계열,1876-01-01,수록 문집 간행 연도,시조,여창 우조 평거,"박효관, 안민영",346,https://ko.wikisource.org/wiki/%EA%B0%80%EA%B3%A1%EC%9B%90%EB%A5%98/%EC%97%AC%EC%B0%BD_%EC%9A%B0%EC%A1%B0_%ED%8F%89%EA%B1%B0,"본문/시조/박효관, 안민영 - 여창 우조 평거 (1876-01-01).txt"
시계열,1876-01-01,수록 문집 간행 연도,시조,여창 율당 삭대엽,"박효관, 안민영",125,https://ko.wikisource.org/wiki/%EA%B0%80%EA%B3%A1%EC%9B%90%EB%A5%98/%EC%97%AC%EC%B0%BD_%EC%9C%A8%EB%8B%B9_%EC%82%AD%EB%8C%80%EC%97%BD,"본문/시조/박효관, 안민영 - 여창 율당 삭대엽 (1876-01-01).txt"
시계열,1876-01-01,수록 문집 간행 연도,시조,우조 두거,"박효관, 안민영",1272,https://ko.wikisource.org/wiki/%EA%B0%80%EA%B3%A1%EC%9B%90%EB%A5%98/%EC%9A%B0%EC%A1%B0_%EB%91%90%EA%B1%B0,"본문/시조/박효관, 안민영 - 우조 두거 (1876-01-01).txt"
시계열,1876-01-01,수록 문집 간행 연도,시조,우조 삼삭대엽,"박효관, 안민영",1464,https://ko.wikisource.org/wiki/%EA%B0%80%EA%B3%A1%EC%9B%90%EB%A5%98/%EC%9A%B0%EC%A1%B0_%EC%82%BC%EC%82%AD%EB%8C%80%EC%97%BD,"본문/시조/박효관, 안민영 - 우조 삼삭대엽 (1876-01-01).txt"
시계열,1876-01-01,수록 문집 간행 연도,시조,우조 삼중대엽,"박효관, 안민영",143,https://ko.wikisource.org/wiki/%EA%B0%80%EA%B3%A1%EC%9B%90%EB%A5%98/%EC%9A%B0%EC%A1%B0_%EC%82%BC%EC%A4%91%EB%8C%80%EC%97%BD,"본문/시조/박효관, 안민영 - 우조 삼중대엽 (1876-01-01).txt"
시계열,1876-01-01,수록 문집 간행 연도,시조,우조 소용이,"박효관, 안민영",1105,https://ko.wikisource.org/wiki/%EA%B0%80%EA%B3%A1%EC%9B%90%EB%A5%98/%EC%9A%B0%EC%A1%B0_%EC%86%8C%EC%9A%A9%EC%9D%B4,"본문/시조/박효관, 안민영 - 우조 소용이 (1876-01-01).txt"
시계열,1876-01-01,수록 문집 간행 연도,시조,우조 율당 삭대엽,"박효관, 안민영",309,https://ko.wikisource.org/wiki/%EA%B0%80%EA%B3%A1%EC%9B%90%EB%A5%98/%EC%9A%B0%EC%A1%B0_%EC%9C%A8%EB%8B%B9_%EC%82%AD%EB%8C%80%EC%97%BD,"본문/시조/박효관, 안민영 - 우조 율당 삭대엽 (1876-01-01).txt"
시계열,1876-01-01,수록 문집 간행 연도,시조,우조 이삭대엽,"박효관, 안민영",2218,https://ko.wikisource.org/wiki/%EA%B0%80%EA%B3%A1%EC%9B%90%EB%A5%98/%EC%9A%B0%EC%A1%B0_%EC%9D%B4%EC%82%AD%EB%8C%80%EC%97%BD,"본문/시조/박효관, 안민영 - 우조 이삭대엽 (1876-01-01).txt"
시계열,1876-01-01,수록 문집 간행 연도,시조,우조 장대엽,"박효관, 안민영",50,https://ko.wikisource.org/wiki/%EA%B0%80%EA%B3%A1%EC%9B%90%EB%A5%98/%EC%9A%B0%EC%A1%B0_%EC%9E%A5%EB%8C%80%EC%97%BD,"본문/시조/박효관, 안민영 - 우조 장대엽 (1876-01-01).txt"
시계열,1876-01-01,수록 문집 간행 연도,시조,우조 중거,"박효관, 안민영",1190,https://ko.wikisource.org/wiki/%EA%B0%80%EA%B3%A1%EC%9B%90%EB%A5%98/%EC%9A%B0%EC%A1%B0_%EC%A4%91%EA%B1%B0,"본문/시조/박효관, 안민영 - 우조 중거 (1876-01-01).txt"
시계열,1876-01-01,수록 문집 간행 연도,시조,우조 초삭대엽,"박효관, 안민영",758,https://ko.wikisource.org/wiki/%EA%B0%80%EA%B3%A1%EC%9B%90%EB%A5%98/%EC%9A%B0%EC%A1%B0_%EC%B4%88%EC%82%AD%EB%8C%80%EC%97%BD,"본문/시조/박효관, 안민영 - 우조 초삭대엽 (1876-01-01).txt"
시계열,1876-01-01,수록 문집 간행 연도,시조,우조 초중대엽,"박효관, 안민영",165,https://ko.wikisource.org/wiki/%EA%B0%80%EA%B3%A1%EC%9B%90%EB%A5%98/%EC%9A%B0%EC%A1%B0_%EC%B4%88%EC%A4%91%EB%8C%80%EC%97%BD,"본문/시조/박효관, 안민영 - 우조 초중대엽 (1876-01-01).txt"
시계열,1876-01-01,수록 문집 간행 연도,시조,우조 평거,"박효관, 안민영",1406,https://ko.wikisource.org/wiki/%EA%B0%80%EA%B3%A1%EC%9B%90%EB%A5%98/%EC%9A%B0%EC%A1%B0_%ED%8F%89%EA%B1%B0,"본문/시조/박효관, 안민영 - 우조 평거 (1876-01-01).txt"
시계열,1876-01-01,수록 문집 간행 연도,시조,장고 장단점,"박효관, 안민영",25,https://ko.wikisource.org/wiki/%EA%B0%80%EA%B3%A1%EC%9B%90%EB%A5%98/%EC%9E%A5%EA%B3%A0_%EC%9E%A5%EB%8B%A8%EC%A0%90,"본문/시조/박효관, 안민영 - 장고 장단점 (1876-01-01).txt"
시계열,1883-01-01,발표 연도,동화,피노키오의 모험,카를로 콜로디,18935,https://ko.wikisource.org/wiki/%ED%94%BC%EB%85%B8%ED%82%A4%EC%98%A4%EC%9D%98_%EB%AA%A8%ED%97%98,본문/동화/카를로 콜로디 - 피노키오의 모험 (1883-01-01).txt
시계열,1888-01-01,발표 연도,소설,유문성전,미상,27000,https://ko.wikisource.org/wiki/%EC%9C%A0%EB%AC%B8%EC%84%B1%EC%A0%84,본문/소설/미상 - 유문성전 (1888-01-01).txt
시계열,1897-01-01,발표 연도,소설,이춘풍전,미상,16792,https://ko.wikisource.org/wiki/%EC%9D%B4%EC%B6%98%ED%92%8D%EC%A0%84_%28%EA%B5%AD%EB%A6%BD%ED%95%9C%EA%B8%80%EB%B0%95%EB%AC%BC%EA%B4%80%29,본문/소설/미상 - 이춘풍전 (1897-01-01).txt
시계열,1897-01-01,발표 연도,소설,정을선전,미상,31296,https://ko.wikisource.org/wiki/%EC%A0%95%EC%9D%84%EC%84%A0%EC%A0%84_%281897%EB%85%84%29,본문/소설/미상 - 정을선전 (1897-01-01).txt
시계열,1898-01-01,발표 연도,시,쌀악눈,마기모도구스로,165,https://ko.wikisource.org/wiki/%EC%8C%80%EC%95%85%EB%88%88,본문/시/마기모도구스로 - 쌀악눈 (1898-01-01).txt
시계열,1906-01-01,발표 연도,가사,울도선경가,박시옹,1025,https://ko.wikisource.org/wiki/%EC%9A%B8%EB%8F%84%EC%84%A0%EA%B2%BD%EA%B0%80,본문/가사/박시옹 - 울도선경가 (1906-01-01).txt
시계열,1906-08-01,발표 월,수필,아이 업는 해,주시경,329,https://ko.wikisource.org/wiki/%EC%95%84%EC%9D%B4_%EC%97%85%EB%8A%94_%ED%95%B4,본문/수필/주시경 - 아이 업는 해 (1906-08-01).txt
시계열,1906-10-10,발표일,소설,귀의 성,이인직,110095,https://ko.wikisource.org/wiki/%EA%B7%80%EC%9D%98_%EC%84%B1,본문/소설/이인직 - 귀의 성 (1906-10-10).txt
시계열,1906-11-26,발표일,소설,혈의 누,이인직,42549,https://ko.wikisource.org/wiki/%ED%98%88%EC%9D%98_%EB%88%84,본문/소설/이인직 - 혈의 누 (1906-11-26).txt
시계열,1907-01-01,발표 연도,소설,ᄋᆡ국부인젼,장지연,19463,https://ko.wikisource.org/wiki/%EC%95%A0%EA%B5%AD%EB%B6%80%EC%9D%B8%EC%A0%84,본문/소설/장지연 - ᄋᆡ국부인젼 (1907-01-01).txt
시계열,1907-01-01,발표 월,수필,애국설,남궁벽,890,https://ko.wikisource.org/wiki/%EC%95%A0%EA%B5%AD%EC%84%A4,본문/수필/남궁벽 - 애국설 (1907-01-01).txt
시계열,1907-01-01,발표 연도,소설,잠상태,이해조,8114,https://ko.wikisource.org/wiki/%EC%9E%A0%EC%83%81%ED%83%9C,본문/소설/이해조 - 잠상태 (1907-01-01).txt
시계열,1908-01-01,발표 연도,시,가을 뜻,최남선,183,https://ko.wikisource.org/wiki/%EA%B0%80%EC%9D%84_%EB%9C%BB,본문/시/최남선 - 가을 뜻 (1908-01-01).txt
시계열,1908-01-01,발표 연도,시,경부텰도노래,최남선,9028,https://ko.wikisource.org/wiki/%EA%B2%BD%EB%B6%80%ED%85%B0%EB%8F%84%EB%85%B8%EB%9E%98,본문/시/최남선 - 경부텰도노래 (1908-01-01).txt
시계열,1908-01-01,발표 연도,소설,경세종,김필수,18723,https://ko.wikisource.org/wiki/%EA%B2%BD%EC%84%B8%EC%A2%85,본문/소설/김필수 - 경세종 (1908-01-01).txt
시계열,1908-01-01,발표 연도,가사,권왕가,,10193,https://ko.wikisource.org/wiki/%EA%B6%8C%EC%99%95%EA%B0%80,본문/가사/작자 미상 - 권왕가 (1908-01-01).txt
시계열,1908-01-01,발표 연도,소설,금수회의록,안국선,21167,https://ko.wikisource.org/wiki/%EA%B8%88%EC%88%98%ED%9A%8C%EC%9D%98%EB%A1%9D,본문/소설/안국선 - 금수회의록 (1908-01-01).txt
시계열,1908-01-01,발표 연도,시,모르네 나는,최남선,447,https://ko.wikisource.org/wiki/%EB%AA%A8%EB%A5%B4%EB%84%A4_%EB%82%98%EB%8A%94,본문/시/최남선 - 모르네 나는 (1908-01-01).txt
시계열,1908-01-01,발표 연도,소설,빈상설,이해조,71652,https://ko.wikisource.org/wiki/%EB%B9%88%EC%83%81%EC%84%A4,본문/소설/이해조 - 빈상설 (1908-01-01).txt
시계열,1908-01-01,발표 연도,소설,설중매,구연학,43489,https://ko.wikisource.org/wiki/%EC%84%A4%EC%A4%91%EB%A7%A4,본문/소설/구연학 - 설중매 (1908-01-01).txt
시계열,1908-01-01,발표 연도,노래,애국가,윤치호,144,https://ko.wikisource.org/wiki/%EC%95%A0%EA%B5%AD%EA%B0%80_%28%EC%B0%AC%EB%AF%B8%EA%B0%80%29,본문/노래/윤치호 - 애국가 (1908-01-01).txt
시계열,1908-01-01,저자 문서 발표 연도,소설,철세계,쥘 베른,46215,https://ko.wikisource.org/wiki/%EC%B2%A0%EC%84%B8%EA%B3%84,본문/소설/쥘 베른 - 철세계 (1908-01-01).txt
시계열,1908-01-01,발표 연도,시,해(海)에게서 소년에게,최남선,692,https://ko.wikisource.org/wiki/%ED%95%B4%EC%97%90%EA%B2%8C%EC%84%9C_%EC%86%8C%EB%85%84%EC%97%90%EA%B2%8C,본문/시/최남선 - 해(海)에게서 소년에게 (1908-01-01).txt
시계열,1908-01-01,발표 연도,소설,해저여행기담,쥘 베른,30303,https://ko.wikisource.org/wiki/%ED%95%B4%EC%A0%80%EC%97%AC%ED%96%89%EA%B8%B0%EB%8B%B4,본문/소설/쥘 베른 - 해저여행기담 (1908-01-01).txt
시계열,1908-01-01,저자 문서 발표 연도,기타,화성돈전,후쿠야마 요시하루,27212,https://ko.wikisource.org/wiki/%ED%99%94%EC%84%B1%EB%8F%88%EC%A0%84,본문/기타/후쿠야마 요시하루 - 화성돈전 (1908-01-01).txt
시계열,1908-01-01,발표 연도,소설,흥보젼,미상,23943,https://ko.wikisource.org/wiki/%EC%9E%A5%ED%9D%A5%EB%B3%B4%EC%A0%84,본문/소설/미상 - 흥보젼 (1908-01-01).txt
시계열,1908-04-25,발표일,소설,구마검,이해조,48474,https://ko.wikisource.org/wiki/%EA%B5%AC%EB%A7%88%EA%B2%80,본문/소설/이해조 - 구마검 (1908-04-25).txt
시계열,1908-06-11,발표일,기타,이순신전,신채호,44934,https://ko.wikisource.org/wiki/%EC%9D%B4%EC%88%9C%EC%8B%A0%EC%A0%84,본문/기타/신채호 - 이순신전 (1908-06-11).txt
시계열,1908-07-25,발표일,평론,민법과 상법,안국선,1333,https://ko.wikisource.org/wiki/%EB%AF%BC%EB%B2%95%EA%B3%BC_%EC%83%81%EB%B2%95,본문/평론/안국선 - 민법과 상법 (1908-07-25).txt
시계열,1908-07-25,발표일,평론,회사의 종류,안국선,1660,https://ko.wikisource.org/wiki/%ED%9A%8C%EC%82%AC%EC%9D%98_%EC%A2%85%EB%A5%98,본문/평론/안국선 - 회사의 종류 (1908-07-25).txt
시계열,1908-11-20,창작일,소설,은세계,이인직,53297,https://ko.wikisource.org/wiki/%EC%9D%80%EC%84%B8%EA%B3%84,본문/소설/이인직 - 은세계 (1908-11-20).txt
시계열,1909-01-01,발표 연도,시,新大韓少年[신대한소년],최남선,652,https://ko.wikisource.org/wiki/%EC%8B%A0%EB%8C%80%ED%95%9C%EC%86%8C%EB%85%84,본문/시/최남선 - 新大韓少年[신대한소년] (1909-01-01).txt
시계열,1909-01-01,발표 연도,시,꼿두고,최남선,424,https://ko.wikisource.org/wiki/%EA%BC%BF%EB%91%90%EA%B3%A0,본문/시/최남선 - 꼿두고 (1909-01-01).txt
시계열,1909-01-01,발표 연도,소설,모란병,이해조,57991,https://ko.wikisource.org/wiki/%EB%AA%A8%EB%9E%80%EB%B3%91,본문/소설/이해조 - 모란병 (1909-01-01).txt
시계열,1909-01-01,발표 연도,시,밥버레,최남선,292,https://ko.wikisource.org/wiki/%EB%B0%A5%EB%B2%84%EB%A0%88,본문/시/최남선 - 밥버레 (1909-01-01).txt
시계열,1909-01-01,저자 문서 발표 연도,소설,사랑인가,이광수,5142,https://ko.wikisource.org/wiki/%EC%82%AC%EB%9E%91%EC%9D%B8%EA%B0%80,본문/소설/이광수 - 사랑인가 (1909-01-01).txt
시계열,1909-01-01,발표 연도,소설,원앙도,이해조,38133,https://ko.wikisource.org/wiki/%EC%9B%90%EC%95%99%EB%8F%84,본문/소설/이해조 - 원앙도 (1909-01-01).txt
시계열,1909-12-05,창작일,기타,최도통전,신채호,29697,https://ko.wikisource.org/wiki/%EC%B5%9C%EB%8F%84%ED%86%B5%EC%A0%84,본문/기타/신채호 - 최도통전 (1909-12-05).txt
시계열,1910-01-01,발표 연도,시,뜨거운 피,최남선,731,https://ko.wikisource.org/wiki/%EB%9C%A8%EA%B1%B0%EC%9A%B4_%ED%94%BC,본문/시/최남선 - 뜨거운 피 (1910-01-01).txt
시계열,1910-01-01,발표 연도,단편소설,무정,이광수,5690,https://ko.wikisource.org/wiki/%EB%AC%B4%EC%A0%95_%28%EC%9D%B4%EA%B4%91%EC%88%98_%EB%8B%A8%ED%8E%B8%29,본문/단편소설/이광수 - 무정 (1910-01-01).txt
시계열,1910-01-01,발표 연도,시,봄마지,최남선,473,https://ko.wikisource.org/wiki/%EB%B4%84%EB%A7%88%EC%A7%80,본문/시/최남선 - 봄마지 (1910-01-01).txt
시계열,1910-01-01,발표 연도,소설,자유종,이해조,22250,https://ko.wikisource.org/wiki/%EC%9E%90%EC%9C%A0%EC%A2%85,본문/소설/이해조 - 자유종 (1910-01-01).txt
시계열,1911-01-01,발표 연도,시,매천집,황현,225,https://ko.wikisource.org/wiki/%EB%A7%A4%EC%B2%9C%EC%A7%91,본문/시/황현 - 매천집 (1911-01-01).txt
시계열,1911-01-01,발표 연도,소설,산곤륜전,,40220,https://ko.wikisource.org/wiki/%EC%82%B0%EA%B3%A4%EB%A5%9C%EC%A0%84,본문/소설/작자 미상 - 산곤륜전 (1911-01-01).txt
시계열,1911-01-01,발표 연도,소설,화의 혈,이해조,65183,https://ko.wikisource.org/wiki/%ED%99%94%EC%9D%98_%ED%98%88,본문/소설/이해조 - 화의 혈 (1911-01-01).txt
시계열,1911-10-15,발표일,시,경인철도가,불명,294,https://ko.wikisource.org/wiki/%EA%B2%BD%EC%9D%B8%EC%B2%A0%EB%8F%84%EA%B0%80,본문/시/불명 - 경인철도가 (1911-10-15).txt
시계열,1912-01-01,발표 연도,수필,꿈,최남선,3695,https://ko.wikisource.org/wiki/%EA%BF%88_%28%EC%B5%9C%EB%82%A8%EC%84%A0%29,본문/수필/최남선 - 꿈 (1912-01-01).txt
시계열,1912-01-01,저자 문서 발표 연도,소설,비행선,프레더릭 데이,53060,https://ko.wikisource.org/wiki/%EB%B9%84%ED%96%89%EC%84%A0,본문/소설/프레더릭 데이 - 비행선 (1912-01-01).txt
시계열,1912-01-01,발표 연도,소설,유충렬전,미상,64857,https://ko.wikisource.org/wiki/%EC%9C%A0%EC%B6%A9%EB%A0%AC%EC%A0%84_%28%EC%99%84%ED%9D%A5%EC%82%AC%EC%84%9C%ED%8F%AC%29,본문/소설/미상 - 유충렬전 (1912-01-01).txt
시계열,1912-01-01,발표 연도,소설,추월색,최찬식,47771,https://ko.wikisource.org/wiki/%EC%B6%94%EC%9B%94%EC%83%89,본문/소설/최찬식 - 추월색 (1912-01-01).txt
시계열,1912-03-01,발표일,소설,빈선랑(貧鮮郞)의 일미인,이인직,2373,https://ko.wikisource.org/wiki/%EB%B9%88%EC%84%A0%EB%9E%91%EC%9D%98_%EC%9D%BC%EB%AF%B8%EC%9D%B8,본문/소설/이인직 - 빈선랑(貧鮮郞)의 일미인 (1912-03-01).txt
시계열,1912-11-17,발표일,희곡,병자삼인,조중환,19146,https://ko.wikisource.org/wiki/%EB%B3%91%EC%9E%90%EC%82%BC%EC%9D%B8,본문/희곡/조중환 - 병자삼인 (1912-11-17).txt
시계열,1913-01-01,발표 연도,소설,검둥의 셜음,해리엇 비처 스토,59868,https://ko.wikisource.org/wiki/%EA%B2%80%EB%91%A5%EC%9D%98_%EC%85%9C%EC%9D%8C,본문/소설/해리엇 비처 스토 - 검둥의 셜음 (1913-01-01).txt
시계열,1913-01-01,발표 연도,소설,별삼셜긔,,38480,https://ko.wikisource.org/wiki/%EB%B3%84%EC%82%BC%EC%85%9C%EA%B8%94,본문/소설/작자 미상 - 별삼셜긔 (1913-01-01).txt
시계열,1914-01-01,저자 문서 발표 연도,소설,금강문,최찬식,98397,https://ko.wikisource.org/wiki/%EA%B8%88%EA%B0%95%EB%AC%B8,본문/소설/최찬식 - 금강문 (1914-01-01).txt
시계열,1914-01-01,발표 연도,소설,섬동지전,,18780,https://ko.wikisource.org/wiki/%EC%84%AC%EB%8F%99%EC%A7%80%EC%A0%84_%28%EB%8D%95%ED%9D%A5%EC%84%9C%EB%A6%BC%29,본문/소설/작자 미상 - 섬동지전 (1914-01-01).txt
시계열,1914-01-01,발표 연도,소설,안의 성,최찬식,97278,https://ko.wikisource.org/wiki/%EC%95%88%EC%9D%98_%EC%84%B1,본문/소설/최찬식 - 안의 성 (1914-01-01).txt
시계열,1914-12-01,발표 월,평론,이상적(理想的) 부인,나혜석,2290,https://ko.wikisource.org/wiki/%EC%9D%B4%EC%83%81%EC%A0%81_%EB%B6%80%EC%9D%B8,본문/평론/나혜석 - 이상적(理想的) 부인 (1914-12-01).txt
시계열,1915-01-01,발표 연도,소설,공진회,안국선,33168,https://ko.wikisource.org/wiki/%EA%B3%B5%EC%A7%84%ED%9A%8C,본문/소설/안국선 - 공진회 (1915-01-01).txt
시계열,1915-01-01,발표 연도,수필,굽은다리 곁으로서,최남선,2955,https://ko.wikisource.org/wiki/%EA%B5%BD%EC%9D%80%EB%8B%A4%EB%A6%AC_%EA%B3%81%EC%9C%BC%EB%A1%9C%EC%84%9C,본문/수필/최남선 - 굽은다리 곁으로서 (1915-01-01).txt
시계열,1915-01-01,발표 연도,소설,소상강,,20749,https://ko.wikisource.org/wiki/%EC%86%8C%EC%83%81%EA%B0%95,본문/소설/작자 미상 - 소상강 (1915-01-01).txt
시계열,1915-01-01,발표 연도,소설,숙향전,미상,63162,https://ko.wikisource.org/wiki/%EC%88%99%ED%96%A5%EC%A0%84_%28%EB%8D%95%ED%9D%A5%EC%84%9C%EB%A6%BC%29,본문/소설/미상 - 숙향전 (1915-01-01).txt
시계열,1915-01-01,발표 연도,소설,옥소전,,50944,https://ko.wikisource.org/wiki/%EC%98%A5%EC%86%8C%EC%A0%84_%28%EB%8D%95%ED%9D%A5%EC%84%9C%EB%A6%BC%29,본문/소설/작자 미상 - 옥소전 (1915-01-01).txt
시계열,1916-01-01,발표 연도,소설,고진감래,신귀영,33237,https://ko.wikisource.org/wiki/%EA%B3%A0%EC%A7%84%EA%B0%90%EB%9E%98,본문/소설/신귀영 - 고진감래 (1916-01-01).txt
시계열,1916-01-01,발표 연도,소설,김진옥전,,46479,https://ko.wikisource.org/wiki/%EA%B9%80%EC%A7%84%EC%98%A5%EC%A0%84_%28%EB%8D%95%ED%9D%A5%EC%84%9C%EB%A6%BC%29,본문/소설/작자 미상 - 김진옥전 (1916-01-01).txt
시계열,1916-01-01,발표 연도,소설,박태보전,김동진,38886,https://ko.wikisource.org/wiki/%EB%B0%95%ED%83%9C%EB%B3%B4%EC%A0%84_%28%EB%8D%95%ED%9D%A5%EC%84%9C%EB%A6%BC%29,본문/소설/김동진 - 박태보전 (1916-01-01).txt
시계열,1916-01-01,발표 연도,소설,박흥보젼,미상,23278,https://ko.wikisource.org/wiki/%EB%B0%95%ED%9D%A5%EB%B3%B4%EC%A0%84,본문/소설/미상 - 박흥보젼 (1916-01-01).txt
시계열,1916-01-01,발표 연도,소설,배비장전,,40672,https://ko.wikisource.org/wiki/%EB%B0%B0%EB%B9%84%EC%9E%A5%EC%A0%84_%28%EC%8B%A0%EA%B5%AC%EC%84%9C%EB%A6%BC%29,본문/소설/작자 미상 - 배비장전 (1916-01-01).txt
시계열,1916-01-01,발표 연도,소설,봉황대,,39467,https://ko.wikisource.org/wiki/%EB%B4%89%ED%99%A9%EB%8C%80,본문/소설/작자 미상 - 봉황대 (1916-01-01).txt
시계열,1916-01-01,발표 연도,소설,숙녀지기,미상,49825,https://ko.wikisource.org/wiki/%EC%88%99%EB%85%80%EC%A7%80%EA%B8%B0,본문/소설/미상 - 숙녀지기 (1916-01-01).txt
시계열,1916-01-01,발표 연도,소설,쌍미긔봉,,65699,https://ko.wikisource.org/wiki/%EC%8C%8D%EB%AF%B8%EA%B8%B0%EB%B4%89,본문/소설/작자 미상 - 쌍미긔봉 (1916-01-01).txt
시계열,1916-01-01,발표 연도,노래,야구전,홍난파,362,https://ko.wikisource.org/wiki/%EC%95%BC%EA%B5%AC%EC%A0%84,본문/노래/홍난파 - 야구전 (1916-01-01).txt
시계열,1916-01-01,발표 연도,소설,이대봉전,미상,51235,https://ko.wikisource.org/wiki/%EC%9D%B4%EB%8C%80%EB%B4%89%EC%A0%84_%28%ED%9A%8C%EB%8F%99%EC%84%9C%EA%B4%80%29,본문/소설/미상 - 이대봉전 (1916-01-01).txt
시계열,1916-01-01,발표 연도,소설,정수정전,미상,56473,https://ko.wikisource.org/wiki/%EC%A0%95%EC%88%98%EC%A0%95%EC%A0%84_%28%EC%84%B8%EC%B0%BD%EC%84%9C%EA%B4%80%29,본문/소설/미상 - 정수정전 (1916-01-01).txt
시계열,1916-01-01,발표 연도,소설,홍계월전,,40232,https://ko.wikisource.org/wiki/%ED%99%8D%EA%B3%84%EC%9B%94%EC%A0%84_%28%EA%B4%91%EB%8F%99%EC%84%9C%EA%B5%AD%29,본문/소설/작자 미상 - 홍계월전 (1916-01-01).txt
시계열,1917-01-01,발표 연도,소설,개척자,이광수,113307,https://ko.wikisource.org/wiki/%EA%B0%9C%EC%B2%99%EC%9E%90,본문/소설/이광수 - 개척자 (1917-01-01).txt
시계열,1917-01-01,발표 연도,소설,곽해룡전,,31972,https://ko.wikisource.org/wiki/%EA%B3%BD%ED%95%B4%EB%A3%A1%EC%A0%84_%28%EC%8B%A0%EA%B5%AC%EC%84%9C%EB%A6%BC%29,본문/소설/작자 미상 - 곽해룡전 (1917-01-01).txt
시계열,1917-01-01,발표 월,희곡,규한,이광수,6562,https://ko.wikisource.org/wiki/%EA%B7%9C%ED%95%9C,본문/희곡/이광수 - 규한 (1917-01-01).txt
시계열,1917-01-01,발표 연도,소설,김희경전,미상,88978,https://ko.wikisource.org/wiki/%EA%B9%80%ED%9D%AC%EA%B2%BD%EC%A0%84,본문/소설/미상 - 김희경전 (1917-01-01).txt
시계열,1917-01-01,발표 연도,소설,서사건국지,정철관,26372,https://ko.wikisource.org/wiki/%EC%84%9C%EC%82%AC%EA%B1%B4%EA%B5%AD%EC%A7%80,본문/소설/정철관 - 서사건국지 (1917-01-01).txt
시계열,1917-01-01,발표 연도,소설,섬처사전,,13071,https://ko.wikisource.org/wiki/%EC%84%AC%EC%B2%98%EC%82%AC%EC%A0%84_%28%EB%B0%95%EB%AC%B8%EC%84%9C%EA%B4%80%29,본문/소설/작자 미상 - 섬처사전 (1917-01-01).txt
시계열,1917-01-01,발표 연도,단편소설,소년의 비애,이광수,9292,https://ko.wikisource.org/wiki/%EC%86%8C%EB%85%84%EC%9D%98_%EB%B9%84%EC%95%A0,본문/단편소설/이광수 - 소년의 비애 (1917-01-01).txt
시계열,1917-01-01,발표 연도,소설,신유복전,,43828,https://ko.wikisource.org/wiki/%EC%8B%A0%EC%9C%A0%EB%B3%B5%EC%A0%84,본문/소설/작자 미상 - 신유복전 (1917-01-01).txt
시계열,1917-01-01,발표 연도,소설,양주봉전,,47659,https://ko.wikisource.org/wiki/%EC%96%91%EC%A3%BC%EB%B4%89%EC%A0%84_%28%ED%95%9C%EC%84%B1%EC%84%9C%EA%B4%80%29,본문/소설/작자 미상 - 양주봉전 (1917-01-01).txt
시계열,1917-01-01,발표 연도,소설,어린 벗에게,이광수,47884,https://ko.wikisource.org/wiki/%EC%96%B4%EB%A6%B0_%EB%B2%97%EC%97%90%EA%B2%8C,본문/소설/이광수 - 어린 벗에게 (1917-01-01).txt
시계열,1917-01-01,저자 문서 발표 연도,단편소설,윤광호,이광수,11171,https://ko.wikisource.org/wiki/%EC%9C%A4%EA%B4%91%ED%98%B8,본문/단편소설/이광수 - 윤광호 (1917-01-01).txt
시계열,1917-01-01,발표 연도,소설,조생원전,미상,40166,https://ko.wikisource.org/wiki/%EC%A1%B0%EC%83%9D%EC%9B%90%EC%A0%84_%28%EC%8B%A0%EA%B5%AC%EC%84%9C%EB%A6%BC%29,본문/소설/미상 - 조생원전 (1917-01-01).txt
시계열,1917-01-01,발표 연도,소설,진대방전,미상,14640,https://ko.wikisource.org/wiki/%EC%A7%84%EB%8C%80%EB%B0%A9%EC%A0%84_%28%EB%B0%95%EC%84%B1%EC%B9%A0%EC%84%9C%EC%A0%90%29,본문/소설/미상 - 진대방전 (1917-01-01).txt
시계열,1917-01-01,발표 연도,소설,쳥루지열녀,,73936,https://ko.wikisource.org/wiki/%EC%B3%A5%EB%A3%A8%EC%A7%80%EC%97%B4%EB%85%80,본문/소설/작자 미상 - 쳥루지열녀 (1917-01-01).txt
시계열,1917-11-01,발표 월,단편소설,의심의 소녀,김명순,3835,https://ko.wikisource.org/wiki/%EC%9D%98%EC%8B%AC%EC%9D%98_%EC%86%8C%EB%85%80,본문/단편소설/김명순 - 의심의 소녀 (1917-11-01).txt
시계열,1918-01-01,발표 연도,수필,病友[병우] 생각,최남선,2189,https://ko.wikisource.org/wiki/%EB%B3%91%EC%9A%B0_%EC%83%9D%EA%B0%81,본문/수필/최남선 - 病友[병우] 생각 (1918-01-01).txt
시계열,1918-01-01,발표 연도,수필,구세주의 개작,홍난파,391,https://ko.wikisource.org/wiki/%EC%9D%8C%EC%95%85%EB%A7%8C%ED%95%84/%EA%B5%AC%EC%84%B8%EC%A3%BC%EC%9D%98_%EA%B0%9C%EC%9E%91,본문/수필/홍난파 - 구세주의 개작 (1918-01-01).txt
시계열,1918-01-01,발표 연도,장편소설,무정,이광수,242383,https://ko.wikisource.org/wiki/%EB%AC%B4%EC%A0%95,본문/장편소설/이광수 - 무정 (1918-01-01).txt
시계열,1918-01-01,발표 연도,소설,반씨전,,18108,https://ko.wikisource.org/wiki/%EB%B0%98%EC%94%A8%EC%A0%84_%28%EB%8C%80%EC%B0%BD%EC%84%9C%EC%9B%90%29,본문/소설/작자 미상 - 반씨전 (1918-01-01).txt
시계열,1918-01-01,발표 연도,소설,소운전,,48736,https://ko.wikisource.org/wiki/%EC%86%8C%EC%9A%B4%EC%A0%84_%28%EB%B3%B4%EC%84%B1%EC%82%AC%29,본문/소설/작자 미상 - 소운전 (1918-01-01).txt
시계열,1918-01-01,발표 연도,소설,수당연의,미상,79723,https://ko.wikisource.org/wiki/%EC%88%98%EB%8B%B9%EC%97%B0%EC%9D%98,본문/소설/미상 - 수당연의 (1918-01-01).txt
시계열,1918-01-01,발표 연도,소설,오자셔실긔,,23,https://ko.wikisource.org/wiki/%EC%98%A4%EC%9E%90%EC%84%9C%EC%8B%A4%EA%B8%B0,본문/소설/작자 미상 - 오자셔실긔 (1918-01-01).txt
시계열,1918-01-01,발표 연도,소설,정진사전,미상,47852,https://ko.wikisource.org/wiki/%EC%A0%95%EC%A7%84%EC%82%AC%EC%A0%84_%28%EB%8F%99%EB%AC%B8%EC%84%9C%EB%A6%BC%29,본문/소설/미상 - 정진사전 (1918-01-01).txt
시계열,1918-01-30,발표일,시,봄은 간다,김억,99,https://ko.wikisource.org/wiki/%EB%B4%84%EC%9D%80_%EA%B0%84%EB%8B%A4,본문/시/김억 - 봄은 간다 (1918-01-30).txt
시계열,1918-03-01,발표 월,단편소설,경희,나혜석,20328,https://ko.wikisource.org/wiki/%EA%B2%BD%ED%9D%AC,본문/단편소설/나혜석 - 경희 (1918-03-01).txt
시계열,1918-03-01,발표 월,소설,방황,이광수,8723,https://ko.wikisource.org/wiki/%EB%B0%A9%ED%99%A9,본문/소설/이광수 - 방황 (1918-03-01).txt
시계열,1918-09-01,발표 월,시,심,한용운,555,https://ko.wikisource.org/wiki/%EC%8B%AC,본문/시/한용운 - 심 (1918-09-01).txt
시계열,1918-09-01,발표 월,단편소설,회생한 손녀에게,나혜석,3293,https://ko.wikisource.org/wiki/%ED%9A%8C%EC%83%9D%ED%95%9C_%EC%86%90%EB%85%80%EC%97%90%EA%B2%8C,본문/단편소설/나혜석 - 회생한 손녀에게 (1918-09-01).txt
시계열,1918-10-01,발표 월,시,일경초(一莖艸)의 생명,한용운,466,https://ko.wikisource.org/wiki/%EC%9D%BC%EA%B2%BD%EC%B4%88%EC%9D%98_%EC%83%9D%EB%AA%85,본문/시/한용운 - 일경초(一莖艸)의 생명 (1918-10-01).txt
시계열,1918-12-01,발표 월,시,마음,방정환,235,https://ko.wikisource.org/wiki/%EB%A7%88%EC%9D%8C_%28%EB%B0%A9%EC%A0%95%ED%99%98%29,본문/시/방정환 - 마음 (1918-12-01).txt
시계열,1919-01-01,발표 월,소설,(소년 사진 소설) 금시계,방정환,7146,https://ko.wikisource.org/wiki/%EA%B8%88%EC%8B%9C%EA%B3%84,본문/소설/방정환 - (소년 사진 소설) 금시계 (1919-01-01).txt
시계열,1919-01-01,발표 연도,소설,마음이 옅은 자여,김동인,57955,https://ko.wikisource.org/wiki/%EB%A7%88%EC%9D%8C%EC%9D%B4_%EC%98%85%EC%9D%80_%EC%9E%90%EC%97%AC,본문/소설/김동인 - 마음이 옅은 자여 (1919-01-01).txt
시계열,1919-01-01,발표 연도,수필,월광의 곡,홍난파,3928,https://ko.wikisource.org/wiki/%EC%9D%8C%EC%95%85%EB%A7%8C%ED%95%84/%EC%9B%94%EA%B4%91%EC%9D%98_%EA%B3%A1,본문/수필/홍난파 - 월광의 곡 (1919-01-01).txt
시계열,1919-01-03,창작일,단편소설,바람과 빛,홍난파,1214,https://ko.wikisource.org/wiki/%EB%B0%94%EB%9E%8C%EA%B3%BC_%EB%B9%9B,본문/단편소설/홍난파 - 바람과 빛 (1919-01-03).txt
시계열,1919-02-01,발표 월,수필,색채 음악에 대하여,홍난파,1520,https://ko.wikisource.org/wiki/%EC%9D%8C%EC%95%85%EB%A7%8C%ED%95%84/%EC%83%89%EC%B1%84_%EC%9D%8C%EC%95%85%EC%97%90_%EB%8C%80%ED%95%98%EC%97%AC,본문/수필/홍난파 - 색채 음악에 대하여 (1919-02-01).txt
시계열,1919-02-01,발표 월,수필,서울 계신 K형께,홍난파,864,https://ko.wikisource.org/wiki/%EC%84%9C%EC%9A%B8_%EA%B3%84%EC%8B%A0_K%ED%98%95%EA%BB%98,본문/수필/홍난파 - 서울 계신 K형께 (1919-02-01).txt
시계열,1919-02-01,발표 월,소설,약한 자의 슬픔,김동인,35778,https://ko.wikisource.org/wiki/%EC%95%BD%ED%95%9C_%EC%9E%90%EC%9D%98_%EC%8A%AC%ED%94%94,본문/소설/김동인 - 약한 자의 슬픔 (1919-02-01).txt
시계열,1919-02-01,발표 월,수필,음악과 모발의 관계,홍난파,846,https://ko.wikisource.org/wiki/%EC%9D%8C%EC%95%85%EB%A7%8C%ED%95%84/%EC%9D%8C%EC%95%85%EA%B3%BC_%EB%AA%A8%EB%B0%9C%EC%9D%98_%EA%B4%80%EA%B3%84,본문/수필/홍난파 - 음악과 모발의 관계 (1919-02-01).txt
시계열,1919-04-18,창작일,수필,춘조,김소월,1911,https://ko.wikisource.org/wiki/%EC%B6%98%EC%A1%B0,본문/수필/김소월 - 춘조 (1919-04-18).txt
시계열,1919-06-01,발표 월,수필,靑山白雲,"홍사용, 정백",2448,https://ko.wikisource.org/wiki/%EC%B2%AD%EC%82%B0%EB%B0%B1%EC%9A%B4,"본문/수필/홍사용, 정백 - 靑山白雲 (1919-06-01).txt"
시계열,1919-07-14,발표일,단편소설,낙오자,이익상,1640,https://ko.wikisource.org/wiki/%EB%82%99%EC%98%A4%EC%9E%90,본문/단편소설/이익상 - 낙오자 (1919-07-14).txt
시계열,1919-12-01,창작 월,시,북경의 걸인,심훈,460,https://ko.wikisource.org/wiki/%EA%B7%B8%EB%82%A0%EC%9D%B4_%EC%98%A4%EB%A9%B4/%EB%B6%81%EA%B2%BD%EC%9D%98_%EA%B1%B8%EC%9D%B8,본문/시/심훈 - 북경의 걸인 (1919-12-01).txt
시계열,1919-12-12,창작일,시,고루의 삼경,심훈,307,https://ko.wikisource.org/wiki/%EA%B7%B8%EB%82%A0%EC%9D%B4_%EC%98%A4%EB%A9%B4/%EA%B3%A0%EB%A3%A8%EC%9D%98_%EC%82%BC%EA%B2%BD,본문/시/심훈 - 고루의 삼경 (1919-12-12).txt
시계열,1920-01-01,발표 연도,소설,강태공전,,52543,https://ko.wikisource.org/wiki/%EA%B0%95%ED%83%9C%EA%B3%B5%EC%A0%84_%28%EB%8C%80%EC%B0%BD%EC%84%9C%EC%9B%90%29,본문/소설/작자 미상 - 강태공전 (1920-01-01).txt
시계열,1920-01-01,발표 연도,소설,생의 반려,김유정,20647,https://ko.wikisource.org/wiki/%EC%83%9D%EC%9D%98_%EB%B0%98%EB%A0%A4,본문/소설/김유정 - 생의 반려 (1920-01-01).txt
시계열,1920-01-01,발표 연도,소설,죽음과 그 前後 1,有島武郞,7591,https://ko.wikisource.org/wiki/%EC%A3%BD%EC%9D%8C%EA%B3%BC_%EA%B7%B8_%EC%A0%84%ED%9B%84,본문/소설/有島武郞 - 죽음과 그 前後 1 (1920-01-01).txt
시계열,1920-01-01,발표 연도,소설,희생화,현진건,15197,https://ko.wikisource.org/wiki/%ED%9D%AC%EC%83%9D%ED%99%94,본문/소설/현진건 - 희생화 (1920-01-01).txt
시계열,1920-03-20,발표일,소설,어듸로 가나,헨리크 시엔키에비치,48582,https://ko.wikisource.org/wiki/%EC%96%B4%EB%94%94%EB%A1%9C_%EA%B0%80%EB%82%98,본문/소설/헨리크 시엔키에비치 - 어듸로 가나 (1920-03-20).txt
시계열,1920-05-14,발표일,소설,백발,마리 코렐리,145486,https://ko.wikisource.org/wiki/%EB%B0%B1%EB%B0%9C,본문/소설/마리 코렐리 - 백발 (1920-05-14).txt
시계열,1920-06-01,발표 월,시,신생의 선물,타고르,259,https://ko.wikisource.org/wiki/%EC%8B%A0%EC%83%9D%EC%9D%98_%EC%84%A0%EB%AC%BC,본문/시/타고르 - 신생의 선물 (1920-06-01).txt
시계열,1920-06-25,발표일,한시,경주회고,차상찬,56,https://ko.wikisource.org/wiki/%EA%B2%BD%EC%A3%BC%ED%9A%8C%EA%B3%A0,본문/한시/차상찬 - 경주회고 (1920-06-25).txt
시계열,1920-06-25,발표일,한시,남한산성,차상찬,28,https://ko.wikisource.org/wiki/%EB%82%A8%ED%95%9C%EC%82%B0%EC%84%B1_%28%EC%B0%A8%EC%83%81%EC%B0%AC%29,본문/한시/차상찬 - 남한산성 (1920-06-25).txt
시계열,1920-06-25,발표일,시,어머님,타고르,951,https://ko.wikisource.org/wiki/%EC%96%B4%EB%A8%B8%EB%8B%98,본문/시/타고르 - 어머님 (1920-06-25).txt
시계열,1920-06-25,발표일,소설,유범,방정환,8285,https://ko.wikisource.org/wiki/%EC%9C%A0%EB%B2%94,본문/소설/방정환 - 유범 (1920-06-25).txt
시계열,1920-07-01,발표 월,시,거친 풀 흐트러진 모래동으로,김소월,165,https://ko.wikisource.org/wiki/%EA%B1%B0%EC%B9%9C_%ED%92%80_%ED%9D%90%ED%8A%B8%EB%9F%AC%EC%A7%84_%EB%AA%A8%EB%9E%98%EB%8F%99%EC%9C%BC%EB%A1%9C,본문/시/김소월 - 거친 풀 흐트러진 모래동으로 (1920-07-01).txt
시계열,1920-07-01,발표 월,시,만나려는 심사,김소월,81,https://ko.wikisource.org/wiki/%EC%A7%84%EB%8B%AC%EB%9E%98%EA%BD%83_%28%EC%8B%9C%EC%A7%91%29/%EB%A7%8C%EB%82%98%EB%A0%A4%EB%8A%94_%EC%8B%AC%EC%82%AC,본문/시/김소월 - 만나려는 심사 (1920-07-01).txt
시계열,1920-07-01,발표 월,수필,상여,남궁벽,1529,https://ko.wikisource.org/wiki/%EC%83%81%EC%97%AC_%28%EB%82%A8%EA%B6%81%EB%B2%BD%29,본문/수필/남궁벽 - 상여 (1920-07-01).txt
시계열,1920-07-01,발표 월,수필,자연,남궁벽,3101,https://ko.wikisource.org/wiki/%EC%9E%90%EC%97%B0_%28%EB%82%A8%EA%B6%81%EB%B2%BD%29,본문/수필/남궁벽 - 자연 (1920-07-01).txt
시계열,1920-08-01,발표 월,시,불 켜는 이,로버트 스티븐슨,670,https://ko.wikisource.org/wiki/%EB%B6%88_%EC%BC%9C%EB%8A%94_%EC%9D%B4,본문/시/로버트 스티븐슨 - 불 켜는 이 (1920-08-01).txt
시계열,1920-08-01,발표 월,기타,행복,아르치바셰프,4149,https://ko.wikisource.org/wiki/%ED%96%89%EB%B3%B5_%28%ED%98%84%EC%A7%84%EA%B1%B4%29,본문/기타/아르치바셰프 - 행복 (1920-08-01).txt
시계열,1920-09-01,발표 월,기타,전쟁소설(戰爭小說) 석죽화,쿠르트 뮌체르 Kurt Münzer,2828,https://ko.wikisource.org/wiki/%EC%84%9D%EC%A3%BD%ED%99%94,본문/기타/쿠르트 뮌체르 Kurt Münzer - 전쟁소설(戰爭小說) 석죽화 (1920-09-01).txt
시계열,1920-12-27,발표일,시,크리스마스,방정환,411,https://ko.wikisource.org/wiki/%ED%81%AC%EB%A6%AC%EC%8A%A4%EB%A7%88%EC%8A%A4_%28%EB%B0%A9%EC%A0%95%ED%99%98%29,본문/시/방정환 - 크리스마스 (1920-12-27).txt
시계열,1921-01-01,발표 연도,시,京義鐵道歌,(불명),1172,https://ko.wikisource.org/wiki/%EA%B2%BD%EC%9D%98%EC%B2%A0%EB%8F%84%EA%B0%80,본문/시/(불명) - 京義鐵道歌 (1921-01-01).txt
시계열,1921-01-01,수록 문집 간행 연도,시,구르몽의 시,김억(옮김),4620,https://ko.wikisource.org/wiki/%EC%98%A4%EB%87%8C%EC%9D%98_%EB%AC%B4%EB%8F%84/%EA%B5%AC%EB%A5%B4%EB%AA%BD%EC%9D%98_%EC%8B%9C,본문/시/김억(옮김) - 구르몽의 시 (1921-01-01).txt
시계열,1921-01-01,발표 연도,시,구면,김소월,42,https://ko.wikisource.org/wiki/%EA%B5%AC%EB%A9%B4,본문/시/김소월 - 구면 (1921-01-01).txt
시계열,1921-01-01,창작일,소설,그날 밤,방정환,24760,https://ko.wikisource.org/wiki/%EA%B7%B8%EB%82%A0_%EB%B0%A4,본문/소설/방정환 - 그날 밤 (1921-01-01).txt
시계열,1921-01-01,발표 연도,시,꿈 2,김소월,36,https://ko.wikisource.org/wiki/%EC%A7%84%EB%8B%AC%EB%9E%98%EA%BD%83_%28%EC%8B%9C%EC%A7%91%29/%EA%BF%88_2,본문/시/김소월 - 꿈 2 (1921-01-01).txt
시계열,1921-01-01,발표 연도,중편소설,배따라기,김동인,9393,https://ko.wikisource.org/wiki/%EB%B0%B0%EB%94%B0%EB%9D%BC%EA%B8%B0,본문/중편소설/김동인 - 배따라기 (1921-01-01).txt
시계열,1921-01-01,수록 문집 간행 연도,시,베를렌의 시,김억(옮김),5573,https://ko.wikisource.org/wiki/%EC%98%A4%EB%87%8C%EC%9D%98_%EB%AC%B4%EB%8F%84/%EB%B2%A0%EB%A5%BC%EB%A0%8C%EC%9D%98_%EC%8B%9C,본문/시/김억(옮김) - 베를렌의 시 (1921-01-01).txt
시계열,1921-01-01,수록 문집 간행 연도,시,보를레르의 시,김억(옮김),2559,https://ko.wikisource.org/wiki/%EC%98%A4%EB%87%8C%EC%9D%98_%EB%AC%B4%EB%8F%84/%EB%B3%B4%EB%A5%BC%EB%A0%88%EB%A5%B4%EC%9D%98_%EC%8B%9C,본문/시/김억(옮김) - 보를레르의 시 (1921-01-01).txt
시계열,1921-01-01,저자 문서 발표 연도,단편소설,빈처,현진건,10350,https://ko.wikisource.org/wiki/%EB%B9%88%EC%B2%98,본문/단편소설/현진건 - 빈처 (1921-01-01).txt
시계열,1921-01-01,발표 연도,소설,사랑의 선물,방정환,65376,https://ko.wikisource.org/wiki/%EC%82%AC%EB%9E%91%EC%9D%98_%EC%84%A0%EB%AC%BC,본문/소설/방정환 - 사랑의 선물 (1921-01-01).txt
시계열,1921-01-01,발표 연도,소설,삼쾌졍,,32399,https://ko.wikisource.org/wiki/%EC%82%BC%EC%BE%8C%EC%A0%95_%28%ED%9A%8C%EB%8F%99%EC%84%9C%EA%B4%80%29,본문/소설/작자 미상 - 삼쾌졍 (1921-01-01).txt
시계열,1921-01-01,수록 문집 간행 연도,시,소곡,김억(옮김),787,https://ko.wikisource.org/wiki/%EC%98%A4%EB%87%8C%EC%9D%98_%EB%AC%B4%EB%8F%84/%EC%86%8C%EA%B3%A1,본문/시/김억(옮김) - 소곡 (1921-01-01).txt
시계열,1921-01-01,발표 연도,단편소설,술 권하는 사회,현진건,7875,https://ko.wikisource.org/wiki/%EC%88%A0_%EA%B6%8C%ED%95%98%EB%8A%94_%EC%82%AC%ED%9A%8C,본문/단편소설/현진건 - 술 권하는 사회 (1921-01-01).txt
시계열,1921-01-01,수록 문집 간행 연도,시,싸멘의 시,김억(옮김),4879,https://ko.wikisource.org/wiki/%EC%98%A4%EB%87%8C%EC%9D%98_%EB%AC%B4%EB%8F%84/%EC%8B%B8%EB%A9%98%EC%9D%98_%EC%8B%9C,본문/시/김억(옮김) - 싸멘의 시 (1921-01-01).txt
시계열,1921-01-01,수록 문집 간행 연도,시,예이츠의 시,김억(옮김),1107,https://ko.wikisource.org/wiki/%EC%98%A4%EB%87%8C%EC%9D%98_%EB%AC%B4%EB%8F%84/%EC%98%88%EC%9D%B4%EC%B8%A0%EC%9D%98_%EC%8B%9C,본문/시/김억(옮김) - 예이츠의 시 (1921-01-01).txt
시계열,1921-01-01,수록 문집 간행 연도,시,오뇌의 무도,김억(옮김),6003,https://ko.wikisource.org/wiki/%EC%98%A4%EB%87%8C%EC%9D%98_%EB%AC%B4%EB%8F%84/%EC%98%A4%EB%87%8C%EC%9D%98_%EB%AC%B4%EB%8F%84,본문/시/김억(옮김) - 오뇌의 무도 (1921-01-01).txt
시계열,1921-01-01,발표 월,소설,유성기,김동인,1543,https://ko.wikisource.org/wiki/%EC%9C%A0%EC%84%B1%EA%B8%B0,본문/소설/김동인 - 유성기 (1921-01-01).txt
시계열,1921-01-01,발표 연도,소설,이진사전,미상,17292,https://ko.wikisource.org/wiki/%EC%9D%B4%EC%A7%84%EC%82%AC%EC%A0%84_%28%ED%95%9C%EA%B5%AC000030%29,본문/소설/미상 - 이진사전 (1921-01-01).txt
시계열,1921-01-01,저자 문서 발표 연도,단편소설,전제자,김동인,9531,https://ko.wikisource.org/wiki/%EC%A0%84%EC%A0%9C%EC%9E%90,본문/단편소설/김동인 - 전제자 (1921-01-01).txt
시계열,1921-01-01,발표 월,수필,편집 여록,남궁벽,284,https://ko.wikisource.org/wiki/%ED%8E%B8%EC%A7%91_%EC%97%AC%EB%A1%9D_%28%EB%82%A8%EA%B6%81%EB%B2%BD%29,본문/수필/남궁벽 - 편집 여록 (1921-01-01).txt
시계열,1921-01-01,발표 월,수필,폐허 잡기,남궁벽,681,https://ko.wikisource.org/wiki/%ED%8F%90%ED%97%88_%EC%9E%A1%EA%B8%B0_%28%EB%82%A8%EA%B6%81%EB%B2%BD%29,본문/수필/남궁벽 - 폐허 잡기 (1921-01-01).txt
시계열,1921-01-01,수록 문집 간행 연도,시,포르의 시,김억(옮김),1639,https://ko.wikisource.org/wiki/%EC%98%A4%EB%87%8C%EC%9D%98_%EB%AC%B4%EB%8F%84/%ED%8F%AC%EB%A5%B4%EC%9D%98_%EC%8B%9C,본문/시/김억(옮김) - 포르의 시 (1921-01-01).txt
시계열,1921-01-01,저자 문서 발표 연도,단편소설,할멈,이광수,3522,https://ko.wikisource.org/wiki/%ED%95%A0%EB%A9%88,본문/단편소설/이광수 - 할멈 (1921-01-01).txt
시계열,1921-04-01,발표 월,소설,깨어 가는 길,방정환,11669,https://ko.wikisource.org/wiki/%EA%B9%A8%EC%96%B4_%EA%B0%80%EB%8A%94_%EA%B8%B8,본문/소설/방정환 - 깨어 가는 길 (1921-04-01).txt
시계열,1921-04-01,발표 월,소설,출학,나도향,4066,https://ko.wikisource.org/wiki/%EC%B6%9C%ED%95%99,본문/소설/나도향 - 출학 (1921-04-01).txt
시계열,1921-04-09,발표일,시,바람과 봄,김소월,66,https://ko.wikisource.org/wiki/%EC%A7%84%EB%8B%AC%EB%9E%98%EA%BD%83_%28%EC%8B%9C%EC%A7%91%29/%EB%B0%94%EB%9E%8C%EA%B3%BC_%EB%B4%84,본문/시/김소월 - 바람과 봄 (1921-04-09).txt
시계열,1921-05-01,발표 월,동화,이솝 우언,아이소포스,52825,https://ko.wikisource.org/wiki/%EC%9D%B4%EC%86%9D_%EC%9A%B0%EC%96%B8,본문/동화/아이소포스 - 이솝 우언 (1921-05-01).txt
시계열,1921-06-08,발표일,시,꿈 1,김소월,71,https://ko.wikisource.org/wiki/%EC%A7%84%EB%8B%AC%EB%9E%98%EA%BD%83_%28%EC%8B%9C%EC%A7%91%29/%EA%BF%88_1,본문/시/김소월 - 꿈 1 (1921-06-08).txt
시계열,1921-06-14,발표일,시,바다,김소월,120,https://ko.wikisource.org/wiki/%EC%A7%84%EB%8B%AC%EB%9E%98%EA%BD%83_%28%EC%8B%9C%EC%A7%91%29/%EB%B0%94%EB%8B%A4,본문/시/김소월 - 바다 (1921-06-14).txt
시계열,1921-06-15,창작일,기타,고향,치리코프,9871,https://ko.wikisource.org/wiki/%EA%B3%A0%ED%96%A5_%28%ED%98%84%EC%A7%84%EA%B1%B4_%EC%97%AD%29,본문/기타/치리코프 - 고향 (1921-06-15).txt
시계열,1921-07-01,발표 월,단편소설,규원,나혜석,9310,https://ko.wikisource.org/wiki/%EA%B7%9C%EC%9B%90,본문/단편소설/나혜석 - 규원 (1921-07-01).txt
시계열,1922-01-01,발표 연도,시,가을 하늘 밑에 서서,변영로,121,https://ko.wikisource.org/wiki/%EA%B0%80%EC%9D%84_%ED%95%98%EB%8A%98_%EB%B0%91%EC%97%90_%EC%84%9C%EC%84%9C,본문/시/변영로 - 가을 하늘 밑에 서서 (1922-01-01).txt
시계열,1922-01-01,발표 월,시,개아미,김소월,57,https://ko.wikisource.org/wiki/%EC%A7%84%EB%8B%AC%EB%9E%98%EA%BD%83_%28%EC%8B%9C%EC%A7%91%29/%EA%B0%9C%EC%95%84%EB%AF%B8,본문/시/김소월 - 개아미 (1922-01-01).txt
시계열,1922-01-01,발표 연도,시,날이 새입니다,변영로,245,https://ko.wikisource.org/wiki/%EB%82%A0%EC%9D%B4_%EC%83%88%EC%9E%85%EB%8B%88%EB%8B%A4,본문/시/변영로 - 날이 새입니다 (1922-01-01).txt
시계열,1922-01-01,발표 월,시,달맞이,김소월,277,https://ko.wikisource.org/wiki/%EC%A7%84%EB%8B%AC%EB%9E%98%EA%BD%83_%28%EC%8B%9C%EC%A7%91%29/%EB%8B%AC%EB%A7%9E%EC%9D%B4,본문/시/김소월 - 달맞이 (1922-01-01).txt
시계열,1922-01-01,발표 월,시,백조(白潮)는 흐르는데 별 하나 나 하나,홍사용,807,https://ko.wikisource.org/wiki/%EB%B0%B1%EC%A1%B0%EB%8A%94_%ED%9D%90%EB%A5%B4%EB%8A%94%EB%8D%B0_%EB%B3%84_%ED%95%98%EB%82%98_%EB%82%98_%ED%95%98%EB%82%98,본문/시/홍사용 - 백조(白潮)는 흐르는데 별 하나 나 하나 (1922-01-01).txt
시계열,1922-01-01,발표 연도,소설,별을 안거든 우지나 말걸,나도향,14515,https://ko.wikisource.org/wiki/%EB%B3%84%EC%9D%84_%EC%95%88%EA%B1%B0%EB%93%A0_%EC%9A%B0%EC%A7%80%EB%82%98_%EB%A7%90%EA%B1%B8,본문/소설/나도향 - 별을 안거든 우지나 말걸 (1922-01-01).txt
시계열,1922-01-01,발표 연도,시,봄비,번영로,261,https://ko.wikisource.org/wiki/%EB%B4%84%EB%B9%84_%28%EB%B3%80%EC%98%81%EB%A1%9C%29,본문/시/번영로 - 봄비 (1922-01-01).txt
시계열,1922-01-01,발표 월,시,엄마야 누나야,김소월,43,https://ko.wikisource.org/wiki/%EC%A7%84%EB%8B%AC%EB%9E%98%EA%BD%83_%28%EC%8B%9C%EC%A7%91%29/%EC%97%84%EB%A7%88%EC%95%BC_%EB%88%84%EB%82%98%EC%95%BC,본문/시/김소월 - 엄마야 누나야 (1922-01-01).txt
시계열,1922-01-01,발표 월,기타,영춘류,치리코프,2173,https://ko.wikisource.org/wiki/%EC%98%81%EC%B6%98%EB%A5%98,본문/기타/치리코프 - 영춘류 (1922-01-01).txt
시계열,1922-01-01,발표 월,소설,젊은이의 시절,나도향,15728,https://ko.wikisource.org/wiki/%EC%A0%8A%EC%9D%80%EC%9D%B4%EC%9D%98_%EC%8B%9C%EC%A0%88,본문/소설/나도향 - 젊은이의 시절 (1922-01-01).txt
시계열,1922-01-01,발표 연도,소설,타락자,현진건,36704,https://ko.wikisource.org/wiki/%ED%83%80%EB%9D%BD%EC%9E%90,본문/소설/현진건 - 타락자 (1922-01-01).txt
시계열,1922-01-01,저자 문서 발표 연도,단편소설,태형,김동인,10462,https://ko.wikisource.org/wiki/%ED%83%9C%ED%98%95,본문/단편소설/김동인 - 태형 (1922-01-01).txt
시계열,1922-01-01,발표 연도,시,하늘만 보아라,변영로,143,https://ko.wikisource.org/wiki/%ED%95%98%EB%8A%98%EB%A7%8C_%EB%B3%B4%EC%95%84%EB%9D%BC,본문/시/변영로 - 하늘만 보아라 (1922-01-01).txt
시계열,1922-03-01,발표 월,시,봄 비,변영로,281,https://ko.wikisource.org/wiki/%EB%B4%84_%EB%B9%84,본문/시/변영로 - 봄 비 (1922-03-01).txt
시계열,1922-04-01,발표 월,소설,동산지기 노인,김동인,617,https://ko.wikisource.org/wiki/%EB%8F%99%EC%82%B0%EC%A7%80%EA%B8%B0_%EB%85%B8%EC%9D%B8,본문/소설/김동인 - 동산지기 노인 (1922-04-01).txt
시계열,1922-05-01,발표 월,수필,6호 잡기,현진건,265,https://ko.wikisource.org/wiki/6%ED%98%B8_%EC%9E%A1%EA%B8%B0,본문/수필/현진건 - 6호 잡기 (1922-05-01).txt
시계열,1922-05-01,발표 월,수필,感謝[감사]와 謝罪[사죄],이광수,10414,https://ko.wikisource.org/wiki/%EA%B0%90%EC%82%AC%EC%99%80_%EC%82%AC%EC%A3%84,본문/수필/이광수 - 感謝[감사]와 謝罪[사죄] (1922-05-01).txt
시계열,1922-05-01,창작 월,평론,民族改造論,李光洙,87831,https://ko.wikisource.org/wiki/%EB%AF%BC%EC%A1%B1%EA%B0%9C%EC%A1%B0%EB%A1%A0,본문/평론/李光洙 - 民族改造論 (1922-05-01).txt
시계열,1922-05-01,발표 월,시,봄은 가더이다,홍사용,689,https://ko.wikisource.org/wiki/%EB%B4%84%EC%9D%80_%EA%B0%80%EB%8D%94%EC%9D%B4%EB%8B%A4,본문/시/홍사용 - 봄은 가더이다 (1922-05-01).txt
시계열,1922-05-01,발표 월,시,시악시 마음은,홍사용,81,https://ko.wikisource.org/wiki/%EC%8B%9C%EC%95%85%EC%8B%9C_%EB%A7%88%EC%9D%8C%EC%9D%80,본문/시/홍사용 - 시악시 마음은 (1922-05-01).txt
시계열,1922-05-01,발표 월,소설,유린,현진건,3255,https://ko.wikisource.org/wiki/%EC%9C%A0%EB%A6%B0,본문/소설/현진건 - 유린 (1922-05-01).txt
시계열,1922-06-01,발표 월,시,공원(公園)의 밤,김소월,117,https://ko.wikisource.org/wiki/%EA%B3%B5%EC%9B%90%EC%9D%98_%EB%B0%A4,본문/시/김소월 - 공원(公園)의 밤 (1922-06-01).txt
시계열,1922-07-01,발표 월,기타,가을의 하로밤,고르키,8024,https://ko.wikisource.org/wiki/%EA%B0%80%EC%9D%84%EC%9D%98_%ED%95%98%EB%A3%BB%EB%B0%A4,본문/기타/고르키 - 가을의 하로밤 (1922-07-01).txt
시계열,1922-08-01,발표 월,수필,公園情操[공원정조],방정환,9064,https://ko.wikisource.org/wiki/%EA%B3%B5%EC%9B%90%EC%A0%95%EC%A1%B0,본문/수필/방정환 - 公園情操[공원정조] (1922-08-01).txt
시계열,1922-08-01,발표 월,시,마,남궁벽,265,https://ko.wikisource.org/wiki/%EB%A7%88,본문/시/남궁벽 - 마 (1922-08-01).txt
시계열,1922-08-01,발표 월,시,별의 앞음,남궁벽,125,https://ko.wikisource.org/wiki/%EB%B3%84%EC%9D%98_%EC%95%84%ED%94%94,본문/시/남궁벽 - 별의 앞음 (1922-08-01).txt
시계열,1922-08-01,발표 월,시,신뢰,남궁벽,180,https://ko.wikisource.org/wiki/%EC%8B%A0%EB%A2%B0,본문/시/남궁벽 - 신뢰 (1922-08-01).txt
시계열,1922-08-01,발표 월,시,이러하게 살고 십다,남궁벽,416,https://ko.wikisource.org/wiki/%EC%9D%B4%EB%9F%AC%ED%95%98%EA%B2%8C_%EC%82%B4%EA%B3%A0_%EC%8B%B6%EB%8B%A4,본문/시/남궁벽 - 이러하게 살고 십다 (1922-08-01).txt
시계열,1922-08-01,발표 월,시,자아(自我)의 존귀,남궁벽,259,https://ko.wikisource.org/wiki/%EC%9E%90%EC%95%84%EC%9D%98_%EC%A1%B4%EA%B7%80,본문/시/남궁벽 - 자아(自我)의 존귀 (1922-08-01).txt
시계열,1922-09-01,창작일,소설,(동화) 호수(湖水)의 여왕,방정환,14863,https://ko.wikisource.org/wiki/%ED%98%B8%EC%88%98%EC%9D%98_%EC%97%AC%EC%99%95,본문/소설/방정환 - (동화) 호수(湖水)의 여왕 (1922-09-01).txt
시계열,1922-09-01,발표 월,시,無窮花[무궁화] 심으과저,한용운,159,https://ko.wikisource.org/wiki/%EB%AC%B4%EA%B6%81%ED%99%94_%EC%8B%AC%EC%9C%BC%EA%B3%BC%EC%A0%80,본문/시/한용운 - 無窮花[무궁화] 심으과저 (1922-09-01).txt
시계열,1922-09-01,발표 월,시,형뎨별,방정환,457,https://ko.wikisource.org/wiki/%ED%98%95%EC%A0%9C%EB%B3%84,본문/시/방정환 - 형뎨별 (1922-09-01).txt
시계열,1922-11-01,발표 월,소설,털보 장사,오스카 와일드,5543,https://ko.wikisource.org/wiki/%ED%84%B8%EB%B3%B4_%EC%9E%A5%EC%82%AC,본문/소설/오스카 와일드 - 털보 장사 (1922-11-01).txt
시계열,1922-11-01,발표 월,소설,피아노,현진건,1934,https://ko.wikisource.org/wiki/%ED%94%BC%EC%95%84%EB%85%B8,본문/소설/현진건 - 피아노 (1922-11-01).txt
시계열,1922-11-21,발표일,소설,환희,나도향,180514,https://ko.wikisource.org/wiki/%ED%99%98%ED%9D%AC,본문/소설/나도향 - 환희 (1922-11-21).txt
시계열,1922-12-01,발표 월,시,단조,이상화,331,https://ko.wikisource.org/wiki/%EB%8B%A8%EC%A1%B0,본문/시/이상화 - 단조 (1922-12-01).txt
시계열,1922-12-01,발표 월,시,말세(末世)의 희탄,이상화,142,https://ko.wikisource.org/wiki/%EB%A7%90%EC%84%B8%EC%9D%98_%ED%9D%AC%ED%83%84,본문/시/이상화 - 말세(末世)의 희탄 (1922-12-01).txt
시계열,1922-12-01,발표 월,소설,옛날 꿈은 창백하더이다,나도향,10725,https://ko.wikisource.org/wiki/%EC%98%9B%EB%82%A0_%EA%BF%88%EC%9D%80_%EC%B0%BD%EB%B0%B1%ED%95%98%EB%8D%94%EC%9D%B4%EB%8B%A4,본문/소설/나도향 - 옛날 꿈은 창백하더이다 (1922-12-01).txt
시계열,1922-12-01,발표 월,소설,추억,모파상,6534,https://ko.wikisource.org/wiki/%EC%B6%94%EC%96%B5_%28%EB%82%98%EB%8F%84%ED%96%A5%29,본문/소설/모파상 - 추억 (1922-12-01).txt
시계열,1923-01-01,발표 연도,소설,17원 50전,나도향,13282,https://ko.wikisource.org/wiki/%EC%8B%AD%EC%B9%A0%EC%9B%90_%EC%98%A4%EC%8B%AD%EC%A0%84,본문/소설/나도향 - 17원 50전 (1923-01-01).txt
시계열,1923-01-01,수록 문집 간행 연도,시,가는 봄,김억,95,https://ko.wikisource.org/wiki/%ED%95%B4%ED%8C%8C%EB%A6%AC%EC%9D%98_%EB%85%B8%EB%9E%98/%EA%B0%80%EB%8A%94_%EB%B4%84,본문/시/김억 - 가는 봄 (1923-01-01).txt
시계열,1923-01-01,수록 문집 간행 연도,시,가을,김억,213,https://ko.wikisource.org/wiki/%ED%95%B4%ED%8C%8C%EB%A6%AC%EC%9D%98_%EB%85%B8%EB%9E%98/%EA%B0%80%EC%9D%84_3,본문/시/김억 - 가을 (1923-01-01).txt
시계열,1923-01-01,수록 문집 간행 연도,시,갈매기,김억,123,https://ko.wikisource.org/wiki/%ED%95%B4%ED%8C%8C%EB%A6%AC%EC%9D%98_%EB%85%B8%EB%9E%98/%EA%B0%88%EB%A7%A4%EA%B8%B0,본문/시/김억 - 갈매기 (1923-01-01).txt
시계열,1923-01-01,수록 문집 간행 연도,시,강(江)가에서,김억,293,https://ko.wikisource.org/wiki/%ED%95%B4%ED%8C%8C%EB%A6%AC%EC%9D%98_%EB%85%B8%EB%9E%98/%EA%B0%95%EA%B0%80%EC%97%90%EC%84%9C,본문/시/김억 - 강(江)가에서 (1923-01-01).txt
시계열,1923-01-01,발표 연도,소설,객마차,페렌츠 몰나르,4351,https://ko.wikisource.org/wiki/%EA%B0%9D%EB%A7%88%EC%B0%A8,본문/소설/페렌츠 몰나르 - 객마차 (1923-01-01).txt
시계열,1923-01-01,수록 문집 간행 연도,시,고적,김억,103,https://ko.wikisource.org/wiki/%ED%95%B4%ED%8C%8C%EB%A6%AC%EC%9D%98_%EB%85%B8%EB%9E%98/%EA%B3%A0%EC%A0%81,본문/시/김억 - 고적 (1923-01-01).txt
시계열,1923-01-01,수록 문집 간행 연도,시,기도,김억,193,https://ko.wikisource.org/wiki/%ED%95%B4%ED%8C%8C%EB%A6%AC%EC%9D%98_%EB%85%B8%EB%9E%98/%EA%B8%B0%EB%8F%84,본문/시/김억 - 기도 (1923-01-01).txt
시계열,1923-01-01,수록 문집 간행 연도,시,기억,김억,181,https://ko.wikisource.org/wiki/%ED%95%B4%ED%8C%8C%EB%A6%AC%EC%9D%98_%EB%85%B8%EB%9E%98/%EA%B8%B0%EC%96%B5,본문/시/김억 - 기억 (1923-01-01).txt
시계열,1923-01-01,수록 문집 간행 연도,시,기억(記憶)은 죽지도 않는가,김억,219,https://ko.wikisource.org/wiki/%ED%95%B4%ED%8C%8C%EB%A6%AC%EC%9D%98_%EB%85%B8%EB%9E%98/%EA%B8%B0%EC%96%B5%EC%9D%80_%EC%A3%BD%EC%A7%80%EB%8F%84_%EC%95%8A%EB%8A%94%EA%B0%80,본문/시/김억 - 기억(記憶)은 죽지도 않는가 (1923-01-01).txt
시계열,1923-01-01,저자 문서 발표 연도,수필,김삿갓의 설움,김동인,1520,https://ko.wikisource.org/wiki/%EA%B9%80%EC%82%BF%EA%B0%93%EC%9D%98_%EC%84%A4%EC%9B%80,본문/수필/김동인 - 김삿갓의 설움 (1923-01-01).txt
시계열,1923-01-01,수록 문집 간행 연도,시,꽃의 목숨,김억,93,https://ko.wikisource.org/wiki/%ED%95%B4%ED%8C%8C%EB%A6%AC%EC%9D%98_%EB%85%B8%EB%9E%98/%EA%BD%83%EC%9D%98_%EB%AA%A9%EC%88%A8,본문/시/김억 - 꽃의 목숨 (1923-01-01).txt
시계열,1923-01-01,수록 문집 간행 연도,시,꿈의 노래,김억,138,https://ko.wikisource.org/wiki/%ED%95%B4%ED%8C%8C%EB%A6%AC%EC%9D%98_%EB%85%B8%EB%9E%98/%EA%BF%88%EC%9D%98_%EB%85%B8%EB%9E%98,본문/시/김억 - 꿈의 노래 (1923-01-01).txt
시계열,1923-01-01,수록 문집 간행 연도,시,나의 이상,김억,267,https://ko.wikisource.org/wiki/%ED%95%B4%ED%8C%8C%EB%A6%AC%EC%9D%98_%EB%85%B8%EB%9E%98/%EB%82%98%EC%9D%98_%EC%9D%B4%EC%83%81,본문/시/김억 - 나의 이상 (1923-01-01).txt
시계열,1923-01-01,수록 문집 간행 연도,시,낙엽,김억,256,https://ko.wikisource.org/wiki/%ED%95%B4%ED%8C%8C%EB%A6%AC%EC%9D%98_%EB%85%B8%EB%9E%98/%EB%82%99%EC%97%BD,본문/시/김억 - 낙엽 (1923-01-01).txt
시계열,1923-01-01,수록 문집 간행 연도,시,난홈의 노래,김억,205,https://ko.wikisource.org/wiki/%ED%95%B4%ED%8C%8C%EB%A6%AC%EC%9D%98_%EB%85%B8%EB%9E%98/%EB%82%98%EB%88%94%EC%9D%98_%EB%85%B8%EB%9E%98,본문/시/김억 - 난홈의 노래 (1923-01-01).txt
시계열,1923-01-01,수록 문집 간행 연도,시,남기운 향(香)내,김억,54,https://ko.wikisource.org/wiki/%ED%95%B4%ED%8C%8C%EB%A6%AC%EC%9D%98_%EB%85%B8%EB%9E%98/%EB%82%A8%EA%B2%A8%EC%A7%84_%ED%96%A5%EB%82%B4,본문/시/김억 - 남기운 향(香)내 (1923-01-01).txt
시계열,1923-01-01,수록 문집 간행 연도,시,내 설움,김억,103,https://ko.wikisource.org/wiki/%ED%95%B4%ED%8C%8C%EB%A6%AC%EC%9D%98_%EB%85%B8%EB%9E%98/%EB%82%B4_%EC%84%A4%EC%9B%80,본문/시/김억 - 내 설움 (1923-01-01).txt
시계열,1923-01-01,수록 문집 간행 연도,시,"내 세상(世上)은 물이런가, 구름이런가",김억,141,https://ko.wikisource.org/wiki/%ED%95%B4%ED%8C%8C%EB%A6%AC%EC%9D%98_%EB%85%B8%EB%9E%98/%EB%82%B4_%EC%84%B8%EC%83%81%EC%9D%80_%EB%AC%BC%EC%9D%B4%EB%9F%B0%EA%B0%80_%EA%B5%AC%EB%A6%84%EC%9D%B4%EB%9F%B0%EA%B0%80,"본문/시/김억 - 내 세상(世上)은 물이런가, 구름이런가 (1923-01-01).txt"
시계열,1923-01-01,수록 문집 간행 연도,시,눈,김억,265,https://ko.wikisource.org/wiki/%ED%95%B4%ED%8C%8C%EB%A6%AC%EC%9D%98_%EB%85%B8%EB%9E%98/%EB%88%88_2,본문/시/김억 - 눈 (1923-01-01).txt
시계열,1923-01-01,수록 문집 간행 연도,시,눈물,김억,120,https://ko.wikisource.org/wiki/%ED%95%B4%ED%8C%8C%EB%A6%AC%EC%9D%98_%EB%85%B8%EB%9E%98/%EB%88%88%EB%AC%BC,본문/시/김억 - 눈물 (1923-01-01).txt
시계열,1923-01-01,저자 문서 발표 연도,중편소설,눈을 겨우 뜰 때,김동인,20961,https://ko.wikisource.org/wiki/%EB%88%88%EC%9D%84_%EA%B2%A8%EC%9A%B0_%EB%9C%B0_%EB%95%8C,본문/중편소설/김동인 - 눈을 겨우 뜰 때 (1923-01-01).txt
시계열,1923-01-01,수록 문집 간행 연도,시,달,김억,87,https://ko.wikisource.org/wiki/%ED%95%B4%ED%8C%8C%EB%A6%AC%EC%9D%98_%EB%85%B8%EB%9E%98/%EB%8B%AC,본문/시/김억 - 달 (1923-01-01).txt
시계열,1923-01-01,수록 문집 간행 연도,시,달과 함께,김억,148,https://ko.wikisource.org/wiki/%ED%95%B4%ED%8C%8C%EB%A6%AC%EC%9D%98_%EB%85%B8%EB%9E%98/%EB%8B%AC%EA%B3%BC_%ED%95%A8%EA%BB%98,본문/시/김억 - 달과 함께 (1923-01-01).txt
시계열,1923-01-01,수록 문집 간행 연도,시,때,김억,152,https://ko.wikisource.org/wiki/%ED%95%B4%ED%8C%8C%EB%A6%AC%EC%9D%98_%EB%85%B8%EB%9E%98/%EB%95%8C,본문/시/김억 - 때 (1923-01-01).txt
시계열,1923-01-01,발표 연도,소설,마지막 오후,페렌츠 몰나르,3445,https://ko.wikisource.org/wiki/%EB%A7%88%EC%A7%80%EB%A7%89_%EC%98%A4%ED%9B%84,본문/소설/페렌츠 몰나르 - 마지막 오후 (1923-01-01).txt
시계열,1923-01-01,수록 문집 간행 연도,시,망우,김억,232,https://ko.wikisource.org/wiki/%ED%95%B4%ED%8C%8C%EB%A6%AC%EC%9D%98_%EB%85%B8%EB%9E%98/%EB%A7%9D%EC%9A%B0,본문/시/김억 - 망우 (1923-01-01).txt
시계열,1923-01-01,수록 문집 간행 연도,시,무덤,김억,237,https://ko.wikisource.org/wiki/%ED%95%B4%ED%8C%8C%EB%A6%AC%EC%9D%98_%EB%85%B8%EB%9E%98/%EB%AC%B4%EB%8D%A4,본문/시/김억 - 무덤 (1923-01-01).txt
시계열,1923-01-01,수록 문집 간행 연도,시,바다 저 편,김억,101,https://ko.wikisource.org/wiki/%ED%95%B4%ED%8C%8C%EB%A6%AC%EC%9D%98_%EB%85%B8%EB%9E%98/%EB%B0%94%EB%8B%A4_%EC%A0%80%ED%8E%B8,본문/시/김억 - 바다 저 편 (1923-01-01).txt
시계열,1923-01-01,수록 문집 간행 연도,시,밤의 대동강(大同江) 가에서,김억,184,https://ko.wikisource.org/wiki/%ED%95%B4%ED%8C%8C%EB%A6%AC%EC%9D%98_%EB%85%B8%EB%9E%98/%EB%B0%A4%EC%9D%98_%EB%8C%80%EB%8F%99%EA%B0%95%EA%B0%80%EC%97%90%EC%84%9C,본문/시/김억 - 밤의 대동강(大同江) 가에서 (1923-01-01).txt
시계열,1923-01-01,수록 문집 간행 연도,시,배,김억,124,https://ko.wikisource.org/wiki/%ED%95%B4%ED%8C%8C%EB%A6%AC%EC%9D%98_%EB%85%B8%EB%9E%98/%EB%B0%B0,본문/시/김억 - 배 (1923-01-01).txt
시계열,1923-01-01,수록 문집 간행 연도,시,별 낚기,김억,453,https://ko.wikisource.org/wiki/%ED%95%B4%ED%8C%8C%EB%A6%AC%EC%9D%98_%EB%85%B8%EB%9E%98/%EB%B3%84_%EB%82%9A%EA%B8%B0,본문/시/김억 - 별 낚기 (1923-01-01).txt
시계열,1923-01-01,수록 문집 간행 연도,시,별후,김억,230,https://ko.wikisource.org/wiki/%ED%95%B4%ED%8C%8C%EB%A6%AC%EC%9D%98_%EB%85%B8%EB%9E%98/%EB%B3%84%ED%9B%84,본문/시/김억 - 별후 (1923-01-01).txt
시계열,1923-01-01,수록 문집 간행 연도,시,봄은 와서,김억,124,https://ko.wikisource.org/wiki/%ED%95%B4%ED%8C%8C%EB%A6%AC%EC%9D%98_%EB%85%B8%EB%9E%98/%EB%B4%84%EC%9D%80_%EC%99%80%EC%84%9C,본문/시/김억 - 봄은 와서 (1923-01-01).txt
시계열,1923-01-01,수록 문집 간행 연도,시,봄의 선녀,김억,197,https://ko.wikisource.org/wiki/%ED%95%B4%ED%8C%8C%EB%A6%AC%EC%9D%98_%EB%85%B8%EB%9E%98/%EB%B4%84%EC%9D%98_%EC%84%A0%EB%85%80,본문/시/김억 - 봄의 선녀 (1923-01-01).txt
시계열,1923-01-01,수록 문집 간행 연도,시,봉선화,김억,93,https://ko.wikisource.org/wiki/%ED%95%B4%ED%8C%8C%EB%A6%AC%EC%9D%98_%EB%85%B8%EB%9E%98/%EB%B4%89%EC%84%A0%ED%99%94,본문/시/김억 - 봉선화 (1923-01-01).txt
시계열,1923-01-01,수록 문집 간행 연도,시,북방(北邦)의 따님,김억,838,https://ko.wikisource.org/wiki/%ED%95%B4%ED%8C%8C%EB%A6%AC%EC%9D%98_%EB%85%B8%EB%9E%98/%EB%B6%81%EB%B0%A9%EC%9D%98_%EB%94%B0%EB%8B%98,본문/시/김억 - 북방(北邦)의 따님 (1923-01-01).txt
시계열,1923-01-01,수록 문집 간행 연도,시,붉은 키스,김억,66,https://ko.wikisource.org/wiki/%ED%95%B4%ED%8C%8C%EB%A6%AC%EC%9D%98_%EB%85%B8%EB%9E%98/%EB%B6%89%EC%9D%80_%ED%82%A4%EC%93%B0,본문/시/김억 - 붉은 키스 (1923-01-01).txt
시계열,1923-01-01,수록 문집 간행 연도,시,비극(悲劇)의 서곡,김억,329,https://ko.wikisource.org/wiki/%ED%95%B4%ED%8C%8C%EB%A6%AC%EC%9D%98_%EB%85%B8%EB%9E%98/%EB%B9%84%EA%B7%B9%EC%9D%98_%EC%84%9C%EA%B3%A1,본문/시/김억 - 비극(悲劇)의 서곡 (1923-01-01).txt
시계열,1923-01-01,수록 문집 간행 연도,시,사계(四季)의 노래,김억,347,https://ko.wikisource.org/wiki/%ED%95%B4%ED%8C%8C%EB%A6%AC%EC%9D%98_%EB%85%B8%EB%9E%98/%EC%82%AC%EA%B3%84%EC%9D%98_%EB%85%B8%EB%9E%98,본문/시/김억 - 사계(四季)의 노래 (1923-01-01).txt
시계열,1923-01-01,수록 문집 간행 연도,시,사랑의 때,김억,354,https://ko.wikisource.org/wiki/%ED%95%B4%ED%8C%8C%EB%A6%AC%EC%9D%98_%EB%85%B8%EB%9E%98/%EC%82%AC%EB%9E%91%EC%9D%98_%EB%95%8C,본문/시/김억 - 사랑의 때 (1923-01-01).txt
시계열,1923-01-01,수록 문집 간행 연도,시,사향,김억,113,https://ko.wikisource.org/wiki/%ED%95%B4%ED%8C%8C%EB%A6%AC%EC%9D%98_%EB%85%B8%EB%9E%98/%EC%82%AC%ED%96%A5,본문/시/김억 - 사향 (1923-01-01).txt
시계열,1923-01-01,발표일,수필,살아가는 법,홍난파,2856,https://ko.wikisource.org/wiki/%EC%82%B4%EC%95%84%EA%B0%80%EB%8A%94_%EB%B2%95,본문/수필/홍난파 - 살아가는 법 (1923-01-01).txt
시계열,1923-01-01,수록 문집 간행 연도,시,삼년(三年)의 옛날,김억,255,https://ko.wikisource.org/wiki/%ED%95%B4%ED%8C%8C%EB%A6%AC%EC%9D%98_%EB%85%B8%EB%9E%98/%EC%82%BC_%EB%85%84%EC%9D%98_%EC%98%9B%EB%82%A0,본문/시/김억 - 삼년(三年)의 옛날 (1923-01-01).txt
시계열,1923-01-01,수록 문집 간행 연도,시,삼월(三月)에도 삼짇날,김억,194,https://ko.wikisource.org/wiki/%ED%95%B4%ED%8C%8C%EB%A6%AC%EC%9D%98_%EB%85%B8%EB%9E%98/%EC%82%BC%EC%9B%94%EC%97%90%EB%8F%84_%EC%82%BC%EC%A7%87%EB%82%A0,본문/시/김억 - 삼월(三月)에도 삼짇날 (1923-01-01).txt
시계열,1923-01-01,수록 문집 간행 연도,시,상실,김억,103,https://ko.wikisource.org/wiki/%ED%95%B4%ED%8C%8C%EB%A6%AC%EC%9D%98_%EB%85%B8%EB%9E%98/%EC%83%81%EC%8B%A4,본문/시/김억 - 상실 (1923-01-01).txt
시계열,1923-01-01,수록 문집 간행 연도,시,새빨간 핏빛의 진달래꽃이 질 때,김억,95,https://ko.wikisource.org/wiki/%ED%95%B4%ED%8C%8C%EB%A6%AC%EC%9D%98_%EB%85%B8%EB%9E%98/%EC%83%88%EB%B9%A8%EA%B0%84_%ED%95%8F%EB%B9%9B%EC%9D%98_%EC%A7%84%EB%8B%AC%EB%9E%98%EA%BD%83%EC%9D%B4_%EC%A7%88_%EB%95%8C,본문/시/김억 - 새빨간 핏빛의 진달래꽃이 질 때 (1923-01-01).txt
시계열,1923-01-01,발표 연도,소설,선도자,이광수,132683,https://ko.wikisource.org/wiki/%EC%84%A0%EB%8F%84%EC%9E%90,본문/소설/이광수 - 선도자 (1923-01-01).txt
시계열,1923-01-01,수록 문집 간행 연도,시,설은 희극,김억,72,https://ko.wikisource.org/wiki/%ED%95%B4%ED%8C%8C%EB%A6%AC%EC%9D%98_%EB%85%B8%EB%9E%98/%EC%84%A4%EC%9A%B4_%ED%9D%AC%EA%B7%B9,본문/시/김억 - 설은 희극 (1923-01-01).txt
시계열,1923-01-01,수록 문집 간행 연도,시,성락,김억,187,https://ko.wikisource.org/wiki/%ED%95%B4%ED%8C%8C%EB%A6%AC%EC%9D%98_%EB%85%B8%EB%9E%98/%EC%95%85%EC%84%B1,본문/시/김억 - 성락 (1923-01-01).txt
시계열,1923-01-01,발표 연도,소설,속 모르는 만년필 장사,나도향,563,https://ko.wikisource.org/wiki/%EC%86%8D_%EB%AA%A8%EB%A5%B4%EB%8A%94_%EB%A7%8C%EB%85%84%ED%95%84_%EC%9E%A5%EC%82%AC,본문/소설/나도향 - 속 모르는 만년필 장사 (1923-01-01).txt
시계열,1923-01-01,수록 문집 간행 연도,시,실제,김억,329,https://ko.wikisource.org/wiki/%ED%95%B4%ED%8C%8C%EB%A6%AC%EC%9D%98_%EB%85%B8%EB%9E%98/%EC%8B%A4%EC%A0%9C_3,본문/시/김억 - 실제 (1923-01-01).txt
시계열,1923-01-01,수록 문집 간행 연도,시,십일월(十一月)의 저녁,김억,159,https://ko.wikisource.org/wiki/%ED%95%B4%ED%8C%8C%EB%A6%AC%EC%9D%98_%EB%85%B8%EB%9E%98/%EC%8B%AD%EC%9D%BC%EC%9B%94%EC%9D%98_%EC%A0%80%EB%85%81,본문/시/김억 - 십일월(十一月)의 저녁 (1923-01-01).txt
시계열,1923-01-01,수록 문집 간행 연도,시,아침잠,김억,72,https://ko.wikisource.org/wiki/%ED%95%B4%ED%8C%8C%EB%A6%AC%EC%9D%98_%EB%85%B8%EB%9E%98/%EC%95%84%EC%B9%A8%EC%9E%A0,본문/시/김억 - 아침잠 (1923-01-01).txt
시계열,1923-01-01,수록 문집 간행 연도,시,안동현(安東縣)의 밤,김억,175,https://ko.wikisource.org/wiki/%ED%95%B4%ED%8C%8C%EB%A6%AC%EC%9D%98_%EB%85%B8%EB%9E%98/%EC%95%88%EB%8F%99%ED%98%84%EC%9D%98_%EB%B0%A4,본문/시/김억 - 안동현(安東縣)의 밤 (1923-01-01).txt
시계열,1923-01-01,수록 문집 간행 연도,시,애닯기도 하여라,김억,110,https://ko.wikisource.org/wiki/%ED%95%B4%ED%8C%8C%EB%A6%AC%EC%9D%98_%EB%85%B8%EB%9E%98/%EC%95%A0%EB%8B%AF%EA%B8%B0%EB%8F%84_%ED%95%98%EC%97%AC%EB%9D%BC,본문/시/김억 - 애닯기도 하여라 (1923-01-01).txt
시계열,1923-01-01,수록 문집 간행 연도,시,야자(椰子)의 몸,김억,60,https://ko.wikisource.org/wiki/%ED%95%B4%ED%8C%8C%EB%A6%AC%EC%9D%98_%EB%85%B8%EB%9E%98/%EC%95%BC%EC%9E%90%EC%9D%98_%EB%AA%B8,본문/시/김억 - 야자(椰子)의 몸 (1923-01-01).txt
시계열,1923-01-01,저자 문서 발표 연도,단편소설,어지러움,김동인,4767,https://ko.wikisource.org/wiki/%EC%96%B4%EC%A6%88%EB%9F%AC%EC%9B%80,본문/단편소설/김동인 - 어지러움 (1923-01-01).txt
시계열,1923-01-01,수록 문집 간행 연도,시,언제 오셔요,김억,91,https://ko.wikisource.org/wiki/%ED%95%B4%ED%8C%8C%EB%A6%AC%EC%9D%98_%EB%85%B8%EB%9E%98/%EC%96%B8%EC%A0%9C_%EC%98%A4%EC%85%94%EC%9A%94,본문/시/김억 - 언제 오셔요 (1923-01-01).txt
시계열,1923-01-01,발표 연도,기타,연애소설(戀愛小說) 이리앳트 니야기,호메로스,47301,https://ko.wikisource.org/wiki/%EC%9D%B4%EB%A6%AC%EC%95%B3%ED%8A%B8_%EB%8B%88%EC%95%BC%EA%B8%B0,본문/기타/호메로스 - 연애소설(戀愛小說) 이리앳트 니야기 (1923-01-01).txt
시계열,1923-01-01,수록 문집 간행 연도,시,우정,김억,169,https://ko.wikisource.org/wiki/%ED%95%B4%ED%8C%8C%EB%A6%AC%EC%9D%98_%EB%85%B8%EB%9E%98/%EC%9A%B0%EC%A0%95,본문/시/김억 - 우정 (1923-01-01).txt
시계열,1923-01-01,발표 월,소설,우편국에서,현진건,1830,https://ko.wikisource.org/wiki/%EC%9A%B0%ED%8E%B8%EA%B5%AD%EC%97%90%EC%84%9C,본문/소설/현진건 - 우편국에서 (1923-01-01).txt
시계열,1923-01-01,수록 문집 간행 연도,시,유랑(流浪)의 노래,김억,218,https://ko.wikisource.org/wiki/%ED%95%B4%ED%8C%8C%EB%A6%AC%EC%9D%98_%EB%85%B8%EB%9E%98/%EC%9C%A0%EB%9E%91%EC%9D%98_%EB%85%B8%EB%9E%98,본문/시/김억 - 유랑(流浪)의 노래 (1923-01-01).txt
시계열,1923-01-01,수록 문집 간행 연도,시,유월(六月)의 낮잠,김억,75,https://ko.wikisource.org/wiki/%ED%95%B4%ED%8C%8C%EB%A6%AC%EC%9D%98_%EB%85%B8%EB%9E%98/%EC%9C%A0%EC%9B%94%EC%9D%98_%EB%82%AE%EC%9E%A0,본문/시/김억 - 유월(六月)의 낮잠 (1923-01-01).txt
시계열,1923-01-01,발표 연도,소설,은화 백동화,나도향,3062,https://ko.wikisource.org/wiki/%EC%9D%80%ED%99%94_%EB%B0%B1%EB%8F%99%ED%99%94,본문/소설/나도향 - 은화 백동화 (1923-01-01).txt
시계열,1923-01-01,저자 문서 발표 연도,단편소설,이 잔을,김동인,6440,https://ko.wikisource.org/wiki/%EC%9D%B4_%EC%9E%94%EC%9D%84,본문/단편소설/김동인 - 이 잔을 (1923-01-01).txt
시계열,1923-01-01,수록 문집 간행 연도,시,이슬,김억,95,https://ko.wikisource.org/wiki/%ED%95%B4%ED%8C%8C%EB%A6%AC%EC%9D%98_%EB%85%B8%EB%9E%98/%EC%9D%B4%EC%8A%AC,본문/시/김억 - 이슬 (1923-01-01).txt
시계열,1923-01-01,수록 문집 간행 연도,시,잃어지는 기억,김억,127,https://ko.wikisource.org/wiki/%ED%95%B4%ED%8C%8C%EB%A6%AC%EC%9D%98_%EB%85%B8%EB%9E%98/%EC%9E%83%EC%96%B4%EC%A7%80%EB%8A%94_%EA%B8%B0%EC%96%B5,본문/시/김억 - 잃어지는 기억 (1923-01-01).txt
시계열,1923-01-01,수록 문집 간행 연도,시,임금과 복숭아,김억,160,https://ko.wikisource.org/wiki/%ED%95%B4%ED%8C%8C%EB%A6%AC%EC%9D%98_%EB%85%B8%EB%9E%98/%EC%9E%84%EA%B8%88%EA%B3%BC_%EB%B3%B5%EC%88%AD%EC%95%84,본문/시/김억 - 임금과 복숭아 (1923-01-01).txt
시계열,1923-01-01,수록 문집 간행 연도,시,입,김억,102,https://ko.wikisource.org/wiki/%ED%95%B4%ED%8C%8C%EB%A6%AC%EC%9D%98_%EB%85%B8%EB%9E%98/%EC%9E%85,본문/시/김억 - 입 (1923-01-01).txt
시계열,1923-01-01,수록 문집 간행 연도,시,저락(低落)된 눈물,김억,224,https://ko.wikisource.org/wiki/%ED%95%B4%ED%8C%8C%EB%A6%AC%EC%9D%98_%EB%85%B8%EB%9E%98/%EC%A0%80%EB%9D%BD%EB%90%9C_%EB%88%88%EB%AC%BC,본문/시/김억 - 저락(低落)된 눈물 (1923-01-01).txt
시계열,1923-01-01,수록 문집 간행 연도,시,전원(田園)의 황혼,김억,226,https://ko.wikisource.org/wiki/%ED%95%B4%ED%8C%8C%EB%A6%AC%EC%9D%98_%EB%85%B8%EB%9E%98/%EC%A0%84%EC%9B%90%EC%9D%98_%ED%99%A9%ED%98%BC,본문/시/김억 - 전원(田園)의 황혼 (1923-01-01).txt
시계열,1923-01-01,수록 문집 간행 연도,시,죽은 기억,김억,214,https://ko.wikisource.org/wiki/%ED%95%B4%ED%8C%8C%EB%A6%AC%EC%9D%98_%EB%85%B8%EB%9E%98/%EC%A3%BD%EC%9D%80_%EA%B8%B0%EC%96%B5,본문/시/김억 - 죽은 기억 (1923-01-01).txt
시계열,1923-01-01,수록 문집 간행 연도,시,죽음,김억,80,https://ko.wikisource.org/wiki/%ED%95%B4%ED%8C%8C%EB%A6%AC%EC%9D%98_%EB%85%B8%EB%9E%98/%EC%A3%BD%EC%9D%8C,본문/시/김억 - 죽음 (1923-01-01).txt
시계열,1923-01-01,발표 연도,소설,지새는 안개,현진건,64309,https://ko.wikisource.org/wiki/%EC%A7%80%EC%83%88%EB%8A%94_%EC%95%88%EA%B0%9C,본문/소설/현진건 - 지새는 안개 (1923-01-01).txt
시계열,1923-01-01,수록 문집 간행 연도,시,참살구,김억,220,https://ko.wikisource.org/wiki/%ED%95%B4%ED%8C%8C%EB%A6%AC%EC%9D%98_%EB%85%B8%EB%9E%98/%EC%B0%B8%EC%82%B4%EA%B5%AC,본문/시/김억 - 참살구 (1923-01-01).txt
시계열,1923-01-01,수록 문집 간행 연도,시,초순(初旬)달,김억,85,https://ko.wikisource.org/wiki/%ED%95%B4%ED%8C%8C%EB%A6%AC%EC%9D%98_%EB%85%B8%EB%9E%98/%EC%B4%88%EC%88%9C_%EB%8B%AC,본문/시/김억 - 초순(初旬)달 (1923-01-01).txt
시계열,1923-01-01,발표 연도,소설,춘성,나도향,9097,https://ko.wikisource.org/wiki/%EC%B6%98%EC%84%B1,본문/소설/나도향 - 춘성 (1923-01-01).txt
시계열,1923-01-01,수록 문집 간행 연도,시,탄식,김억,119,https://ko.wikisource.org/wiki/%ED%95%B4%ED%8C%8C%EB%A6%AC%EC%9D%98_%EB%85%B8%EB%9E%98/%ED%83%84%EC%8B%9D,본문/시/김억 - 탄식 (1923-01-01).txt
시계열,1923-01-01,수록 문집 간행 연도,시,탈춤,김억,227,https://ko.wikisource.org/wiki/%ED%95%B4%ED%8C%8C%EB%A6%AC%EC%9D%98_%EB%85%B8%EB%9E%98/%ED%83%88%EC%B6%A4,본문/시/김억 - 탈춤 (1923-01-01).txt
시계열,1923-01-01,수록 문집 간행 연도,시,표박,김억,409,https://ko.wikisource.org/wiki/%ED%95%B4%ED%8C%8C%EB%A6%AC%EC%9D%98_%EB%85%B8%EB%9E%98/%ED%91%9C%EB%B0%95,본문/시/김억 - 표박 (1923-01-01).txt
시계열,1923-01-01,수록 문집 간행 연도,시,풀밭 위,김억,199,https://ko.wikisource.org/wiki/%ED%95%B4%ED%8C%8C%EB%A6%AC%EC%9D%98_%EB%85%B8%EB%9E%98/%ED%92%80%EB%B0%AD_%EC%9C%84,본문/시/김억 - 풀밭 위 (1923-01-01).txt
시계열,1923-01-01,수록 문집 간행 연도,시,피리,김억,95,https://ko.wikisource.org/wiki/%ED%95%B4%ED%8C%8C%EB%A6%AC%EC%9D%98_%EB%85%B8%EB%9E%98/%ED%94%BC%EB%A6%AC,본문/시/김억 - 피리 (1923-01-01).txt
시계열,1923-01-01,수록 문집 간행 연도,시,하품론,김억,113,https://ko.wikisource.org/wiki/%ED%95%B4%ED%8C%8C%EB%A6%AC%EC%9D%98_%EB%85%B8%EB%9E%98/%ED%95%98%ED%92%88%EB%A1%A0,본문/시/김억 - 하품론 (1923-01-01).txt
시계열,1923-01-01,발표 연도,소설,허생전,이광수,147743,https://ko.wikisource.org/wiki/%ED%97%88%EC%83%9D%EC%A0%84_%28%EC%9D%B4%EA%B4%91%EC%88%98%29,본문/소설/이광수 - 허생전 (1923-01-01).txt
시계열,1923-01-01,발표 연도,소설,현수문젼,,86169,https://ko.wikisource.org/wiki/%ED%98%84%EC%88%98%EB%AC%B8%EC%A0%84,본문/소설/작자 미상 - 현수문젼 (1923-01-01).txt
시계열,1923-01-01,수록 문집 간행 연도,시,화인,김억,238,https://ko.wikisource.org/wiki/%ED%95%B4%ED%8C%8C%EB%A6%AC%EC%9D%98_%EB%85%B8%EB%9E%98/%ED%99%94%EC%9D%B8,본문/시/김억 - 화인 (1923-01-01).txt
시계열,1923-01-01,수록 문집 간행 연도,시,황포(黃浦)의 바다,김억,95,https://ko.wikisource.org/wiki/%ED%95%B4%ED%8C%8C%EB%A6%AC%EC%9D%98_%EB%85%B8%EB%9E%98/%ED%99%A9%ED%8F%AC%EC%9D%98_%EB%B0%94%EB%8B%A4,본문/시/김억 - 황포(黃浦)의 바다 (1923-01-01).txt
시계열,1923-01-03,발표일,소설,천사,방정환,2329,https://ko.wikisource.org/wiki/%EC%B2%9C%EC%82%AC,본문/소설/방정환 - 천사 (1923-01-03).txt
시계열,1923-02-01,발표 월,시,님의 노래,김소월,168,https://ko.wikisource.org/wiki/%EC%A7%84%EB%8B%AC%EB%9E%98%EA%BD%83_%28%EC%8B%9C%EC%A7%91%29/%EB%8B%98%EC%9D%98_%EB%85%B8%EB%9E%98,본문/시/김소월 - 님의 노래 (1923-02-01).txt
시계열,1923-02-12,발표일,소설,가실,이광수,13207,https://ko.wikisource.org/wiki/%EA%B0%80%EC%8B%A4,본문/소설/이광수 - 가실 (1923-02-12).txt
시계열,1923-03-01,발표 월,소설,거룩한 이의 죽음,이광수,14436,https://ko.wikisource.org/wiki/%EA%B1%B0%EB%A3%A9%ED%95%9C_%EC%9D%B4%EC%9D%98_%EC%A3%BD%EC%9D%8C,본문/소설/이광수 - 거룩한 이의 죽음 (1923-03-01).txt
시계열,1923-03-01,발표 월,희곡,노래 주머니,방정환,7762,https://ko.wikisource.org/wiki/%EB%85%B8%EB%9E%98_%EC%A3%BC%EB%A8%B8%EB%8B%88,본문/희곡/방정환 - 노래 주머니 (1923-03-01).txt
시계열,1923-03-01,발표 월,시,논개,변영로,196,https://ko.wikisource.org/wiki/%EB%85%BC%EA%B0%9C,본문/시/변영로 - 논개 (1923-03-01).txt
시계열,1923-04-01,발표일,기타,나들이,뤼시앵 데카브,2139,https://ko.wikisource.org/wiki/%EB%82%98%EB%93%A4%EC%9D%B4,본문/기타/뤼시앵 데카브 - 나들이 (1923-04-01).txt
시계열,1923-04-01,발표 월,소설,눈 어두운 포수,방정환,2013,https://ko.wikisource.org/wiki/%EB%88%88_%EC%96%B4%EB%91%90%EC%9A%B4_%ED%8F%AC%EC%88%98,본문/소설/방정환 - 눈 어두운 포수 (1923-04-01).txt
시계열,1923-04-01,발표 월,기타,만세,알퐁스 도데,4337,https://ko.wikisource.org/wiki/%EB%A7%8C%EC%84%B8_%28%EB%A7%88%EC%A7%80%EB%A7%89_%EA%B3%BC%EC%A0%95%29,본문/기타/알퐁스 도데 - 만세 (1923-04-01).txt
시계열,1923-04-01,발표일,소설,황금(黃金) 거위,방정환,3742,https://ko.wikisource.org/wiki/%ED%99%A9%EA%B8%88_%EA%B1%B0%EC%9C%84,본문/소설/방정환 - 황금(黃金) 거위 (1923-04-01).txt
시계열,1923-04-10,창작일,시,위로,김명순,214,https://ko.wikisource.org/wiki/%EC%83%9D%EB%AA%85%EC%9D%98_%EA%B3%BC%EC%8B%A4/%EC%9C%84%EB%A1%9C,본문/시/김명순 - 위로 (1923-04-10).txt
시계열,1923-04-23,발표일,소설,영길이의 설움,방정환,2345,https://ko.wikisource.org/wiki/%EC%98%81%EA%B8%B8%EC%9D%B4%EC%9D%98_%EC%84%A4%EC%9B%80,본문/소설/방정환 - 영길이의 설움 (1923-04-23).txt
시계열,1923-05-01,발표 월,시,가을의 풍경,이상화,351,https://ko.wikisource.org/wiki/%EA%B0%80%EC%9D%84%EC%9D%98_%ED%92%8D%EA%B2%BD,본문/시/이상화 - 가을의 풍경 (1923-05-01).txt
시계열,1923-05-01,발표 월,시,잃어진 봄,김억,197,https://ko.wikisource.org/wiki/%ED%95%B4%ED%8C%8C%EB%A6%AC%EC%9D%98_%EB%85%B8%EB%9E%98/%EC%9E%83%EC%96%B4%EC%A7%84_%EB%B4%84,본문/시/김억 - 잃어진 봄 (1923-05-01).txt
시계열,1923-07-01,발표 월,동화,나비의 꿈,방정환,2602,https://ko.wikisource.org/wiki/%EB%82%98%EB%B9%84%EC%9D%98_%EA%BF%88,본문/동화/방정환 - 나비의 꿈 (1923-07-01).txt
시계열,1923-07-01,발표 월,동화,이상한 샘물,방정환,2629,https://ko.wikisource.org/wiki/%EC%9D%B4%EC%83%81%ED%95%9C_%EC%83%98%EB%AC%BC,본문/동화/방정환 - 이상한 샘물 (1923-07-01).txt
시계열,1923-07-01,발표 월,시,해 저문 나라에,홍사용,450,https://ko.wikisource.org/wiki/%ED%95%B4_%EC%A0%80%EB%AC%B8_%EB%82%98%EB%9D%BC%EC%97%90,본문/시/홍사용 - 해 저문 나라에 (1923-07-01).txt
시계열,1923-09-01,발표 월,시,가을밤,방정환,377,https://ko.wikisource.org/wiki/%EA%B0%80%EC%9D%84%EB%B0%A4,본문/시/방정환 - 가을밤 (1923-09-01).txt
시계열,1923-09-01,발표 월,시,그것은 모다 꿈이었지마는,홍사용,846,https://ko.wikisource.org/wiki/%EA%B7%B8%EA%B2%83%EC%9D%80_%EB%AA%A8%EB%8B%A4_%EA%BF%88%EC%9D%B4%EC%97%88%EC%A7%80%EB%A7%88%EB%8A%94,본문/시/홍사용 - 그것은 모다 꿈이었지마는 (1923-09-01).txt
시계열,1923-09-01,발표 월,수필,그리움의 한묵금,홍사용,10576,https://ko.wikisource.org/wiki/%EA%B7%B8%EB%A6%AC%EC%9B%80%EC%9D%98_%ED%95%9C%EB%AC%B6%EC%9D%8C,본문/수필/홍사용 - 그리움의 한묵금 (1923-09-01).txt
시계열,1923-09-01,발표 월,시,나는 왕이로소이다,홍사용,1165,https://ko.wikisource.org/wiki/%EB%82%98%EB%8A%94_%EC%99%95%EC%9D%B4%EB%A1%9C%EC%86%8C%EC%9D%B4%EB%8B%A4,본문/시/홍사용 - 나는 왕이로소이다 (1923-09-01).txt
시계열,1923-09-01,발표 월,시,나의 침실(寢室)로,이상화,863,https://ko.wikisource.org/wiki/%EB%82%98%EC%9D%98_%EC%B9%A8%EC%8B%A4%EB%A1%9C,본문/시/이상화 - 나의 침실(寢室)로 (1923-09-01).txt
시계열,1923-09-01,발표 월,시,마음의 ᄭᅩᆺ,이상화,268,https://ko.wikisource.org/wiki/%EB%A7%88%EC%9D%8C%EC%9D%98_%EA%BD%83,본문/시/이상화 - 마음의 ᄭᅩᆺ (1923-09-01).txt
시계열,1923-09-01,발표 월,시,묘장,홍사용,735,https://ko.wikisource.org/wiki/%EB%AC%98%EC%9E%A5,본문/시/홍사용 - 묘장 (1923-09-01).txt
시계열,1923-09-01,창작 월,소설,십삼원,최서해,3068,https://ko.wikisource.org/wiki/%EC%8B%AD%EC%82%BC%EC%9B%90,본문/소설/최서해 - 십삼원 (1923-09-01).txt
시계열,1923-09-01,발표 월,소설,여이발사,나도향,4572,https://ko.wikisource.org/wiki/%EC%97%AC%EC%9D%B4%EB%B0%9C%EC%82%AC,본문/소설/나도향 - 여이발사 (1923-09-01).txt
시계열,1923-09-01,발표 월,시,이중(二重)의 사망,이상화,901,https://ko.wikisource.org/wiki/%EC%9D%B4%EC%A4%91%EC%9D%98_%EC%82%AC%EB%A7%9D,본문/시/이상화 - 이중(二重)의 사망 (1923-09-01).txt
시계열,1923-09-01,발표 월,소설,저승길,홍사용,13669,https://ko.wikisource.org/wiki/%EC%A0%80%EC%8A%B9%EA%B8%B8,본문/소설/홍사용 - 저승길 (1923-09-01).txt
시계열,1923-09-01,발표 월,수필,추창만초,방정환,1450,https://ko.wikisource.org/wiki/%EC%B6%94%EC%B0%BD%EB%A7%8C%EC%B4%88,본문/수필/방정환 - 추창만초 (1923-09-01).txt
시계열,1923-09-01,발표 월,소설,할머니의 죽음,현진건,7255,https://ko.wikisource.org/wiki/%ED%95%A0%EB%A8%B8%EB%8B%88%EC%9D%98_%EC%A3%BD%EC%9D%8C,본문/소설/현진건 - 할머니의 죽음 (1923-09-01).txt
시계열,1923-10-01,발표 월,시,가는 길,김소월,107,https://ko.wikisource.org/wiki/%EC%A7%84%EB%8B%AC%EB%9E%98%EA%BD%83_%28%EC%8B%9C%EC%A7%91%29/%EA%B0%80%EB%8A%94_%EA%B8%B8,본문/시/김소월 - 가는 길 (1923-10-01).txt
시계열,1923-10-01,발표 월,시,바라건대는 우리에게 우리의 보습 대일 땅이 있었더면,김소월,270,https://ko.wikisource.org/wiki/%EC%A7%84%EB%8B%AC%EB%9E%98%EA%BD%83_%28%EC%8B%9C%EC%A7%91%29/%EB%B0%94%EB%9D%BC%EA%B1%B4%EB%8C%80%EB%8A%94_%EC%9A%B0%EB%A6%AC%EC%97%90%EA%B2%8C_%EC%9A%B0%EB%A6%AC%EC%9D%98_%EB%B3%B4%EC%8A%B5_%EB%8C%80%EC%9D%BC_%EB%95%85%EC%9D%B4_%EC%9E%88%EC%97%88%EB%8D%94%EB%A9%B4,본문/시/김소월 - 바라건대는 우리에게 우리의 보습 대일 땅이 있었더면 (1923-10-01).txt
시계열,1923-10-01,발표 월,소설,행랑자식,나도향,9688,https://ko.wikisource.org/wiki/%ED%96%89%EB%9E%91%EC%9E%90%EC%8B%9D,본문/소설/나도향 - 행랑자식 (1923-10-01).txt
시계열,1923-10-26,발표일,시,독백,이상화,234,https://ko.wikisource.org/wiki/%EB%8F%85%EB%B0%B1_%28%EC%9D%B4%EC%83%81%ED%99%94%29,본문/시/이상화 - 독백 (1923-10-26).txt
시계열,1923-10-31,발표일,수필,하잔한 쪼각 달,박용철,294,https://ko.wikisource.org/wiki/%EB%B0%95%EC%9A%A9%EC%B2%A0_%EC%82%B0%EB%AC%B8%EC%A7%91/%ED%95%98%EC%9E%94%ED%95%9C_%EC%AA%BC%EA%B0%81_%EB%8B%AC,본문/수필/박용철 - 하잔한 쪼각 달 (1923-10-31).txt
시계열,1924-01-01,발표 연도,소설,H君(군)을 생각하고,이광수,12676,https://ko.wikisource.org/wiki/H%EA%B5%B0%EC%9D%84_%EC%83%9D%EA%B0%81%ED%95%98%EA%B3%A0,본문/소설/이광수 - H君(군)을 생각하고 (1924-01-01).txt
시계열,1924-01-01,발표 연도,시,그 때가 언제나 옵니까,변영로,251,https://ko.wikisource.org/wiki/%EA%B7%B8_%EB%95%8C%EA%B0%80_%EC%96%B8%EC%A0%9C%EB%82%98_%EC%98%B5%EB%8B%88%EA%B9%8C,본문/시/변영로 - 그 때가 언제나 옵니까 (1924-01-01).txt
시계열,1924-01-01,발표 연도,소설,그립은 흘긴 눈,현진건,6563,https://ko.wikisource.org/wiki/%EA%B7%B8%EB%A6%BD%EC%9D%80_%ED%9D%98%EA%B8%B4_%EB%88%88,본문/소설/현진건 - 그립은 흘긴 눈 (1924-01-01).txt
시계열,1924-01-01,발표 연도,소설,까막잡기,현진건,8389,https://ko.wikisource.org/wiki/%EA%B9%8C%EB%A7%89%EC%9E%A1%EA%B8%B0,본문/소설/현진건 - 까막잡기 (1924-01-01).txt
시계열,1924-01-01,발표 연도,시,눈,변영로,97,https://ko.wikisource.org/wiki/%EB%88%88_%28%EB%B3%80%EC%98%81%EB%A1%9C%29,본문/시/변영로 - 눈 (1924-01-01).txt
시계열,1924-01-01,발표 월,동화,두더지의 혼인,방정환,2748,https://ko.wikisource.org/wiki/%EB%91%90%EB%8D%94%EC%A7%80%EC%9D%98_%ED%98%BC%EC%9D%B8,본문/동화/방정환 - 두더지의 혼인 (1924-01-01).txt
시계열,1924-01-01,발표 연도,소설,마리아의 재주꾼,아나톨 프랑스,4627,https://ko.wikisource.org/wiki/%EB%A7%88%EB%A6%AC%EC%95%84%EC%9D%98_%EC%9E%AC%EC%A3%BC%EA%BE%BC,본문/소설/아나톨 프랑스 - 마리아의 재주꾼 (1924-01-01).txt
시계열,1924-01-01,발표 연도,소설,매월,최서해,8225,https://ko.wikisource.org/wiki/%EB%A7%A4%EC%9B%94,본문/소설/최서해 - 매월 (1924-01-01).txt
시계열,1924-01-01,발표 연도,소설,목숨,김동인,13372,https://ko.wikisource.org/wiki/%EB%AA%A9%EC%88%A8,본문/소설/김동인 - 목숨 (1924-01-01).txt
시계열,1924-01-01,발표 연도,시,못 놓이는 마음,변영로,44,https://ko.wikisource.org/wiki/%EB%AA%BB_%EB%86%93%EC%9D%B4%EB%8A%94_%EB%A7%88%EC%9D%8C,본문/시/변영로 - 못 놓이는 마음 (1924-01-01).txt
시계열,1924-01-01,발표 연도,수필,뭉게구름의 秘密,방정환,1340,https://ko.wikisource.org/wiki/%EB%AD%89%EA%B2%8C%EA%B5%AC%EB%A6%84%EC%9D%98_%EB%B9%84%EB%B0%80,본문/수필/방정환 - 뭉게구름의 秘密 (1924-01-01).txt
시계열,1924-01-01,발표 연도,시,버러지도 싫다하올 이 몸이,변영로,269,https://ko.wikisource.org/wiki/%EB%B2%84%EB%9F%AC%EC%A7%80%EB%8F%84_%EC%8B%AB%EB%8B%A4%ED%95%98%EC%98%AC_%EC%9D%B4_%EB%AA%B8%EC%9D%B4,본문/시/변영로 - 버러지도 싫다하올 이 몸이 (1924-01-01).txt
시계열,1924-01-01,발표 연도,시,벗들이여,변영로,204,https://ko.wikisource.org/wiki/%EB%B2%97%EB%93%A4%EC%9D%B4%EC%97%AC,본문/시/변영로 - 벗들이여 (1924-01-01).txt
시계열,1924-01-01,발표 연도,시,사랑은,변영로,86,https://ko.wikisource.org/wiki/%EC%82%AC%EB%9E%91%EC%9D%80,본문/시/변영로 - 사랑은 (1924-01-01).txt
시계열,1924-01-01,발표 연도,시,생시에 못 뵈올 님을,변영로,130,https://ko.wikisource.org/wiki/%EC%83%9D%EC%8B%9C%EC%97%90_%EB%AA%BB_%EB%B5%88%EC%98%AC_%EC%9E%84%EC%9D%84,본문/시/변영로 - 생시에 못 뵈올 님을 (1924-01-01).txt
시계열,1924-01-01,발표 연도,시,서 대신에,변영로,128,https://ko.wikisource.org/wiki/%EC%84%9C_%EB%8C%80%EC%8B%A0%EC%97%90,본문/시/변영로 - 서 대신에 (1924-01-01).txt
시계열,1924-01-01,저자 문서 발표 연도,소설,세 길로,채만식,4506,https://ko.wikisource.org/wiki/%EC%84%B8%EA%B8%B8%EB%A1%9C,본문/소설/채만식 - 세 길로 (1924-01-01).txt
시계열,1924-01-01,발표 연도,시,오마르 카이얌의 시,김억,3034,https://ko.wikisource.org/wiki/%EC%98%A4%EB%A7%88%EB%A5%B4_%EC%B9%B4%EC%9D%B4%EC%96%8C%EC%9D%98_%EC%8B%9C,본문/시/김억 - 오마르 카이얌의 시 (1924-01-01).txt
시계열,1924-01-01,발표 연도,단편소설,운수 좋은 날,현진건,7549,https://ko.wikisource.org/wiki/%EC%9A%B4%EC%88%98_%EC%A2%8B%EC%9D%80_%EB%82%A0,본문/단편소설/현진건 - 운수 좋은 날 (1924-01-01).txt
시계열,1924-01-01,발표 연도,소설,자기를 찾기 전,나도향,14578,https://ko.wikisource.org/wiki/%EC%9E%90%EA%B8%B0%EB%A5%BC_%EC%B0%BE%EA%B8%B0_%EC%A0%84,본문/소설/나도향 - 자기를 찾기 전 (1924-01-01).txt
시계열,1924-01-01,발표 연도,소설,전차 차장의 일기 몇 절,나도향,7108,https://ko.wikisource.org/wiki/%EC%A0%84%EC%B0%A8_%EC%B0%A8%EC%9E%A5%EC%9D%98_%EC%9D%BC%EA%B8%B0_%EB%AA%87_%EC%A0%88,본문/소설/나도향 - 전차 차장의 일기 몇 절 (1924-01-01).txt
시계열,1924-01-01,발표 연도,장편소설,죽음,한용운,63075,https://ko.wikisource.org/wiki/%EC%A3%BD%EC%9D%8C,본문/장편소설/한용운 - 죽음 (1924-01-01).txt
시계열,1924-01-01,발표 연도,시,차라리 달 없는 밤이드면,변영로,67,https://ko.wikisource.org/wiki/%EC%B0%A8%EB%9D%BC%EB%A6%AC_%EB%8B%AC_%EC%97%86%EB%8A%94_%EB%B0%A4%EC%9D%B4%EB%93%9C%EB%A9%B4,본문/시/변영로 - 차라리 달 없는 밤이드면 (1924-01-01).txt
시계열,1924-01-01,발표 연도,시,친애하는 벗이여,변영로,199,https://ko.wikisource.org/wiki/%EC%B9%9C%EC%95%A0%ED%95%98%EB%8A%94_%EB%B2%97%EC%9D%B4%EC%97%AC,본문/시/변영로 - 친애하는 벗이여 (1924-01-01).txt
시계열,1924-01-01,저자 문서 발표 연도,단편소설,피고,김동인,3082,https://ko.wikisource.org/wiki/%ED%94%BC%EA%B3%A0,본문/단편소설/김동인 - 피고 (1924-01-01).txt
시계열,1924-02-01,발표 월,동화,膳物[선물] 아닌 膳物[선물],방정환,2207,https://ko.wikisource.org/wiki/%EC%84%A0%EB%AC%BC_%EC%95%84%EB%8B%8C_%EC%84%A0%EB%AC%BC,본문/동화/방정환 - 膳物[선물] 아닌 膳物[선물] (1924-02-01).txt
시계열,1924-02-01,발표 월,소설,거칠은 터,김동인,18552,https://ko.wikisource.org/wiki/%EA%B1%B0%EC%B9%A0%EC%9D%80_%ED%84%B0,본문/소설/김동인 - 거칠은 터 (1924-02-01).txt
시계열,1924-02-01,발표 월,동화,금도끼,방정환,628,https://ko.wikisource.org/wiki/%EA%B8%88%EB%8F%84%EB%81%BC,본문/동화/방정환 - 금도끼 (1924-02-01).txt
시계열,1924-02-01,발표 월,수필,이러쿵 저러쿵,현진건,3807,https://ko.wikisource.org/wiki/%EC%9D%B4%EB%9F%AC%EC%BF%B5_%EC%A0%80%EB%9F%AC%EC%BF%B5,본문/수필/현진건 - 이러쿵 저러쿵 (1924-02-01).txt
시계열,1924-02-01,창작 월,소설,작은이의 이름,방정환,3057,https://ko.wikisource.org/wiki/%EC%9E%91%EC%9D%80_%EC%9D%B4%EC%9D%98_%EC%9D%B4%EB%A6%84,본문/소설/방정환 - 작은이의 이름 (1924-02-01).txt
시계열,1924-04-01,발표 월,소설,삼태성,방정환,3178,https://ko.wikisource.org/wiki/%EC%82%BC%ED%83%9C%EC%84%B1,본문/소설/방정환 - 삼태성 (1924-04-01).txt
시계열,1924-04-02,발표일,소설,발,현진건,6145,https://ko.wikisource.org/wiki/%EB%B0%9C,본문/소설/현진건 - 발 (1924-04-02).txt
시계열,1924-05-01,발표 월,동화,4월 그믐날 밤,방정환,2190,https://ko.wikisource.org/wiki/4%EC%9B%94_%EA%B7%B8%EB%AF%90%EB%82%A0_%EB%B0%A4,본문/동화/방정환 - 4월 그믐날 밤 (1924-05-01).txt
시계열,1924-05-01,발표 월,시,봄은 고양이로다,이장희,105,https://ko.wikisource.org/wiki/%EB%B4%84%EC%9D%80_%EA%B3%A0%EC%96%91%EC%9D%B4%EB%A1%9C%EB%8B%A4,본문/시/이장희 - 봄은 고양이로다 (1924-05-01).txt
시계열,1924-05-01,발표 월,시,새 한 마리,이장희,78,https://ko.wikisource.org/wiki/%EC%83%88_%ED%95%9C_%EB%A7%88%EB%A6%AC,본문/시/이장희 - 새 한 마리 (1924-05-01).txt
시계열,1924-05-01,발표 월,시,책 한 권,강경애,195,https://ko.wikisource.org/wiki/%EC%B1%85_%ED%95%9C_%EA%B6%8C,본문/시/강경애 - 책 한 권 (1924-05-01).txt
시계열,1924-05-15,창작일,수필,어린이 讚美[찬미],방정환,3363,https://ko.wikisource.org/wiki/%EC%96%B4%EB%A6%B0%EC%9D%B4_%EC%B0%AC%EB%AF%B8,본문/수필/방정환 - 어린이 讚美[찬미] (1924-05-15).txt
시계열,1924-07-01,발표 월,소설,"(명작 동화) 큰 바보, 큰 괘사 막보의 큰 장사",방정환,5304,https://ko.wikisource.org/wiki/%EB%A7%89%EB%B3%B4%EC%9D%98_%ED%81%B0_%EC%9E%A5%EC%82%AC,"본문/소설/방정환 - (명작 동화) 큰 바보, 큰 괘사 막보의 큰 장사 (1924-07-01).txt"
시계열,1924-07-01,발표 월,소설,개구리 왕자,방정환,2875,https://ko.wikisource.org/wiki/%EA%B0%9C%EA%B5%AC%EB%A6%AC_%EC%99%95%EC%9E%90,본문/소설/방정환 - 개구리 왕자 (1924-07-01).txt
시계열,1924-08-01,발표 월,수필,사랑,이광수,2456,https://ko.wikisource.org/wiki/%EC%82%AC%EB%9E%91_%28%EC%88%98%ED%95%84%29,본문/수필/이광수 - 사랑 (1924-08-01).txt
시계열,1924-08-01,발표 월,장편소설,유서,김동인,32825,https://ko.wikisource.org/wiki/%EC%9C%A0%EC%84%9C,본문/장편소설/김동인 - 유서 (1924-08-01).txt
시계열,1924-09-01,발표 월,수필,손가락,이광수,1676,https://ko.wikisource.org/wiki/%EC%86%90%EA%B0%80%EB%9D%BD,본문/수필/이광수 - 손가락 (1924-09-01).txt
시계열,1924-10-01,발표 월,소설,고국,최서해,3424,https://ko.wikisource.org/wiki/%EA%B3%A0%EA%B5%AD,본문/소설/최서해 - 고국 (1924-10-01).txt
시계열,1924-10-01,발표 월,시,귀뜨라미,방정환,102,https://ko.wikisource.org/wiki/%EA%B7%80%EB%9C%A8%EB%9D%BC%EB%AF%B8,본문/시/방정환 - 귀뜨라미 (1924-10-01).txt
시계열,1924-10-01,발표 월,수필,어린 영혼,이광수,4814,https://ko.wikisource.org/wiki/%EC%96%B4%EB%A6%B0_%EC%98%81%ED%98%BC,본문/수필/이광수 - 어린 영혼 (1924-10-01).txt
시계열,1924-11-01,발표 월,소설,재생,이광수,273788,https://ko.wikisource.org/wiki/%EC%9E%AC%EC%83%9D_%28%EC%9D%B4%EA%B4%91%EC%88%98%29,본문/소설/이광수 - 재생 (1924-11-01).txt
시계열,1924-12-01,발표 월,시,늙은 잠자리,방정환,98,https://ko.wikisource.org/wiki/%EB%8A%99%EC%9D%80_%EC%9E%A0%EC%9E%90%EB%A6%AC,본문/시/방정환 - 늙은 잠자리 (1924-12-01).txt
시계열,1924-12-01,발표 월,시,방문 거절,이상화,247,https://ko.wikisource.org/wiki/%EB%B0%A9%EB%AC%B8_%EA%B1%B0%EC%A0%88,본문/시/이상화 - 방문 거절 (1924-12-01).txt
시계열,1924-12-01,발표 월,단편소설,어떤 아침,이광수,3380,https://ko.wikisource.org/wiki/%EC%96%B4%EB%96%A4_%EC%95%84%EC%B9%A8,본문/단편소설/이광수 - 어떤 아침 (1924-12-01).txt
시계열,1924-12-01,발표 월,수필,연분,이광수,3802,https://ko.wikisource.org/wiki/%EC%97%B0%EB%B6%84,본문/수필/이광수 - 연분 (1924-12-01).txt
시계열,1924-12-01,발표 월,시,지반정경,이상화,544,https://ko.wikisource.org/wiki/%EC%A7%80%EB%B0%98_%EC%A0%95%EA%B2%BD,본문/시/이상화 - 지반정경 (1924-12-01).txt
시계열,1924-12-01,발표 월,시,허무교도(虛無敎徒)의 찬송가,이상화,545,https://ko.wikisource.org/wiki/%ED%97%88%EB%AC%B4_%EA%B5%90%EB%8F%84%EC%9D%98_%EC%B0%AC%EC%86%A1%EA%B0%80,본문/시/이상화 - 허무교도(虛無敎徒)의 찬송가 (1924-12-01).txt
시계열,1925-01-01,발표 연도,단편소설,B사감과 러브레터,현진건,3973,https://ko.wikisource.org/wiki/B%EC%82%AC%EA%B0%90%EA%B3%BC_%EB%9F%AC%EB%B8%8C%EB%A0%88%ED%84%B0,본문/단편소설/현진건 - B사감과 러브레터 (1925-01-01).txt
시계열,1925-01-01,발표 연도,소설,J 의사의 고백,나도향,10706,https://ko.wikisource.org/wiki/J_%EC%9D%98%EC%82%AC%EC%9D%98_%EA%B3%A0%EB%B0%B1,본문/소설/나도향 - J 의사의 고백 (1925-01-01).txt
시계열,1925-01-01,발표 월,단편소설,X氏,김동인,1341,https://ko.wikisource.org/wiki/X%EC%94%A8,본문/단편소설/김동인 - X氏 (1925-01-01).txt
시계열,1925-01-01,발표 연도,시,가을,강경애,174,https://ko.wikisource.org/wiki/%EA%B0%80%EC%9D%84_%28%EA%B0%95%EA%B2%BD%EC%95%A0%29,본문/시/강경애 - 가을 (1925-01-01).txt
시계열,1925-01-01,발표 연도,수필,가을이 왔다,최남선,1913,https://ko.wikisource.org/wiki/%EA%B0%80%EC%9D%84%EC%9D%B4_%EC%99%94%EB%8B%A4,본문/수필/최남선 - 가을이 왔다 (1925-01-01).txt
시계열,1925-01-01,발표 월,시,가장 비통(悲痛)한 기욕,이상화,219,https://ko.wikisource.org/wiki/%EA%B0%80%EC%9E%A5_%EB%B9%84%ED%86%B5%ED%95%9C_%EA%B8%B0%EC%9A%95,본문/시/이상화 - 가장 비통(悲痛)한 기욕 (1925-01-01).txt
시계열,1925-01-01,발표 연도,단편소설,감자,김동인,4648,https://ko.wikisource.org/wiki/%EA%B0%90%EC%9E%90,본문/단편소설/김동인 - 감자 (1925-01-01).txt
시계열,1925-01-01,수록 문집 간행 연도,동화,개구리 왕자,이정호,3417,https://ko.wikisource.org/wiki/%EC%84%B8%EA%B3%84%EC%9D%BC%EC%A3%BC_%EB%8F%99%ED%99%94%EC%A7%91/%EA%B0%9C%EA%B5%AC%EB%A6%AC_%EC%99%95%EC%9E%90,본문/동화/이정호 - 개구리 왕자 (1925-01-01).txt
시계열,1925-01-01,발표 연도,소설,계집 하인,나도향,6042,https://ko.wikisource.org/wiki/%EA%B3%84%EC%A7%91_%ED%95%98%EC%9D%B8,본문/소설/나도향 - 계집 하인 (1925-01-01).txt
시계열,1925-01-01,수록 문집 간행 연도,동화,고양이와 개,이정호,5042,https://ko.wikisource.org/wiki/%EC%84%B8%EA%B3%84%EC%9D%BC%EC%A3%BC_%EB%8F%99%ED%99%94%EC%A7%91/%EA%B3%A0%EC%96%91%EC%9D%B4%EC%99%80_%EA%B0%9C,본문/동화/이정호 - 고양이와 개 (1925-01-01).txt
시계열,1925-01-01,수록 문집 간행 연도,시,곡(哭) 폐허,김동환,673,https://ko.wikisource.org/wiki/%EA%B5%AD%EA%B2%BD%EC%9D%98_%EB%B0%A4/%EA%B3%A1_%ED%8F%90%ED%97%88,본문/시/김동환 - 곡(哭) 폐허 (1925-01-01).txt
시계열,1925-01-01,수록 문집 간행 연도,동화,곡구스 곡구스,이정호,2124,https://ko.wikisource.org/wiki/%EC%84%B8%EA%B3%84%EC%9D%BC%EC%A3%BC_%EB%8F%99%ED%99%94%EC%A7%91/%EA%B3%A1%EA%B5%AC%EC%8A%A4_%EA%B3%A1%EA%B5%AC%EC%8A%A4,본문/동화/이정호 - 곡구스 곡구스 (1925-01-01).txt
시계열,1925-01-01,수록 문집 간행 연도,시,국경의 밤,김동환,14182,https://ko.wikisource.org/wiki/%EA%B5%AD%EA%B2%BD%EC%9D%98_%EB%B0%A4/%EA%B5%AD%EA%B2%BD%EC%9D%98_%EB%B0%A4,본문/시/김동환 - 국경의 밤 (1925-01-01).txt
시계열,1925-01-01,수록 문집 간행 연도,시,귀여운 내 수리,김명순,237,https://ko.wikisource.org/wiki/%EC%83%9D%EB%AA%85%EC%9D%98_%EA%B3%BC%EC%8B%A4/%EA%B7%80%EC%97%AC%EC%9A%B4_%EB%82%B4_%EC%88%98%EB%A6%AC,본문/시/김명순 - 귀여운 내 수리 (1925-01-01).txt
시계열,1925-01-01,발표 월,수필,그믐달,나도향,653,https://ko.wikisource.org/wiki/%EA%B7%B8%EB%AF%90%EB%8B%AC_%28%EB%82%98%EB%8F%84%ED%96%A5%29,본문/수필/나도향 - 그믐달 (1925-01-01).txt
시계열,1925-01-01,수록 문집 간행 연도,시,그쳐요,김명순,162,https://ko.wikisource.org/wiki/%EC%83%9D%EB%AA%85%EC%9D%98_%EA%B3%BC%EC%8B%A4/%EA%B7%B8%EC%B3%90%EC%9A%94,본문/시/김명순 - 그쳐요 (1925-01-01).txt
시계열,1925-01-01,수록 문집 간행 연도,시,기도,김명순,79,https://ko.wikisource.org/wiki/%EC%83%9D%EB%AA%85%EC%9D%98_%EA%B3%BC%EC%8B%A4/%EA%B8%B0%EB%8F%84,본문/시/김명순 - 기도 (1925-01-01).txt
시계열,1925-01-01,저자 문서 발표 연도,소설,기아,최서해,7589,https://ko.wikisource.org/wiki/%EA%B8%B0%EC%95%84,본문/소설/최서해 - 기아 (1925-01-01).txt
시계열,1925-01-01,수록 문집 간행 연도,시,길,김명순,147,https://ko.wikisource.org/wiki/%EC%83%9D%EB%AA%85%EC%9D%98_%EA%B3%BC%EC%8B%A4/%EA%B8%B8,본문/시/김명순 - 길 (1925-01-01).txt
시계열,1925-01-01,수록 문집 간행 연도,동화,꽃의 여신,이정호,3120,https://ko.wikisource.org/wiki/%EC%84%B8%EA%B3%84%EC%9D%BC%EC%A3%BC_%EB%8F%99%ED%99%94%EC%A7%91/%EA%BD%83%EC%9D%98_%EC%97%AC%EC%8B%A0,본문/동화/이정호 - 꽃의 여신 (1925-01-01).txt
시계열,1925-01-01,저자 문서 발표 연도,단편소설,꿈,나도향,10474,https://ko.wikisource.org/wiki/%EA%BF%88_%28%EB%82%98%EB%8F%84%ED%96%A5%29,본문/단편소설/나도향 - 꿈 (1925-01-01).txt
시계열,1925-01-01,수록 문집 간행 연도,시,꿈,김명순,85,https://ko.wikisource.org/wiki/%EC%83%9D%EB%AA%85%EC%9D%98_%EA%B3%BC%EC%8B%A4/%EA%BF%88,본문/시/김명순 - 꿈 (1925-01-01).txt
시계열,1925-01-01,수록 문집 간행 연도,시,꿈을 따라갔더니,김동환,163,https://ko.wikisource.org/wiki/%EA%B5%AD%EA%B2%BD%EC%9D%98_%EB%B0%A4/%EA%BF%88%EC%9D%84_%EB%94%B0%EB%9D%BC_%EA%B0%94%EB%8D%94%EB%8B%88,본문/시/김동환 - 꿈을 따라갔더니 (1925-01-01).txt
시계열,1925-01-01,수록 문집 간행 연도,시,남방,김명순,263,https://ko.wikisource.org/wiki/%EC%83%9D%EB%AA%85%EC%9D%98_%EA%B3%BC%EC%8B%A4/%EB%82%A8%EB%B0%A9,본문/시/김명순 - 남방 (1925-01-01).txt
시계열,1925-01-01,수록 문집 간행 연도,시,내 가슴에,김명순,228,https://ko.wikisource.org/wiki/%EC%83%9D%EB%AA%85%EC%9D%98_%EA%B3%BC%EC%8B%A4/%EB%82%B4_%EA%B0%80%EC%8A%B4%EC%97%90,본문/시/김명순 - 내 가슴에 (1925-01-01).txt
시계열,1925-01-01,발표 월,수필,내가 꾸미는 여인,이효석,886,https://ko.wikisource.org/wiki/%EB%82%B4%EA%B0%80_%EA%BE%B8%EB%AF%B8%EB%8A%94_%EC%97%AC%EC%9D%B8,본문/수필/이효석 - 내가 꾸미는 여인 (1925-01-01).txt
시계열,1925-01-01,수록 문집 간행 연도,동화,노랑 수선화,이정호,2397,https://ko.wikisource.org/wiki/%EC%84%B8%EA%B3%84%EC%9D%BC%EC%A3%BC_%EB%8F%99%ED%99%94%EC%A7%91/%EB%85%B8%EB%9E%91_%EC%88%98%EC%84%A0%ED%99%94,본문/동화/이정호 - 노랑 수선화 (1925-01-01).txt
시계열,1925-01-01,수록 문집 간행 연도,동화,눈먼 용사 삼손,이정호,3001,https://ko.wikisource.org/wiki/%EC%84%B8%EA%B3%84%EC%9D%BC%EC%A3%BC_%EB%8F%99%ED%99%94%EC%A7%91/%EB%88%88%EB%A8%BC_%EC%9A%A9%EC%82%AC_%EC%82%BC%EC%86%90,본문/동화/이정호 - 눈먼 용사 삼손 (1925-01-01).txt
시계열,1925-01-01,수록 문집 간행 연도,시,눈이 내리느니,김동환,354,https://ko.wikisource.org/wiki/%EA%B5%AD%EA%B2%BD%EC%9D%98_%EB%B0%A4/%EB%88%88%EC%9D%B4_%EB%82%B4%EB%A6%AC%EB%8A%90%EB%8B%88,본문/시/김동환 - 눈이 내리느니 (1925-01-01).txt
시계열,1925-01-01,발표 월,수필,단상(斷想) 두 개,나도향,701,https://ko.wikisource.org/wiki/%EB%8B%A8%EC%83%81_%EB%91%90_%EA%B0%9C,본문/수필/나도향 - 단상(斷想) 두 개 (1925-01-01).txt
시계열,1925-01-01,수록 문집 간행 연도,시,도토리,김동환,190,https://ko.wikisource.org/wiki/%EA%B5%AD%EA%B2%BD%EC%9D%98_%EB%B0%A4/%EB%8F%84%ED%86%A0%EB%A6%AC,본문/시/김동환 - 도토리 (1925-01-01).txt
시계열,1925-01-01,수록 문집 간행 연도,동화,동생을 찾으려,이정호,3402,https://ko.wikisource.org/wiki/%EC%84%B8%EA%B3%84%EC%9D%BC%EC%A3%BC_%EB%8F%99%ED%99%94%EC%A7%91/%EB%8F%99%EC%83%9D%EC%9D%84_%EC%B0%BE%EC%9C%BC%EB%A0%A4,본문/동화/이정호 - 동생을 찾으려 (1925-01-01).txt
시계열,1925-01-01,수록 문집 간행 연도,시,들리는 소리를,김명순,377,https://ko.wikisource.org/wiki/%EC%83%9D%EB%AA%85%EC%9D%98_%EA%B3%BC%EC%8B%A4/%EB%93%A4%EB%A6%AC%EB%8A%94_%EC%86%8C%EB%A6%AC%EB%A5%BC,본문/시/김명순 - 들리는 소리를 (1925-01-01).txt
시계열,1925-01-01,수록 문집 간행 연도,동화,땅속의 보물,이정호,3397,https://ko.wikisource.org/wiki/%EC%84%B8%EA%B3%84%EC%9D%BC%EC%A3%BC_%EB%8F%99%ED%99%94%EC%A7%91/%EB%95%85%EC%86%8D%EC%9D%98_%EB%B3%B4%EB%AC%BC,본문/동화/이정호 - 땅속의 보물 (1925-01-01).txt
시계열,1925-01-01,수록 문집 간행 연도,동화,로도뻬의 구두,이정호,2507,https://ko.wikisource.org/wiki/%EC%84%B8%EA%B3%84%EC%9D%BC%EC%A3%BC_%EB%8F%99%ED%99%94%EC%A7%91/%EB%A1%9C%EB%8F%84%EB%BB%AC%EC%9D%98_%EA%B5%AC%EB%91%90,본문/동화/이정호 - 로도뻬의 구두 (1925-01-01).txt
시계열,1925-01-01,수록 문집 간행 연도,동화,루스데무 용사,이정호,4165,https://ko.wikisource.org/wiki/%EC%84%B8%EA%B3%84%EC%9D%BC%EC%A3%BC_%EB%8F%99%ED%99%94%EC%A7%91/%EB%A3%A8%EC%8A%A4%EB%8D%B0%EB%AC%B4_%EC%9A%A9%EC%82%AC,본문/동화/이정호 - 루스데무 용사 (1925-01-01).txt
시계열,1925-01-01,수록 문집 간행 연도,동화,마귀의 나라,이정호,4105,https://ko.wikisource.org/wiki/%EC%84%B8%EA%B3%84%EC%9D%BC%EC%A3%BC_%EB%8F%99%ED%99%94%EC%A7%91/%EB%A7%88%EA%B7%80%EC%9D%98_%EB%82%98%EB%9D%BC,본문/동화/이정호 - 마귀의 나라 (1925-01-01).txt
시계열,1925-01-01,수록 문집 간행 연도,동화,마귀의 마음,이정호,4393,https://ko.wikisource.org/wiki/%EC%84%B8%EA%B3%84%EC%9D%BC%EC%A3%BC_%EB%8F%99%ED%99%94%EC%A7%91/%EB%A7%88%EA%B7%80%EC%9D%98_%EB%A7%88%EC%9D%8C,본문/동화/이정호 - 마귀의 마음 (1925-01-01).txt
시계열,1925-01-01,수록 문집 간행 연도,동화,마녀의 능금,이정호,2421,https://ko.wikisource.org/wiki/%EC%84%B8%EA%B3%84%EC%9D%BC%EC%A3%BC_%EB%8F%99%ED%99%94%EC%A7%91/%EB%A7%88%EB%85%80%EC%9D%98_%EB%8A%A5%EA%B8%88,본문/동화/이정호 - 마녀의 능금 (1925-01-01).txt
시계열,1925-01-01,수록 문집 간행 연도,동화,머리말씀,이정호,1712,https://ko.wikisource.org/wiki/%EC%84%B8%EA%B3%84%EC%9D%BC%EC%A3%BC_%EB%8F%99%ED%99%94%EC%A7%91/%EB%A8%B8%EB%A6%AC%EB%A7%90%EC%94%80,본문/동화/이정호 - 머리말씀 (1925-01-01).txt
시계열,1925-01-01,저자 문서 발표 연도,단편소설,명문,김동인,7885,https://ko.wikisource.org/wiki/%EB%AA%85%EB%AC%B8,본문/단편소설/김동인 - 명문 (1925-01-01).txt
시계열,1925-01-01,수록 문집 간행 연도,시,무제,김명순,165,https://ko.wikisource.org/wiki/%EC%83%9D%EB%AA%85%EC%9D%98_%EA%B3%BC%EC%8B%A4/%EB%AC%B4%EC%A0%9C,본문/시/김명순 - 무제 (1925-01-01).txt
시계열,1925-01-01,수록 문집 간행 연도,시,물결,김동환,770,https://ko.wikisource.org/wiki/%EA%B5%AD%EA%B2%BD%EC%9D%98_%EB%B0%A4/%EB%AC%BC%EA%B2%B0,본문/시/김동환 - 물결 (1925-01-01).txt
시계열,1925-01-01,수록 문집 간행 연도,동화,미련한 곰과 꾀바른 여우,이정호,2673,https://ko.wikisource.org/wiki/%EC%84%B8%EA%B3%84%EC%9D%BC%EC%A3%BC_%EB%8F%99%ED%99%94%EC%A7%91/%EB%AF%B8%EB%A0%A8%ED%95%9C_%EA%B3%B0%EA%B3%BC_%EA%BE%80%EB%B0%94%EB%A5%B8_%EC%97%AC%EC%9A%B0,본문/동화/이정호 - 미련한 곰과 꾀바른 여우 (1925-01-01).txt
시계열,1925-01-01,수록 문집 간행 연도,시,밀어,김명순,62,https://ko.wikisource.org/wiki/%EC%83%9D%EB%AA%85%EC%9D%98_%EA%B3%BC%EC%8B%A4/%EB%B0%80%EC%96%B4,본문/시/김명순 - 밀어 (1925-01-01).txt
시계열,1925-01-01,수록 문집 간행 연도,시,바람과 노래,김명순,66,https://ko.wikisource.org/wiki/%EC%83%9D%EB%AA%85%EC%9D%98_%EA%B3%BC%EC%8B%A4/%EB%B0%94%EB%9E%8C%EA%B3%BC_%EB%85%B8%EB%9E%98,본문/시/김명순 - 바람과 노래 (1925-01-01).txt
시계열,1925-01-01,수록 문집 간행 연도,시,방화범,김동환,216,https://ko.wikisource.org/wiki/%EA%B5%AD%EA%B2%BD%EC%9D%98_%EB%B0%A4/%EB%B0%A9%ED%99%94%EB%B2%94,본문/시/김동환 - 방화범 (1925-01-01).txt
시계열,1925-01-01,발표 월,수필,별호,나도향,1462,https://ko.wikisource.org/wiki/%EB%B3%84%ED%98%B8,본문/수필/나도향 - 별호 (1925-01-01).txt
시계열,1925-01-01,저자 문서 발표 연도,소설,보석반지,최서해,10413,https://ko.wikisource.org/wiki/%EB%B3%B4%EC%84%9D%EB%B0%98%EC%A7%80,본문/소설/최서해 - 보석반지 (1925-01-01).txt
시계열,1925-01-01,수록 문집 간행 연도,시,북청(北靑) 물장사,김동환,117,https://ko.wikisource.org/wiki/%EA%B5%AD%EA%B2%BD%EC%9D%98_%EB%B0%A4/%EB%B6%81%EC%B2%AD_%EB%AC%BC%EC%9E%A5%EC%88%98,본문/시/김동환 - 북청(北靑) 물장사 (1925-01-01).txt
시계열,1925-01-01,수록 문집 간행 연도,시,분신,김명순,294,https://ko.wikisource.org/wiki/%EC%83%9D%EB%AA%85%EC%9D%98_%EA%B3%BC%EC%8B%A4/%EB%B6%84%EC%8B%A0,본문/시/김명순 - 분신 (1925-01-01).txt
시계열,1925-01-01,저자 문서 발표 연도,단편소설,불,현진건,5011,https://ko.wikisource.org/wiki/%EB%B6%88,본문/단편소설/현진건 - 불 (1925-01-01).txt
시계열,1925-01-01,발표 월,시,비음,이상화,160,https://ko.wikisource.org/wiki/%EB%B9%84%EC%9D%8C,본문/시/이상화 - 비음 (1925-01-01).txt
시계열,1925-01-01,발표 월,시,빈촌(貧村)의 밤,이상화,123,https://ko.wikisource.org/wiki/%EB%B9%88%EC%B4%8C%EC%9D%98_%EB%B0%A4,본문/시/이상화 - 빈촌(貧村)의 밤 (1925-01-01).txt
시계열,1925-01-01,수록 문집 간행 연도,동화,빨간 머리털,이정호,3273,https://ko.wikisource.org/wiki/%EC%84%B8%EA%B3%84%EC%9D%BC%EC%A3%BC_%EB%8F%99%ED%99%94%EC%A7%91/%EB%B9%A8%EA%B0%84_%EB%A8%B8%EB%A6%AC%ED%84%B8,본문/동화/이정호 - 빨간 머리털 (1925-01-01).txt
시계열,1925-01-01,발표 연도,수필,사라지지 않는 기억,방정환,815,https://ko.wikisource.org/wiki/%EC%82%AC%EB%9D%BC%EC%A7%80%EC%A7%80_%EC%95%8A%EB%8A%94_%EA%B8%B0%EC%96%B5,본문/수필/방정환 - 사라지지 않는 기억 (1925-01-01).txt
시계열,1925-01-01,발표 연도,소설,사랑에 주렸던 이들,이광수,11738,https://ko.wikisource.org/wiki/%EC%82%AC%EB%9E%91%EC%97%90_%EC%A3%BC%EB%A0%B8%EB%8D%98_%EC%9D%B4%EB%93%A4,본문/소설/이광수 - 사랑에 주렸던 이들 (1925-01-01).txt
시계열,1925-01-01,수록 문집 간행 연도,시,사랑하는 이의 이름,김명순,184,https://ko.wikisource.org/wiki/%EC%83%9D%EB%AA%85%EC%9D%98_%EA%B3%BC%EC%8B%A4/%EC%82%AC%EB%9E%91%ED%95%98%EB%8A%94_%EC%9D%B4%EC%9D%98_%EC%9D%B4%EB%A6%84,본문/시/김명순 - 사랑하는 이의 이름 (1925-01-01).txt
시계열,1925-01-01,수록 문집 간행 연도,동화,사슴과 자라와 올빼미,이정호,2487,https://ko.wikisource.org/wiki/%EC%84%B8%EA%B3%84%EC%9D%BC%EC%A3%BC_%EB%8F%99%ED%99%94%EC%A7%91/%EC%82%AC%EC%8A%B4%EA%B3%BC_%EC%9E%90%EB%9D%BC%EC%99%80_%EC%98%AC%EB%B9%BC%EB%AF%B8,본문/동화/이정호 - 사슴과 자라와 올빼미 (1925-01-01).txt
시계열,1925-01-01,수록 문집 간행 연도,동화,사슴의 변화,이정호,3281,https://ko.wikisource.org/wiki/%EC%84%B8%EA%B3%84%EC%9D%BC%EC%A3%BC_%EB%8F%99%ED%99%94%EC%A7%91/%EC%82%AC%EC%8A%B4%EC%9D%98_%EB%B3%80%ED%99%94,본문/동화/이정호 - 사슴의 변화 (1925-01-01).txt
시계열,1925-01-01,수록 문집 간행 연도,동화,생쥐의 보은,이정호,2547,https://ko.wikisource.org/wiki/%EC%84%B8%EA%B3%84%EC%9D%BC%EC%A3%BC_%EB%8F%99%ED%99%94%EC%A7%91/%EC%83%9D%EC%A5%90%EC%9D%98_%EB%B3%B4%EC%9D%80,본문/동화/이정호 - 생쥐의 보은 (1925-01-01).txt
시계열,1925-01-01,수록 문집 간행 연도,시,서시,파인,60,https://ko.wikisource.org/wiki/%EA%B5%AD%EA%B2%BD%EC%9D%98_%EB%B0%A4/%EC%84%9C%EC%8B%9C,본문/시/파인 - 서시 (1925-01-01).txt
시계열,1925-01-01,수록 문집 간행 연도,시,선구자,김동환,179,https://ko.wikisource.org/wiki/%EA%B5%AD%EA%B2%BD%EC%9D%98_%EB%B0%A4/%EC%84%A0%EA%B5%AC%EC%9E%90,본문/시/김동환 - 선구자 (1925-01-01).txt
시계열,1925-01-01,수록 문집 간행 연도,동화,선물 아닌 선물,이정호,2462,https://ko.wikisource.org/wiki/%EC%84%B8%EA%B3%84%EC%9D%BC%EC%A3%BC_%EB%8F%99%ED%99%94%EC%A7%91/%EC%84%A0%EB%AC%BC_%EC%95%84%EB%8B%8C_%EC%84%A0%EB%AC%BC,본문/동화/이정호 - 선물 아닌 선물 (1925-01-01).txt
시계열,1925-01-01,발표 월,동화,소문만복래,방정환,6788,https://ko.wikisource.org/wiki/%EC%86%8C%EB%AC%B8%EB%A7%8C%EB%B3%B5%EB%9E%98,본문/동화/방정환 - 소문만복래 (1925-01-01).txt
시계열,1925-01-01,수록 문집 간행 연도,시,소소,김명순,106,https://ko.wikisource.org/wiki/%EC%83%9D%EB%AA%85%EC%9D%98_%EA%B3%BC%EC%8B%A4/%EC%86%8C%EC%86%8C,본문/시/김명순 - 소소 (1925-01-01).txt
시계열,1925-01-01,수록 문집 간행 연도,시,손님,김동환,1824,https://ko.wikisource.org/wiki/%EA%B5%AD%EA%B2%BD%EC%9D%98_%EB%B0%A4/%EC%86%90%EB%8B%98,본문/시/김동환 - 손님 (1925-01-01).txt
시계열,1925-01-01,수록 문집 간행 연도,동화,숲속의 여신,이정호,1988,https://ko.wikisource.org/wiki/%EC%84%B8%EA%B3%84%EC%9D%BC%EC%A3%BC_%EB%8F%99%ED%99%94%EC%A7%91/%EC%88%B2%EC%86%8D%EC%9D%98_%EC%97%AC%EC%8B%A0,본문/동화/이정호 - 숲속의 여신 (1925-01-01).txt
시계열,1925-01-01,수록 문집 간행 연도,동화,슬기 있는 소년,이정호,3155,https://ko.wikisource.org/wiki/%EC%84%B8%EA%B3%84%EC%9D%BC%EC%A3%BC_%EB%8F%99%ED%99%94%EC%A7%91/%EC%8A%AC%EA%B8%B0_%EC%9E%88%EB%8A%94_%EC%86%8C%EB%85%84,본문/동화/이정호 - 슬기 있는 소년 (1925-01-01).txt
시계열,1925-01-01,저자 문서 발표 연도,단편소설,시골 황서방,김동인,3490,https://ko.wikisource.org/wiki/%EC%8B%9C%EA%B3%A8_%ED%99%A9%EC%84%9C%EB%B0%A9,본문/단편소설/김동인 - 시골 황서방 (1925-01-01).txt
시계열,1925-01-01,수록 문집 간행 연도,시,싸움,김명순,222,https://ko.wikisource.org/wiki/%EC%83%9D%EB%AA%85%EC%9D%98_%EA%B3%BC%EC%8B%A4/%EC%8B%B8%EC%9B%80,본문/시/김명순 - 싸움 (1925-01-01).txt
시계열,1925-01-01,발표 월,시,어머니의 웃음,이상화,125,https://ko.wikisource.org/wiki/%EC%96%B4%EB%A8%B8%EB%8B%88%EC%9D%98_%EC%9B%83%EC%9D%8C,본문/시/이상화 - 어머니의 웃음 (1925-01-01).txt
시계열,1925-01-01,수록 문집 간행 연도,동화,여우와 사자,이정호,2553,https://ko.wikisource.org/wiki/%EC%84%B8%EA%B3%84%EC%9D%BC%EC%A3%BC_%EB%8F%99%ED%99%94%EC%A7%91/%EC%97%AC%EC%9A%B0%EC%99%80_%EC%82%AC%EC%9E%90,본문/동화/이정호 - 여우와 사자 (1925-01-01).txt
시계열,1925-01-01,발표 월,수필,여인,이효석,958,https://ko.wikisource.org/wiki/%EC%97%AC%EC%9D%B8,본문/수필/이효석 - 여인 (1925-01-01).txt
시계열,1925-01-01,수록 문집 간행 연도,시,영탄,김동환,203,https://ko.wikisource.org/wiki/%EA%B5%AD%EA%B2%BD%EC%9D%98_%EB%B0%A4/%EC%98%81%ED%83%84,본문/시/김동환 - 영탄 (1925-01-01).txt
시계열,1925-01-01,수록 문집 간행 연도,시,옛날의 노래여,김명순,354,https://ko.wikisource.org/wiki/%EC%83%9D%EB%AA%85%EC%9D%98_%EA%B3%BC%EC%8B%A4/%EC%98%9B%EB%82%A0%EC%9D%98_%EB%85%B8%EB%9E%98%EC%97%AC,본문/시/김명순 - 옛날의 노래여 (1925-01-01).txt
시계열,1925-01-01,발표 연도,시,오늘엔 날더러 서방님 하지만,나도향,90,https://ko.wikisource.org/wiki/%EC%98%A4%EB%8A%98%EC%97%94_%EB%82%A0%EB%8D%94%EB%9F%AC_%EC%84%9C%EB%B0%A9%EB%8B%98_%ED%95%98%EC%A7%80%EB%A7%8C,본문/시/나도향 - 오늘엔 날더러 서방님 하지만 (1925-01-01).txt
시계열,1925-01-01,수록 문집 간행 연도,동화,옥희의 효성,이정호,3158,https://ko.wikisource.org/wiki/%EC%84%B8%EA%B3%84%EC%9D%BC%EC%A3%BC_%EB%8F%99%ED%99%94%EC%A7%91/%EC%98%A5%ED%9D%AC%EC%9D%98_%ED%9A%A8%EC%84%B1,본문/동화/이정호 - 옥희의 효성 (1925-01-01).txt
시계열,1925-01-01,발표 연도,시,옷과 밥과 자유,김소월,84,https://ko.wikisource.org/wiki/%EC%98%B7%EA%B3%BC_%EB%B0%A5%EA%B3%BC_%EC%9E%90%EC%9C%A0,본문/시/김소월 - 옷과 밥과 자유 (1925-01-01).txt
시계열,1925-01-01,수록 문집 간행 연도,시,외로움의 부름,김명순,242,https://ko.wikisource.org/wiki/%EC%83%9D%EB%AA%85%EC%9D%98_%EA%B3%BC%EC%8B%A4/%EC%99%B8%EB%A1%9C%EC%9B%80%EC%9D%98_%EB%B6%80%EB%A6%84,본문/시/김명순 - 외로움의 부름 (1925-01-01).txt
시계열,1925-01-01,수록 문집 간행 연도,시,울 수도 없거든,김동환,411,https://ko.wikisource.org/wiki/%EA%B5%AD%EA%B2%BD%EC%9D%98_%EB%B0%A4/%EC%9A%B8_%EC%88%98%EB%8F%84_%EC%97%86%EA%B1%B0%EB%93%A0,본문/시/김동환 - 울 수도 없거든 (1925-01-01).txt
시계열,1925-01-01,수록 문집 간행 연도,동화,원숭이와 게의 싸움,이정호,2723,https://ko.wikisource.org/wiki/%EC%84%B8%EA%B3%84%EC%9D%BC%EC%A3%BC_%EB%8F%99%ED%99%94%EC%A7%91/%EC%9B%90%EC%88%AD%EC%9D%B4%EC%99%80_%EA%B2%8C%EC%9D%98_%EC%8B%B8%EC%9B%80,본문/동화/이정호 - 원숭이와 게의 싸움 (1925-01-01).txt
시계열,1925-01-01,수록 문집 간행 연도,동화,월계처녀,이정호,3204,https://ko.wikisource.org/wiki/%EC%84%B8%EA%B3%84%EC%9D%BC%EC%A3%BC_%EB%8F%99%ED%99%94%EC%A7%91/%EC%9B%94%EA%B3%84%EC%B2%98%EB%85%80,본문/동화/이정호 - 월계처녀 (1925-01-01).txt
시계열,1925-01-01,수록 문집 간행 연도,시,유리관 속에,김명순,177,https://ko.wikisource.org/wiki/%EC%83%9D%EB%AA%85%EC%9D%98_%EA%B3%BC%EC%8B%A4/%EC%9C%A0%EB%A6%AC%EA%B4%80_%EC%86%8D%EC%97%90,본문/시/김명순 - 유리관 속에 (1925-01-01).txt
시계열,1925-01-01,수록 문집 간행 연도,시,유언,김명순,113,https://ko.wikisource.org/wiki/%EC%83%9D%EB%AA%85%EC%9D%98_%EA%B3%BC%EC%8B%A4/%EC%9C%A0%EC%96%B8,본문/시/김명순 - 유언 (1925-01-01).txt
시계열,1925-01-01,수록 문집 간행 연도,동화,의좋은 두 양주,이정호,3634,https://ko.wikisource.org/wiki/%EC%84%B8%EA%B3%84%EC%9D%BC%EC%A3%BC_%EB%8F%99%ED%99%94%EC%A7%91/%EC%9D%98%EC%A2%8B%EC%9D%80_%EB%91%90_%EC%96%91%EC%A3%BC,본문/동화/이정호 - 의좋은 두 양주 (1925-01-01).txt
시계열,1925-01-01,수록 문집 간행 연도,동화,이상한 술잔,이정호,4455,https://ko.wikisource.org/wiki/%EC%84%B8%EA%B3%84%EC%9D%BC%EC%A3%BC_%EB%8F%99%ED%99%94%EC%A7%91/%EC%9D%B4%EC%83%81%ED%95%9C_%EC%88%A0%EC%9E%94,본문/동화/이정호 - 이상한 술잔 (1925-01-01).txt
시계열,1925-01-01,발표 월,수필,잊음의 나라로,이광수,3962,https://ko.wikisource.org/wiki/%EC%9E%8A%EC%9D%8C%EC%9D%98_%EB%82%98%EB%9D%BC%EB%A1%9C,본문/수필/이광수 - 잊음의 나라로 (1925-01-01).txt
시계열,1925-01-01,수록 문집 간행 연도,동화,작은이의 궁전,이정호,2803,https://ko.wikisource.org/wiki/%EC%84%B8%EA%B3%84%EC%9D%BC%EC%A3%BC_%EB%8F%99%ED%99%94%EC%A7%91/%EC%9E%91%EC%9D%80%EC%9D%B4%EC%9D%98_%EA%B6%81%EC%A0%84,본문/동화/이정호 - 작은이의 궁전 (1925-01-01).txt
시계열,1925-01-01,수록 문집 간행 연도,시,재롱,김명순,105,https://ko.wikisource.org/wiki/%EC%83%9D%EB%AA%85%EC%9D%98_%EA%B3%BC%EC%8B%A4/%EC%9E%AC%EB%A1%B1,본문/시/김명순 - 재롱 (1925-01-01).txt
시계열,1925-01-01,수록 문집 간행 연도,시,저주,김명순,194,https://ko.wikisource.org/wiki/%EC%83%9D%EB%AA%85%EC%9D%98_%EA%B3%BC%EC%8B%A4/%EC%A0%80%EC%A3%BC,본문/시/김명순 - 저주 (1925-01-01).txt
시계열,1925-01-01,발표 연도,단편소설,정희,김동인,12706,https://ko.wikisource.org/wiki/%EC%A0%95%ED%9D%AC,본문/단편소설/김동인 - 정희 (1925-01-01).txt
시계열,1925-01-01,발표 월,시,조소,이상화,99,https://ko.wikisource.org/wiki/%EC%A1%B0%EC%86%8C,본문/시/이상화 - 조소 (1925-01-01).txt
시계열,1925-01-01,수록 문집 간행 연도,시,주영의 고백,김동환,248,https://ko.wikisource.org/wiki/%EA%B5%AD%EA%B2%BD%EC%9D%98_%EB%B0%A4/%EC%A3%BC%EC%98%81%EC%9D%98_%EA%B3%A0%EB%B0%B1,본문/시/김동환 - 주영의 고백 (1925-01-01).txt
시계열,1925-01-01,수록 문집 간행 연도,시,초인(超人)의 선언,김동환,68,https://ko.wikisource.org/wiki/%EA%B5%AD%EA%B2%BD%EC%9D%98_%EB%B0%A4/%EC%B4%88%EC%9D%B8%EC%9D%98_%EC%84%A0%EC%96%B8,본문/시/김동환 - 초인(超人)의 선언 (1925-01-01).txt
시계열,1925-01-01,수록 문집 간행 연도,동화,춤추는 거북이,이정호,1984,https://ko.wikisource.org/wiki/%EC%84%B8%EA%B3%84%EC%9D%BC%EC%A3%BC_%EB%8F%99%ED%99%94%EC%A7%91/%EC%B6%A4%EC%B6%94%EB%8A%94_%EA%B1%B0%EB%B6%81%EC%9D%B4,본문/동화/이정호 - 춤추는 거북이 (1925-01-01).txt
시계열,1925-01-01,수록 문집 간행 연도,시,탄식,김명순,88,https://ko.wikisource.org/wiki/%EC%83%9D%EB%AA%85%EC%9D%98_%EA%B3%BC%EC%8B%A4/%ED%83%84%EC%8B%9D,본문/시/김명순 - 탄식 (1925-01-01).txt
시계열,1925-01-01,수록 문집 간행 연도,시,탄실의 초몽,김명순,405,https://ko.wikisource.org/wiki/%EC%83%9D%EB%AA%85%EC%9D%98_%EA%B3%BC%EC%8B%A4/%ED%83%84%EC%8B%A4%EC%9D%98_%EC%B4%88%EB%AA%BD,본문/시/김명순 - 탄실의 초몽 (1925-01-01).txt
시계열,1925-01-01,수록 문집 간행 연도,동화,탑 속의 공주,이정호,6559,https://ko.wikisource.org/wiki/%EC%84%B8%EA%B3%84%EC%9D%BC%EC%A3%BC_%EB%8F%99%ED%99%94%EC%A7%91/%ED%83%91_%EC%86%8D%EC%9D%98_%EA%B3%B5%EC%A3%BC,본문/동화/이정호 - 탑 속의 공주 (1925-01-01).txt
시계열,1925-01-01,수록 문집 간행 연도,시,표박,김동환,140,https://ko.wikisource.org/wiki/%EA%B5%AD%EA%B2%BD%EC%9D%98_%EB%B0%A4/%ED%91%9C%EB%B0%95,본문/시/김동환 - 표박 (1925-01-01).txt
시계열,1925-01-01,수록 문집 간행 연도,동화,해님 정벌,이정호,2830,https://ko.wikisource.org/wiki/%EC%84%B8%EA%B3%84%EC%9D%BC%EC%A3%BC_%EB%8F%99%ED%99%94%EC%A7%91/%ED%95%B4%EB%8B%98_%EC%A0%95%EB%B2%8C,본문/동화/이정호 - 해님 정벌 (1925-01-01).txt
시계열,1925-01-01,저자 문서 발표 연도,소설,향수,최서해,3283,https://ko.wikisource.org/wiki/%ED%96%A5%EC%88%98_%28%EC%B5%9C%EC%84%9C%ED%95%B4%29,본문/소설/최서해 - 향수 (1925-01-01).txt
시계열,1925-01-02,발표일,수필,낭객의 신년 만필,신채호,5814,https://ko.wikisource.org/wiki/%EB%82%AD%EA%B0%9D%EC%9D%98_%EC%8B%A0%EB%85%84_%EB%A7%8C%ED%95%84,본문/수필/신채호 - 낭객의 신년 만필 (1925-01-02).txt
시계열,1925-02-01,발표 월,소설,눈먼 용사 삼손 이야기,방정환,2687,https://ko.wikisource.org/wiki/%EC%82%BC%EC%86%90_%EC%9D%B4%EC%95%BC%EA%B8%B0,본문/소설/방정환 - 눈먼 용사 삼손 이야기 (1925-02-01).txt
시계열,1925-02-01,발표 월,소설,땅 속으로,조명희,20510,https://ko.wikisource.org/wiki/%EB%95%85_%EC%86%8D%EC%9C%BC%EB%A1%9C,본문/소설/조명희 - 땅 속으로 (1925-02-01).txt
시계열,1925-02-01,발표 월,수필,문단으로 본 경성,나도향,623,https://ko.wikisource.org/wiki/%EB%AC%B8%EB%8B%A8%EC%9C%BC%EB%A1%9C_%EB%B3%B8_%EA%B2%BD%EC%84%B1,본문/수필/나도향 - 문단으로 본 경성 (1925-02-01).txt
시계열,1925-02-01,발표 월,수필,뿌르니 프로니 할 수는 없지만,나도향,145,https://ko.wikisource.org/wiki/%EB%BF%8C%EB%A5%B4%EB%8B%88_%ED%91%B8%EB%A1%9C%EB%8B%88_%ED%95%A0_%EC%88%98%EB%8A%94_%EC%97%86%EC%A7%80%EB%A7%8C,본문/수필/나도향 - 뿌르니 프로니 할 수는 없지만 (1925-02-01).txt
시계열,1925-02-01,발표 월,시,사랑 고개,나도향,65,https://ko.wikisource.org/wiki/%EC%82%AC%EB%9E%91_%EA%B3%A0%EA%B0%9C,본문/시/나도향 - 사랑 고개 (1925-02-01).txt
시계열,1925-02-01,발표 월,시,찾아나 볼까,나도향,121,https://ko.wikisource.org/wiki/%EC%B0%BE%EC%95%84%EB%82%98_%EB%B3%BC%EA%B9%8C,본문/시/나도향 - 찾아나 볼까 (1925-02-01).txt
시계열,1925-03-01,발표 월,수필,出家者의 遺書,이상화,2316,https://ko.wikisource.org/wiki/%EC%B6%9C%EA%B0%80%EC%9E%90%EC%9D%98_%EC%9C%A0%EC%84%9C,본문/수필/이상화 - 出家者의 遺書 (1925-03-01).txt
시계열,1925-03-01,발표 월,단편소설,광란,이익상,7662,https://ko.wikisource.org/wiki/%EA%B4%91%EB%9E%80,본문/단편소설/이익상 - 광란 (1925-03-01).txt
시계열,1925-03-01,발표 월,시,바다의 노래,이상화,155,https://ko.wikisource.org/wiki/%EB%B0%94%EB%8B%A4%EC%9D%98_%EB%85%B8%EB%9E%98,본문/시/이상화 - 바다의 노래 (1925-03-01).txt
시계열,1925-03-01,발표 월,단편소설,어촌,이익상,6647,https://ko.wikisource.org/wiki/%EC%96%B4%EC%B4%8C,본문/단편소설/이익상 - 어촌 (1925-03-01).txt
시계열,1925-03-01,발표 월,시,이별(離別)을 하느니……,이상화,803,https://ko.wikisource.org/wiki/%EC%9D%B4%EB%B3%84%EC%9D%84_%ED%95%98%EB%8A%90%EB%8B%88,본문/시/이상화 - 이별(離別)을 하느니…… (1925-03-01).txt
시계열,1925-03-01,발표 월,단편소설,탈출기,최서해,6588,https://ko.wikisource.org/wiki/%ED%83%88%EC%B6%9C%EA%B8%B0,본문/단편소설/최서해 - 탈출기 (1925-03-01).txt
시계열,1925-03-01,발표 월,시,폭풍우(暴風雨)를 기다리는 마음,이상화,337,https://ko.wikisource.org/wiki/%ED%8F%AD%ED%92%8D%EC%9A%B0%EB%A5%BC_%EA%B8%B0%EB%8B%A4%EB%A6%AC%EB%8A%94_%EB%A7%88%EC%9D%8C,본문/시/이상화 - 폭풍우(暴風雨)를 기다리는 마음 (1925-03-01).txt
시계열,1925-03-01,발표 월,수필,하고 싶은 말 두엇,나도향,3669,https://ko.wikisource.org/wiki/%ED%95%98%EA%B3%A0_%EC%8B%B6%EC%9D%80_%EB%A7%90_%EB%91%90%EC%97%87,본문/수필/나도향 - 하고 싶은 말 두엇 (1925-03-01).txt
시계열,1925-05-01,발표 월,시,거러지,이상화,99,https://ko.wikisource.org/wiki/%EA%B1%B0%EB%9F%AC%EC%A7%80,본문/시/이상화 - 거러지 (1925-05-01).txt
시계열,1925-05-01,발표 월,시,겨울밤,이장희,80,https://ko.wikisource.org/wiki/%EA%B2%A8%EC%9A%B8%EB%B0%A4,본문/시/이장희 - 겨울밤 (1925-05-01).txt
시계열,1925-05-01,발표 월,시,고양이의 꿈,이장희,184,https://ko.wikisource.org/wiki/%EA%B3%A0%EC%96%91%EC%9D%B4%EC%9D%98_%EA%BF%88,본문/시/이장희 - 고양이의 꿈 (1925-05-01).txt
시계열,1925-05-01,발표 월,시,구루마꾼,이상화,74,https://ko.wikisource.org/wiki/%EA%B5%AC%EB%A3%A8%EB%A7%88%EA%BE%BC,본문/시/이상화 - 구루마꾼 (1925-05-01).txt
시계열,1925-05-01,발표 월,소설,귀 먹은 집오리,齋藤素果,1664,https://ko.wikisource.org/wiki/%EA%B7%80%EB%A8%B9%EC%9D%80_%EC%A7%91%EC%98%A4%EB%A6%AC,본문/소설/齋藤素果 - 귀 먹은 집오리 (1925-05-01).txt
시계열,1925-05-01,발표 월,시,극단,이상화,445,https://ko.wikisource.org/wiki/%EA%B7%B9%EB%8B%A8,본문/시/이상화 - 극단 (1925-05-01).txt
시계열,1925-05-01,발표 월,소설,박돌의 죽음,최서해,8379,https://ko.wikisource.org/wiki/%EB%B0%95%EB%8F%8C%EC%9D%98_%EC%A3%BD%EC%9D%8C,본문/소설/최서해 - 박돌의 죽음 (1925-05-01).txt
시계열,1925-05-01,발표 월,소설,상환,계용묵,3121,https://ko.wikisource.org/wiki/%EC%83%81%ED%99%98,본문/소설/계용묵 - 상환 (1925-05-01).txt
시계열,1925-05-01,발표 월,시,선구자(先驅者)의 노래,이상화,206,https://ko.wikisource.org/wiki/%EC%84%A0%EA%B5%AC%EC%9E%90%EC%9D%98_%EB%85%B8%EB%9E%98,본문/시/이상화 - 선구자(先驅者)의 노래 (1925-05-01).txt
시계열,1925-05-01,발표 월,수필,설 ᄯᅢ의 愉快와 나흘 ᄯᅢ의 苦痛,현진건,1423,https://ko.wikisource.org/wiki/%EC%84%A4_%EB%95%8C%EC%9D%98_%EC%9C%A0%EC%BE%8C%EC%99%80_%EB%82%B3%EC%9D%84_%EB%95%8C%EC%9D%98_%EA%B3%A0%ED%86%B5,본문/수필/현진건 - 설 ᄯᅢ의 愉快와 나흘 ᄯᅢ의 苦痛 (1925-05-01).txt
시계열,1925-05-01,발표 월,평론,시혼,김소월,4632,https://ko.wikisource.org/wiki/%EC%8B%9C%ED%98%BC,본문/평론/김소월 - 시혼 (1925-05-01).txt
시계열,1925-05-01,발표 월,수필,쓴다는 것이 죄악 같다,나도향,984,https://ko.wikisource.org/wiki/%EC%93%B4%EB%8B%A4%EB%8A%94_%EA%B2%83%EC%9D%B4_%EC%A3%84%EC%95%85_%EA%B0%99%EB%8B%A4,본문/수필/나도향 - 쓴다는 것이 죄악 같다 (1925-05-01).txt
시계열,1925-05-01,발표 월,시,엿장사,이상화,91,https://ko.wikisource.org/wiki/%EC%97%BF%EC%9E%A5%EC%82%AC,본문/시/이상화 - 엿장사 (1925-05-01).txt
시계열,1925-05-01,발표 월,단편소설,흙의 세례,이익상,10761,https://ko.wikisource.org/wiki/%ED%9D%99%EC%9D%98_%EC%84%B8%EB%A1%80,본문/단편소설/이익상 - 흙의 세례 (1925-05-01).txt
시계열,1925-05-12,발표일,소설,첫날밤,투르게네프,78551,https://ko.wikisource.org/wiki/%EC%B2%AB%EB%82%A0%EB%B0%A4,본문/소설/투르게네프 - 첫날밤 (1925-05-12).txt
시계열,1925-06-01,발표 월,시,금강송가,이상화,2312,https://ko.wikisource.org/wiki/%EA%B8%88%EA%B0%95%EC%86%A1%EA%B0%80,본문/시/이상화 - 금강송가 (1925-06-01).txt
시계열,1925-06-01,발표 월,소설,기아(飢餓)와 살육,최서해,8004,https://ko.wikisource.org/wiki/%EA%B8%B0%EC%95%84%EC%99%80_%EC%82%B4%EB%A5%99,본문/소설/최서해 - 기아(飢餓)와 살육 (1925-06-01).txt
시계열,1925-06-01,발표 월,동화,까치의 옷,방정환,1579,https://ko.wikisource.org/wiki/%EA%B9%8C%EC%B9%98%EC%9D%98_%EC%98%B7,본문/동화/방정환 - 까치의 옷 (1925-06-01).txt
시계열,1925-06-01,발표 월,시,비오는 날,이장희,85,https://ko.wikisource.org/wiki/%EB%B9%84%EC%98%A4%EB%8A%94_%EB%82%A0,본문/시/이장희 - 비오는 날 (1925-06-01).txt
시계열,1925-06-01,발표 월,시,청량세계,이상화,1372,https://ko.wikisource.org/wiki/%EC%B2%AD%EB%9F%89_%EC%84%B8%EA%B3%84,본문/시/이상화 - 청량세계 (1925-06-01).txt
시계열,1925-06-01,발표 월,시,청천의 유방,이장희,194,https://ko.wikisource.org/wiki/%EC%B2%AD%EC%B2%9C%EC%9D%98_%EC%9C%A0%EB%B0%A9,본문/시/이장희 - 청천의 유방 (1925-06-01).txt
시계열,1925-07-01,발표 월,동화,과거 문제,방정환,2074,https://ko.wikisource.org/wiki/%EA%B3%BC%EA%B1%B0_%EB%AC%B8%EC%A0%9C,본문/동화/방정환 - 과거 문제 (1925-07-01).txt
시계열,1925-07-01,발표 월,단편소설,벙어리 삼룡이,나도향,8917,https://ko.wikisource.org/wiki/%EB%B2%99%EC%96%B4%EB%A6%AC_%EC%82%BC%EB%A3%A1%EC%9D%B4,본문/단편소설/나도향 - 벙어리 삼룡이 (1925-07-01).txt
시계열,1925-07-01,발표 월,수필,벽파상(碧波上)의 일엽주,나도향,2413,https://ko.wikisource.org/wiki/%EB%B2%BD%ED%8C%8C%EC%83%81%EC%97%90_%EC%9D%BC%EC%97%BD%EC%A3%BC,본문/수필/나도향 - 벽파상(碧波上)의 일엽주 (1925-07-01).txt
시계열,1925-07-01,발표 월,소설,봉화가 켜질 때에,홍사용,13777,https://ko.wikisource.org/wiki/%EB%B4%89%ED%99%94%EA%B0%80_%EC%BC%9C%EC%A7%88_%EB%95%8C%EC%97%90,본문/소설/홍사용 - 봉화가 켜질 때에 (1925-07-01).txt
시계열,1925-07-01,발표 월,시,오늘의 노래,이상화,675,https://ko.wikisource.org/wiki/%EC%98%A4%EB%8A%98%EC%9D%98_%EB%85%B8%EB%9E%98,본문/시/이상화 - 오늘의 노래 (1925-07-01).txt
시계열,1925-07-17,발표일,시,무제3,홍난파,93,https://ko.wikisource.org/wiki/%EB%AC%B4%EC%A0%9C_3_%28%ED%99%8D%EB%82%9C%ED%8C%8C%29,본문/시/홍난파 - 무제3 (1925-07-17).txt
시계열,1925-08-01,발표 월,단편소설,구속의 첫날,이익상,8570,https://ko.wikisource.org/wiki/%EA%B5%AC%EC%86%8D%EC%9D%98_%EC%B2%AB%EB%82%A0,본문/단편소설/이익상 - 구속의 첫날 (1925-08-01).txt
시계열,1925-08-01,발표 월,소설,양초 귀신,방정환,2802,https://ko.wikisource.org/wiki/%EC%96%91%EC%B4%88_%EA%B7%80%EC%8B%A0,본문/소설/방정환 - 양초 귀신 (1925-08-01).txt
시계열,1925-08-09,창작일,수필,고산자를 懷함,최남선,46,https://ko.wikisource.org/wiki/%EA%B3%A0%EC%82%B0%EC%9E%90%EB%A5%BC_%ED%9A%8C%ED%95%A8,본문/수필/최남선 - 고산자를 懷함 (1925-08-09).txt
시계열,1925-09-01,발표 월,단편소설,물레방아,나도향,9291,https://ko.wikisource.org/wiki/%EB%AC%BC%EB%A0%88%EB%B0%A9%EC%95%84,본문/단편소설/나도향 - 물레방아 (1925-09-01).txt
시계열,1925-09-01,발표 월,소설,뿌움뿌움 이야기,방정환,2514,https://ko.wikisource.org/wiki/%EB%BF%8C%EC%9B%80%EB%BF%8C%EC%9B%80_%EC%9D%B4%EC%95%BC%EA%B8%B0,본문/소설/방정환 - 뿌움뿌움 이야기 (1925-09-01).txt
시계열,1925-09-13,발표일,수필,나는 말 못했다,이효석,1216,https://ko.wikisource.org/wiki/%EB%82%98%EB%8A%94_%EB%A7%90_%EB%AA%BB%ED%96%88%EB%8B%A4,본문/수필/이효석 - 나는 말 못했다 (1925-09-13).txt
시계열,1925-09-30,발표일,소설,일설 춘향전,이광수,121691,https://ko.wikisource.org/wiki/%EC%9D%BC%EC%84%A4_%EC%B6%98%ED%96%A5%EC%A0%84,본문/소설/이광수 - 일설 춘향전 (1925-09-30).txt
시계열,1925-10-01,발표 월,소설,(소년 애화) 절영도(島) 섬 너머,방정환,2462,https://ko.wikisource.org/wiki/%EC%A0%88%EC%98%81%EB%8F%84_%EC%84%AC_%EB%84%88%EB%A8%B8,본문/소설/방정환 - (소년 애화) 절영도(島) 섬 너머 (1925-10-01).txt
시계열,1925-10-01,발표 월,소설,(애린미화) 눈물의 노래,방정환,1888,https://ko.wikisource.org/wiki/%EB%88%88%EB%AC%BC%EC%9D%98_%EB%85%B8%EB%9E%98,본문/소설/방정환 - (애린미화) 눈물의 노래 (1925-10-01).txt
시계열,1925-10-01,창작 월,소설,(탐정 소설) 동생을 차즈려,방정환,24328,https://ko.wikisource.org/wiki/%EB%8F%99%EC%83%9D%EC%9D%84_%EC%B0%BE%EC%9C%BC%EB%9F%AC,본문/소설/방정환 - (탐정 소설) 동생을 차즈려 (1925-10-01).txt
시계열,1925-10-01,발표 월,시,달밤 모래 위에서,이장희,124,https://ko.wikisource.org/wiki/%EB%8B%AC%EB%B0%A4_%EB%AA%A8%EB%9E%98_%EC%9C%84%EC%97%90%EC%84%9C,본문/시/이장희 - 달밤 모래 위에서 (1925-10-01).txt
시계열,1925-10-01,발표 월,시,몽환병,이상화,2001,https://ko.wikisource.org/wiki/%EB%AA%BD%ED%99%98%EB%B3%91,본문/시/이상화 - 몽환병 (1925-10-01).txt
시계열,1925-10-01,발표 월,시,연,이장희,54,https://ko.wikisource.org/wiki/%EC%97%B0,본문/시/이장희 - 연 (1925-10-01).txt
시계열,1925-11-01,발표 월,소설,새빩안 웃음,현진건,4882,https://ko.wikisource.org/wiki/%EC%83%88%EB%B9%A8%EA%B0%84_%EC%9B%83%EC%9D%8C,본문/소설/현진건 - 새빩안 웃음 (1925-11-01).txt
시계열,1925-12-01,발표 월,소설,뽕,나도향,11055,https://ko.wikisource.org/wiki/%EB%BD%95,본문/소설/나도향 - 뽕 (1925-12-01).txt
시계열,1925-12-01,발표 월,소설,큰물 진 뒤,최서해,9823,https://ko.wikisource.org/wiki/%ED%81%B0%EB%AC%BC_%EC%A7%84_%EB%92%A4,본문/소설/최서해 - 큰물 진 뒤 (1925-12-01).txt
시계열,1925-12-26,수록 문집 간행일,시,가을 아침에,김소월,243,https://ko.wikisource.org/wiki/%EC%A7%84%EB%8B%AC%EB%9E%98%EA%BD%83_%28%EC%8B%9C%EC%A7%91%29/%EA%B0%80%EC%9D%84_%EC%95%84%EC%B9%A8%EC%97%90,본문/시/김소월 - 가을 아침에 (1925-12-26).txt
시계열,1925-12-26,수록 문집 간행일,시,가을 저녁에,김소월,162,https://ko.wikisource.org/wiki/%EC%A7%84%EB%8B%AC%EB%9E%98%EA%BD%83_%28%EC%8B%9C%EC%A7%91%29/%EA%B0%80%EC%9D%84_%EC%A0%80%EB%85%81%EC%97%90,본문/시/김소월 - 가을 저녁에 (1925-12-26).txt
시계열,1925-12-26,수록 문집 간행일,시,강촌,김소월,126,https://ko.wikisource.org/wiki/%EC%A7%84%EB%8B%AC%EB%9E%98%EA%BD%83_%28%EC%8B%9C%EC%A7%91%29/%EA%B0%95%EC%B4%8C,본문/시/김소월 - 강촌 (1925-12-26).txt
시계열,1925-12-26,수록 문집 간행일,시,개여울,김소월,120,https://ko.wikisource.org/wiki/%EC%A7%84%EB%8B%AC%EB%9E%98%EA%BD%83_%28%EC%8B%9C%EC%A7%91%29/%EA%B0%9C%EC%97%AC%EC%9A%B8,본문/시/김소월 - 개여울 (1925-12-26).txt
시계열,1925-12-26,수록 문집 간행일,시,개여울의 노래,김소월,146,https://ko.wikisource.org/wiki/%EC%A7%84%EB%8B%AC%EB%9E%98%EA%BD%83_%28%EC%8B%9C%EC%A7%91%29/%EA%B0%9C%EC%97%AC%EC%9A%B8%EC%9D%98_%EB%85%B8%EB%9E%98,본문/시/김소월 - 개여울의 노래 (1925-12-26).txt
시계열,1925-12-26,수록 문집 간행일,시,구름,김소월,125,https://ko.wikisource.org/wiki/%EC%A7%84%EB%8B%AC%EB%9E%98%EA%BD%83_%28%EC%8B%9C%EC%A7%91%29/%EA%B5%AC%EB%A6%84,본문/시/김소월 - 구름 (1925-12-26).txt
시계열,1925-12-26,수록 문집 간행일,시,귀뚜라미,김소월,53,https://ko.wikisource.org/wiki/%EC%A7%84%EB%8B%AC%EB%9E%98%EA%BD%83_%28%EC%8B%9C%EC%A7%91%29/%EA%B7%80%EB%9A%9C%EB%9D%BC%EB%AF%B8,본문/시/김소월 - 귀뚜라미 (1925-12-26).txt
시계열,1925-12-26,수록 문집 간행일,시,그를 꿈꾼 밤,김소월,86,https://ko.wikisource.org/wiki/%EC%A7%84%EB%8B%AC%EB%9E%98%EA%BD%83_%28%EC%8B%9C%EC%A7%91%29/%EA%B7%B8%EB%A5%BC_%EA%BF%88%EA%BE%BC_%EB%B0%A4,본문/시/김소월 - 그를 꿈꾼 밤 (1925-12-26).txt
시계열,1925-12-26,수록 문집 간행일,시,금잔디,김소월,73,https://ko.wikisource.org/wiki/%EC%A7%84%EB%8B%AC%EB%9E%98%EA%BD%83_%28%EC%8B%9C%EC%A7%91%29/%EA%B8%88%EC%9E%94%EB%94%94,본문/시/김소월 - 금잔디 (1925-12-26).txt
시계열,1925-12-26,수록 문집 간행일,시,기억,김소월,200,https://ko.wikisource.org/wiki/%EC%A7%84%EB%8B%AC%EB%9E%98%EA%BD%83_%28%EC%8B%9C%EC%A7%91%29/%EA%B8%B0%EC%96%B5,본문/시/김소월 - 기억 (1925-12-26).txt
시계열,1925-12-26,수록 문집 간행일,시,길,김소월,168,https://ko.wikisource.org/wiki/%EC%A7%84%EB%8B%AC%EB%9E%98%EA%BD%83_%28%EC%8B%9C%EC%A7%91%29/%EA%B8%B8,본문/시/김소월 - 길 (1925-12-26).txt
시계열,1925-12-26,수록 문집 간행일,시,깊고 깊은 언약,김소월,67,https://ko.wikisource.org/wiki/%EC%A7%84%EB%8B%AC%EB%9E%98%EA%BD%83_%28%EC%8B%9C%EC%A7%91%29/%EA%B9%8A%EA%B3%A0_%EA%B9%8A%EC%9D%80_%EC%96%B8%EC%95%BD,본문/시/김소월 - 깊고 깊은 언약 (1925-12-26).txt
시계열,1925-12-26,수록 문집 간행일,시,깊이 믿던 심성,김소월,63,https://ko.wikisource.org/wiki/%EC%A7%84%EB%8B%AC%EB%9E%98%EA%BD%83_%28%EC%8B%9C%EC%A7%91%29/%EA%B9%8A%EC%9D%B4_%EB%AF%BF%EB%8D%98_%EC%8B%AC%EC%84%B1,본문/시/김소월 - 깊이 믿던 심성 (1925-12-26).txt
시계열,1925-12-26,수록 문집 간행일,시,꽃촉불 켜는 밤,김소월,154,https://ko.wikisource.org/wiki/%EC%A7%84%EB%8B%AC%EB%9E%98%EA%BD%83_%28%EC%8B%9C%EC%A7%91%29/%EA%BD%83%EC%B4%89%EB%B6%88_%EC%BC%9C%EB%8A%94_%EB%B0%A4,본문/시/김소월 - 꽃촉불 켜는 밤 (1925-12-26).txt
시계열,1925-12-26,수록 문집 간행일,시,꿈길,김소월,88,https://ko.wikisource.org/wiki/%EC%A7%84%EB%8B%AC%EB%9E%98%EA%BD%83_%28%EC%8B%9C%EC%A7%91%29/%EA%BF%88%EA%B8%B8,본문/시/김소월 - 꿈길 (1925-12-26).txt
시계열,1925-12-26,수록 문집 간행일,시,꿈꾼 그 옛날,김소월,117,https://ko.wikisource.org/wiki/%EC%A7%84%EB%8B%AC%EB%9E%98%EA%BD%83_%28%EC%8B%9C%EC%A7%91%29/%EA%BF%88%EA%BE%BC_%EA%B7%B8_%EC%98%9B%EB%82%A0,본문/시/김소월 - 꿈꾼 그 옛날 (1925-12-26).txt
시계열,1925-12-26,수록 문집 간행일,시,꿈으로 오는 한 사람,김소월,355,https://ko.wikisource.org/wiki/%EC%A7%84%EB%8B%AC%EB%9E%98%EA%BD%83_%28%EC%8B%9C%EC%A7%91%29/%EA%BF%88%EC%9C%BC%EB%A1%9C_%EC%98%A4%EB%8A%94_%ED%95%9C_%EC%82%AC%EB%9E%8C,본문/시/김소월 - 꿈으로 오는 한 사람 (1925-12-26).txt
시계열,1925-12-26,수록 문집 간행일,시,나는 세상모르고 살았노라,김소월,181,https://ko.wikisource.org/wiki/%EC%A7%84%EB%8B%AC%EB%9E%98%EA%BD%83_%28%EC%8B%9C%EC%A7%91%29/%EB%82%98%EB%8A%94_%EC%84%B8%EC%83%81%EB%AA%A8%EB%A5%B4%EA%B3%A0_%EC%82%B4%EC%95%98%EB%85%B8%EB%9D%BC,본문/시/김소월 - 나는 세상모르고 살았노라 (1925-12-26).txt
시계열,1925-12-26,수록 문집 간행일,시,나의 집,김소월,159,https://ko.wikisource.org/wiki/%EC%A7%84%EB%8B%AC%EB%9E%98%EA%BD%83_%28%EC%8B%9C%EC%A7%91%29/%EB%82%98%EC%9D%98_%EC%A7%91,본문/시/김소월 - 나의 집 (1925-12-26).txt
시계열,1925-12-26,수록 문집 간행일,시,낙천,김소월,48,https://ko.wikisource.org/wiki/%EC%A7%84%EB%8B%AC%EB%9E%98%EA%BD%83_%28%EC%8B%9C%EC%A7%91%29/%EB%82%99%EC%B2%9C,본문/시/김소월 - 낙천 (1925-12-26).txt
시계열,1925-12-26,수록 문집 간행일,시,남의 나라 땅,김소월,32,https://ko.wikisource.org/wiki/%EC%A7%84%EB%8B%AC%EB%9E%98%EA%BD%83_%28%EC%8B%9C%EC%A7%91%29/%EB%82%A8%EC%9D%98_%EB%82%98%EB%9D%BC_%EB%95%85,본문/시/김소월 - 남의 나라 땅 (1925-12-26).txt
시계열,1925-12-26,수록 문집 간행일,시,널,김소월,149,https://ko.wikisource.org/wiki/%EC%A7%84%EB%8B%AC%EB%9E%98%EA%BD%83_%28%EC%8B%9C%EC%A7%91%29/%EB%84%90,본문/시/김소월 - 널 (1925-12-26).txt
시계열,1925-12-26,수록 문집 간행일,시,눈,김소월,53,https://ko.wikisource.org/wiki/%EC%A7%84%EB%8B%AC%EB%9E%98%EA%BD%83_%28%EC%8B%9C%EC%A7%91%29/%EB%88%88,본문/시/김소월 - 눈 (1925-12-26).txt
시계열,1925-12-26,수록 문집 간행일,시,눈 오는 저녁,김소월,77,https://ko.wikisource.org/wiki/%EC%A7%84%EB%8B%AC%EB%9E%98%EA%BD%83_%28%EC%8B%9C%EC%A7%91%29/%EB%88%88_%EC%98%A4%EB%8A%94_%EC%A0%80%EB%85%81,본문/시/김소월 - 눈 오는 저녁 (1925-12-26).txt
시계열,1925-12-26,수록 문집 간행일,시,님과 벗,김소월,66,https://ko.wikisource.org/wiki/%EC%A7%84%EB%8B%AC%EB%9E%98%EA%BD%83_%28%EC%8B%9C%EC%A7%91%29/%EB%8B%98%EA%B3%BC_%EB%B2%97,본문/시/김소월 - 님과 벗 (1925-12-26).txt
시계열,1925-12-26,수록 문집 간행일,시,님에게,김소월,144,https://ko.wikisource.org/wiki/%EC%A7%84%EB%8B%AC%EB%9E%98%EA%BD%83_%28%EC%8B%9C%EC%A7%91%29/%EB%8B%98%EC%97%90%EA%B2%8C,본문/시/김소월 - 님에게 (1925-12-26).txt
시계열,1925-12-26,수록 문집 간행일,시,님의 말씀,김소월,204,https://ko.wikisource.org/wiki/%EC%A7%84%EB%8B%AC%EB%9E%98%EA%BD%83_%28%EC%8B%9C%EC%A7%91%29/%EB%8B%98%EC%9D%98_%EB%A7%90%EC%94%80,본문/시/김소월 - 님의 말씀 (1925-12-26).txt
시계열,1925-12-26,수록 문집 간행일,시,닭소리,김소월,88,https://ko.wikisource.org/wiki/%EC%A7%84%EB%8B%AC%EB%9E%98%EA%BD%83_%28%EC%8B%9C%EC%A7%91%29/%EB%8B%AD%EC%86%8C%EB%A6%AC,본문/시/김소월 - 닭소리 (1925-12-26).txt
시계열,1925-12-26,수록 문집 간행일,시,닭은 꼬꾸요,김소월,169,https://ko.wikisource.org/wiki/%EC%A7%84%EB%8B%AC%EB%9E%98%EA%BD%83_%28%EC%8B%9C%EC%A7%91%29/%EB%8B%AD%EC%9D%80_%EA%BC%AC%EA%BE%B8%EC%9A%94,본문/시/김소월 - 닭은 꼬꾸요 (1925-12-26).txt
시계열,1925-12-26,수록 문집 간행일,시,담배,김소월,279,https://ko.wikisource.org/wiki/%EC%A7%84%EB%8B%AC%EB%9E%98%EA%BD%83_%28%EC%8B%9C%EC%A7%91%29/%EB%8B%B4%EB%B0%B0,본문/시/김소월 - 담배 (1925-12-26).txt
시계열,1925-12-26,수록 문집 간행일,시,두 사람,김소월,63,https://ko.wikisource.org/wiki/%EC%A7%84%EB%8B%AC%EB%9E%98%EA%BD%83_%28%EC%8B%9C%EC%A7%91%29/%EB%91%90_%EC%82%AC%EB%9E%8C,본문/시/김소월 - 두 사람 (1925-12-26).txt
시계열,1925-12-26,수록 문집 간행일,시,들도리,김소월,148,https://ko.wikisource.org/wiki/%EC%A7%84%EB%8B%AC%EB%9E%98%EA%BD%83_%28%EC%8B%9C%EC%A7%91%29/%EB%93%A4%EB%8F%84%EB%A6%AC,본문/시/김소월 - 들도리 (1925-12-26).txt
시계열,1925-12-26,수록 문집 간행일,시,들돌이,김소월,137,https://ko.wikisource.org/wiki/%EC%A7%84%EB%8B%AC%EB%9E%98%EA%BD%83_%28%EC%8B%9C%EC%A7%91%29/%EB%93%A4%EB%8F%8C%EC%9D%B4,본문/시/김소월 - 들돌이 (1925-12-26).txt
시계열,1925-12-26,수록 문집 간행일,시,마른강 두덕에서,김소월,137,https://ko.wikisource.org/wiki/%EC%A7%84%EB%8B%AC%EB%9E%98%EA%BD%83_%28%EC%8B%9C%EC%A7%91%29/%EB%A7%88%EB%A5%B8%EA%B0%95_%EB%91%90%EB%8D%95%EC%97%90%EC%84%9C,본문/시/김소월 - 마른강 두덕에서 (1925-12-26).txt
시계열,1925-12-26,수록 문집 간행일,시,만리성,김소월,27,https://ko.wikisource.org/wiki/%EC%A7%84%EB%8B%AC%EB%9E%98%EA%BD%83_%28%EC%8B%9C%EC%A7%91%29/%EB%A7%8C%EB%A6%AC%EC%84%B1,본문/시/김소월 - 만리성 (1925-12-26).txt
시계열,1925-12-26,수록 문집 간행일,시,맘 켕기는 날,김소월,37,https://ko.wikisource.org/wiki/%EC%A7%84%EB%8B%AC%EB%9E%98%EA%BD%83_%28%EC%8B%9C%EC%A7%91%29/%EB%A7%98_%EC%BC%95%EA%B8%B0%EB%8A%94_%EB%82%A0,본문/시/김소월 - 맘 켕기는 날 (1925-12-26).txt
시계열,1925-12-26,수록 문집 간행일,시,맘에 있는 말이라고 다 할까 보냐,김소월,279,https://ko.wikisource.org/wiki/%EC%A7%84%EB%8B%AC%EB%9E%98%EA%BD%83_%28%EC%8B%9C%EC%A7%91%29/%EB%A7%98%EC%97%90_%EC%9E%88%EB%8A%94_%EB%A7%90%EC%9D%B4%EB%9D%BC%EA%B3%A0_%EB%8B%A4_%ED%95%A0%EA%B9%8C_%EB%B3%B4%EB%83%90,본문/시/김소월 - 맘에 있는 말이라고 다 할까 보냐 (1925-12-26).txt
시계열,1925-12-26,수록 문집 간행일,시,먼 후일,김소월,189,https://ko.wikisource.org/wiki/%EC%A7%84%EB%8B%AC%EB%9E%98%EA%BD%83_%28%EC%8B%9C%EC%A7%91%29/%EB%A8%BC_%ED%9B%84%EC%9D%BC,본문/시/김소월 - 먼 후일 (1925-12-26).txt
시계열,1925-12-26,수록 문집 간행일,시,몹쓸 꿈,김소월,195,https://ko.wikisource.org/wiki/%EC%A7%84%EB%8B%AC%EB%9E%98%EA%BD%83_%28%EC%8B%9C%EC%A7%91%29/%EB%AA%B9%EC%93%B8_%EA%BF%88,본문/시/김소월 - 몹쓸 꿈 (1925-12-26).txt
시계열,1925-12-26,수록 문집 간행일,시,못 잊어,김소월,108,https://ko.wikisource.org/wiki/%EC%A7%84%EB%8B%AC%EB%9E%98%EA%BD%83_%28%EC%8B%9C%EC%A7%91%29/%EB%AA%BB_%EC%9E%8A%EC%96%B4,본문/시/김소월 - 못 잊어 (1925-12-26).txt
시계열,1925-12-26,수록 문집 간행일,시,무덤,김소월,156,https://ko.wikisource.org/wiki/%EC%A7%84%EB%8B%AC%EB%9E%98%EA%BD%83_%28%EC%8B%9C%EC%A7%91%29/%EB%AC%B4%EB%8D%A4,본문/시/김소월 - 무덤 (1925-12-26).txt
시계열,1925-12-26,수록 문집 간행일,시,무신,김소월,186,https://ko.wikisource.org/wiki/%EC%A7%84%EB%8B%AC%EB%9E%98%EA%BD%83_%28%EC%8B%9C%EC%A7%91%29/%EB%AC%B4%EC%8B%A0,본문/시/김소월 - 무신 (1925-12-26).txt
시계열,1925-12-26,수록 문집 간행일,시,무심,김소월,128,https://ko.wikisource.org/wiki/%EC%A7%84%EB%8B%AC%EB%9E%98%EA%BD%83_%28%EC%8B%9C%EC%A7%91%29/%EB%AC%B4%EC%8B%AC,본문/시/김소월 - 무심 (1925-12-26).txt
시계열,1925-12-26,수록 문집 간행일,시,묵념,김소월,230,https://ko.wikisource.org/wiki/%EC%A7%84%EB%8B%AC%EB%9E%98%EA%BD%83_%28%EC%8B%9C%EC%A7%91%29/%EB%AC%B5%EB%85%90,본문/시/김소월 - 묵념 (1925-12-26).txt
시계열,1925-12-26,수록 문집 간행일,시,물마름,김소월,474,https://ko.wikisource.org/wiki/%EC%A7%84%EB%8B%AC%EB%9E%98%EA%BD%83_%28%EC%8B%9C%EC%A7%91%29/%EB%AC%BC%EB%A7%88%EB%A6%84,본문/시/김소월 - 물마름 (1925-12-26).txt
시계열,1925-12-26,수록 문집 간행일,시,바다가 변하야 뽕나무밭 된다고,김소월,156,https://ko.wikisource.org/wiki/%EC%A7%84%EB%8B%AC%EB%9E%98%EA%BD%83_%28%EC%8B%9C%EC%A7%91%29/%EB%B0%94%EB%8B%A4%EA%B0%80_%EB%B3%80%ED%95%98%EC%95%BC_%EB%BD%95%EB%82%98%EB%AC%B4%EB%B0%AD_%EB%90%9C%EB%8B%A4%EA%B3%A0,본문/시/김소월 - 바다가 변하야 뽕나무밭 된다고 (1925-12-26).txt
시계열,1925-12-26,수록 문집 간행일,시,바리운 몸,김소월,78,https://ko.wikisource.org/wiki/%EC%A7%84%EB%8B%AC%EB%9E%98%EA%BD%83_%28%EC%8B%9C%EC%A7%91%29/%EB%B0%94%EB%A6%AC%EC%9A%B4_%EB%AA%B8,본문/시/김소월 - 바리운 몸 (1925-12-26).txt
시계열,1925-12-26,수록 문집 간행일,시,반달,김소월,164,https://ko.wikisource.org/wiki/%EC%A7%84%EB%8B%AC%EB%9E%98%EA%BD%83_%28%EC%8B%9C%EC%A7%91%29/%EB%B0%98%EB%8B%AC,본문/시/김소월 - 반달 (1925-12-26).txt
시계열,1925-12-26,수록 문집 간행일,시,밤,김소월,142,https://ko.wikisource.org/wiki/%EC%A7%84%EB%8B%AC%EB%9E%98%EA%BD%83_%28%EC%8B%9C%EC%A7%91%29/%EB%B0%A4,본문/시/김소월 - 밤 (1925-12-26).txt
시계열,1925-12-26,수록 문집 간행일,시,밭고랑 위에서,김소월,278,https://ko.wikisource.org/wiki/%EC%A7%84%EB%8B%AC%EB%9E%98%EA%BD%83_%28%EC%8B%9C%EC%A7%91%29/%EB%B0%AD%EA%B3%A0%EB%9E%91_%EC%9C%84%EC%97%90%EC%84%9C,본문/시/김소월 - 밭고랑 위에서 (1925-12-26).txt
시계열,1925-12-26,수록 문집 간행일,시,봄비,김소월,96,https://ko.wikisource.org/wiki/%EC%A7%84%EB%8B%AC%EB%9E%98%EA%BD%83_%28%EC%8B%9C%EC%A7%91%29/%EB%B4%84%EB%B9%84,본문/시/김소월 - 봄비 (1925-12-26).txt
시계열,1925-12-26,수록 문집 간행일,시,부귀공명,김소월,131,https://ko.wikisource.org/wiki/%EC%A7%84%EB%8B%AC%EB%9E%98%EA%BD%83_%28%EC%8B%9C%EC%A7%91%29/%EB%B6%80%EA%B7%80%EA%B3%B5%EB%AA%85,본문/시/김소월 - 부귀공명 (1925-12-26).txt
시계열,1925-12-26,수록 문집 간행일,시,부모,김소월,88,https://ko.wikisource.org/wiki/%EC%A7%84%EB%8B%AC%EB%9E%98%EA%BD%83_%28%EC%8B%9C%EC%A7%91%29/%EB%B6%80%EB%AA%A8,본문/시/김소월 - 부모 (1925-12-26).txt
시계열,1925-12-26,수록 문집 간행일,시,부부,김소월,174,https://ko.wikisource.org/wiki/%EC%A7%84%EB%8B%AC%EB%9E%98%EA%BD%83_%28%EC%8B%9C%EC%A7%91%29/%EB%B6%80%EB%B6%80,본문/시/김소월 - 부부 (1925-12-26).txt
시계열,1925-12-26,수록 문집 간행일,시,부헝새,김소월,46,https://ko.wikisource.org/wiki/%EC%A7%84%EB%8B%AC%EB%9E%98%EA%BD%83_%28%EC%8B%9C%EC%A7%91%29/%EB%B6%80%ED%97%9D%EC%83%88,본문/시/김소월 - 부헝새 (1925-12-26).txt
시계열,1925-12-26,수록 문집 간행일,시,분 얼굴,김소월,165,https://ko.wikisource.org/wiki/%EC%A7%84%EB%8B%AC%EB%9E%98%EA%BD%83_%28%EC%8B%9C%EC%A7%91%29/%EB%B6%84_%EC%96%BC%EA%B5%B4,본문/시/김소월 - 분 얼굴 (1925-12-26).txt
시계열,1925-12-26,수록 문집 간행일,시,불운에 우는 그대여,김소월,108,https://ko.wikisource.org/wiki/%EC%A7%84%EB%8B%AC%EB%9E%98%EA%BD%83_%28%EC%8B%9C%EC%A7%91%29/%EB%B6%88%EC%9A%B4%EC%97%90_%EC%9A%B0%EB%8A%94_%EA%B7%B8%EB%8C%80%EC%97%AC,본문/시/김소월 - 불운에 우는 그대여 (1925-12-26).txt
시계열,1925-12-26,수록 문집 간행일,시,붉은 조수,김소월,79,https://ko.wikisource.org/wiki/%EC%A7%84%EB%8B%AC%EB%9E%98%EA%BD%83_%28%EC%8B%9C%EC%A7%91%29/%EB%B6%89%EC%9D%80_%EC%A1%B0%EC%88%98,본문/시/김소월 - 붉은 조수 (1925-12-26).txt
시계열,1925-12-26,수록 문집 간행일,시,비난수 하는 맘,김소월,297,https://ko.wikisource.org/wiki/%EC%A7%84%EB%8B%AC%EB%9E%98%EA%BD%83_%28%EC%8B%9C%EC%A7%91%29/%EB%B9%84%EB%82%9C%EC%88%98_%ED%95%98%EB%8A%94_%EB%A7%98,본문/시/김소월 - 비난수 하는 맘 (1925-12-26).txt
시계열,1925-12-26,수록 문집 간행일,시,비단 안개,김소월,210,https://ko.wikisource.org/wiki/%EC%A7%84%EB%8B%AC%EB%9E%98%EA%BD%83_%28%EC%8B%9C%EC%A7%91%29/%EB%B9%84%EB%8B%A8_%EC%95%88%EA%B0%9C,본문/시/김소월 - 비단 안개 (1925-12-26).txt
시계열,1925-12-26,수록 문집 간행일,시,사노라면 사람은 죽는 것을,김소월,192,https://ko.wikisource.org/wiki/%EC%A7%84%EB%8B%AC%EB%9E%98%EA%BD%83_%28%EC%8B%9C%EC%A7%91%29/%EC%82%AC%EB%85%B8%EB%9D%BC%EB%A9%B4_%EC%82%AC%EB%9E%8C%EC%9D%80_%EC%A3%BD%EB%8A%94_%EA%B2%83%EC%9D%84,본문/시/김소월 - 사노라면 사람은 죽는 것을 (1925-12-26).txt
시계열,1925-12-26,수록 문집 간행일,시,삭주구성,김소월,202,https://ko.wikisource.org/wiki/%EC%A7%84%EB%8B%AC%EB%9E%98%EA%BD%83_%28%EC%8B%9C%EC%A7%91%29/%EC%82%AD%EC%A3%BC%EA%B5%AC%EC%84%B1,본문/시/김소월 - 삭주구성 (1925-12-26).txt
시계열,1925-12-26,수록 문집 간행일,시,산,김소월,212,https://ko.wikisource.org/wiki/%EC%A7%84%EB%8B%AC%EB%9E%98%EA%BD%83_%28%EC%8B%9C%EC%A7%91%29/%EC%82%B0,본문/시/김소월 - 산 (1925-12-26).txt
시계열,1925-12-26,수록 문집 간행일,시,산 위에,김소월,543,https://ko.wikisource.org/wiki/%EC%A7%84%EB%8B%AC%EB%9E%98%EA%BD%83_%28%EC%8B%9C%EC%A7%91%29/%EC%82%B0_%EC%9C%84%EC%97%90,본문/시/김소월 - 산 위에 (1925-12-26).txt
시계열,1925-12-26,수록 문집 간행일,시,산유화,김소월,183,https://ko.wikisource.org/wiki/%EC%A7%84%EB%8B%AC%EB%9E%98%EA%BD%83_%28%EC%8B%9C%EC%A7%91%29/%EC%82%B0%EC%9C%A0%ED%99%94,본문/시/김소월 - 산유화 (1925-12-26).txt
시계열,1925-12-26,수록 문집 간행일,시,새벽,김소월,149,https://ko.wikisource.org/wiki/%EC%A7%84%EB%8B%AC%EB%9E%98%EA%BD%83_%28%EC%8B%9C%EC%A7%91%29/%EC%83%88%EB%B2%BD,본문/시/김소월 - 새벽 (1925-12-26).txt
시계열,1925-12-26,수록 문집 간행일,시,생과 사,김소월,84,https://ko.wikisource.org/wiki/%EC%A7%84%EB%8B%AC%EB%9E%98%EA%BD%83_%28%EC%8B%9C%EC%A7%91%29/%EC%83%9D%EA%B3%BC_%EC%82%AC,본문/시/김소월 - 생과 사 (1925-12-26).txt
시계열,1925-12-26,수록 문집 간행일,시,서울 밤,김소월,294,https://ko.wikisource.org/wiki/%EC%A7%84%EB%8B%AC%EB%9E%98%EA%BD%83_%28%EC%8B%9C%EC%A7%91%29/%EC%84%9C%EC%9A%B8_%EB%B0%A4,본문/시/김소월 - 서울 밤 (1925-12-26).txt
시계열,1925-12-26,수록 문집 간행일,시,설움의 덩이,김소월,59,https://ko.wikisource.org/wiki/%EC%A7%84%EB%8B%AC%EB%9E%98%EA%BD%83_%28%EC%8B%9C%EC%A7%91%29/%EC%84%A4%EC%9B%80%EC%9D%98_%EB%8D%A9%EC%9D%B4,본문/시/김소월 - 설움의 덩이 (1925-12-26).txt
시계열,1925-12-26,수록 문집 간행일,시,수아,김소월,27,https://ko.wikisource.org/wiki/%EC%A7%84%EB%8B%AC%EB%9E%98%EA%BD%83_%28%EC%8B%9C%EC%A7%91%29/%EC%88%98%EC%95%84,본문/시/김소월 - 수아 (1925-12-26).txt
시계열,1925-12-26,수록 문집 간행일,시,실제 1,김소월,147,https://ko.wikisource.org/wiki/%EC%A7%84%EB%8B%AC%EB%9E%98%EA%BD%83_%28%EC%8B%9C%EC%A7%91%29/%EC%8B%A4%EC%A0%9C_1,본문/시/김소월 - 실제 1 (1925-12-26).txt
시계열,1925-12-26,수록 문집 간행일,시,실제 2,김소월,168,https://ko.wikisource.org/wiki/%EC%A7%84%EB%8B%AC%EB%9E%98%EA%BD%83_%28%EC%8B%9C%EC%A7%91%29/%EC%8B%A4%EC%A0%9C_2,본문/시/김소월 - 실제 2 (1925-12-26).txt
시계열,1925-12-26,수록 문집 간행일,시,아내 몸,김소월,104,https://ko.wikisource.org/wiki/%EC%A7%84%EB%8B%AC%EB%9E%98%EA%BD%83_%28%EC%8B%9C%EC%A7%91%29/%EC%95%84%EB%82%B4_%EB%AA%B8,본문/시/김소월 - 아내 몸 (1925-12-26).txt
시계열,1925-12-26,수록 문집 간행일,시,애모,김소월,194,https://ko.wikisource.org/wiki/%EC%A7%84%EB%8B%AC%EB%9E%98%EA%BD%83_%28%EC%8B%9C%EC%A7%91%29/%EC%95%A0%EB%AA%A8,본문/시/김소월 - 애모 (1925-12-26).txt
시계열,1925-12-26,수록 문집 간행일,시,어버이,김소월,64,https://ko.wikisource.org/wiki/%EC%A7%84%EB%8B%AC%EB%9E%98%EA%BD%83_%28%EC%8B%9C%EC%A7%91%29/%EC%96%B4%EB%B2%84%EC%9D%B4,본문/시/김소월 - 어버이 (1925-12-26).txt
시계열,1925-12-26,수록 문집 간행일,시,어인,김소월,59,https://ko.wikisource.org/wiki/%EC%A7%84%EB%8B%AC%EB%9E%98%EA%BD%83_%28%EC%8B%9C%EC%A7%91%29/%EC%96%B4%EC%9D%B8,본문/시/김소월 - 어인 (1925-12-26).txt
시계열,1925-12-26,수록 문집 간행일,시,엄숙,김소월,99,https://ko.wikisource.org/wiki/%EC%A7%84%EB%8B%AC%EB%9E%98%EA%BD%83_%28%EC%8B%9C%EC%A7%91%29/%EC%97%84%EC%88%99,본문/시/김소월 - 엄숙 (1925-12-26).txt
시계열,1925-12-26,수록 문집 간행일,시,여름의 달밤,김소월,672,https://ko.wikisource.org/wiki/%EC%A7%84%EB%8B%AC%EB%9E%98%EA%BD%83_%28%EC%8B%9C%EC%A7%91%29/%EC%97%AC%EB%A6%84%EC%9D%98_%EB%8B%AC%EB%B0%A4,본문/시/김소월 - 여름의 달밤 (1925-12-26).txt
시계열,1925-12-26,수록 문집 간행일,시,여수,김소월,320,https://ko.wikisource.org/wiki/%EC%A7%84%EB%8B%AC%EB%9E%98%EA%BD%83_%28%EC%8B%9C%EC%A7%91%29/%EC%97%AC%EC%88%98,본문/시/김소월 - 여수 (1925-12-26).txt
시계열,1925-12-26,수록 문집 간행일,시,여자의 냄새,김소월,217,https://ko.wikisource.org/wiki/%EC%A7%84%EB%8B%AC%EB%9E%98%EA%BD%83_%28%EC%8B%9C%EC%A7%91%29/%EC%97%AC%EC%9E%90%EC%9D%98_%EB%83%84%EC%83%88,본문/시/김소월 - 여자의 냄새 (1925-12-26).txt
시계열,1925-12-26,수록 문집 간행일,시,열락,김소월,159,https://ko.wikisource.org/wiki/%EC%A7%84%EB%8B%AC%EB%9E%98%EA%BD%83_%28%EC%8B%9C%EC%A7%91%29/%EC%97%B4%EB%9D%BD,본문/시/김소월 - 열락 (1925-12-26).txt
시계열,1925-12-26,수록 문집 간행일,시,예전엔 미처 몰랐어요,김소월,95,https://ko.wikisource.org/wiki/%EC%A7%84%EB%8B%AC%EB%9E%98%EA%BD%83_%28%EC%8B%9C%EC%A7%91%29/%EC%98%88%EC%A0%84%EC%97%94_%EB%AF%B8%EC%B2%98_%EB%AA%B0%EB%9E%90%EC%96%B4%EC%9A%94,본문/시/김소월 - 예전엔 미처 몰랐어요 (1925-12-26).txt
시계열,1925-12-26,수록 문집 간행일,시,옛날,김소월,53,https://ko.wikisource.org/wiki/%EC%A7%84%EB%8B%AC%EB%9E%98%EA%BD%83_%28%EC%8B%9C%EC%A7%91%29/%EC%98%9B%EB%82%A0,본문/시/김소월 - 옛날 (1925-12-26).txt
시계열,1925-12-26,수록 문집 간행일,시,옛이야기,김소월,199,https://ko.wikisource.org/wiki/%EC%A7%84%EB%8B%AC%EB%9E%98%EA%BD%83_%28%EC%8B%9C%EC%A7%91%29/%EC%98%9B%EC%9D%B4%EC%95%BC%EA%B8%B0,본문/시/김소월 - 옛이야기 (1925-12-26).txt
시계열,1925-12-26,수록 문집 간행일,시,오는 봄,김소월,317,https://ko.wikisource.org/wiki/%EC%A7%84%EB%8B%AC%EB%9E%98%EA%BD%83_%28%EC%8B%9C%EC%A7%91%29/%EC%98%A4%EB%8A%94_%EB%B4%84,본문/시/김소월 - 오는 봄 (1925-12-26).txt
시계열,1925-12-26,수록 문집 간행일,시,오시는 눈,김소월,48,https://ko.wikisource.org/wiki/%EC%A7%84%EB%8B%AC%EB%9E%98%EA%BD%83_%28%EC%8B%9C%EC%A7%91%29/%EC%98%A4%EC%8B%9C%EB%8A%94_%EB%88%88,본문/시/김소월 - 오시는 눈 (1925-12-26).txt
시계열,1925-12-26,수록 문집 간행일,시,왕십리,김소월,145,https://ko.wikisource.org/wiki/%EC%A7%84%EB%8B%AC%EB%9E%98%EA%BD%83_%28%EC%8B%9C%EC%A7%91%29/%EC%99%95%EC%8B%AD%EB%A6%AC,본문/시/김소월 - 왕십리 (1925-12-26).txt
시계열,1925-12-26,수록 문집 간행일,시,우리 집,김소월,101,https://ko.wikisource.org/wiki/%EC%A7%84%EB%8B%AC%EB%9E%98%EA%BD%83_%28%EC%8B%9C%EC%A7%91%29/%EC%9A%B0%EB%A6%AC_%EC%A7%91,본문/시/김소월 - 우리 집 (1925-12-26).txt
시계열,1925-12-26,수록 문집 간행일,시,원앙침,김소월,143,https://ko.wikisource.org/wiki/%EC%A7%84%EB%8B%AC%EB%9E%98%EA%BD%83_%28%EC%8B%9C%EC%A7%91%29/%EC%9B%90%EC%95%99%EC%B9%A8,본문/시/김소월 - 원앙침 (1925-12-26).txt
시계열,1925-12-26,수록 문집 간행일,시,월색,김소월,52,https://ko.wikisource.org/wiki/%EC%A7%84%EB%8B%AC%EB%9E%98%EA%BD%83_%28%EC%8B%9C%EC%A7%91%29/%EC%9B%94%EC%83%89,본문/시/김소월 - 월색 (1925-12-26).txt
시계열,1925-12-26,수록 문집 간행일,시,잊었던 맘,김소월,85,https://ko.wikisource.org/wiki/%EC%A7%84%EB%8B%AC%EB%9E%98%EA%BD%83_%28%EC%8B%9C%EC%A7%91%29/%EC%9E%8A%EC%97%88%EB%8D%98_%EB%A7%98,본문/시/김소월 - 잊었던 맘 (1925-12-26).txt
시계열,1925-12-26,수록 문집 간행일,시,자나 깨나 앉으나 서나,김소월,137,https://ko.wikisource.org/wiki/%EC%A7%84%EB%8B%AC%EB%9E%98%EA%BD%83_%28%EC%8B%9C%EC%A7%91%29/%EC%9E%90%EB%82%98_%EA%B9%A8%EB%82%98_%EC%95%89%EC%9C%BC%EB%82%98_%EC%84%9C%EB%82%98,본문/시/김소월 - 자나 깨나 앉으나 서나 (1925-12-26).txt
시계열,1925-12-26,수록 문집 간행일,시,자주 구름,김소월,168,https://ko.wikisource.org/wiki/%EC%A7%84%EB%8B%AC%EB%9E%98%EA%BD%83_%28%EC%8B%9C%EC%A7%91%29/%EC%9E%90%EC%A3%BC_%EA%B5%AC%EB%A6%84,본문/시/김소월 - 자주 구름 (1925-12-26).txt
시계열,1925-12-26,수록 문집 간행일,시,저녁때,김소월,172,https://ko.wikisource.org/wiki/%EC%A7%84%EB%8B%AC%EB%9E%98%EA%BD%83_%28%EC%8B%9C%EC%A7%91%29/%EC%A0%80%EB%85%81%EB%95%8C,본문/시/김소월 - 저녁때 (1925-12-26).txt
시계열,1925-12-26,수록 문집 간행일,시,전망,김소월,223,https://ko.wikisource.org/wiki/%EC%A7%84%EB%8B%AC%EB%9E%98%EA%BD%83_%28%EC%8B%9C%EC%A7%91%29/%EC%A0%84%EB%A7%9D,본문/시/김소월 - 전망 (1925-12-26).txt
시계열,1925-12-26,수록 문집 간행일,시,접동새,김소월,356,https://ko.wikisource.org/wiki/%EC%A7%84%EB%8B%AC%EB%9E%98%EA%BD%83_%28%EC%8B%9C%EC%A7%91%29/%EC%A0%91%EB%8F%99%EC%83%88,본문/시/김소월 - 접동새 (1925-12-26).txt
시계열,1925-12-26,수록 문집 간행일,시,제비,김소월,48,https://ko.wikisource.org/wiki/%EC%A7%84%EB%8B%AC%EB%9E%98%EA%BD%83_%28%EC%8B%9C%EC%A7%91%29/%EC%A0%9C%EB%B9%84,본문/시/김소월 - 제비 (1925-12-26).txt
시계열,1925-12-26,수록 문집 간행일,시,지연,김소월,68,https://ko.wikisource.org/wiki/%EC%A7%84%EB%8B%AC%EB%9E%98%EA%BD%83_%28%EC%8B%9C%EC%A7%91%29/%EC%A7%80%EC%97%B0,본문/시/김소월 - 지연 (1925-12-26).txt
시계열,1925-12-26,수록 문집 간행일,시,진달래꽃,김소월,223,https://ko.wikisource.org/wiki/%EC%A7%84%EB%8B%AC%EB%9E%98%EA%BD%83_%28%EC%8B%9C%EC%A7%91%29/%EC%A7%84%EB%8B%AC%EB%9E%98%EA%BD%83,본문/시/김소월 - 진달래꽃 (1925-12-26).txt
시계열,1925-12-26,수록 문집 간행일,시,집생각,김소월,287,https://ko.wikisource.org/wiki/%EC%A7%84%EB%8B%AC%EB%9E%98%EA%BD%83_%28%EC%8B%9C%EC%A7%91%29/%EC%A7%91%EC%83%9D%EA%B0%81,본문/시/김소월 - 집생각 (1925-12-26).txt
시계열,1925-12-26,수록 문집 간행일,시,찬 저녁,김소월,224,https://ko.wikisource.org/wiki/%EC%A7%84%EB%8B%AC%EB%9E%98%EA%BD%83_%28%EC%8B%9C%EC%A7%91%29/%EC%B0%AC_%EC%A0%80%EB%85%81,본문/시/김소월 - 찬 저녁 (1925-12-26).txt
시계열,1925-12-26,수록 문집 간행일,시,천리만리,김소월,79,https://ko.wikisource.org/wiki/%EC%A7%84%EB%8B%AC%EB%9E%98%EA%BD%83_%28%EC%8B%9C%EC%A7%91%29/%EC%B2%9C%EB%A6%AC%EB%A7%8C%EB%A6%AC,본문/시/김소월 - 천리만리 (1925-12-26).txt
시계열,1925-12-26,수록 문집 간행일,시,첫 치마,김소월,116,https://ko.wikisource.org/wiki/%EC%A7%84%EB%8B%AC%EB%9E%98%EA%BD%83_%28%EC%8B%9C%EC%A7%91%29/%EC%B2%AB_%EC%B9%98%EB%A7%88,본문/시/김소월 - 첫 치마 (1925-12-26).txt
시계열,1925-12-26,수록 문집 간행일,시,초혼,김소월,251,https://ko.wikisource.org/wiki/%EC%A7%84%EB%8B%AC%EB%9E%98%EA%BD%83_%28%EC%8B%9C%EC%A7%91%29/%EC%B4%88%ED%98%BC,본문/시/김소월 - 초혼 (1925-12-26).txt
시계열,1925-12-26,수록 문집 간행일,시,추회,김소월,102,https://ko.wikisource.org/wiki/%EC%A7%84%EB%8B%AC%EB%9E%98%EA%BD%83_%28%EC%8B%9C%EC%A7%91%29/%EC%B6%94%ED%9A%8C,본문/시/김소월 - 추회 (1925-12-26).txt
시계열,1925-12-26,수록 문집 간행일,시,춘향과 이도령,김소월,215,https://ko.wikisource.org/wiki/%EC%A7%84%EB%8B%AC%EB%9E%98%EA%BD%83_%28%EC%8B%9C%EC%A7%91%29/%EC%B6%98%ED%96%A5%EA%B3%BC_%EC%9D%B4%EB%8F%84%EB%A0%B9,본문/시/김소월 - 춘향과 이도령 (1925-12-26).txt
시계열,1925-12-26,수록 문집 간행일,시,풀 따기,김소월,176,https://ko.wikisource.org/wiki/%EC%A7%84%EB%8B%AC%EB%9E%98%EA%BD%83_%28%EC%8B%9C%EC%A7%91%29/%ED%92%80_%EB%94%B0%EA%B8%B0,본문/시/김소월 - 풀 따기 (1925-12-26).txt
시계열,1925-12-26,수록 문집 간행일,시,하늘 끝,김소월,45,https://ko.wikisource.org/wiki/%EC%A7%84%EB%8B%AC%EB%9E%98%EA%BD%83_%28%EC%8B%9C%EC%A7%91%29/%ED%95%98%EB%8A%98_%EB%81%9D,본문/시/김소월 - 하늘 끝 (1925-12-26).txt
시계열,1925-12-26,수록 문집 간행일,시,하다못해 죽어 달려가 올라,김소월,186,https://ko.wikisource.org/wiki/%EC%A7%84%EB%8B%AC%EB%9E%98%EA%BD%83_%28%EC%8B%9C%EC%A7%91%29/%ED%95%98%EB%8B%A4%EB%AA%BB%ED%95%B4_%EC%A3%BD%EC%96%B4_%EB%8B%AC%EB%A0%A4%EA%B0%80_%EC%98%AC%EB%9D%BC,본문/시/김소월 - 하다못해 죽어 달려가 올라 (1925-12-26).txt
시계열,1925-12-26,수록 문집 간행일,시,합장,김소월,185,https://ko.wikisource.org/wiki/%EC%A7%84%EB%8B%AC%EB%9E%98%EA%BD%83_%28%EC%8B%9C%EC%A7%91%29/%ED%95%A9%EC%9E%A5,본문/시/김소월 - 합장 (1925-12-26).txt
시계열,1925-12-26,수록 문집 간행일,시,해가 산마루에 저물어도,김소월,149,https://ko.wikisource.org/wiki/%EC%A7%84%EB%8B%AC%EB%9E%98%EA%BD%83_%28%EC%8B%9C%EC%A7%91%29/%ED%95%B4%EA%B0%80_%EC%82%B0%EB%A7%88%EB%A3%A8%EC%97%90_%EC%A0%80%EB%AC%BC%EC%96%B4%EB%8F%84,본문/시/김소월 - 해가 산마루에 저물어도 (1925-12-26).txt
시계열,1925-12-26,수록 문집 간행일,시,황촉불,김소월,115,https://ko.wikisource.org/wiki/%EC%A7%84%EB%8B%AC%EB%9E%98%EA%BD%83_%28%EC%8B%9C%EC%A7%91%29/%ED%99%A9%EC%B4%89%EB%B6%88,본문/시/김소월 - 황촉불 (1925-12-26).txt
시계열,1925-12-26,수록 문집 간행일,시,후살이,김소월,81,https://ko.wikisource.org/wiki/%EC%A7%84%EB%8B%AC%EB%9E%98%EA%BD%83_%28%EC%8B%9C%EC%A7%91%29/%ED%9B%84%EC%82%B4%EC%9D%B4,본문/시/김소월 - 후살이 (1925-12-26).txt
시계열,1925-12-26,수록 문집 간행일,시,훗길,김소월,144,https://ko.wikisource.org/wiki/%EC%A7%84%EB%8B%AC%EB%9E%98%EA%BD%83_%28%EC%8B%9C%EC%A7%91%29/%ED%9B%97%EA%B8%B8,본문/시/김소월 - 훗길 (1925-12-26).txt
시계열,1925-12-26,수록 문집 간행일,시,희망,김소월,162,https://ko.wikisource.org/wiki/%EC%A7%84%EB%8B%AC%EB%9E%98%EA%BD%83_%28%EC%8B%9C%EC%A7%91%29/%ED%9D%AC%EB%A7%9D,본문/시/김소월 - 희망 (1925-12-26).txt
시계열,1926-01-01,수록 문집 간행 연도,시,ᄭᅮᆷᄭᅢ고서,한용운,127,https://ko.wikisource.org/wiki/%EB%8B%98%EC%9D%98_%EC%B9%A8%EB%AC%B5/%EA%BF%88_%EA%B9%A8%EA%B3%A0%EC%84%9C,본문/시/한용운 - ᄭᅮᆷᄭᅢ고서 (1926-01-01).txt
시계열,1926-01-01,수록 문집 간행 연도,시,「사랑」을 사랑하여요,한용운,302,https://ko.wikisource.org/wiki/%EB%8B%98%EC%9D%98_%EC%B9%A8%EB%AC%B5/%E3%80%8C%EC%82%AC%EB%9E%91%E3%80%8D%EC%9D%84_%EC%82%AC%EB%9E%91%ED%95%98%EC%97%AC%EC%9A%94,본문/시/한용운 - 「사랑」을 사랑하여요 (1926-01-01).txt
시계열,1926-01-01,수록 문집 간행 연도,시,「？」,한용운,401,https://ko.wikisource.org/wiki/%EB%8B%98%EC%9D%98_%EC%B9%A8%EB%AC%B5/%E3%80%8C%EF%BC%9F%E3%80%8D,본문/시/한용운 - 「？」 (1926-01-01).txt
시계열,1926-01-01,수록 문집 간행 연도,시,七夕,한용운,768,https://ko.wikisource.org/wiki/%EB%8B%98%EC%9D%98_%EC%B9%A8%EB%AC%B5/%EC%B9%A0%EC%84%9D,본문/시/한용운 - 七夕 (1926-01-01).txt
시계열,1926-01-01,발표 연도,수필,兒時朝鮮[아시조선],최남선,71415,https://ko.wikisource.org/wiki/%EC%95%84%EC%8B%9C%EC%A1%B0%EC%84%A0,본문/수필/최남선 - 兒時朝鮮[아시조선] (1926-01-01).txt
시계열,1926-01-01,수록 문집 간행 연도,시,冥想,한용운,251,https://ko.wikisource.org/wiki/%EB%8B%98%EC%9D%98_%EC%B9%A8%EB%AC%B5/%EB%AA%85%EC%83%81,본문/시/한용운 - 冥想 (1926-01-01).txt
시계열,1926-01-01,수록 문집 간행 연도,시,反比例,한용운,167,https://ko.wikisource.org/wiki/%EB%8B%98%EC%9D%98_%EC%B9%A8%EB%AC%B5/%EB%B0%98%EB%B9%84%EB%A1%80,본문/시/한용운 - 反比例 (1926-01-01).txt
시계열,1926-01-01,수록 문집 간행 연도,시,因果律,한용운,214,https://ko.wikisource.org/wiki/%EB%8B%98%EC%9D%98_%EC%B9%A8%EB%AC%B5/%EC%9D%B8%EA%B3%BC%EC%9C%A8,본문/시/한용운 - 因果律 (1926-01-01).txt
시계열,1926-01-01,수록 문집 간행 연도,시,妖術,한용운,316,https://ko.wikisource.org/wiki/%EB%8B%98%EC%9D%98_%EC%B9%A8%EB%AC%B5/%EC%9A%94%EC%88%A0,본문/시/한용운 - 妖術 (1926-01-01).txt
시계열,1926-01-01,수록 문집 간행 연도,시,幸福,한용운,297,https://ko.wikisource.org/wiki/%EB%8B%98%EC%9D%98_%EC%B9%A8%EB%AC%B5/%ED%96%89%EB%B3%B5,본문/시/한용운 - 幸福 (1926-01-01).txt
시계열,1926-01-01,수록 문집 간행 연도,시,後悔,한용운,114,https://ko.wikisource.org/wiki/%EB%8B%98%EC%9D%98_%EC%B9%A8%EB%AC%B5/%ED%9B%84%ED%9A%8C,본문/시/한용운 - 後悔 (1926-01-01).txt
시계열,1926-01-01,수록 문집 간행 연도,시,快樂,한용운,264,https://ko.wikisource.org/wiki/%EB%8B%98%EC%9D%98_%EC%B9%A8%EB%AC%B5/%EC%BE%8C%EB%9D%BD,본문/시/한용운 - 快樂 (1926-01-01).txt
시계열,1926-01-01,수록 문집 간행 연도,시,情天恨海,한용운,298,https://ko.wikisource.org/wiki/%EB%8B%98%EC%9D%98_%EC%B9%A8%EB%AC%B5/%EC%A0%95%EC%B2%9C%ED%95%9C%ED%95%B4,본문/시/한용운 - 情天恨海 (1926-01-01).txt
시계열,1926-01-01,수록 문집 간행 연도,시,最初의 님,한용운,325,https://ko.wikisource.org/wiki/%EB%8B%98%EC%9D%98_%EC%B9%A8%EB%AC%B5/%EC%B5%9C%EC%B4%88%EC%9D%98_%EB%8B%98,본문/시/한용운 - 最初의 님 (1926-01-01).txt
시계열,1926-01-01,수록 문집 간행 연도,시,服從,한용운,144,https://ko.wikisource.org/wiki/%EB%8B%98%EC%9D%98_%EC%B9%A8%EB%AC%B5/%EB%B3%B5%EC%A2%85,본문/시/한용운 - 服從 (1926-01-01).txt
시계열,1926-01-01,수록 문집 간행 연도,시,桂月香에게,한용운,362,https://ko.wikisource.org/wiki/%EB%8B%98%EC%9D%98_%EC%B9%A8%EB%AC%B5/%EA%B3%84%EC%9B%94%ED%96%A5%EC%97%90%EA%B2%8C,본문/시/한용운 - 桂月香에게 (1926-01-01).txt
시계열,1926-01-01,수록 문집 간행 연도,시,樂園은 가시덤풀에서,한용운,326,https://ko.wikisource.org/wiki/%EB%8B%98%EC%9D%98_%EC%B9%A8%EB%AC%B5/%EB%82%99%EC%9B%90%EC%9D%80_%EA%B0%80%EC%8B%9C%EB%8D%A4%ED%92%80%EC%97%90%EC%84%9C,본문/시/한용운 - 樂園은 가시덤풀에서 (1926-01-01).txt
시계열,1926-01-01,수록 문집 간행 연도,시,海棠花,한용운,176,https://ko.wikisource.org/wiki/%EB%8B%98%EC%9D%98_%EC%B9%A8%EB%AC%B5/%ED%95%B4%EB%8B%B9%ED%99%94,본문/시/한용운 - 海棠花 (1926-01-01).txt
시계열,1926-01-01,수록 문집 간행 연도,시,滿足,한용운,253,https://ko.wikisource.org/wiki/%EB%8B%98%EC%9D%98_%EC%B9%A8%EB%AC%B5/%EB%A7%8C%EC%A1%B1,본문/시/한용운 - 滿足 (1926-01-01).txt
시계열,1926-01-01,수록 문집 간행 연도,시,生의 藝術,한용운,225,https://ko.wikisource.org/wiki/%EB%8B%98%EC%9D%98_%EC%B9%A8%EB%AC%B5/%EC%83%9D%EC%9D%98_%EC%98%88%EC%88%A0,본문/시/한용운 - 生의 藝術 (1926-01-01).txt
시계열,1926-01-01,수록 문집 간행 연도,시,眞珠,한용운,150,https://ko.wikisource.org/wiki/%EB%8B%98%EC%9D%98_%EC%B9%A8%EB%AC%B5/%EC%A7%84%EC%A3%BC,본문/시/한용운 - 眞珠 (1926-01-01).txt
시계열,1926-01-01,수록 문집 간행 연도,시,禪師의 說法,한용운,210,https://ko.wikisource.org/wiki/%EB%8B%98%EC%9D%98_%EC%B9%A8%EB%AC%B5/%EC%84%A0%EC%82%AC%EC%9D%98_%EC%84%A4%EB%B2%95,본문/시/한용운 - 禪師의 說法 (1926-01-01).txt
시계열,1926-01-01,수록 문집 간행 연도,시,秘密,한용운,211,https://ko.wikisource.org/wiki/%EB%8B%98%EC%9D%98_%EC%B9%A8%EB%AC%B5/%EB%B9%84%EB%B0%80,본문/시/한용운 - 秘密 (1926-01-01).txt
시계열,1926-01-01,수록 문집 간행 연도,시,繡의 秘密,한용운,266,https://ko.wikisource.org/wiki/%EB%8B%98%EC%9D%98_%EC%B9%A8%EB%AC%B5/%EC%88%98%EC%9D%98_%EB%B9%84%EB%B0%80,본문/시/한용운 - 繡의 秘密 (1926-01-01).txt
시계열,1926-01-01,수록 문집 간행 연도,시,苦待,한용운,619,https://ko.wikisource.org/wiki/%EB%8B%98%EC%9D%98_%EC%B9%A8%EB%AC%B5/%EA%B3%A0%EB%8C%80,본문/시/한용운 - 苦待 (1926-01-01).txt
시계열,1926-01-01,수록 문집 간행 연도,시,葡萄酒,한용운,159,https://ko.wikisource.org/wiki/%EB%8B%98%EC%9D%98_%EC%B9%A8%EB%AC%B5/%ED%8F%AC%EB%8F%84%EC%A3%BC,본문/시/한용운 - 葡萄酒 (1926-01-01).txt
시계열,1926-01-01,수록 문집 간행 연도,시,藝術家,한용운,279,https://ko.wikisource.org/wiki/%EB%8B%98%EC%9D%98_%EC%B9%A8%EB%AC%B5/%EC%98%88%EC%88%A0%EA%B0%80,본문/시/한용운 - 藝術家 (1926-01-01).txt
시계열,1926-01-01,수록 문집 간행 연도,시,誹謗,한용운,249,https://ko.wikisource.org/wiki/%EB%8B%98%EC%9D%98_%EC%B9%A8%EB%AC%B5/%EB%B9%84%EB%B0%A9,본문/시/한용운 - 誹謗 (1926-01-01).txt
시계열,1926-01-01,수록 문집 간행 연도,시,論介의 愛人이 되어서 그의 廟에,한용운,1011,https://ko.wikisource.org/wiki/%EB%8B%98%EC%9D%98_%EC%B9%A8%EB%AC%B5/%EB%85%BC%EA%B0%9C%EC%9D%98_%EC%95%A0%EC%9D%B8%EC%9D%B4_%EB%90%98%EC%96%B4%EC%84%9C_%EA%B7%B8%EC%9D%98_%EB%AC%98%EC%97%90,본문/시/한용운 - 論介의 愛人이 되어서 그의 廟에 (1926-01-01).txt
시계열,1926-01-01,수록 문집 간행 연도,시,讚頌,한용운,181,https://ko.wikisource.org/wiki/%EB%8B%98%EC%9D%98_%EC%B9%A8%EB%AC%B5/%EC%B0%AC%EC%86%A1,본문/시/한용운 - 讚頌 (1926-01-01).txt
시계열,1926-01-01,수록 문집 간행 연도,시,金剛山,한용운,320,https://ko.wikisource.org/wiki/%EB%8B%98%EC%9D%98_%EC%B9%A8%EB%AC%B5/%EA%B8%88%EA%B0%95%EC%82%B0,본문/시/한용운 - 金剛山 (1926-01-01).txt
시계열,1926-01-01,수록 문집 간행 연도,시,錯認,한용운,310,https://ko.wikisource.org/wiki/%EB%8B%98%EC%9D%98_%EC%B9%A8%EB%AC%B5/%EC%B0%A9%EC%9D%B8,본문/시/한용운 - 錯認 (1926-01-01).txt
시계열,1926-01-01,수록 문집 간행 연도,시,가지마서요,한용운,594,https://ko.wikisource.org/wiki/%EB%8B%98%EC%9D%98_%EC%B9%A8%EB%AC%B5/%EA%B0%80%EC%A7%80_%EB%A7%88%EC%85%94%EC%9A%94,본문/시/한용운 - 가지마서요 (1926-01-01).txt
시계열,1926-01-01,수록 문집 간행 연도,시,강서(江西) ‘삼묘(三墓)’에서,최남선,414,https://ko.wikisource.org/wiki/%EB%B0%B1%ED%8C%94%EB%B2%88%EB%87%8C/%EA%B0%95%EC%84%9C_%EC%82%BC%EB%AC%98%EC%97%90%EC%84%9C,본문/시/최남선 - 강서(江西) ‘삼묘(三墓)’에서 (1926-01-01).txt
시계열,1926-01-01,수록 문집 간행 연도,시,거문고 탈 때,한용운,166,https://ko.wikisource.org/wiki/%EB%8B%98%EC%9D%98_%EC%B9%A8%EB%AC%B5/%EA%B1%B0%EB%AC%B8%EA%B3%A0_%ED%83%88_%EB%95%8C,본문/시/한용운 - 거문고 탈 때 (1926-01-01).txt
시계열,1926-01-01,수록 문집 간행 연도,시,거짓 이별,한용운,295,https://ko.wikisource.org/wiki/%EB%8B%98%EC%9D%98_%EC%B9%A8%EB%AC%B5/%EA%B1%B0%EC%A7%93_%EC%9D%B4%EB%B3%84,본문/시/한용운 - 거짓 이별 (1926-01-01).txt
시계열,1926-01-01,발표 월,시,겨울 마음,이상화,87,https://ko.wikisource.org/wiki/%EA%B2%A8%EC%9A%B8_%EB%A7%88%EC%9D%8C,본문/시/이상화 - 겨울 마음 (1926-01-01).txt
시계열,1926-01-01,수록 문집 간행 연도,시,고적한밤,한용운,194,https://ko.wikisource.org/wiki/%EB%8B%98%EC%9D%98_%EC%B9%A8%EB%AC%B5/%EA%B3%A0%EC%A0%81%ED%95%9C_%EB%B0%A4,본문/시/한용운 - 고적한밤 (1926-01-01).txt
시계열,1926-01-01,수록 문집 간행 연도,시,군말,한용운,204,https://ko.wikisource.org/wiki/%EB%8B%98%EC%9D%98_%EC%B9%A8%EB%AC%B5/%EA%B5%B0%EB%A7%90,본문/시/한용운 - 군말 (1926-01-01).txt
시계열,1926-01-01,수록 문집 간행 연도,시조,궁거워,최남선,431,https://ko.wikisource.org/wiki/%EB%B0%B1%ED%8C%94%EB%B2%88%EB%87%8C/%EA%B6%81%EA%B1%B0%EC%9B%8C,본문/시조/최남선 - 궁거워 (1926-01-01).txt
시계열,1926-01-01,수록 문집 간행 연도,시,그를 보내며,한용운,183,https://ko.wikisource.org/wiki/%EB%8B%98%EC%9D%98_%EC%B9%A8%EB%AC%B5/%EA%B7%B8%EB%A5%BC_%EB%B3%B4%EB%82%B4%EB%A9%B0,본문/시/한용운 - 그를 보내며 (1926-01-01).txt
시계열,1926-01-01,발표 연도,소설,그믐밤,최서해,20320,https://ko.wikisource.org/wiki/%EA%B7%B8%EB%AF%90%EB%B0%A4,본문/소설/최서해 - 그믐밤 (1926-01-01).txt
시계열,1926-01-01,수록 문집 간행 연도,시,금강(錦江)에 떠서,최남선,468,https://ko.wikisource.org/wiki/%EB%B0%B1%ED%8C%94%EB%B2%88%EB%87%8C/%EA%B8%88%EA%B0%95%EC%97%90_%EB%96%A0%EC%84%9C,본문/시/최남선 - 금강(錦江)에 떠서 (1926-01-01).txt
시계열,1926-01-01,수록 문집 간행 연도,시,길이막혀,한용운,153,https://ko.wikisource.org/wiki/%EB%8B%98%EC%9D%98_%EC%B9%A8%EB%AC%B5/%EA%B8%B8%EC%9D%B4_%EB%A7%89%ED%98%80,본문/시/한용운 - 길이막혀 (1926-01-01).txt
시계열,1926-01-01,발표 연도,수필,까치,현진건,341,https://ko.wikisource.org/wiki/%EA%B9%8C%EC%B9%98_%28%ED%98%84%EC%A7%84%EA%B1%B4%29,본문/수필/현진건 - 까치 (1926-01-01).txt
시계열,1926-01-01,수록 문집 간행 연도,시,깨진 벼루의 명,최남선,47,https://ko.wikisource.org/wiki/%EB%B0%B1%ED%8C%94%EB%B2%88%EB%87%8C/%EA%B9%A8%EC%A7%84_%EB%B2%BC%EB%A3%A8%EC%9D%98_%EB%AA%85,본문/시/최남선 - 깨진 벼루의 명 (1926-01-01).txt
시계열,1926-01-01,수록 문집 간행 연도,시,꽃싸움,한용운,287,https://ko.wikisource.org/wiki/%EB%8B%98%EC%9D%98_%EC%B9%A8%EB%AC%B5/%EA%BD%83%EC%8B%B8%EC%9B%80,본문/시/한용운 - 꽃싸움 (1926-01-01).txt
시계열,1926-01-01,수록 문집 간행 연도,시,꽃이 먼저 알아,한용운,140,https://ko.wikisource.org/wiki/%EB%8B%98%EC%9D%98_%EC%B9%A8%EB%AC%B5/%EA%BD%83%EC%9D%B4_%EB%A8%BC%EC%A0%80_%EC%95%8C%EC%95%84,본문/시/한용운 - 꽃이 먼저 알아 (1926-01-01).txt
시계열,1926-01-01,수록 문집 간행 연도,시,꿈과 근심,한용운,97,https://ko.wikisource.org/wiki/%EB%8B%98%EC%9D%98_%EC%B9%A8%EB%AC%B5/%EA%BF%88%EA%B3%BC_%EA%B7%BC%EC%8B%AC,본문/시/한용운 - 꿈과 근심 (1926-01-01).txt
시계열,1926-01-01,수록 문집 간행 연도,시,꿈이라면,한용운,69,https://ko.wikisource.org/wiki/%EB%8B%98%EC%9D%98_%EC%B9%A8%EB%AC%B5/%EA%BF%88%EC%9D%B4%EB%9D%BC%EB%A9%B4,본문/시/한용운 - 꿈이라면 (1926-01-01).txt
시계열,1926-01-01,수록 문집 간행 연도,시,나는잇고저,한용운,184,https://ko.wikisource.org/wiki/%EB%8B%98%EC%9D%98_%EC%B9%A8%EB%AC%B5/%EB%82%98%EB%8A%94_%EC%9E%8A%EA%B3%A0%EC%A0%80,본문/시/한용운 - 나는잇고저 (1926-01-01).txt
시계열,1926-01-01,수록 문집 간행 연도,시,나룻배와 행인,한용운,178,https://ko.wikisource.org/wiki/%EB%8B%98%EC%9D%98_%EC%B9%A8%EB%AC%B5/%EB%82%98%EB%A3%BB%EB%B0%B0%EC%99%80_%ED%96%89%EC%9D%B8,본문/시/한용운 - 나룻배와 행인 (1926-01-01).txt
시계열,1926-01-01,수록 문집 간행 연도,시,나의 꿈,한용운,143,https://ko.wikisource.org/wiki/%EB%8B%98%EC%9D%98_%EC%B9%A8%EB%AC%B5/%EB%82%98%EC%9D%98_%EA%BF%88,본문/시/한용운 - 나의 꿈 (1926-01-01).txt
시계열,1926-01-01,수록 문집 간행 연도,시,나의 노래,한용운,435,https://ko.wikisource.org/wiki/%EB%8B%98%EC%9D%98_%EC%B9%A8%EB%AC%B5/%EB%82%98%EC%9D%98_%EB%85%B8%EB%9E%98,본문/시/한용운 - 나의 노래 (1926-01-01).txt
시계열,1926-01-01,수록 문집 간행 연도,시,나의길,한용운,308,https://ko.wikisource.org/wiki/%EB%8B%98%EC%9D%98_%EC%B9%A8%EB%AC%B5/%EB%82%98%EC%9D%98_%EA%B8%B8,본문/시/한용운 - 나의길 (1926-01-01).txt
시계열,1926-01-01,수록 문집 간행 연도,시,낙동강(洛東江)에서,최남선,147,https://ko.wikisource.org/wiki/%EB%B0%B1%ED%8C%94%EB%B2%88%EB%87%8C/%EB%82%99%EB%8F%99%EA%B0%95%EC%97%90%EC%84%9C,본문/시/최남선 - 낙동강(洛東江)에서 (1926-01-01).txt
시계열,1926-01-01,수록 문집 간행 연도,시,낙원은 가시덤불에서,한용운,314,https://ko.wikisource.org/wiki/%EB%8B%98%EC%9D%98_%EC%B9%A8%EB%AC%B5/%EB%82%99%EC%9B%90%EC%9D%80_%EA%B0%80%EC%8B%9C%EB%8D%A4%EB%B6%88%EC%97%90%EC%84%9C,본문/시/한용운 - 낙원은 가시덤불에서 (1926-01-01).txt
시계열,1926-01-01,수록 문집 간행 연도,시,눈물,한용운,400,https://ko.wikisource.org/wiki/%EB%8B%98%EC%9D%98_%EC%B9%A8%EB%AC%B5/%EB%88%88%EB%AC%BC,본문/시/한용운 - 눈물 (1926-01-01).txt
시계열,1926-01-01,수록 문집 간행 연도,시,님께만,최남선,48,https://ko.wikisource.org/wiki/%EB%B0%B1%ED%8C%94%EB%B2%88%EB%87%8C/%EB%8B%98%EA%BB%98%EB%A7%8C,본문/시/최남선 - 님께만 (1926-01-01).txt
시계열,1926-01-01,수록 문집 간행 연도,시,님의 손ㅅ길,한용운,301,https://ko.wikisource.org/wiki/%EB%8B%98%EC%9D%98_%EC%B9%A8%EB%AC%B5/%EB%8B%98%EC%9D%98_%EC%86%90%EA%B8%B8,본문/시/한용운 - 님의 손ㅅ길 (1926-01-01).txt
시계열,1926-01-01,수록 문집 간행 연도,시,님의 얼골,한용운,303,https://ko.wikisource.org/wiki/%EB%8B%98%EC%9D%98_%EC%B9%A8%EB%AC%B5/%EB%8B%98%EC%9D%98_%EC%96%BC%EA%B5%B4,본문/시/한용운 - 님의 얼골 (1926-01-01).txt
시계열,1926-01-01,수록 문집 간행 연도,시,님의沈默,한용운,376,https://ko.wikisource.org/wiki/%EB%8B%98%EC%9D%98_%EC%B9%A8%EB%AC%B5/%EB%8B%98%EC%9D%98_%EC%B9%A8%EB%AC%B5,본문/시/한용운 - 님의沈默 (1926-01-01).txt
시계열,1926-01-01,수록 문집 간행 연도,시,단군굴(壇君窟)에서,최남선,145,https://ko.wikisource.org/wiki/%EB%B0%B1%ED%8C%94%EB%B2%88%EB%87%8C/%EB%8B%A8%EA%B5%B0%EA%B5%B4%EC%97%90%EC%84%9C,본문/시/최남선 - 단군굴(壇君窟)에서 (1926-01-01).txt
시계열,1926-01-01,발표 연도,수필,단군론,최남선,69098,https://ko.wikisource.org/wiki/%EB%8B%A8%EA%B5%B0%EB%A1%A0,본문/수필/최남선 - 단군론 (1926-01-01).txt
시계열,1926-01-01,수록 문집 간행 연도,시,달을 보며,한용운,175,https://ko.wikisource.org/wiki/%EB%8B%98%EC%9D%98_%EC%B9%A8%EB%AC%B5/%EB%8B%AC%EC%9D%84_%EB%B3%B4%EB%A9%B0,본문/시/한용운 - 달을 보며 (1926-01-01).txt
시계열,1926-01-01,발표일,수필,달의 파란 웃음,이효석,1078,https://ko.wikisource.org/wiki/%EB%8B%AC%EC%9D%98_%ED%8C%8C%EB%9E%80_%EC%9A%B0%EC%88%A8,본문/수필/이효석 - 달의 파란 웃음 (1926-01-01).txt
시계열,1926-01-01,수록 문집 간행 연도,시,당신 가신 때,한용운,208,https://ko.wikisource.org/wiki/%EB%8B%98%EC%9D%98_%EC%B9%A8%EB%AC%B5/%EB%8B%B9%EC%8B%A0_%EA%B0%80%EC%8B%A0_%EB%95%8C,본문/시/한용운 - 당신 가신 때 (1926-01-01).txt
시계열,1926-01-01,수록 문집 간행 연도,시,당신은,한용운,132,https://ko.wikisource.org/wiki/%EB%8B%98%EC%9D%98_%EC%B9%A8%EB%AC%B5/%EB%8B%B9%EC%8B%A0%EC%9D%80,본문/시/한용운 - 당신은 (1926-01-01).txt
시계열,1926-01-01,수록 문집 간행 연도,시,당신을 보았습니다,한용운,349,https://ko.wikisource.org/wiki/%EB%8B%98%EC%9D%98_%EC%B9%A8%EB%AC%B5/%EB%8B%B9%EC%8B%A0%EC%9D%84_%EB%B3%B4%EC%95%98%EC%8A%B5%EB%8B%88%EB%8B%A4,본문/시/한용운 - 당신을 보았습니다 (1926-01-01).txt
시계열,1926-01-01,수록 문집 간행 연도,시,당신의 마음,한용운,279,https://ko.wikisource.org/wiki/%EB%8B%98%EC%9D%98_%EC%B9%A8%EB%AC%B5/%EB%8B%B9%EC%8B%A0%EC%9D%98_%EB%A7%88%EC%9D%8C,본문/시/한용운 - 당신의 마음 (1926-01-01).txt
시계열,1926-01-01,수록 문집 간행 연도,시,당신의 편지,한용운,259,https://ko.wikisource.org/wiki/%EB%8B%98%EC%9D%98_%EC%B9%A8%EB%AC%B5/%EB%8B%B9%EC%8B%A0%EC%9D%98_%ED%8E%B8%EC%A7%80,본문/시/한용운 - 당신의 편지 (1926-01-01).txt
시계열,1926-01-01,수록 문집 간행 연도,시,당신이 아니더면,한용운,133,https://ko.wikisource.org/wiki/%EB%8B%98%EC%9D%98_%EC%B9%A8%EB%AC%B5/%EB%8B%B9%EC%8B%A0%EC%9D%B4_%EC%95%84%EB%8B%88%EB%8D%94%EB%A9%B4,본문/시/한용운 - 당신이 아니더면 (1926-01-01).txt
시계열,1926-01-01,수록 문집 간행 연도,시,대동강(大洞江)에서,최남선,144,https://ko.wikisource.org/wiki/%EB%B0%B1%ED%8C%94%EB%B2%88%EB%87%8C/%EB%8C%80%EB%8F%99%EA%B0%95%EC%97%90%EC%84%9C,본문/시/최남선 - 대동강(大洞江)에서 (1926-01-01).txt
시계열,1926-01-01,발표 연도,수필,도야지와 진주,현진건,425,https://ko.wikisource.org/wiki/%EB%8F%84%EC%95%BC%EC%A7%80%EC%99%80_%EC%A7%84%EC%A3%BC,본문/수필/현진건 - 도야지와 진주 (1926-01-01).txt
시계열,1926-01-01,수록 문집 간행 연도,시,독자에게,한용운,197,https://ko.wikisource.org/wiki/%EB%8B%98%EC%9D%98_%EC%B9%A8%EB%AC%B5/%EB%8F%85%EC%9E%90%EC%97%90%EA%B2%8C,본문/시/한용운 - 독자에게 (1926-01-01).txt
시계열,1926-01-01,수록 문집 간행 연도,시,동무에게,최남선,48,https://ko.wikisource.org/wiki/%EB%B0%B1%ED%8C%94%EB%B2%88%EB%87%8C/%EB%8F%99%EB%AC%B4%EC%97%90%EA%B2%8C,본문/시/최남선 - 동무에게 (1926-01-01).txt
시계열,1926-01-01,수록 문집 간행 연도,시,동산(東山)에서,최남선,152,https://ko.wikisource.org/wiki/%EB%B0%B1%ED%8C%94%EB%B2%88%EB%87%8C/%EB%8F%99%EC%82%B0%EC%97%90%EC%84%9C,본문/시/최남선 - 동산(東山)에서 (1926-01-01).txt
시계열,1926-01-01,발표 연도,소설,동정,현진건,1657,https://ko.wikisource.org/wiki/%EB%8F%99%EC%A0%95_%28%ED%98%84%EC%A7%84%EA%B1%B4%29,본문/소설/현진건 - 동정 (1926-01-01).txt
시계열,1926-01-01,수록 문집 간행 연도,시,두견새,한용운,95,https://ko.wikisource.org/wiki/%EB%8B%98%EC%9D%98_%EC%B9%A8%EB%AC%B5/%EB%91%90%EA%B2%AC%EC%83%88,본문/시/한용운 - 두견새 (1926-01-01).txt
시계열,1926-01-01,수록 문집 간행 연도,시,떠나서,최남선,429,https://ko.wikisource.org/wiki/%EB%B0%B1%ED%8C%94%EB%B2%88%EB%87%8C/%EB%96%A0%EB%82%98%EC%84%9C,본문/시/최남선 - 떠나서 (1926-01-01).txt
시계열,1926-01-01,수록 문집 간행 연도,시,떠날 때의 님의 얼굴,한용운,207,https://ko.wikisource.org/wiki/%EB%8B%98%EC%9D%98_%EC%B9%A8%EB%AC%B5/%EB%96%A0%EB%82%A0_%EB%95%8C%EC%9D%98_%EB%8B%98%EC%9D%98_%EC%96%BC%EA%B5%B4,본문/시/한용운 - 떠날 때의 님의 얼굴 (1926-01-01).txt
시계열,1926-01-01,수록 문집 간행 연도,시,리별,한용운,821,https://ko.wikisource.org/wiki/%EB%8B%98%EC%9D%98_%EC%B9%A8%EB%AC%B5/%EC%9D%B4%EB%B3%84,본문/시/한용운 - 리별 (1926-01-01).txt
시계열,1926-01-01,수록 문집 간행 연도,시,리별은美의創造,한용운,128,https://ko.wikisource.org/wiki/%EB%8B%98%EC%9D%98_%EC%B9%A8%EB%AC%B5/%EC%9D%B4%EB%B3%84%EC%9D%80_%EB%AF%B8%EC%9D%98_%EC%B0%BD%EC%A1%B0,본문/시/한용운 - 리별은美의創造 (1926-01-01).txt
시계열,1926-01-01,발표 연도,소설,만두,최서해,2168,https://ko.wikisource.org/wiki/%EB%A7%8C%EB%91%90,본문/소설/최서해 - 만두 (1926-01-01).txt
시계열,1926-01-01,수록 문집 간행 연도,시,만월대(滿月臺)에서,최남선,890,https://ko.wikisource.org/wiki/%EB%B0%B1%ED%8C%94%EB%B2%88%EB%87%8C/%EB%A7%8C%EC%9B%94%EB%8C%80%EC%97%90%EC%84%9C,본문/시/최남선 - 만월대(滿月臺)에서 (1926-01-01).txt
시계열,1926-01-01,발표 연도,소설,미정고,나도향,28876,https://ko.wikisource.org/wiki/%EB%AF%B8%EC%A0%95%EA%B3%A0,본문/소설/나도향 - 미정고 (1926-01-01).txt
시계열,1926-01-01,저자 문서 발표 연도,소설,미치광이,최서해,6052,https://ko.wikisource.org/wiki/%EB%AF%B8%EC%B9%98%EA%B4%91%EC%9D%B4,본문/소설/최서해 - 미치광이 (1926-01-01).txt
시계열,1926-01-01,수록 문집 간행 연도,시,밤은 고요하고,한용운,128,https://ko.wikisource.org/wiki/%EB%8B%98%EC%9D%98_%EC%B9%A8%EB%AC%B5/%EB%B0%A4%EC%9D%80_%EA%B3%A0%EC%9A%94%ED%95%98%EA%B3%A0,본문/시/한용운 - 밤은 고요하고 (1926-01-01).txt
시계열,1926-01-01,수록 문집 간행 연도,시,백마강(白馬江)에서,최남선,176,https://ko.wikisource.org/wiki/%EB%B0%B1%ED%8C%94%EB%B2%88%EB%87%8C/%EB%B0%B1%EB%A7%88%EA%B0%95%EC%97%90%EC%84%9C,본문/시/최남선 - 백마강(白馬江)에서 (1926-01-01).txt
시계열,1926-01-01,수록 문집 간행 연도,시,버리지 아니하면,한용운,276,https://ko.wikisource.org/wiki/%EB%8B%98%EC%9D%98_%EC%B9%A8%EB%AC%B5/%EB%B2%84%EB%A6%AC%EC%A7%80_%EC%95%84%EB%8B%88%ED%95%98%EB%A9%B4,본문/시/한용운 - 버리지 아니하면 (1926-01-01).txt
시계열,1926-01-01,수록 문집 간행 연도,시,봄 길,최남선,147,https://ko.wikisource.org/wiki/%EB%B0%B1%ED%8C%94%EB%B2%88%EB%87%8C/%EB%B4%84%EA%B8%B8,본문/시/최남선 - 봄 길 (1926-01-01).txt
시계열,1926-01-01,수록 문집 간행 연도,시,비,한용운,248,https://ko.wikisource.org/wiki/%EB%8B%98%EC%9D%98_%EC%B9%A8%EB%AC%B5/%EB%B9%84,본문/시/한용운 - 비 (1926-01-01).txt
시계열,1926-01-01,수록 문집 간행 연도,시,비로봉(毘盧峰)에서,최남선,172,https://ko.wikisource.org/wiki/%EB%B0%B1%ED%8C%94%EB%B2%88%EB%87%8C/%EB%B9%84%EB%A1%9C%EB%B4%89%EC%97%90%EC%84%9C,본문/시/최남선 - 비로봉(毘盧峰)에서 (1926-01-01).txt
시계열,1926-01-01,발표 연도,노래,사(死)의 찬미,윤심덕,409,https://ko.wikisource.org/wiki/%EC%82%AC%EC%9D%98_%EC%B0%AC%EB%AF%B8,본문/노래/윤심덕 - 사(死)의 찬미 (1926-01-01).txt
시계열,1926-01-01,수록 문집 간행 연도,시,사랑의 測量,한용운,217,https://ko.wikisource.org/wiki/%EB%8B%98%EC%9D%98_%EC%B9%A8%EB%AC%B5/%EC%82%AC%EB%9E%91%EC%9D%98_%EC%B8%A1%EB%9F%89,본문/시/한용운 - 사랑의 測量 (1926-01-01).txt
시계열,1926-01-01,수록 문집 간행 연도,시,사랑의 끝판,한용운,205,https://ko.wikisource.org/wiki/%EB%8B%98%EC%9D%98_%EC%B9%A8%EB%AC%B5/%EC%82%AC%EB%9E%91%EC%9D%98_%EB%81%9D%ED%8C%90,본문/시/한용운 - 사랑의 끝판 (1926-01-01).txt
시계열,1926-01-01,수록 문집 간행 연도,시,사랑의 불,한용운,367,https://ko.wikisource.org/wiki/%EB%8B%98%EC%9D%98_%EC%B9%A8%EB%AC%B5/%EC%82%AC%EB%9E%91%EC%9D%98_%EB%B6%88,본문/시/한용운 - 사랑의 불 (1926-01-01).txt
시계열,1926-01-01,수록 문집 간행 연도,시,사랑의 존재,한용운,238,https://ko.wikisource.org/wiki/%EB%8B%98%EC%9D%98_%EC%B9%A8%EB%AC%B5/%EC%82%AC%EB%9E%91%EC%9D%98_%EC%A1%B4%EC%9E%AC,본문/시/한용운 - 사랑의 존재 (1926-01-01).txt
시계열,1926-01-01,수록 문집 간행 연도,시,사랑하는 까닭,한용운,180,https://ko.wikisource.org/wiki/%EB%8B%98%EC%9D%98_%EC%B9%A8%EB%AC%B5/%EC%82%AC%EB%9E%91%ED%95%98%EB%8A%94_%EA%B9%8C%EB%8B%AD,본문/시/한용운 - 사랑하는 까닭 (1926-01-01).txt
시계열,1926-01-01,발표 연도,소설,사립 정신병원장,현진건,5773,https://ko.wikisource.org/wiki/%EC%82%AC%EB%A6%BD_%EC%A0%95%EC%8B%A0%EB%B3%91%EC%9B%90%EC%9E%A5,본문/소설/현진건 - 사립 정신병원장 (1926-01-01).txt
시계열,1926-01-01,수록 문집 간행 연도,시,새 봄,최남선,144,https://ko.wikisource.org/wiki/%EB%B0%B1%ED%8C%94%EB%B2%88%EB%87%8C/%EC%83%88%EB%B4%84,본문/시/최남선 - 새 봄 (1926-01-01).txt
시계열,1926-01-01,수록 문집 간행 연도,시,새 잔디,최남선,164,https://ko.wikisource.org/wiki/%EB%B0%B1%ED%8C%94%EB%B2%88%EB%87%8C/%EC%83%88_%EC%9E%94%EB%94%94,본문/시/최남선 - 새 잔디 (1926-01-01).txt
시계열,1926-01-01,수록 문집 간행 연도,시,새해에 어린 동무에게,최남선,147,https://ko.wikisource.org/wiki/%EB%B0%B1%ED%8C%94%EB%B2%88%EB%87%8C/%EC%83%88%ED%95%B4%EC%97%90_%EC%96%B4%EB%A6%B0_%EB%8F%99%EB%AC%B4%EC%97%90%EA%B2%8C,본문/시/최남선 - 새해에 어린 동무에게 (1926-01-01).txt
시계열,1926-01-01,수록 문집 간행 연도,시,생명,한용운,267,https://ko.wikisource.org/wiki/%EB%8B%98%EC%9D%98_%EC%B9%A8%EB%AC%B5/%EC%83%9D%EB%AA%85,본문/시/한용운 - 생명 (1926-01-01).txt
시계열,1926-01-01,수록 문집 간행 연도,시,석굴암(石窟庵)에서,최남선,566,https://ko.wikisource.org/wiki/%EB%B0%B1%ED%8C%94%EB%B2%88%EB%87%8C/%EC%84%9D%EA%B5%B4%EC%95%94%EC%97%90%EC%84%9C,본문/시/최남선 - 석굴암(石窟庵)에서 (1926-01-01).txt
시계열,1926-01-01,저자 문서 발표 연도,소설,설날밤,최서해,10541,https://ko.wikisource.org/wiki/%EC%84%A4%EB%82%A0_%EB%B0%A4,본문/소설/최서해 - 설날밤 (1926-01-01).txt
시계열,1926-01-01,발표 월,동화,설떡 술떡,방정환,1495,https://ko.wikisource.org/wiki/%EC%84%A4%EB%96%A1_%EC%88%A0%EB%96%A1,본문/동화/방정환 - 설떡 술떡 (1926-01-01).txt
시계열,1926-01-01,수록 문집 간행 연도,시,세 돌,최남선,151,https://ko.wikisource.org/wiki/%EB%B0%B1%ED%8C%94%EB%B2%88%EB%87%8C/%EC%84%B8_%EB%8F%8C,본문/시/최남선 - 세 돌 (1926-01-01).txt
시계열,1926-01-01,발표 연도,시,소년공의 노래,권환,413,https://ko.wikisource.org/wiki/%EC%86%8C%EB%85%84%EA%B3%B5%EC%9D%98_%EB%85%B8%EB%9E%98,본문/시/권환 - 소년공의 노래 (1926-01-01).txt
시계열,1926-01-01,수록 문집 간행 연도,시,슯음의 三昧,한용운,284,https://ko.wikisource.org/wiki/%EB%8B%98%EC%9D%98_%EC%B9%A8%EB%AC%B5/%EC%8A%AC%ED%94%94%EC%9D%98_%EC%82%BC%EB%A7%A4,본문/시/한용운 - 슯음의 三昧 (1926-01-01).txt
시계열,1926-01-01,수록 문집 간행 연도,시,시중(市中)을 굽어보고,최남선,48,https://ko.wikisource.org/wiki/%EB%B0%B1%ED%8C%94%EB%B2%88%EB%87%8C/%EC%8B%9C%EC%A4%91%EC%9D%84_%EA%B5%BD%EC%96%B4%EB%B3%B4%EA%B3%A0,본문/시/최남선 - 시중(市中)을 굽어보고 (1926-01-01).txt
시계열,1926-01-01,수록 문집 간행 연도,시,심은 버들,한용운,93,https://ko.wikisource.org/wiki/%EB%8B%98%EC%9D%98_%EC%B9%A8%EB%AC%B5/%EC%8B%AC%EC%9D%80_%EB%B2%84%EB%93%A4,본문/시/한용운 - 심은 버들 (1926-01-01).txt
시계열,1926-01-01,수록 문집 간행 연도,시조,안겨서,최남선,436,https://ko.wikisource.org/wiki/%EB%B0%B1%ED%8C%94%EB%B2%88%EB%87%8C/%EC%95%88%EA%B2%A8%EC%84%9C,본문/시조/최남선 - 안겨서 (1926-01-01).txt
시계열,1926-01-01,수록 문집 간행 연도,시,알ㅅ수업서요,한용운,271,https://ko.wikisource.org/wiki/%EB%8B%98%EC%9D%98_%EC%B9%A8%EB%AC%B5/%EC%95%8C_%EC%88%98_%EC%97%86%EC%96%B4%EC%9A%94,본문/시/한용운 - 알ㅅ수업서요 (1926-01-01).txt
시계열,1926-01-01,수록 문집 간행 연도,시,압록강(鴨綠江)에서,최남선,538,https://ko.wikisource.org/wiki/%EB%B0%B1%ED%8C%94%EB%B2%88%EB%87%8C/%EC%95%95%EB%A1%9D%EA%B0%95%EC%97%90%EC%84%9C,본문/시/최남선 - 압록강(鴨綠江)에서 (1926-01-01).txt
시계열,1926-01-01,수록 문집 간행 연도,시,어느 날,최남선,47,https://ko.wikisource.org/wiki/%EB%B0%B1%ED%8C%94%EB%B2%88%EB%87%8C/%EC%96%B4%EB%8A%90_%EB%82%A0,본문/시/최남선 - 어느 날 (1926-01-01).txt
시계열,1926-01-01,수록 문집 간행 연도,시,어느 마음,최남선,48,https://ko.wikisource.org/wiki/%EB%B0%B1%ED%8C%94%EB%B2%88%EB%87%8C/%EC%96%B4%EB%8A%90_%EB%A7%88%EC%9D%8C,본문/시/최남선 - 어느 마음 (1926-01-01).txt
시계열,1926-01-01,수록 문집 간행 연도,시,어느것이 참이냐,한용운,316,https://ko.wikisource.org/wiki/%EB%8B%98%EC%9D%98_%EC%B9%A8%EB%AC%B5/%EC%96%B4%EB%8A%90%EA%B2%83%EC%9D%B4_%EC%B0%B8%EC%9D%B4%EB%83%90,본문/시/한용운 - 어느것이 참이냐 (1926-01-01).txt
시계열,1926-01-01,수록 문집 간행 연도,시,어디라도,한용운,240,https://ko.wikisource.org/wiki/%EB%8B%98%EC%9D%98_%EC%B9%A8%EB%AC%B5/%EC%96%B4%EB%94%94%EB%9D%BC%EB%8F%84,본문/시/한용운 - 어디라도 (1926-01-01).txt
시계열,1926-01-01,수록 문집 간행 연도,시,어쩔까,최남선,432,https://ko.wikisource.org/wiki/%EB%B0%B1%ED%8C%94%EB%B2%88%EB%87%8C/%EC%96%B4%EC%A9%94%EA%B9%8C,본문/시/최남선 - 어쩔까 (1926-01-01).txt
시계열,1926-01-01,수록 문집 간행 연도,시,여름밤이 길어요,한용운,201,https://ko.wikisource.org/wiki/%EB%8B%98%EC%9D%98_%EC%B9%A8%EB%AC%B5/%EC%97%AC%EB%A6%84%EB%B0%A4%EC%9D%B4_%EA%B8%B8%EC%96%B4%EC%9A%94,본문/시/한용운 - 여름밤이 길어요 (1926-01-01).txt
시계열,1926-01-01,수록 문집 간행 연도,시,오셔요,한용운,535,https://ko.wikisource.org/wiki/%EB%8B%98%EC%9D%98_%EC%B9%A8%EB%AC%B5/%EC%98%A4%EC%85%94%EC%9A%94,본문/시/한용운 - 오셔요 (1926-01-01).txt
시계열,1926-01-01,수록 문집 간행 연도,시,우는 때,한용운,146,https://ko.wikisource.org/wiki/%EB%8B%98%EC%9D%98_%EC%B9%A8%EB%AC%B5/%EC%9A%B0%EB%8A%94_%EB%95%8C,본문/시/한용운 - 우는 때 (1926-01-01).txt
시계열,1926-01-01,수록 문집 간행 연도,시,웃으래,최남선,46,https://ko.wikisource.org/wiki/%EB%B0%B1%ED%8C%94%EB%B2%88%EB%87%8C/%EC%9B%83%EC%9C%BC%EB%9E%98,본문/시/최남선 - 웃으래 (1926-01-01).txt
시계열,1926-01-01,수록 문집 간행 연도,시,웅진(熊津)에서,최남선,700,https://ko.wikisource.org/wiki/%EB%B0%B1%ED%8C%94%EB%B2%88%EB%87%8C/%EC%9B%85%EC%A7%84%EC%97%90%EC%84%9C,본문/시/최남선 - 웅진(熊津)에서 (1926-01-01).txt
시계열,1926-01-01,수록 문집 간행 연도,시,의심하지 마서요,한용운,527,https://ko.wikisource.org/wiki/%EB%8B%98%EC%9D%98_%EC%B9%A8%EB%AC%B5/%EC%9D%98%EC%8B%AC%ED%95%98%EC%A7%80_%EB%A7%88%EC%85%94%EC%9A%94,본문/시/한용운 - 의심하지 마서요 (1926-01-01).txt
시계열,1926-01-01,수록 문집 간행 연도,시,일람각(一覽閣)에서,최남선,145,https://ko.wikisource.org/wiki/%EB%B0%B1%ED%8C%94%EB%B2%88%EB%87%8C/%EC%9D%BC%EB%9E%8C%EA%B0%81%EC%97%90%EC%84%9C,본문/시/최남선 - 일람각(一覽閣)에서 (1926-01-01).txt
시계열,1926-01-01,수록 문집 간행 연도,시,자유정조,한용운,282,https://ko.wikisource.org/wiki/%EB%8B%98%EC%9D%98_%EC%B9%A8%EB%AC%B5/%EC%9E%90%EC%9C%A0%EC%A0%95%EC%A1%B0,본문/시/한용운 - 자유정조 (1926-01-01).txt
시계열,1926-01-01,수록 문집 간행 연도,시,잠 업는 ᄭᅮᆷ,한용운,399,https://ko.wikisource.org/wiki/%EB%8B%98%EC%9D%98_%EC%B9%A8%EB%AC%B5/%EC%9E%A0_%EC%97%86%EB%8A%94_%EA%BF%88,본문/시/한용운 - 잠 업는 ᄭᅮᆷ (1926-01-01).txt
시계열,1926-01-01,수록 문집 간행 연도,시,잠꼬대,한용운,463,https://ko.wikisource.org/wiki/%EB%8B%98%EC%9D%98_%EC%B9%A8%EB%AC%B5/%EC%9E%A0%EA%BC%AC%EB%8C%80,본문/시/한용운 - 잠꼬대 (1926-01-01).txt
시계열,1926-01-01,발표 월,수필,조선 역사 그대로의 반영인 조선미술의 윤곽,김복진,4387,https://ko.wikisource.org/wiki/%EC%A1%B0%EC%84%A0_%EC%97%AD%EC%82%AC_%EA%B7%B8%EB%8C%80%EB%A1%9C%EC%9D%98_%EB%B0%98%EC%98%81%EC%9D%B8_%EC%A1%B0%EC%84%A0%EB%AF%B8%EC%88%A0%EC%9D%98_%EC%9C%A4%EA%B3%BD,본문/수필/김복진 - 조선 역사 그대로의 반영인 조선미술의 윤곽 (1926-01-01).txt
시계열,1926-01-01,발표 월,시,조선병,이상화,106,https://ko.wikisource.org/wiki/%EC%A1%B0%EC%84%A0%EB%B3%91,본문/시/이상화 - 조선병 (1926-01-01).txt
시계열,1926-01-01,창작 월,평론,조선혼과 현대정신,현진건,564,https://ko.wikisource.org/wiki/%EC%A1%B0%EC%84%A0%ED%98%BC%EA%B3%BC_%ED%98%84%EB%8C%80%EC%A0%95%EC%8B%A0%EC%9D%98_%ED%8C%8C%EC%95%85,본문/평론/현진건 - 조선혼과 현대정신 (1926-01-01).txt
시계열,1926-01-01,발표 연도,소설,지형근,나도향,25463,https://ko.wikisource.org/wiki/%EC%A7%80%ED%98%95%EA%B7%BC,본문/소설/나도향 - 지형근 (1926-01-01).txt
시계열,1926-01-01,발표 월,단편소설,쫓기어가는 이들,이익상,12929,https://ko.wikisource.org/wiki/%EC%AB%93%EA%B8%B0%EC%96%B4_%EA%B0%80%EB%8A%94_%EC%9D%B4%EB%93%A4,본문/단편소설/이익상 - 쫓기어가는 이들 (1926-01-01).txt
시계열,1926-01-01,수록 문집 간행 연도,시,차라리,한용운,184,https://ko.wikisource.org/wiki/%EB%8B%98%EC%9D%98_%EC%B9%A8%EB%AC%B5/%EC%B0%A8%EB%9D%BC%EB%A6%AC,본문/시/한용운 - 차라리 (1926-01-01).txt
시계열,1926-01-01,수록 문집 간행 연도,시,참말인가요,한용운,372,https://ko.wikisource.org/wiki/%EB%8B%98%EC%9D%98_%EC%B9%A8%EB%AC%B5/%EC%B0%B8%EB%A7%90%EC%9D%B8%EA%B0%80%EC%9A%94,본문/시/한용운 - 참말인가요 (1926-01-01).txt
시계열,1926-01-01,수록 문집 간행 연도,시,참아 주셔요,한용운,307,https://ko.wikisource.org/wiki/%EB%8B%98%EC%9D%98_%EC%B9%A8%EB%AC%B5/%EC%B0%B8%EC%95%84_%EC%A3%BC%EC%85%94%EC%9A%94,본문/시/한용운 - 참아 주셔요 (1926-01-01).txt
시계열,1926-01-01,수록 문집 간행 연도,시,창난 마음,최남선,48,https://ko.wikisource.org/wiki/%EB%B0%B1%ED%8C%94%EB%B2%88%EB%87%8C/%EC%B0%BD%EB%82%9C_%EB%A7%88%EC%9D%8C,본문/시/최남선 - 창난 마음 (1926-01-01).txt
시계열,1926-01-01,수록 문집 간행 연도,시,천왕봉(天王峰)에서,최남선,604,https://ko.wikisource.org/wiki/%EB%B0%B1%ED%8C%94%EB%B2%88%EB%87%8C/%EC%B2%9C%EC%99%95%EB%B4%89%EC%97%90%EC%84%9C,본문/시/최남선 - 천왕봉(天王峰)에서 (1926-01-01).txt
시계열,1926-01-01,수록 문집 간행 연도,시,첫 키스,한용운,143,https://ko.wikisource.org/wiki/%EB%8B%98%EC%9D%98_%EC%B9%A8%EB%AC%B5/%EC%B2%AB_%ED%82%A4%EC%8A%A4,본문/시/한용운 - 첫 키스 (1926-01-01).txt
시계열,1926-01-01,저자 문서 발표 연도,단편소설,청춘,나도향,59590,https://ko.wikisource.org/wiki/%EC%B2%AD%EC%B6%98,본문/단편소설/나도향 - 청춘 (1926-01-01).txt
시계열,1926-01-01,발표 월,시,초혼,이상화,92,https://ko.wikisource.org/wiki/%EC%B4%88%ED%98%BC_%28%EC%9D%B4%EC%83%81%ED%99%94%29,본문/시/이상화 - 초혼 (1926-01-01).txt
시계열,1926-01-01,발표 연도,시,타고르의 시 GARDENISTO를 읽고,한용운,385,https://ko.wikisource.org/wiki/%EB%8B%98%EC%9D%98_%EC%B9%A8%EB%AC%B5/%ED%83%80%EA%B3%A0%EB%A5%B4%EC%9D%98_%EC%8B%9C_GARDENISTO%EB%A5%BC_%EC%9D%BD%EA%B3%A0,본문/시/한용운 - 타고르의 시 GARDENISTO를 읽고 (1926-01-01).txt
시계열,1926-01-01,수록 문집 간행 연도,시,타골의 詩를 읽고,한용운,361,https://ko.wikisource.org/wiki/%EB%8B%98%EC%9D%98_%EC%B9%A8%EB%AC%B5/%ED%83%80%EA%B3%A8%EC%9D%98_%EC%8B%9C%28GARDENISTO%29%EB%A5%BC_%EC%9D%BD%EA%B3%A0,본문/시/한용운 - 타골의 詩를 읽고 (1926-01-01).txt
시계열,1926-01-01,수록 문집 간행 연도,시,턱 없는 원통,최남선,48,https://ko.wikisource.org/wiki/%EB%B0%B1%ED%8C%94%EB%B2%88%EB%87%8C/%ED%84%B1_%EC%97%86%EB%8A%94_%EC%9B%90%ED%86%B5,본문/시/최남선 - 턱 없는 원통 (1926-01-01).txt
시계열,1926-01-01,수록 문집 간행 연도,시,하나가되야주서요,한용운,176,https://ko.wikisource.org/wiki/%EB%8B%98%EC%9D%98_%EC%B9%A8%EB%AC%B5/%ED%95%98%EB%82%98%EA%B0%80_%EB%90%98%EC%96%B4%EC%A3%BC%EC%85%94%EC%9A%94,본문/시/한용운 - 하나가되야주서요 (1926-01-01).txt
시계열,1926-01-01,수록 문집 간행 연도,시,하느님,최남선,48,https://ko.wikisource.org/wiki/%EB%B0%B1%ED%8C%94%EB%B2%88%EB%87%8C/%ED%95%98%EB%8A%90%EB%8B%98,본문/시/최남선 - 하느님 (1926-01-01).txt
시계열,1926-01-01,발표 연도,소설,하메른의 쥐 난리,방정환,1513,https://ko.wikisource.org/wiki/%ED%95%98%EB%A9%94%EB%A5%B8%EC%9D%98_%EC%A5%90%EB%82%9C%EB%A6%AC,본문/소설/방정환 - 하메른의 쥐 난리 (1926-01-01).txt
시계열,1926-01-01,수록 문집 간행 연도,시,한강(漢江)을 흘리 저어,최남선,782,https://ko.wikisource.org/wiki/%EB%B0%B1%ED%8C%94%EB%B2%88%EB%87%8C/%ED%95%9C%EA%B0%95%EC%9D%84_%ED%9D%98%EB%A6%AC_%EC%A0%80%EC%96%B4,본문/시/최남선 - 한강(漢江)을 흘리 저어 (1926-01-01).txt
시계열,1926-01-01,수록 문집 간행 연도,시,한강(漢江)의 밤배,최남선,48,https://ko.wikisource.org/wiki/%EB%B0%B1%ED%8C%94%EB%B2%88%EB%87%8C/%ED%95%9C%EA%B0%95%EC%9D%98_%EB%85%B8%EB%9E%98,본문/시/최남선 - 한강(漢江)의 밤배 (1926-01-01).txt
시계열,1926-01-01,발표 연도,시,호남철도가,구영서,587,https://ko.wikisource.org/wiki/%ED%98%B8%EB%82%A8%EC%B2%A0%EB%8F%84%EA%B0%80,본문/시/구영서 - 호남철도가 (1926-01-01).txt
시계열,1926-01-01,발표 연도,동화,호랑이 형님,방정환,1630,https://ko.wikisource.org/wiki/%ED%98%B8%EB%9E%91%EC%9D%B4_%ED%98%95%EB%8B%98,본문/동화/방정환 - 호랑이 형님 (1926-01-01).txt
시계열,1926-01-01,수록 문집 간행 연도,시,혼자 앉아서,최남선,48,https://ko.wikisource.org/wiki/%EB%B0%B1%ED%8C%94%EB%B2%88%EB%87%8C/%ED%98%BC%EC%9E%90_%EC%95%89%EC%95%84%EC%84%9C,본문/시/최남선 - 혼자 앉아서 (1926-01-01).txt
시계열,1926-01-01,수록 문집 간행 연도,시,혼자 자다가,최남선,48,https://ko.wikisource.org/wiki/%EB%B0%B1%ED%8C%94%EB%B2%88%EB%87%8C/%ED%98%BC%EC%9E%90_%EC%9E%90%EB%8B%A4%EA%B0%80,본문/시/최남선 - 혼자 자다가 (1926-01-01).txt
시계열,1926-01-04,발표일,시,본능(本能)의 놀애,이상화,396,https://ko.wikisource.org/wiki/%EB%B3%B8%EB%8A%A5%EC%9D%98_%EB%85%B8%EB%9E%98,본문/시/이상화 - 본능(本能)의 놀애 (1926-01-04).txt
시계열,1926-02-01,발표 월,시,「도―교―」에서,이상화,487,https://ko.wikisource.org/wiki/%EB%8F%99%EA%B2%BD%EC%97%90%EC%84%9C,본문/시/이상화 - 「도―교―」에서 (1926-02-01).txt
시계열,1926-02-01,발표 월,수필,무명 영웅,에드몽 로스탕,5490,https://ko.wikisource.org/wiki/%EB%AC%B4%EB%AA%85_%EC%98%81%EC%9B%85,본문/수필/에드몽 로스탕 - 무명 영웅 (1926-02-01).txt
시계열,1926-02-01,발표 월,단편소설,백금,최서해,9305,https://ko.wikisource.org/wiki/%EB%B0%B1%EA%B8%88,본문/단편소설/최서해 - 백금 (1926-02-01).txt
시계열,1926-02-01,발표 월,소설,천일야화,방정환,1924,https://ko.wikisource.org/wiki/%EC%B2%9C%EC%9D%BC%EC%95%BC%ED%99%94,본문/소설/방정환 - 천일야화 (1926-02-01).txt
시계열,1926-02-01,창작 월,시,현해탄,심훈,543,https://ko.wikisource.org/wiki/%EA%B7%B8%EB%82%A0%EC%9D%B4_%EC%98%A4%EB%A9%B4/%ED%98%84%ED%95%B4%ED%83%84,본문/시/심훈 - 현해탄 (1926-02-01).txt
시계열,1926-02-14,발표일,수필,노인의 죽엄,이효석,1247,https://ko.wikisource.org/wiki/%EB%85%B8%EC%9D%B8%EC%9D%98_%EC%A3%BD%EC%97%84,본문/수필/이효석 - 노인의 죽엄 (1926-02-14).txt
시계열,1926-03-01,발표 월,소설,고향,현진건,3946,https://ko.wikisource.org/wiki/%EA%B3%A0%ED%96%A5_%28%ED%98%84%EC%A7%84%EA%B1%B4%29,본문/소설/현진건 - 고향 (1926-03-01).txt
시계열,1926-03-01,발표 월,시,실제 4,박용철,151,https://ko.wikisource.org/wiki/%EB%B0%95%EC%9A%A9%EC%B2%A0_%EC%8B%9C%EC%A7%91/%EC%8B%A4%EC%A0%9C_4,본문/시/박용철 - 실제 4 (1926-03-01).txt
시계열,1926-03-01,발표 월,동화,옹기 셈,방정환,2015,https://ko.wikisource.org/wiki/%EC%98%B9%EA%B8%B0_%EC%85%88,본문/동화/방정환 - 옹기 셈 (1926-03-01).txt
시계열,1926-03-01,발표 월,시,원시적(原始的) 읍울,이상화,408,https://ko.wikisource.org/wiki/%EC%9B%90%EC%8B%9C%EC%A0%81_%EC%9D%8D%EC%9A%B8,본문/시/이상화 - 원시적(原始的) 읍울 (1926-03-01).txt
시계열,1926-03-01,발표 월,시,이 해를 보내는 노래,이상화,550,https://ko.wikisource.org/wiki/%EC%9D%B4_%ED%95%B4%EB%A5%BC_%EB%B3%B4%EB%82%B4%EB%8A%94_%EB%85%B8%EB%9E%98,본문/시/이상화 - 이 해를 보내는 노래 (1926-03-01).txt
시계열,1926-03-01,발표 월,단편소설,해돋이,최서해,25240,https://ko.wikisource.org/wiki/%ED%95%B4%EB%8F%8B%EC%9D%B4,본문/단편소설/최서해 - 해돋이 (1926-03-01).txt
시계열,1926-04-01,발표 월,소설,굉장한 약방문,방정환,459,https://ko.wikisource.org/wiki/%EA%B5%89%EC%9E%A5%ED%95%9C_%EC%95%BD%EB%B0%A9%EB%AC%B8,본문/소설/방정환 - 굉장한 약방문 (1926-04-01).txt
시계열,1926-04-01,발표 월,동화,벚꽃 이야기,방정환,1919,https://ko.wikisource.org/wiki/%EB%B2%9A%EA%BD%83_%EC%9D%B4%EC%95%BC%EA%B8%B0,본문/동화/방정환 - 벚꽃 이야기 (1926-04-01).txt
시계열,1926-04-01,발표 월,시,시인(詩人)에게,이상화,283,https://ko.wikisource.org/wiki/%EC%8B%9C%EC%9D%B8%EC%97%90%EA%B2%8C,본문/시/이상화 - 시인(詩人)에게 (1926-04-01).txt
시계열,1926-04-01,발표 월,시,통곡,이상화,68,https://ko.wikisource.org/wiki/%ED%86%B5%EA%B3%A1,본문/시/이상화 - 통곡 (1926-04-01).txt
시계열,1926-04-01,발표 월,소설,피묻은 편지 몇 쪽,나도향,14459,https://ko.wikisource.org/wiki/%ED%94%BC%EB%AC%BB%EC%9D%80_%ED%8E%B8%EC%A7%80_%EB%AA%87_%EC%AA%BD,본문/소설/나도향 - 피묻은 편지 몇 쪽 (1926-04-01).txt
시계열,1926-04-04,발표일,단편소설,가로의 요술사,이효석,1197,https://ko.wikisource.org/wiki/%EA%B0%80%EB%A1%9C%EC%9D%98_%EC%9A%94%EC%88%A0%EC%82%AC,본문/단편소설/이효석 - 가로의 요술사 (1926-04-04).txt
시계열,1926-04-27,발표일,기타,大行哀辭,정인보,1529,https://ko.wikisource.org/wiki/%EB%8C%80%ED%96%89%EC%95%A0%EC%82%AC,본문/기타/정인보 - 大行哀辭 (1926-04-27).txt
시계열,1926-05-01,발표 월,동화,(신기한 이야기) 무서운 두꺼비,방정환,1693,https://ko.wikisource.org/wiki/%EB%AC%B4%EC%84%9C%EC%9A%B4_%EB%91%90%EA%BA%BC%EB%B9%84,본문/동화/방정환 - (신기한 이야기) 무서운 두꺼비 (1926-05-01).txt
시계열,1926-05-01,창작 월,시,나의 강산이여,심훈,434,https://ko.wikisource.org/wiki/%EA%B7%B8%EB%82%A0%EC%9D%B4_%EC%98%A4%EB%A9%B4/%EB%82%98%EC%9D%98_%EA%B0%95%EC%82%B0%EC%9D%B4%EC%97%AC,본문/시/심훈 - 나의 강산이여 (1926-05-01).txt
시계열,1926-05-01,발표 월,동화,망두석 재판,이정호,3429,https://ko.wikisource.org/wiki/%EB%A7%9D%EB%91%90%EC%84%9D_%EC%9E%AC%ED%8C%90,본문/동화/이정호 - 망두석 재판 (1926-05-01).txt
시계열,1926-05-01,발표 월,시,머ᅟᅵᆫ 기대,이상화,170,https://ko.wikisource.org/wiki/%EB%A8%BC_%EA%B8%B0%EB%8C%80,본문/시/이상화 - 머ᅟᅵᆫ 기대 (1926-05-01).txt
시계열,1926-05-01,발표 월,시,설어운 조화,이상화,121,https://ko.wikisource.org/wiki/%EC%84%9C%EB%9F%AC%EC%9A%B4_%EC%A1%B0%ED%99%94,본문/시/이상화 - 설어운 조화 (1926-05-01).txt
시계열,1926-05-01,창작 월,소설,어부(漁夫)와 마귀,방정환,8280,https://ko.wikisource.org/wiki/%EC%96%B4%EB%B6%80%EC%99%80_%EB%A7%88%EA%B7%80,본문/소설/방정환 - 어부(漁夫)와 마귀 (1926-05-01).txt
시계열,1926-05-01,발표 월,시,헌 모자,정순철,231,https://ko.wikisource.org/wiki/%EA%B0%88%EC%9E%8E_%ED%94%BC%EB%A6%AC/%ED%97%8C_%EB%AA%A8%EC%9E%90,본문/시/정순철 - 헌 모자 (1926-05-01).txt
시계열,1926-05-10,발표일,중편소설,마의태자,이광수,283317,https://ko.wikisource.org/wiki/%EB%A7%88%EC%9D%98%ED%83%9C%EC%9E%90,본문/중편소설/이광수 - 마의태자 (1926-05-10).txt
시계열,1926-06-01,발표 월,소설,R군에게,조명희,12068,https://ko.wikisource.org/wiki/R%EA%B5%B0%EC%97%90%EA%B2%8C,본문/소설/조명희 - R군에게 (1926-06-01).txt
시계열,1926-06-01,발표 월,시,ᄲᅢ앗긴 들에도 봄은 오는가,이상화,989,https://ko.wikisource.org/wiki/%EB%B9%BC%EC%95%97%EA%B8%B4_%EB%93%A4%EC%97%90%EB%8F%84_%EB%B4%84%EC%9D%80_%EC%98%A4%EB%8A%94%EA%B0%80,본문/시/이상화 - ᄲᅢ앗긴 들에도 봄은 오는가 (1926-06-01).txt
시계열,1926-06-01,발표 월,시,달밤― 도회,이상화,261,https://ko.wikisource.org/wiki/%EB%8B%AC%EB%B0%A4-_%EB%8F%84%ED%9A%8C,본문/시/이상화 - 달밤― 도회 (1926-06-01).txt
시계열,1926-06-01,발표 월,시,달아,이상화,226,https://ko.wikisource.org/wiki/%EB%8B%AC%EC%95%84,본문/시/이상화 - 달아 (1926-06-01).txt
시계열,1926-06-01,발표 월,시,봄 못,김소월,146,https://ko.wikisource.org/wiki/%EB%B4%84_%EB%AA%BB,본문/시/김소월 - 봄 못 (1926-06-01).txt
시계열,1926-06-01,발표 월,시,봄하늘에 눈물이 돌다,이장희,323,https://ko.wikisource.org/wiki/%EB%B4%84%ED%95%98%EB%8A%98%EC%97%90_%EB%88%88%EB%AC%BC%EC%9D%B4_%EB%8F%8C%EB%8B%A4,본문/시/이장희 - 봄하늘에 눈물이 돌다 (1926-06-01).txt
시계열,1926-06-01,발표 월,시,비 갠 아츰,이상화,202,https://ko.wikisource.org/wiki/%EB%B9%84_%EA%B0%A0_%EC%95%84%EC%B9%A8,본문/시/이상화 - 비 갠 아츰 (1926-06-01).txt
시계열,1926-06-01,발표 월,시,파—란 비,이상화,276,https://ko.wikisource.org/wiki/%ED%8C%8C%EB%9E%80_%EB%B9%84,본문/시/이상화 - 파—란 비 (1926-06-01).txt
시계열,1926-07-01,발표 월,시,녀름비,방정환,76,https://ko.wikisource.org/wiki/%EC%97%AC%EB%A6%84%EB%B9%84,본문/시/방정환 - 녀름비 (1926-07-01).txt
시계열,1926-07-01,발표 월,소설,화염에 싸인 원한,나도향,20086,https://ko.wikisource.org/wiki/%ED%99%94%EC%97%BC%EC%97%90_%EC%8B%B8%EC%9D%B8_%EC%9B%90%ED%95%9C,본문/소설/나도향 - 화염에 싸인 원한 (1926-07-01).txt
시계열,1926-08-01,발표 월,수필,병상예어,나도향,3402,https://ko.wikisource.org/wiki/%EB%B3%91%EC%83%81%EC%98%88%EC%96%B4,본문/수필/나도향 - 병상예어 (1926-08-01).txt
시계열,1926-08-18,발표일,시,다림불,강경애,114,https://ko.wikisource.org/wiki/%EB%8B%A4%EB%A6%BC%EB%B6%88,본문/시/강경애 - 다림불 (1926-08-18).txt
시계열,1926-09-01,발표 월,동화,방귀 출신(出身) 최(崔)덜렁,방정환,2758,https://ko.wikisource.org/wiki/%EB%B0%A9%EA%B7%80_%EC%B6%9C%EC%8B%A0_%EC%B5%9C%EB%8D%9C%EB%A0%81,본문/동화/방정환 - 방귀 출신(出身) 최(崔)덜렁 (1926-09-01).txt
시계열,1926-09-27,발표일,소설,마음을 갈아먹는 사람,조명희,5476,https://ko.wikisource.org/wiki/%EB%A7%88%EC%9D%8C%EC%9D%84_%EA%B0%88%EC%95%84%EB%A8%B9%EB%8A%94_%EC%82%AC%EB%9E%8C,본문/소설/조명희 - 마음을 갈아먹는 사람 (1926-09-27).txt
시계열,1926-10-01,발표 월,동화,시골쥐 서울 구경,방정환,3199,https://ko.wikisource.org/wiki/%EC%8B%9C%EA%B3%A8%EC%A5%90_%EC%84%9C%EC%9A%B8_%EA%B5%AC%EA%B2%BD,본문/동화/방정환 - 시골쥐 서울 구경 (1926-10-01).txt
시계열,1926-10-01,창작 월,수필,옛날 학교 이야기,방정환,9211,https://ko.wikisource.org/wiki/%EC%98%9B%EB%82%A0_%ED%95%99%EA%B5%90_%EC%9D%B4%EC%95%BC%EA%B8%B0,본문/수필/방정환 - 옛날 학교 이야기 (1926-10-01).txt
시계열,1926-10-01,발표 월,동화,욕심쟁이 땅차지,방정환,1108,https://ko.wikisource.org/wiki/%EC%9A%95%EC%8B%AC%EC%9F%81%EC%9D%B4_%EB%95%85%EC%B0%A8%EC%A7%80,본문/동화/방정환 - 욕심쟁이 땅차지 (1926-10-01).txt
시계열,1926-11-01,발표 월,시,눈,이장희,78,https://ko.wikisource.org/wiki/%EB%88%88_%28%EC%9D%B4%EC%9E%A5%ED%9D%AC%29,본문/시/이장희 - 눈 (1926-11-01).txt
시계열,1926-11-01,발표 월,시,병적(病的) 계절,이상화,173,https://ko.wikisource.org/wiki/%EB%B3%91%EC%A0%81_%EA%B3%84%EC%A0%88,본문/시/이상화 - 병적(病的) 계절 (1926-11-01).txt
시계열,1926-11-01,발표 월,동화,엉터리 병정,방정환,804,https://ko.wikisource.org/wiki/%EC%97%89%ED%84%B0%EB%A6%AC_%EB%B3%91%EC%A0%95,본문/동화/방정환 - 엉터리 병정 (1926-11-01).txt
시계열,1926-11-01,발표 월,소설,저기압,조명희,4255,https://ko.wikisource.org/wiki/%EC%A0%80%EA%B8%B0%EC%95%95,본문/소설/조명희 - 저기압 (1926-11-01).txt
시계열,1926-11-01,발표 월,시,지구(地球) 흑점(黑點)의 노래,이상화,390,https://ko.wikisource.org/wiki/%EC%A7%80%EA%B5%AC_%ED%9D%91%EC%A0%90%EC%9D%98_%EB%85%B8%EB%9E%98,본문/시/이상화 - 지구(地球) 흑점(黑點)의 노래 (1926-11-01).txt
시계열,1926-12-01,발표 월,소설,누구의 罪?,로버트 매길,6981,https://ko.wikisource.org/wiki/%EB%88%84%EA%B5%AC%EC%9D%98_%EC%A3%84_%28%EB%B0%A9%EC%A0%95%ED%99%98%29,본문/소설/로버트 매길 - 누구의 罪 (1926-12-01).txt
시계열,1926-12-01,창작 월,동화,미련이 나라,방정환,5090,https://ko.wikisource.org/wiki/%EB%AF%B8%EB%A0%A8%EC%9D%B4_%EB%82%98%EB%9D%BC,본문/동화/방정환 - 미련이 나라 (1926-12-01).txt
시계열,1926-12-01,창작 월,소설,흘러간 삼남매,방정환,9272,https://ko.wikisource.org/wiki/%ED%9D%98%EB%9F%AC%EA%B0%84_%EC%82%BC%EB%82%A8%EB%A7%A4,본문/소설/방정환 - 흘러간 삼남매 (1926-12-01).txt
시계열,1926-12-07,발표일,시,가갸날,한용운,350,https://ko.wikisource.org/wiki/%EB%8B%98%EC%9D%98_%EC%B9%A8%EB%AC%B5/%EA%B0%80%EA%B0%B8%EB%82%A0,본문/시/한용운 - 가갸날 (1926-12-07).txt
시계열,1927-01-01,수록 문집 간행 연도,시,가신님의 묘 위에서,권구현,139,https://ko.wikisource.org/wiki/%ED%9D%91%EB%B0%A9%EC%9D%98_%EC%84%A0%EB%AC%BC/%EA%B0%80%EC%8B%A0%EB%8B%98%EC%9D%98_%EB%AC%98_%EC%9C%84%EC%97%90%EC%84%9C,본문/시/권구현 - 가신님의 묘 위에서 (1927-01-01).txt
시계열,1927-01-01,수록 문집 간행 연도,시,가을 거리에서,권구현,134,https://ko.wikisource.org/wiki/%ED%9D%91%EB%B0%A9%EC%9D%98_%EC%84%A0%EB%AC%BC/%EA%B0%80%EC%9D%84_%EA%B1%B0%EB%A6%AC%EC%97%90%EC%84%9C,본문/시/권구현 - 가을 거리에서 (1927-01-01).txt
시계열,1927-01-01,수록 문집 간행 연도,시,가지이다,권구현,142,https://ko.wikisource.org/wiki/%ED%9D%91%EB%B0%A9%EC%9D%98_%EC%84%A0%EB%AC%BC/%EA%B0%80%EC%A7%80%EC%9D%B4%EB%8B%A4,본문/시/권구현 - 가지이다 (1927-01-01).txt
시계열,1927-01-01,수록 문집 간행 연도,시,경험,권구현,84,https://ko.wikisource.org/wiki/%ED%9D%91%EB%B0%A9%EC%9D%98_%EC%84%A0%EB%AC%BC/%EA%B2%BD%ED%97%98,본문/시/권구현 - 경험 (1927-01-01).txt
시계열,1927-01-01,수록 문집 간행 연도,시,고독자여,권구현,81,https://ko.wikisource.org/wiki/%ED%9D%91%EB%B0%A9%EC%9D%98_%EC%84%A0%EB%AC%BC/%EA%B3%A0%EB%8F%85%EC%9E%90%EC%97%AC,본문/시/권구현 - 고독자여 (1927-01-01).txt
시계열,1927-01-01,수록 문집 간행 연도,시,관악과 고독,권구현,197,https://ko.wikisource.org/wiki/%ED%9D%91%EB%B0%A9%EC%9D%98_%EC%84%A0%EB%AC%BC/%ED%99%98%EB%9D%BD%EA%B3%BC_%EA%B3%A0%EB%8F%85,본문/시/권구현 - 관악과 고독 (1927-01-01).txt
시계열,1927-01-01,수록 문집 간행 연도,시,그대는 별이오니,권구현,82,https://ko.wikisource.org/wiki/%ED%9D%91%EB%B0%A9%EC%9D%98_%EC%84%A0%EB%AC%BC/%EA%B7%B8%EB%8C%80%EB%8A%94_%EB%B3%84%EC%9D%B4%EC%98%A4%EB%8B%88,본문/시/권구현 - 그대는 별이오니 (1927-01-01).txt
시계열,1927-01-01,발표 월,단편소설,그믐달,이익상,13036,https://ko.wikisource.org/wiki/%EA%B7%B8%EB%AF%90%EB%8B%AC_%28%EC%9D%B4%EC%9D%B5%EC%83%81%29,본문/단편소설/이익상 - 그믐달 (1927-01-01).txt
시계열,1927-01-01,발표 연도,시,근화사 삼첩,정인보,155,https://ko.wikisource.org/wiki/%EB%8B%B4%EC%9B%90%EC%8B%9C%EC%A1%B0/%EA%B7%BC%ED%99%94%EC%82%AC_%EC%82%BC%EC%B2%A9,본문/시/정인보 - 근화사 삼첩 (1927-01-01).txt
시계열,1927-01-01,수록 문집 간행 연도,시,기구,권구현,70,https://ko.wikisource.org/wiki/%ED%9D%91%EB%B0%A9%EC%9D%98_%EC%84%A0%EB%AC%BC/%EA%B8%B0%EA%B5%AC,본문/시/권구현 - 기구 (1927-01-01).txt
시계열,1927-01-01,수록 문집 간행 연도,시,기사,권구현,67,https://ko.wikisource.org/wiki/%ED%9D%91%EB%B0%A9%EC%9D%98_%EC%84%A0%EB%AC%BC/%EA%B8%B0%EC%82%AC,본문/시/권구현 - 기사 (1927-01-01).txt
시계열,1927-01-01,수록 문집 간행 연도,시,기사십,권구현,65,https://ko.wikisource.org/wiki/%ED%9D%91%EB%B0%A9%EC%9D%98_%EC%84%A0%EB%AC%BC/%EA%B8%B0%EC%82%AC%EC%8B%AD,본문/시/권구현 - 기사십 (1927-01-01).txt
시계열,1927-01-01,수록 문집 간행 연도,시,기사십구,권구현,66,https://ko.wikisource.org/wiki/%ED%9D%91%EB%B0%A9%EC%9D%98_%EC%84%A0%EB%AC%BC/%EA%B8%B0%EC%82%AC%EC%8B%AD%EA%B5%AC,본문/시/권구현 - 기사십구 (1927-01-01).txt
시계열,1927-01-01,수록 문집 간행 연도,시,기사십사,권구현,65,https://ko.wikisource.org/wiki/%ED%9D%91%EB%B0%A9%EC%9D%98_%EC%84%A0%EB%AC%BC/%EA%B8%B0%EC%82%AC%EC%8B%AD%EC%82%AC,본문/시/권구현 - 기사십사 (1927-01-01).txt
시계열,1927-01-01,수록 문집 간행 연도,시,기사십삼,권구현,60,https://ko.wikisource.org/wiki/%ED%9D%91%EB%B0%A9%EC%9D%98_%EC%84%A0%EB%AC%BC/%EA%B8%B0%EC%82%AC%EC%8B%AD%EC%82%BC,본문/시/권구현 - 기사십삼 (1927-01-01).txt
시계열,1927-01-01,수록 문집 간행 연도,시,기사십오,권구현,53,https://ko.wikisource.org/wiki/%ED%9D%91%EB%B0%A9%EC%9D%98_%EC%84%A0%EB%AC%BC/%EA%B8%B0%EC%82%AC%EC%8B%AD%EC%98%A4,본문/시/권구현 - 기사십오 (1927-01-01).txt
시계열,1927-01-01,수록 문집 간행 연도,시,기사십육,권구현,57,https://ko.wikisource.org/wiki/%ED%9D%91%EB%B0%A9%EC%9D%98_%EC%84%A0%EB%AC%BC/%EA%B8%B0%EC%82%AC%EC%8B%AD%EC%9C%A1,본문/시/권구현 - 기사십육 (1927-01-01).txt
시계열,1927-01-01,수록 문집 간행 연도,시,기사십이,권구현,77,https://ko.wikisource.org/wiki/%ED%9D%91%EB%B0%A9%EC%9D%98_%EC%84%A0%EB%AC%BC/%EA%B8%B0%EC%82%AC%EC%8B%AD%EC%9D%B4,본문/시/권구현 - 기사십이 (1927-01-01).txt
시계열,1927-01-01,수록 문집 간행 연도,시,기사십일,권구현,55,https://ko.wikisource.org/wiki/%ED%9D%91%EB%B0%A9%EC%9D%98_%EC%84%A0%EB%AC%BC/%EA%B8%B0%EC%82%AC%EC%8B%AD%EC%9D%BC,본문/시/권구현 - 기사십일 (1927-01-01).txt
시계열,1927-01-01,수록 문집 간행 연도,시,기사십칠,권구현,84,https://ko.wikisource.org/wiki/%ED%9D%91%EB%B0%A9%EC%9D%98_%EC%84%A0%EB%AC%BC/%EA%B8%B0%EC%82%AC%EC%8B%AD%EC%B9%A0,본문/시/권구현 - 기사십칠 (1927-01-01).txt
시계열,1927-01-01,수록 문집 간행 연도,시,기사십팔,권구현,70,https://ko.wikisource.org/wiki/%ED%9D%91%EB%B0%A9%EC%9D%98_%EC%84%A0%EB%AC%BC/%EA%B8%B0%EC%82%AC%EC%8B%AD%ED%8C%94,본문/시/권구현 - 기사십팔 (1927-01-01).txt
시계열,1927-01-01,수록 문집 간행 연도,시,기삼,권구현,63,https://ko.wikisource.org/wiki/%ED%9D%91%EB%B0%A9%EC%9D%98_%EC%84%A0%EB%AC%BC/%EA%B8%B0%EC%82%BC,본문/시/권구현 - 기삼 (1927-01-01).txt
시계열,1927-01-01,수록 문집 간행 연도,시,기삼십,권구현,65,https://ko.wikisource.org/wiki/%ED%9D%91%EB%B0%A9%EC%9D%98_%EC%84%A0%EB%AC%BC/%EA%B8%B0%EC%82%BC%EC%8B%AD,본문/시/권구현 - 기삼십 (1927-01-01).txt
시계열,1927-01-01,수록 문집 간행 연도,시,기삼십구,권구현,59,https://ko.wikisource.org/wiki/%ED%9D%91%EB%B0%A9%EC%9D%98_%EC%84%A0%EB%AC%BC/%EA%B8%B0%EC%82%BC%EC%8B%AD%EA%B5%AC,본문/시/권구현 - 기삼십구 (1927-01-01).txt
시계열,1927-01-01,수록 문집 간행 연도,시,기삼십사,권구현,70,https://ko.wikisource.org/wiki/%ED%9D%91%EB%B0%A9%EC%9D%98_%EC%84%A0%EB%AC%BC/%EA%B8%B0%EC%82%BC%EC%8B%AD%EC%82%AC,본문/시/권구현 - 기삼십사 (1927-01-01).txt
시계열,1927-01-01,수록 문집 간행 연도,시,기삼십삼,권구현,68,https://ko.wikisource.org/wiki/%ED%9D%91%EB%B0%A9%EC%9D%98_%EC%84%A0%EB%AC%BC/%EA%B8%B0%EC%82%BC%EC%8B%AD%EC%82%BC,본문/시/권구현 - 기삼십삼 (1927-01-01).txt
시계열,1927-01-01,수록 문집 간행 연도,시,기삼십오,권구현,65,https://ko.wikisource.org/wiki/%ED%9D%91%EB%B0%A9%EC%9D%98_%EC%84%A0%EB%AC%BC/%EA%B8%B0%EC%82%BC%EC%8B%AD%EC%98%A4,본문/시/권구현 - 기삼십오 (1927-01-01).txt
시계열,1927-01-01,수록 문집 간행 연도,시,기삼십육,권구현,56,https://ko.wikisource.org/wiki/%ED%9D%91%EB%B0%A9%EC%9D%98_%EC%84%A0%EB%AC%BC/%EA%B8%B0%EC%82%BC%EC%8B%AD%EC%9C%A1,본문/시/권구현 - 기삼십육 (1927-01-01).txt
시계열,1927-01-01,수록 문집 간행 연도,시,기삼십이,권구현,66,https://ko.wikisource.org/wiki/%ED%9D%91%EB%B0%A9%EC%9D%98_%EC%84%A0%EB%AC%BC/%EA%B8%B0%EC%82%BC%EC%8B%AD%EC%9D%B4,본문/시/권구현 - 기삼십이 (1927-01-01).txt
시계열,1927-01-01,수록 문집 간행 연도,시,기삼십일,권구현,77,https://ko.wikisource.org/wiki/%ED%9D%91%EB%B0%A9%EC%9D%98_%EC%84%A0%EB%AC%BC/%EA%B8%B0%EC%82%BC%EC%8B%AD%EC%9D%BC,본문/시/권구현 - 기삼십일 (1927-01-01).txt
시계열,1927-01-01,수록 문집 간행 연도,시,기삼십칠,권구현,64,https://ko.wikisource.org/wiki/%ED%9D%91%EB%B0%A9%EC%9D%98_%EC%84%A0%EB%AC%BC/%EA%B8%B0%EC%82%BC%EC%8B%AD%EC%B9%A0,본문/시/권구현 - 기삼십칠 (1927-01-01).txt
시계열,1927-01-01,수록 문집 간행 연도,시,기삼십팔,권구현,79,https://ko.wikisource.org/wiki/%ED%9D%91%EB%B0%A9%EC%9D%98_%EC%84%A0%EB%AC%BC/%EA%B8%B0%EC%82%BC%EC%8B%AD%ED%8C%94,본문/시/권구현 - 기삼십팔 (1927-01-01).txt
시계열,1927-01-01,수록 문집 간행 연도,시,기십,권구현,65,https://ko.wikisource.org/wiki/%ED%9D%91%EB%B0%A9%EC%9D%98_%EC%84%A0%EB%AC%BC/%EA%B8%B0%EC%8B%AD,본문/시/권구현 - 기십 (1927-01-01).txt
시계열,1927-01-01,수록 문집 간행 연도,시,기십구,권구현,65,https://ko.wikisource.org/wiki/%ED%9D%91%EB%B0%A9%EC%9D%98_%EC%84%A0%EB%AC%BC/%EA%B8%B0%EC%8B%AD%EA%B5%AC,본문/시/권구현 - 기십구 (1927-01-01).txt
시계열,1927-01-01,수록 문집 간행 연도,시,기십사,권구현,69,https://ko.wikisource.org/wiki/%ED%9D%91%EB%B0%A9%EC%9D%98_%EC%84%A0%EB%AC%BC/%EA%B8%B0%EC%8B%AD%EC%82%AC,본문/시/권구현 - 기십사 (1927-01-01).txt
시계열,1927-01-01,수록 문집 간행 연도,시,기십삼,권구현,68,https://ko.wikisource.org/wiki/%ED%9D%91%EB%B0%A9%EC%9D%98_%EC%84%A0%EB%AC%BC/%EA%B8%B0%EC%8B%AD%EC%82%BC,본문/시/권구현 - 기십삼 (1927-01-01).txt
시계열,1927-01-01,수록 문집 간행 연도,시,기십오,권구현,64,https://ko.wikisource.org/wiki/%ED%9D%91%EB%B0%A9%EC%9D%98_%EC%84%A0%EB%AC%BC/%EA%B8%B0%EC%8B%AD%EC%98%A4,본문/시/권구현 - 기십오 (1927-01-01).txt
시계열,1927-01-01,수록 문집 간행 연도,시,기십육,권구현,83,https://ko.wikisource.org/wiki/%ED%9D%91%EB%B0%A9%EC%9D%98_%EC%84%A0%EB%AC%BC/%EA%B8%B0%EC%8B%AD%EC%9C%A1,본문/시/권구현 - 기십육 (1927-01-01).txt
시계열,1927-01-01,수록 문집 간행 연도,시,기십이,권구현,71,https://ko.wikisource.org/wiki/%ED%9D%91%EB%B0%A9%EC%9D%98_%EC%84%A0%EB%AC%BC/%EA%B8%B0%EC%8B%AD%EC%9D%B4,본문/시/권구현 - 기십이 (1927-01-01).txt
시계열,1927-01-01,수록 문집 간행 연도,시,기십일,권구현,62,https://ko.wikisource.org/wiki/%ED%9D%91%EB%B0%A9%EC%9D%98_%EC%84%A0%EB%AC%BC/%EA%B8%B0%EC%8B%AD%EC%9D%BC,본문/시/권구현 - 기십일 (1927-01-01).txt
시계열,1927-01-01,수록 문집 간행 연도,시,기십칠,권구현,61,https://ko.wikisource.org/wiki/%ED%9D%91%EB%B0%A9%EC%9D%98_%EC%84%A0%EB%AC%BC/%EA%B8%B0%EC%8B%AD%EC%B9%A0,본문/시/권구현 - 기십칠 (1927-01-01).txt
시계열,1927-01-01,수록 문집 간행 연도,시,기십팔,권구현,65,https://ko.wikisource.org/wiki/%ED%9D%91%EB%B0%A9%EC%9D%98_%EC%84%A0%EB%AC%BC/%EA%B8%B0%EC%8B%AD%ED%8C%94,본문/시/권구현 - 기십팔 (1927-01-01).txt
시계열,1927-01-01,수록 문집 간행 연도,시,기오,권구현,74,https://ko.wikisource.org/wiki/%ED%9D%91%EB%B0%A9%EC%9D%98_%EC%84%A0%EB%AC%BC/%EA%B8%B0%EC%98%A4,본문/시/권구현 - 기오 (1927-01-01).txt
시계열,1927-01-01,수록 문집 간행 연도,시,기오십,권구현,60,https://ko.wikisource.org/wiki/%ED%9D%91%EB%B0%A9%EC%9D%98_%EC%84%A0%EB%AC%BC/%EA%B8%B0%EC%98%A4%EC%8B%AD,본문/시/권구현 - 기오십 (1927-01-01).txt
시계열,1927-01-01,수록 문집 간행 연도,시,기육,권구현,60,https://ko.wikisource.org/wiki/%ED%9D%91%EB%B0%A9%EC%9D%98_%EC%84%A0%EB%AC%BC/%EA%B8%B0%EC%9C%A1,본문/시/권구현 - 기육 (1927-01-01).txt
시계열,1927-01-01,수록 문집 간행 연도,시,기이,권구현,67,https://ko.wikisource.org/wiki/%ED%9D%91%EB%B0%A9%EC%9D%98_%EC%84%A0%EB%AC%BC/%EA%B8%B0%EC%9D%B4,본문/시/권구현 - 기이 (1927-01-01).txt
시계열,1927-01-01,수록 문집 간행 연도,시,기이십,권구현,68,https://ko.wikisource.org/wiki/%ED%9D%91%EB%B0%A9%EC%9D%98_%EC%84%A0%EB%AC%BC/%EA%B8%B0%EC%9D%B4%EC%8B%AD,본문/시/권구현 - 기이십 (1927-01-01).txt
시계열,1927-01-01,수록 문집 간행 연도,시,기이십구,권구현,62,https://ko.wikisource.org/wiki/%ED%9D%91%EB%B0%A9%EC%9D%98_%EC%84%A0%EB%AC%BC/%EA%B8%B0%EC%9D%B4%EC%8B%AD%EA%B5%AC,본문/시/권구현 - 기이십구 (1927-01-01).txt
시계열,1927-01-01,수록 문집 간행 연도,시,기이십사,권구현,79,https://ko.wikisource.org/wiki/%ED%9D%91%EB%B0%A9%EC%9D%98_%EC%84%A0%EB%AC%BC/%EA%B8%B0%EC%9D%B4%EC%8B%AD%EC%82%AC,본문/시/권구현 - 기이십사 (1927-01-01).txt
시계열,1927-01-01,수록 문집 간행 연도,시,기이십삼,권구현,64,https://ko.wikisource.org/wiki/%ED%9D%91%EB%B0%A9%EC%9D%98_%EC%84%A0%EB%AC%BC/%EA%B8%B0%EC%9D%B4%EC%8B%AD%EC%82%BC,본문/시/권구현 - 기이십삼 (1927-01-01).txt
시계열,1927-01-01,수록 문집 간행 연도,시,기이십오,권구현,73,https://ko.wikisource.org/wiki/%ED%9D%91%EB%B0%A9%EC%9D%98_%EC%84%A0%EB%AC%BC/%EA%B8%B0%EC%9D%B4%EC%8B%AD%EC%98%A4,본문/시/권구현 - 기이십오 (1927-01-01).txt
시계열,1927-01-01,수록 문집 간행 연도,시,기이십육,권구현,65,https://ko.wikisource.org/wiki/%ED%9D%91%EB%B0%A9%EC%9D%98_%EC%84%A0%EB%AC%BC/%EA%B8%B0%EC%9D%B4%EC%8B%AD%EC%9C%A1,본문/시/권구현 - 기이십육 (1927-01-01).txt
시계열,1927-01-01,수록 문집 간행 연도,시,기이십이,권구현,66,https://ko.wikisource.org/wiki/%ED%9D%91%EB%B0%A9%EC%9D%98_%EC%84%A0%EB%AC%BC/%EA%B8%B0%EC%9D%B4%EC%8B%AD%EC%9D%B4,본문/시/권구현 - 기이십이 (1927-01-01).txt
시계열,1927-01-01,수록 문집 간행 연도,시,기이십일,권구현,68,https://ko.wikisource.org/wiki/%ED%9D%91%EB%B0%A9%EC%9D%98_%EC%84%A0%EB%AC%BC/%EA%B8%B0%EC%9D%B4%EC%8B%AD%EC%9D%BC,본문/시/권구현 - 기이십일 (1927-01-01).txt
시계열,1927-01-01,수록 문집 간행 연도,시,기이십칠,권구현,81,https://ko.wikisource.org/wiki/%ED%9D%91%EB%B0%A9%EC%9D%98_%EC%84%A0%EB%AC%BC/%EA%B8%B0%EC%9D%B4%EC%8B%AD%EC%B9%A0,본문/시/권구현 - 기이십칠 (1927-01-01).txt
시계열,1927-01-01,수록 문집 간행 연도,시,기이십팔,권구현,69,https://ko.wikisource.org/wiki/%ED%9D%91%EB%B0%A9%EC%9D%98_%EC%84%A0%EB%AC%BC/%EA%B8%B0%EC%9D%B4%EC%8B%AD%ED%8C%94,본문/시/권구현 - 기이십팔 (1927-01-01).txt
시계열,1927-01-01,수록 문집 간행 연도,시,기일,권구현,76,https://ko.wikisource.org/wiki/%ED%9D%91%EB%B0%A9%EC%9D%98_%EC%84%A0%EB%AC%BC/%EA%B8%B0%EC%9D%BC,본문/시/권구현 - 기일 (1927-01-01).txt
시계열,1927-01-01,수록 문집 간행 연도,시,기칠,권구현,56,https://ko.wikisource.org/wiki/%ED%9D%91%EB%B0%A9%EC%9D%98_%EC%84%A0%EB%AC%BC/%EA%B8%B0%EC%B9%A0,본문/시/권구현 - 기칠 (1927-01-01).txt
시계열,1927-01-01,수록 문집 간행 연도,시,기팔,권구현,49,https://ko.wikisource.org/wiki/%ED%9D%91%EB%B0%A9%EC%9D%98_%EC%84%A0%EB%AC%BC/%EA%B8%B0%ED%8C%94,본문/시/권구현 - 기팔 (1927-01-01).txt
시계열,1927-01-01,수록 문집 간행 연도,시,꾀꼬리집,권구현,99,https://ko.wikisource.org/wiki/%ED%9D%91%EB%B0%A9%EC%9D%98_%EC%84%A0%EB%AC%BC/%EA%BE%80%EA%BC%AC%EB%A6%AC%EC%A7%91,본문/시/권구현 - 꾀꼬리집 (1927-01-01).txt
시계열,1927-01-01,발표 연도,동화,꾀나는 걸상,허문일,929,https://ko.wikisource.org/wiki/%EA%BE%80%EB%82%98%EB%8A%94_%EA%B1%B8%EC%83%81,본문/동화/허문일 - 꾀나는 걸상 (1927-01-01).txt
시계열,1927-01-01,수록 문집 간행 연도,시,나그내의 길,권구현,79,https://ko.wikisource.org/wiki/%ED%9D%91%EB%B0%A9%EC%9D%98_%EC%84%A0%EB%AC%BC/%EB%82%98%EA%B7%B8%EB%82%B4%EC%9D%98_%EA%B8%B8,본문/시/권구현 - 나그내의 길 (1927-01-01).txt
시계열,1927-01-01,수록 문집 간행 연도,시,나아가자,권구현,165,https://ko.wikisource.org/wiki/%ED%9D%91%EB%B0%A9%EC%9D%98_%EC%84%A0%EB%AC%BC/%EB%82%98%EC%95%84%EA%B0%80%EC%9E%90,본문/시/권구현 - 나아가자 (1927-01-01).txt
시계열,1927-01-01,수록 문집 간행 연도,시,낙원,권구현,113,https://ko.wikisource.org/wiki/%ED%9D%91%EB%B0%A9%EC%9D%98_%EC%84%A0%EB%AC%BC/%EB%82%99%EC%9B%90,본문/시/권구현 - 낙원 (1927-01-01).txt
시계열,1927-01-01,발표 월,소설,농촌 사람들,조명희,10667,https://ko.wikisource.org/wiki/%EB%86%8D%EC%B4%8C_%EC%82%AC%EB%9E%8C%EB%93%A4,본문/소설/조명희 - 농촌 사람들 (1927-01-01).txt
시계열,1927-01-01,수록 문집 간행 연도,시,님,권구현,30,https://ko.wikisource.org/wiki/%ED%9D%91%EB%B0%A9%EC%9D%98_%EC%84%A0%EB%AC%BC/%EB%8B%98,본문/시/권구현 - 님 (1927-01-01).txt
시계열,1927-01-01,수록 문집 간행 연도,시,님이여,권구현,82,https://ko.wikisource.org/wiki/%ED%9D%91%EB%B0%A9%EC%9D%98_%EC%84%A0%EB%AC%BC/%EB%8B%98%EC%9D%B4%EC%97%AC,본문/시/권구현 - 님이여 (1927-01-01).txt
시계열,1927-01-01,수록 문집 간행 연도,시,단장,권구현,206,https://ko.wikisource.org/wiki/%ED%9D%91%EB%B0%A9%EC%9D%98_%EC%84%A0%EB%AC%BC/%EB%8B%A8%EC%9E%A5%28%EA%B8%B0%EC%9D%BC%29,본문/시/권구현 - 단장 (1927-01-01).txt
시계열,1927-01-01,수록 문집 간행 연도,시,도라를 가자,권구현,115,https://ko.wikisource.org/wiki/%ED%9D%91%EB%B0%A9%EC%9D%98_%EC%84%A0%EB%AC%BC/%EB%8F%84%EB%9D%BC%EB%A5%BC_%EA%B0%80%EC%9E%90,본문/시/권구현 - 도라를 가자 (1927-01-01).txt
시계열,1927-01-01,수록 문집 간행 연도,시,도수장,권구현,239,https://ko.wikisource.org/wiki/%ED%9D%91%EB%B0%A9%EC%9D%98_%EC%84%A0%EB%AC%BC/%EB%8F%84%EC%88%98%EC%9E%A5,본문/시/권구현 - 도수장 (1927-01-01).txt
시계열,1927-01-01,발표일,소설,동화(童話) 농부와 톡기,이정호,2439,https://ko.wikisource.org/wiki/%EB%86%8D%EB%B6%80%EC%99%80_%ED%86%A0%EB%81%BC,본문/소설/이정호 - 동화(童話) 농부와 톡기 (1927-01-01).txt
시계열,1927-01-01,저자 문서 발표 연도,단편소설,딸의 업을 이으려,김동인,8703,https://ko.wikisource.org/wiki/%EB%94%B8%EC%9D%98_%EC%97%85%EC%9D%84_%EC%9D%B4%EC%9C%BC%EB%A0%A4,본문/단편소설/김동인 - 딸의 업을 이으려 (1927-01-01).txt
시계열,1927-01-01,수록 문집 간행 연도,시,뜻안인 이 땅에,권구현,63,https://ko.wikisource.org/wiki/%ED%9D%91%EB%B0%A9%EC%9D%98_%EC%84%A0%EB%AC%BC/%EB%9C%BB%EC%95%88%EC%9D%B8_%EC%9D%B4_%EB%95%85%EC%97%90,본문/시/권구현 - 뜻안인 이 땅에 (1927-01-01).txt
시계열,1927-01-01,수록 문집 간행 연도,시,마음,권구현,140,https://ko.wikisource.org/wiki/%ED%9D%91%EB%B0%A9%EC%9D%98_%EC%84%A0%EB%AC%BC/%EB%A7%88%EC%9D%8C,본문/시/권구현 - 마음 (1927-01-01).txt
시계열,1927-01-01,저자 문서 발표 연도,단편소설,명화 리디아,김동인,2246,https://ko.wikisource.org/wiki/%EB%AA%85%ED%99%94_%EB%A6%AC%EB%93%B8%EC%95%84,본문/단편소설/김동인 - 명화 리디아 (1927-01-01).txt
시계열,1927-01-01,수록 문집 간행 연도,시,무주혼의 독어,권구현,205,https://ko.wikisource.org/wiki/%ED%9D%91%EB%B0%A9%EC%9D%98_%EC%84%A0%EB%AC%BC/%EB%AC%B4%EC%A3%BC%ED%98%BC%EC%9D%98_%EB%8F%85%EC%96%B4,본문/시/권구현 - 무주혼의 독어 (1927-01-01).txt
시계열,1927-01-01,수록 문집 간행 연도,시,바다,권구현,96,https://ko.wikisource.org/wiki/%ED%9D%91%EB%B0%A9%EC%9D%98_%EC%84%A0%EB%AC%BC/%EB%B0%94%EB%8B%A4,본문/시/권구현 - 바다 (1927-01-01).txt
시계열,1927-01-01,수록 문집 간행 연도,시,밤낫괴로워,권구현,137,https://ko.wikisource.org/wiki/%ED%9D%91%EB%B0%A9%EC%9D%98_%EC%84%A0%EB%AC%BC/%EB%B0%A4%EB%82%AB%EA%B4%B4%EB%A1%9C%EC%9B%8C,본문/시/권구현 - 밤낫괴로워 (1927-01-01).txt
시계열,1927-01-01,수록 문집 간행 연도,시,벗이여,권구현,77,https://ko.wikisource.org/wiki/%ED%9D%91%EB%B0%A9%EC%9D%98_%EC%84%A0%EB%AC%BC/%EB%B2%97%EC%9D%B4%EC%97%AC,본문/시/권구현 - 벗이여 (1927-01-01).txt
시계열,1927-01-01,수록 문집 간행 연도,시,별불,권구현,93,https://ko.wikisource.org/wiki/%ED%9D%91%EB%B0%A9%EC%9D%98_%EC%84%A0%EB%AC%BC/%EB%B3%84%EB%B6%88,본문/시/권구현 - 별불 (1927-01-01).txt
시계열,1927-01-01,수록 문집 간행 연도,시,병상에서,권구현,129,https://ko.wikisource.org/wiki/%ED%9D%91%EB%B0%A9%EC%9D%98_%EC%84%A0%EB%AC%BC/%EB%B3%91%EC%83%81%EC%97%90%EC%84%9C,본문/시/권구현 - 병상에서 (1927-01-01).txt
시계열,1927-01-01,수록 문집 간행 연도,시,봄동산에서,권구현,154,https://ko.wikisource.org/wiki/%ED%9D%91%EB%B0%A9%EC%9D%98_%EC%84%A0%EB%AC%BC/%EB%B4%84%EB%8F%99%EC%82%B0%EC%97%90%EC%84%9C,본문/시/권구현 - 봄동산에서 (1927-01-01).txt
시계열,1927-01-01,수록 문집 간행 연도,시,부짓갱이?,권구현,118,https://ko.wikisource.org/wiki/%ED%9D%91%EB%B0%A9%EC%9D%98_%EC%84%A0%EB%AC%BC/%EB%B6%80%EC%A7%93%EA%B0%B1%EC%9D%B4%3F,본문/시/권구현 - 부짓갱이 (1927-01-01).txt
시계열,1927-01-01,수록 문집 간행 연도,시,사랑의 꼿,권구현,104,https://ko.wikisource.org/wiki/%ED%9D%91%EB%B0%A9%EC%9D%98_%EC%84%A0%EB%AC%BC/%EC%82%AC%EB%9E%91%EC%9D%98_%EA%BC%BF,본문/시/권구현 - 사랑의 꼿 (1927-01-01).txt
시계열,1927-01-01,수록 문집 간행 연도,시,생명화,권구현,103,https://ko.wikisource.org/wiki/%ED%9D%91%EB%B0%A9%EC%9D%98_%EC%84%A0%EB%AC%BC/%EC%83%9D%EB%AA%85%ED%99%94,본문/시/권구현 - 생명화 (1927-01-01).txt
시계열,1927-01-01,수록 문집 간행 연도,시,선동,권구현,63,https://ko.wikisource.org/wiki/%ED%9D%91%EB%B0%A9%EC%9D%98_%EC%84%A0%EB%AC%BC/%EC%84%A0%EB%8F%99,본문/시/권구현 - 선동 (1927-01-01).txt
시계열,1927-01-01,수록 문집 간행 연도,시,소녀의 화상,권구현,60,https://ko.wikisource.org/wiki/%ED%9D%91%EB%B0%A9%EC%9D%98_%EC%84%A0%EB%AC%BC/%EC%86%8C%EB%85%80%EC%9D%98_%ED%99%94%EC%83%81,본문/시/권구현 - 소녀의 화상 (1927-01-01).txt
시계열,1927-01-01,발표 월,수필,시끄러운 세상,홍난파,1149,https://ko.wikisource.org/wiki/%EC%8B%9C%EB%81%84%EB%9F%AC%EC%9A%B4_%EC%84%B8%EC%83%81,본문/수필/홍난파 - 시끄러운 세상 (1927-01-01).txt
시계열,1927-01-01,수록 문집 간행 연도,시,아아 그대야,권구현,72,https://ko.wikisource.org/wiki/%ED%9D%91%EB%B0%A9%EC%9D%98_%EC%84%A0%EB%AC%BC/%EC%95%84%EC%95%84_%EA%B7%B8%EB%8C%80%EC%95%BC,본문/시/권구현 - 아아 그대야 (1927-01-01).txt
시계열,1927-01-01,수록 문집 간행 연도,시,악이의 자랑,권구현,116,https://ko.wikisource.org/wiki/%ED%9D%91%EB%B0%A9%EC%9D%98_%EC%84%A0%EB%AC%BC/%EC%95%85%EC%9D%B4%EC%9D%98_%EC%9E%90%EB%9E%91,본문/시/권구현 - 악이의 자랑 (1927-01-01).txt
시계열,1927-01-01,수록 문집 간행 연도,시,여름길,권구현,70,https://ko.wikisource.org/wiki/%ED%9D%91%EB%B0%A9%EC%9D%98_%EC%84%A0%EB%AC%BC/%EC%97%AC%EB%A6%84%EA%B8%B8,본문/시/권구현 - 여름길 (1927-01-01).txt
시계열,1927-01-01,수록 문집 간행 연도,시,여명,권구현,68,https://ko.wikisource.org/wiki/%ED%9D%91%EB%B0%A9%EC%9D%98_%EC%84%A0%EB%AC%BC/%EC%97%AC%EB%AA%85,본문/시/권구현 - 여명 (1927-01-01).txt
시계열,1927-01-01,수록 문집 간행 연도,시,영생화?,권구현,113,https://ko.wikisource.org/wiki/%ED%9D%91%EB%B0%A9%EC%9D%98_%EC%84%A0%EB%AC%BC/%EC%98%81%EC%83%9D%ED%99%94%3F,본문/시/권구현 - 영생화 (1927-01-01).txt
시계열,1927-01-01,수록 문집 간행 연도,시,영원의 비애,권구현,96,https://ko.wikisource.org/wiki/%ED%9D%91%EB%B0%A9%EC%9D%98_%EC%84%A0%EB%AC%BC/%EC%98%81%EC%9B%90%EC%9D%B4_%EB%B9%84%EC%95%A0,본문/시/권구현 - 영원의 비애 (1927-01-01).txt
시계열,1927-01-01,수록 문집 간행 연도,시,우음,권구현,99,https://ko.wikisource.org/wiki/%ED%9D%91%EB%B0%A9%EC%9D%98_%EC%84%A0%EB%AC%BC/%EC%9A%B0%EC%9D%8C,본문/시/권구현 - 우음 (1927-01-01).txt
시계열,1927-01-01,수록 문집 간행 연도,시,이저지오라,권구현,54,https://ko.wikisource.org/wiki/%ED%9D%91%EB%B0%A9%EC%9D%98_%EC%84%A0%EB%AC%BC/%EC%9D%B4%EC%A0%80%EC%A7%80%EC%98%A4%EB%9D%BC,본문/시/권구현 - 이저지오라 (1927-01-01).txt
시계열,1927-01-01,수록 문집 간행 연도,시,입,권구현,122,https://ko.wikisource.org/wiki/%ED%9D%91%EB%B0%A9%EC%9D%98_%EC%84%A0%EB%AC%BC/%EC%9E%85,본문/시/권구현 - 입 (1927-01-01).txt
시계열,1927-01-01,발표 월,소설,전아사,최서해,14875,https://ko.wikisource.org/wiki/%EC%A0%84%EC%95%84%EC%82%AC,본문/소설/최서해 - 전아사 (1927-01-01).txt
시계열,1927-01-01,수록 문집 간행 연도,시,전원으로,권구현,146,https://ko.wikisource.org/wiki/%ED%9D%91%EB%B0%A9%EC%9D%98_%EC%84%A0%EB%AC%BC/%EC%A0%84%EC%9B%90%EC%9C%BC%EB%A1%9C,본문/시/권구현 - 전원으로 (1927-01-01).txt
시계열,1927-01-01,수록 문집 간행 연도,시,주악,권구현,131,https://ko.wikisource.org/wiki/%ED%9D%91%EB%B0%A9%EC%9D%98_%EC%84%A0%EB%AC%BC/%EC%A3%BC%EC%95%85,본문/시/권구현 - 주악 (1927-01-01).txt
시계열,1927-01-01,수록 문집 간행 연도,시,진주,권구현,57,https://ko.wikisource.org/wiki/%ED%9D%91%EB%B0%A9%EC%9D%98_%EC%84%A0%EB%AC%BC/%EC%A7%84%EC%A3%BC,본문/시/권구현 - 진주 (1927-01-01).txt
시계열,1927-01-01,수록 문집 간행 연도,시,편련,권구현,87,https://ko.wikisource.org/wiki/%ED%9D%91%EB%B0%A9%EC%9D%98_%EC%84%A0%EB%AC%BC/%ED%8E%B8%EB%A0%A8,본문/시/권구현 - 편련 (1927-01-01).txt
시계열,1927-01-01,수록 문집 간행 연도,시,폭풍우의 밤,권구현,121,https://ko.wikisource.org/wiki/%ED%9D%91%EB%B0%A9%EC%9D%98_%EC%84%A0%EB%AC%BC/%ED%8F%AD%ED%92%8D%EC%9A%B0%EC%9D%98_%EB%B0%A4,본문/시/권구현 - 폭풍우의 밤 (1927-01-01).txt
시계열,1927-01-01,발표 월,소설,해 뜨는 지평선,현진건,15590,https://ko.wikisource.org/wiki/%ED%95%B4_%EB%9C%A8%EB%8A%94_%EC%A7%80%ED%8F%89%EC%84%A0,본문/소설/현진건 - 해 뜨는 지평선 (1927-01-01).txt
시계열,1927-01-01,수록 문집 간행 연도,시,허무,권구현,127,https://ko.wikisource.org/wiki/%ED%9D%91%EB%B0%A9%EC%9D%98_%EC%84%A0%EB%AC%BC/%ED%97%88%EB%AC%B4,본문/시/권구현 - 허무 (1927-01-01).txt
시계열,1927-01-01,수록 문집 간행 연도,시,현상,권구현,153,https://ko.wikisource.org/wiki/%ED%9D%91%EB%B0%A9%EC%9D%98_%EC%84%A0%EB%AC%BC/%ED%98%84%EC%83%81,본문/시/권구현 - 현상 (1927-01-01).txt
시계열,1927-01-01,발표 월,소설,홍염,최서해,11799,https://ko.wikisource.org/wiki/%ED%99%8D%EC%97%BC,본문/소설/최서해 - 홍염 (1927-01-01).txt
시계열,1927-01-07,창작일,소설,최서방,계용묵,7962,https://ko.wikisource.org/wiki/%EC%B5%9C%EC%84%9C%EB%B0%A9,본문/소설/계용묵 - 최서방 (1927-01-07).txt
시계열,1927-02-01,발표 월,소설,(소년 미담) 동무를 위(爲)하여,방정환,4891,https://ko.wikisource.org/wiki/%EB%8F%99%EB%AC%B4%EB%A5%BC_%EC%9C%84%ED%95%98%EC%97%AC,본문/소설/방정환 - (소년 미담) 동무를 위(爲)하여 (1927-02-01).txt
시계열,1927-02-01,발표 월,시,《향수》 중,정지용,114,https://ko.wikisource.org/wiki/%ED%96%A5%EC%88%98/%EB%B0%94%EB%8B%A44,본문/시/정지용 - 《향수》 중 (1927-02-01).txt
시계열,1927-02-01,창작 월,시,무장야에서,심훈,512,https://ko.wikisource.org/wiki/%EA%B7%B8%EB%82%A0%EC%9D%B4_%EC%98%A4%EB%A9%B4/%EB%AC%B4%EC%9E%A5%EC%95%BC%EC%97%90%EC%84%9C,본문/시/심훈 - 무장야에서 (1927-02-01).txt
시계열,1927-02-01,발표 월,희곡,인쇄한 러브레터,권환,6752,https://ko.wikisource.org/wiki/%EC%9D%B8%EC%87%84%ED%95%9C_%EB%9F%AC%EB%B8%8C%EB%A0%88%ED%84%B0,본문/희곡/권환 - 인쇄한 러브레터 (1927-02-01).txt
시계열,1927-02-01,창작 월,시,잘 있거라 나의 서울이여,심훈,345,https://ko.wikisource.org/wiki/%EA%B7%B8%EB%82%A0%EC%9D%B4_%EC%98%A4%EB%A9%B4/%EC%9E%98_%EC%9E%88%EA%B1%B0%EB%9D%BC_%EB%82%98%EC%9D%98_%EC%84%9C%EC%9A%B8%EC%9D%B4%EC%97%AC,본문/시/심훈 - 잘 있거라 나의 서울이여 (1927-02-01).txt
시계열,1927-03-01,발표일,평론,百八煩惱批評에對하야,정인보,3939,https://ko.wikisource.org/wiki/%EB%B0%B1%ED%8C%94%EB%B2%88%EB%87%8C_%EB%B9%84%ED%8F%89%EC%97%90_%EB%8C%80%ED%95%98%EC%95%BC,본문/평론/정인보 - 百八煩惱批評에對하야 (1927-03-01).txt
시계열,1927-03-01,발표 월,소설,만년 샤쓰,방정환,4480,https://ko.wikisource.org/wiki/%EB%A7%8C%EB%85%84_%EC%85%94%EC%B8%A0,본문/소설/방정환 - 만년 샤쓰 (1927-03-01).txt
시계열,1927-03-01,발표 월,소설,주리면... -- 어떤 생활의 단편,이효석,4383,https://ko.wikisource.org/wiki/%EC%A3%BC%EB%A6%AC%EB%A9%B4,본문/소설/이효석 - 주리면... -- 어떤 생활의 단편 (1927-03-01).txt
시계열,1927-04-01,발표 월,소설,(학생소설) 1+1=?,방정환,3676,https://ko.wikisource.org/wiki/1%2B1%3D,본문/소설/방정환 - (학생소설) 1+1= (1927-04-01).txt
시계열,1927-04-01,발표 월,동화,참된 동정,방정환,755,https://ko.wikisource.org/wiki/%EC%B0%B8%EB%90%9C_%EB%8F%99%EC%A0%95,본문/동화/방정환 - 참된 동정 (1927-04-01).txt
시계열,1927-05-01,발표 월,시,물새,정순철,348,https://ko.wikisource.org/wiki/%EA%B0%88%EC%9E%8E_%ED%94%BC%EB%A6%AC/%EB%AC%BC%EC%83%88,본문/시/정순철 - 물새 (1927-05-01).txt
시계열,1927-06-01,발표 월,시,겨울의 모경,이장희,284,https://ko.wikisource.org/wiki/%EA%B2%A8%EC%9A%B8%EC%9D%98_%EB%AA%A8%EA%B2%BD,본문/시/이장희 - 겨울의 모경 (1927-06-01).txt
시계열,1927-06-01,발표 월,시,눈은 나리네,이장희,94,https://ko.wikisource.org/wiki/%EB%88%88%EC%9D%80_%EB%82%98%EB%A6%AC%EB%84%A4,본문/시/이장희 - 눈은 나리네 (1927-06-01).txt
시계열,1927-06-01,발표 월,시,봄철의 바다,이장희,110,https://ko.wikisource.org/wiki/%EB%B4%84%EC%B2%A0%EC%9D%98_%EB%B0%94%EB%8B%A4,본문/시/이장희 - 봄철의 바다 (1927-06-01).txt
시계열,1927-07-01,발표 월,소설,낙동강,조명희,9191,https://ko.wikisource.org/wiki/%EB%82%99%EB%8F%99%EA%B0%95,본문/소설/조명희 - 낙동강 (1927-07-01).txt
시계열,1927-07-01,발표 월,수필,영혼에 관한 지식의 고금,김교신,2266,https://ko.wikisource.org/wiki/%EC%98%81%ED%98%BC%EC%97%90_%EA%B4%80%ED%95%9C_%EC%A7%80%EC%8B%9D%EC%9D%98_%EA%B3%A0%EA%B8%88,본문/수필/김교신 - 영혼에 관한 지식의 고금 (1927-07-01).txt
시계열,1927-08-01,발표 월,소설,알리바바와 도적,방정환,11895,https://ko.wikisource.org/wiki/%EC%95%8C%EB%A6%AC%EB%B0%94%EB%B0%94%EC%99%80_%EB%8F%84%EC%A0%81,본문/소설/방정환 - 알리바바와 도적 (1927-08-01).txt
시계열,1927-09-01,창작 월,시,만가,심훈,355,https://ko.wikisource.org/wiki/%EA%B7%B8%EB%82%A0%EC%9D%B4_%EC%98%A4%EB%A9%B4/%EB%A7%8C%EA%B0%80,본문/시/심훈 - 만가 (1927-09-01).txt
시계열,1927-12-01,발표 월,소설,(대탐정) 칠칠단의 비밀,방정환,42849,https://ko.wikisource.org/wiki/%EC%B9%A0%EC%B9%A0%EB%8B%A8%EC%9D%98_%EB%B9%84%EB%B0%80,본문/소설/방정환 - (대탐정) 칠칠단의 비밀 (1927-12-01).txt
시계열,1927-12-02,창작일,시,박군의 얼굴,심훈,591,https://ko.wikisource.org/wiki/%EA%B7%B8%EB%82%A0%EC%9D%B4_%EC%98%A4%EB%A9%B4/%EB%B0%95%EA%B5%B0%EC%9D%98_%EC%96%BC%EA%B5%B4,본문/시/심훈 - 박군의 얼굴 (1927-12-02).txt
시계열,1928-01-01,저자 문서 발표 연도,수필,病窓語[병창어],이광수,36653,https://ko.wikisource.org/wiki/%EB%B3%91%EC%B0%BD%EC%96%B4,본문/수필/이광수 - 病窓語[병창어] (1928-01-01).txt
시계열,1928-01-01,발표 연도,소설,갈등,최서해,21088,https://ko.wikisource.org/wiki/%EA%B0%88%EB%93%B1,본문/소설/최서해 - 갈등 (1928-01-01).txt
시계열,1928-01-01,발표 연도,수필,나의 어릴 때 이야기,방정환,5032,https://ko.wikisource.org/wiki/%EB%82%98%EC%9D%98_%EC%96%B4%EB%A6%B4_%EB%95%8C_%EC%9D%B4%EC%95%BC%EA%B8%B0,본문/수필/방정환 - 나의 어릴 때 이야기 (1928-01-01).txt
시계열,1928-01-01,발표 연도,단편소설,나의 어머니,백신애,5751,https://ko.wikisource.org/wiki/%EB%82%98%EC%9D%98_%EC%96%B4%EB%A8%B8%EB%8B%88,본문/단편소설/백신애 - 나의 어머니 (1928-01-01).txt
시계열,1928-01-01,발표 월,장편소설,단종애사,이광수,284797,https://ko.wikisource.org/wiki/%EB%8B%A8%EC%A2%85%EC%95%A0%EC%82%AC,본문/장편소설/이광수 - 단종애사 (1928-01-01).txt
시계열,1928-01-01,발표 연도,단편소설,용(龍)과 용(龍)의 대격전,신채호,13638,https://ko.wikisource.org/wiki/%EC%9A%A9%EA%B3%BC_%EC%9A%A9%EC%9D%98_%EB%8C%80%EA%B2%A9%EC%A0%84,본문/단편소설/신채호 - 용(龍)과 용(龍)의 대격전 (1928-01-01).txt
시계열,1928-01-01,발표 연도,소설,황월선전,,18619,https://ko.wikisource.org/wiki/%ED%99%A9%EC%9B%94%EC%84%A0%EC%A0%84_%28%EB%8D%95%ED%9D%A5%EC%84%9C%EB%A6%BC%29,본문/소설/작자 미상 - 황월선전 (1928-01-01).txt
시계열,1928-02-07,발표일,소설,이쁜이와 용이,조명희,12329,https://ko.wikisource.org/wiki/%EC%9D%B4%EC%81%9C%EC%9D%B4%EC%99%80_%EC%9A%A9%EC%9D%B4,본문/소설/조명희 - 이쁜이와 용이 (1928-02-07).txt
시계열,1928-05-01,발표 월,수필,조선은 메나리 나라,홍사용,3989,https://ko.wikisource.org/wiki/%EC%A1%B0%EC%84%A0%EC%9D%80_%EB%A9%94%EB%82%98%EB%A6%AC_%EB%82%98%EB%9D%BC,본문/수필/홍사용 - 조선은 메나리 나라 (1928-05-01).txt
시계열,1928-06-01,발표 월,희곡,할미꽃,홍사용,11136,https://ko.wikisource.org/wiki/%ED%95%A0%EB%AF%B8%EA%BD%83,본문/희곡/홍사용 - 할미꽃 (1928-06-01).txt
시계열,1928-07-01,발표 월,단편소설,도시와 유령,이효석,9034,https://ko.wikisource.org/wiki/%EB%8F%84%EC%8B%9C%EC%99%80_%EC%9C%A0%EB%A0%B9,본문/단편소설/이효석 - 도시와 유령 (1928-07-01).txt
시계열,1928-07-01,발표 월,시,비를 다고!,이상화,384,https://ko.wikisource.org/wiki/%EB%B9%84%EB%A5%BC_%EB%8B%A4%EA%B3%A0,본문/시/이상화 - 비를 다고! (1928-07-01).txt
시계열,1928-07-01,발표 월,시,저므는 놀 안에서,이상화,300,https://ko.wikisource.org/wiki/%EC%A0%80%EB%AC%B4%EB%8A%94_%EB%86%80_%EC%95%88%EC%97%90%EC%84%9C,본문/시/이상화 - 저므는 놀 안에서 (1928-07-01).txt
시계열,1928-09-01,발표 월,희곡,흰 젖,홍사용,61823,https://ko.wikisource.org/wiki/%ED%9D%B0_%EC%A0%96,본문/희곡/홍사용 - 흰 젖 (1928-09-01).txt
시계열,1929-01-01,발표 연도,소설,K 박사의 연구,김동인,10735,https://ko.wikisource.org/wiki/K%EB%B0%95%EC%82%AC%EC%9D%98_%EC%97%B0%EA%B5%AC,본문/소설/김동인 - K 박사의 연구 (1929-01-01).txt
시계열,1929-01-01,발표 월,평론,갓잔은 소설(小說)로 문제,현진건,660,https://ko.wikisource.org/wiki/%EA%B0%99%EC%9E%96%EC%9D%80_%EC%86%8C%EC%84%A4%EB%A1%9C_%EB%AC%B8%EC%A0%9C,본문/평론/현진건 - 갓잔은 소설(小說)로 문제 (1929-01-01).txt
시계열,1929-01-01,발표일,단편소설,광염 소나타,김동인,14078,https://ko.wikisource.org/wiki/%EA%B4%91%EC%97%BC_%EC%86%8C%EB%82%98%ED%83%80,본문/단편소설/김동인 - 광염 소나타 (1929-01-01).txt
시계열,1929-01-01,발표 연도,기타,기러기,홍난파,100,https://ko.wikisource.org/wiki/%EA%B8%B0%EB%9F%AC%EA%B8%B0,본문/기타/홍난파 - 기러기 (1929-01-01).txt
시계열,1929-01-01,수록 문집 간행 연도,시,길 잃은 까마귀,정순철,382,https://ko.wikisource.org/wiki/%EA%B0%88%EC%9E%8E_%ED%94%BC%EB%A6%AC/%EA%B8%B8_%EC%9E%83%EC%9D%80_%EA%B9%8C%EB%A7%88%EA%B7%80,본문/시/정순철 - 길 잃은 까마귀 (1929-01-01).txt
시계열,1929-01-01,수록 문집 간행 연도,시,나뭇잎 배,정순철,443,https://ko.wikisource.org/wiki/%EA%B0%88%EC%9E%8E_%ED%94%BC%EB%A6%AC/%EB%82%98%EB%AD%87%EC%9E%8E_%EB%B0%B0,본문/시/정순철 - 나뭇잎 배 (1929-01-01).txt
시계열,1929-01-01,수록 문집 간행 연도,시,늙은 잠자리,정순철,419,https://ko.wikisource.org/wiki/%EA%B0%88%EC%9E%8E_%ED%94%BC%EB%A6%AC/%EB%8A%99%EC%9D%80_%EC%9E%A0%EC%9E%90%EB%A6%AC,본문/시/정순철 - 늙은 잠자리 (1929-01-01).txt
시계열,1929-01-01,발표일,단편소설,먼동이 틀 때,최서해,22008,https://ko.wikisource.org/wiki/%EB%A8%BC%EB%8F%99%EC%9D%B4_%ED%8B%80_%EB%95%8C,본문/단편소설/최서해 - 먼동이 틀 때 (1929-01-01).txt
시계열,1929-01-01,발표 연도,단편소설,무명초,최서해,16305,https://ko.wikisource.org/wiki/%EB%AC%B4%EB%AA%85%EC%B4%88,본문/단편소설/최서해 - 무명초 (1929-01-01).txt
시계열,1929-01-01,발표 연도,수필,백범일지,김구,159398,https://ko.wikisource.org/wiki/%EB%B0%B1%EB%B2%94%EC%9D%BC%EC%A7%80,본문/수필/김구 - 백범일지 (1929-01-01).txt
시계열,1929-01-01,발표 월,시,버레우는 소리,이장희,72,https://ko.wikisource.org/wiki/%EB%B2%84%EB%A0%88%EC%9A%B0%EB%8A%94_%EC%86%8C%EB%A6%AC,본문/시/이장희 - 버레우는 소리 (1929-01-01).txt
시계열,1929-01-01,수록 문집 간행 연도,시,"별, 달, 태양",황석우,121,https://ko.wikisource.org/wiki/%EC%9E%90%EC%97%B0%EC%86%A1/%EB%B3%84%2C_%EB%8B%AC%2C_%ED%83%9C%EC%96%91,"본문/시/황석우 - 별, 달, 태양 (1929-01-01).txt"
시계열,1929-01-01,수록 문집 간행 연도,시,봄,황석우,151,https://ko.wikisource.org/wiki/%EC%9E%90%EC%97%B0%EC%86%A1/%EB%B4%84,본문/시/황석우 - 봄 (1929-01-01).txt
시계열,1929-01-01,수록 문집 간행 연도,시,불의 우주,황석우,319,https://ko.wikisource.org/wiki/%EC%9E%90%EC%97%B0%EC%86%A1/%EB%B6%88%EC%9D%98_%EC%9A%B0%EC%A3%BC,본문/시/황석우 - 불의 우주 (1929-01-01).txt
시계열,1929-01-01,발표 연도,소설,설홍전,,42148,https://ko.wikisource.org/wiki/%EC%84%A4%ED%99%8D%EC%A0%84_%28%EC%98%81%EC%B0%BD%EC%84%9C%EA%B4%80%29,본문/소설/작자 미상 - 설홍전 (1929-01-01).txt
시계열,1929-01-01,수록 문집 간행 연도,시,"소우주(小宇宙), 대우주",황석우,352,https://ko.wikisource.org/wiki/%EC%9E%90%EC%97%B0%EC%86%A1/%EC%86%8C%EC%9A%B0%EC%A3%BC%2C_%EB%8C%80%EC%9A%B0%EC%A3%BC,"본문/시/황석우 - 소우주(小宇宙), 대우주 (1929-01-01).txt"
시계열,1929-01-01,수록 문집 간행 연도,시,우주(宇宙)의 구멍,황석우,65,https://ko.wikisource.org/wiki/%EC%9E%90%EC%97%B0%EC%86%A1/%EC%9A%B0%EC%A3%BC%EC%9D%98_%EA%B5%AC%EB%A9%8D,본문/시/황석우 - 우주(宇宙)의 구멍 (1929-01-01).txt
시계열,1929-01-01,발표 연도,소설,정조와 약가,현진건,9140,https://ko.wikisource.org/wiki/%EC%A0%95%EC%A1%B0%EC%99%80_%EC%95%BD%EA%B0%80,본문/소설/현진건 - 정조와 약가 (1929-01-01).txt
시계열,1929-01-01,발표 월,기타,조선 청년에게,한용운,1494,https://ko.wikisource.org/wiki/%EC%A1%B0%EC%84%A0_%EC%B2%AD%EB%85%84%EC%97%90%EA%B2%8C,본문/기타/한용운 - 조선 청년에게 (1929-01-01).txt
시계열,1929-01-01,수록 문집 간행 연도,시,지구(地球)의 닷,황석우,45,https://ko.wikisource.org/wiki/%EC%9E%90%EC%97%B0%EC%86%A1/%EC%A7%80%EA%B5%AC%EC%9D%98_%EB%8B%BB,본문/시/황석우 - 지구(地球)의 닷 (1929-01-01).txt
시계열,1929-01-01,발표 연도,수필,청춘 예찬,민태원,1355,https://ko.wikisource.org/wiki/%EC%B2%AD%EC%B6%98%EC%98%88%EC%B0%AC,본문/수필/민태원 - 청춘 예찬 (1929-01-01).txt
시계열,1929-01-01,수록 문집 간행 연도,시,태양계,황석우,91,https://ko.wikisource.org/wiki/%EC%9E%90%EC%97%B0%EC%86%A1/%ED%83%9C%EC%96%91%EA%B3%84,본문/시/황석우 - 태양계 (1929-01-01).txt
시계열,1929-01-01,수록 문집 간행 연도,시,"태양계(太陽系), 지구",황석우,88,https://ko.wikisource.org/wiki/%EC%9E%90%EC%97%B0%EC%86%A1/%ED%83%9C%EC%96%91%EA%B3%84%2C_%EC%A7%80%EA%B5%AC,"본문/시/황석우 - 태양계(太陽系), 지구 (1929-01-01).txt"
시계열,1929-01-01,수록 문집 간행 연도,시,허공(虛空)을 메ㅅ구는 계획,황석우,78,https://ko.wikisource.org/wiki/%EC%9E%90%EC%97%B0%EC%86%A1/%ED%97%88%EA%B3%B5%EC%9D%84_%EB%A9%94%EA%BE%B8%EB%8A%94_%EA%B3%84%ED%9A%8D,본문/시/황석우 - 허공(虛空)을 메ㅅ구는 계획 (1929-01-01).txt
시계열,1929-01-01,저자 문서 발표 연도,희곡,화륜,이효석,7064,https://ko.wikisource.org/wiki/%ED%99%94%EB%A5%9C,본문/희곡/이효석 - 화륜 (1929-01-01).txt
시계열,1929-02-01,발표 월,소설,인두지주,계용묵,4890,https://ko.wikisource.org/wiki/%EC%9D%B8%EB%91%90%EC%A7%80%EC%A3%BC,본문/소설/계용묵 - 인두지주 (1929-02-01).txt
시계열,1929-02-01,발표 월,수필,제비,계용묵,1402,https://ko.wikisource.org/wiki/%EC%83%81%EC%95%84%ED%83%91/%EC%A0%9C%EB%B9%84,본문/수필/계용묵 - 제비 (1929-02-01).txt
시계열,1929-02-01,발표 월,희곡,제석,홍사용,16545,https://ko.wikisource.org/wiki/%EC%A0%9C%EC%84%9D,본문/희곡/홍사용 - 제석 (1929-02-01).txt
시계열,1929-03-01,발표 월,동화,꼬부랑 할머니,방정환,352,https://ko.wikisource.org/wiki/%EA%BC%AC%EB%B6%80%EB%9E%91_%ED%95%A0%EB%A8%B8%EB%8B%88,본문/동화/방정환 - 꼬부랑 할머니 (1929-03-01).txt
시계열,1929-03-20,발표일,소설,오월(五月) 비상,심훈,3314,https://ko.wikisource.org/wiki/%EC%98%A4%EC%9B%94%EB%B9%84%EC%83%81,본문/소설/심훈 - 오월(五月) 비상 (1929-03-20).txt
시계열,1929-04-01,창작 월,시,봄비,심훈,87,https://ko.wikisource.org/wiki/%EA%B7%B8%EB%82%A0%EC%9D%B4_%EC%98%A4%EB%A9%B4/%EB%B4%84%EB%B9%84,본문/시/심훈 - 봄비 (1929-04-01).txt
시계열,1929-04-19,창작일,시,거리의 봄,심훈,289,https://ko.wikisource.org/wiki/%EA%B7%B8%EB%82%A0%EC%9D%B4_%EC%98%A4%EB%A9%B4/%EA%B1%B0%EB%A6%AC%EC%9D%98_%EB%B4%84,본문/시/심훈 - 거리의 봄 (1929-04-19).txt
시계열,1929-04-28,창작일,시,영춘 삼수,심훈,151,https://ko.wikisource.org/wiki/%EA%B7%B8%EB%82%A0%EC%9D%B4_%EC%98%A4%EB%A9%B4/%EC%98%81%EC%B6%98_%EC%82%BC%EC%88%98,본문/시/심훈 - 영춘 삼수 (1929-04-28).txt
시계열,1929-05-01,발표 월,시,눈 내리는 날,이장희,24,https://ko.wikisource.org/wiki/%EB%88%88_%EB%82%B4%EB%A6%AC%EB%8A%94_%EB%82%A0,본문/시/이장희 - 눈 내리는 날 (1929-05-01).txt
시계열,1929-05-01,발표 월,시,봉선화,이장희,49,https://ko.wikisource.org/wiki/%EB%B4%89%EC%84%A0%ED%99%94,본문/시/이장희 - 봉선화 (1929-05-01).txt
시계열,1929-05-02,창작일,시,이 꼴이 되다니,권환,758,https://ko.wikisource.org/wiki/%EC%9D%B4_%EA%BC%B4%EC%9D%B4_%EB%90%98%EB%8B%A4%EB%8B%88,본문/시/권환 - 이 꼴이 되다니 (1929-05-02).txt
시계열,1929-05-05,창작일,시,어린이날,심훈,258,https://ko.wikisource.org/wiki/%EA%B7%B8%EB%82%A0%EC%9D%B4_%EC%98%A4%EB%A9%B4/%EC%96%B4%EB%A6%B0%EC%9D%B4%EB%82%A0,본문/시/심훈 - 어린이날 (1929-05-05).txt
시계열,1929-06-01,발표 월,장편소설,太平行[태평행],김동인,35594,https://ko.wikisource.org/wiki/%ED%83%9C%ED%8F%89%ED%96%89,본문/장편소설/김동인 - 太平行[태평행] (1929-06-01).txt
시계열,1929-06-01,발표 월,단편소설,가상의 불량소녀,이익상,10179,https://ko.wikisource.org/wiki/%EA%B0%80%EC%83%81%EC%9D%98_%EB%B6%88%EB%9F%89%EC%86%8C%EB%85%80,본문/단편소설/이익상 - 가상의 불량소녀 (1929-06-01).txt
시계열,1929-06-01,발표 월,시,곡자사,이상화,512,https://ko.wikisource.org/wiki/%EA%B3%A1%EC%9E%90%EC%82%AC,본문/시/이상화 - 곡자사 (1929-06-01).txt
시계열,1929-06-01,발표 월,소설,기우,이효석,12878,https://ko.wikisource.org/wiki/%EA%B8%B0%EC%9A%B0,본문/소설/이효석 - 기우 (1929-06-01).txt
시계열,1929-06-01,발표 월,소설,행진곡,이효석,10739,https://ko.wikisource.org/wiki/%ED%96%89%EC%A7%84%EA%B3%A1,본문/소설/이효석 - 행진곡 (1929-06-01).txt
시계열,1929-06-13,발표일,시,야구,심훈,454,https://ko.wikisource.org/wiki/%EC%95%BC%EA%B5%AC,본문/시/심훈 - 야구 (1929-06-13).txt
시계열,1929-07-01,발표 월,단편소설,신문지와 철창,현진건,7754,https://ko.wikisource.org/wiki/%EC%8B%A0%EB%AC%B8%EC%A7%80%EC%99%80_%EC%B2%A0%EC%9E%A5,본문/단편소설/현진건 - 신문지와 철창 (1929-07-01).txt
시계열,1929-07-18,발표일,수필,고도 순례 ― 경주,현진건,16481,https://ko.wikisource.org/wiki/%EA%B3%A0%EB%8F%84_%EC%88%9C%EB%A1%80_%E2%80%95_%EA%B2%BD%EC%A3%BC,본문/수필/현진건 - 고도 순례 ― 경주 (1929-07-18).txt
시계열,1929-09-01,창작 월,동화,재미있고 서늘한 느티나무 신세(身世) 이야기,방정환,4855,https://ko.wikisource.org/wiki/%EB%8A%90%ED%8B%B0%EB%82%98%EB%AC%B4_%EC%8B%A0%EC%84%B8_%EC%9D%B4%EC%95%BC%EA%B8%B0,본문/동화/방정환 - 재미있고 서늘한 느티나무 신세(身世) 이야기 (1929-09-01).txt
시계열,1929-09-17,창작일,시,가배절,심훈,251,https://ko.wikisource.org/wiki/%EA%B7%B8%EB%82%A0%EC%9D%B4_%EC%98%A4%EB%A9%B4/%EA%B0%80%EB%B0%B0%EC%A0%88,본문/시/심훈 - 가배절 (1929-09-17).txt
시계열,1929-09-21,발표일,중편소설,눈보라,김동인,12720,https://ko.wikisource.org/wiki/%EB%88%88%EB%B3%B4%EB%9D%BC,본문/중편소설/김동인 - 눈보라 (1929-09-21).txt
시계열,1929-10-03,발표일,기타,염상섭 씨의 논설 「명일(明日)의 길」을 읽고,강경애,2953,https://ko.wikisource.org/wiki/%EC%97%BC%EC%83%81%EC%84%AD_%EC%94%A8%EC%9D%98_%EB%85%BC%EC%84%A4_%E3%80%8C%EB%AA%85%EC%9D%BC%EC%9D%98_%EA%B8%B8%E3%80%8D%EC%9D%84_%EC%9D%BD%EA%B3%A0,본문/기타/강경애 - 염상섭 씨의 논설 「명일(明日)의 길」을 읽고 (1929-10-03).txt
시계열,1929-10-10,창작일,시,고독,심훈,266,https://ko.wikisource.org/wiki/%EA%B7%B8%EB%82%A0%EC%9D%B4_%EC%98%A4%EB%A9%B4/%EA%B3%A0%EB%8F%85,본문/시/심훈 - 고독 (1929-10-10).txt
시계열,1929-11-01,발표 월,소설,북국점경,이효석,5963,https://ko.wikisource.org/wiki/%EB%B6%81%EA%B5%AD%EC%A0%90%EA%B2%BD,본문/소설/이효석 - 북국점경 (1929-11-01).txt
시계열,1929-11-14,발표일,시,어느 밤,이장희,113,https://ko.wikisource.org/wiki/%EC%96%B4%EB%8A%90_%EB%B0%A4,본문/시/이장희 - 어느 밤 (1929-11-14).txt
시계열,1929-12-01,발표 월,수필,여인(女人) - 추억의 더듬길,김동인,68039,https://ko.wikisource.org/wiki/%EC%97%AC%EC%9D%B8_%28%EA%B9%80%EB%8F%99%EC%9D%B8%29,본문/수필/김동인 - 여인(女人) - 추억의 더듬길 (1929-12-01).txt
시계열,1929-12-10,창작일,시,조선은 술을 먹인다,심훈,410,https://ko.wikisource.org/wiki/%EA%B7%B8%EB%82%A0%EC%9D%B4_%EC%98%A4%EB%A9%B4/%EC%A1%B0%EC%84%A0%EC%9D%80_%EC%88%A0%EC%9D%84_%EB%A8%B9%EC%9D%B8%EB%8B%A4,본문/시/심훈 - 조선은 술을 먹인다 (1929-12-10).txt
시계열,1929-12-14,창작일,시,동우,심훈,279,https://ko.wikisource.org/wiki/%EA%B7%B8%EB%82%A0%EC%9D%B4_%EC%98%A4%EB%A9%B4/%EB%8F%99%EC%9A%B0,본문/시/심훈 - 동우 (1929-12-14).txt
시계열,1929-12-23,창작일,시,눈 밤,심훈,93,https://ko.wikisource.org/wiki/%EA%B7%B8%EB%82%A0%EC%9D%B4_%EC%98%A4%EB%A9%B4/%EB%88%88_%EB%B0%A4,본문/시/심훈 - 눈 밤 (1929-12-23).txt
시계열,1929-12-25,발표일,단편소설,송동이,김동인,13512,https://ko.wikisource.org/wiki/%EC%86%A1%EB%8F%99%EC%9D%B4,본문/단편소설/김동인 - 송동이 (1929-12-25).txt
시계열,1930-01-01,발표 연도,소설,깨뜨려지는 홍등,이효석,10146,https://ko.wikisource.org/wiki/%EA%B9%A8%EB%9C%A8%EB%A0%A4%EC%A7%80%EB%8A%94_%ED%99%8D%EB%93%B1,본문/소설/이효석 - 깨뜨려지는 홍등 (1930-01-01).txt
시계열,1930-01-01,발표 연도,소설,노령근해,이효석,4789,https://ko.wikisource.org/wiki/%EB%85%B8%EB%A0%B9%EA%B7%BC%ED%95%B4,본문/소설/이효석 - 노령근해 (1930-01-01).txt
시계열,1930-01-01,발표 연도,소설,마작철학,이효석,17690,https://ko.wikisource.org/wiki/%EB%A7%88%EC%9E%91%EC%B2%A0%ED%95%99,본문/소설/이효석 - 마작철학 (1930-01-01).txt
시계열,1930-01-01,발표 연도,소설,무능자의 아내,김동인,12670,https://ko.wikisource.org/wiki/%EB%AC%B4%EB%8A%A5%EC%9E%90%EC%9D%98_%EC%95%88%ED%95%B4,본문/소설/김동인 - 무능자의 아내 (1930-01-01).txt
시계열,1930-01-01,저자 문서 발표 연도,중편소설,배회,김동인,18885,https://ko.wikisource.org/wiki/%EB%B0%B0%ED%9A%8C,본문/중편소설/김동인 - 배회 (1930-01-01).txt
시계열,1930-01-01,발표 연도,단편소설,벗기운 대금업자,김동인,5682,https://ko.wikisource.org/wiki/%EB%B2%97%EA%B8%B0%EC%9A%B4_%EB%8C%80%EA%B8%88%EC%97%85%EC%9E%90,본문/단편소설/김동인 - 벗기운 대금업자 (1930-01-01).txt
시계열,1930-01-01,발표 연도,소설,북국사신,이효석,8807,https://ko.wikisource.org/wiki/%EB%B6%81%EA%B5%AD%EC%82%AC%EC%8B%A0,본문/소설/이효석 - 북국사신 (1930-01-01).txt
시계열,1930-01-01,발표 연도,소설,상륙,이효석,2207,https://ko.wikisource.org/wiki/%EC%83%81%EB%A5%99,본문/소설/이효석 - 상륙 (1930-01-01).txt
시계열,1930-01-01,발표 연도,소설,순정,김동인,5525,https://ko.wikisource.org/wiki/%EC%88%9C%EC%A0%95,본문/소설/김동인 - 순정 (1930-01-01).txt
시계열,1930-01-01,발표 연도,소설,십생구사,,20613,https://ko.wikisource.org/wiki/%EC%8B%AD%EC%83%9D%EA%B5%AC%EC%82%AC,본문/소설/작자 미상 - 십생구사 (1930-01-01).txt
시계열,1930-01-01,발표 월,단편소설,아라사ㅅ버들,김동인,4335,https://ko.wikisource.org/wiki/%EC%95%84%EB%9D%BC%EC%82%AC_%EB%B2%84%EB%93%A4,본문/단편소설/김동인 - 아라사ㅅ버들 (1930-01-01).txt
시계열,1930-01-01,발표 연도,소설,약령기,이효석,13912,https://ko.wikisource.org/wiki/%EC%95%BD%EB%A0%B9%EA%B8%B0,본문/소설/이효석 - 약령기 (1930-01-01).txt
시계열,1930-01-01,발표 월,수필,없는 이의 행복,방정환,605,https://ko.wikisource.org/wiki/%EC%97%86%EB%8A%94_%EC%9D%B4%EC%9D%98_%ED%96%89%EB%B3%B5,본문/수필/방정환 - 없는 이의 행복 (1930-01-01).txt
시계열,1930-01-01,발표 연도,노래,이화여자대학교가,정인보,161,https://ko.wikisource.org/wiki/%EC%9D%B4%ED%99%94%EC%97%AC%EC%9E%90%EB%8C%80%ED%95%99%EA%B5%90%EA%B0%80,본문/노래/정인보 - 이화여자대학교가 (1930-01-01).txt
시계열,1930-01-01,발표 연도,소설,젊은 그들,김동인,205568,https://ko.wikisource.org/wiki/%EC%A0%8A%EC%9D%80_%EA%B7%B8%EB%93%A4,본문/소설/김동인 - 젊은 그들 (1930-01-01).txt
시계열,1930-01-01,발표 연도,단편소설,죄와 벌,김동인,7436,https://ko.wikisource.org/wiki/%EC%A3%84%EC%99%80_%EB%B2%8C_%28%EA%B9%80%EB%8F%99%EC%9D%B8%29,본문/단편소설/김동인 - 죄와 벌 (1930-01-01).txt
시계열,1930-01-01,발표 연도,소설,추억,이효석,6266,https://ko.wikisource.org/wiki/%EC%B6%94%EC%96%B5,본문/소설/이효석 - 추억 (1930-01-01).txt
시계열,1930-01-03,발표일,시,말,이육사,75,https://ko.wikisource.org/wiki/%EB%A7%90,본문/시/이육사 - 말 (1930-01-03).txt
시계열,1930-01-05,창작일,시,선생님 생각,심훈,358,https://ko.wikisource.org/wiki/%EA%B7%B8%EB%82%A0%EC%9D%B4_%EC%98%A4%EB%A9%B4/%EC%84%A0%EC%83%9D%EB%8B%98_%EC%83%9D%EA%B0%81,본문/시/심훈 - 선생님 생각 (1930-01-05).txt
시계열,1930-01-11,발표일,단편소설,구두,김동인,2988,https://ko.wikisource.org/wiki/%EA%B5%AC%EB%91%90,본문/단편소설/김동인 - 구두 (1930-01-11).txt
시계열,1930-02-01,발표 월,장편소설,12월 12일,이상,72860,https://ko.wikisource.org/wiki/12%EC%9B%94_12%EC%9D%BC,본문/장편소설/이상 - 12월 12일 (1930-02-01).txt
시계열,1930-02-01,발표 월,동화,겁쟁이 도적,방정환,1242,https://ko.wikisource.org/wiki/%EA%B2%81%EC%9F%81%EC%9D%B4_%EB%8F%84%EC%A0%81,본문/동화/방정환 - 겁쟁이 도적 (1930-02-01).txt
시계열,1930-03-01,발표 월,시,가려거든 가거라,권환,218,https://ko.wikisource.org/wiki/%EA%B0%80%EB%9E%B4%EA%B1%B0%EB%93%A0_%EA%B0%80%EA%B1%B0%EB%9D%BC,본문/시/권환 - 가려거든 가거라 (1930-03-01).txt
시계열,1930-03-01,창작일,시,그날이 오면,심훈,299,https://ko.wikisource.org/wiki/%EA%B7%B8%EB%82%A0%EC%9D%B4_%EC%98%A4%EB%A9%B4/%EA%B7%B8%EB%82%A0%EC%9D%B4_%EC%98%A4%EB%A9%B4,본문/시/심훈 - 그날이 오면 (1930-03-01).txt
시계열,1930-03-01,발표 월,시,떠나가는 배,박용철,176,https://ko.wikisource.org/wiki/%EB%B0%95%EC%9A%A9%EC%B2%A0_%EC%8B%9C%EC%A7%91/%EB%96%A0%EB%82%98%EA%B0%80%EB%8A%94_%EB%B0%B0,본문/시/박용철 - 떠나가는 배 (1930-03-01).txt
시계열,1930-03-01,발표 월,시,밤기차에 그대를 보내고,박용철,427,https://ko.wikisource.org/wiki/%EB%B0%95%EC%9A%A9%EC%B2%A0_%EC%8B%9C%EC%A7%91/%EB%B0%A4%EA%B8%B0%EC%B0%A8%EC%97%90_%EA%B7%B8%EB%8C%80%EB%A5%BC_%EB%B3%B4%EB%82%B4%EA%B3%A0,본문/시/박용철 - 밤기차에 그대를 보내고 (1930-03-01).txt
시계열,1930-03-01,발표 월,시,비 나리는 날,박용철,39,https://ko.wikisource.org/wiki/%EB%B0%95%EC%9A%A9%EC%B2%A0_%EC%8B%9C%EC%A7%91/%EB%B9%84_%EB%82%98%EB%A6%AC%EB%8A%94_%EB%82%A0,본문/시/박용철 - 비 나리는 날 (1930-03-01).txt
시계열,1930-03-01,발표 월,시,싸늘한 이마,박용철,152,https://ko.wikisource.org/wiki/%EB%B0%95%EC%9A%A9%EC%B2%A0_%EC%8B%9C%EC%A7%91/%EC%8B%B8%EB%8A%98%ED%95%9C_%EC%9D%B4%EB%A7%88,본문/시/박용철 - 싸늘한 이마 (1930-03-01).txt
시계열,1930-03-01,발표 월,시,이대로 가랴마는,박용철,121,https://ko.wikisource.org/wiki/%EB%B0%95%EC%9A%A9%EC%B2%A0_%EC%8B%9C%EC%A7%91/%EC%9D%B4%EB%8C%80%EB%A1%9C_%EA%B0%80%EB%9E%B4%EB%A7%88%EB%8A%94,본문/시/박용철 - 이대로 가랴마는 (1930-03-01).txt
시계열,1930-03-01,발표 월,동화,제일(第一) 짧은 동화,방정환,997,https://ko.wikisource.org/wiki/%EC%A0%9C%EC%9D%BC_%EC%A7%A7%EC%9D%80_%EB%8F%99%ED%99%94,본문/동화/방정환 - 제일(第一) 짧은 동화 (1930-03-01).txt
시계열,1930-03-02,발표일,수필,시문학 창간에 대하여,박용철,2285,https://ko.wikisource.org/wiki/%EB%B0%95%EC%9A%A9%EC%B2%A0_%EC%82%B0%EB%AC%B8%EC%A7%91/%EC%8B%9C%EB%AC%B8%ED%95%99_%EC%B0%BD%EA%B0%84%EC%97%90_%EB%8C%80%ED%95%98%EC%97%AC,본문/수필/박용철 - 시문학 창간에 대하여 (1930-03-02).txt
시계열,1930-04-23,발표일,수필,깨트려지는 홍등의 평을 읽고,이효석,1493,https://ko.wikisource.org/wiki/%E3%80%8C%EA%B9%A8%EB%9C%A8%EB%A0%A4%EC%A7%80%EB%8A%94_%ED%99%8D%EB%93%B1%E3%80%8D%EC%9D%98_%ED%8F%89%EC%9D%84_%EC%9D%BD%EA%B3%A0,본문/수필/이효석 - 깨트려지는 홍등의 평을 읽고 (1930-04-23).txt
시계열,1930-05-01,발표 월,시,나비,윤곤강,125,https://ko.wikisource.org/wiki/%EB%8F%99%EB%AC%BC_%EC%8B%9C%EC%A7%91/%EB%82%98%EB%B9%84,본문/시/윤곤강 - 나비 (1930-05-01).txt
시계열,1930-05-01,발표 월,시,사랑하든 말,박용철,292,https://ko.wikisource.org/wiki/%EB%B0%95%EC%9A%A9%EC%B2%A0_%EC%8B%9C%EC%A7%91/%EC%82%AC%EB%9E%91%ED%95%98%EB%93%A0_%EB%A7%90,본문/시/박용철 - 사랑하든 말 (1930-05-01).txt
시계열,1930-05-01,발표 월,시,시집가는 시악시의 말,박용철,535,https://ko.wikisource.org/wiki/%EB%B0%95%EC%9A%A9%EC%B2%A0_%EC%8B%9C%EC%A7%91/%EC%8B%9C%EC%A7%91%EA%B0%80%EB%8A%94_%EC%8B%9C%EC%95%85%EC%8B%9C%EC%9D%98_%EB%A7%90,본문/시/박용철 - 시집가는 시악시의 말 (1930-05-01).txt
시계열,1930-05-01,발표 월,시,우리의 젖 어머니,박용철,141,https://ko.wikisource.org/wiki/%EB%B0%95%EC%9A%A9%EC%B2%A0_%EC%8B%9C%EC%A7%91/%EC%9A%B0%EB%A6%AC%EC%9D%98_%EC%A0%96_%EC%96%B4%EB%A8%B8%EB%8B%88,본문/시/박용철 - 우리의 젖 어머니 (1930-05-01).txt
시계열,1930-05-01,발표 월,시,한 조각 하늘,박용철,112,https://ko.wikisource.org/wiki/%EB%B0%95%EC%9A%A9%EC%B2%A0_%EC%8B%9C%EC%A7%91/%ED%95%9C_%EC%A1%B0%EA%B0%81_%ED%95%98%EB%8A%98,본문/시/박용철 - 한 조각 하늘 (1930-05-01).txt
시계열,1930-05-24,창작일,시,마음의 낙인,심훈,482,https://ko.wikisource.org/wiki/%EA%B7%B8%EB%82%A0%EC%9D%B4_%EC%98%A4%EB%A9%B4/%EB%A7%88%EC%9D%8C%EC%9D%98_%EB%82%99%EC%9D%B8,본문/시/심훈 - 마음의 낙인 (1930-05-24).txt
시계열,1930-06-01,발표 월,단편소설,화환,김동인,6443,https://ko.wikisource.org/wiki/%ED%99%94%ED%99%98,본문/단편소설/김동인 - 화환 (1930-06-01).txt
시계열,1930-06-19,창작일,소설,동인 스케치,김동인,17403,https://ko.wikisource.org/wiki/%EB%8F%99%EC%9D%B8_%EC%8A%A4%EC%BC%80%EC%B9%98,본문/소설/김동인 - 동인 스케치 (1930-06-19).txt
시계열,1930-07-01,발표 월,수필,"巴里[파리]에서 본 것, 늣긴 것",나혜석,2266,https://ko.wikisource.org/wiki/%ED%8C%8C%EB%A6%AC%EC%97%90%EC%84%9C_%EB%B3%B8_%EA%B2%83_%EB%8A%A3%EA%B8%B4_%EA%B2%83,"본문/수필/나혜석 - 巴里[파리]에서 본 것, 늣긴 것 (1930-07-01).txt"
시계열,1930-07-01,발표 월,동화,삼부자(三父子)의 곰잡기,허문일,2962,https://ko.wikisource.org/wiki/%EC%82%BC%EB%B6%80%EC%9E%90%EC%9D%98_%EA%B3%B0%EC%9E%A1%EA%B8%B0,본문/동화/허문일 - 삼부자(三父子)의 곰잡기 (1930-07-01).txt
시계열,1930-07-01,창작 월,시,필경,심훈,628,https://ko.wikisource.org/wiki/%EA%B7%B8%EB%82%A0%EC%9D%B4_%EC%98%A4%EB%A9%B4/%ED%95%84%EA%B2%BD,본문/시/심훈 - 필경 (1930-07-01).txt
시계열,1930-08-01,발표 월,시,머리를 땅까지 숙일 때까지,권환,318,https://ko.wikisource.org/wiki/%EB%A8%B8%EB%A6%AC%EB%A5%BC_%EB%95%85%EA%B9%8C%EC%A7%80_%EC%88%99%EC%9D%BC_%EB%95%8C%EA%B9%8C%EC%A7%80,본문/시/권환 - 머리를 땅까지 숙일 때까지 (1930-08-01).txt
시계열,1930-08-01,발표 월,시,우리의 살님,허문일,87,https://ko.wikisource.org/wiki/%EC%9A%B0%EB%A6%AC%EC%9D%98_%EC%82%B4%EB%A6%BC,본문/시/허문일 - 우리의 살님 (1930-08-01).txt
시계열,1930-09-01,발표 월,시,눈,방정환,104,https://ko.wikisource.org/wiki/%EB%88%88_%28%EB%B0%A9%EC%A0%95%ED%99%98%29,본문/시/방정환 - 눈 (1930-09-01).txt
시계열,1930-09-01,발표 월,시,바다 7,정지용,92,https://ko.wikisource.org/wiki/%EB%B0%94%EB%8B%A4_%28%EC%A0%95%EC%A7%80%EC%9A%A9%29/%EB%B0%94%EB%8B%A4_7,본문/시/정지용 - 바다 7 (1930-09-01).txt
시계열,1930-09-01,발표 월,시,바다 8,정지용,100,https://ko.wikisource.org/wiki/%EB%B0%94%EB%8B%A4_%28%EC%A0%95%EC%A7%80%EC%9A%A9%29/%EB%B0%94%EB%8B%A4_8,본문/시/정지용 - 바다 8 (1930-09-01).txt
시계열,1930-09-01,발표 월,시,신타령,허문일,168,https://ko.wikisource.org/wiki/%EC%8B%A0%ED%83%80%EB%A0%B9,본문/시/허문일 - 신타령 (1930-09-01).txt
시계열,1930-09-01,발표 월,소설,증거,김동인,4091,https://ko.wikisource.org/wiki/%EC%A6%9D%EA%B1%B0,본문/소설/김동인 - 증거 (1930-09-01).txt
시계열,1930-09-18,창작일,시,풀밭에 누워서,심훈,480,https://ko.wikisource.org/wiki/%EA%B7%B8%EB%82%A0%EC%9D%B4_%EC%98%A4%EB%A9%B4/%ED%92%80%EB%B0%AD%EC%97%90_%EB%88%84%EC%9B%8C%EC%84%9C,본문/시/심훈 - 풀밭에 누워서 (1930-09-18).txt
시계열,1930-10-01,발표 월,수필,대구 사회 단체,이육사,2161,https://ko.wikisource.org/wiki/%EB%8C%80%EA%B5%AC_%EC%82%AC%ED%9A%8C_%EB%8B%A8%EC%B2%B4,본문/수필/이육사 - 대구 사회 단체 (1930-10-01).txt
시계열,1930-10-01,발표 월,시,대구(大邱) 행진곡,이상화,246,https://ko.wikisource.org/wiki/%EB%8C%80%EA%B5%AC_%ED%96%89%EC%A7%84%EA%B3%A1,본문/시/이상화 - 대구(大邱) 행진곡 (1930-10-01).txt
시계열,1930-11-01,발표일,수필,上海[상해] 이일 저일,이광수,3618,https://ko.wikisource.org/wiki/%EC%83%81%ED%95%B4_%EC%9D%B4%EC%9D%BC_%EC%A0%80%EC%9D%BC,본문/수필/이광수 - 上海[상해] 이일 저일 (1930-11-01).txt
시계열,1930-11-01,발표 월,수필,다복(多福)한 베드로,김교신,6189,https://ko.wikisource.org/wiki/%EB%8B%A4%EB%B3%B5%ED%95%9C_%EB%B2%A0%EB%93%9C%EB%A1%9C,본문/수필/김교신 - 다복(多福)한 베드로 (1930-11-01).txt
시계열,1930-11-28,발표일,기타,조선 여성들의 밟을 길,강경애,1447,https://ko.wikisource.org/wiki/%EC%A1%B0%EC%84%A0%EC%97%AC%EC%84%B1%EB%93%A4%EC%9D%98_%EB%B0%9F%EC%9D%84_%EA%B8%B8,본문/기타/강경애 - 조선 여성들의 밟을 길 (1930-11-28).txt
시계열,1930-12-17,발표일,중편소설,信仰[신앙]으로,김동인,16951,https://ko.wikisource.org/wiki/%EC%8B%A0%EC%95%99%EC%9C%BC%EB%A1%9C,본문/중편소설/김동인 - 信仰[신앙]으로 (1930-12-17).txt
시계열,1931-01-01,발표 연도,장편소설,無名氏傳,이광수,12107,https://ko.wikisource.org/wiki/%EB%AC%B4%EB%AA%85%EC%94%A8%EC%A0%84,본문/장편소설/이광수 - 無名氏傳 (1931-01-01).txt
시계열,1931-01-01,저자 문서 발표 연도,단편소설,거지,김동인,3991,https://ko.wikisource.org/wiki/%EA%B1%B0%EC%A7%80,본문/단편소설/김동인 - 거지 (1931-01-01).txt
시계열,1931-01-01,저자 문서 발표 연도,단편소설,결혼식,김동인,9184,https://ko.wikisource.org/wiki/%EA%B2%B0%ED%98%BC%EC%8B%9D,본문/단편소설/김동인 - 결혼식 (1931-01-01).txt
시계열,1931-01-01,발표 연도,소설,선풍시대,한인택,217852,https://ko.wikisource.org/wiki/%EC%84%A0%ED%92%8D%EC%8B%9C%EB%8C%80,본문/소설/한인택 - 선풍시대 (1931-01-01).txt
시계열,1931-01-01,발표일,시,애너벨 리,김상용,577,https://ko.wikisource.org/wiki/%EC%95%A0%EB%84%88%EB%B2%A8_%EB%A6%AC_%28%EA%B9%80%EC%83%81%EC%9A%A9%29,본문/시/김상용 - 애너벨 리 (1931-01-01).txt
시계열,1931-01-01,발표 연도,기타,양주동 군의 신춘평론,강경애,1396,https://ko.wikisource.org/wiki/%EC%96%91%EC%A3%BC%EB%8F%99_%EA%B5%B0%EC%9D%98_%EC%8B%A0%EC%B6%98%ED%8F%89%EB%A1%A0_-_%EB%B0%98%EB%B0%95%EC%9D%84_%EC%9C%84%ED%95%9C_%EB%B0%98%EB%B0%95,본문/기타/강경애 - 양주동 군의 신춘평론 (1931-01-01).txt
시계열,1931-01-01,발표 연도,단편소설,"여인담(女人譚), 큰 수수께끼",김동인,9932,https://ko.wikisource.org/wiki/%EC%97%AC%EC%9D%B8%EB%8B%B4,"본문/단편소설/김동인 - 여인담(女人譚), 큰 수수께끼 (1931-01-01).txt"
시계열,1931-01-01,발표 연도,소설,오리온과 임금,이효석,5512,https://ko.wikisource.org/wiki/%EC%98%A4%EB%A6%AC%EC%98%A8%EA%B3%BC_%EB%8A%A5%EA%B8%88,본문/소설/이효석 - 오리온과 임금 (1931-01-01).txt
시계열,1931-01-01,저자 문서 발표 연도,시,오빠의 편지 회답,강경애,289,https://ko.wikisource.org/wiki/%EC%98%A4%EB%B9%A0%EC%9D%98_%ED%8E%B8%EC%A7%80_%ED%9A%8C%EB%8B%B5,본문/시/강경애 - 오빠의 편지 회답 (1931-01-01).txt
시계열,1931-01-01,발표 연도,소설,오후의 해조,이효석,17126,https://ko.wikisource.org/wiki/%EC%98%A4%ED%9B%84%EC%9D%98_%ED%95%B4%EC%A1%B0,본문/소설/이효석 - 오후의 해조 (1931-01-01).txt
시계열,1931-01-01,저자 문서 발표 연도,장편소설,이순신,이광수,216099,https://ko.wikisource.org/wiki/%EC%9D%B4%EC%88%9C%EC%8B%A0,본문/장편소설/이광수 - 이순신 (1931-01-01).txt
시계열,1931-01-27,발표일,단편소설,파금,강경애,8195,https://ko.wikisource.org/wiki/%ED%8C%8C%EA%B8%88,본문/단편소설/강경애 - 파금 (1931-01-27).txt
시계열,1931-02-01,발표 월,단편소설,기생집 문 앞에서 맴돌이하던 이야기,채만식,1407,https://ko.wikisource.org/wiki/%EA%B8%B0%EC%83%9D%EC%A7%91_%EB%AC%B8_%EC%95%9E%EC%97%90%EC%84%9C_%EB%A7%B4%EB%8F%8C%EC%9D%B4%ED%95%98%EB%8D%98_%EC%9D%B4%EC%95%BC%EA%B8%B0,본문/단편소설/채만식 - 기생집 문 앞에서 맴돌이하던 이야기 (1931-02-01).txt
시계열,1931-02-01,발표 월,수필,유모레스크,홍난파,2408,https://ko.wikisource.org/wiki/%EC%9C%A0%EB%AA%A8%EB%A0%88%EC%8A%A4%ED%81%AC,본문/수필/홍난파 - 유모레스크 (1931-02-01).txt
시계열,1931-02-23,창작일,시,봄의 서곡,심훈,387,https://ko.wikisource.org/wiki/%EA%B7%B8%EB%82%A0%EC%9D%B4_%EC%98%A4%EB%A9%B4/%EB%B4%84%EC%9D%98_%EC%84%9C%EA%B3%A1,본문/시/심훈 - 봄의 서곡 (1931-02-23).txt
시계열,1931-02-28,발표일,희곡,출범시대,이효석,19011,https://ko.wikisource.org/wiki/%EC%B6%9C%EB%B2%94%EC%8B%9C%EB%8C%80,본문/희곡/이효석 - 출범시대 (1931-02-28).txt
시계열,1931-03-01,발표 월,수필,음악가로서 본 세인의 청각,홍난파,1915,https://ko.wikisource.org/wiki/%EC%9D%8C%EC%95%85%EB%A7%8C%ED%95%84/%EC%9D%8C%EC%95%85%EA%B0%80%EB%A1%9C%EC%84%9C_%EB%B3%B8_%EC%84%B8%EC%9D%B8%EC%9D%98_%EC%B2%AD%EA%B0%81,본문/수필/홍난파 - 음악가로서 본 세인의 청각 (1931-03-01).txt
시계열,1931-04-05,창작일,시,"홍(洪), 김(金) 두 여성(女性)의 변사(變死)를 보고",심훈,739,https://ko.wikisource.org/wiki/%EA%B7%B8%EB%82%A0%EC%9D%B4_%EC%98%A4%EB%A9%B4/%EC%A1%B0%EC%84%A0%EC%9D%98_%EC%9E%90%EB%A7%A4%EC%97%AC,"본문/시/심훈 - 홍(洪), 김(金) 두 여성(女性)의 변사(變死)를 보고 (1931-04-05).txt"
시계열,1931-05-01,발표 월,장편소설,어머니와 딸,강경애,63391,https://ko.wikisource.org/wiki/%EC%96%B4%EB%A8%B8%EB%8B%88%EC%99%80_%EB%94%B8_%28%EA%B0%95%EA%B2%BD%EC%95%A0%29,본문/장편소설/강경애 - 어머니와 딸 (1931-05-01).txt
시계열,1931-05-14,발표일,평론,민족적수치,정인보,1077,https://ko.wikisource.org/wiki/%EB%AF%BC%EC%A1%B1%EC%A0%81_%EC%88%98%EC%B9%98,본문/평론/정인보 - 민족적수치 (1931-05-14).txt
시계열,1931-07-01,발표 월,수필,선인장꽃,김동인,988,https://ko.wikisource.org/wiki/%EC%84%A0%EC%9D%B8%EC%9E%A5%EA%BD%83,본문/수필/김동인 - 선인장꽃 (1931-07-01).txt
시계열,1931-07-01,발표 월,시,성탄,한용운,129,https://ko.wikisource.org/wiki/%EC%84%B1%ED%83%84,본문/시/한용운 - 성탄 (1931-07-01).txt
시계열,1931-07-01,발표 월,시,환가,한용운,48,https://ko.wikisource.org/wiki/%ED%99%98%EA%B0%80,본문/시/한용운 - 환가 (1931-07-01).txt
시계열,1931-07-05,발표일,단편소설,공장신문,김남천,7649,https://ko.wikisource.org/wiki/%EA%B3%B5%EC%9E%A5%EC%8B%A0%EB%AC%B8,본문/단편소설/김남천 - 공장신문 (1931-07-05).txt
시계열,1931-08-01,발표 월,시,비바람,한용운,73,https://ko.wikisource.org/wiki/%EB%B9%84%EB%B0%94%EB%9E%8C,본문/시/한용운 - 비바람 (1931-08-01).txt
시계열,1931-09-01,발표 월,시,반달과 少女[소녀],한용운,145,https://ko.wikisource.org/wiki/%EB%B0%98%EB%8B%AC%EA%B3%BC_%EC%86%8C%EB%85%80,본문/시/한용운 - 반달과 少女[소녀] (1931-09-01).txt
시계열,1931-10-01,발표 월,시,山村[산촌]의 여름 저녁,한용운,159,https://ko.wikisource.org/wiki/%EC%82%B0%EC%B4%8C%EC%9D%98_%EC%97%AC%EB%A6%84_%EC%A0%80%EB%85%81,본문/시/한용운 - 山村[산촌]의 여름 저녁 (1931-10-01).txt
시계열,1931-10-01,발표 월,수필,西伯利亞[서백리아]의 李甲[이갑],이광수,5444,https://ko.wikisource.org/wiki/%EC%84%9C%EB%B0%B1%EB%A6%AC%EC%95%84%EC%9D%98_%EC%9D%B4%EA%B0%91,본문/수필/이광수 - 西伯利亞[서백리아]의 李甲[이갑] (1931-10-01).txt
시계열,1931-10-01,발표 월,단편소설,박첨지의 죽음,김동인,3316,https://ko.wikisource.org/wiki/%EB%B0%95%EC%B2%A8%EC%A7%80%EC%9D%98_%EC%A3%BD%EC%9D%8C,본문/단편소설/김동인 - 박첨지의 죽음 (1931-10-01).txt
시계열,1931-10-01,발표 월,단편소설,서투른 도둑,현진건,3365,https://ko.wikisource.org/wiki/%EC%84%9C%ED%88%AC%EB%A5%B8_%EB%8F%84%EC%A0%81,본문/단편소설/현진건 - 서투른 도둑 (1931-10-01).txt
시계열,1931-10-01,발표 월,시,선녀의 노래,박용철,452,https://ko.wikisource.org/wiki/%EB%B0%95%EC%9A%A9%EC%B2%A0_%EC%8B%9C%EC%A7%91/%EC%84%A0%EB%85%80%EC%9D%98_%EB%85%B8%EB%9E%98,본문/시/박용철 - 선녀의 노래 (1931-10-01).txt
시계열,1931-10-01,발표 월,수필,시인의 말,박용철,415,https://ko.wikisource.org/wiki/%EB%B0%95%EC%9A%A9%EC%B2%A0_%EC%82%B0%EB%AC%B8%EC%A7%91/%EC%8B%9C%EC%9D%B8%EC%9D%98_%EB%A7%90,본문/수필/박용철 - 시인의 말 (1931-10-01).txt
시계열,1931-10-01,발표 월,시,애사 2,박용철,362,https://ko.wikisource.org/wiki/%EB%B0%95%EC%9A%A9%EC%B2%A0_%EC%8B%9C%EC%A7%91/%EC%95%A0%EC%82%AC_2,본문/시/박용철 - 애사 2 (1931-10-01).txt
시계열,1931-10-09,창작일,시,추야장,심훈,506,https://ko.wikisource.org/wiki/%EA%B7%B8%EB%82%A0%EC%9D%B4_%EC%98%A4%EB%A9%B4/%EC%B6%94%EC%95%BC%EC%9E%A5,본문/시/심훈 - 추야장 (1931-10-09).txt
시계열,1931-11-01,발표 월,시,고향,박용철,207,https://ko.wikisource.org/wiki/%EB%B0%95%EC%9A%A9%EC%B2%A0_%EC%8B%9C%EC%A7%91/%EA%B3%A0%ED%96%A5,본문/시/박용철 - 고향 (1931-11-01).txt
시계열,1931-11-01,발표 월,시,어디로,박용철,118,https://ko.wikisource.org/wiki/%EB%B0%95%EC%9A%A9%EC%B2%A0_%EC%8B%9C%EC%A7%91/%EC%96%B4%EB%94%94%EB%A1%9C,본문/시/박용철 - 어디로 (1931-11-01).txt
시계열,1931-11-01,발표 월,단편소설,연애의 청산,현진건,3102,https://ko.wikisource.org/wiki/%EC%97%B0%EC%95%A0%EC%9D%98_%EC%B2%AD%EC%82%B0,본문/단편소설/현진건 - 연애의 청산 (1931-11-01).txt
시계열,1931-11-01,발표 월,시,옥향로,박용철,314,https://ko.wikisource.org/wiki/%EB%B0%95%EC%9A%A9%EC%B2%A0_%EC%8B%9C%EC%A7%91/%EC%98%A5%ED%96%A5%EB%A1%9C,본문/시/박용철 - 옥향로 (1931-11-01).txt
시계열,1931-12-01,발표 월,수필,결혼제도 없는 사회,현진건,345,https://ko.wikisource.org/wiki/%EA%B2%B0%ED%98%BC%EC%A0%9C%EB%8F%84_%EC%97%86%EB%8A%94_%EC%82%AC%ED%9A%8C,본문/수필/현진건 - 결혼제도 없는 사회 (1931-12-01).txt
시계열,1931-12-01,발표 월,수필,문예비평,박용철,9506,https://ko.wikisource.org/wiki/%EB%B0%95%EC%9A%A9%EC%B2%A0_%EC%82%B0%EB%AC%B8%EC%A7%91/%EB%AC%B8%EC%98%88%EC%8B%9C%ED%8F%89,본문/수필/박용철 - 문예비평 (1931-12-01).txt
시계열,1931-12-01,발표 월,시,세모,한용운,125,https://ko.wikisource.org/wiki/%EC%84%B8%EB%AA%A8,본문/시/한용운 - 세모 (1931-12-01).txt
시계열,1931-12-01,발표 월,소설,프렐류드,이효석,14660,https://ko.wikisource.org/wiki/%ED%94%84%EB%A0%88%EB%A5%98%EB%93%9C,본문/소설/이효석 - 프렐류드 (1931-12-01).txt
시계열,1931-12-07,발표일,수필,신미 시단의 회고와 비판,박용철,3430,https://ko.wikisource.org/wiki/%EB%B0%95%EC%9A%A9%EC%B2%A0_%EC%82%B0%EB%AC%B8%EC%A7%91/%EC%8B%A0%EB%AF%B8_%EC%8B%9C%EB%8B%A8%EC%9D%98_%ED%9A%8C%EA%B3%A0%EC%99%80_%EB%B9%84%ED%8C%90,본문/수필/박용철 - 신미 시단의 회고와 비판 (1931-12-07).txt
시계열,1932-01-01,발표 월,시,마음의 추락,박용철,113,https://ko.wikisource.org/wiki/%EB%B0%95%EC%9A%A9%EC%B2%A0_%EC%8B%9C%EC%A7%91/%EB%A7%88%EC%9D%8C%EC%9D%98_%EC%B6%94%EB%9D%BD,본문/시/박용철 - 마음의 추락 (1932-01-01).txt
시계열,1932-01-01,발표 월,소설,발가락이 닮았다,김동인,7761,https://ko.wikisource.org/wiki/%EB%B0%9C%EA%B0%80%EB%9D%BD%EC%9D%B4_%EB%8B%AE%EC%95%98%EB%8B%A4,본문/소설/김동인 - 발가락이 닮았다 (1932-01-01).txt
시계열,1932-01-01,저자 문서 발표 연도,단편소설,사기사,김동인,3527,https://ko.wikisource.org/wiki/%EC%82%AC%EA%B8%B0%EC%82%AC,본문/단편소설/김동인 - 사기사 (1932-01-01).txt
시계열,1932-01-01,발표 월,시,애사 1,박용철,343,https://ko.wikisource.org/wiki/%EB%B0%95%EC%9A%A9%EC%B2%A0_%EC%8B%9C%EC%A7%91/%EC%95%A0%EC%82%AC_1,본문/시/박용철 - 애사 1 (1932-01-01).txt
시계열,1932-01-01,저자 문서 발표 연도,단편소설,잡초,김동인,16533,https://ko.wikisource.org/wiki/%EC%9E%A1%EC%B4%88,본문/단편소설/김동인 - 잡초 (1932-01-01).txt
시계열,1932-01-01,발표 연도,시,초 한 대,윤동주,201,https://ko.wikisource.org/wiki/%EC%B4%88_%ED%95%9C_%EB%8C%80,본문/시/윤동주 - 초 한 대 (1932-01-01).txt
시계열,1932-01-01,발표 연도,장편소설,흙,이광수,329575,https://ko.wikisource.org/wiki/%ED%9D%99,본문/장편소설/이광수 - 흙 (1932-01-01).txt
시계열,1932-02-06,발표일,기타,나의 辨明[변명]―『발가락이 닮았다』에 대하여,김동인,5192,https://ko.wikisource.org/wiki/%EB%82%98%EC%9D%98_%EB%B3%80%EB%AA%85-%EB%B0%9C%EA%B0%80%EB%9D%BD%EC%9D%B4_%EB%8B%AE%EC%95%98%EB%8B%A4%EC%97%90_%EB%8C%80%ED%95%98%EC%97%AC,본문/기타/김동인 - 나의 辨明[변명]―『발가락이 닮았다』에 대하여 (1932-02-06).txt
시계열,1932-03-01,발표 월,수필,二十歲[이십세]의 野望家[야망가],김동인,361,https://ko.wikisource.org/wiki/%EC%9D%B4%EC%8B%AD%EC%84%B8%EC%9D%98_%EC%95%BC%EB%A7%9D%EA%B0%80,본문/수필/김동인 - 二十歲[이십세]의 野望家[야망가] (1932-03-01).txt
시계열,1932-03-01,발표일,소설,아기네,김동인,219069,https://ko.wikisource.org/wiki/%EC%95%84%EA%B8%B0%EB%84%A4,본문/소설/김동인 - 아기네 (1932-03-01).txt
시계열,1932-03-01,발표 월,단편소설,지도의 암실,이상,8943,https://ko.wikisource.org/wiki/%EC%A7%80%EB%8F%84%EC%9D%98_%EC%95%94%EC%8B%A4,본문/단편소설/이상 - 지도의 암실 (1932-03-01).txt
시계열,1932-04-01,발표 월,단편소설,붉은 산,김동인,3878,https://ko.wikisource.org/wiki/%EB%B6%89%EC%9D%80_%EC%82%B0,본문/단편소설/김동인 - 붉은 산 (1932-04-01).txt
시계열,1932-04-01,발표 월,단편소설,휴업과 사정,이상,9642,https://ko.wikisource.org/wiki/%ED%9C%B4%EC%97%85%EA%B3%BC_%EC%82%AC%EC%A0%95,본문/단편소설/이상 - 휴업과 사정 (1932-04-01).txt
시계열,1932-04-24,창작일,시,생활시,심훈,529,https://ko.wikisource.org/wiki/%EA%B7%B8%EB%82%A0%EC%9D%B4_%EC%98%A4%EB%A9%B4/%ED%86%A0%EB%A7%89_%EC%83%9D%EA%B0%81,본문/시/심훈 - 생활시 (1932-04-24).txt
시계열,1932-05-01,발표 월,단편소설,論介(논개)의 還生,김동인,20503,https://ko.wikisource.org/wiki/%EB%85%BC%EA%B0%9C%EC%9D%98_%ED%99%98%EC%83%9D,본문/단편소설/김동인 - 論介(논개)의 還生 (1932-05-01).txt
시계열,1932-05-01,발표 월,시,바다 10,정지용,178,https://ko.wikisource.org/wiki/%EB%B0%94%EB%8B%A4_%28%EC%A0%95%EC%A7%80%EC%9A%A9%29/%EB%B0%94%EB%8B%A4_10,본문/시/정지용 - 바다 10 (1932-05-01).txt
시계열,1932-05-01,발표 월,시,석취,정지용,101,https://ko.wikisource.org/wiki/%EC%84%9D%EC%B7%A8,본문/시/정지용 - 석취 (1932-05-01).txt
시계열,1932-07-10,창작일,시,곡 서해,심훈,406,https://ko.wikisource.org/wiki/%EA%B7%B8%EB%82%A0%EC%9D%B4_%EC%98%A4%EB%A9%B4/%EA%B3%A1_%EC%84%9C%ED%95%B4,본문/시/심훈 - 곡 서해 (1932-07-10).txt
시계열,1932-08-01,발표 월,기타,"간도를 등지면서, 간도야 잘 있거라",강경애,5323,https://ko.wikisource.org/wiki/%EA%B0%84%EB%8F%84%EB%A5%BC_%EB%93%B1%EC%A7%80%EB%A9%B4%EC%84%9C,"본문/기타/강경애 - 간도를 등지면서, 간도야 잘 있거라 (1932-08-01).txt"
시계열,1932-08-10,창작일,시,총석정,심훈,144,https://ko.wikisource.org/wiki/%EA%B7%B8%EB%82%A0%EC%9D%B4_%EC%98%A4%EB%A9%B4/%EC%B4%9D%EC%84%9D%EC%A0%95,본문/시/심훈 - 총석정 (1932-08-10).txt
시계열,1932-09-01,발표 월,단편소설,그 여자,강경애,6148,https://ko.wikisource.org/wiki/%EA%B7%B8_%EC%97%AC%EC%9E%90,본문/단편소설/강경애 - 그 여자 (1932-09-01).txt
시계열,1932-09-04,창작일,시,어린것에게,심훈,617,https://ko.wikisource.org/wiki/%EA%B7%B8%EB%82%A0%EC%9D%B4_%EC%98%A4%EB%A9%B4/%EC%96%B4%EB%A6%B0%EA%B2%83%EC%97%90%EA%B2%8C,본문/시/심훈 - 어린것에게 (1932-09-04).txt
시계열,1932-09-05,창작일,시,R씨의 초상,심훈,514,https://ko.wikisource.org/wiki/%EA%B7%B8%EB%82%A0%EC%9D%B4_%EC%98%A4%EB%A9%B4/R%EC%94%A8%EC%9D%98_%EC%B4%88%EC%83%81,본문/시/심훈 - R씨의 초상 (1932-09-05).txt
시계열,1932-10-01,발표 월,시,예지,이상화,57,https://ko.wikisource.org/wiki/%EC%98%88%EC%A7%80,본문/시/이상화 - 예지 (1932-10-01).txt
시계열,1932-10-01,발표 월,단편소설,적막한 저녁,김동인,10135,https://ko.wikisource.org/wiki/%EC%A0%81%EB%A7%89%ED%95%9C_%EC%A0%80%EB%85%81,본문/단편소설/김동인 - 적막한 저녁 (1932-10-01).txt
시계열,1932-10-06,창작일,시,고향은 그리워도,심훈,518,https://ko.wikisource.org/wiki/%EA%B7%B8%EB%82%A0%EC%9D%B4_%EC%98%A4%EB%A9%B4/%EA%B3%A0%ED%96%A5%EC%9D%80_%EA%B7%B8%EB%A6%AC%EC%9B%8C%EB%8F%84,본문/시/심훈 - 고향은 그리워도 (1932-10-06).txt
시계열,1932-10-08,창작일,시,생명의 한 토막,심훈,422,https://ko.wikisource.org/wiki/%EA%B7%B8%EB%82%A0%EC%9D%B4_%EC%98%A4%EB%A9%B4/%EC%83%9D%EB%AA%85%EC%9D%98_%ED%95%9C_%ED%86%A0%EB%A7%89,본문/시/심훈 - 생명의 한 토막 (1932-10-08).txt
시계열,1932-12-01,발표 월,소설,껌정 저구리,허문일,1849,https://ko.wikisource.org/wiki/%EA%B2%80%EC%9D%80_%EC%98%B7,본문/소설/허문일 - 껌정 저구리 (1932-12-01).txt
시계열,1932-12-01,발표 월,기타,꽃송이같은 첫 눈,강경애,591,https://ko.wikisource.org/wiki/%EA%BD%83%EC%86%A1%EC%9D%B4%EA%B0%99%EC%9D%80_%EC%B2%AB_%EB%88%88,본문/기타/강경애 - 꽃송이같은 첫 눈 (1932-12-01).txt
시계열,1932-12-01,발표 월,시,참된 어머니가 되어주소서,강경애,459,https://ko.wikisource.org/wiki/%EC%B0%B8%EB%90%9C_%EC%96%B4%EB%A8%B8%EB%8B%88%EA%B0%80_%EB%90%98%EC%96%B4_%EC%A3%BC%EC%86%8C%EC%84%9C,본문/시/강경애 - 참된 어머니가 되어주소서 (1932-12-01).txt
시계열,1933-01-01,발표 월,소설,10월에 피는 능금꽃,이효석,1899,https://ko.wikisource.org/wiki/10%EC%9B%94%EC%97%90_%ED%94%BC%EB%8A%94_%EB%8A%A5%EA%B8%88%EA%BD%83,본문/소설/이효석 - 10월에 피는 능금꽃 (1933-01-01).txt
시계열,1933-01-01,발표 연도,시,火焰,오장환,25,https://ko.wikisource.org/wiki/%ED%99%94%EC%97%BC,본문/시/오장환 - 火焰 (1933-01-01).txt
시계열,1933-01-01,발표 연도,시,郊外의江邊,오장환,89,https://ko.wikisource.org/wiki/%EA%B5%90%EC%99%B8%EC%9D%98_%EA%B0%95%EB%B3%80,본문/시/오장환 - 郊外의江邊 (1933-01-01).txt
시계열,1933-01-01,발표 연도,기타,간도의 봄,강경애,1235,https://ko.wikisource.org/wiki/%EA%B0%84%EB%8F%84%EC%9D%98_%EB%B4%84,본문/기타/강경애 - 간도의 봄 (1933-01-01).txt
시계열,1933-01-01,발표 연도,소설,그들의 兄弟,오장환,4787,https://ko.wikisource.org/wiki/%EA%B7%B8%EB%93%A4%EC%9D%98_%ED%98%95%EC%A0%9C,본문/소설/오장환 - 그들의 兄弟 (1933-01-01).txt
시계열,1933-01-01,발표 연도,기타,나의 유년시절,강경애,1408,https://ko.wikisource.org/wiki/%EB%82%98%EC%9D%98_%EC%9C%A0%EB%85%84_%EC%8B%9C%EC%A0%88,본문/기타/강경애 - 나의 유년시절 (1933-01-01).txt
시계열,1933-01-01,발표 연도,소설,돈,이효석,3522,https://ko.wikisource.org/wiki/%EB%8F%88,본문/소설/이효석 - 돈 (1933-01-01).txt
시계열,1933-01-01,발표 연도,소설,목화와 콩,권환,7293,https://ko.wikisource.org/wiki/%EB%AA%A9%ED%99%94%EC%99%80_%EC%BD%A9,본문/소설/권환 - 목화와 콩 (1933-01-01).txt
시계열,1933-01-01,저자 문서 발표 연도,단편소설,산골 나그네,김유정,7432,https://ko.wikisource.org/wiki/%EC%82%B0%EA%B3%A8_%EB%82%98%EA%B7%B8%EB%84%A4,본문/단편소설/김유정 - 산골 나그네 (1933-01-01).txt
시계열,1933-01-01,발표 연도,기타,송년사,강경애,145,https://ko.wikisource.org/wiki/%EC%86%A1%EB%85%84%EC%82%AC,본문/기타/강경애 - 송년사 (1933-01-01).txt
시계열,1933-01-01,발표 연도,시,아츰,오장환,32,https://ko.wikisource.org/wiki/%EC%95%84%EC%B9%A8,본문/시/오장환 - 아츰 (1933-01-01).txt
시계열,1933-01-01,발표 연도,기타,원고 첫낭독,강경애,310,https://ko.wikisource.org/wiki/%EC%9B%90%EA%B3%A0_%EC%B2%AB_%EB%82%AD%EB%8F%85,본문/기타/강경애 - 원고 첫낭독 (1933-01-01).txt
시계열,1933-01-01,발표 연도,장편소설,유정,이광수,95151,https://ko.wikisource.org/wiki/%EC%9C%A0%EC%A0%95,본문/장편소설/이광수 - 유정 (1933-01-01).txt
시계열,1933-01-01,발표 연도,기타,이역(異域)의 달밤,강경애,969,https://ko.wikisource.org/wiki/%EC%9D%B4%EC%97%AD%EC%9D%98_%EB%8B%AC%EB%B0%A4,본문/기타/강경애 - 이역(異域)의 달밤 (1933-01-01).txt
시계열,1933-01-01,발표 연도,소설,인형의 집을 나와서,채만식,170711,https://ko.wikisource.org/wiki/%EC%9D%B8%ED%98%95%EC%9D%98_%EC%A7%91%EC%9D%84_%EB%82%98%EC%99%80%EC%84%9C,본문/소설/채만식 - 인형의 집을 나와서 (1933-01-01).txt
시계열,1933-01-01,발표 연도,시,조개껍데기,오장환,35,https://ko.wikisource.org/wiki/%EC%A1%B0%EA%B0%9C%EA%BB%8D%EB%8D%B0%EA%B8%B0,본문/시/오장환 - 조개껍데기 (1933-01-01).txt
시계열,1933-01-01,발표 연도,노래,조선동요백곡집,홍난파,1350,https://ko.wikisource.org/wiki/%EC%A1%B0%EC%84%A0%EB%8F%99%EC%9A%94%EB%B0%B1%EA%B3%A1%EC%A7%91,본문/노래/홍난파 - 조선동요백곡집 (1933-01-01).txt
시계열,1933-01-01,저자 문서 발표 연도,단편소설,총각과 맹꽁이,김유정,5204,https://ko.wikisource.org/wiki/%EC%B4%9D%EA%B0%81%EA%B3%BC_%EB%A7%B9%EA%BD%81%EC%9D%B4,본문/단편소설/김유정 - 총각과 맹꽁이 (1933-01-01).txt
시계열,1933-01-01,발표 월,기타,커다란 문제 하나,강경애,664,https://ko.wikisource.org/wiki/%EC%BB%A4%EB%8B%A4%EB%9E%80_%EB%AC%B8%EC%A0%9C_%ED%95%98%EB%82%98,본문/기타/강경애 - 커다란 문제 하나 (1933-01-01).txt
시계열,1933-01-20,창작일,수필,객혈(喀血)의 아침,이상,1056,https://ko.wikisource.org/wiki/%EA%B0%9D%ED%98%88%EC%9D%98_%EC%95%84%EC%B9%A8,본문/수필/이상 - 객혈(喀血)의 아침 (1933-01-20).txt
시계열,1933-02-01,발표일,수필,劇硏(극연) 三回(삼회) 公演劇本(공연극본) 解說,박용철,2705,https://ko.wikisource.org/wiki/%EB%B0%95%EC%9A%A9%EC%B2%A0_%EC%82%B0%EB%AC%B8%EC%A7%91/%EC%9A%B0%EC%A0%95%EC%97%90_%EB%8C%80%ED%95%98%EC%97%AC,본문/수필/박용철 - 劇硏(극연) 三回(삼회) 公演劇本(공연극본) 解說 (1933-02-01).txt
시계열,1933-02-01,발표 월,단편소설,월사금,강경애,1237,https://ko.wikisource.org/wiki/%EC%9B%94%EC%82%AC%EA%B8%88,본문/단편소설/강경애 - 월사금 (1933-02-01).txt
시계열,1933-03-01,발표 월,단편소설,부자,강경애,9397,https://ko.wikisource.org/wiki/%EB%B6%80%EC%9E%90,본문/단편소설/강경애 - 부자 (1933-03-01).txt
시계열,1933-03-01,발표 월,소설,주리야,이효석,36219,https://ko.wikisource.org/wiki/%EC%A3%BC%EB%A6%AC%EC%95%BC,본문/소설/이효석 - 주리야 (1933-03-01).txt
시계열,1933-05-13,발표일,단편소설,명공의 신필,김동인,11652,https://ko.wikisource.org/wiki/%EB%8F%99%EC%9D%B8%EC%82%AC%EB%8B%B4%EC%A7%91_5/%EB%AA%85%EA%B3%B5%EC%9D%98_%EC%8B%A0%ED%95%84,본문/단편소설/김동인 - 명공의 신필 (1933-05-13).txt
시계열,1933-06-01,발표 월,단편소설,물,김남천,7005,https://ko.wikisource.org/wiki/%EB%AC%BC,본문/단편소설/김남천 - 물 (1933-06-01).txt
시계열,1933-06-01,발표 월,시,숲속의 농부,강경애,90,https://ko.wikisource.org/wiki/%EC%88%B2_%EC%86%8D%EC%9D%98_%EB%86%8D%EB%B6%80,본문/시/강경애 - 숲속의 농부 (1933-06-01).txt
시계열,1933-07-01,발표 월,시,"1933, 6, 1",이상,139,https://ko.wikisource.org/wiki/1933%2C_6%2C_1,"본문/시/이상 - 1933, 6, 1 (1933-07-01).txt"
시계열,1933-07-01,발표 월,시,꽃나무,이상,138,https://ko.wikisource.org/wiki/%EA%BD%83%EB%82%98%EB%AC%B4,본문/시/이상 - 꽃나무 (1933-07-01).txt
시계열,1933-07-01,발표 월,시,반딧불,이상화,96,https://ko.wikisource.org/wiki/%EB%B0%98%EB%94%A7%EB%B6%88,본문/시/이상화 - 반딧불 (1933-07-01).txt
시계열,1933-07-01,발표 월,기타,여름밤 농촌의 풍경 점점,강경애,2228,https://ko.wikisource.org/wiki/%EC%97%AC%EB%A6%84_%EB%B0%A4_%EB%86%8D%EC%B4%8C%EC%9D%98_%ED%92%8D%EA%B2%BD_%EC%A0%90%EC%A0%90,본문/기타/강경애 - 여름밤 농촌의 풍경 점점 (1933-07-01).txt
시계열,1933-07-01,발표 월,시,이런 시,이상,325,https://ko.wikisource.org/wiki/%EC%9D%B4%EB%9F%B0_%EC%8B%9C,본문/시/이상 - 이런 시 (1933-07-01).txt
시계열,1933-07-10,발표일,소설,영원의 미소,심훈,216227,https://ko.wikisource.org/wiki/%EC%98%81%EC%9B%90%EC%9D%98_%EB%AF%B8%EC%86%8C,본문/소설/심훈 - 영원의 미소 (1933-07-10).txt
시계열,1933-08-19,발표일,기타,李瓉叔哀詞,정인보,1164,https://ko.wikisource.org/wiki/%EC%9D%B4%EC%B0%AC%EC%88%99%EC%95%A0%EC%82%AC,본문/기타/정인보 - 李瓉叔哀詞 (1933-08-19).txt
시계열,1933-09-01,발표 월,단편소설,채전,강경애,4460,https://ko.wikisource.org/wiki/%EC%B1%84%EC%A0%84,본문/단편소설/강경애 - 채전 (1933-09-01).txt
시계열,1933-10-01,발표 월,수필,試驗濟의 法則,김교신,2115,https://ko.wikisource.org/wiki/%EC%8B%9C%ED%97%98%EC%A0%9C%EC%9D%98_%EB%B2%95%EC%B9%99,본문/수필/김교신 - 試驗濟의 法則 (1933-10-01).txt
시계열,1933-10-01,발표 월,시,거울,이상,253,https://ko.wikisource.org/wiki/%EA%B1%B0%EC%9A%B8,본문/시/이상 - 거울 (1933-10-01).txt
시계열,1933-11-01,발표 월,수필,바보,피란델로,13750,https://ko.wikisource.org/wiki/%EB%B0%95%EC%9A%A9%EC%B2%A0_%EC%82%B0%EB%AC%B8%EC%A7%91/%EB%B0%94%EB%B3%B4,본문/수필/피란델로 - 바보 (1933-11-01).txt
시계열,1933-11-01,발표 월,소설,수탉,이효석,2759,https://ko.wikisource.org/wiki/%EC%88%98%ED%83%89,본문/소설/이효석 - 수탉 (1933-11-01).txt
시계열,1933-11-03,발표일,수필,작품 발표 연주에 대한 이승학씨의 평을 읽고,홍난파,2326,https://ko.wikisource.org/wiki/%EC%9E%91%ED%92%88_%EB%B0%9C%ED%91%9C_%EC%97%B0%EC%A3%BC%EC%97%90_%EB%8C%80%ED%95%9C_%EC%9D%B4%EC%8A%B9%ED%95%99%EC%94%A8%EC%9D%98_%ED%8F%89%EC%9D%84_%EC%9D%BD%EA%B3%A0,본문/수필/홍난파 - 작품 발표 연주에 대한 이승학씨의 평을 읽고 (1933-11-03).txt
시계열,1933-11-26,창작일,수필,피란델로 작 바보에 대하야,박용철,2381,https://ko.wikisource.org/wiki/%EB%B0%95%EC%9A%A9%EC%B2%A0_%EC%82%B0%EB%AC%B8%EC%A7%91/%ED%94%BC%EB%9E%80%EB%8D%B8%EB%A1%9C_%EC%9E%91_%EB%B0%94%EB%B3%B4%EC%97%90_%EB%8C%80%ED%95%98%EC%95%BC,본문/수필/박용철 - 피란델로 작 바보에 대하야 (1933-11-26).txt
시계열,1933-12-01,발표 월,시,4행소곡 6수,김영랑,295,https://ko.wikisource.org/wiki/%EC%82%AC%ED%96%89%EC%86%8C%EA%B3%A1,본문/시/김영랑 - 4행소곡 6수 (1933-12-01).txt
시계열,1933-12-01,발표 월,수필,VERSCHIEDENE 1,박용철,1344,https://ko.wikisource.org/wiki/%EB%B0%95%EC%9A%A9%EC%B2%A0_%EC%82%B0%EB%AC%B8%EC%A7%91/VERSCHIEDENE_1,본문/수필/박용철 - VERSCHIEDENE 1 (1933-12-01).txt
시계열,1933-12-01,발표 월,시,구름 속 종달,김영랑,56,https://ko.wikisource.org/wiki/%EC%98%81%EB%9E%91%EC%8B%9C%EC%A7%91/%EA%B5%AC%EB%A6%84_%EC%86%8D_%EC%A2%85%EB%8B%AC,본문/시/김영랑 - 구름 속 종달 (1933-12-01).txt
시계열,1933-12-01,발표 월,단편소설,독백,이효석,2951,https://ko.wikisource.org/wiki/%EB%8F%85%EB%B0%B1_%28%EC%9D%B4%ED%9A%A8%EC%84%9D%29,본문/단편소설/이효석 - 독백 (1933-12-01).txt
시계열,1933-12-01,발표 월,시,빠른 철로에 조는 손님,김영랑,52,https://ko.wikisource.org/wiki/%EC%98%81%EB%9E%91%EC%8B%9C%EC%A7%91/%EB%B9%A0%EB%A5%B8_%EC%B2%A0%EB%A1%9C%EC%97%90_%EC%A1%B0%EB%8A%94_%EC%86%90%EB%8B%98,본문/시/김영랑 - 빠른 철로에 조는 손님 (1933-12-01).txt
시계열,1933-12-01,발표 월,시,사랑은 깊으기 푸른 하늘,김영랑,49,https://ko.wikisource.org/wiki/%EC%98%81%EB%9E%91%EC%8B%9C%EC%A7%91/%EC%82%AC%EB%9E%91%EC%9D%80_%EA%B9%8A%EC%9C%BC%EA%B8%B0_%ED%91%B8%EB%A5%B8_%ED%95%98%EB%8A%98,본문/시/김영랑 - 사랑은 깊으기 푸른 하늘 (1933-12-01).txt
시계열,1933-12-01,발표 월,시,산골 시악시,김영랑,52,https://ko.wikisource.org/wiki/%EC%98%81%EB%9E%91%EC%8B%9C%EC%A7%91/%EC%82%B0%EA%B3%A8_%EC%8B%9C%EC%95%85%EC%8B%9C,본문/시/김영랑 - 산골 시악시 (1933-12-01).txt
시계열,1933-12-01,발표 월,시,애닯은 입김,김영랑,49,https://ko.wikisource.org/wiki/%EC%98%81%EB%9E%91%EC%8B%9C%EC%A7%91/%EC%95%A0%EB%8B%AF%EC%9D%80_%EC%9E%85%EA%B9%80,본문/시/김영랑 - 애닯은 입김 (1933-12-01).txt
시계열,1933-12-01,발표 월,시,외론 할미꽃,김영랑,50,https://ko.wikisource.org/wiki/%EC%98%81%EB%9E%91%EC%8B%9C%EC%A7%91/%EC%99%B8%EB%A1%A0_%ED%95%A0%EB%AF%B8%EA%BD%83,본문/시/김영랑 - 외론 할미꽃 (1933-12-01).txt
시계열,1933-12-01,발표 월,단편소설,축구전,강경애,4342,https://ko.wikisource.org/wiki/%EC%B6%95%EA%B5%AC%EC%A0%84,본문/단편소설/강경애 - 축구전 (1933-12-01).txt
시계열,1933-12-01,발표 월,시,황혼,이육사,322,https://ko.wikisource.org/wiki/%ED%99%A9%ED%98%BC,본문/시/이육사 - 황혼 (1933-12-01).txt
시계열,1933-12-07,발표일,수필,조선인의 경제적 재능과 풍수설,창백자,6885,https://ko.wikisource.org/wiki/%EB%B0%95%EC%9A%A9%EC%B2%A0_%EC%82%B0%EB%AC%B8%EC%A7%91/%EC%A1%B0%EC%84%A0%EC%9D%B8%EC%9D%98_%EA%B2%BD%EC%A0%9C%EC%A0%81_%EC%9E%AC%EB%8A%A5%EA%B3%BC_%ED%92%8D%EC%88%98%EC%84%A4,본문/수필/창백자 - 조선인의 경제적 재능과 풍수설 (1933-12-07).txt
시계열,1933-12-20,발표일,장편소설,적도〔赤道〕,현진건,163124,https://ko.wikisource.org/wiki/%EC%A0%81%EB%8F%84,본문/장편소설/현진건 - 적도〔赤道〕 (1933-12-20).txt
시계열,1934-01-01,발표 연도,기타,간도,강경애,748,https://ko.wikisource.org/wiki/%EA%B0%84%EB%8F%84,본문/기타/강경애 - 간도 (1934-01-01).txt
시계열,1934-01-01,발표 연도,수필,국제무역주의의 동향,이활,3374,https://ko.wikisource.org/wiki/%EA%B5%AD%EC%A0%9C_%EB%AC%B4%EC%97%AD_%EC%A3%BC%EC%9D%98%EC%9D%98_%EB%8F%99%ED%96%A5,본문/수필/이활 - 국제무역주의의 동향 (1934-01-01).txt
시계열,1934-01-01,발표 연도,소설,그 여자의 일생,이광수,283548,https://ko.wikisource.org/wiki/%EA%B7%B8_%EC%97%AC%EC%9E%90%EC%9D%98_%EC%9D%BC%EC%83%9D,본문/소설/이광수 - 그 여자의 일생 (1934-01-01).txt
시계열,1934-01-01,발표 월,단편소설,꺼래이,백신애,12192,https://ko.wikisource.org/wiki/%EA%BA%BC%EB%9E%98%EC%9D%B4,본문/단편소설/백신애 - 꺼래이 (1934-01-01).txt
시계열,1934-01-01,발표 연도,단편소설,대동강은 속삭인다,김동인,9918,https://ko.wikisource.org/wiki/%EB%8C%80%EB%8F%99%EA%B0%95%EC%9D%80_%EC%86%8D%EC%82%AD%EC%9D%B8%EB%8B%A4,본문/단편소설/김동인 - 대동강은 속삭인다 (1934-01-01).txt
시계열,1934-01-01,발표 연도,소설,마음의 의장,이효석,7359,https://ko.wikisource.org/wiki/%EB%A7%88%EC%9D%8C%EC%9D%98_%EC%9D%98%EC%9E%A5,본문/소설/이효석 - 마음의 의장 (1934-01-01).txt
시계열,1934-01-01,발표 연도,소설,수난,이효석,4156,https://ko.wikisource.org/wiki/%EC%88%98%EB%82%9C,본문/소설/이효석 - 수난 (1934-01-01).txt
시계열,1934-01-01,발표 연도,시,어떤 친한 시의 벗에게,김기림,678,https://ko.wikisource.org/wiki/%ED%83%9C%EC%96%91%EC%9D%98_%ED%92%8D%EC%86%8D/%EC%96%B4%EB%96%A4_%EC%B9%9C%ED%95%9C_%EC%8B%9C%EC%9D%98_%EB%B2%97%EC%97%90%EA%B2%8C,본문/시/김기림 - 어떤 친한 시의 벗에게 (1934-01-01).txt
시계열,1934-01-01,발표 연도,장편소설,운현궁의 봄,김동인,445787,https://ko.wikisource.org/wiki/%EC%9A%B4%ED%98%84%EA%B6%81%EC%9D%98_%EB%B4%84,본문/장편소설/김동인 - 운현궁의 봄 (1934-01-01).txt
시계열,1934-01-01,발표 연도,소설,일기,이효석,8400,https://ko.wikisource.org/wiki/%EC%9D%BC%EA%B8%B0,본문/소설/이효석 - 일기 (1934-01-01).txt
시계열,1934-01-01,저자 문서 발표 연도,단편소설,최선생,김동인,7871,https://ko.wikisource.org/wiki/%EC%B5%9C%EC%84%A0%EC%83%9D,본문/단편소설/김동인 - 최선생 (1934-01-01).txt
시계열,1934-02-01,발표 월,수필,VERSCHIEDENE 2,박용철,977,https://ko.wikisource.org/wiki/%EB%B0%95%EC%9A%A9%EC%B2%A0_%EC%82%B0%EB%AC%B8%EC%A7%91/VERSCHIEDENE_2,본문/수필/박용철 - VERSCHIEDENE 2 (1934-02-01).txt
시계열,1934-02-01,발표 월,시,남으로 창을 내겠소,김상용,81,https://ko.wikisource.org/wiki/%EB%A7%9D%ED%96%A5_%28%EC%8B%9C%EC%A7%91%29/%EB%82%A8%EC%9C%BC%EB%A1%9C_%EC%B0%BD%EC%9D%84_%EB%82%B4%EA%B2%A0%EC%86%8C,본문/시/김상용 - 남으로 창을 내겠소 (1934-02-01).txt
시계열,1934-02-01,발표 월,수필,시의 명칭과 성질,A. E. 하우스먼,15873,https://ko.wikisource.org/wiki/%EB%B0%95%EC%9A%A9%EC%B2%A0_%EC%82%B0%EB%AC%B8%EC%A7%91/%EC%8B%9C%EC%9D%98_%EB%AA%85%EC%B9%AD%EA%B3%BC_%EC%84%B1%EC%A7%88,본문/수필/A. E. 하우스먼 - 시의 명칭과 성질 (1934-02-01).txt
시계열,1934-02-01,발표 월,평론,여류 시단 총평,박용철,5136,https://ko.wikisource.org/wiki/%EB%B0%95%EC%9A%A9%EC%B2%A0_%EC%82%B0%EB%AC%B8%EC%A7%91/%EC%97%AC%EB%A5%98_%EC%8B%9C%EB%8B%A8_%EC%B4%9D%ED%8F%89,본문/평론/박용철 - 여류 시단 총평 (1934-02-01).txt
시계열,1934-02-01,발표 월,단편소설,유무,강경애,5583,https://ko.wikisource.org/wiki/%EC%9C%A0%EB%AC%B4,본문/단편소설/강경애 - 유무 (1934-02-01).txt
시계열,1934-03-01,발표 월,수필,다정하고 실질적인 프랑스 부인,나혜석,2933,https://ko.wikisource.org/wiki/%EA%B5%AC%EB%AF%B8_%EB%B6%80%EC%9D%B8%EC%9D%98_%EA%B0%80%EC%A0%95%EC%83%9D%ED%99%9C,본문/수필/나혜석 - 다정하고 실질적인 프랑스 부인 (1934-03-01).txt
시계열,1934-04-01,발표 월,수필,亡하면 亡하리라,김교신,2216,https://ko.wikisource.org/wiki/%EB%A7%9D%ED%95%98%EB%A9%B4_%EB%A7%9D%ED%95%98%EB%A6%AC%EB%9D%BC,본문/수필/김교신 - 亡하면 亡하리라 (1934-04-01).txt
시계열,1934-04-01,발표 월,단편소설,寫眞[사진]과 便紙[편지],김동인,5286,https://ko.wikisource.org/wiki/%EC%82%AC%EC%A7%84%EA%B3%BC_%ED%8E%B8%EC%A7%80,본문/단편소설/김동인 - 寫眞[사진]과 便紙[편지] (1934-04-01).txt
시계열,1934-04-01,발표 월,수필,자연 과학과 유물 변증법,이활,2695,https://ko.wikisource.org/wiki/%EC%9E%90%EC%97%B0_%EA%B3%BC%ED%95%99%EA%B3%BC_%EC%9C%A0%EB%AC%BC_%EB%B3%80%EC%A6%9D%EB%B2%95,본문/수필/이활 - 자연 과학과 유물 변증법 (1934-04-01).txt
시계열,1934-05-01,발표 월,소설,레디메이드 인생,채만식,17842,https://ko.wikisource.org/wiki/%EB%A0%88%EB%94%94%EB%A9%94%EC%9D%B4%EB%93%9C_%EC%9D%B8%EC%83%9D,본문/소설/채만식 - 레디메이드 인생 (1934-05-01).txt
시계열,1934-05-01,발표 월,장편소설,소금,강경애,31013,https://ko.wikisource.org/wiki/%EC%86%8C%EA%B8%88,본문/장편소설/강경애 - 소금 (1934-05-01).txt
시계열,1934-05-26,창작일,서간,파인(巴人) 김동환(金東煥) 님에게,김소월,340,https://ko.wikisource.org/wiki/%ED%8C%8C%EC%9D%B8_%EA%B9%80%EB%8F%99%ED%99%98_%EB%8B%98%EC%97%90%EA%B2%8C,본문/서간/김소월 - 파인(巴人) 김동환(金東煥) 님에게 (1934-05-26).txt
시계열,1934-06-01,발표 월,수필,3천여 명의 박수 소리,홍난파,997,https://ko.wikisource.org/wiki/3%EC%B2%9C%EC%97%AC%EB%AA%85%EC%9D%98_%EB%B0%95%EC%88%98%EC%86%8C%EB%A6%AC,본문/수필/홍난파 - 3천여 명의 박수 소리 (1934-06-01).txt
시계열,1934-06-01,발표 월,단편소설,B녀의 소묘,이무영,11115,https://ko.wikisource.org/wiki/B%EB%85%80%EC%9D%98_%EC%86%8C%EB%AC%98,본문/단편소설/이무영 - B녀의 소묘 (1934-06-01).txt
시계열,1934-06-01,발표 월,기타,표모(漂母)의 마음,강경애,1404,https://ko.wikisource.org/wiki/%ED%91%9C%EB%AA%A8%EC%9D%98_%EB%A7%88%EC%9D%8C,본문/기타/강경애 - 표모(漂母)의 마음 (1934-06-01).txt
시계열,1934-06-01,발표 월,수필,혈서삼태,이상,4890,https://ko.wikisource.org/wiki/%ED%98%88%EC%84%9C%EC%82%BC%ED%83%9C,본문/수필/이상 - 혈서삼태 (1934-06-01).txt
시계열,1934-07-01,발표 월,기타,두만강 예찬,강경애,2155,https://ko.wikisource.org/wiki/%EB%91%90%EB%A7%8C%EA%B0%95_%EC%98%88%EC%B0%AC,본문/기타/강경애 - 두만강 예찬 (1934-07-01).txt
시계열,1934-07-01,발표 월,시,보통기념,이상,333,https://ko.wikisource.org/wiki/%EB%B3%B4%ED%86%B5%EA%B8%B0%EB%85%90,본문/시/이상 - 보통기념 (1934-07-01).txt
시계열,1934-07-01,창작 월,수필,여인 독거기,나혜석,1114,https://ko.wikisource.org/wiki/%EC%97%AC%EC%9D%B8%EB%8F%85%EA%B1%B0%EA%B8%B0,본문/수필/나혜석 - 여인 독거기 (1934-07-01).txt
시계열,1934-07-10,발표일,소설,수평선 너머로,김동인,177474,https://ko.wikisource.org/wiki/%EC%88%98%ED%8F%89%EC%84%A0_%EB%84%88%EB%A8%B8%EB%A1%9C,본문/소설/김동인 - 수평선 너머로 (1934-07-10).txt
시계열,1934-07-15,발표일,수필,近代小說[근대소설]의 勝利[승리],김동인,6649,https://ko.wikisource.org/wiki/%EA%B7%BC%EB%8C%80%EC%86%8C%EC%84%A4%EC%9D%98_%EC%8A%B9%EB%A6%AC,본문/수필/김동인 - 近代小說[근대소설]의 勝利[승리] (1934-07-15).txt
시계열,1934-07-24,발표일,시,오감도,이상,3139,https://ko.wikisource.org/wiki/%EC%98%A4%EA%B0%90%EB%8F%84,본문/시/이상 - 오감도 (1934-07-24).txt
시계열,1934-08-01,발표 월,수필,이혼(離婚) 고백장,나혜석,17986,https://ko.wikisource.org/wiki/%EC%9D%B4%ED%98%BC_%EA%B3%A0%EB%B0%B1%EC%9E%A5,본문/수필/나혜석 - 이혼(離婚) 고백장 (1934-08-01).txt
시계열,1934-08-01,발표일,장편소설,인간문제,강경애,175387,https://ko.wikisource.org/wiki/%EC%9D%B8%EA%B0%84%EB%AC%B8%EC%A0%9C,본문/장편소설/강경애 - 인간문제 (1934-08-01).txt
시계열,1934-08-01,발표 월,단편소설,지팽이 역사,이상,5740,https://ko.wikisource.org/wiki/%EC%A7%80%ED%8C%BD%EC%9D%B4_%EC%97%AD%EC%82%AC,본문/단편소설/이상 - 지팽이 역사 (1934-08-01).txt
시계열,1934-09-01,발표 월,시,ㆍ소(素)ㆍ영(榮)ㆍ위(爲)ㆍ제(題)ㆍ,이상,291,https://ko.wikisource.org/wiki/%EC%86%8C%EC%98%81%EC%9C%84%EC%A0%9C,본문/시/이상 - ㆍ소(素)ㆍ영(榮)ㆍ위(爲)ㆍ제(題)ㆍ (1934-09-01).txt
시계열,1934-09-01,발표 월,수필,오중전회를 앞두고 외분내열의 중국정세,이활,3112,https://ko.wikisource.org/wiki/%EC%98%A4%EC%A4%91_%EC%A0%84%ED%9A%8C%EB%A5%BC_%EC%95%9E%EB%91%90%EA%B3%A0_%EC%99%B8%EB%B6%84_%EB%82%B4%EC%97%B4%EC%9D%98_%EC%A4%91%EA%B5%AD_%EC%A0%95%EC%84%B8,본문/수필/이활 - 오중전회를 앞두고 외분내열의 중국정세 (1934-09-01).txt
시계열,1934-09-01,발표 월,수필,이등변삼각형의 경우,이효석,3953,https://ko.wikisource.org/wiki/%EC%9D%B4%EB%93%B1%EB%B3%80%EC%82%BC%EA%B0%81%ED%98%95%EC%9D%98_%EA%B2%BD%EC%9A%B0,본문/수필/이효석 - 이등변삼각형의 경우 (1934-09-01).txt
시계열,1934-09-01,발표 월,수필,이혼(離婚) 고백서(告白書) 속,나혜석,14244,https://ko.wikisource.org/wiki/%EC%9D%B4%ED%98%BC_%EA%B3%A0%EB%B0%B1%EC%84%9C,본문/수필/나혜석 - 이혼(離婚) 고백서(告白書) 속 (1934-09-01).txt
시계열,1934-10-01,발표 월,단편소설,동양위(東陽尉)의 사위,김동인,5029,https://ko.wikisource.org/wiki/%EB%8F%99%EC%9D%B8%EC%82%AC%EB%8B%B4%EC%A7%91_5/%EB%8F%99%EC%96%91%EC%9C%84%EC%9D%98_%EC%82%AC%EC%9C%84,본문/단편소설/김동인 - 동양위(東陽尉)의 사위 (1934-10-01).txt
시계열,1934-10-01,발표 월,단편소설,동정,강경애,5359,https://ko.wikisource.org/wiki/%EB%8F%99%EC%A0%95_%28%EA%B0%95%EA%B2%BD%EC%95%A0%29,본문/단편소설/강경애 - 동정 (1934-10-01).txt
시계열,1934-10-01,발표 월,수필,산책의 가을,이상,1201,https://ko.wikisource.org/wiki/%EC%82%B0%EC%B1%85%EC%9D%98_%EA%B0%80%EC%9D%84,본문/수필/이상 - 산책의 가을 (1934-10-01).txt
시계열,1934-10-01,발표 월,단편소설,원두표,김동인,13910,https://ko.wikisource.org/wiki/%EB%8F%99%EC%9D%B8%EC%82%AC%EB%8B%B4%EC%A7%91_4/%EC%9B%90%EB%91%90%ED%91%9C,본문/단편소설/김동인 - 원두표 (1934-10-01).txt
시계열,1934-10-01,발표 월,수필,창공에 그리는 마음,이육사,1098,https://ko.wikisource.org/wiki/%EC%B0%BD%EA%B3%B5%EC%97%90_%EA%B7%B8%EB%A6%AC%EB%8A%94_%EB%A7%88%EC%9D%8C,본문/수필/이육사 - 창공에 그리는 마음 (1934-10-01).txt
시계열,1934-11-01,발표 월,단편소설,교상(轎上)의 국태공,김동인,7894,https://ko.wikisource.org/wiki/%EB%8F%99%EC%9D%B8%EC%82%AC%EB%8B%B4%EC%A7%91_5/%EA%B5%90%EC%83%81%EC%9D%98_%EA%B5%AD%ED%83%9C%EA%B3%B5,본문/단편소설/김동인 - 교상(轎上)의 국태공 (1934-11-01).txt
시계열,1934-11-01,발표 월,수필,모과수 30통,홍난파,2455,https://ko.wikisource.org/wiki/%EB%AA%A8%EA%B3%BC%EC%88%98_30%ED%86%B5,본문/수필/홍난파 - 모과수 30통 (1934-11-01).txt
시계열,1934-11-01,발표일,단편소설,적빈,백신애,8186,https://ko.wikisource.org/wiki/%EC%A0%81%EB%B9%88,본문/단편소설/백신애 - 적빈 (1934-11-01).txt
시계열,1934-11-01,발표 월,수필,포플라나무 예찬,김교신,2171,https://ko.wikisource.org/wiki/%ED%8F%AC%ED%94%8C%EB%9D%BC%EB%82%98%EB%AC%B4_%EC%98%88%EC%B0%AC,본문/수필/김교신 - 포플라나무 예찬 (1934-11-01).txt
시계열,1934-11-05,발표일,단편소설,蒙喪錄[몽상록],김동인,18491,https://ko.wikisource.org/wiki/%EB%AA%BD%EC%83%81%EB%A1%9D,본문/단편소설/김동인 - 蒙喪錄[몽상록] (1934-11-05).txt
시계열,1934-12-01,발표 월,수필,가정 음악에 대하여,홍난파,4683,https://ko.wikisource.org/wiki/%EC%9D%8C%EC%95%85%EB%A7%8C%ED%95%84/%EA%B0%80%EC%A0%95_%EC%9D%8C%EC%95%85%EC%97%90_%EB%8C%80%ED%95%98%EC%97%AC,본문/수필/홍난파 - 가정 음악에 대하여 (1934-12-01).txt
시계열,1934-12-01,발표 월,시,오늘 문득,강경애,49,https://ko.wikisource.org/wiki/%EC%98%A4%EB%8A%98%EC%9D%98_%EB%AC%B8%EB%93%9D,본문/시/강경애 - 오늘 문득 (1934-12-01).txt
시계열,1935-01-01,수록 문집 간행 연도,시,가늘한 내음,김영랑,181,https://ko.wikisource.org/wiki/%EC%98%81%EB%9E%91%EC%8B%9C%EC%A7%91/%EA%B0%80%EB%8A%98%ED%95%9C_%EB%82%B4%EC%9D%8C,본문/시/김영랑 - 가늘한 내음 (1935-01-01).txt
시계열,1935-01-01,발표 연도,소설,가상범인,김내성,49451,https://ko.wikisource.org/wiki/%EA%B0%80%EC%83%81%EB%B2%94%EC%9D%B8,본문/소설/김내성 - 가상범인 (1935-01-01).txt
시계열,1935-01-01,수록 문집 간행 연도,시,갈매기,정지용,406,https://ko.wikisource.org/wiki/%EC%A0%95%EC%A7%80%EC%9A%A9_%EC%8B%9C%EC%A7%91/%EA%B0%88%EB%A7%A4%EA%B8%B0,본문/시/정지용 - 갈매기 (1935-01-01).txt
시계열,1935-01-01,수록 문집 간행 연도,시,강선대 돌바늘 끝에,김영랑,130,https://ko.wikisource.org/wiki/%EC%98%81%EB%9E%91%EC%8B%9C%EC%A7%91/%EA%B0%95%EC%84%A0%EB%8C%80_%EB%8F%8C%EB%B0%94%EB%8A%98_%EB%81%9D%EC%97%90,본문/시/김영랑 - 강선대 돌바늘 끝에 (1935-01-01).txt
시계열,1935-01-01,발표 연도,소설,계절,이효석,11186,https://ko.wikisource.org/wiki/%EA%B3%84%EC%A0%88,본문/소설/이효석 - 계절 (1935-01-01).txt
시계열,1935-01-01,발표 연도,기타,고향의 창공,강경애,1791,https://ko.wikisource.org/wiki/%EA%B3%A0%ED%96%A5%EC%9D%98_%EC%B0%BD%EA%B3%B5,본문/기타/강경애 - 고향의 창공 (1935-01-01).txt
시계열,1935-01-01,발표 연도,단편소설,광화사,김동인,11436,https://ko.wikisource.org/wiki/%EA%B4%91%ED%99%94%EC%82%AC,본문/단편소설/김동인 - 광화사 (1935-01-01).txt
시계열,1935-01-01,수록 문집 간행 연도,시,그 색시 서럽다,김영랑,58,https://ko.wikisource.org/wiki/%EC%98%81%EB%9E%91%EC%8B%9C%EC%A7%91/%EA%B7%B8_%EC%83%89%EC%8B%9C_%EC%84%9C%EB%9F%BD%EB%8B%A4,본문/시/김영랑 - 그 색시 서럽다 (1935-01-01).txt
시계열,1935-01-01,수록 문집 간행 연도,시,그대는 호령도 하실 만하다,김영랑,90,https://ko.wikisource.org/wiki/%EC%98%81%EB%9E%91%EC%8B%9C%EC%A7%91/%EA%B7%B8%EB%8C%80%EB%8A%94_%ED%98%B8%EB%A0%B9%EB%8F%84_%ED%95%98%EC%8B%A4_%EB%A7%8C%ED%95%98%EB%8B%A4,본문/시/김영랑 - 그대는 호령도 하실 만하다 (1935-01-01).txt
시계열,1935-01-01,발표 연도,소설,금,김유정,1432,https://ko.wikisource.org/wiki/%EA%B8%88,본문/소설/김유정 - 금 (1935-01-01).txt
시계열,1935-01-01,발표 연도,단편소설,금 따는 콩밭,김유정,7809,https://ko.wikisource.org/wiki/%EA%B8%88_%EB%94%B0%EB%8A%94_%EC%BD%A9%EB%B0%AD,본문/단편소설/김유정 - 금 따는 콩밭 (1935-01-01).txt
시계열,1935-01-01,수록 문집 간행 연도,시,꿈밭에 봄마음,김영랑,51,https://ko.wikisource.org/wiki/%EC%98%81%EB%9E%91%EC%8B%9C%EC%A7%91/%EA%BF%88%EB%B0%AD%EC%97%90_%EB%B4%84%EB%A7%88%EC%9D%8C,본문/시/김영랑 - 꿈밭에 봄마음 (1935-01-01).txt
시계열,1935-01-01,수록 문집 간행 연도,시,끝없는 강물이 흐르네,김영랑,83,https://ko.wikisource.org/wiki/%EC%98%81%EB%9E%91%EC%8B%9C%EC%A7%91/%EB%81%9D%EC%97%86%EB%8A%94_%EA%B0%95%EB%AC%BC%EC%9D%B4_%ED%9D%90%EB%A5%B4%EB%84%A4,본문/시/김영랑 - 끝없는 강물이 흐르네 (1935-01-01).txt
시계열,1935-01-01,발표 연도,수필,나와 귀뚜라미,김유정,515,https://ko.wikisource.org/wiki/%EB%82%98%EC%99%80_%EA%B7%80%EB%9A%9C%EB%9D%BC%EB%AF%B8,본문/수필/김유정 - 나와 귀뚜라미 (1935-01-01).txt
시계열,1935-01-01,수록 문집 간행 연도,시,내 마음을 아실 이,김영랑,158,https://ko.wikisource.org/wiki/%EC%98%81%EB%9E%91%EC%8B%9C%EC%A7%91/%EB%82%B4_%EB%A7%88%EC%9D%8C%EC%9D%84_%EC%95%84%EC%8B%A4_%EC%9D%B4,본문/시/김영랑 - 내 마음을 아실 이 (1935-01-01).txt
시계열,1935-01-01,수록 문집 간행 연도,시,내 옛날 온 꿈이,김영랑,102,https://ko.wikisource.org/wiki/%EC%98%81%EB%9E%91%EC%8B%9C%EC%A7%91/%EB%82%B4_%EC%98%9B%EB%82%A0_%EC%98%A8_%EA%BF%88%EC%9D%B4,본문/시/김영랑 - 내 옛날 온 꿈이 (1935-01-01).txt
시계열,1935-01-01,저자 문서 발표 연도,단편소설,노다지,김유정,7072,https://ko.wikisource.org/wiki/%EB%85%B8%EB%8B%A4%EC%A7%80,본문/단편소설/김유정 - 노다지 (1935-01-01).txt
시계열,1935-01-01,수록 문집 간행 연도,시,눈물 속 빛나는 보람,김영랑,64,https://ko.wikisource.org/wiki/%EC%98%81%EB%9E%91%EC%8B%9C%EC%A7%91/%EB%88%88%EB%AC%BC_%EC%86%8D_%EB%B9%9B%EB%82%98%EB%8A%94_%EB%B3%B4%EB%9E%8C,본문/시/김영랑 - 눈물 속 빛나는 보람 (1935-01-01).txt
시계열,1935-01-01,수록 문집 간행 연도,시,눈물에 실려 가면,김영랑,103,https://ko.wikisource.org/wiki/%EC%98%81%EB%9E%91%EC%8B%9C%EC%A7%91/%EB%88%88%EB%AC%BC%EC%97%90_%EC%8B%A4%EB%A0%A4_%EA%B0%80%EB%A9%B4,본문/시/김영랑 - 눈물에 실려 가면 (1935-01-01).txt
시계열,1935-01-01,수록 문집 간행 연도,시,뉘 눈결에 쏘이었소,김영랑,87,https://ko.wikisource.org/wiki/%EC%98%81%EB%9E%91%EC%8B%9C%EC%A7%91/%EB%89%98_%EB%88%88%EA%B2%B0%EC%97%90_%EC%8F%98%EC%9D%B4%EC%97%88%EC%86%8C,본문/시/김영랑 - 뉘 눈결에 쏘이었소 (1935-01-01).txt
시계열,1935-01-01,수록 문집 간행 연도,시,님 두시고 가는 길,김영랑,63,https://ko.wikisource.org/wiki/%EC%98%81%EB%9E%91%EC%8B%9C%EC%A7%91/%EB%8B%98_%EB%91%90%EC%8B%9C%EA%B3%A0_%EA%B0%80%EB%8A%94_%EA%B8%B8,본문/시/김영랑 - 님 두시고 가는 길 (1935-01-01).txt
시계열,1935-01-01,수록 문집 간행 연도,시,다정히도 불어오는 바람,김영랑,50,https://ko.wikisource.org/wiki/%EC%98%81%EB%9E%91%EC%8B%9C%EC%A7%91/%EB%8B%A4%EC%A0%95%ED%9E%88%EB%8F%84_%EB%B6%88%EC%96%B4%EC%98%A4%EB%8A%94_%EB%B0%94%EB%9E%8C,본문/시/김영랑 - 다정히도 불어오는 바람 (1935-01-01).txt
시계열,1935-01-01,저자 문서 발표 연도,소설,뎃상,이효석,1338,https://ko.wikisource.org/wiki/%EB%8E%83%EC%83%81,본문/소설/이효석 - 뎃상 (1935-01-01).txt
시계열,1935-01-01,수록 문집 간행 연도,시,돌담에 속삭이는 햇발,김영랑,100,https://ko.wikisource.org/wiki/%EC%98%81%EB%9E%91%EC%8B%9C%EC%A7%91/%EB%8F%8C%EB%8B%B4%EC%97%90_%EC%86%8D%EC%82%AD%EC%9D%B4%EB%8A%94_%ED%96%87%EB%B0%9C,본문/시/김영랑 - 돌담에 속삭이는 햇발 (1935-01-01).txt
시계열,1935-01-01,수록 문집 간행 연도,시,두견,김영랑,528,https://ko.wikisource.org/wiki/%EC%98%81%EB%9E%91%EC%8B%9C%EC%A7%91/%EB%91%90%EA%B2%AC,본문/시/김영랑 - 두견 (1935-01-01).txt
시계열,1935-01-01,수록 문집 간행 연도,시,떠날아가는 마음의,김영랑,48,https://ko.wikisource.org/wiki/%EC%98%81%EB%9E%91%EC%8B%9C%EC%A7%91/%EB%96%A0%EB%82%A0%EC%95%84%EA%B0%80%EB%8A%94_%EB%A7%88%EC%9D%8C%EC%9D%98,본문/시/김영랑 - 떠날아가는 마음의 (1935-01-01).txt
시계열,1935-01-01,발표 연도,소설,떡,김유정,8910,https://ko.wikisource.org/wiki/%EB%96%A1,본문/소설/김유정 - 떡 (1935-01-01).txt
시계열,1935-01-01,수록 문집 간행 연도,시,람프,정지용,1567,https://ko.wikisource.org/wiki/%EC%A0%95%EC%A7%80%EC%9A%A9_%EC%8B%9C%EC%A7%91/%EB%9E%8C%ED%94%84,본문/시/정지용 - 람프 (1935-01-01).txt
시계열,1935-01-01,수록 문집 간행 연도,시,마당 앞 맑은 새암을,김영랑,104,https://ko.wikisource.org/wiki/%EC%98%81%EB%9E%91%EC%8B%9C%EC%A7%91/%EB%A7%88%EB%8B%B9_%EC%95%9E_%EB%A7%91%EC%9D%80_%EC%83%88%EC%95%94%EC%9D%84,본문/시/김영랑 - 마당 앞 맑은 새암을 (1935-01-01).txt
시계열,1935-01-01,수록 문집 간행 연도,시,말 1,정지용,471,https://ko.wikisource.org/wiki/%EC%A0%95%EC%A7%80%EC%9A%A9_%EC%8B%9C%EC%A7%91/%EB%A7%90_1,본문/시/정지용 - 말 1 (1935-01-01).txt
시계열,1935-01-01,수록 문집 간행 연도,시,말 2,정지용,323,https://ko.wikisource.org/wiki/%EC%A0%95%EC%A7%80%EC%9A%A9_%EC%8B%9C%EC%A7%91/%EB%A7%90_2,본문/시/정지용 - 말 2 (1935-01-01).txt
시계열,1935-01-01,수록 문집 간행 연도,시,모란이 피기까지는,김영랑,170,https://ko.wikisource.org/wiki/%EC%98%81%EB%9E%91%EC%8B%9C%EC%A7%91/%EB%AA%A8%EB%9E%80%EC%9D%B4_%ED%94%BC%EA%B8%B0%EA%B9%8C%EC%A7%80%EB%8A%94,본문/시/김영랑 - 모란이 피기까지는 (1935-01-01).txt
시계열,1935-01-01,발표 월,단편소설,모자,강경애,6380,https://ko.wikisource.org/wiki/%EB%AA%A8%EC%9E%90,본문/단편소설/강경애 - 모자 (1935-01-01).txt
시계열,1935-01-01,수록 문집 간행 연도,시,무너진 성터,김영랑,48,https://ko.wikisource.org/wiki/%EC%98%81%EB%9E%91%EC%8B%9C%EC%A7%91/%EB%AC%B4%EB%84%88%EC%A7%84_%EC%84%B1%ED%84%B0,본문/시/김영랑 - 무너진 성터 (1935-01-01).txt
시계열,1935-01-01,수록 문집 간행 연도,시,물 보면 흐르고,김영랑,112,https://ko.wikisource.org/wiki/%EC%98%81%EB%9E%91%EC%8B%9C%EC%A7%91/%EB%AC%BC_%EB%B3%B4%EB%A9%B4_%ED%9D%90%EB%A5%B4%EA%B3%A0,본문/시/김영랑 - 물 보면 흐르고 (1935-01-01).txt
시계열,1935-01-01,수록 문집 간행 연도,시,미움이란 말 속에,김영랑,50,https://ko.wikisource.org/wiki/%EC%98%81%EB%9E%91%EC%8B%9C%EC%A7%91/%EB%AF%B8%EC%9B%80%EC%9D%B4%EB%9E%80_%EB%A7%90_%EC%86%8D%EC%97%90,본문/시/김영랑 - 미움이란 말 속에 (1935-01-01).txt
시계열,1935-01-01,수록 문집 간행 연도,시,바람에 나부끼는,김영랑,47,https://ko.wikisource.org/wiki/%EC%98%81%EB%9E%91%EC%8B%9C%EC%A7%91/%EB%B0%94%EB%9E%8C%EC%97%90_%EB%82%98%EB%B6%80%EB%81%BC%EB%8A%94,본문/시/김영랑 - 바람에 나부끼는 (1935-01-01).txt
시계열,1935-01-01,수록 문집 간행 연도,시,밤,정지용,1037,https://ko.wikisource.org/wiki/%EC%A0%95%EC%A7%80%EC%9A%A9_%EC%8B%9C%EC%A7%91/%EB%B0%A4_%28%EC%82%B0%EB%AC%B8%29,본문/시/정지용 - 밤 (1935-01-01).txt
시계열,1935-01-01,수록 문집 간행 연도,시,밤사람 그립고야,김영랑,57,https://ko.wikisource.org/wiki/%EC%98%81%EB%9E%91%EC%8B%9C%EC%A7%91/%EB%B0%A4%EC%82%AC%EB%9E%8C_%EA%B7%B8%EB%A6%BD%EA%B3%A0%EC%95%BC,본문/시/김영랑 - 밤사람 그립고야 (1935-01-01).txt
시계열,1935-01-01,발표 연도,소설,백치 아다다,계용묵,10105,https://ko.wikisource.org/wiki/%EB%B0%B1%EC%B9%98_%EC%95%84%EB%8B%A4%EB%8B%A4,본문/소설/계용묵 - 백치 아다다 (1935-01-01).txt
시계열,1935-01-01,발표 월,소설,병풍(屛風)에 그린 닭이,계용묵,7514,https://ko.wikisource.org/wiki/%EB%B3%91%ED%92%8D%EC%97%90_%EA%B7%B8%EB%A6%B0_%EB%8B%AD%EC%9D%B4,본문/소설/계용묵 - 병풍(屛風)에 그린 닭이 (1935-01-01).txt
시계열,1935-01-01,수록 문집 간행 연도,시,봄,정지용,80,https://ko.wikisource.org/wiki/%EC%A0%95%EC%A7%80%EC%9A%A9_%EC%8B%9C%EC%A7%91/%EB%B4%84,본문/시/정지용 - 봄 (1935-01-01).txt
시계열,1935-01-01,발표 연도,단편소설,봄 · 봄,김유정,8297,https://ko.wikisource.org/wiki/%EB%B4%84%EB%B4%84,본문/단편소설/김유정 - 봄 · 봄 (1935-01-01).txt
시계열,1935-01-01,수록 문집 간행 연도,시,뵈지도 않는 입김,김영랑,49,https://ko.wikisource.org/wiki/%EC%98%81%EB%9E%91%EC%8B%9C%EC%A7%91/%EB%B5%88%EC%A7%80%EB%8F%84_%EC%95%8A%EB%8A%94_%EC%9E%85%EA%B9%80,본문/시/김영랑 - 뵈지도 않는 입김 (1935-01-01).txt
시계열,1935-01-01,수록 문집 간행 연도,시,불지암 서정,김영랑,355,https://ko.wikisource.org/wiki/%EC%98%81%EB%9E%91%EC%8B%9C%EC%A7%91/%EB%B6%88%EC%A7%80%EC%95%94_%EC%84%9C%EC%A0%95,본문/시/김영랑 - 불지암 서정 (1935-01-01).txt
시계열,1935-01-01,수록 문집 간행 연도,시,뻘은 가슴을,김영랑,50,https://ko.wikisource.org/wiki/%EC%98%81%EB%9E%91%EC%8B%9C%EC%A7%91/%EB%BB%98%EC%9D%80_%EA%B0%80%EC%8A%B4%EC%9D%84,본문/시/김영랑 - 뻘은 가슴을 (1935-01-01).txt
시계열,1935-01-01,수록 문집 간행 연도,시,사개 틀린 고풍의 툇마루에,김영랑,132,https://ko.wikisource.org/wiki/%EC%98%81%EB%9E%91%EC%8B%9C%EC%A7%91/%EC%82%AC%EA%B0%9C_%ED%8B%80%EB%A6%B0_%EA%B3%A0%ED%92%8D%EC%9D%98_%ED%88%87%EB%A7%88%EB%A3%A8%EC%97%90,본문/시/김영랑 - 사개 틀린 고풍의 툇마루에 (1935-01-01).txt
시계열,1935-01-01,저자 문서 발표 연도,단편소설,산골,김유정,9166,https://ko.wikisource.org/wiki/%EC%82%B0%EA%B3%A8,본문/단편소설/김유정 - 산골 (1935-01-01).txt
시계열,1935-01-01,수록 문집 간행 연도,시,생각하면 부끄러운,김영랑,54,https://ko.wikisource.org/wiki/%EC%98%81%EB%9E%91%EC%8B%9C%EC%A7%91/%EC%83%9D%EA%B0%81%ED%95%98%EB%A9%B4_%EB%B6%80%EB%81%84%EB%9F%AC%EC%9A%B4,본문/시/김영랑 - 생각하면 부끄러운 (1935-01-01).txt
시계열,1935-01-01,수록 문집 간행 연도,시,설운 소리,김영랑,65,https://ko.wikisource.org/wiki/%EC%98%81%EB%9E%91%EC%8B%9C%EC%A7%91/%EC%84%A4%EC%9A%B4_%EC%86%8C%EB%A6%AC,본문/시/김영랑 - 설운 소리 (1935-01-01).txt
시계열,1935-01-01,저자 문서 발표 연도,단편소설,소낙비,김유정,8571,https://ko.wikisource.org/wiki/%EC%86%8C%EB%82%99%EB%B9%84,본문/단편소설/김유정 - 소낙비 (1935-01-01).txt
시계열,1935-01-01,수록 문집 간행 연도,시,소묘,정지용,4451,https://ko.wikisource.org/wiki/%EC%A0%95%EC%A7%80%EC%9A%A9_%EC%8B%9C%EC%A7%91/%EC%86%8C%EB%AC%98,본문/시/정지용 - 소묘 (1935-01-01).txt
시계열,1935-01-01,발표 연도,소설,솥,김유정,11415,https://ko.wikisource.org/wiki/%EC%86%A5,본문/소설/김유정 - 솥 (1935-01-01).txt
시계열,1935-01-01,수록 문집 간행 연도,시,숲 향기 숨길,김영랑,46,https://ko.wikisource.org/wiki/%EC%98%81%EB%9E%91%EC%8B%9C%EC%A7%91/%EC%88%B2_%ED%96%A5%EA%B8%B0_%EC%88%A8%EA%B8%B8,본문/시/김영랑 - 숲 향기 숨길 (1935-01-01).txt
시계열,1935-01-01,수록 문집 간행 연도,시,슬픈 기차,정지용,680,https://ko.wikisource.org/wiki/%EC%A0%95%EC%A7%80%EC%9A%A9_%EC%8B%9C%EC%A7%91/%EC%8A%AC%ED%94%88_%EA%B8%B0%EC%B0%A8,본문/시/정지용 - 슬픈 기차 (1935-01-01).txt
시계열,1935-01-01,수록 문집 간행 연도,시,시냇물 소리,김영랑,160,https://ko.wikisource.org/wiki/%EC%98%81%EB%9E%91%EC%8B%9C%EC%A7%91/%EC%8B%9C%EB%83%87%EB%AC%BC_%EC%86%8C%EB%A6%AC,본문/시/김영랑 - 시냇물 소리 (1935-01-01).txt
시계열,1935-01-01,수록 문집 간행 연도,시,쓸쓸한 뫼 앞에,김영랑,71,https://ko.wikisource.org/wiki/%EC%98%81%EB%9E%91%EC%8B%9C%EC%A7%91/%EC%93%B8%EC%93%B8%ED%95%9C_%EB%AB%BC_%EC%95%9E%EC%97%90,본문/시/김영랑 - 쓸쓸한 뫼 앞에 (1935-01-01).txt
시계열,1935-01-01,수록 문집 간행 연도,시,아파 누워,김영랑,87,https://ko.wikisource.org/wiki/%EC%98%81%EB%9E%91%EC%8B%9C%EC%A7%91/%EC%95%84%ED%8C%8C_%EB%88%84%EC%9B%8C,본문/시/김영랑 - 아파 누워 (1935-01-01).txt
시계열,1935-01-01,발표 연도,소설,안해,김유정,7527,https://ko.wikisource.org/wiki/%EC%95%84%EB%82%B4,본문/소설/김유정 - 안해 (1935-01-01).txt
시계열,1935-01-01,수록 문집 간행 연도,시,압천,정지용,177,https://ko.wikisource.org/wiki/%EC%A0%95%EC%A7%80%EC%9A%A9_%EC%8B%9C%EC%A7%91/%EC%95%95%EC%B2%9C,본문/시/정지용 - 압천 (1935-01-01).txt
시계열,1935-01-01,수록 문집 간행 연도,시,언덕에 누워,김영랑,45,https://ko.wikisource.org/wiki/%EC%98%81%EB%9E%91%EC%8B%9C%EC%A7%91/%EC%96%B8%EB%8D%95%EC%97%90_%EB%88%84%EC%9B%8C_%EB%B0%94%EB%8B%A4%EB%A5%BC_%EB%B3%B4%EB%A9%B4,본문/시/김영랑 - 언덕에 누워 (1935-01-01).txt
시계열,1935-01-01,수록 문집 간행 연도,시,언덕에 바로 누워,김영랑,105,https://ko.wikisource.org/wiki/%EC%98%81%EB%9E%91%EC%8B%9C%EC%A7%91/%EC%96%B8%EB%8D%95%EC%97%90_%EB%B0%94%EB%A1%9C_%EB%88%84%EC%9B%8C,본문/시/김영랑 - 언덕에 바로 누워 (1935-01-01).txt
시계열,1935-01-01,발표 연도,소설,연문기담,김내성,13245,https://ko.wikisource.org/wiki/%EC%97%B0%EB%AC%B8%EA%B8%B0%EB%8B%B4,본문/소설/김내성 - 연문기담 (1935-01-01).txt
시계열,1935-01-01,수록 문집 간행 연도,시,오-매 단풍 들것네,김영랑,88,https://ko.wikisource.org/wiki/%EC%98%81%EB%9E%91%EC%8B%9C%EC%A7%91/%EC%98%A4-%EB%A7%A4_%EB%8B%A8%ED%92%8D_%EB%93%A4%EA%B2%83%EB%84%A4,본문/시/김영랑 - 오-매 단풍 들것네 (1935-01-01).txt
시계열,1935-01-01,수록 문집 간행 연도,시,온몸을 감도는,김영랑,49,https://ko.wikisource.org/wiki/%EC%98%81%EB%9E%91%EC%8B%9C%EC%A7%91/%EC%98%A8%EB%AA%B8%EC%9D%84_%EA%B0%90%EB%8F%84%EB%8A%94,본문/시/김영랑 - 온몸을 감도는 (1935-01-01).txt
시계열,1935-01-01,발표 월,수필,위기에 임한 중국 정국의 전망,이활,4701,https://ko.wikisource.org/wiki/%EC%9C%84%EA%B8%B0%EC%97%90_%EC%9E%84%ED%95%9C_%EC%A4%91%EA%B5%AD_%EC%A0%95%EA%B5%AD%EC%9D%98_%EC%A0%84%EB%A7%9D,본문/수필/이활 - 위기에 임한 중국 정국의 전망 (1935-01-01).txt
시계열,1935-01-01,발표 연도,장편소설,이차돈(異次頓)의 사,이광수,172381,https://ko.wikisource.org/wiki/%EC%9D%B4%EC%B0%A8%EB%8F%88%EC%9D%98_%EC%82%AC,본문/장편소설/이광수 - 이차돈(異次頓)의 사 (1935-01-01).txt
시계열,1935-01-01,저자 문서 발표 연도,수필,잎이 푸르러 가시던 님이,김유정,1471,https://ko.wikisource.org/wiki/%EC%9E%8E%EC%9D%B4_%ED%91%B8%EB%A5%B4%EB%9F%AC_%EA%B0%80%EC%8B%9C%EB%8D%98_%EB%8B%98%EC%9D%B4,본문/수필/김유정 - 잎이 푸르러 가시던 님이 (1935-01-01).txt
시계열,1935-01-01,수록 문집 간행 연도,시,저녁때 외로운 마음,김영랑,47,https://ko.wikisource.org/wiki/%EC%98%81%EB%9E%91%EC%8B%9C%EC%A7%91/%EC%A0%80%EB%85%81%EB%95%8C_%EC%99%B8%EB%A1%9C%EC%9A%B4_%EB%A7%88%EC%9D%8C,본문/시/김영랑 - 저녁때 외로운 마음 (1935-01-01).txt
시계열,1935-01-01,수록 문집 간행 연도,시,제야,김영랑,125,https://ko.wikisource.org/wiki/%EC%98%81%EB%9E%91%EC%8B%9C%EC%A7%91/%EC%A0%9C%EC%95%BC,본문/시/김영랑 - 제야 (1935-01-01).txt
시계열,1935-01-01,수록 문집 간행 연도,시,좁은 길가에 무덤,김영랑,46,https://ko.wikisource.org/wiki/%EC%98%81%EB%9E%91%EC%8B%9C%EC%A7%91/%EC%A2%81%EC%9D%80_%EA%B8%B8%EA%B0%80%EC%97%90_%EB%AC%B4%EB%8D%A4,본문/시/김영랑 - 좁은 길가에 무덤 (1935-01-01).txt
시계열,1935-01-01,발표 연도,수필,중국 청방 비사 소고,이활,5891,https://ko.wikisource.org/wiki/%EC%A4%91%EA%B5%AD_%EC%B2%AD%EB%B0%A9_%EB%B9%84%EC%82%AC_%EC%86%8C%EA%B3%A0,본문/수필/이활 - 중국 청방 비사 소고 (1935-01-01).txt
시계열,1935-01-01,발표 연도,시,청명,김영랑,316,https://ko.wikisource.org/wiki/%EC%98%81%EB%9E%91%EC%8B%9C%EC%84%A0/%EC%B2%AD%EB%AA%85,본문/시/김영랑 - 청명 (1935-01-01).txt
시계열,1935-01-01,수록 문집 간행 연도,시,푸른 향물,김영랑,54,https://ko.wikisource.org/wiki/%EC%98%81%EB%9E%91%EC%8B%9C%EC%A7%91/%ED%91%B8%EB%A5%B8_%ED%96%A5%EB%AC%BC,본문/시/김영랑 - 푸른 향물 (1935-01-01).txt
시계열,1935-01-01,수록 문집 간행 연도,시,풀 위에 맺어지는 이슬,김영랑,49,https://ko.wikisource.org/wiki/%EC%98%81%EB%9E%91%EC%8B%9C%EC%A7%91/%ED%92%80_%EC%9C%84%EC%97%90_%EB%A7%BA%EC%96%B4%EC%A7%80%EB%8A%94_%EC%9D%B4%EC%8A%AC,본문/시/김영랑 - 풀 위에 맺어지는 이슬 (1935-01-01).txt
시계열,1935-01-01,수록 문집 간행 연도,시,함박눈,김영랑,99,https://ko.wikisource.org/wiki/%EC%98%81%EB%9E%91%EC%8B%9C%EC%A7%91/%ED%95%A8%EB%B0%95%EB%88%88,본문/시/김영랑 - 함박눈 (1935-01-01).txt
시계열,1935-01-01,수록 문집 간행 연도,시,향내 없다고,김영랑,46,https://ko.wikisource.org/wiki/%EC%98%81%EB%9E%91%EC%8B%9C%EC%A7%91/%ED%96%A5%EB%82%B4_%EC%97%86%EB%8B%A4%EA%B3%A0,본문/시/김영랑 - 향내 없다고 (1935-01-01).txt
시계열,1935-01-01,수록 문집 간행 연도,시,허리띠 매는 시악시,김영랑,51,https://ko.wikisource.org/wiki/%EC%98%81%EB%9E%91%EC%8B%9C%EC%A7%91/%ED%97%88%EB%A6%AC%EB%9D%A0_%EB%A7%A4%EB%8A%94_%EC%8B%9C%EC%95%85%EC%8B%9C,본문/시/김영랑 - 허리띠 매는 시악시 (1935-01-01).txt
시계열,1935-01-01,수록 문집 간행 연도,시,황마차,정지용,997,https://ko.wikisource.org/wiki/%EC%A0%95%EC%A7%80%EC%9A%A9_%EC%8B%9C%EC%A7%91/%ED%99%A9%EB%A7%88%EC%B0%A8,본문/시/정지용 - 황마차 (1935-01-01).txt
시계열,1935-01-01,수록 문집 간행 연도,시,황홀한 달빛,김영랑,112,https://ko.wikisource.org/wiki/%EC%98%81%EB%9E%91%EC%8B%9C%EC%A7%91/%ED%99%A9%ED%99%80%ED%95%9C_%EB%8B%AC%EB%B9%9B,본문/시/김영랑 - 황홀한 달빛 (1935-01-01).txt
시계열,1935-01-26,창작일,시,마음의 단편,함형수,312,https://ko.wikisource.org/wiki/%EB%A7%88%EC%9D%8C%EC%9D%98_%EB%8B%A8%ED%8E%B8,본문/시/함형수 - 마음의 단편 (1935-01-26).txt
시계열,1935-02-01,발표 월,시,고운 날개 편,박용철,593,https://ko.wikisource.org/wiki/%EB%B0%95%EC%9A%A9%EC%B2%A0_%EC%8B%9C%EC%A7%91/%EA%B3%A0%EC%9A%B4_%EB%82%A0%EA%B0%9C_%ED%8E%B8,본문/시/박용철 - 고운 날개 편 (1935-02-01).txt
시계열,1935-02-01,발표 월,시,단편,박용철,170,https://ko.wikisource.org/wiki/%EB%B0%95%EC%9A%A9%EC%B2%A0_%EC%8B%9C%EC%A7%91/%EB%8B%A8%ED%8E%B8,본문/시/박용철 - 단편 (1935-02-01).txt
시계열,1935-02-01,발표 월,시,사공의 아내,김억,104,https://ko.wikisource.org/wiki/%EC%82%AC%EA%B3%B5%EC%9D%98_%EC%95%84%EB%82%B4,본문/시/김억 - 사공의 아내 (1935-02-01).txt
시계열,1935-02-01,발표 월,단편소설,양주(楊州)의 어옹(漁翁) ─ 대원군 환정비화,김동인,13589,https://ko.wikisource.org/wiki/%EB%8F%99%EC%9D%B8%EC%82%AC%EB%8B%B4%EC%A7%91_5/%EC%96%91%EC%A3%BC%EC%9D%98_%EC%96%B4%EC%98%B9,본문/단편소설/김동인 - 양주(楊州)의 어옹(漁翁) ─ 대원군 환정비화 (1935-02-01).txt
시계열,1935-02-01,발표 월,단편소설,원고료 이백원,강경애,5826,https://ko.wikisource.org/wiki/%EC%9B%90%EA%B3%A0%EB%A3%8C_%EC%9D%B4%EB%B0%B1%EC%9B%90,본문/단편소설/강경애 - 원고료 이백원 (1935-02-01).txt
시계열,1935-03-01,발표일,수필,너를 어찌 참아…,박용철,1293,https://ko.wikisource.org/wiki/%EB%B0%95%EC%9A%A9%EC%B2%A0_%EC%82%B0%EB%AC%B8%EC%A7%91/%EB%B4%84%EC%9D%84_%EA%B8%B0%EB%8B%A4%EB%A6%AC%EB%8A%94_%EB%A7%88%EC%9D%8C,본문/수필/박용철 - 너를 어찌 참아… (1935-03-01).txt
시계열,1935-03-01,발표 월,단편소설,반야(般若)의 죽음,김동인,12984,https://ko.wikisource.org/wiki/%EB%8F%99%EC%9D%B8%EC%82%AC%EB%8B%B4%EC%A7%91_2/%EB%B0%98%EC%95%BC%EC%9D%98_%EC%A3%BD%EC%9D%8C,본문/단편소설/김동인 - 반야(般若)의 죽음 (1935-03-01).txt
시계열,1935-03-01,발표 월,단편소설,해고,강경애,5004,https://ko.wikisource.org/wiki/%ED%95%B4%EA%B3%A0,본문/단편소설/강경애 - 해고 (1935-03-01).txt
시계열,1935-04-01,발표 월,시,밤,박용철,223,https://ko.wikisource.org/wiki/%EB%B0%95%EC%9A%A9%EC%B2%A0_%EC%8B%9C%EC%A7%91/%EB%B0%A4,본문/시/박용철 - 밤 (1935-04-01).txt
시계열,1935-04-01,발표 월,시,역천,이상화,494,https://ko.wikisource.org/wiki/%EC%97%AD%EC%B2%9C,본문/시/이상화 - 역천 (1935-04-01).txt
시계열,1935-04-01,발표 월,단편소설,적분재상,김동인,10471,https://ko.wikisource.org/wiki/%EB%8F%99%EC%9D%B8%EC%82%AC%EB%8B%B4%EC%A7%91_2/%EC%A0%81%EB%B6%84%EC%9E%AC%EC%83%81,본문/단편소설/김동인 - 적분재상 (1935-04-01).txt
시계열,1935-04-01,발표 월,시,정식,이상,624,https://ko.wikisource.org/wiki/%EC%A0%95%EC%8B%9D,본문/시/이상 - 정식 (1935-04-01).txt
시계열,1935-05-01,발표 월,장편소설,망부석,김규택,77868,https://ko.wikisource.org/wiki/%EB%A7%9D%EB%B6%80%EC%84%9D,본문/장편소설/김규택 - 망부석 (1935-05-01).txt
시계열,1935-06-01,발표 월,단편소설,번뇌,강경애,10284,https://ko.wikisource.org/wiki/%EB%B2%88%EB%87%8C,본문/단편소설/강경애 - 번뇌 (1935-06-01).txt
시계열,1935-06-01,발표 월,단편소설,양녕(讓寧)과 정향,김동인,16833,https://ko.wikisource.org/wiki/%EB%8F%99%EC%9D%B8%EC%82%AC%EB%8B%B4%EC%A7%91_3/%EC%96%91%EB%85%95%EA%B3%BC_%EC%A0%95%ED%96%A5,본문/단편소설/김동인 - 양녕(讓寧)과 정향 (1935-06-01).txt
시계열,1935-06-01,발표 월,시,춘수삼제,이육사,212,https://ko.wikisource.org/wiki/%EC%B6%98%EC%88%98%EC%82%BC%EC%A0%9C,본문/시/이육사 - 춘수삼제 (1935-06-01).txt
시계열,1935-07-01,발표 월,소설,성수부,이효석,3417,https://ko.wikisource.org/wiki/%EC%84%B1%EC%88%98%EB%B6%80,본문/소설/이효석 - 성수부 (1935-07-01).txt
시계열,1935-07-01,발표 월,기타,장혁주(張赫宙) 선생에게,강경애,2765,https://ko.wikisource.org/wiki/%EC%9E%A5%ED%98%81%EC%A3%BC_%EC%84%A0%EC%83%9D%EC%97%90%EA%B2%8C,본문/기타/강경애 - 장혁주(張赫宙) 선생에게 (1935-07-01).txt
시계열,1935-07-01,발표 월,단편소설,좌평(佐平) 성충,김동인,6686,https://ko.wikisource.org/wiki/%EB%8F%99%EC%9D%B8%EC%82%AC%EB%8B%B4%EC%A7%91_2/%EC%A2%8C%ED%8F%89_%EC%84%B1%EC%B6%A9,본문/단편소설/김동인 - 좌평(佐平) 성충 (1935-07-01).txt
시계열,1935-07-01,발표 월,소설,천사와 산문시,이효석,5017,https://ko.wikisource.org/wiki/%EC%B2%9C%EC%82%AC%EC%99%80_%EC%82%B0%EB%AC%B8%EC%8B%9C,본문/소설/이효석 - 천사와 산문시 (1935-07-01).txt
시계열,1935-07-17,발표일,단편소설,만무방,김유정,16880,https://ko.wikisource.org/wiki/%EB%A7%8C%EB%AC%B4%EB%B0%A9,본문/단편소설/김유정 - 만무방 (1935-07-17).txt
시계열,1935-08-01,발표 월,시,소악마,박용철,312,https://ko.wikisource.org/wiki/%EB%B0%95%EC%9A%A9%EC%B2%A0_%EC%8B%9C%EC%A7%91/%EC%86%8C%EC%95%85%EB%A7%88,본문/시/박용철 - 소악마 (1935-08-01).txt
시계열,1935-08-03,창작일,수필,공포의 성채,이상,1507,https://ko.wikisource.org/wiki/%EA%B3%B5%ED%8F%AC%EC%9D%98_%EC%84%B1%EC%B1%84,본문/수필/이상 - 공포의 성채 (1935-08-03).txt
시계열,1935-09-01,발표일,기타,어촌점묘,강경애,6370,https://ko.wikisource.org/wiki/%EC%96%B4%EC%B4%8C%EC%A0%90%EB%AC%98,본문/기타/강경애 - 어촌점묘 (1935-09-01).txt
시계열,1935-09-01,발표 월,단편소설,편주(片舟)의 가는 곳,김동인,8878,https://ko.wikisource.org/wiki/%EB%8F%99%EC%9D%B8%EC%82%AC%EB%8B%B4%EC%A7%91_2/%ED%8E%B8%EC%A3%BC%EC%9D%98_%EA%B0%80%EB%8A%94_%EA%B3%B3,본문/단편소설/김동인 - 편주(片舟)의 가는 곳 (1935-09-01).txt
시계열,1935-09-15,발표일,시,지비,이상,111,https://ko.wikisource.org/wiki/%EC%A7%80%EB%B9%84%28%E7%B4%99%E5%A9%A2%29,본문/시/이상 - 지비 (1935-09-15).txt
시계열,1935-09-19,발표일,장편소설,상록수,심훈,186840,https://ko.wikisource.org/wiki/%EC%83%81%EB%A1%9D%EC%88%98,본문/장편소설/심훈 - 상록수 (1935-09-19).txt
시계열,1935-09-27,발표일,수필,산촌여정,이상,6233,https://ko.wikisource.org/wiki/%EC%82%B0%EC%B4%8C%EC%97%AC%EC%A0%95,본문/수필/이상 - 산촌여정 (1935-09-27).txt
시계열,1935-10-01,발표 월,시,공상,윤동주,100,https://ko.wikisource.org/wiki/%ED%95%98%EB%8A%98%EA%B3%BC_%EB%B0%94%EB%9E%8C%EA%B3%BC_%EB%B3%84%EA%B3%BC_%EC%8B%9C_%281979%EB%85%84%29/%EA%B3%B5%EC%83%81,본문/시/윤동주 - 공상 (1935-10-01).txt
시계열,1935-10-01,발표 월,시,이 땅의 봄,강경애,95,https://ko.wikisource.org/wiki/%EC%9D%B4%EB%95%85%EC%9D%98_%EB%B4%84,본문/시/강경애 - 이 땅의 봄 (1935-10-01).txt
시계열,1935-10-01,발표 월,수필,조선의 집시 - 들뼝이 철학,김유정,5487,https://ko.wikisource.org/wiki/%EC%A1%B0%EC%84%A0%EC%9D%98_%EC%A7%91%EC%8B%9C-%EB%93%A4%EB%B3%91%EC%9D%B4_%EC%B2%A0%ED%95%99,본문/수필/김유정 - 조선의 집시 - 들뼝이 철학 (1935-10-01).txt
시계열,1935-10-01,발표 월,소설,홍길동전,김유정,8399,https://ko.wikisource.org/wiki/%ED%99%8D%EA%B8%B8%EB%8F%99%EC%A0%84_%28%EA%B9%80%EC%9C%A0%EC%A0%95%29,본문/소설/김유정 - 홍길동전 (1935-10-01).txt
시계열,1935-10-11,발표일,소설,성화,이효석,24439,https://ko.wikisource.org/wiki/%EC%84%B1%ED%99%94,본문/소설/이효석 - 성화 (1935-10-11).txt
시계열,1935-12-01,창작 월,시조,"「오―마―, 카이얌」의 「루바이얕」 연구",김상용,8368,https://ko.wikisource.org/wiki/%EC%98%A4%EB%A7%88%EB%A5%B4_%ED%95%98%EC%9D%B4%EC%96%8C%EC%9D%98_%EB%A3%A8%EB%B0%94%EC%9D%B4%EC%95%BC%ED%8A%B8_%EC%97%B0%EA%B5%AC,"본문/시조/김상용 - 「오―마―, 카이얌」의 「루바이얕」 연구 (1935-12-01).txt"
시계열,1935-12-01,발표 월,시,그 전날 밤,박용철,763,https://ko.wikisource.org/wiki/%EB%B0%95%EC%9A%A9%EC%B2%A0_%EC%8B%9C%EC%A7%91/%EA%B7%B8_%EC%A0%84%EB%82%A0_%EB%B0%A4,본문/시/박용철 - 그 전날 밤 (1935-12-01).txt
시계열,1935-12-01,발표 월,시,나는 해를 먹다,이상화,514,https://ko.wikisource.org/wiki/%EB%82%98%EB%8A%94_%ED%95%B4%EB%A5%BC_%EB%A8%B9%EB%8B%A4,본문/시/이상화 - 나는 해를 먹다 (1935-12-01).txt
시계열,1935-12-01,발표 월,소설,정현수,백신애,10058,https://ko.wikisource.org/wiki/%EC%A0%95%ED%98%84%EC%88%98,본문/소설/백신애 - 정현수 (1935-12-01).txt
시계열,1935-12-28,창작일,수필,을해 시단 총평,박용철,11008,https://ko.wikisource.org/wiki/%EB%B0%95%EC%9A%A9%EC%B2%A0_%EC%82%B0%EB%AC%B8%EC%A7%91/%EC%9D%84%ED%95%B4_%EC%8B%9C%EB%8B%A8_%EC%B4%9D%ED%8F%89,본문/수필/박용철 - 을해 시단 총평 (1935-12-28).txt
시계열,1936-01-01,발표 연도,시,履聲滿街[이성만가],변영로,139,https://ko.wikisource.org/wiki/%EC%9D%B4%EC%84%B1%EB%A7%8C%EA%B0%80,본문/시/변영로 - 履聲滿街[이성만가] (1936-01-01).txt
시계열,1936-01-01,발표일,소설,巨木(거목)이 넘어질 때,김동인,27941,https://ko.wikisource.org/wiki/%EA%B1%B0%EB%AA%A9%EC%9D%B4_%EB%84%98%EC%96%B4%EC%A7%88_%EB%95%8C,본문/소설/김동인 - 巨木(거목)이 넘어질 때 (1936-01-01).txt
시계열,1936-01-01,발표 연도,단편소설,가을,김유정,5838,https://ko.wikisource.org/wiki/%EA%B0%80%EC%9D%84_%28%EA%B9%80%EC%9C%A0%EC%A0%95%29,본문/단편소설/김유정 - 가을 (1936-01-01).txt
시계열,1936-01-01,발표 연도,단편소설,가인(佳人) 기연,김동인,10574,https://ko.wikisource.org/wiki/%EB%8F%99%EC%9D%B8%EC%82%AC%EB%8B%B4%EC%A7%91_5/%EA%B0%80%EC%9D%B8%EA%B8%B0%EC%97%B0,본문/단편소설/김동인 - 가인(佳人) 기연 (1936-01-01).txt
시계열,1936-01-01,저자 문서 발표 연도,소설,고사리,이효석,7668,https://ko.wikisource.org/wiki/%EA%B3%A0%EC%82%AC%EB%A6%AC,본문/소설/이효석 - 고사리 (1936-01-01).txt
시계열,1936-01-01,발표 연도,기타,고자 대감,차상찬,4268,https://ko.wikisource.org/wiki/%ED%95%9C%EA%B5%AD_%EC%95%BC%EB%8B%B4_%EC%82%AC%ED%99%94_%EC%A0%84%EC%A7%91_%28%EC%B0%A8%EC%83%81%EC%B0%AC%29/%EA%B3%A0%EC%9E%90_%EB%8C%80%EA%B0%90,본문/기타/차상찬 - 고자 대감 (1936-01-01).txt
시계열,1936-01-01,발표 연도,장편소설,그의 자서전,이광수,112279,https://ko.wikisource.org/wiki/%EA%B7%B8%EC%9D%98_%EC%9E%90%EC%84%9C%EC%A0%84,본문/장편소설/이광수 - 그의 자서전 (1936-01-01).txt
시계열,1936-01-01,저자 문서 발표 연도,수필,길 - 아무도 모를 내 비밀,김유정,751,https://ko.wikisource.org/wiki/%EA%B8%B8-%EC%95%84%EB%AC%B4%EB%8F%84_%EB%AA%A8%EB%A5%BC_%EB%82%B4_%EB%B9%84%EB%B0%80,본문/수필/김유정 - 길 - 아무도 모를 내 비밀 (1936-01-01).txt
시계열,1936-01-01,발표 연도,서간,김기림에게 1,이상,1154,https://ko.wikisource.org/wiki/%EA%B9%80%EA%B8%B0%EB%A6%BC%EC%97%90%EA%B2%8C_1,본문/서간/이상 - 김기림에게 1 (1936-01-01).txt
시계열,1936-01-01,발표 연도,서간,김기림에게 2,이상,399,https://ko.wikisource.org/wiki/%EA%B9%80%EA%B8%B0%EB%A6%BC%EC%97%90%EA%B2%8C_2,본문/서간/이상 - 김기림에게 2 (1936-01-01).txt
시계열,1936-01-01,발표 연도,서간,김기림에게 3,이상,592,https://ko.wikisource.org/wiki/%EA%B9%80%EA%B8%B0%EB%A6%BC%EC%97%90%EA%B2%8C_3,본문/서간/이상 - 김기림에게 3 (1936-01-01).txt
시계열,1936-01-01,발표 연도,서간,김기림에게 4,이상,594,https://ko.wikisource.org/wiki/%EA%B9%80%EA%B8%B0%EB%A6%BC%EC%97%90%EA%B2%8C_4,본문/서간/이상 - 김기림에게 4 (1936-01-01).txt
시계열,1936-01-01,발표 연도,서간,김기림에게 6,이상,1715,https://ko.wikisource.org/wiki/%EA%B9%80%EA%B8%B0%EB%A6%BC%EC%97%90%EA%B2%8C_6,본문/서간/이상 - 김기림에게 6 (1936-01-01).txt
시계열,1936-01-01,발표 연도,단편소설,남의 마누라,김동인,5188,https://ko.wikisource.org/wiki/%EB%8F%99%EC%9D%B8%EC%82%AC%EB%8B%B4%EC%A7%91_4/%EB%82%A8%EC%9D%98_%EB%A7%88%EB%88%84%EB%9D%BC,본문/단편소설/김동인 - 남의 마누라 (1936-01-01).txt
시계열,1936-01-01,발표 연도,시,단상,강경애,164,https://ko.wikisource.org/wiki/%EB%8B%A8%EC%83%81,본문/시/강경애 - 단상 (1936-01-01).txt
시계열,1936-01-01,발표 연도,단편소설,동백꽃,김유정,5101,https://ko.wikisource.org/wiki/%EB%8F%99%EB%B0%B1%EA%BD%83,본문/단편소설/김유정 - 동백꽃 (1936-01-01).txt
시계열,1936-01-01,발표 연도,소설,들,이효석,9936,https://ko.wikisource.org/wiki/%EB%93%A4,본문/소설/이효석 - 들 (1936-01-01).txt
시계열,1936-01-01,발표 연도,수필,로렐라이의 유래,홍난파,1268,https://ko.wikisource.org/wiki/%EC%9D%8C%EC%95%85%EB%A7%8C%ED%95%84/%EB%A1%9C%EB%A0%90%EB%9D%BC%EC%9D%B4%EC%9D%98_%EC%9C%A0%EB%9E%98,본문/수필/홍난파 - 로렐라이의 유래 (1936-01-01).txt
시계열,1936-01-01,발표 연도,단편소설,메밀꽃 필 무렵,이효석,6210,https://ko.wikisource.org/wiki/%EB%A9%94%EB%B0%80%EA%BD%83_%ED%95%84_%EB%AC%B4%EB%A0%B5,본문/단편소설/이효석 - 메밀꽃 필 무렵 (1936-01-01).txt
시계열,1936-01-01,발표 연도,수필,밤이 조금만 짧았다면,김유정,2774,https://ko.wikisource.org/wiki/%EB%B0%A4%EC%9D%B4_%EC%A1%B0%EA%B8%88%EB%A7%8C_%EC%A7%A7%EC%95%98%EB%8B%A4%EB%A9%B4,본문/수필/김유정 - 밤이 조금만 짧았다면 (1936-01-01).txt
시계열,1936-01-01,수록 문집 간행 연도,시,병든 풍경,김기림,383,https://ko.wikisource.org/wiki/%EA%B8%B0%EC%83%81%EB%8F%84/%EB%B3%91%EB%93%A0_%ED%92%8D%EA%B2%BD,본문/시/김기림 - 병든 풍경 (1936-01-01).txt
시계열,1936-01-01,저자 문서 발표 연도,시,봄 밤,김소월,225,https://ko.wikisource.org/wiki/%EC%A7%84%EB%8B%AC%EB%9E%98%EA%BD%83_%28%EC%8B%9C%EC%A7%91%29/%EB%B4%84_%EB%B0%A4,본문/시/김소월 - 봄 밤 (1936-01-01).txt
시계열,1936-01-01,발표 연도,단편소설,봄과 따라지,김유정,4588,https://ko.wikisource.org/wiki/%EB%B4%84%EA%B3%BC_%EB%94%B0%EB%9D%BC%EC%A7%80,본문/단편소설/김유정 - 봄과 따라지 (1936-01-01).txt
시계열,1936-01-01,발표 연도,기타,봄을 맞는 우리집 창문,강경애,1523,https://ko.wikisource.org/wiki/%EB%B4%84%EC%9D%84_%EB%A7%9E%EB%8A%94_%EC%9A%B0%EB%A6%AC_%EC%A7%91_%EC%B0%BD%EB%AC%B8,본문/기타/강경애 - 봄을 맞는 우리집 창문 (1936-01-01).txt
시계열,1936-01-01,발표 연도,소설,분녀,이효석,16248,https://ko.wikisource.org/wiki/%EB%B6%84%EB%85%80,본문/소설/이효석 - 분녀 (1936-01-01).txt
시계열,1936-01-01,발표 연도,단편소설,비파(琵琶) 뜯는 임금,김동인,4918,https://ko.wikisource.org/wiki/%EB%8F%99%EC%9D%B8%EC%82%AC%EB%8B%B4%EC%A7%91_4/%EB%B9%84%ED%8C%8C_%EB%9C%AF%EB%8A%94_%EC%9E%84%EA%B8%88,본문/단편소설/김동인 - 비파(琵琶) 뜯는 임금 (1936-01-01).txt
시계열,1936-01-01,발표 연도,단편소설,산,이효석,4308,https://ko.wikisource.org/wiki/%EC%82%B0_%28%EC%9D%B4%ED%9A%A8%EC%84%9D%29,본문/단편소설/이효석 - 산 (1936-01-01).txt
시계열,1936-01-01,저자 문서 발표 연도,소설,석류,이효석,5722,https://ko.wikisource.org/wiki/%EC%84%9D%EB%A5%98,본문/소설/이효석 - 석류 (1936-01-01).txt
시계열,1936-01-01,발표 월,수필,성조기,이광수,10773,https://ko.wikisource.org/wiki/%EC%84%B1%EC%A1%B0%EA%B8%B0,본문/수필/이광수 - 성조기 (1936-01-01).txt
시계열,1936-01-01,수록 문집 간행 연도,시,세계의 아침,김기림,480,https://ko.wikisource.org/wiki/%EA%B8%B0%EC%83%81%EB%8F%84/%EC%84%B8%EA%B3%84%EC%9D%98_%EC%95%84%EC%B9%A8,본문/시/김기림 - 세계의 아침 (1936-01-01).txt
시계열,1936-01-01,저자 문서 발표 연도,소설,세발자전거,김유정,908,https://ko.wikisource.org/wiki/%EC%84%B8%EB%B0%9C%EC%9E%90%EC%A0%84%EA%B1%B0,본문/소설/김유정 - 세발자전거 (1936-01-01).txt
시계열,1936-01-01,수록 문집 간행 연도,시,쇠바퀴의 노래,김기림,670,https://ko.wikisource.org/wiki/%EA%B8%B0%EC%83%81%EB%8F%84/%EC%87%A0%EB%B0%94%ED%80%B4%EC%9D%98_%EB%85%B8%EB%9E%98,본문/시/김기림 - 쇠바퀴의 노래 (1936-01-01).txt
시계열,1936-01-01,발표 월,장편소설,순정해협,함대훈,79642,https://ko.wikisource.org/wiki/%EC%88%9C%EC%A0%95%ED%95%B4%ED%98%91,본문/장편소설/함대훈 - 순정해협 (1936-01-01).txt
시계열,1936-01-01,발표 연도,소설,슬픈 이야기,김유정,6552,https://ko.wikisource.org/wiki/%EC%8A%AC%ED%94%88_%EC%9D%B4%EC%95%BC%EA%B8%B0,본문/소설/김유정 - 슬픈 이야기 (1936-01-01).txt
시계열,1936-01-01,발표 연도,단편소설,승암(僧庵)의 괴녀,김동인,9190,https://ko.wikisource.org/wiki/%EB%8F%99%EC%9D%B8%EC%82%AC%EB%8B%B4%EC%A7%91_1/%EC%8A%B9%EC%95%94%EC%9D%98_%EA%B4%B4%EB%85%80,본문/단편소설/김동인 - 승암(僧庵)의 괴녀 (1936-01-01).txt
시계열,1936-01-01,수록 문집 간행 연도,시,시민행렬,김기림,546,https://ko.wikisource.org/wiki/%EA%B8%B0%EC%83%81%EB%8F%84/%EC%8B%9C%EB%AF%BC%ED%96%89%EB%A0%AC,본문/시/김기림 - 시민행렬 (1936-01-01).txt
시계열,1936-01-01,발표 연도,단편소설,식철수,김동인,9351,https://ko.wikisource.org/wiki/%EB%8F%99%EC%9D%B8%EC%82%AC%EB%8B%B4%EC%A7%91_2/%EC%8B%9D%EC%B2%A0%EC%88%98,본문/단편소설/김동인 - 식철수 (1936-01-01).txt
시계열,1936-01-01,발표 월,수필,신년 신계획,현진건,83,https://ko.wikisource.org/wiki/%EC%8B%A0%EB%85%84_%EC%8B%A0%EA%B3%84%ED%9A%8D,본문/수필/현진건 - 신년 신계획 (1936-01-01).txt
시계열,1936-01-01,발표 연도,시,실제,이육사,236,https://ko.wikisource.org/wiki/%EC%8B%A4%EC%A0%9C_%28%EC%9D%B4%EC%9C%A1%EC%82%AC%29,본문/시/이육사 - 실제 (1936-01-01).txt
시계열,1936-01-01,발표 연도,단편소설,심청,김유정,2437,https://ko.wikisource.org/wiki/%EC%8B%AC%EC%B2%AD,본문/단편소설/김유정 - 심청 (1936-01-01).txt
시계열,1936-01-01,발표 연도,단편소설,안 돌아오는 사자,김동인,8056,https://ko.wikisource.org/wiki/%EB%8F%99%EC%9D%B8%EC%82%AC%EB%8B%B4%EC%A7%91_3/%EC%95%88_%EB%8F%8C%EC%95%84%EC%98%A4%EB%8A%94_%EC%82%AC%EC%9E%90,본문/단편소설/김동인 - 안 돌아오는 사자 (1936-01-01).txt
시계열,1936-01-01,발표 연도,단편소설,암운(暗雲)의 송경,김동인,24449,https://ko.wikisource.org/wiki/%EB%8F%99%EC%9D%B8%EC%82%AC%EB%8B%B4%EC%A7%91_3/%EC%95%94%EC%9A%B4%EC%9D%98_%EC%86%A1%EA%B2%BD,본문/단편소설/김동인 - 암운(暗雲)의 송경 (1936-01-01).txt
시계열,1936-01-01,발표 연도,소설,야앵,김유정,8914,https://ko.wikisource.org/wiki/%EC%95%BC%EC%95%B5,본문/소설/김유정 - 야앵 (1936-01-01).txt
시계열,1936-01-01,저자 문서 발표 연도,수필,어떠한 부인을 마지할까,김유정,494,https://ko.wikisource.org/wiki/%EC%96%B4%EB%96%A0%ED%95%9C_%EB%B6%80%EC%9D%B8%EC%9D%84_%EB%A7%9E%EC%9D%B4%ED%95%A0%EA%B9%8C,본문/수필/김유정 - 어떠한 부인을 마지할까 (1936-01-01).txt
시계열,1936-01-01,저자 문서 발표 연도,수필,오월의 산골짜기,김유정,3394,https://ko.wikisource.org/wiki/%EC%98%A4%EC%9B%94%EC%9D%98_%EC%82%B0%EA%B3%A8%EC%A7%9C%EA%B8%B0,본문/수필/김유정 - 오월의 산골짜기 (1936-01-01).txt
시계열,1936-01-01,발표 연도,소설,옥토끼,김유정,2645,https://ko.wikisource.org/wiki/%EC%98%A5%ED%86%A0%EB%81%BC,본문/소설/김유정 - 옥토끼 (1936-01-01).txt
시계열,1936-01-01,수록 문집 간행 연도,시,올배미의 주문,김기림,1124,https://ko.wikisource.org/wiki/%EA%B8%B0%EC%83%81%EB%8F%84/%EC%98%AC%EB%B0%B0%EB%AF%B8%EC%9D%98_%EC%A3%BC%EB%AC%B8,본문/시/김기림 - 올배미의 주문 (1936-01-01).txt
시계열,1936-01-01,발표 연도,단편소설,왕자호동,김동인,18257,https://ko.wikisource.org/wiki/%EB%8F%99%EC%9D%B8%EC%82%AC%EB%8B%B4%EC%A7%91_1/%EC%99%95%EC%9E%90%ED%98%B8%EB%8F%99,본문/단편소설/김동인 - 왕자호동 (1936-01-01).txt
시계열,1936-01-01,발표 연도,소설,이런 음악회,김유정,2639,https://ko.wikisource.org/wiki/%EC%9D%B4%EB%9F%B0_%EC%9D%8C%EC%95%85%ED%9A%8C,본문/소설/김유정 - 이런 음악회 (1936-01-01).txt
시계열,1936-01-01,발표 연도,수필,이별의 소야곡,홍난파,2546,https://ko.wikisource.org/wiki/%EC%9D%8C%EC%95%85%EB%A7%8C%ED%95%84/%EC%9D%B4%EB%B3%84%EC%9D%98_%EC%86%8C%EC%95%BC%EA%B3%A1,본문/수필/홍난파 - 이별의 소야곡 (1936-01-01).txt
시계열,1936-01-01,수록 문집 간행 연도,시,자최,김기림,1434,https://ko.wikisource.org/wiki/%EA%B8%B0%EC%83%81%EB%8F%84/%EC%9E%90%EC%B5%9C,본문/시/김기림 - 자최 (1936-01-01).txt
시계열,1936-01-01,저자 문서 발표 연도,수필,전차가 희극을 낳아,김유정,3810,https://ko.wikisource.org/wiki/%EC%A0%84%EC%B0%A8%EA%B0%80_%ED%9D%AC%EA%B7%B9%EC%9D%84_%EB%82%B3%EC%95%84,본문/수필/김유정 - 전차가 희극을 낳아 (1936-01-01).txt
시계열,1936-01-01,발표 연도,단편소설,정조,김유정,6300,https://ko.wikisource.org/wiki/%EC%A0%95%EC%A1%B0_%28%EA%B9%80%EC%9C%A0%EC%A0%95%29,본문/단편소설/김유정 - 정조 (1936-01-01).txt
시계열,1936-01-01,발표 월,시,"지비 1,2,3",이상,622,https://ko.wikisource.org/wiki/%EC%A7%80%EB%B9%84,"본문/시/이상 - 지비 1,2,3 (1936-01-01).txt"
시계열,1936-01-01,발표 월,소설,찬물돌의 위엄,김동인,1158,https://ko.wikisource.org/wiki/%EC%B0%AC%EB%AC%BC%EB%8F%8C%EC%9D%98_%EC%9C%84%EC%97%84,본문/소설/김동인 - 찬물돌의 위엄 (1936-01-01).txt
시계열,1936-01-01,발표 연도,단편소설,촉루,정인택,7045,https://ko.wikisource.org/wiki/%EC%B4%89%EB%A3%A8,본문/단편소설/정인택 - 촉루 (1936-01-01).txt
시계열,1936-01-01,수록 문집 간행 연도,시,태풍의 기침시간,김기림,632,https://ko.wikisource.org/wiki/%EA%B8%B0%EC%83%81%EB%8F%84/%ED%83%9C%ED%92%8D%EC%9D%98_%EA%B8%B0%EC%B9%A8%EC%8B%9C%EA%B0%84,본문/시/김기림 - 태풍의 기침시간 (1936-01-01).txt
시계열,1936-01-01,저자 문서 발표 연도,수필,행복을 등진 정열,김유정,963,https://ko.wikisource.org/wiki/%ED%96%89%EB%B3%B5%EC%9D%84_%EB%93%B1%EC%A7%84_%EC%A0%95%EC%97%B4,본문/수필/김유정 - 행복을 등진 정열 (1936-01-01).txt
시계열,1936-01-01,발표 월,소설,황공(黃公)의 최후,심훈,13043,https://ko.wikisource.org/wiki/%ED%99%A9%EA%B3%B5%EC%9D%98_%EC%B5%9C%ED%9B%84,본문/소설/심훈 - 황공(黃公)의 최후 (1936-01-01).txt
시계열,1936-01-01,발표 연도,장편소설,후회,한용운,62626,https://ko.wikisource.org/wiki/%ED%9B%84%ED%95%B4,본문/장편소설/한용운 - 후회 (1936-01-01).txt
시계열,1936-01-06,창작일,수필,文學을 버리고 文化를想像할수업다,이상,1922,https://ko.wikisource.org/wiki/%EB%AC%B8%ED%95%99%EC%9D%84_%EB%B2%84%EB%A6%AC%EA%B3%A0_%EB%AC%B8%ED%99%94%EB%A5%BC_%EC%83%81%EC%83%81%ED%95%A0_%EC%88%98_%EC%97%86%EB%8B%A4,본문/수필/이상 - 文學을 버리고 文化를想像할수업다 (1936-01-06).txt
시계열,1936-01-06,발표일,시,하늘과 바람과 별과 시 (1979년)/고향집,윤동주,53,https://ko.wikisource.org/wiki/%ED%95%98%EB%8A%98%EA%B3%BC_%EB%B0%94%EB%9E%8C%EA%B3%BC_%EB%B3%84%EA%B3%BC_%EC%8B%9C_%281979%EB%85%84%29/%EA%B3%A0%ED%96%A5%EC%A7%91,본문/시/윤동주 - 하늘과 바람과 별과 시 (1979년) 고향집 (1936-01-06).txt
시계열,1936-02-01,발표 월,수필,목멱산하 고토(木覓山下故土)에서 내 일생을 보내리라,홍난파,488,https://ko.wikisource.org/wiki/%EB%AA%A9%EB%A9%B1%EC%82%B0%ED%95%98_%EA%B3%A0%ED%86%A0%EC%97%90%EC%84%9C_%EB%82%B4_%EC%9D%BC%EC%83%9D%EC%9D%84_%EB%B3%B4%EB%82%B4%EB%A6%AC%EB%9D%BC,본문/수필/홍난파 - 목멱산하 고토(木覓山下故土)에서 내 일생을 보내리라 (1936-02-01).txt
시계열,1936-02-01,발표 월,시,역단,이상,1145,https://ko.wikisource.org/wiki/%EC%97%AD%EB%8B%A8,본문/시/이상 - 역단 (1936-02-01).txt
시계열,1936-03-01,발표 월,시,가외가전,이상,1251,https://ko.wikisource.org/wiki/%EA%B0%80%EC%99%B8%EA%B0%80%EC%A0%84,본문/시/이상 - 가외가전 (1936-03-01).txt
시계열,1936-03-01,발표 월,시,길,김기림,319,https://ko.wikisource.org/wiki/%EA%B8%B8_%28%EA%B9%80%EA%B8%B0%EB%A6%BC%29,본문/시/김기림 - 길 (1936-03-01).txt
시계열,1936-03-01,발표 월,단편소설,두꺼비,김유정,8136,https://ko.wikisource.org/wiki/%EB%91%90%EA%BA%BC%EB%B9%84_%28%EA%B9%80%EC%9C%A0%EC%A0%95%29,본문/단편소설/김유정 - 두꺼비 (1936-03-01).txt
시계열,1936-03-01,발표 월,수필,서망율도,이상,541,https://ko.wikisource.org/wiki/%EC%84%9C%EB%A7%9D%EC%9C%A8%EB%8F%84,본문/수필/이상 - 서망율도 (1936-03-01).txt
시계열,1936-03-01,발표 월,수필,시와 소설 편집후기,이상,570,https://ko.wikisource.org/wiki/%EC%8B%9C%EC%99%80_%EC%86%8C%EC%84%A4_%ED%8E%B8%EC%A7%91%ED%9B%84%EA%B8%B0,본문/수필/이상 - 시와 소설 편집후기 (1936-03-01).txt
시계열,1936-03-01,발표 월,시,종달새,윤동주,110,https://ko.wikisource.org/wiki/%ED%95%98%EB%8A%98%EA%B3%BC_%EB%B0%94%EB%9E%8C%EA%B3%BC_%EB%B3%84%EA%B3%BC_%EC%8B%9C_%281979%EB%85%84%29/%EC%A2%85%EB%8B%AC%EC%83%88,본문/시/윤동주 - 종달새 (1936-03-01).txt
시계열,1936-03-01,발표 월,시,희망과 절망은,박용철,275,https://ko.wikisource.org/wiki/%EB%B0%95%EC%9A%A9%EC%B2%A0_%EC%8B%9C%EC%A7%91/%ED%9D%AC%EB%A7%9D%EA%B3%BC_%EC%A0%88%EB%A7%9D%EC%9D%80,본문/시/박용철 - 희망과 절망은 (1936-03-01).txt
시계열,1936-03-03,발표일,수필,조춘점묘,이상,12383,https://ko.wikisource.org/wiki/%EC%A1%B0%EC%B6%98%EC%A0%90%EB%AC%98,본문/수필/이상 - 조춘점묘 (1936-03-03).txt
시계열,1936-03-12,발표일,단편소설,지하촌,강경애,24816,https://ko.wikisource.org/wiki/%EC%A7%80%ED%95%98%EC%B4%8C,본문/단편소설/강경애 - 지하촌 (1936-03-12).txt
시계열,1936-03-20,발표일,시,식권,윤동주,70,https://ko.wikisource.org/wiki/%ED%95%98%EB%8A%98%EA%B3%BC_%EB%B0%94%EB%9E%8C%EA%B3%BC_%EB%B3%84%EA%B3%BC_%EC%8B%9C_%281979%EB%85%84%29/%EC%8B%9D%EA%B6%8C,본문/시/윤동주 - 식권 (1936-03-20).txt
시계열,1936-03-20,발표일,시,이별,윤동주,119,https://ko.wikisource.org/wiki/%ED%95%98%EB%8A%98%EA%B3%BC_%EB%B0%94%EB%9E%8C%EA%B3%BC_%EB%B3%84%EA%B3%BC_%EC%8B%9C_%281979%EB%85%84%29/%EC%9D%B4%EB%B3%84,본문/시/윤동주 - 이별 (1936-03-20).txt
시계열,1936-03-21,발표일,수필,詩壇時評,박용철,10963,https://ko.wikisource.org/wiki/%EB%B0%95%EC%9A%A9%EC%B2%A0_%EC%82%B0%EB%AC%B8%EC%A7%91/%EA%B8%B0%EA%B5%90%EC%A3%BC%EC%9D%98_%EC%84%A4%EC%9D%98_%ED%97%88%EB%A7%9D,본문/수필/박용철 - 詩壇時評 (1936-03-21).txt
시계열,1936-03-24,발표일,시,모란봉에서,윤동주,89,https://ko.wikisource.org/wiki/%ED%95%98%EB%8A%98%EA%B3%BC_%EB%B0%94%EB%9E%8C%EA%B3%BC_%EB%B3%84%EA%B3%BC_%EC%8B%9C_%281979%EB%85%84%29/%EB%AA%A8%EB%9E%80%EB%B4%89%EC%97%90%EC%84%9C,본문/시/윤동주 - 모란봉에서 (1936-03-24).txt
시계열,1936-03-27,발표일,시,산거,한용운,184,https://ko.wikisource.org/wiki/%EC%82%B0%EA%B1%B0,본문/시/한용운 - 산거 (1936-03-27).txt
시계열,1936-03-27,발표일,시,산꼴 물,한용운,158,https://ko.wikisource.org/wiki/%EC%82%B0%EA%B3%A8_%EB%AC%BC,본문/시/한용운 - 산꼴 물 (1936-03-27).txt
시계열,1936-03-28,발표일,기타,모순,한용운,137,https://ko.wikisource.org/wiki/%EB%AA%A8%EC%88%9C,본문/기타/한용운 - 모순 (1936-03-28).txt
시계열,1936-03-28,발표일,기타,천일,한용운,119,https://ko.wikisource.org/wiki/%EC%B2%9C%EC%9D%BC,본문/기타/한용운 - 천일 (1936-03-28).txt
시계열,1936-03-31,발표일,시,쥐,한용운,411,https://ko.wikisource.org/wiki/%EC%A5%90,본문/시/한용운 - 쥐 (1936-03-31).txt
시계열,1936-04-01,발표 월,단편소설,佛蘭西[불란서] 家庭[가정]은 얼마나 다를가,나혜석,3924,https://ko.wikisource.org/wiki/%ED%94%84%EB%9E%91%EC%8A%A4_%EA%B0%80%EC%A0%95%EC%9D%80_%EC%96%BC%EB%A7%88%EB%82%98_%EB%8B%A4%EB%A5%BC%EA%B9%8C,본문/단편소설/나혜석 - 佛蘭西[불란서] 家庭[가정]은 얼마나 다를가 (1936-04-01).txt
시계열,1936-04-01,발표 월,수필,女像四題,李箱,386,https://ko.wikisource.org/wiki/%EC%97%AC%EC%83%81_%EC%82%AC%EC%A0%9C,본문/수필/李箱 - 女像四題 (1936-04-01).txt
시계열,1936-04-01,발표 월,수필,백석 시집 사슴 평,박용철,2159,https://ko.wikisource.org/wiki/%EB%B0%95%EC%9A%A9%EC%B2%A0_%EC%82%B0%EB%AC%B8%EC%A7%91/%EB%B0%B1%EC%84%9D_%EC%8B%9C%EC%A7%91_%EC%82%AC%EC%8A%B4_%ED%8F%89,본문/수필/박용철 - 백석 시집 사슴 평 (1936-04-01).txt
시계열,1936-04-02,발표일,시,일출,한용운,236,https://ko.wikisource.org/wiki/%EC%9D%BC%EC%B6%9C,본문/시/한용운 - 일출 (1936-04-02).txt
시계열,1936-04-02,발표일,시,해촌(海村)의 석양,한용운,155,https://ko.wikisource.org/wiki/%ED%95%B4%EC%B4%8C%EC%9D%98_%EC%84%9D%EC%96%91,본문/시/한용운 - 해촌(海村)의 석양 (1936-04-02).txt
시계열,1936-04-03,발표일,시,강(江) 배,한용운,71,https://ko.wikisource.org/wiki/%EA%B0%95_%EB%B0%B0,본문/시/한용운 - 강(江) 배 (1936-04-03).txt
시계열,1936-04-03,발표일,시,낙화,한용운,188,https://ko.wikisource.org/wiki/%EB%82%99%ED%99%94,본문/시/한용운 - 낙화 (1936-04-03).txt
시계열,1936-04-03,발표일,시,일경초,한용운,202,https://ko.wikisource.org/wiki/%EC%9D%BC%EA%B2%BD%EC%B4%88,본문/시/한용운 - 일경초 (1936-04-03).txt
시계열,1936-04-04,발표일,시,早春[조춘],한용운,142,https://ko.wikisource.org/wiki/%EC%A1%B0%EC%B6%98_%28%ED%95%9C%EC%9A%A9%EC%9A%B4%29,본문/시/한용운 - 早春[조춘] (1936-04-04).txt
시계열,1936-04-05,발표일,시,모기,한용운,168,https://ko.wikisource.org/wiki/%EB%AA%A8%EA%B8%B0,본문/시/한용운 - 모기 (1936-04-05).txt
시계열,1936-04-05,발표일,기타,반월(半月)과 소녀,한용운,107,https://ko.wikisource.org/wiki/%EB%B0%98%EC%9B%94%EA%B3%BC_%EC%86%8C%EB%85%80,본문/기타/한용운 - 반월(半月)과 소녀 (1936-04-05).txt
시계열,1936-04-05,발표일,시,파리,한용운,340,https://ko.wikisource.org/wiki/%ED%8C%8C%EB%A6%AC,본문/시/한용운 - 파리 (1936-04-05).txt
시계열,1936-05-01,발표 월,시조,기미년,이상화,45,https://ko.wikisource.org/wiki/%EA%B8%B0%EB%AF%B8%EB%85%84,본문/시조/이상화 - 기미년 (1936-05-01).txt
시계열,1936-05-01,발표 월,수필,내가 좋아하는 화초와 내 집의 화초,이상,116,https://ko.wikisource.org/wiki/%EB%82%B4%EA%B0%80_%EC%A2%8B%EC%95%84%ED%95%98%EB%8A%94_%ED%99%94%EC%B4%88%EC%99%80_%EB%82%B4_%EC%A7%91%EC%9D%98_%ED%99%94%EC%B4%88,본문/수필/이상 - 내가 좋아하는 화초와 내 집의 화초 (1936-05-01).txt
시계열,1936-05-01,발표 월,시,명경,이상,268,https://ko.wikisource.org/wiki/%EB%AA%85%EA%B2%BD,본문/시/이상 - 명경 (1936-05-01).txt
시계열,1936-05-01,발표 월,단편소설,모르는 여인,이광수,4079,https://ko.wikisource.org/wiki/%EB%AA%A8%EB%A5%B4%EB%8A%94_%EC%97%AC%EC%9D%B8,본문/단편소설/이광수 - 모르는 여인 (1936-05-01).txt
시계열,1936-05-01,발표 월,수필,뻐꾸기와 그애,이광수,2724,https://ko.wikisource.org/wiki/%EB%BB%90%EA%BE%B8%EA%B8%B0%EC%99%80_%EA%B7%B8%EC%95%A0,본문/수필/이광수 - 뻐꾸기와 그애 (1936-05-01).txt
시계열,1936-05-01,발표 월,수필,셰익스피어와 음악,홍난파,2126,https://ko.wikisource.org/wiki/%EC%9D%8C%EC%95%85%EB%A7%8C%ED%95%84/%EC%85%B0%EC%9D%B5%EC%8A%A4%ED%94%BC%EC%96%B4%EC%99%80_%EC%9D%8C%EC%95%85,본문/수필/홍난파 - 셰익스피어와 음악 (1936-05-01).txt
시계열,1936-05-01,발표 월,시,오후의 구장,윤동주,134,https://ko.wikisource.org/wiki/%ED%95%98%EB%8A%98%EA%B3%BC_%EB%B0%94%EB%9E%8C%EA%B3%BC_%EB%B3%84%EA%B3%BC_%EC%8B%9C_%281979%EB%85%84%29/%EC%98%A4%ED%9B%84%EC%9D%98_%EA%B5%AC%EC%9E%A5,본문/시/윤동주 - 오후의 구장 (1936-05-01).txt
시계열,1936-05-01,발표 월,단편소설,촌가(村家)의 용,김동인,8089,https://ko.wikisource.org/wiki/%EB%8F%99%EC%9D%B8%EC%82%AC%EB%8B%B4%EC%A7%91_4/%EC%B4%8C%EA%B0%80%EC%9D%98_%EC%9A%A9,본문/단편소설/김동인 - 촌가(村家)의 용 (1936-05-01).txt
시계열,1936-06-01,발표 월,수필,동서양 음악의 비교,홍난파,3611,https://ko.wikisource.org/wiki/%EC%9D%8C%EC%95%85%EB%A7%8C%ED%95%84/%EB%8F%99%EC%84%9C%EC%96%91_%EC%9D%8C%EC%95%85%EC%9D%98_%EB%B9%84%EA%B5%90,본문/수필/홍난파 - 동서양 음악의 비교 (1936-06-01).txt
시계열,1936-06-01,발표 월,수필,동해의 여인,이효석,1302,https://ko.wikisource.org/wiki/%EB%8F%99%ED%95%B4%EC%9D%98_%EC%97%AC%EC%9D%B8,본문/수필/이효석 - 동해의 여인 (1936-06-01).txt
시계열,1936-06-01,발표 월,단편소설,드문 사람들,이광수,3042,https://ko.wikisource.org/wiki/%EB%93%9C%EB%AC%B8_%EC%82%AC%EB%9E%8C%EB%93%A4,본문/단편소설/이광수 - 드문 사람들 (1936-06-01).txt
시계열,1936-06-01,발표 월,수필,산으로 오르라,김교신,2060,https://ko.wikisource.org/wiki/%EC%82%B0%EC%9C%BC%EB%A1%9C_%EC%98%A4%EB%A5%B4%EB%9D%BC,본문/수필/김교신 - 산으로 오르라 (1936-06-01).txt
시계열,1936-06-01,발표 월,단편소설,지주회시,이상,13541,https://ko.wikisource.org/wiki/%EC%A7%80%EC%A3%BC%ED%9A%8C%EC%8B%9C,본문/단편소설/이상 - 지주회시 (1936-06-01).txt
시계열,1936-06-09,창작일,단편소설,사생아,윤기정,10170,https://ko.wikisource.org/wiki/%EC%82%AC%EC%83%9D%EC%95%84,본문/단편소설/윤기정 - 사생아 (1936-06-09).txt
시계열,1936-06-30,발표일,기타,불타산 C군에게,강경애,1033,https://ko.wikisource.org/wiki/%EB%B6%88%ED%83%80%EC%82%B0_C%EA%B5%B0%EC%97%90%EA%B2%8C,본문/기타/강경애 - 불타산 C군에게 (1936-06-30).txt
시계열,1936-07-01,창작 월,단편소설,불행한 계승,이상,7366,https://ko.wikisource.org/wiki/%EB%B6%88%ED%96%89%ED%95%9C_%EA%B3%84%EC%8A%B9,본문/단편소설/이상 - 불행한 계승 (1936-07-01).txt
시계열,1936-07-01,발표 월,수필,약수,이상,1082,https://ko.wikisource.org/wiki/%EC%95%BD%EC%88%98_%28%EC%9D%B4%EC%83%81%29,본문/수필/이상 - 약수 (1936-07-01).txt
시계열,1936-07-01,발표 월,소설,인간산문,이효석,12672,https://ko.wikisource.org/wiki/%EC%9D%B8%EA%B0%84%EC%82%B0%EB%AC%B8,본문/소설/이효석 - 인간산문 (1936-07-01).txt
시계열,1936-08-01,발표 월,수필,EPIGRAM,이상,746,https://ko.wikisource.org/wiki/EPIGRAM,본문/수필/이상 - EPIGRAM (1936-08-01).txt
시계열,1936-08-01,발표 월,단편소설,산남,강경애,8853,https://ko.wikisource.org/wiki/%EC%82%B0%EB%82%A8,본문/단편소설/강경애 - 산남 (1936-08-01).txt
시계열,1936-08-01,발표 월,수필,중국 농촌의 협상,이활,8645,https://ko.wikisource.org/wiki/%EC%A4%91%EA%B5%AD_%EB%86%8D%EC%B4%8C%EC%9D%98_%ED%98%91%EC%83%81,본문/수필/이활 - 중국 농촌의 협상 (1936-08-01).txt
시계열,1936-08-10,창작일,시,"오오, 조선의 남아여!",심훈,510,https://ko.wikisource.org/wiki/%EA%B7%B8%EB%82%A0%EC%9D%B4_%EC%98%A4%EB%A9%B4/%EC%98%A4%EC%98%A4%2C_%EC%A1%B0%EC%84%A0%EC%9D%98_%EB%82%A8%EC%95%84%EC%97%AC%21,"본문/시/심훈 - 오오, 조선의 남아여! (1936-08-10).txt"
시계열,1936-09-01,발표 월,수필,罪[죄],이광수,5310,https://ko.wikisource.org/wiki/%EC%A3%84,본문/수필/이광수 - 罪[죄] (1936-09-01).txt
시계열,1936-09-01,발표 월,단편소설,날개,이상,16481,https://ko.wikisource.org/wiki/%EB%82%A0%EA%B0%9C,본문/단편소설/이상 - 날개 (1936-09-01).txt
시계열,1936-09-01,발표 월,수필,동생 옥희 보아라,이상,4410,https://ko.wikisource.org/wiki/%EB%8F%99%EC%83%9D_%EC%98%A5%ED%9D%AC_%EB%B3%B4%EC%95%84%EB%9D%BC,본문/수필/이상 - 동생 옥희 보아라 (1936-09-01).txt
시계열,1936-09-01,발표 월,단편소설,순진,김동인,13738,https://ko.wikisource.org/wiki/%EB%8F%99%EC%9D%B8%EC%82%AC%EB%8B%B4%EC%A7%91_5/%EC%88%9C%EC%A7%84,본문/단편소설/김동인 - 순진 (1936-09-01).txt
시계열,1936-09-01,발표 월,수필,아름다운 조선(朝鮮)말,이상,401,https://ko.wikisource.org/wiki/%EC%95%84%EB%A6%84%EB%8B%A4%EC%9A%B4_%EC%A1%B0%EC%84%A0%EB%A7%90,본문/수필/이상 - 아름다운 조선(朝鮮)말 (1936-09-01).txt
시계열,1936-10-01,발표 월,시,I WED A TOY BRIDE,이상,456,https://ko.wikisource.org/wiki/I_WED_A_TOY_BRIDE,본문/시/이상 - I WED A TOY BRIDE (1936-10-01).txt
시계열,1936-10-01,발표 월,수필,가을의 탐승처,이상,248,https://ko.wikisource.org/wiki/%EA%B0%80%EC%9D%84%EC%9D%98_%ED%83%90%EC%8A%B9%EC%B2%98,본문/수필/이상 - 가을의 탐승처 (1936-10-01).txt
시계열,1936-10-01,발표 월,시,비행기,윤동주,91,https://ko.wikisource.org/wiki/%ED%95%98%EB%8A%98%EA%B3%BC_%EB%B0%94%EB%9E%8C%EA%B3%BC_%EB%B3%84%EA%B3%BC_%EC%8B%9C_%281979%EB%85%84%29/%EB%B9%84%ED%96%89%EA%B8%B0,본문/시/윤동주 - 비행기 (1936-10-01).txt
시계열,1936-10-01,발표 월,수필,행복,이상,1739,https://ko.wikisource.org/wiki/%ED%96%89%EB%B3%B5_%28%EC%9D%B4%EC%83%81%29,본문/수필/이상 - 행복 (1936-10-01).txt
시계열,1936-10-09,창작일,시,위독,이상,2063,https://ko.wikisource.org/wiki/%EC%9C%84%EB%8F%85,본문/시/이상 - 위독 (1936-10-09).txt
시계열,1936-10-14,발표일,수필,추등잡필,이상,7791,https://ko.wikisource.org/wiki/%EC%B6%94%EB%93%B1%EC%9E%A1%ED%95%84,본문/수필/이상 - 추등잡필 (1936-10-14).txt
시계열,1936-10-23,발표일,시,가을밤,윤동주,48,https://ko.wikisource.org/wiki/%ED%95%98%EB%8A%98%EA%B3%BC_%EB%B0%94%EB%9E%8C%EA%B3%BC_%EB%B3%84%EA%B3%BC_%EC%8B%9C_%281979%EB%85%84%29/%EA%B0%80%EC%9D%84%EB%B0%A4,본문/시/윤동주 - 가을밤 (1936-10-23).txt
시계열,1936-10-29,창작일,수필,노신추도문,이육사,8679,https://ko.wikisource.org/wiki/%EB%85%B8%EC%8B%A0_%EC%B6%94%EB%8F%84%EB%AC%B8,본문/수필/이육사 - 노신추도문 (1936-10-29).txt
시계열,1936-11-01,발표 월,단편소설,삼십년의 독심,김동인,6391,https://ko.wikisource.org/wiki/%EB%8F%99%EC%9D%B8%EC%82%AC%EB%8B%B4%EC%A7%91_5/%EC%82%BC%EC%8B%AD%EB%85%84%EC%9D%98_%EB%8F%85%EC%8B%AC,본문/단편소설/김동인 - 삼십년의 독심 (1936-11-01).txt
시계열,1936-11-01,발표 월,시,해바라기의 비명,함형수,147,https://ko.wikisource.org/wiki/%ED%95%B4%EB%B0%94%EB%9D%BC%EA%B8%B0%EC%9D%98_%EB%B9%84%EB%AA%85,본문/시/함형수 - 해바라기의 비명 (1936-11-01).txt
시계열,1936-11-14,창작일,서간,김기림에게 5,이상,340,https://ko.wikisource.org/wiki/%EA%B9%80%EA%B8%B0%EB%A6%BC%EC%97%90%EA%B2%8C_5,본문/서간/이상 - 김기림에게 5 (1936-11-14).txt
시계열,1936-12-01,발표 월,소설,고향,루쉰,9122,https://ko.wikisource.org/wiki/%EA%B3%A0%ED%96%A5_%28%EC%9D%B4%EC%9C%A1%EC%82%AC%29,본문/소설/루쉰 - 고향 (1936-12-01).txt
시계열,1936-12-01,발표 월,단편소설,벌번 반 년,김동인,12188,https://ko.wikisource.org/wiki/%EB%8F%99%EC%9D%B8%EC%82%AC%EB%8B%B4%EC%A7%91_5/%EB%B2%8C%EB%B2%88_%EB%B0%98%EB%85%84,본문/단편소설/김동인 - 벌번 반 년 (1936-12-01).txt
시계열,1936-12-01,발표 월,수필,병자 시단의 일년 성과,박용철,6503,https://ko.wikisource.org/wiki/%EB%B0%95%EC%9A%A9%EC%B2%A0_%EC%82%B0%EB%AC%B8%EC%A7%91/%EB%B3%91%EC%9E%90_%EC%8B%9C%EB%8B%A8%EC%9D%98_%EC%9D%BC%EB%85%84_%EC%84%B1%EA%B3%BC,본문/수필/박용철 - 병자 시단의 일년 성과 (1936-12-01).txt
시계열,1936-12-01,발표 월,단편소설,봉별기,이상,3968,https://ko.wikisource.org/wiki/%EB%B4%89%EB%B3%84%EA%B8%B0,본문/단편소설/이상 - 봉별기 (1936-12-01).txt
시계열,1936-12-01,발표 월,단편소설,자루 속의 사나이,김동인,4005,https://ko.wikisource.org/wiki/%EB%8F%99%EC%9D%B8%EC%82%AC%EB%8B%B4%EC%A7%91_4/%EC%9E%90%EB%A3%A8_%EC%86%8D%EC%9D%98_%EC%82%AC%EB%82%98%EC%9D%B4,본문/단편소설/김동인 - 자루 속의 사나이 (1936-12-01).txt
시계열,1936-12-01,발표 월,시,한 개의 별을 노래하자,이육사,545,https://ko.wikisource.org/wiki/%ED%95%9C_%EA%B0%9C%EC%9D%98_%EB%B3%84%EC%9D%84_%EB%85%B8%EB%9E%98%ED%95%98%EC%9E%90,본문/시/이육사 - 한 개의 별을 노래하자 (1936-12-01).txt
시계열,1937-01-01,발표 연도,시,尋牛莊[심우장],한용운,46,https://ko.wikisource.org/wiki/%EC%8B%AC%EC%9A%B0%EC%9E%A5,본문/시/한용운 - 尋牛莊[심우장] (1937-01-01).txt
시계열,1937-01-01,저자 문서 발표 연도,수필,강원도 여성,김유정,2209,https://ko.wikisource.org/wiki/%EA%B0%95%EC%9B%90%EB%8F%84_%EC%97%AC%EC%84%B1,본문/수필/김유정 - 강원도 여성 (1937-01-01).txt
시계열,1937-01-01,수록 문집 간행 연도,시,경,오장환,104,https://ko.wikisource.org/wiki/%EC%84%B1%EB%B2%BD/%EA%B2%BD,본문/시/오장환 - 경 (1937-01-01).txt
시계열,1937-01-01,수록 문집 간행 연도,시,고전,오장환,233,https://ko.wikisource.org/wiki/%EC%84%B1%EB%B2%BD/%EA%B3%A0%EC%A0%84,본문/시/오장환 - 고전 (1937-01-01).txt
시계열,1937-01-01,발표 연도,기타,기억에 남은 몽금포,강경애,1091,https://ko.wikisource.org/wiki/%EA%B8%B0%EC%96%B5%EC%97%90_%EB%82%A8%EC%9D%80_%EB%AA%BD%EA%B8%88%ED%8F%AC,본문/기타/강경애 - 기억에 남은 몽금포 (1937-01-01).txt
시계열,1937-01-01,발표 연도,단편소설,기축 삼백년,김동인,25691,https://ko.wikisource.org/wiki/%EB%8F%99%EC%9D%B8%EC%82%AC%EB%8B%B4%EC%A7%91_4/%EA%B8%B0%EC%B6%95_%EC%82%BC%EB%B0%B1%EB%85%84,본문/단편소설/김동인 - 기축 삼백년 (1937-01-01).txt
시계열,1937-01-01,발표 연도,서간,김기림에게 7,이상,930,https://ko.wikisource.org/wiki/%EA%B9%80%EA%B8%B0%EB%A6%BC%EC%97%90%EA%B2%8C_7,본문/서간/이상 - 김기림에게 7 (1937-01-01).txt
시계열,1937-01-01,발표 월,소설,낙엽기,이효석,4988,https://ko.wikisource.org/wiki/%EB%82%99%EC%97%BD%EA%B8%B0,본문/소설/이효석 - 낙엽기 (1937-01-01).txt
시계열,1937-01-01,발표 연도,서간,남동생 김운경에게,이상,206,https://ko.wikisource.org/wiki/%EB%82%A8%EB%8F%99%EC%83%9D_%EA%B9%80%EC%9A%B4%EA%B2%BD%EC%97%90%EA%B2%8C,본문/서간/이상 - 남동생 김운경에게 (1937-01-01).txt
시계열,1937-01-01,저자 문서 발표 연도,수필,네가 봄이런가,김유정,1243,https://ko.wikisource.org/wiki/%EB%84%A4%EA%B0%80_%EB%B4%84%EC%9D%B4%EB%9F%B0%EA%B0%80,본문/수필/김유정 - 네가 봄이런가 (1937-01-01).txt
시계열,1937-01-01,수록 문집 간행 연도,시,독초,오장환,383,https://ko.wikisource.org/wiki/%EC%84%B1%EB%B2%BD/%EB%8F%85%EC%B4%88,본문/시/오장환 - 독초 (1937-01-01).txt
시계열,1937-01-01,발표 연도,수필,리스트의 국제적 연애,홍난파,8872,https://ko.wikisource.org/wiki/%EC%9D%8C%EC%95%85%EB%A7%8C%ED%95%84/%EB%A6%AC%EC%8A%A4%ED%8A%B8%EC%9D%98_%EA%B5%AD%EC%A0%9C%EC%A0%81_%EC%97%B0%EC%95%A0,본문/수필/홍난파 - 리스트의 국제적 연애 (1937-01-01).txt
시계열,1937-01-01,발표 연도,시,만주벌,이상화,40,https://ko.wikisource.org/wiki/%EB%A7%8C%EC%A3%BC%EB%B2%8C,본문/시/이상화 - 만주벌 (1937-01-01).txt
시계열,1937-01-01,수록 문집 간행 연도,시,매음부,오장환,183,https://ko.wikisource.org/wiki/%EC%84%B1%EB%B2%BD/%EB%A7%A4%EC%9D%8C%EB%B6%80,본문/시/오장환 - 매음부 (1937-01-01).txt
시계열,1937-01-01,수록 문집 간행 연도,시,모촌,오장환,118,https://ko.wikisource.org/wiki/%EC%84%B1%EB%B2%BD/%EB%AA%A8%EC%B4%8C,본문/시/오장환 - 모촌 (1937-01-01).txt
시계열,1937-01-01,발표 연도,수필,무희의 봄을 찾아서,이육사,3743,https://ko.wikisource.org/wiki/%EB%AC%B4%ED%9D%AC%EC%9D%98_%EB%B4%84%EC%9D%84_%EC%B0%BE%EC%95%84%EC%84%9C,본문/수필/이육사 - 무희의 봄을 찾아서 (1937-01-01).txt
시계열,1937-01-01,저자 문서 발표 연도,수필,문단에 올리는 말씀,김유정,262,https://ko.wikisource.org/wiki/%EB%AC%B8%EB%8B%A8%EC%97%90_%EC%98%AC%EB%A6%AC%EB%8A%94_%EB%A7%90%EC%94%80,본문/수필/김유정 - 문단에 올리는 말씀 (1937-01-01).txt
시계열,1937-01-01,저자 문서 발표 연도,수필,병상 영춘기,김유정,5524,https://ko.wikisource.org/wiki/%EB%B3%91%EC%83%81%EC%98%81%EC%B6%98%EA%B8%B0,본문/수필/김유정 - 병상 영춘기 (1937-01-01).txt
시계열,1937-01-01,발표 연도,수필,병상의 생각,김유정,6318,https://ko.wikisource.org/wiki/%EB%B3%91%EC%83%81%EC%9D%98_%EC%83%9D%EA%B0%81,본문/수필/김유정 - 병상의 생각 (1937-01-01).txt
시계열,1937-01-01,수록 문집 간행 연도,시,병실,오장환,312,https://ko.wikisource.org/wiki/%EC%84%B1%EB%B2%BD/%EB%B3%91%EC%8B%A4,본문/시/오장환 - 병실 (1937-01-01).txt
시계열,1937-01-01,저자 문서 발표 연도,소설,삽화,이효석,7349,https://ko.wikisource.org/wiki/%EC%82%BD%ED%99%94,본문/소설/이효석 - 삽화 (1937-01-01).txt
시계열,1937-01-01,수록 문집 간행 연도,시,성벽,오장환,110,https://ko.wikisource.org/wiki/%EC%84%B1%EB%B2%BD/%EC%84%B1%EB%B2%BD,본문/시/오장환 - 성벽 (1937-01-01).txt
시계열,1937-01-01,수록 문집 간행 연도,시,성씨보,오장환,237,https://ko.wikisource.org/wiki/%EC%84%B1%EB%B2%BD/%EC%84%B1%EC%94%A8%EB%B3%B4,본문/시/오장환 - 성씨보 (1937-01-01).txt
시계열,1937-01-01,저자 문서 발표 연도,소설,성찬,이효석,7546,https://ko.wikisource.org/wiki/%EC%84%B1%EC%B0%AC,본문/소설/이효석 - 성찬 (1937-01-01).txt
시계열,1937-01-01,발표 연도,노래,써커스 걸,박향림,168,https://ko.wikisource.org/wiki/%EC%8D%A8%EC%BB%A4%EC%8A%A4_%EA%B1%B8,본문/노래/박향림 - 써커스 걸 (1937-01-01).txt
시계열,1937-01-01,발표 월,단편소설,어둠,강경애,11285,https://ko.wikisource.org/wiki/%EC%96%B4%EB%91%A0,본문/단편소설/강경애 - 어둠 (1937-01-01).txt
시계열,1937-01-01,수록 문집 간행 연도,시,어육,오장환,236,https://ko.wikisource.org/wiki/%EC%84%B1%EB%B2%BD/%EC%96%B4%EC%9C%A1,본문/시/오장환 - 어육 (1937-01-01).txt
시계열,1937-01-01,수록 문집 간행 연도,시,어포,오장환,151,https://ko.wikisource.org/wiki/%EC%84%B1%EB%B2%BD/%EC%96%B4%ED%8F%AC,본문/시/오장환 - 어포 (1937-01-01).txt
시계열,1937-01-01,수록 문집 간행 연도,시,여수,오장환,224,https://ko.wikisource.org/wiki/%EC%84%B1%EB%B2%BD/%EC%97%AC%EC%88%98,본문/시/오장환 - 여수 (1937-01-01).txt
시계열,1937-01-01,수록 문집 간행 연도,시,역,오장환,99,https://ko.wikisource.org/wiki/%EC%84%B1%EB%B2%BD/%EC%97%AD,본문/시/오장환 - 역 (1937-01-01).txt
시계열,1937-01-01,발표 연도,소설,연기,김유정,2388,https://ko.wikisource.org/wiki/%EC%97%B0%EA%B8%B0,본문/소설/김유정 - 연기 (1937-01-01).txt
시계열,1937-01-01,수록 문집 간행 연도,시,온천지,오장환,180,https://ko.wikisource.org/wiki/%EC%84%B1%EB%B2%BD/%EC%98%A8%EC%B2%9C%EC%A7%80,본문/시/오장환 - 온천지 (1937-01-01).txt
시계열,1937-01-01,수록 문집 간행 연도,시,우기,오장환,121,https://ko.wikisource.org/wiki/%EC%84%B1%EB%B2%BD/%EC%9A%B0%EA%B8%B0,본문/시/오장환 - 우기 (1937-01-01).txt
시계열,1937-01-01,수록 문집 간행 연도,시,월향구천곡,오장환,619,https://ko.wikisource.org/wiki/%EC%84%B1%EB%B2%BD/%EC%9B%94%ED%96%A5%EA%B5%AC%EC%B2%9C%EA%B3%A1,본문/시/오장환 - 월향구천곡 (1937-01-01).txt
시계열,1937-01-01,발표 연도,단편소설,임장군,김동인,8941,https://ko.wikisource.org/wiki/%EB%8F%99%EC%9D%B8%EC%82%AC%EB%8B%B4%EC%A7%91_4/%EC%9E%84%EC%9E%A5%EA%B5%B0,본문/단편소설/김동인 - 임장군 (1937-01-01).txt
시계열,1937-01-01,수록 문집 간행 연도,시,전설,오장환,93,https://ko.wikisource.org/wiki/%EC%84%B1%EB%B2%BD/%EC%A0%84%EC%84%A4,본문/시/오장환 - 전설 (1937-01-01).txt
시계열,1937-01-01,저자 문서 발표 연도,소설,정분,김유정,6290,https://ko.wikisource.org/wiki/%EC%A0%95%EB%B6%84,본문/소설/김유정 - 정분 (1937-01-01).txt
시계열,1937-01-01,저자 문서 발표 연도,수필,질투의 반군성,이육사,1585,https://ko.wikisource.org/wiki/%EC%A7%88%ED%88%AC%EC%9D%98_%EB%B0%98%EA%B5%B0%EC%84%B1,본문/수필/이육사 - 질투의 반군성 (1937-01-01).txt
시계열,1937-01-01,발표 연도,장편소설,철혈미인,한용운,10117,https://ko.wikisource.org/wiki/%EC%B2%A0%ED%98%88%EB%AF%B8%EC%9D%B8,본문/장편소설/한용운 - 철혈미인 (1937-01-01).txt
시계열,1937-01-01,발표 연도,기타,해동염사,차상찬,1154,https://ko.wikisource.org/wiki/%ED%95%B4%EB%8F%99%EC%97%BC%EC%82%AC,본문/기타/차상찬 - 해동염사 (1937-01-01).txt
시계열,1937-01-01,수록 문집 간행 연도,시,해수,오장환,1994,https://ko.wikisource.org/wiki/%EC%84%B1%EB%B2%BD/%ED%95%B4%EC%88%98,본문/시/오장환 - 해수 (1937-01-01).txt
시계열,1937-01-01,수록 문집 간행 연도,시,해항도,오장환,828,https://ko.wikisource.org/wiki/%EC%84%B1%EB%B2%BD/%ED%95%B4%ED%95%AD%EB%8F%84,본문/시/오장환 - 해항도 (1937-01-01).txt
시계열,1937-01-01,수록 문집 간행 연도,시,향수,오장환,601,https://ko.wikisource.org/wiki/%EC%84%B1%EB%B2%BD/%ED%96%A5%EC%88%98,본문/시/오장환 - 향수 (1937-01-01).txt
시계열,1937-01-01,수록 문집 간행 연도,시,호수,오장환,427,https://ko.wikisource.org/wiki/%EC%84%B1%EB%B2%BD/%ED%98%B8%EC%88%98,본문/시/오장환 - 호수 (1937-01-01).txt
시계열,1937-01-01,수록 문집 간행 연도,시,화원,오장환,178,https://ko.wikisource.org/wiki/%EC%84%B1%EB%B2%BD/%ED%99%94%EC%9B%90,본문/시/오장환 - 화원 (1937-01-01).txt
시계열,1937-01-01,수록 문집 간행 연도,시,황혼,오장환,542,https://ko.wikisource.org/wiki/%EC%84%B1%EB%B2%BD/%ED%99%A9%ED%98%BC,본문/시/오장환 - 황혼 (1937-01-01).txt
시계열,1937-01-01,발표 연도,단편소설,후백제 비화,윤백남,12856,https://ko.wikisource.org/wiki/%ED%9B%84%EB%B0%B1%EC%A0%9C%EB%B9%84%ED%99%94,본문/단편소설/윤백남 - 후백제 비화 (1937-01-01).txt
시계열,1937-02-01,발표 월,단편소설,동해,이상,13095,https://ko.wikisource.org/wiki/%EB%8F%99%ED%95%B4,본문/단편소설/이상 - 동해 (1937-02-01).txt
시계열,1937-02-01,발표 월,단편소설,따라지,김유정,13850,https://ko.wikisource.org/wiki/%EB%94%B0%EB%9D%BC%EC%A7%80,본문/단편소설/김유정 - 따라지 (1937-02-01).txt
시계열,1937-02-01,발표 월,단편소설,땡볕,김유정,4589,https://ko.wikisource.org/wiki/%EB%95%A1%EB%B3%95,본문/단편소설/김유정 - 땡볕 (1937-02-01).txt
시계열,1937-02-01,발표 월,단편소설,어전(御前)의 고마운 쥐,김동인,10330,https://ko.wikisource.org/wiki/%EB%8F%99%EC%9D%B8%EC%82%AC%EB%8B%B4%EC%A7%91_4/%EC%96%B4%EC%A0%84%EC%9D%98_%EA%B3%A0%EB%A7%88%EC%9A%B4_%EC%A5%90,본문/단편소설/김동인 - 어전(御前)의 고마운 쥐 (1937-02-01).txt
시계열,1937-03-01,발표 월,단편소설,남매,김남천,12741,https://ko.wikisource.org/wiki/%EB%82%A8%EB%A7%A4,본문/단편소설/김남천 - 남매 (1937-03-01).txt
시계열,1937-03-01,발표 월,수필,종아리 맞은 이야기,홍난파,965,https://ko.wikisource.org/wiki/%EC%A2%85%EC%95%84%EB%A6%AC_%EB%A7%9E%EC%9D%80_%EC%9D%B4%EC%95%BC%EA%B8%B0,본문/수필/홍난파 - 종아리 맞은 이야기 (1937-03-01).txt
시계열,1937-03-05,발표일,단편소설,황소와 도깨비 [동화(童話)],이상,6256,https://ko.wikisource.org/wiki/%ED%99%A9%EC%86%8C%EC%99%80_%EB%8F%84%EA%B9%A8%EB%B9%84,본문/단편소설/이상 - 황소와 도깨비 [동화(童話)] (1937-03-05).txt
시계열,1937-03-18,발표일,서간,필승전,김유정,583,https://ko.wikisource.org/wiki/%ED%95%84%EC%8A%B9%EC%A0%84,본문/서간/김유정 - 필승전 (1937-03-18).txt
시계열,1937-04-01,발표 월,수필,19세기식,이상,1065,https://ko.wikisource.org/wiki/19%EC%84%B8%EA%B8%B0%EC%8B%9D,본문/수필/이상 - 19세기식 (1937-04-01).txt
시계열,1937-04-01,발표 월,시,해조사,이육사,764,https://ko.wikisource.org/wiki/%ED%95%B4%EC%A1%B0%EC%82%AC,본문/시/이육사 - 해조사 (1937-04-01).txt
시계열,1937-04-16,발표일,소설,귀여운 소녀,찰스 디킨스,8637,https://ko.wikisource.org/wiki/%EA%B7%80%EC%97%AC%EC%9A%B4_%EC%86%8C%EB%85%80,본문/소설/찰스 디킨스 - 귀여운 소녀 (1937-04-16).txt
시계열,1937-04-25,발표일,단편소설,공포의 기록,이상,7260,https://ko.wikisource.org/wiki/%EA%B3%B5%ED%8F%AC%EC%9D%98_%EA%B8%B0%EB%A1%9D,본문/단편소설/이상 - 공포의 기록 (1937-04-25).txt
시계열,1937-05-01,발표 월,수필,마음에 남는 풍경,이효석,1364,https://ko.wikisource.org/wiki/%EB%A7%88%EC%9D%8C%EC%97%90_%EB%82%A8%EC%9D%80_%ED%92%8D%EA%B2%BD,본문/수필/이효석 - 마음에 남는 풍경 (1937-05-01).txt
시계열,1937-05-01,발표 월,단편소설,종생기,이상,14735,https://ko.wikisource.org/wiki/%EC%A2%85%EC%83%9D%EA%B8%B0,본문/단편소설/이상 - 종생기 (1937-05-01).txt
시계열,1937-05-04,발표일,수필,권태,이상,7928,https://ko.wikisource.org/wiki/%EA%B6%8C%ED%83%9C,본문/수필/이상 - 권태 (1937-05-04).txt
시계열,1937-06-01,발표 월,단편소설,가지말게,백신애,1457,https://ko.wikisource.org/wiki/%EA%B0%80%EC%A7%80%EB%A7%90%EA%B2%8C,본문/단편소설/백신애 - 가지말게 (1937-06-01).txt
시계열,1937-06-01,발표 월,소설,백가면,김내성,51693,https://ko.wikisource.org/wiki/%EB%B0%B1%EA%B0%80%EB%A9%B4,본문/소설/김내성 - 백가면 (1937-06-01).txt
시계열,1937-06-01,발표 월,소설,슬픈 이야기,이상,5654,https://ko.wikisource.org/wiki/%EC%8A%AC%ED%94%88_%EC%9D%B4%EC%95%BC%EA%B8%B0_%28%EC%9D%B4%EC%83%81%29,본문/소설/이상 - 슬픈 이야기 (1937-06-01).txt
시계열,1937-06-01,발표 월,중편소설,처를 때리고,김남천,14506,https://ko.wikisource.org/wiki/%EC%B2%98%EB%A5%BC_%EB%95%8C%EB%A6%AC%EA%B3%A0,본문/중편소설/김남천 - 처를 때리고 (1937-06-01).txt
시계열,1937-07-01,발표 월,단편소설,아씨와 안잠이,윤기정,9759,https://ko.wikisource.org/wiki/%EC%95%84%EC%94%A8%EC%99%80_%EC%95%88%EC%9E%A0%EC%9D%B4,본문/단편소설/윤기정 - 아씨와 안잠이 (1937-07-01).txt
시계열,1937-07-01,발표 월,소설,젊은 용사(勇士)들,김동인,28170,https://ko.wikisource.org/wiki/%EC%A0%8A%EC%9D%80_%EC%9A%A9%EC%82%AC%EB%93%A4,본문/소설/김동인 - 젊은 용사(勇士)들 (1937-07-01).txt
시계열,1937-07-01,발표 월,수필,조어찬,계용묵,2168,https://ko.wikisource.org/wiki/%EC%83%81%EC%95%84%ED%83%91/%EC%A1%B0%EC%96%B4%EC%B0%AC,본문/수필/계용묵 - 조어찬 (1937-07-01).txt
시계열,1937-07-26,발표일,시,그 여자,윤동주,59,https://ko.wikisource.org/wiki/%ED%95%98%EB%8A%98%EA%B3%BC_%EB%B0%94%EB%9E%8C%EA%B3%BC_%EB%B3%84%EA%B3%BC_%EC%8B%9C_%281979%EB%85%84%29/%EA%B7%B8_%EC%97%AC%EC%9E%90,본문/시/윤동주 - 그 여자 (1937-07-26).txt
시계열,1937-08-03,발표일,수필,문외한(門外漢)의 수첩,이육사,4010,https://ko.wikisource.org/wiki/%EB%AC%B8%EC%99%B8%ED%95%9C%EC%9D%98_%EC%88%98%EC%B2%A9,본문/수필/이육사 - 문외한(門外漢)의 수첩 (1937-08-03).txt
시계열,1937-08-18,발표일,시,비애,윤동주,77,https://ko.wikisource.org/wiki/%ED%95%98%EB%8A%98%EA%B3%BC_%EB%B0%94%EB%9E%8C%EA%B3%BC_%EB%B3%84%EA%B3%BC_%EC%8B%9C_%281979%EB%85%84%29/%EB%B9%84%EC%95%A0,본문/시/윤동주 - 비애 (1937-08-18).txt
시계열,1937-10-01,발표 월,수필,어머니와 딸,나혜석,6249,https://ko.wikisource.org/wiki/%EC%96%B4%EB%A8%B8%EB%8B%88%EC%99%80_%EB%94%B8_%28%EB%82%98%ED%98%9C%EC%84%9D%29,본문/수필/나혜석 - 어머니와 딸 (1937-10-01).txt
시계열,1937-10-01,발표 월,시,파첩,이상,1057,https://ko.wikisource.org/wiki/%ED%8C%8C%EC%B2%A9,본문/시/이상 - 파첩 (1937-10-01).txt
시계열,1937-10-12,발표일,장편소설,탁류,채만식,309671,https://ko.wikisource.org/wiki/%ED%83%81%EB%A5%98,본문/장편소설/채만식 - 탁류 (1937-10-12).txt
시계열,1937-10-24,창작일,시,유언,윤동주,118,https://ko.wikisource.org/wiki/%ED%95%98%EB%8A%98%EA%B3%BC_%EB%B0%94%EB%9E%8C%EA%B3%BC_%EB%B3%84%EA%B3%BC_%EC%8B%9C_%281948%EB%85%84%29/%EC%9C%A0%EC%96%B8,본문/시/윤동주 - 유언 (1937-10-24).txt
시계열,1937-11-01,발표 월,단편소설,마약,강경애,6007,https://ko.wikisource.org/wiki/%EB%A7%88%EC%95%BD,본문/단편소설/강경애 - 마약 (1937-11-01).txt
시계열,1937-11-01,발표일,소설,황금굴,김내성,35151,https://ko.wikisource.org/wiki/%ED%99%A9%EA%B8%88%EA%B5%B4,본문/소설/김내성 - 황금굴 (1937-11-01).txt
시계열,1937-12-01,발표 월,단편소설,광공자,김동인,11923,https://ko.wikisource.org/wiki/%EB%8F%99%EC%9D%B8%EC%82%AC%EB%8B%B4%EC%A7%91_3/%EA%B4%91%EA%B3%B5%EC%9E%90,본문/단편소설/김동인 - 광공자 (1937-12-01).txt
시계열,1937-12-01,발표 월,시,노정기,이육사,311,https://ko.wikisource.org/wiki/%EB%85%B8%EC%A0%95%EA%B8%B0,본문/시/이육사 - 노정기 (1937-12-01).txt
시계열,1937-12-01,발표 월,수필,정원의 실패,홍난파,438,https://ko.wikisource.org/wiki/%EC%A0%95%EC%9B%90%EC%9D%98_%EC%8B%A4%ED%8C%A8,본문/수필/홍난파 - 정원의 실패 (1937-12-01).txt
시계열,1937-12-01,발표 월,단편소설,칠휴(七休)의 삼배주,김동인,2318,https://ko.wikisource.org/wiki/%EB%8F%99%EC%9D%B8%EC%82%AC%EB%8B%B4%EC%A7%91_4/%EC%B9%A0%ED%9C%B4%EC%9D%98_%EC%82%BC%EB%B0%B0%EC%A3%BC,본문/단편소설/김동인 - 칠휴(七休)의 삼배주 (1937-12-01).txt
시계열,1937-12-23,창작일,평론,정축년 시단 회고,박용철,6196,https://ko.wikisource.org/wiki/%EB%B0%95%EC%9A%A9%EC%B2%A0_%EC%82%B0%EB%AC%B8%EC%A7%91/%EC%A0%95%EC%B6%95%EB%85%84_%EC%8B%9C%EB%8B%A8_%ED%9A%8C%EA%B3%A0,본문/평론/박용철 - 정축년 시단 회고 (1937-12-23).txt
시계열,1938-01-01,발표 연도,수필,1만 달러의 두발,홍난파,127,https://ko.wikisource.org/wiki/%EC%9D%8C%EC%95%85%EB%A7%8C%ED%95%84/1%EB%A7%8C_%EB%8B%AC%EB%9F%AC%EC%9D%98_%EB%91%90%EB%B0%9C,본문/수필/홍난파 - 1만 달러의 두발 (1938-01-01).txt
시계열,1938-01-01,발표 연도,수필,1인 2중주,홍난파,238,https://ko.wikisource.org/wiki/%EC%9D%8C%EC%95%85%EB%A7%8C%ED%95%84/1%EC%9D%B8_2%EC%A4%91%EC%A3%BC,본문/수필/홍난파 - 1인 2중주 (1938-01-01).txt
시계열,1938-01-01,발표 연도,수필,30만원의 바이올린,홍난파,206,https://ko.wikisource.org/wiki/%EC%9D%8C%EC%95%85%EB%A7%8C%ED%95%84/30%EB%A7%8C%EC%9B%90%EC%9D%98_%EB%B0%94%EC%9D%B4%EC%98%AC%EB%A6%B0,본문/수필/홍난파 - 30만원의 바이올린 (1938-01-01).txt
시계열,1938-01-01,발표 연도,수필,"3B, 3S, 3M",홍난파,263,https://ko.wikisource.org/wiki/%EC%9D%8C%EC%95%85%EB%A7%8C%ED%95%84/3B%2C_3S%2C_3M,"본문/수필/홍난파 - 3B, 3S, 3M (1938-01-01).txt"
시계열,1938-01-01,발표 연도,수필,動物怪談[동물괴담],최남선,17659,https://ko.wikisource.org/wiki/%EB%8F%99%EB%AC%BC%EA%B4%B4%EB%8B%B4,본문/수필/최남선 - 動物怪談[동물괴담] (1938-01-01).txt
시계열,1938-01-01,수록 문집 간행 연도,시,後書,임화,1283,https://ko.wikisource.org/wiki/%ED%98%84%ED%95%B4%ED%83%84/%ED%9B%84%EC%84%9C,본문/시/임화 - 後書 (1938-01-01).txt
시계열,1938-01-01,발표 월,수필,抒情詩(서정시)의 孤高(고고)한 길,박용철,3974,https://ko.wikisource.org/wiki/%EB%B0%95%EC%9A%A9%EC%B2%A0_%EC%82%B0%EB%AC%B8%EC%A7%91/%EC%8B%9C%EC%A0%81_%EB%B3%80%EC%9A%A9%EC%97%90_%EB%8C%80%ED%95%B4%EC%84%9C,본문/수필/박용철 - 抒情詩(서정시)의 孤高(고고)한 길 (1938-01-01).txt
시계열,1938-01-01,발표 연도,수필,朝鮮文化는 世界文化의 一輪,이육사,715,https://ko.wikisource.org/wiki/%EC%A1%B0%EC%84%A0_%EB%AC%B8%ED%99%94%EB%8A%94_%EC%84%B8%EA%B3%84_%EB%AC%B8%ED%99%94%EC%9D%98_%EC%9D%BC%EB%A5%9C,본문/수필/이육사 - 朝鮮文化는 世界文化의 一輪 (1938-01-01).txt
시계열,1938-01-01,발표 연도,수필,變化怪談[변화괴담],최남선,25313,https://ko.wikisource.org/wiki/%EB%B3%80%ED%99%94%EA%B4%B4%EB%8B%B4,본문/수필/최남선 - 變化怪談[변화괴담] (1938-01-01).txt
시계열,1938-01-01,발표 연도,수필,가극왕 와그너,홍난파,4161,https://ko.wikisource.org/wiki/%EA%B0%80%EA%B7%B9%EC%99%95_%EB%B0%94%EA%B7%B8%EB%84%88,본문/수필/홍난파 - 가극왕 와그너 (1938-01-01).txt
시계열,1938-01-01,저자 문서 발표 연도,단편소설,가두,김동인,7165,https://ko.wikisource.org/wiki/%EA%B0%80%EB%91%90,본문/단편소설/김동인 - 가두 (1938-01-01).txt
시계열,1938-01-01,저자 문서 발표 연도,단편소설,가신 어머님,김동인,9731,https://ko.wikisource.org/wiki/%EA%B0%80%EC%8B%A0_%EC%96%B4%EB%A8%B8%EB%8B%88,본문/단편소설/김동인 - 가신 어머님 (1938-01-01).txt
시계열,1938-01-01,발표 연도,단편소설,가애자,김남천,11627,https://ko.wikisource.org/wiki/%EA%B0%80%EC%95%A0%EC%9E%90,본문/단편소설/김남천 - 가애자 (1938-01-01).txt
시계열,1938-01-01,수록 문집 간행 연도,시,가을날,노천명,163,https://ko.wikisource.org/wiki/%EC%82%B0%ED%98%B8%EB%A6%BC/%EA%B0%80%EC%9D%84%EB%82%A0,본문/시/노천명 - 가을날 (1938-01-01).txt
시계열,1938-01-01,수록 문집 간행 연도,시,가을바람,임화,672,https://ko.wikisource.org/wiki/%ED%98%84%ED%95%B4%ED%83%84/%EA%B0%80%EC%9D%84_%EB%B0%94%EB%9E%8C,본문/시/임화 - 가을바람 (1938-01-01).txt
시계열,1938-01-01,수록 문집 간행 연도,시,가을의 구도,노천명,146,https://ko.wikisource.org/wiki/%EC%82%B0%ED%98%B8%EB%A6%BC/%EA%B0%80%EC%9D%84%EC%9D%98_%EA%B5%AC%EB%8F%84,본문/시/노천명 - 가을의 구도 (1938-01-01).txt
시계열,1938-01-01,발표 월,기타,각시풀,홍사용,211,https://ko.wikisource.org/wiki/%EA%B0%81%EC%8B%9C%ED%92%80,본문/기타/홍사용 - 각시풀 (1938-01-01).txt
시계열,1938-01-01,발표 연도,수필,간부의 남편,홍난파,250,https://ko.wikisource.org/wiki/%EC%9D%8C%EC%95%85%EB%A7%8C%ED%95%84/%EA%B0%84%EB%B6%80%EC%9D%98_%EB%82%A8%ED%8E%B8,본문/수필/홍난파 - 간부의 남편 (1938-01-01).txt
시계열,1938-01-01,발표 연도,시,강 건너간 노래,이육사,188,https://ko.wikisource.org/wiki/%EA%B0%95_%EA%B1%B4%EB%84%88%EA%B0%84_%EB%85%B8%EB%9E%98,본문/시/이육사 - 강 건너간 노래 (1938-01-01).txt
시계열,1938-01-01,수록 문집 간행 연도,시,강(江)가로 가자,임화,521,https://ko.wikisource.org/wiki/%ED%98%84%ED%95%B4%ED%83%84/%EA%B0%95%EA%B0%80%EB%A1%9C_%EA%B0%80%EC%9E%90,본문/시/임화 - 강(江)가로 가자 (1938-01-01).txt
시계열,1938-01-01,저자 문서 발표 연도,장편소설,거리의 목가,이효석,36579,https://ko.wikisource.org/wiki/%EA%B1%B0%EB%A6%AC%EC%9D%98_%EB%AA%A9%EA%B0%80,본문/장편소설/이효석 - 거리의 목가 (1938-01-01).txt
시계열,1938-01-01,수록 문집 간행 연도,단편소설,거초(巨礎) 꺾일 때,김동인,8227,https://ko.wikisource.org/wiki/%EB%8F%99%EC%9D%B8%EC%82%AC%EB%8B%B4%EC%A7%91_2/%EA%B1%B0%EC%B4%88_%EA%BA%BE%EC%9D%BC_%EB%95%8C,본문/단편소설/김동인 - 거초(巨礎) 꺾일 때 (1938-01-01).txt
시계열,1938-01-01,발표 연도,수필,계절의 오행,이육사,7501,https://ko.wikisource.org/wiki/%EA%B3%84%EC%A0%88%EC%9D%98_%EC%98%A4%ED%96%89,본문/수필/이육사 - 계절의 오행 (1938-01-01).txt
시계열,1938-01-01,수록 문집 간행 연도,시,고궁,노천명,116,https://ko.wikisource.org/wiki/%EC%82%B0%ED%98%B8%EB%A6%BC/%EA%B3%A0%EA%B6%81,본문/시/노천명 - 고궁 (1938-01-01).txt
시계열,1938-01-01,수록 문집 간행 연도,단편소설,고달산,김동인,5767,https://ko.wikisource.org/wiki/%EB%8F%99%EC%9D%B8%EC%82%AC%EB%8B%B4%EC%A7%91_3/%EA%B3%A0%EB%8B%AC%EC%82%B0,본문/단편소설/김동인 - 고달산 (1938-01-01).txt
시계열,1938-01-01,수록 문집 간행 연도,시,고독,노천명,134,https://ko.wikisource.org/wiki/%EC%82%B0%ED%98%B8%EB%A6%BC/%EA%B3%A0%EB%8F%85,본문/시/노천명 - 고독 (1938-01-01).txt
시계열,1938-01-01,수록 문집 간행 연도,시,고향(故鄕)을 지나며,임화,713,https://ko.wikisource.org/wiki/%ED%98%84%ED%95%B4%ED%83%84/%EA%B3%A0%ED%96%A5%EC%9D%84_%EC%A7%80%EB%82%98%EB%A9%B0,본문/시/임화 - 고향(故鄕)을 지나며 (1938-01-01).txt
시계열,1938-01-01,수록 문집 간행 연도,시,골프장,임화,1292,https://ko.wikisource.org/wiki/%ED%98%84%ED%95%B4%ED%83%84/%EA%B3%A8%ED%94%84%EC%9E%A5,본문/시/임화 - 골프장 (1938-01-01).txt
시계열,1938-01-01,발표 연도,수필,과도의 예우,홍난파,301,https://ko.wikisource.org/wiki/%EC%9D%8C%EC%95%85%EB%A7%8C%ED%95%84/%EA%B3%BC%EB%8F%84%EC%9D%98_%EC%98%88%EC%9A%B0,본문/수필/홍난파 - 과도의 예우 (1938-01-01).txt
시계열,1938-01-01,발표 연도,수필,관극료 6만 달러,홍난파,436,https://ko.wikisource.org/wiki/%EC%9D%8C%EC%95%85%EB%A7%8C%ED%95%84/%EA%B4%80%EA%B7%B9%EB%A3%8C_6%EB%A7%8C_%EB%8B%AC%EB%9F%AC,본문/수필/홍난파 - 관극료 6만 달러 (1938-01-01).txt
시계열,1938-01-01,발표 연도,수필,관대한 찬사,홍난파,242,https://ko.wikisource.org/wiki/%EC%9D%8C%EC%95%85%EB%A7%8C%ED%95%84/%EA%B4%80%EB%8C%80%ED%95%9C_%EC%B0%AC%EC%82%AC,본문/수필/홍난파 - 관대한 찬사 (1938-01-01).txt
시계열,1938-01-01,수록 문집 간행 연도,시,교정,노천명,204,https://ko.wikisource.org/wiki/%EC%82%B0%ED%98%B8%EB%A6%BC/%EA%B5%90%EC%A0%95,본문/시/노천명 - 교정 (1938-01-01).txt
시계열,1938-01-01,발표 연도,수필,구두시험,홍난파,98,https://ko.wikisource.org/wiki/%EC%9D%8C%EC%95%85%EB%A7%8C%ED%95%84/%EA%B5%AC%EB%91%90%EC%8B%9C%ED%97%98,본문/수필/홍난파 - 구두시험 (1938-01-01).txt
시계열,1938-01-01,수록 문집 간행 연도,시,구름같이,노천명,186,https://ko.wikisource.org/wiki/%EC%82%B0%ED%98%B8%EB%A6%BC/%EA%B5%AC%EB%A6%84%EA%B0%99%EC%9D%B4,본문/시/노천명 - 구름같이 (1938-01-01).txt
시계열,1938-01-01,수록 문집 간행 연도,시,구름은 나의 종복(從僕)이다,임화,1051,https://ko.wikisource.org/wiki/%ED%98%84%ED%95%B4%ED%83%84/%EA%B5%AC%EB%A6%84%EC%9D%80_%EB%82%98%EC%9D%98_%EC%A2%85%EB%B3%B5%EC%9D%B4%EB%8B%A4,본문/시/임화 - 구름은 나의 종복(從僕)이다 (1938-01-01).txt
시계열,1938-01-01,발표 연도,수필,구미의 저명한 실내악단,홍난파,757,https://ko.wikisource.org/wiki/%EC%9D%8C%EC%95%85%EB%A7%8C%ED%95%84/%EA%B5%AC%EB%AF%B8%EC%9D%98_%EC%A0%80%EB%AA%85%ED%95%9C_%EC%8B%A4%EB%82%B4%EC%95%85%EB%8B%A8,본문/수필/홍난파 - 구미의 저명한 실내악단 (1938-01-01).txt
시계열,1938-01-01,발표 연도,수필,구원된 명기,홍난파,536,https://ko.wikisource.org/wiki/%EC%9D%8C%EC%95%85%EB%A7%8C%ED%95%84/%EA%B5%AC%EC%9B%90%EB%90%9C_%EB%AA%85%EA%B8%B0,본문/수필/홍난파 - 구원된 명기 (1938-01-01).txt
시계열,1938-01-01,수록 문집 간행 연도,시,국경(​國境)의 밤,노천명,108,https://ko.wikisource.org/wiki/%EC%82%B0%ED%98%B8%EB%A6%BC/%EA%B5%AD%EA%B2%BD%EC%9D%98_%EB%B0%A4,본문/시/노천명 - 국경(​國境)의 밤 (1938-01-01).txt
시계열,1938-01-01,수록 문집 간행 연도,시,국화제,노천명,336,https://ko.wikisource.org/wiki/%EC%82%B0%ED%98%B8%EB%A6%BC/%EA%B5%AD%ED%99%94%EC%A0%9C,본문/시/노천명 - 국화제 (1938-01-01).txt
시계열,1938-01-01,수록 문집 간행 연도,시,귀뚜라미,노천명,89,https://ko.wikisource.org/wiki/%EC%82%B0%ED%98%B8%EB%A6%BC/%EA%B7%80%EB%9A%9C%EB%9D%BC%EB%AF%B8,본문/시/노천명 - 귀뚜라미 (1938-01-01).txt
시계열,1938-01-01,발표 연도,수필,그 心理的[심리적] 基礎[기초],최남선,1165,https://ko.wikisource.org/wiki/%EA%B7%B8_%EC%8B%AC%EB%A6%AC%EC%A0%81_%EA%B8%B0%EC%B4%88,본문/수필/최남선 - 그 心理的[심리적] 基礎[기초] (1938-01-01).txt
시계열,1938-01-01,발표 연도,수필,극장에서 천당으로,홍난파,619,https://ko.wikisource.org/wiki/%EC%9D%8C%EC%95%85%EB%A7%8C%ED%95%84/%EA%B7%B9%EC%9E%A5%EC%97%90%EC%84%9C_%EC%B2%9C%EB%8B%B9%EC%9C%BC%EB%A1%9C,본문/수필/홍난파 - 극장에서 천당으로 (1938-01-01).txt
시계열,1938-01-01,발표 연도,수필,극장으로,홍난파,755,https://ko.wikisource.org/wiki/%EC%9D%8C%EC%95%85%EB%A7%8C%ED%95%84/%EA%B7%B9%EC%9E%A5%EC%9C%BC%EB%A1%9C,본문/수필/홍난파 - 극장으로 (1938-01-01).txt
시계열,1938-01-01,발표 연도,수필,기막힌 이야기,홍난파,214,https://ko.wikisource.org/wiki/%EC%9D%8C%EC%95%85%EB%A7%8C%ED%95%84/%EA%B8%B0%EB%A7%89%ED%9E%8C_%EC%9D%B4%EC%95%BC%EA%B8%B0,본문/수필/홍난파 - 기막힌 이야기 (1938-01-01).txt
시계열,1938-01-01,발표 연도,수필,기막힌 절평,홍난파,185,https://ko.wikisource.org/wiki/%EC%9D%8C%EC%95%85%EB%A7%8C%ED%95%84/%EA%B8%B0%EB%A7%89%ED%9E%8C_%EC%A0%88%ED%8F%89,본문/수필/홍난파 - 기막힌 절평 (1938-01-01).txt
시계열,1938-01-01,수록 문집 간행 연도,단편소설,깨어진 물동이,김동인,13615,https://ko.wikisource.org/wiki/%EB%8F%99%EC%9D%B8%EC%82%AC%EB%8B%B4%EC%A7%91_3/%EA%B9%A8%EC%96%B4%EC%A7%84_%EB%AC%BC%EB%8F%99%EC%9D%B4,본문/단편소설/김동인 - 깨어진 물동이 (1938-01-01).txt
시계열,1938-01-01,수록 문집 간행 연도,시,나는 못 믿겠노라,임화,2104,https://ko.wikisource.org/wiki/%ED%98%84%ED%95%B4%ED%83%84/%EB%82%98%EB%8A%94_%EB%AA%BB_%EB%AF%BF%EA%B2%A0%EB%85%B8%EB%9D%BC,본문/시/임화 - 나는 못 믿겠노라 (1938-01-01).txt
시계열,1938-01-01,발표 연도,수필,나비부인,홍난파,1060,https://ko.wikisource.org/wiki/%EC%9D%8C%EC%95%85%EB%A7%8C%ED%95%84/%EB%82%98%EB%B9%84%EB%B6%80%EC%9D%B8,본문/수필/홍난파 - 나비부인 (1938-01-01).txt
시계열,1938-01-01,발표 연도,수필,날아갔습니다,홍난파,274,https://ko.wikisource.org/wiki/%EC%9D%8C%EC%95%85%EB%A7%8C%ED%95%84/%EB%82%A0%EC%95%84%EA%B0%94%EC%8A%B5%EB%8B%88%EB%8B%A4,본문/수필/홍난파 - 날아갔습니다 (1938-01-01).txt
시계열,1938-01-01,수록 문집 간행 연도,시,낮,임화,1129,https://ko.wikisource.org/wiki/%ED%98%84%ED%95%B4%ED%83%84/%EB%82%AE,본문/시/임화 - 낮 (1938-01-01).txt
시계열,1938-01-01,수록 문집 간행 연도,시,낯선 거리,노천명,118,https://ko.wikisource.org/wiki/%EC%82%B0%ED%98%B8%EB%A6%BC/%EB%82%AF%EC%84%A0_%EA%B1%B0%EB%A6%AC,본문/시/노천명 - 낯선 거리 (1938-01-01).txt
시계열,1938-01-01,발표 연도,수필,내 노래를,홍난파,210,https://ko.wikisource.org/wiki/%EC%9D%8C%EC%95%85%EB%A7%8C%ED%95%84/%EB%82%B4_%EB%85%B8%EB%9E%98%EB%A5%BC,본문/수필/홍난파 - 내 노래를 (1938-01-01).txt
시계열,1938-01-01,수록 문집 간행 연도,시,내 청춘(靑春)에 바치노라,임화,412,https://ko.wikisource.org/wiki/%ED%98%84%ED%95%B4%ED%83%84/%EB%82%B4_%EC%B2%AD%EC%B6%98%EC%97%90_%EB%B0%94%EC%B9%98%EB%85%B8%EB%9D%BC,본문/시/임화 - 내 청춘(靑春)에 바치노라 (1938-01-01).txt
시계열,1938-01-01,수록 문집 간행 연도,시,너 하나 때문에,임화,253,https://ko.wikisource.org/wiki/%ED%98%84%ED%95%B4%ED%83%84/%EB%84%88_%ED%95%98%EB%82%98_%EB%95%8C%EB%AC%B8%EC%97%90,본문/시/임화 - 너 하나 때문에 (1938-01-01).txt
시계열,1938-01-01,발표 연도,수필,너무 소인수,홍난파,162,https://ko.wikisource.org/wiki/%EC%9D%8C%EC%95%85%EB%A7%8C%ED%95%84/%EB%84%88%EB%AC%B4_%EC%86%8C%EC%9D%B8%EC%88%98,본문/수필/홍난파 - 너무 소인수 (1938-01-01).txt
시계열,1938-01-01,수록 문집 간행 연도,시,네거리의 순이,임화,890,https://ko.wikisource.org/wiki/%ED%98%84%ED%95%B4%ED%83%84/%EB%84%A4%EA%B1%B0%EB%A6%AC%EC%9D%98_%EC%88%9C%EC%9D%B4,본문/시/임화 - 네거리의 순이 (1938-01-01).txt
시계열,1938-01-01,수록 문집 간행 연도,시,네닢 크로버,노천명,220,https://ko.wikisource.org/wiki/%EC%82%B0%ED%98%B8%EB%A6%BC/%EB%84%A4%EC%9E%8E_%ED%81%AC%EB%A1%9C%EB%B2%84,본문/시/노천명 - 네닢 크로버 (1938-01-01).txt
시계열,1938-01-01,발표 연도,기타,노래를 불러주오,홍난파,102,https://ko.wikisource.org/wiki/%EB%85%B8%EB%9E%98%EB%A5%BC_%EB%B6%88%EB%9F%AC%EC%A3%BC%EC%98%A4,본문/기타/홍난파 - 노래를 불러주오 (1938-01-01).txt
시계열,1938-01-01,수록 문집 간행 연도,단편소설,눈 오는 대궐,김동인,7345,https://ko.wikisource.org/wiki/%EB%8F%99%EC%9D%B8%EC%82%AC%EB%8B%B4%EC%A7%91_1/%EB%88%88_%EC%98%A4%EB%8A%94_%EB%8C%80%EA%B6%90,본문/단편소설/김동인 - 눈 오는 대궐 (1938-01-01).txt
시계열,1938-01-01,수록 문집 간행 연도,시,눈물의 해협,임화,1154,https://ko.wikisource.org/wiki/%ED%98%84%ED%95%B4%ED%83%84/%EB%88%88%EB%AC%BC%EC%9D%98_%ED%95%B4%ED%98%91,본문/시/임화 - 눈물의 해협 (1938-01-01).txt
시계열,1938-01-01,수록 문집 간행 연도,시,다시 네거리에서,임화,1021,https://ko.wikisource.org/wiki/%ED%98%84%ED%95%B4%ED%83%84/%EB%8B%A4%EC%8B%9C_%EB%84%A4%EA%B1%B0%EB%A6%AC%EC%97%90%EC%84%9C,본문/시/임화 - 다시 네거리에서 (1938-01-01).txt
시계열,1938-01-01,수록 문집 간행 연도,시,다시 인젠 천공(天空)에 성좌(星座)가 있을 필요(必要)가 없다,임화,770,https://ko.wikisource.org/wiki/%ED%98%84%ED%95%B4%ED%83%84/%EB%8B%A4%EC%8B%9C_%EC%9D%B8%EC%A0%A0_%EC%B2%9C%EA%B3%B5%EC%97%90_%EC%84%B1%EC%A2%8C%EA%B0%80_%EC%9E%88%EC%9D%84_%ED%95%84%EC%9A%94%EA%B0%80_%EC%97%86%EB%8B%A4,본문/시/임화 - 다시 인젠 천공(天空)에 성좌(星座)가 있을 필요(必要)가 없다 (1938-01-01).txt
시계열,1938-01-01,수록 문집 간행 연도,시,단상,노천명,188,https://ko.wikisource.org/wiki/%EC%82%B0%ED%98%B8%EB%A6%BC/%EB%8B%A8%EC%83%81,본문/시/노천명 - 단상 (1938-01-01).txt
시계열,1938-01-01,발표 연도,수필,대가라고,홍난파,225,https://ko.wikisource.org/wiki/%EC%9D%8C%EC%95%85%EB%A7%8C%ED%95%84/%EB%8C%80%EA%B0%80%EB%9D%BC%EA%B3%A0,본문/수필/홍난파 - 대가라고 (1938-01-01).txt
시계열,1938-01-01,발표 연도,수필,대신의 증명,홍난파,403,https://ko.wikisource.org/wiki/%EC%9D%8C%EC%95%85%EB%A7%8C%ED%95%84/%EB%8C%80%EC%8B%A0%EC%9D%98_%EC%A6%9D%EB%AA%85,본문/수필/홍난파 - 대신의 증명 (1938-01-01).txt
시계열,1938-01-01,저자 문서 발표 연도,단편소설,대탕지 아주머니,김동인,11595,https://ko.wikisource.org/wiki/%EB%8C%80%ED%83%95%EC%A7%80_%EC%95%84%EC%A3%BC%EB%A8%B8%EB%8B%88,본문/단편소설/김동인 - 대탕지 아주머니 (1938-01-01).txt
시계열,1938-01-01,발표 연도,수필,돈견으로 상쟁,홍난파,354,https://ko.wikisource.org/wiki/%EC%9D%8C%EC%95%85%EB%A7%8C%ED%95%84/%EB%8F%88%EA%B2%AC%EC%9C%BC%EB%A1%9C_%EC%83%81%EC%9F%81,본문/수필/홍난파 - 돈견으로 상쟁 (1938-01-01).txt
시계열,1938-01-01,수록 문집 간행 연도,시,돌아오는 길,노천명,156,https://ko.wikisource.org/wiki/%EC%82%B0%ED%98%B8%EB%A6%BC/%EB%8F%8C%EC%95%84%EC%98%A4%EB%8A%94_%EA%B8%B8,본문/시/노천명 - 돌아오는 길 (1938-01-01).txt
시계열,1938-01-01,수록 문집 간행 연도,시,동경,노천명,139,https://ko.wikisource.org/wiki/%EC%82%B0%ED%98%B8%EB%A6%BC/%EB%8F%99%EA%B2%BD,본문/시/노천명 - 동경 (1938-01-01).txt
시계열,1938-01-01,발표 연도,수필,동전이 없습니다,홍난파,448,https://ko.wikisource.org/wiki/%EC%9D%8C%EC%95%85%EB%A7%8C%ED%95%84/%EB%8F%99%EC%A0%84%EC%9D%B4_%EC%97%86%EC%8A%B5%EB%8B%88%EB%8B%A4,본문/수필/홍난파 - 동전이 없습니다 (1938-01-01).txt
시계열,1938-01-01,수록 문집 간행 연도,시,들,임화,442,https://ko.wikisource.org/wiki/%ED%98%84%ED%95%B4%ED%83%84/%EB%93%A4,본문/시/임화 - 들 (1938-01-01).txt
시계열,1938-01-01,발표 연도,수필,마스카니의 제자,홍난파,853,https://ko.wikisource.org/wiki/%EC%9D%8C%EC%95%85%EB%A7%8C%ED%95%84/%EB%A7%88%EC%8A%A4%EC%B9%B4%EB%8B%88%EC%9D%98_%EC%A0%9C%EC%9E%90,본문/수필/홍난파 - 마스카니의 제자 (1938-01-01).txt
시계열,1938-01-01,발표 연도,수필,마왕의 작곡,홍난파,442,https://ko.wikisource.org/wiki/%EC%9D%8C%EC%95%85%EB%A7%8C%ED%95%84/%EB%A7%88%EC%99%95%EC%9D%98_%EC%9E%91%EA%B3%A1,본문/수필/홍난파 - 마왕의 작곡 (1938-01-01).txt
시계열,1938-01-01,수록 문집 간행 연도,시,만가,노천명,146,https://ko.wikisource.org/wiki/%EC%82%B0%ED%98%B8%EB%A6%BC/%EB%A7%8C%EA%B0%80,본문/시/노천명 - 만가 (1938-01-01).txt
시계열,1938-01-01,수록 문집 간행 연도,시,만월대,노천명,134,https://ko.wikisource.org/wiki/%EC%82%B0%ED%98%B8%EB%A6%BC/%EB%A7%8C%EC%9B%94%EB%8C%80,본문/시/노천명 - 만월대 (1938-01-01).txt
시계열,1938-01-01,수록 문집 간행 연도,시,말 않고 그저 가려오,노천명,268,https://ko.wikisource.org/wiki/%EC%82%B0%ED%98%B8%EB%A6%BC/%EB%A7%90_%EC%95%8A%EA%B3%A0_%EA%B7%B8%EC%A0%80_%EA%B0%80%EB%A0%A4%EC%98%A4,본문/시/노천명 - 말 않고 그저 가려오 (1938-01-01).txt
시계열,1938-01-01,발표 연도,수필,말보다 실행,홍난파,251,https://ko.wikisource.org/wiki/%EC%9D%8C%EC%95%85%EB%A7%8C%ED%95%84/%EB%A7%90%EB%B3%B4%EB%8B%A4_%EC%8B%A4%ED%96%89,본문/수필/홍난파 - 말보다 실행 (1938-01-01).txt
시계열,1938-01-01,수록 문집 간행 연도,시,맥진,노천명,210,https://ko.wikisource.org/wiki/%EC%82%B0%ED%98%B8%EB%A6%BC/%EB%A7%A5%EC%A7%84,본문/시/노천명 - 맥진 (1938-01-01).txt
시계열,1938-01-01,발표 연도,수필,모멸(侮蔑)의 서,이활,3272,https://ko.wikisource.org/wiki/%EB%AA%A8%EB%A9%B8%EC%9D%98_%EC%84%9C,본문/수필/이활 - 모멸(侮蔑)의 서 (1938-01-01).txt
시계열,1938-01-01,발표 연도,수필,모차르트의 실연,홍난파,174,https://ko.wikisource.org/wiki/%EC%9D%8C%EC%95%85%EB%A7%8C%ED%95%84/%EB%AA%A8%EC%B0%A8%EB%A5%B4%ED%8A%B8%EC%9D%98_%EC%8B%A4%EC%97%B0,본문/수필/홍난파 - 모차르트의 실연 (1938-01-01).txt
시계열,1938-01-01,발표 연도,수필,묘모의 흉식,홍난파,1396,https://ko.wikisource.org/wiki/%EC%9D%8C%EC%95%85%EB%A7%8C%ED%95%84/%EB%AC%98%EB%AA%A8%EC%9D%98_%ED%9D%89%EC%8B%9D,본문/수필/홍난파 - 묘모의 흉식 (1938-01-01).txt
시계열,1938-01-01,발표 연도,수필,문지기와의 대화,홍난파,267,https://ko.wikisource.org/wiki/%EC%9D%8C%EC%95%85%EB%A7%8C%ED%95%84/%EB%AC%B8%EC%A7%80%EA%B8%B0%EC%99%80%EC%9D%98_%EB%8C%80%ED%99%94,본문/수필/홍난파 - 문지기와의 대화 (1938-01-01).txt
시계열,1938-01-01,발표 연도,수필,문호 시성의 음악관,홍난파,749,https://ko.wikisource.org/wiki/%EC%9D%8C%EC%95%85%EB%A7%8C%ED%95%84/%EB%AC%B8%ED%98%B8_%EC%8B%9C%EC%84%B1%EC%9D%98_%EC%9D%8C%EC%95%85%EA%B4%80,본문/수필/홍난파 - 문호 시성의 음악관 (1938-01-01).txt
시계열,1938-01-01,발표 연도,수필,바그너와 13의 수,홍난파,532,https://ko.wikisource.org/wiki/%EC%9D%8C%EC%95%85%EB%A7%8C%ED%95%84/%EB%B0%94%EA%B7%B8%EB%84%88%EC%99%80_13%EC%9D%98_%EC%88%98,본문/수필/홍난파 - 바그너와 13의 수 (1938-01-01).txt
시계열,1938-01-01,수록 문집 간행 연도,시,바다에의 향수,노천명,198,https://ko.wikisource.org/wiki/%EC%82%B0%ED%98%B8%EB%A6%BC/%EB%B0%94%EB%8B%A4%EC%97%90%EC%9D%98_%ED%96%A5%EC%88%98,본문/시/노천명 - 바다에의 향수 (1938-01-01).txt
시계열,1938-01-01,수록 문집 간행 연도,시,바다의 찬가,임화,249,https://ko.wikisource.org/wiki/%ED%98%84%ED%95%B4%ED%83%84/%EB%B0%94%EB%8B%A4%EC%9D%98_%EC%B0%AC%EA%B0%80,본문/시/임화 - 바다의 찬가 (1938-01-01).txt
시계열,1938-01-01,발표 연도,장편소설,박명,한용운,276373,https://ko.wikisource.org/wiki/%EB%B0%95%EB%AA%85,본문/장편소설/한용운 - 박명 (1938-01-01).txt
시계열,1938-01-01,수록 문집 간행 연도,시,박쥐,노천명,223,https://ko.wikisource.org/wiki/%EC%82%B0%ED%98%B8%EB%A6%BC/%EB%B0%95%EC%A5%90,본문/시/노천명 - 박쥐 (1938-01-01).txt
시계열,1938-01-01,수록 문집 간행 연도,시,반려,노천명,80,https://ko.wikisource.org/wiki/%EC%82%B0%ED%98%B8%EB%A6%BC/%EB%B0%98%EB%A0%A4,본문/시/노천명 - 반려 (1938-01-01).txt
시계열,1938-01-01,수록 문집 간행 연도,시,밤 갑판(甲板) 위,임화,575,https://ko.wikisource.org/wiki/%ED%98%84%ED%95%B4%ED%83%84/%EB%B0%A4_%EA%B0%91%ED%8C%90_%EC%9C%84,본문/시/임화 - 밤 갑판(甲板) 위 (1938-01-01).txt
시계열,1938-01-01,수록 문집 간행 연도,시,밤의 찬미,노천명,172,https://ko.wikisource.org/wiki/%EC%82%B0%ED%98%B8%EB%A6%BC/%EB%B0%A4%EC%9D%98_%EC%B0%AC%EB%AF%B8,본문/시/노천명 - 밤의 찬미 (1938-01-01).txt
시계열,1938-01-01,수록 문집 간행 연도,시,밤차,노천명,126,https://ko.wikisource.org/wiki/%EC%82%B0%ED%98%B8%EB%A6%BC/%EB%B0%A4%EC%B0%A8,본문/시/노천명 - 밤차 (1938-01-01).txt
시계열,1938-01-01,발표 연도,수필,방송료 5만원,홍난파,198,https://ko.wikisource.org/wiki/%EC%9D%8C%EC%95%85%EB%A7%8C%ED%95%84/%EB%B0%A9%EC%86%A1%EB%A3%8C_5%EB%A7%8C%EC%9B%90,본문/수필/홍난파 - 방송료 5만원 (1938-01-01).txt
시계열,1938-01-01,수록 문집 간행 연도,시,벌레,임화,479,https://ko.wikisource.org/wiki/%ED%98%84%ED%95%B4%ED%83%84/%EB%B2%8C%EB%A0%88,본문/시/임화 - 벌레 (1938-01-01).txt
시계열,1938-01-01,발표 연도,수필,벨리니의 비련,홍난파,1705,https://ko.wikisource.org/wiki/%EC%9D%8C%EC%95%85%EB%A7%8C%ED%95%84/%EB%B2%A8%EB%A6%AC%EB%8B%88%EC%9D%98_%EB%B9%84%EB%A0%A8,본문/수필/홍난파 - 벨리니의 비련 (1938-01-01).txt
시계열,1938-01-01,수록 문집 간행 연도,시,보리,노천명,127,https://ko.wikisource.org/wiki/%EC%82%B0%ED%98%B8%EB%A6%BC/%EB%B3%B4%EB%A6%AC,본문/시/노천명 - 보리 (1938-01-01).txt
시계열,1938-01-01,발표 연도,수필,복수의 술잔,홍난파,1171,https://ko.wikisource.org/wiki/%EC%9D%8C%EC%95%85%EB%A7%8C%ED%95%84/%EB%B3%B5%EC%88%98%EC%9D%98_%EC%88%A0%EC%9E%94,본문/수필/홍난파 - 복수의 술잔 (1938-01-01).txt
시계열,1938-01-01,발표 연도,수필,본직은 문지기,홍난파,315,https://ko.wikisource.org/wiki/%EC%9D%8C%EC%95%85%EB%A7%8C%ED%95%84/%EB%B3%B8%EC%A7%81%EC%9D%80_%EB%AC%B8%EC%A7%80%EA%B8%B0,본문/수필/홍난파 - 본직은 문지기 (1938-01-01).txt
시계열,1938-01-01,수록 문집 간행 연도,시,분이,노천명,290,https://ko.wikisource.org/wiki/%EC%82%B0%ED%98%B8%EB%A6%BC/%EB%B6%84%EC%9D%B4,본문/시/노천명 - 분이 (1938-01-01).txt
시계열,1938-01-01,발표 연도,수필,불가능의 사람,홍난파,921,https://ko.wikisource.org/wiki/%EC%9D%8C%EC%95%85%EB%A7%8C%ED%95%84/%EB%B6%88%EA%B0%80%EB%8A%A5%EC%9D%98_%EC%82%AC%EB%9E%8C,본문/수필/홍난파 - 불가능의 사람 (1938-01-01).txt
시계열,1938-01-01,발표 연도,수필,불행한 예언,홍난파,254,https://ko.wikisource.org/wiki/%EC%9D%8C%EC%95%85%EB%A7%8C%ED%95%84/%EB%B6%88%ED%96%89%ED%95%9C_%EC%98%88%EC%96%B8,본문/수필/홍난파 - 불행한 예언 (1938-01-01).txt
시계열,1938-01-01,발표 월,기타,붉은 시름,홍사용,286,https://ko.wikisource.org/wiki/%EB%B6%89%EC%9D%80_%EC%8B%9C%EB%A6%84,본문/기타/홍사용 - 붉은 시름 (1938-01-01).txt
시계열,1938-01-01,발표 연도,수필,사교와 음악,홍난파,1136,https://ko.wikisource.org/wiki/%EC%9D%8C%EC%95%85%EB%A7%8C%ED%95%84/%EC%82%AC%EA%B5%90%EC%99%80_%EC%9D%8C%EC%95%85,본문/수필/홍난파 - 사교와 음악 (1938-01-01).txt
시계열,1938-01-01,발표 연도,노래,사랑 주고 병 샀소,박향림,145,https://ko.wikisource.org/wiki/%EC%82%AC%EB%9E%91_%EC%A3%BC%EA%B3%A0_%EB%B3%91_%EC%83%80%EC%86%8C,본문/노래/박향림 - 사랑 주고 병 샀소 (1938-01-01).txt
시계열,1938-01-01,수록 문집 간행 연도,시,사슴,노천명,95,https://ko.wikisource.org/wiki/%EC%82%B0%ED%98%B8%EB%A6%BC/%EC%82%AC%EC%8A%B4,본문/시/노천명 - 사슴 (1938-01-01).txt
시계열,1938-01-01,수록 문집 간행 연도,시,사월(四月)의 노래,노천명,181,https://ko.wikisource.org/wiki/%EC%82%B0%ED%98%B8%EB%A6%BC/%EC%82%AC%EC%9B%94%EC%9D%98_%EB%85%B8%EB%9E%98,본문/시/노천명 - 사월(四月)의 노래 (1938-01-01).txt
시계열,1938-01-01,수록 문집 간행 연도,시,상륙,임화,891,https://ko.wikisource.org/wiki/%ED%98%84%ED%95%B4%ED%83%84/%EC%83%81%EB%A5%99,본문/시/임화 - 상륙 (1938-01-01).txt
시계열,1938-01-01,수록 문집 간행 연도,시,상장,노천명,69,https://ko.wikisource.org/wiki/%EC%82%B0%ED%98%B8%EB%A6%BC/%EC%83%81%EC%9E%A5,본문/시/노천명 - 상장 (1938-01-01).txt
시계열,1938-01-01,수록 문집 간행 연도,시,새 옷을 갈아입으며,임화,289,https://ko.wikisource.org/wiki/%ED%98%84%ED%95%B4%ED%83%84/%EC%83%88_%EC%98%B7%EC%9D%84_%EA%B0%88%EC%95%84_%EC%9E%85%EC%9C%BC%EB%A9%B0,본문/시/임화 - 새 옷을 갈아입으며 (1938-01-01).txt
시계열,1938-01-01,수록 문집 간행 연도,시,생가,노천명,195,https://ko.wikisource.org/wiki/%EC%82%B0%ED%98%B8%EB%A6%BC/%EC%83%9D%EA%B0%80,본문/시/노천명 - 생가 (1938-01-01).txt
시계열,1938-01-01,발표 연도,수필,생명보다 돈,홍난파,228,https://ko.wikisource.org/wiki/%EC%9D%8C%EC%95%85%EB%A7%8C%ED%95%84/%EC%83%9D%EB%AA%85%EB%B3%B4%EB%8B%A4_%EB%8F%88,본문/수필/홍난파 - 생명보다 돈 (1938-01-01).txt
시계열,1938-01-01,발표 연도,수필,생색 없는 수고,홍난파,419,https://ko.wikisource.org/wiki/%EC%9D%8C%EC%95%85%EB%A7%8C%ED%95%84/%EC%83%9D%EC%83%89_%EC%97%86%EB%8A%94_%EC%88%98%EA%B3%A0,본문/수필/홍난파 - 생색 없는 수고 (1938-01-01).txt
시계열,1938-01-01,수록 문집 간행 연도,단편소설,석우로(昔于老)의 처,김동인,8413,https://ko.wikisource.org/wiki/%EB%8F%99%EC%9D%B8%EC%82%AC%EB%8B%B4%EC%A7%91_1/%EC%84%9D%EC%9A%B0%EB%A1%9C%EC%9D%98_%EC%B2%98,본문/단편소설/김동인 - 석우로(昔于老)의 처 (1938-01-01).txt
시계열,1938-01-01,발표 연도,수필,선하심 후하심,홍난파,267,https://ko.wikisource.org/wiki/%EC%9D%8C%EC%95%85%EB%A7%8C%ED%95%84/%EC%84%A0%ED%95%98%EC%8B%AC_%ED%9B%84%ED%95%98%EC%8B%AC,본문/수필/홍난파 - 선하심 후하심 (1938-01-01).txt
시계열,1938-01-01,수록 문집 간행 연도,시,성묘,노천명,143,https://ko.wikisource.org/wiki/%EC%82%B0%ED%98%B8%EB%A6%BC/%EC%84%B1%EB%AC%98,본문/시/노천명 - 성묘 (1938-01-01).txt
시계열,1938-01-01,수록 문집 간행 연도,시,성지,노천명,210,https://ko.wikisource.org/wiki/%EC%82%B0%ED%98%B8%EB%A6%BC/%EC%84%B1%EC%A7%80,본문/시/노천명 - 성지 (1938-01-01).txt
시계열,1938-01-01,발표 연도,수필,세계에 오직 3인,홍난파,2360,https://ko.wikisource.org/wiki/%EC%9D%8C%EC%95%85%EB%A7%8C%ED%95%84/%EC%84%B8%EA%B3%84%EC%97%90_%EC%98%A4%EC%A7%81_3%EC%9D%B8,본문/수필/홍난파 - 세계에 오직 3인 (1938-01-01).txt
시계열,1938-01-01,발표 연도,수필,세계의 대표적 교향악단,홍난파,725,https://ko.wikisource.org/wiki/%EC%9D%8C%EC%95%85%EB%A7%8C%ED%95%84/%EC%84%B8%EA%B3%84%EC%9D%98_%EB%8C%80%ED%91%9C%EC%A0%81_%EA%B5%90%ED%96%A5%EC%95%85%EB%8B%A8,본문/수필/홍난파 - 세계의 대표적 교향악단 (1938-01-01).txt
시계열,1938-01-01,수록 문집 간행 연도,시,세월,임화,849,https://ko.wikisource.org/wiki/%ED%98%84%ED%95%B4%ED%83%84/%EC%84%B8%EC%9B%94,본문/시/임화 - 세월 (1938-01-01).txt
시계열,1938-01-01,발표 연도,시,소공원,이육사,160,https://ko.wikisource.org/wiki/%EC%86%8C%EA%B3%B5%EC%9B%90,본문/시/이육사 - 소공원 (1938-01-01).txt
시계열,1938-01-01,수록 문집 간행 연도,시,소녀,노천명,62,https://ko.wikisource.org/wiki/%EC%82%B0%ED%98%B8%EB%A6%BC/%EC%86%8C%EB%85%80,본문/시/노천명 - 소녀 (1938-01-01).txt
시계열,1938-01-01,발표 연도,시,소야(小夜)의 노래,오장환,209,https://ko.wikisource.org/wiki/%EC%86%8C%EC%95%BC%EC%9D%98_%EB%85%B8%EB%9E%98,본문/시/오장환 - 소야(小夜)의 노래 (1938-01-01).txt
시계열,1938-01-01,수록 문집 간행 연도,시,손풍금,노천명,98,https://ko.wikisource.org/wiki/%EC%82%B0%ED%98%B8%EB%A6%BC/%EC%86%90%ED%92%8D%EA%B8%88,본문/시/노천명 - 손풍금 (1938-01-01).txt
시계열,1938-01-01,발표 연도,수필,솔직한 고백,홍난파,211,https://ko.wikisource.org/wiki/%EC%9D%8C%EC%95%85%EB%A7%8C%ED%95%84/%EC%86%94%EC%A7%81%ED%95%9C_%EA%B3%A0%EB%B0%B1,본문/수필/홍난파 - 솔직한 고백 (1938-01-01).txt
시계열,1938-01-01,발표 연도,수필,쇼팽과 그의 연인,홍난파,2809,https://ko.wikisource.org/wiki/%EC%9D%8C%EC%95%85%EB%A7%8C%ED%95%84/%EC%87%BC%ED%8C%BD%EA%B3%BC_%EA%B7%B8%EC%9D%98_%EC%97%B0%EC%9D%B8,본문/수필/홍난파 - 쇼팽과 그의 연인 (1938-01-01).txt
시계열,1938-01-01,수록 문집 간행 연도,시,수녀,노천명,64,https://ko.wikisource.org/wiki/%EC%82%B0%ED%98%B8%EB%A6%BC/%EC%88%98%EB%85%80,본문/시/노천명 - 수녀 (1938-01-01).txt
시계열,1938-01-01,수록 문집 간행 연도,단편소설,수양,김동인,5663,https://ko.wikisource.org/wiki/%EB%8F%99%EC%9D%B8%EC%82%AC%EB%8B%B4%EC%A7%91_3/%EC%88%98%EC%96%91,본문/단편소설/김동인 - 수양 (1938-01-01).txt
시계열,1938-01-01,발표 연도,수필,순진한 변명,홍난파,395,https://ko.wikisource.org/wiki/%EC%9D%8C%EC%95%85%EB%A7%8C%ED%95%84/%EC%88%9C%EC%A7%84%ED%95%9C_%EB%B3%80%EB%AA%85,본문/수필/홍난파 - 순진한 변명 (1938-01-01).txt
시계열,1938-01-01,발표 연도,수필,술 먹지 않는 악기,홍난파,899,https://ko.wikisource.org/wiki/%EC%9D%8C%EC%95%85%EB%A7%8C%ED%95%84/%EC%88%A0_%EB%A8%B9%EC%A7%80_%EC%95%8A%EB%8A%94_%EC%95%85%EA%B8%B0,본문/수필/홍난파 - 술 먹지 않는 악기 (1938-01-01).txt
시계열,1938-01-01,수록 문집 간행 연도,단편소설,술값 외상,김동인,10169,https://ko.wikisource.org/wiki/%EB%8F%99%EC%9D%B8%EC%82%AC%EB%8B%B4%EC%A7%91_4/%EC%88%A0%EA%B0%92_%EC%99%B8%EC%83%81,본문/단편소설/김동인 - 술값 외상 (1938-01-01).txt
시계열,1938-01-01,수록 문집 간행 연도,시,술회,노천명,88,https://ko.wikisource.org/wiki/%EC%82%B0%ED%98%B8%EB%A6%BC/%EC%88%A0%ED%9A%8C,본문/시/노천명 - 술회 (1938-01-01).txt
시계열,1938-01-01,수록 문집 간행 연도,시,슬픈 그림,노천명,156,https://ko.wikisource.org/wiki/%EC%82%B0%ED%98%B8%EB%A6%BC/%EC%8A%AC%ED%94%88_%EA%B7%B8%EB%A6%BC,본문/시/노천명 - 슬픈 그림 (1938-01-01).txt
시계열,1938-01-01,발표 연도,수필,승려의 전직,홍난파,388,https://ko.wikisource.org/wiki/%EC%9D%8C%EC%95%85%EB%A7%8C%ED%95%84/%EC%8A%B9%EB%A0%A4%EC%9D%98_%EC%A0%84%EC%A7%81,본문/수필/홍난파 - 승려의 전직 (1938-01-01).txt
시계열,1938-01-01,발표 월,기타,시악시 마음이란,홍사용,233,https://ko.wikisource.org/wiki/%EC%8B%9C%EC%95%85%EC%8B%9C_%EB%A7%88%EC%9D%8C%EC%9D%B4%EB%9E%80,본문/기타/홍사용 - 시악시 마음이란 (1938-01-01).txt
시계열,1938-01-01,발표 연도,수필,시집을 가시오,홍난파,225,https://ko.wikisource.org/wiki/%EC%9D%8C%EC%95%85%EB%A7%8C%ED%95%84/%EC%8B%9C%EC%A7%91%EC%9D%84_%EA%B0%80%EC%8B%9C%EC%98%A4,본문/수필/홍난파 - 시집을 가시오 (1938-01-01).txt
시계열,1938-01-01,발표 연도,수필,신동의 예사,홍난파,266,https://ko.wikisource.org/wiki/%EC%9D%8C%EC%95%85%EB%A7%8C%ED%95%84/%EC%8B%A0%EB%8F%99%EC%9D%98_%EC%98%88%EC%82%AC,본문/수필/홍난파 - 신동의 예사 (1938-01-01).txt
시계열,1938-01-01,수록 문집 간행 연도,단편소설,신문고,김동인,7743,https://ko.wikisource.org/wiki/%EB%8F%99%EC%9D%B8%EC%82%AC%EB%8B%B4%EC%A7%91_5/%EC%8B%A0%EB%AC%B8%EA%B3%A0,본문/단편소설/김동인 - 신문고 (1938-01-01).txt
시계열,1938-01-01,발표 연도,수필,쌍둥이 바이올린,홍난파,1426,https://ko.wikisource.org/wiki/%EC%9D%8C%EC%95%85%EB%A7%8C%ED%95%84/%EC%8C%8D%EB%91%A5%EC%9D%B4_%EB%B0%94%EC%9D%B4%EC%98%AC%EB%A6%B0,본문/수필/홍난파 - 쌍둥이 바이올린 (1938-01-01).txt
시계열,1938-01-01,발표 연도,수필,아름다운 상아,홍난파,1202,https://ko.wikisource.org/wiki/%EC%95%84%EB%A6%84%EB%8B%A4%EC%9A%B4_%EC%83%81%EC%95%84,본문/수필/홍난파 - 아름다운 상아 (1938-01-01).txt
시계열,1938-01-01,발표 연도,시,아편,이육사,141,https://ko.wikisource.org/wiki/%EC%95%84%ED%8E%B8,본문/시/이육사 - 아편 (1938-01-01).txt
시계열,1938-01-01,발표 연도,수필,악기 도살자,홍난파,257,https://ko.wikisource.org/wiki/%EC%9D%8C%EC%95%85%EB%A7%8C%ED%95%84/%EC%95%85%EA%B8%B0_%EB%8F%84%EC%82%B4%EC%9E%90,본문/수필/홍난파 - 악기 도살자 (1938-01-01).txt
시계열,1938-01-01,발표 연도,수필,악마의 전음,홍난파,845,https://ko.wikisource.org/wiki/%EC%9D%8C%EC%95%85%EB%A7%8C%ED%95%84/%EC%95%85%EB%A7%88%EC%9D%98_%EC%A0%84%EC%9D%8C,본문/수필/홍난파 - 악마의 전음 (1938-01-01).txt
시계열,1938-01-01,발표 연도,수필,악성의 침실,홍난파,1347,https://ko.wikisource.org/wiki/%EC%9D%8C%EC%95%85%EB%A7%8C%ED%95%84/%EC%95%85%EC%84%B1%EC%9D%98_%EC%B9%A8%EC%8B%A4,본문/수필/홍난파 - 악성의 침실 (1938-01-01).txt
시계열,1938-01-01,수록 문집 간행 연도,시,안개 속,임화,426,https://ko.wikisource.org/wiki/%ED%98%84%ED%95%B4%ED%83%84/%EC%95%88%EA%B0%9C_%EC%86%8D,본문/시/임화 - 안개 속 (1938-01-01).txt
시계열,1938-01-01,발표 연도,수필,알뜰한 보물,홍난파,340,https://ko.wikisource.org/wiki/%EC%9D%8C%EC%95%85%EB%A7%8C%ED%95%84/%EC%95%8C%EB%9C%B0%ED%95%9C_%EB%B3%B4%EB%AC%BC,본문/수필/홍난파 - 알뜰한 보물 (1938-01-01).txt
시계열,1938-01-01,수록 문집 간행 연도,시,암흑(闇黑)의 정신,임화,1511,https://ko.wikisource.org/wiki/%ED%98%84%ED%95%B4%ED%83%84/%EC%95%94%ED%9D%91%EC%9D%98_%EC%A0%95%EC%8B%A0,본문/시/임화 - 암흑(闇黑)의 정신 (1938-01-01).txt
시계열,1938-01-01,수록 문집 간행 연도,시,야제조,노천명,137,https://ko.wikisource.org/wiki/%EC%82%B0%ED%98%B8%EB%A6%BC/%EC%95%BC%EC%A0%9C%EC%A1%B0,본문/시/노천명 - 야제조 (1938-01-01).txt
시계열,1938-01-01,수록 문집 간행 연도,시,야행차(夜行車) 속,임화,546,https://ko.wikisource.org/wiki/%ED%98%84%ED%95%B4%ED%83%84/%EC%95%BC%ED%96%89%EC%B0%A8_%EC%86%8D,본문/시/임화 - 야행차(夜行車) 속 (1938-01-01).txt
시계열,1938-01-01,수록 문집 간행 연도,시,어린 태양(太陽)이 말하되,임화,335,https://ko.wikisource.org/wiki/%ED%98%84%ED%95%B4%ED%83%84/%EC%96%B4%EB%A6%B0_%ED%83%9C%EC%96%91%EC%9D%B4_%EB%A7%90%ED%95%98%EB%90%98,본문/시/임화 - 어린 태양(太陽)이 말하되 (1938-01-01).txt
시계열,1938-01-01,수록 문집 간행 연도,단편소설,언약,김동인,4919,https://ko.wikisource.org/wiki/%EB%8F%99%EC%9D%B8%EC%82%AC%EB%8B%B4%EC%A7%91_1/%EC%96%B8%EC%95%BD,본문/단편소설/김동인 - 언약 (1938-01-01).txt
시계열,1938-01-01,발표 연도,수필,엄청난 음악학교,홍난파,196,https://ko.wikisource.org/wiki/%EC%9D%8C%EC%95%85%EB%A7%8C%ED%95%84/%EC%97%84%EC%B2%AD%EB%82%9C_%EC%9D%8C%EC%95%85%ED%95%99%EA%B5%90,본문/수필/홍난파 - 엄청난 음악학교 (1938-01-01).txt
시계열,1938-01-01,수록 문집 간행 연도,시,여인,노천명,132,https://ko.wikisource.org/wiki/%EC%82%B0%ED%98%B8%EB%A6%BC/%EC%97%AC%EC%9D%B8,본문/시/노천명 - 여인 (1938-01-01).txt
시계열,1938-01-01,수록 문집 간행 연도,시,연자간,노천명,122,https://ko.wikisource.org/wiki/%EC%82%B0%ED%98%B8%EB%A6%BC/%EC%97%B0%EC%9E%90%EA%B0%84,본문/시/노천명 - 연자간 (1938-01-01).txt
시계열,1938-01-01,발표 연도,수필,연주가의 태도,홍난파,743,https://ko.wikisource.org/wiki/%EC%9D%8C%EC%95%85%EB%A7%8C%ED%95%84/%EC%97%B0%EC%A3%BC%EA%B0%80%EC%9D%98_%ED%83%9C%EB%8F%84,본문/수필/홍난파 - 연주가의 태도 (1938-01-01).txt
시계열,1938-01-01,발표 연도,수필,영광스런 봉변,홍난파,1082,https://ko.wikisource.org/wiki/%EC%9D%8C%EC%95%85%EB%A7%8C%ED%95%84/%EC%98%81%EA%B4%91%EC%8A%A4%EB%9F%B0_%EB%B4%89%EB%B3%80,본문/수필/홍난파 - 영광스런 봉변 (1938-01-01).txt
시계열,1938-01-01,발표 연도,수필,영구의 결별,홍난파,158,https://ko.wikisource.org/wiki/%EC%9D%8C%EC%95%85%EB%A7%8C%ED%95%84/%EC%98%81%EA%B5%AC%EC%9D%98_%EA%B2%B0%EB%B3%84,본문/수필/홍난파 - 영구의 결별 (1938-01-01).txt
시계열,1938-01-01,발표 연도,수필,영웅 교향곡,홍난파,2428,https://ko.wikisource.org/wiki/%EC%9D%8C%EC%95%85%EB%A7%8C%ED%95%84/%EC%98%81%EC%9B%85_%EA%B5%90%ED%96%A5%EA%B3%A1,본문/수필/홍난파 - 영웅 교향곡 (1938-01-01).txt
시계열,1938-01-01,수록 문집 간행 연도,시,옛 책,임화,1336,https://ko.wikisource.org/wiki/%ED%98%84%ED%95%B4%ED%83%84/%EC%98%9B_%EC%B1%85,본문/시/임화 - 옛 책 (1938-01-01).txt
시계열,1938-01-01,발표 연도,수필,옛날의 적수,홍난파,2226,https://ko.wikisource.org/wiki/%EC%9D%8C%EC%95%85%EB%A7%8C%ED%95%84/%EC%98%9B%EB%82%A0%EC%9D%98_%EC%A0%81%EC%88%98,본문/수필/홍난파 - 옛날의 적수 (1938-01-01).txt
시계열,1938-01-01,발표 연도,노래,오빠는 풍각쟁이야,박향림,259,https://ko.wikisource.org/wiki/%EC%98%A4%EB%B9%A0%EB%8A%94_%ED%92%8D%EA%B0%81%EC%9F%81%EC%9D%B4%EC%95%BC,본문/노래/박향림 - 오빠는 풍각쟁이야 (1938-01-01).txt
시계열,1938-01-01,수록 문집 간행 연도,시,옥수수,노천명,103,https://ko.wikisource.org/wiki/%EC%82%B0%ED%98%B8%EB%A6%BC/%EC%98%A5%EC%88%98%EC%88%98,본문/시/노천명 - 옥수수 (1938-01-01).txt
시계열,1938-01-01,수록 문집 간행 연도,단편소설,왕기(王氣)는 벋어서,김동인,13310,https://ko.wikisource.org/wiki/%EB%8F%99%EC%9D%B8%EC%82%AC%EB%8B%B4%EC%A7%91_3/%EC%99%95%EA%B8%B0%EB%8A%94_%EB%B2%8B%EC%96%B4%EC%84%9C,본문/단편소설/김동인 - 왕기(王氣)는 벋어서 (1938-01-01).txt
시계열,1938-01-01,발표 연도,수필,욕심 많은 부인,홍난파,204,https://ko.wikisource.org/wiki/%EC%9D%8C%EC%95%85%EB%A7%8C%ED%95%84/%EC%9A%95%EC%8B%AC_%EB%A7%8E%EC%9D%80_%EB%B6%80%EC%9D%B8,본문/수필/홍난파 - 욕심 많은 부인 (1938-01-01).txt
시계열,1938-01-01,발표 연도,수필,우리는 무엇을?,홍난파,128,https://ko.wikisource.org/wiki/%EC%9D%8C%EC%95%85%EB%A7%8C%ED%95%84/%EC%9A%B0%EB%A6%AC%EB%8A%94_%EB%AC%B4%EC%97%87%EC%9D%84%3F,본문/수필/홍난파 - 우리는 무엇을 (1938-01-01).txt
시계열,1938-01-01,발표 연도,수필,원무곡 왕의 기지,홍난파,500,https://ko.wikisource.org/wiki/%EC%9D%8C%EC%95%85%EB%A7%8C%ED%95%84/%EC%9B%90%EB%AC%B4%EA%B3%A1_%EC%99%95%EC%9D%98_%EA%B8%B0%EC%A7%80,본문/수필/홍난파 - 원무곡 왕의 기지 (1938-01-01).txt
시계열,1938-01-01,수록 문집 간행 연도,시,월하(月下)의 대화,임화,305,https://ko.wikisource.org/wiki/%ED%98%84%ED%95%B4%ED%83%84/%EC%9B%94%ED%95%98%EC%9D%98_%EB%8C%80%ED%99%94,본문/시/임화 - 월하(月下)의 대화 (1938-01-01).txt
시계열,1938-01-01,발표 연도,수필,유럽의 2태고,홍난파,1654,https://ko.wikisource.org/wiki/%EC%9D%8C%EC%95%85%EB%A7%8C%ED%95%84/%EC%9C%A0%EB%9F%BD%EC%9D%98_2%ED%83%9C%EA%B3%A0,본문/수필/홍난파 - 유럽의 2태고 (1938-01-01).txt
시계열,1938-01-01,발표 연도,수필,음악과 건강,홍난파,542,https://ko.wikisource.org/wiki/%EC%9D%8C%EC%95%85%EB%A7%8C%ED%95%84/%EC%9D%8C%EC%95%85%EA%B3%BC_%EA%B1%B4%EA%B0%95,본문/수필/홍난파 - 음악과 건강 (1938-01-01).txt
시계열,1938-01-01,발표 연도,수필,이것은 봄이다,홍난파,200,https://ko.wikisource.org/wiki/%EC%9D%8C%EC%95%85%EB%A7%8C%ED%95%84/%EC%9D%B4%EA%B2%83%EC%9D%80_%EB%B4%84%EC%9D%B4%EB%8B%A4,본문/수필/홍난파 - 이것은 봄이다 (1938-01-01).txt
시계열,1938-01-01,발표 연도,수필,이리 오라고 해라,홍난파,309,https://ko.wikisource.org/wiki/%EC%9D%8C%EC%95%85%EB%A7%8C%ED%95%84/%EC%9D%B4%EB%A6%AC_%EC%98%A4%EB%9D%BC%EA%B3%A0_%ED%95%B4%EB%9D%BC,본문/수필/홍난파 - 이리 오라고 해라 (1938-01-01).txt
시계열,1938-01-01,발표 연도,수필,이상한 보물,홍난파,937,https://ko.wikisource.org/wiki/%EC%9D%8C%EC%95%85%EB%A7%8C%ED%95%84/%EC%9D%B4%EC%83%81%ED%95%9C_%EB%B3%B4%EB%AC%BC,본문/수필/홍난파 - 이상한 보물 (1938-01-01).txt
시계열,1938-01-01,발표 연도,수필,이야기의 방해,홍난파,165,https://ko.wikisource.org/wiki/%EC%9D%8C%EC%95%85%EB%A7%8C%ED%95%84/%EC%9D%B4%EC%95%BC%EA%B8%B0%EC%9D%98_%EB%B0%A9%ED%95%B4,본문/수필/홍난파 - 이야기의 방해 (1938-01-01).txt
시계열,1938-01-01,발표 연도,수필,이탈리아 소녀,홍난파,1785,https://ko.wikisource.org/wiki/%EC%9D%8C%EC%95%85%EB%A7%8C%ED%95%84/%EC%9D%B4%ED%83%88%EB%A6%AC%EC%95%84_%EC%86%8C%EB%85%80,본문/수필/홍난파 - 이탈리아 소녀 (1938-01-01).txt
시계열,1938-01-01,수록 문집 간행 연도,시,일년,임화,459,https://ko.wikisource.org/wiki/%ED%98%84%ED%95%B4%ED%83%84/%EC%9D%BC%EB%85%84,본문/시/임화 - 일년 (1938-01-01).txt
시계열,1938-01-01,발표 연도,수필,입옥 자원,홍난파,1027,https://ko.wikisource.org/wiki/%EC%9D%8C%EC%95%85%EB%A7%8C%ED%95%84/%EC%9E%85%EC%98%A5_%EC%9E%90%EC%9B%90,본문/수필/홍난파 - 입옥 자원 (1938-01-01).txt
시계열,1938-01-01,수록 문집 간행 연도,시,자화상,노천명,338,https://ko.wikisource.org/wiki/%EC%82%B0%ED%98%B8%EB%A6%BC/%EC%9E%90%ED%99%94%EC%83%81,본문/시/노천명 - 자화상 (1938-01-01).txt
시계열,1938-01-01,발표 연도,수필,자화자찬,홍난파,253,https://ko.wikisource.org/wiki/%EC%9D%8C%EC%95%85%EB%A7%8C%ED%95%84/%EC%9E%90%ED%99%94%EC%9E%90%EC%B0%AC,본문/수필/홍난파 - 자화자찬 (1938-01-01).txt
시계열,1938-01-01,발표 연도,수필,잠 안오는 자장가,홍난파,168,https://ko.wikisource.org/wiki/%EC%9D%8C%EC%95%85%EB%A7%8C%ED%95%84/%EC%9E%A0_%EC%95%88%EC%98%A4%EB%8A%94_%EC%9E%90%EC%9E%A5%EA%B0%80,본문/수필/홍난파 - 잠 안오는 자장가 (1938-01-01).txt
시계열,1938-01-01,수록 문집 간행 연도,시,장날,노천명,124,https://ko.wikisource.org/wiki/%EC%82%B0%ED%98%B8%EB%A6%BC/%EC%9E%A5%EB%82%A0,본문/시/노천명 - 장날 (1938-01-01).txt
시계열,1938-01-01,발표 연도,단편소설,장미 병들다,이효석,13337,https://ko.wikisource.org/wiki/%EC%9E%A5%EB%AF%B8_%EB%B3%91%EB%93%A4%EB%8B%A4,본문/단편소설/이효석 - 장미 병들다 (1938-01-01).txt
시계열,1938-01-01,수록 문집 간행 연도,단편소설,장사(壯士)의 한(恨) — 庾秋岡(유추강) 舞臺(무대) 야담(野談)을 근간(根幹) 삼어,김동인,17300,https://ko.wikisource.org/wiki/%EB%8F%99%EC%9D%B8%EC%82%AC%EB%8B%B4%EC%A7%91_5/%EC%9E%A5%EC%82%AC%EC%9D%98_%ED%95%9C,본문/단편소설/김동인 - 장사(壯士)의 한(恨) — 庾秋岡(유추강) 舞臺(무대) 야담(野談)을 근간(根幹) 삼어 (1938-01-01).txt
시계열,1938-01-01,수록 문집 간행 연도,시,적,임화,519,https://ko.wikisource.org/wiki/%ED%98%84%ED%95%B4%ED%83%84/%EC%A0%81,본문/시/임화 - 적 (1938-01-01).txt
시계열,1938-01-01,발표 연도,수필,전쟁의 곡,홍난파,3335,https://ko.wikisource.org/wiki/%EC%9D%8C%EC%95%85%EB%A7%8C%ED%95%84/%EC%A0%84%EC%9F%81%EC%9D%98_%EA%B3%A1,본문/수필/홍난파 - 전쟁의 곡 (1938-01-01).txt
시계열,1938-01-01,저자 문서 발표 연도,수필,전조기,이육사,1466,https://ko.wikisource.org/wiki/%EC%A0%84%EC%A1%B0%EA%B8%B0,본문/수필/이육사 - 전조기 (1938-01-01).txt
시계열,1938-01-01,발표 연도,수필,정차 명령,홍난파,297,https://ko.wikisource.org/wiki/%EC%9D%8C%EC%95%85%EB%A7%8C%ED%95%84/%EC%A0%95%EC%B0%A8_%EB%AA%85%EB%A0%B9,본문/수필/홍난파 - 정차 명령 (1938-01-01).txt
시계열,1938-01-01,발표 연도,수필,제1 바이올린 만으로,홍난파,209,https://ko.wikisource.org/wiki/%EC%9D%8C%EC%95%85%EB%A7%8C%ED%95%84/%EC%A0%9C1_%EB%B0%94%EC%9D%B4%EC%98%AC%EB%A6%B0_%EB%A7%8C%EC%9C%BC%EB%A1%9C,본문/수필/홍난파 - 제1 바이올린 만으로 (1938-01-01).txt
시계열,1938-01-01,발표 연도,수필,제2 바이올린을,홍난파,178,https://ko.wikisource.org/wiki/%EC%9D%8C%EC%95%85%EB%A7%8C%ED%95%84/%EC%A0%9C2_%EB%B0%94%EC%9D%B4%EC%98%AC%EB%A6%B0%EC%9D%84,본문/수필/홍난파 - 제2 바이올린을 (1938-01-01).txt
시계열,1938-01-01,수록 문집 간행 연도,시,제석,노천명,144,https://ko.wikisource.org/wiki/%EC%82%B0%ED%98%B8%EB%A6%BC/%EC%A0%9C%EC%84%9D,본문/시/노천명 - 제석 (1938-01-01).txt
시계열,1938-01-01,수록 문집 간행 연도,시,조그만 정거장,노천명,93,https://ko.wikisource.org/wiki/%EC%82%B0%ED%98%B8%EB%A6%BC/%EC%A1%B0%EA%B7%B8%EB%A7%8C_%EC%A0%95%EA%B1%B0%EC%9E%A5,본문/시/노천명 - 조그만 정거장 (1938-01-01).txt
시계열,1938-01-01,수록 문집 간행 연도,단편소설,조신(調信)의 꿈,김동인,10776,https://ko.wikisource.org/wiki/%EB%8F%99%EC%9D%B8%EC%82%AC%EB%8B%B4%EC%A7%91_2/%EC%A1%B0%EC%8B%A0%EC%9D%98_%EA%BF%88,본문/단편소설/김동인 - 조신(調信)의 꿈 (1938-01-01).txt
시계열,1938-01-01,발표 연도,수필,종달새의 노래,홍난파,1057,https://ko.wikisource.org/wiki/%EC%9D%8C%EC%95%85%EB%A7%8C%ED%95%84/%EC%A2%85%EB%8B%AC%EC%83%88%EC%9D%98_%EB%85%B8%EB%9E%98,본문/수필/홍난파 - 종달새의 노래 (1938-01-01).txt
시계열,1938-01-01,수록 문집 간행 연도,시,주리라 네 탐내는 모든 것을,임화,2769,https://ko.wikisource.org/wiki/%ED%98%84%ED%95%B4%ED%83%84/%EC%A3%BC%EB%A6%AC%EB%9D%BC_%EB%84%A4_%ED%83%90%EB%82%B4%EB%8A%94_%EB%AA%A8%EB%93%A0_%EA%B2%83%EC%9D%84,본문/시/임화 - 주리라 네 탐내는 모든 것을 (1938-01-01).txt
시계열,1938-01-01,수록 문집 간행 연도,시,주유(侏儒)의 노래,임화,271,https://ko.wikisource.org/wiki/%ED%98%84%ED%95%B4%ED%83%84/%EC%A3%BC%EC%9C%A0%EC%9D%98_%EB%85%B8%EB%9E%98,본문/시/임화 - 주유(侏儒)의 노래 (1938-01-01).txt
시계열,1938-01-01,발표 연도,수필,주점의 전속 악사,홍난파,746,https://ko.wikisource.org/wiki/%EC%9D%8C%EC%95%85%EB%A7%8C%ED%95%84/%EC%A3%BC%EC%A0%90%EC%9D%98_%EC%A0%84%EC%86%8D_%EC%95%85%EC%82%AC,본문/수필/홍난파 - 주점의 전속 악사 (1938-01-01).txt
시계열,1938-01-01,발표 연도,수필,죽어서는 손해,홍난파,200,https://ko.wikisource.org/wiki/%EC%9D%8C%EC%95%85%EB%A7%8C%ED%95%84/%EC%A3%BD%EC%96%B4%EC%84%9C%EB%8A%94_%EC%86%90%ED%95%B4,본문/수필/홍난파 - 죽어서는 손해 (1938-01-01).txt
시계열,1938-01-01,수록 문집 간행 연도,시,지도,임화,660,https://ko.wikisource.org/wiki/%ED%98%84%ED%95%B4%ED%83%84/%EC%A7%80%EB%8F%84,본문/시/임화 - 지도 (1938-01-01).txt
시계열,1938-01-01,수록 문집 간행 연도,시,지상(地上)의 시,임화,287,https://ko.wikisource.org/wiki/%ED%98%84%ED%95%B4%ED%83%84/%EC%A7%80%EC%83%81%EC%9D%98_%EC%8B%9C,본문/시/임화 - 지상(地上)의 시 (1938-01-01).txt
시계열,1938-01-01,발표 연도,수필,진기한 관례,홍난파,392,https://ko.wikisource.org/wiki/%EC%9D%8C%EC%95%85%EB%A7%8C%ED%95%84/%EC%A7%84%EA%B8%B0%ED%95%9C_%EA%B4%80%EB%A1%80,본문/수필/홍난파 - 진기한 관례 (1938-01-01).txt
시계열,1938-01-01,발표 연도,수필,진주의 선물,홍난파,1627,https://ko.wikisource.org/wiki/%EC%9D%8C%EC%95%85%EB%A7%8C%ED%95%84/%EC%A7%84%EC%A3%BC%EC%9D%98_%EC%84%A0%EB%AC%BC,본문/수필/홍난파 - 진주의 선물 (1938-01-01).txt
시계열,1938-01-01,수록 문집 간행 연도,시,참음,노천명,89,https://ko.wikisource.org/wiki/%EC%82%B0%ED%98%B8%EB%A6%BC/%EC%B0%B8%EC%9D%8C,본문/시/노천명 - 참음 (1938-01-01).txt
시계열,1938-01-01,발표 연도,수필,천직은 불가피,홍난파,642,https://ko.wikisource.org/wiki/%EC%9D%8C%EC%95%85%EB%A7%8C%ED%95%84/%EC%B2%9C%EC%A7%81%EC%9D%80_%EB%B6%88%EA%B0%80%ED%94%BC,본문/수필/홍난파 - 천직은 불가피 (1938-01-01).txt
시계열,1938-01-01,저자 문서 발표 연도,소설,청춘도,계용묵,9227,https://ko.wikisource.org/wiki/%EC%B2%AD%EC%B6%98%EB%8F%84,본문/소설/계용묵 - 청춘도 (1938-01-01).txt
시계열,1938-01-01,발표 연도,시,초가,이육사,291,https://ko.wikisource.org/wiki/%EC%B4%88%EA%B0%80,본문/시/이육사 - 초가 (1938-01-01).txt
시계열,1938-01-01,수록 문집 간행 연도,시,최후(最後)의 염원,임화,223,https://ko.wikisource.org/wiki/%ED%98%84%ED%95%B4%ED%83%84/%EC%B5%9C%ED%9B%84%EC%9D%98_%EC%97%BC%EC%9B%90,본문/시/임화 - 최후(最後)의 염원 (1938-01-01).txt
시계열,1938-01-01,수록 문집 간행 연도,시,출범,노천명,241,https://ko.wikisource.org/wiki/%EC%82%B0%ED%98%B8%EB%A6%BC/%EC%B6%9C%EB%B2%94,본문/시/노천명 - 출범 (1938-01-01).txt
시계열,1938-01-01,발표 연도,수필,침묵의 이유,홍난파,716,https://ko.wikisource.org/wiki/%EC%9D%8C%EC%95%85%EB%A7%8C%ED%95%84/%EC%B9%A8%EB%AC%B5%EC%9D%98_%EC%9D%B4%EC%9C%A0,본문/수필/홍난파 - 침묵의 이유 (1938-01-01).txt
시계열,1938-01-01,발표 연도,수필,카르멘 작곡 비문,홍난파,2054,https://ko.wikisource.org/wiki/%EC%9D%8C%EC%95%85%EB%A7%8C%ED%95%84/%EC%B9%B4%EB%A5%B4%EB%A9%98_%EC%9E%91%EA%B3%A1_%EB%B9%84%EB%AC%B8,본문/수필/홍난파 - 카르멘 작곡 비문 (1938-01-01).txt
시계열,1938-01-01,발표 연도,수필,키스의 벼락,홍난파,1537,https://ko.wikisource.org/wiki/%EC%9D%8C%EC%95%85%EB%A7%8C%ED%95%84/%ED%82%A4%EC%8A%A4%EC%9D%98_%EB%B2%BC%EB%9D%BD,본문/수필/홍난파 - 키스의 벼락 (1938-01-01).txt
시계열,1938-01-01,발표 월,장편소설,태평천하,채만식,123758,https://ko.wikisource.org/wiki/%ED%83%9C%ED%8F%89%EC%B2%9C%ED%95%98,본문/장편소설/채만식 - 태평천하 (1938-01-01).txt
시계열,1938-01-01,수록 문집 간행 연도,단편소설,토끼의 간,김동인,16552,https://ko.wikisource.org/wiki/%EB%8F%99%EC%9D%B8%EC%82%AC%EB%8B%B4%EC%A7%91_1/%ED%86%A0%EB%81%BC%EC%9D%98_%EA%B0%84,본문/단편소설/김동인 - 토끼의 간 (1938-01-01).txt
시계열,1938-01-01,발표 연도,수필,톱으로 연주,홍난파,134,https://ko.wikisource.org/wiki/%EC%9D%8C%EC%95%85%EB%A7%8C%ED%95%84/%ED%86%B1%EC%9C%BC%EB%A1%9C_%EC%97%B0%EC%A3%BC,본문/수필/홍난파 - 톱으로 연주 (1938-01-01).txt
시계열,1938-01-01,발표 연도,수필,폐물 음악회,홍난파,294,https://ko.wikisource.org/wiki/%EC%9D%8C%EC%95%85%EB%A7%8C%ED%95%84/%ED%8F%90%EB%AC%BC_%EC%9D%8C%EC%95%85%ED%9A%8C,본문/수필/홍난파 - 폐물 음악회 (1938-01-01).txt
시계열,1938-01-01,수록 문집 간행 연도,시,포구(浦口)의 밤,노천명,203,https://ko.wikisource.org/wiki/%EC%82%B0%ED%98%B8%EB%A6%BC/%ED%8F%AC%EA%B5%AC%EC%9D%98_%EB%B0%A4,본문/시/노천명 - 포구(浦口)의 밤 (1938-01-01).txt
시계열,1938-01-01,발표 연도,수필,프랑크의 기재,홍난파,874,https://ko.wikisource.org/wiki/%EC%9D%8C%EC%95%85%EB%A7%8C%ED%95%84/%ED%94%84%EB%9E%91%ED%81%AC%EC%9D%98_%EA%B8%B0%EC%9E%AC,본문/수필/홍난파 - 프랑크의 기재 (1938-01-01).txt
시계열,1938-01-01,발표 연도,수필,피아니스트의 명답,홍난파,185,https://ko.wikisource.org/wiki/%EC%9D%8C%EC%95%85%EB%A7%8C%ED%95%84/%ED%94%BC%EC%95%84%EB%8B%88%EC%8A%A4%ED%8A%B8%EC%9D%98_%EB%AA%85%EB%8B%B5,본문/수필/홍난파 - 피아니스트의 명답 (1938-01-01).txt
시계열,1938-01-01,발표 연도,수필,피육적 냉소,홍난파,213,https://ko.wikisource.org/wiki/%EC%9D%8C%EC%95%85%EB%A7%8C%ED%95%84/%ED%94%BC%EC%9C%A1%EC%A0%81_%EB%83%89%EC%86%8C,본문/수필/홍난파 - 피육적 냉소 (1938-01-01).txt
시계열,1938-01-01,수록 문집 간행 연도,시,하늘,임화,247,https://ko.wikisource.org/wiki/%ED%98%84%ED%95%B4%ED%83%84/%ED%95%98%EB%8A%98,본문/시/임화 - 하늘 (1938-01-01).txt
시계열,1938-01-01,발표 연도,수필,한 잔 물을,홍난파,914,https://ko.wikisource.org/wiki/%EC%9D%8C%EC%95%85%EB%A7%8C%ED%95%84/%ED%95%9C_%EC%9E%94_%EB%AC%BC%EC%9D%84,본문/수필/홍난파 - 한 잔 물을 (1938-01-01).txt
시계열,1938-01-01,수록 문집 간행 연도,시,해상(海上)에서,임화,416,https://ko.wikisource.org/wiki/%ED%98%84%ED%95%B4%ED%83%84/%ED%95%B4%EC%83%81%EC%97%90%EC%84%9C,본문/시/임화 - 해상(海上)에서 (1938-01-01).txt
시계열,1938-01-01,수록 문집 간행 연도,시,해협(海峽)의 로맨티시즘,임화,860,https://ko.wikisource.org/wiki/%ED%98%84%ED%95%B4%ED%83%84/%ED%95%B4%ED%98%91%EC%9D%98_%EB%A1%9C%EB%A7%A8%ED%8B%B0%EC%8B%9C%EC%A6%98,본문/시/임화 - 해협(海峽)의 로맨티시즘 (1938-01-01).txt
시계열,1938-01-01,수록 문집 간행 연도,시,행복은 어디 있었느냐?,임화,772,https://ko.wikisource.org/wiki/%ED%98%84%ED%95%B4%ED%83%84/%ED%96%89%EB%B3%B5%EC%9D%80_%EC%96%B4%EB%94%94_%EC%9E%88%EC%97%88%EB%8A%90%EB%83%90%3F,본문/시/임화 - 행복은 어디 있었느냐 (1938-01-01).txt
시계열,1938-01-01,수록 문집 간행 연도,시,향수,임화,218,https://ko.wikisource.org/wiki/%ED%98%84%ED%95%B4%ED%83%84/%ED%96%A5%EC%88%98,본문/시/임화 - 향수 (1938-01-01).txt
시계열,1938-01-01,수록 문집 간행 연도,시,현해탄,임화,1095,https://ko.wikisource.org/wiki/%ED%98%84%ED%95%B4%ED%83%84/%ED%98%84%ED%95%B4%ED%83%84,본문/시/임화 - 현해탄 (1938-01-01).txt
시계열,1938-01-01,수록 문집 간행 연도,단편소설,호미부(虎美婦) 이제,김동인,11350,https://ko.wikisource.org/wiki/%EB%8F%99%EC%9D%B8%EC%82%AC%EB%8B%B4%EC%A7%91_1/%ED%98%B8%EB%AF%B8%EB%B6%80_2%EC%A0%9C,본문/단편소설/김동인 - 호미부(虎美婦) 이제 (1938-01-01).txt
시계열,1938-01-01,수록 문집 간행 연도,시,호외,노천명,189,https://ko.wikisource.org/wiki/%EC%82%B0%ED%98%B8%EB%A6%BC/%ED%98%B8%EC%99%B8,본문/시/노천명 - 호외 (1938-01-01).txt
시계열,1938-01-01,수록 문집 간행 연도,시,홍수(洪水) 뒤,임화,220,https://ko.wikisource.org/wiki/%ED%98%84%ED%95%B4%ED%83%84/%ED%99%8D%EC%88%98_%EB%92%A4,본문/시/임화 - 홍수(洪水) 뒤 (1938-01-01).txt
시계열,1938-01-01,수록 문집 간행 연도,단편소설,화하난무,김동인,3919,https://ko.wikisource.org/wiki/%EB%8F%99%EC%9D%B8%EC%82%AC%EB%8B%B4%EC%A7%91_2/%ED%99%94%ED%95%98%EB%82%9C%EB%AC%B4,본문/단편소설/김동인 - 화하난무 (1938-01-01).txt
시계열,1938-01-01,수록 문집 간행 연도,시,황마차,노천명,165,https://ko.wikisource.org/wiki/%EC%82%B0%ED%98%B8%EB%A6%BC/%ED%99%A9%EB%A7%88%EC%B0%A8,본문/시/노천명 - 황마차 (1938-01-01).txt
시계열,1938-01-01,수록 문집 간행 연도,시,황무지,임화,491,https://ko.wikisource.org/wiki/%ED%98%84%ED%95%B4%ED%83%84/%ED%99%A9%EB%AC%B4%EC%A7%80,본문/시/임화 - 황무지 (1938-01-01).txt
시계열,1938-01-01,발표 연도,수필,훌륭한 반주,홍난파,373,https://ko.wikisource.org/wiki/%EC%9D%8C%EC%95%85%EB%A7%8C%ED%95%84/%ED%9B%8C%EB%A5%AD%ED%95%9C_%EB%B0%98%EC%A3%BC,본문/수필/홍난파 - 훌륭한 반주 (1938-01-01).txt
시계열,1938-01-01,발표 연도,수필,휘파람 인사,홍난파,336,https://ko.wikisource.org/wiki/%EC%9D%8C%EC%95%85%EB%A7%8C%ED%95%84/%ED%9C%98%ED%8C%8C%EB%9E%8C_%EC%9D%B8%EC%82%AC,본문/수필/홍난파 - 휘파람 인사 (1938-01-01).txt
시계열,1938-02-01,발표 월,수필,베토벤과 불후의 총자,홍난파,10630,https://ko.wikisource.org/wiki/%EC%9D%8C%EC%95%85%EB%A7%8C%ED%95%84/%EB%B2%A0%ED%86%A0%EB%B2%A4%EA%B3%BC_%EB%B6%88%ED%9B%84%EC%9D%98_%EC%B4%9D%EC%9E%90,본문/수필/홍난파 - 베토벤과 불후의 총자 (1938-02-01).txt
시계열,1938-02-27,발표일,수필,재즈 음악에 대하여,홍난파,4587,https://ko.wikisource.org/wiki/%EC%9D%8C%EC%95%85%EB%A7%8C%ED%95%84/%EC%9E%AC%EC%A6%88_%EC%9D%8C%EC%95%85%EC%97%90_%EB%8C%80%ED%95%98%EC%97%AC,본문/수필/홍난파 - 재즈 음악에 대하여 (1938-02-27).txt
시계열,1938-03-01,발표 월,수필,사는 일과 가산,김교신,1024,https://ko.wikisource.org/wiki/%EC%82%AC%EB%8A%94_%EC%9D%BC%EA%B3%BC_%EA%B0%80%EC%82%B0,본문/수필/김교신 - 사는 일과 가산 (1938-03-01).txt
시계열,1938-03-25,발표일,단편소설,치숙,채만식,10459,https://ko.wikisource.org/wiki/%EC%B9%98%EC%88%99,본문/단편소설/채만식 - 치숙 (1938-03-25).txt
시계열,1938-04-01,발표 월,시,만폭동,박용철,129,https://ko.wikisource.org/wiki/%EB%B0%95%EC%9A%A9%EC%B2%A0_%EC%8B%9C%EC%A7%91/%EB%A7%8C%ED%8F%AD%EB%8F%99,본문/시/박용철 - 만폭동 (1938-04-01).txt
시계열,1938-04-01,발표 월,기타,이한,홍사용,215,https://ko.wikisource.org/wiki/%EC%9D%B4%ED%95%9C,본문/기타/홍사용 - 이한 (1938-04-01).txt
시계열,1938-05-01,발표 월,단편소설,검둥이,강경애,6602,https://ko.wikisource.org/wiki/%EA%B2%80%EB%91%A5%EC%9D%B4,본문/단편소설/강경애 - 검둥이 (1938-05-01).txt
시계열,1938-05-01,발표 월,소설,견훤,김동인,141267,https://ko.wikisource.org/wiki/%EA%B2%AC%ED%9B%A4,본문/소설/김동인 - 견훤 (1938-05-01).txt
시계열,1938-05-01,발표 월,수필,장미,계용묵,857,https://ko.wikisource.org/wiki/%EC%83%81%EC%95%84%ED%83%91/%EC%9E%A5%EB%AF%B8,본문/수필/계용묵 - 장미 (1938-05-01).txt
시계열,1938-05-05,발표일,소설,막,이효석,10443,https://ko.wikisource.org/wiki/%EB%A7%89,본문/소설/이효석 - 막 (1938-05-05).txt
시계열,1938-05-10,창작일,시,새로운 길,윤동주,109,https://ko.wikisource.org/wiki/%ED%95%98%EB%8A%98%EA%B3%BC_%EB%B0%94%EB%9E%8C%EA%B3%BC_%EB%B3%84%EA%B3%BC_%EC%8B%9C_%281948%EB%85%84%29/%EC%83%88%EB%A1%9C%EC%9A%B4_%EA%B8%B8,본문/시/윤동주 - 새로운 길 (1938-05-10).txt
시계열,1938-06-01,발표 월,단편소설,환시기,이상,4711,https://ko.wikisource.org/wiki/%ED%99%98%EC%8B%9C%EA%B8%B0,본문/단편소설/이상 - 환시기 (1938-06-01).txt
시계열,1938-07-01,발표 월,수필,문학(文學)과 정치,이상,1316,https://ko.wikisource.org/wiki/%EB%AC%B8%ED%95%99%EA%B3%BC_%EC%A0%95%EC%B9%98,본문/수필/이상 - 문학(文學)과 정치 (1938-07-01).txt
시계열,1938-07-01,발표 월,단편소설,쑥국새,채만식,6168,https://ko.wikisource.org/wiki/%EC%91%A5%EA%B5%AD%EC%83%88,본문/단편소설/채만식 - 쑥국새 (1938-07-01).txt
시계열,1938-07-20,발표일,장편소설,무영탑,현진건,246646,https://ko.wikisource.org/wiki/%EB%AC%B4%EC%98%81%ED%83%91,본문/장편소설/현진건 - 무영탑 (1938-07-20).txt
시계열,1938-08-01,발표 월,단편소설,월산(月山) 따른 지녀,김동인,8040,https://ko.wikisource.org/wiki/%EB%8F%99%EC%9D%B8%EC%82%AC%EB%8B%B4%EC%A7%91_4/%EC%9B%94%EC%82%B0_%EB%94%B0%EB%A5%B8_%EC%A7%80%EB%85%80,본문/단편소설/김동인 - 월산(月山) 따른 지녀 (1938-08-01).txt
시계열,1938-08-11,발표일,소설,해바라기,이효석,10291,https://ko.wikisource.org/wiki/%ED%95%B4%EB%B0%94%EB%9D%BC%EA%B8%B0%28%EC%9D%B4%ED%9A%A8%EC%84%9D%29,본문/소설/이효석 - 해바라기 (1938-08-11).txt
시계열,1938-08-22,발표일,수필,자기심화의 길,이육사,907,https://ko.wikisource.org/wiki/%EC%9E%90%EA%B8%B0_%EC%8B%AC%ED%99%94%EC%9D%98_%EA%B8%B8,본문/수필/이육사 - 자기심화의 길 (1938-08-22).txt
시계열,1938-09-01,발표 월,소설,공상구락부,이효석,10616,https://ko.wikisource.org/wiki/%EA%B3%B5%EC%83%81%EA%B5%AC%EB%9D%BD%EB%B6%80,본문/소설/이효석 - 공상구락부 (1938-09-01).txt
시계열,1938-09-01,발표 월,소설,무자리,김남천,13066,https://ko.wikisource.org/wiki/%EB%AC%B4%EC%9E%90%EB%A6%AC,본문/소설/김남천 - 무자리 (1938-09-01).txt
시계열,1938-09-01,발표 월,소설,부록,이효석,7757,https://ko.wikisource.org/wiki/%EB%B6%80%EB%A1%9D,본문/소설/이효석 - 부록 (1938-09-01).txt
시계열,1938-09-01,발표 월,소설,소라,이효석,9545,https://ko.wikisource.org/wiki/%EC%86%8C%EB%9D%BC,본문/소설/이효석 - 소라 (1938-09-01).txt
시계열,1938-09-01,발표 월,수필,스크린의 여왕에게 보내는 편지,이효석,4976,https://ko.wikisource.org/wiki/%EC%8A%A4%ED%81%AC%EB%A6%B0%EC%9D%98_%EC%97%AC%EC%99%95%EC%97%90%EA%B2%8C_%EB%B3%B4%EB%82%B4%EB%8A%94_%ED%8E%B8%EC%A7%80,본문/수필/이효석 - 스크린의 여왕에게 보내는 편지 (1938-09-01).txt
시계열,1938-09-15,창작일,시,아우의 인상화,윤동주,144,https://ko.wikisource.org/wiki/%ED%95%98%EB%8A%98%EA%B3%BC_%EB%B0%94%EB%9E%8C%EA%B3%BC_%EB%B3%84%EA%B3%BC_%EC%8B%9C_%281948%EB%85%84%29/%EC%95%84%EC%9A%B0%EC%9D%98_%EC%9D%B8%EC%83%81%ED%99%94,본문/시/윤동주 - 아우의 인상화 (1938-09-15).txt
시계열,1938-09-20,발표일,시,코스모스,윤동주,124,https://ko.wikisource.org/wiki/%ED%95%98%EB%8A%98%EA%B3%BC_%EB%B0%94%EB%9E%8C%EA%B3%BC_%EB%B3%84%EA%B3%BC_%EC%8B%9C_%281979%EB%85%84%29/%EC%BD%94%EC%8A%A4%EB%AA%A8%EC%8A%A4,본문/시/윤동주 - 코스모스 (1938-09-20).txt
시계열,1938-10-01,발표 월,시,무제 1,이상,268,https://ko.wikisource.org/wiki/%EB%AC%B4%EC%A0%9C_1,본문/시/이상 - 무제 1 (1938-10-01).txt
시계열,1938-10-01,발표 월,시,무제 2,이상,213,https://ko.wikisource.org/wiki/%EB%AC%B4%EC%A0%9C_2,본문/시/이상 - 무제 2 (1938-10-01).txt
시계열,1938-10-01,발표 월,수필,살인서비화,김진섭,2378,https://ko.wikisource.org/wiki/%EC%82%B4%EC%9D%B8%EC%84%9C%EB%B9%84%ED%99%94,본문/수필/김진섭 - 살인서비화 (1938-10-01).txt
시계열,1938-10-01,발표 월,희곡,출가,홍사용,28122,https://ko.wikisource.org/wiki/%EC%B6%9C%EA%B0%80,본문/희곡/홍사용 - 출가 (1938-10-01).txt
시계열,1938-12-01,발표 월,단편소설,가을과 산양,이효석,5047,https://ko.wikisource.org/wiki/%EA%B0%80%EC%9D%84%EA%B3%BC_%EC%82%B0%EC%96%91,본문/단편소설/이효석 - 가을과 산양 (1938-12-01).txt
시계열,1938-12-02,발표일,소설,뺑덕이네,홍사용,6372,https://ko.wikisource.org/wiki/%EB%BA%91%EB%8D%95%EC%9D%B4%EB%84%A4,본문/소설/홍사용 - 뺑덕이네 (1938-12-02).txt
시계열,1939-01-01,사후 간행 문집 간행 연도,시,Be nobler,박용철,185,https://ko.wikisource.org/wiki/%EB%B0%95%EC%9A%A9%EC%B2%A0_%EC%8B%9C%EC%A7%91/Be_nobler,본문/시/박용철 - Be nobler (1939-01-01).txt
시계열,1939-01-01,수록 문집 간행 연도,시,ELEGIE,윤곤강,196,https://ko.wikisource.org/wiki/%EB%A7%8C%EA%B0%80/ELEGIE,본문/시/윤곤강 - ELEGIE (1939-01-01).txt
시계열,1939-01-01,사후 간행 문집 간행 연도,시,Invocation,박용철,204,https://ko.wikisource.org/wiki/%EB%B0%95%EC%9A%A9%EC%B2%A0_%EC%8B%9C%EC%A7%91/Invocation,본문/시/박용철 - Invocation (1939-01-01).txt
시계열,1939-01-01,수록 문집 간행 연도,시,LA PALOMA,윤곤강,166,https://ko.wikisource.org/wiki/%EB%A7%8C%EA%B0%80/LA_PALOMA,본문/시/윤곤강 - LA PALOMA (1939-01-01).txt
시계열,1939-01-01,수록 문집 간행 연도,시,The Last Train,오장환,149,https://ko.wikisource.org/wiki/%ED%97%8C%EC%82%AC/The_Last_Train,본문/시/오장환 - The Last Train (1939-01-01).txt
시계열,1939-01-01,발표 연도,시,失題[실제],변영로,177,https://ko.wikisource.org/wiki/%EC%8B%A4%EC%A0%9C_%28%EB%B3%80%EC%98%81%EB%A1%9C%29,본문/시/변영로 - 失題[실제] (1939-01-01).txt
시계열,1939-01-01,수록 문집 간행 연도,시,가거라 새로운 생활로,김기림,277,https://ko.wikisource.org/wiki/%ED%83%9C%EC%96%91%EC%9D%98_%ED%92%8D%EC%86%8D/%EA%B0%80%EA%B1%B0%EB%9D%BC_%EC%83%88%EB%A1%9C%EC%9A%B4_%EC%83%9D%ED%99%9C%EB%A1%9C,본문/시/김기림 - 가거라 새로운 생활로 (1939-01-01).txt
시계열,1939-01-01,수록 문집 간행 연도,시,가을의 과수원,김기림,337,https://ko.wikisource.org/wiki/%ED%83%9C%EC%96%91%EC%9D%98_%ED%92%8D%EC%86%8D/%EA%B0%80%EC%9D%84%EC%9D%98_%EA%B3%BC%EC%88%98%EC%9B%90,본문/시/김기림 - 가을의 과수원 (1939-01-01).txt
시계열,1939-01-01,수록 문집 간행 연도,시,가을의 태양은 플라티나의 연미복을 입고,김기림,170,https://ko.wikisource.org/wiki/%ED%83%9C%EC%96%91%EC%9D%98_%ED%92%8D%EC%86%8D/%EA%B0%80%EC%9D%84%EC%9D%98_%ED%83%9C%EC%96%91%EC%9D%80_%ED%94%8C%EB%9D%BC%ED%8B%B0%EB%82%98%EC%9D%98_%EC%97%B0%EB%AF%B8%EB%B3%B5%EC%9D%84_%EC%9E%85%EA%B3%A0,본문/시/김기림 - 가을의 태양은 플라티나의 연미복을 입고 (1939-01-01).txt
시계열,1939-01-01,사후 간행 문집 간행 연도,시,갈랜드,갈랜드(옮김),127,https://ko.wikisource.org/wiki/%EB%B0%95%EC%9A%A9%EC%B2%A0_%EB%B2%88%EC%97%AD%EC%8B%9C%EC%A7%91/%EA%B0%88%EB%9E%9C%EB%93%9C,본문/시/갈랜드(옮김) - 갈랜드 (1939-01-01).txt
시계열,1939-01-01,사후 간행 문집 간행 연도,시,갈리엔,갈리엔(옮김),416,https://ko.wikisource.org/wiki/%EB%B0%95%EC%9A%A9%EC%B2%A0_%EB%B2%88%EC%97%AD%EC%8B%9C%EC%A7%91/%EA%B0%88%EB%A6%AC%EC%97%94,본문/시/갈리엔(옮김) - 갈리엔 (1939-01-01).txt
시계열,1939-01-01,수록 문집 간행 연도,시,감상 풍경,김기림,249,https://ko.wikisource.org/wiki/%ED%83%9C%EC%96%91%EC%9D%98_%ED%92%8D%EC%86%8D/%EA%B0%90%EC%83%81_%ED%92%8D%EA%B2%BD,본문/시/김기림 - 감상 풍경 (1939-01-01).txt
시계열,1939-01-01,수록 문집 간행 연도,시,개똥벌레,윤곤강,23,https://ko.wikisource.org/wiki/%EB%8F%99%EB%AC%BC_%EC%8B%9C%EC%A7%91/%EA%B0%9C%EB%98%A5%EB%B2%8C%EB%A0%88,본문/시/윤곤강 - 개똥벌레 (1939-01-01).txt
시계열,1939-01-01,수록 문집 간행 연도,시,검둥이,윤곤강,119,https://ko.wikisource.org/wiki/%EB%8F%99%EB%AC%BC_%EC%8B%9C%EC%A7%91/%EA%B2%80%EB%91%A5%EC%9D%B4,본문/시/윤곤강 - 검둥이 (1939-01-01).txt
시계열,1939-01-01,수록 문집 간행 연도,시,고독,윤곤강,100,https://ko.wikisource.org/wiki/%EB%A7%8C%EA%B0%80/%EA%B3%A0%EB%8F%85,본문/시/윤곤강 - 고독 (1939-01-01).txt
시계열,1939-01-01,수록 문집 간행 연도,시,고백,윤곤강,155,https://ko.wikisource.org/wiki/%EB%A7%8C%EA%B0%80/%EA%B3%A0%EB%B0%B1,본문/시/윤곤강 - 고백 (1939-01-01).txt
시계열,1939-01-01,사후 간행 문집 간행 연도,시,고시,고시(옮김),457,https://ko.wikisource.org/wiki/%EB%B0%95%EC%9A%A9%EC%B2%A0_%EB%B2%88%EC%97%AD%EC%8B%9C%EC%A7%91/%EA%B3%A0%EC%8B%9C,본문/시/고시(옮김) - 고시 (1939-01-01).txt
시계열,1939-01-01,수록 문집 간행 연도,시,고양이,윤곤강,136,https://ko.wikisource.org/wiki/%EB%8F%99%EB%AC%BC_%EC%8B%9C%EC%A7%91/%EA%B3%A0%EC%96%91%EC%9D%B4,본문/시/윤곤강 - 고양이 (1939-01-01).txt
시계열,1939-01-01,수록 문집 간행 연도,시,고향 앞에서,오장환,223,https://ko.wikisource.org/wiki/%EB%82%98_%EC%82%AC%EB%8A%94_%EA%B3%B3/%EA%B3%A0%ED%96%A5_%EC%95%9E%EC%97%90%EC%84%9C,본문/시/오장환 - 고향 앞에서 (1939-01-01).txt
시계열,1939-01-01,수록 문집 간행 연도,시,과거,윤곤강,90,https://ko.wikisource.org/wiki/%EB%A7%8C%EA%B0%80/%EA%B3%BC%EA%B1%B0,본문/시/윤곤강 - 과거 (1939-01-01).txt
시계열,1939-01-01,발표 연도,한시,교정,이승휴,84,https://ko.wikisource.org/wiki/%EC%A0%9C%EC%99%95%EC%9A%B4%EA%B8%B0_%28%EC%A1%B0%EC%84%A0%EA%B3%A0%EC%A0%84%EA%B0%84%ED%96%89%ED%9A%8C%29/%EA%B5%90%EC%A0%95,본문/한시/이승휴 - 교정 (1939-01-01).txt
시계열,1939-01-01,수록 문집 간행 연도,시,구름과 눈물의 노래,오장환,277,https://ko.wikisource.org/wiki/%EB%82%98_%EC%82%AC%EB%8A%94_%EA%B3%B3/%EA%B5%AC%EB%A6%84%EA%B3%BC_%EB%88%88%EB%AC%BC%EC%9D%98_%EB%85%B8%EB%9E%98,본문/시/오장환 - 구름과 눈물의 노래 (1939-01-01).txt
시계열,1939-01-01,수록 문집 간행 연도,시,굴뚝,김기림,114,https://ko.wikisource.org/wiki/%ED%83%9C%EC%96%91%EC%9D%98_%ED%92%8D%EC%86%8D/%EA%B5%B4%EB%9A%9D,본문/시/김기림 - 굴뚝 (1939-01-01).txt
시계열,1939-01-01,수록 문집 간행 연도,시,굼벵이,윤곤강,123,https://ko.wikisource.org/wiki/%EB%8F%99%EB%AC%BC_%EC%8B%9C%EC%A7%91/%EA%B5%BC%EB%B2%B5%EC%9D%B4,본문/시/윤곤강 - 굼벵이 (1939-01-01).txt
시계열,1939-01-01,발표 연도,한시,권상,이승휴,6230,https://ko.wikisource.org/wiki/%EC%A0%9C%EC%99%95%EC%9A%B4%EA%B8%B0_%28%EC%A1%B0%EC%84%A0%EA%B3%A0%EC%A0%84%EA%B0%84%ED%96%89%ED%9A%8C%29/%EA%B6%8C%EC%83%81,본문/한시/이승휴 - 권상 (1939-01-01).txt
시계열,1939-01-01,발표 연도,한시,권하,이승휴,4840,https://ko.wikisource.org/wiki/%EC%A0%9C%EC%99%95%EC%9A%B4%EA%B8%B0_%28%EC%A1%B0%EC%84%A0%EA%B3%A0%EC%A0%84%EA%B0%84%ED%96%89%ED%9A%8C%29/%EA%B6%8C%ED%95%98,본문/한시/이승휴 - 권하 (1939-01-01).txt
시계열,1939-01-01,사후 간행 문집 간행 연도,시,귀테르만,귀테르만(옮김),303,https://ko.wikisource.org/wiki/%EB%B0%95%EC%9A%A9%EC%B2%A0_%EB%B2%88%EC%97%AD%EC%8B%9C%EC%A7%91/%EA%B7%80%ED%85%8C%EB%A5%B4%EB%A7%8C,본문/시/귀테르만(옮김) - 귀테르만 (1939-01-01).txt
시계열,1939-01-01,사후 간행 문집 간행 연도,시,기다리던 때,박용철,232,https://ko.wikisource.org/wiki/%EB%B0%95%EC%9A%A9%EC%B2%A0_%EC%8B%9C%EC%A7%91/%EA%B8%B0%EB%8B%A4%EB%A6%AC%EB%8D%98_%EB%95%8C,본문/시/박용철 - 기다리던 때 (1939-01-01).txt
시계열,1939-01-01,사후 간행 문집 간행 연도,시,기원,박용철,388,https://ko.wikisource.org/wiki/%EB%B0%95%EC%9A%A9%EC%B2%A0_%EC%8B%9C%EC%A7%91/%EA%B8%B0%EC%9B%90,본문/시/박용철 - 기원 (1939-01-01).txt
시계열,1939-01-01,수록 문집 간행 연도,시,기차,김기림,236,https://ko.wikisource.org/wiki/%ED%83%9C%EC%96%91%EC%9D%98_%ED%92%8D%EC%86%8D/%EA%B8%B0%EC%B0%A8,본문/시/김기림 - 기차 (1939-01-01).txt
시계열,1939-01-01,수록 문집 간행 연도,시,길손의 노래,오장환,234,https://ko.wikisource.org/wiki/%EB%82%98_%EC%82%AC%EB%8A%94_%EA%B3%B3/%EA%B8%B8%EC%86%90%EC%9D%98_%EB%85%B8%EB%9E%98,본문/시/오장환 - 길손의 노래 (1939-01-01).txt
시계열,1939-01-01,사후 간행 문집 간행 연도,시,깁슨,깁슨(옮김),3026,https://ko.wikisource.org/wiki/%EB%B0%95%EC%9A%A9%EC%B2%A0_%EB%B2%88%EC%97%AD%EC%8B%9C%EC%A7%91/%EA%B9%81%EC%8A%A8,본문/시/깁슨(옮김) - 깁슨 (1939-01-01).txt
시계열,1939-01-01,수록 문집 간행 연도,시,꿈꾸는 진주여 바다로 가자,김기림,406,https://ko.wikisource.org/wiki/%ED%83%9C%EC%96%91%EC%9D%98_%ED%92%8D%EC%86%8D/%EA%BF%88%EA%BE%B8%EB%8A%94_%EC%A7%84%EC%A3%BC%EC%97%AC_%EB%B0%94%EB%8B%A4%EB%A1%9C_%EA%B0%80%EC%9E%90,본문/시/김기림 - 꿈꾸는 진주여 바다로 가자 (1939-01-01).txt
시계열,1939-01-01,사후 간행 문집 간행 연도,시,나는 그를 불사르노라,박용철,277,https://ko.wikisource.org/wiki/%EB%B0%95%EC%9A%A9%EC%B2%A0_%EC%8B%9C%EC%A7%91/%EB%82%98%EB%8A%94_%EA%B7%B8%EB%A5%BC_%EB%B6%88%EC%82%AC%EB%A5%B4%EB%85%B8%EB%9D%BC,본문/시/박용철 - 나는 그를 불사르노라 (1939-01-01).txt
시계열,1939-01-01,사후 간행 문집 간행 연도,시,나는 네 것 아니라,박용철,195,https://ko.wikisource.org/wiki/%EB%B0%95%EC%9A%A9%EC%B2%A0_%EC%8B%9C%EC%A7%91/%EB%82%98%EB%8A%94_%EB%84%A4_%EA%B2%83_%EC%95%84%EB%8B%88%EB%9D%BC,본문/시/박용철 - 나는 네 것 아니라 (1939-01-01).txt
시계열,1939-01-01,수록 문집 간행 연도,시,나의 노래,오장환,156,https://ko.wikisource.org/wiki/%ED%97%8C%EC%82%AC/%EB%82%98%EC%9D%98_%EB%85%B8%EB%9E%98,본문/시/오장환 - 나의 노래 (1939-01-01).txt
시계열,1939-01-01,수록 문집 간행 연도,시,낙타 1,윤곤강,75,https://ko.wikisource.org/wiki/%EB%8F%99%EB%AC%BC_%EC%8B%9C%EC%A7%91/%EB%82%99%ED%83%80_1,본문/시/윤곤강 - 낙타 1 (1939-01-01).txt
시계열,1939-01-01,발표 연도,시,남한산성,이육사,65,https://ko.wikisource.org/wiki/%EB%82%A8%ED%95%9C%EC%82%B0%EC%84%B1_%28%EC%9D%B4%EC%9C%A1%EC%82%AC%29,본문/시/이육사 - 남한산성 (1939-01-01).txt
시계열,1939-01-01,사후 간행 문집 간행 연도,시,너의 그림자,박용철,47,https://ko.wikisource.org/wiki/%EB%B0%95%EC%9A%A9%EC%B2%A0_%EC%8B%9C%EC%A7%91/%EB%84%88%EC%9D%98_%EA%B7%B8%EB%A6%BC%EC%9E%90,본문/시/박용철 - 너의 그림자 (1939-01-01).txt
시계열,1939-01-01,사후 간행 문집 간행 연도,시,눈 1,박용철,233,https://ko.wikisource.org/wiki/%EB%B0%95%EC%9A%A9%EC%B2%A0_%EC%8B%9C%EC%A7%91/%EB%88%88_1,본문/시/박용철 - 눈 1 (1939-01-01).txt
시계열,1939-01-01,사후 간행 문집 간행 연도,시,눈 2,박용철,248,https://ko.wikisource.org/wiki/%EB%B0%95%EC%9A%A9%EC%B2%A0_%EC%8B%9C%EC%A7%91/%EB%88%88_2,본문/시/박용철 - 눈 2 (1939-01-01).txt
시계열,1939-01-01,사후 간행 문집 간행 연도,시,다시,박용철,108,https://ko.wikisource.org/wiki/%EB%B0%95%EC%9A%A9%EC%B2%A0_%EC%8B%9C%EC%A7%91/%EB%8B%A4%EC%8B%9C,본문/시/박용철 - 다시 (1939-01-01).txt
시계열,1939-01-01,수록 문집 간행 연도,시,다시 미당리,오장환,204,https://ko.wikisource.org/wiki/%EB%82%98_%EC%82%AC%EB%8A%94_%EA%B3%B3/%EB%8B%A4%EC%8B%9C_%EB%AF%B8%EB%8B%B9%EB%A6%AC,본문/시/오장환 - 다시 미당리 (1939-01-01).txt
시계열,1939-01-01,사후 간행 문집 간행 연도,시,다우슨,다우슨(옮김),113,https://ko.wikisource.org/wiki/%EB%B0%95%EC%9A%A9%EC%B2%A0_%EB%B2%88%EC%97%AD%EC%8B%9C%EC%A7%91/%EB%8B%A4%EC%9A%B0%EC%8A%A8,본문/시/다우슨(옮김) - 다우슨 (1939-01-01).txt
시계열,1939-01-01,사후 간행 문집 간행 연도,시,단상 1,박용철,132,https://ko.wikisource.org/wiki/%EB%B0%95%EC%9A%A9%EC%B2%A0_%EC%8B%9C%EC%A7%91/%EB%8B%A8%EC%83%81_1,본문/시/박용철 - 단상 1 (1939-01-01).txt
시계열,1939-01-01,사후 간행 문집 간행 연도,시,단상 2,박용철,127,https://ko.wikisource.org/wiki/%EB%B0%95%EC%9A%A9%EC%B2%A0_%EC%8B%9C%EC%A7%91/%EB%8B%A8%EC%83%81_2,본문/시/박용철 - 단상 2 (1939-01-01).txt
시계열,1939-01-01,발표 연도,수필,달을 쏘다,윤동주,1234,https://ko.wikisource.org/wiki/%EB%8B%AC%EC%9D%84_%EC%8F%98%EB%8B%A4,본문/수필/윤동주 - 달을 쏘다 (1939-01-01).txt
시계열,1939-01-01,수록 문집 간행 연도,시,달팽이,윤곤강,221,https://ko.wikisource.org/wiki/%EB%8F%99%EB%AC%BC_%EC%8B%9C%EC%A7%91/%EB%8B%AC%ED%8C%BD%EC%9D%B4,본문/시/윤곤강 - 달팽이 (1939-01-01).txt
시계열,1939-01-01,수록 문집 간행 연도,서간,담헌서서,정인보,1615,https://ko.wikisource.org/wiki/%EB%8B%B4%ED%97%8C%EC%84%9C/%EB%8B%B4%ED%97%8C%EC%84%9C%EC%84%9C,본문/서간/정인보 - 담헌서서 (1939-01-01).txt
시계열,1939-01-01,수록 문집 간행 연도,시,당나귀,윤곤강,130,https://ko.wikisource.org/wiki/%EB%8F%99%EB%AC%BC_%EC%8B%9C%EC%A7%91/%EB%8B%B9%EB%82%98%EA%B7%80,본문/시/윤곤강 - 당나귀 (1939-01-01).txt
시계열,1939-01-01,발표 연도,장편소설,대하,김남천,171887,https://ko.wikisource.org/wiki/%EB%8C%80%ED%95%98,본문/장편소설/김남천 - 대하 (1939-01-01).txt
시계열,1939-01-01,사후 간행 문집 간행 연도,시,데이비스,데이비스(옮김),447,https://ko.wikisource.org/wiki/%EB%B0%95%EC%9A%A9%EC%B2%A0_%EB%B2%88%EC%97%AD%EC%8B%9C%EC%A7%91/%EB%8D%B0%EC%9D%B4%EB%B9%84%EC%8A%A4,본문/시/데이비스(옮김) - 데이비스 (1939-01-01).txt
시계열,1939-01-01,수록 문집 간행 연도,시,독사,윤곤강,123,https://ko.wikisource.org/wiki/%EB%8F%99%EB%AC%BC_%EC%8B%9C%EC%A7%91/%EB%8F%85%EC%82%AC,본문/시/윤곤강 - 독사 (1939-01-01).txt
시계열,1939-01-01,사후 간행 문집 간행 연도,시,동지,박용철,59,https://ko.wikisource.org/wiki/%EB%B0%95%EC%9A%A9%EC%B2%A0_%EC%8B%9C%EC%A7%91/%EB%8F%99%EC%A7%80,본문/시/박용철 - 동지 (1939-01-01).txt
시계열,1939-01-01,수록 문집 간행 연도,시,동쪽,윤곤강,53,https://ko.wikisource.org/wiki/%EB%A7%8C%EA%B0%80/%EB%8F%99%EC%AA%BD,본문/시/윤곤강 - 동쪽 (1939-01-01).txt
시계열,1939-01-01,사후 간행 문집 간행 연도,시,두 마리의 새,박용철,281,https://ko.wikisource.org/wiki/%EB%B0%95%EC%9A%A9%EC%B2%A0_%EC%8B%9C%EC%A7%91/%EB%91%90_%EB%A7%88%EB%A6%AC%EC%9D%98_%EC%83%88,본문/시/박용철 - 두 마리의 새 (1939-01-01).txt
시계열,1939-01-01,발표 연도,소설,두포전,김유정,18917,https://ko.wikisource.org/wiki/%EB%91%90%ED%8F%AC%EC%A0%84,본문/소설/김유정 - 두포전 (1939-01-01).txt
시계열,1939-01-01,사후 간행 문집 간행 연도,시,디킨슨,에밀리 디킨슨(옮김),209,https://ko.wikisource.org/wiki/%EB%B0%95%EC%9A%A9%EC%B2%A0_%EB%B2%88%EC%97%AD%EC%8B%9C%EC%A7%91/%EB%94%94%ED%82%A8%EC%8A%A8,본문/시/에밀리 디킨슨(옮김) - 디킨슨 (1939-01-01).txt
시계열,1939-01-01,발표 연도,시,땅거미 질 때,변영로,208,https://ko.wikisource.org/wiki/%EB%95%85%EA%B1%B0%EB%AF%B8_%EC%A7%88_%EB%95%8C,본문/시/변영로 - 땅거미 질 때 (1939-01-01).txt
시계열,1939-01-01,사후 간행 문집 간행 연도,시,랜더,랜더(옮김),408,https://ko.wikisource.org/wiki/%EB%B0%95%EC%9A%A9%EC%B2%A0_%EB%B2%88%EC%97%AD%EC%8B%9C%EC%A7%91/%EB%9E%9C%EB%8D%94,본문/시/랜더(옮김) - 랜더 (1939-01-01).txt
시계열,1939-01-01,사후 간행 문집 간행 연도,시,레키,레키(옮김),228,https://ko.wikisource.org/wiki/%EB%B0%95%EC%9A%A9%EC%B2%A0_%EB%B2%88%EC%97%AD%EC%8B%9C%EC%A7%91/%EB%A0%88%ED%82%A4,본문/시/레키(옮김) - 레키 (1939-01-01).txt
시계열,1939-01-01,사후 간행 문집 간행 연도,시,로-만스,박용철,417,https://ko.wikisource.org/wiki/%EB%B0%95%EC%9A%A9%EC%B2%A0_%EC%8B%9C%EC%A7%91/%EB%A1%9C-%EB%A7%8C%EC%8A%A4,본문/시/박용철 - 로-만스 (1939-01-01).txt
시계열,1939-01-01,사후 간행 문집 간행 연도,시,로웰,로웰(옮김),520,https://ko.wikisource.org/wiki/%EB%B0%95%EC%9A%A9%EC%B2%A0_%EB%B2%88%EC%97%AD%EC%8B%9C%EC%A7%91/%EB%A1%9C%EC%9B%B0,본문/시/로웰(옮김) - 로웰 (1939-01-01).txt
시계열,1939-01-01,사후 간행 문집 간행 연도,시,로제티,로제티(옮김),1684,https://ko.wikisource.org/wiki/%EB%B0%95%EC%9A%A9%EC%B2%A0_%EB%B2%88%EC%97%AD%EC%8B%9C%EC%A7%91/%EB%A1%9C%EC%A0%9C%ED%8B%B0,본문/시/로제티(옮김) - 로제티 (1939-01-01).txt
시계열,1939-01-01,사후 간행 문집 간행 연도,시,루퍼드 브룩,루퍼트 브룩(옮김),289,https://ko.wikisource.org/wiki/%EB%B0%95%EC%9A%A9%EC%B2%A0_%EB%B2%88%EC%97%AD%EC%8B%9C%EC%A7%91/%EB%A3%A8%ED%8D%BC%ED%8A%B8_%EB%B8%8C%EB%A3%A9,본문/시/루퍼트 브룩(옮김) - 루퍼드 브룩 (1939-01-01).txt
시계열,1939-01-01,사후 간행 문집 간행 연도,시,릴케,라이너 마리아 릴케(옮김),1027,https://ko.wikisource.org/wiki/%EB%B0%95%EC%9A%A9%EC%B2%A0_%EB%B2%88%EC%97%AD%EC%8B%9C%EC%A7%91/%EB%A6%B4%EC%BC%80,본문/시/라이너 마리아 릴케(옮김) - 릴케 (1939-01-01).txt
시계열,1939-01-01,발표 연도,장편소설,마인,김내성,445070,https://ko.wikisource.org/wiki/%EB%A7%88%EC%9D%B8,본문/장편소설/김내성 - 마인 (1939-01-01).txt
시계열,1939-01-01,사후 간행 문집 간행 연도,시,마컴,마컴(옮김),115,https://ko.wikisource.org/wiki/%EB%B0%95%EC%9A%A9%EC%B2%A0_%EB%B2%88%EC%97%AD%EC%8B%9C%EC%A7%91/%EB%A7%88%EC%BB%B4,본문/시/마컴(옮김) - 마컴 (1939-01-01).txt
시계열,1939-01-01,수록 문집 간행 연도,시,만가 1,윤곤강,231,https://ko.wikisource.org/wiki/%EB%A7%8C%EA%B0%80/%EB%A7%8C%EA%B0%80_1,본문/시/윤곤강 - 만가 1 (1939-01-01).txt
시계열,1939-01-01,수록 문집 간행 연도,시,만가 2,윤곤강,709,https://ko.wikisource.org/wiki/%EB%A7%8C%EA%B0%80/%EB%A7%8C%EA%B0%80_2,본문/시/윤곤강 - 만가 2 (1939-01-01).txt
시계열,1939-01-01,수록 문집 간행 연도,시,만가 3,윤곤강,509,https://ko.wikisource.org/wiki/%EB%A7%8C%EA%B0%80/%EB%A7%8C%EA%B0%80_3,본문/시/윤곤강 - 만가 3 (1939-01-01).txt
시계열,1939-01-01,사후 간행 문집 간행 연도,시,망각,박용철,172,https://ko.wikisource.org/wiki/%EB%B0%95%EC%9A%A9%EC%B2%A0_%EC%8B%9C%EC%A7%91/%EB%A7%9D%EA%B0%81,본문/시/박용철 - 망각 (1939-01-01).txt
시계열,1939-01-01,사후 간행 문집 간행 연도,시,매카이,매카이(옮김),160,https://ko.wikisource.org/wiki/%EB%B0%95%EC%9A%A9%EC%B2%A0_%EB%B2%88%EC%97%AD%EC%8B%9C%EC%A7%91/%EB%A7%A4%EC%B9%B4%EC%9D%B4,본문/시/매카이(옮김) - 매카이 (1939-01-01).txt
시계열,1939-01-01,사후 간행 문집 간행 연도,시,메러디스,메러디스(옮김),1202,https://ko.wikisource.org/wiki/%EB%B0%95%EC%9A%A9%EC%B2%A0_%EB%B2%88%EC%97%AD%EC%8B%9C%EC%A7%91/%EB%A9%94%EB%9F%AC%EB%94%94%EC%8A%A4,본문/시/메러디스(옮김) - 메러디스 (1939-01-01).txt
시계열,1939-01-01,사후 간행 문집 간행 연도,시,메어,메어(옮김),168,https://ko.wikisource.org/wiki/%EB%B0%95%EC%9A%A9%EC%B2%A0_%EB%B2%88%EC%97%AD%EC%8B%9C%EC%A7%91/%EB%A9%94%EC%96%B4,본문/시/메어(옮김) - 메어 (1939-01-01).txt
시계열,1939-01-01,사후 간행 문집 간행 연도,시,메이넬,메이넬(옮김),620,https://ko.wikisource.org/wiki/%EB%B0%95%EC%9A%A9%EC%B2%A0_%EB%B2%88%EC%97%AD%EC%8B%9C%EC%A7%91/%EB%A9%94%EC%9D%B4%EB%84%AC,본문/시/메이넬(옮김) - 메이넬 (1939-01-01).txt
시계열,1939-01-01,수록 문집 간행 연도,시,면경,윤곤강,105,https://ko.wikisource.org/wiki/%EB%A7%8C%EA%B0%80/%EB%A9%B4%EA%B2%BD,본문/시/윤곤강 - 면경 (1939-01-01).txt
시계열,1939-01-01,사후 간행 문집 간행 연도,시,모리스,모리스(옮김),202,https://ko.wikisource.org/wiki/%EB%B0%95%EC%9A%A9%EC%B2%A0_%EB%B2%88%EC%97%AD%EC%8B%9C%EC%A7%91/%EB%AA%A8%EB%A6%AC%EC%8A%A4,본문/시/모리스(옮김) - 모리스 (1939-01-01).txt
시계열,1939-01-01,사후 간행 문집 간행 연도,시,무덤과 달,박용철,151,https://ko.wikisource.org/wiki/%EB%B0%95%EC%9A%A9%EC%B2%A0_%EC%8B%9C%EC%A7%91/%EB%AC%B4%EB%8D%A4%EA%B3%BC_%EB%8B%AC,본문/시/박용철 - 무덤과 달 (1939-01-01).txt
시계열,1939-01-01,발표 연도,중편소설,무명,이광수,32427,https://ko.wikisource.org/wiki/%EB%AC%B4%EB%AA%85,본문/중편소설/이광수 - 무명 (1939-01-01).txt
시계열,1939-01-01,사후 간행 문집 간행 연도,시,무어,무어(옮김),728,https://ko.wikisource.org/wiki/%EB%B0%95%EC%9A%A9%EC%B2%A0_%EB%B2%88%EC%97%AD%EC%8B%9C%EC%A7%91/%EB%AC%B4%EC%96%B4,본문/시/무어(옮김) - 무어 (1939-01-01).txt
시계열,1939-01-01,수록 문집 간행 연도,시,무인도,오장환,201,https://ko.wikisource.org/wiki/%ED%97%8C%EC%82%AC/%EB%AC%B4%EC%9D%B8%EB%8F%84,본문/시/오장환 - 무인도 (1939-01-01).txt
시계열,1939-01-01,사후 간행 문집 간행 연도,시,무제,박용철,117,https://ko.wikisource.org/wiki/%EB%B0%95%EC%9A%A9%EC%B2%A0_%EC%8B%9C%EC%A7%91/%EB%AC%B4%EC%A0%9C,본문/시/박용철 - 무제 (1939-01-01).txt
시계열,1939-01-01,수록 문집 간행 연도,시,문각시,윤곤강,73,https://ko.wikisource.org/wiki/%EB%8F%99%EB%AC%BC_%EC%8B%9C%EC%A7%91/%EB%AC%B8%EA%B0%81%EC%8B%9C,본문/시/윤곤강 - 문각시 (1939-01-01).txt
시계열,1939-01-01,사후 간행 문집 간행 연도,시,밀레이,밀레이(옮김),346,https://ko.wikisource.org/wiki/%EB%B0%95%EC%9A%A9%EC%B2%A0_%EB%B2%88%EC%97%AD%EC%8B%9C%EC%A7%91/%EB%B0%80%EB%A0%88%EC%9D%B4,본문/시/밀레이(옮김) - 밀레이 (1939-01-01).txt
시계열,1939-01-01,발표 연도,기타,박용철 전집,박용철,22,https://ko.wikisource.org/wiki/%EB%B0%95%EC%9A%A9%EC%B2%A0_%EC%A0%84%EC%A7%91,본문/기타/박용철 - 박용철 전집 (1939-01-01).txt
시계열,1939-01-01,수록 문집 간행 연도,시,박쥐,윤곤강,213,https://ko.wikisource.org/wiki/%EB%8F%99%EB%AC%BC_%EC%8B%9C%EC%A7%91/%EB%B0%95%EC%A5%90,본문/시/윤곤강 - 박쥐 (1939-01-01).txt
시계열,1939-01-01,수록 문집 간행 연도,시,밤의 노래,오장환,420,https://ko.wikisource.org/wiki/%EB%82%98_%EC%82%AC%EB%8A%94_%EA%B3%B3/%EB%B0%A4%EC%9D%98_%EB%85%B8%EB%9E%98,본문/시/오장환 - 밤의 노래 (1939-01-01).txt
시계열,1939-01-01,수록 문집 간행 연도,시,방,김기림,362,https://ko.wikisource.org/wiki/%ED%83%9C%EC%96%91%EC%9D%98_%ED%92%8D%EC%86%8D/%EB%B0%A9,본문/시/김기림 - 방 (1939-01-01).txt
시계열,1939-01-01,수록 문집 간행 연도,시,배암,윤곤강,131,https://ko.wikisource.org/wiki/%EB%A7%8C%EA%B0%80/%EB%B0%B0%EC%95%94,본문/시/윤곤강 - 배암 (1939-01-01).txt
시계열,1939-01-01,사후 간행 문집 간행 연도,시,번스,번스(옮김),271,https://ko.wikisource.org/wiki/%EB%B0%95%EC%9A%A9%EC%B2%A0_%EB%B2%88%EC%97%AD%EC%8B%9C%EC%A7%91/%EB%B2%88%EC%8A%A4,본문/시/번스(옮김) - 번스 (1939-01-01).txt
시계열,1939-01-01,수록 문집 간행 연도,시,벌,윤곤강,37,https://ko.wikisource.org/wiki/%EB%8F%99%EB%AC%BC_%EC%8B%9C%EC%A7%91/%EB%B2%8C,본문/시/윤곤강 - 벌 (1939-01-01).txt
시계열,1939-01-01,사후 간행 문집 간행 연도,시,벨록,벨록(옮김),104,https://ko.wikisource.org/wiki/%EB%B0%95%EC%9A%A9%EC%B2%A0_%EB%B2%88%EC%97%AD%EC%8B%9C%EC%A7%91/%EB%B2%A8%EB%A1%9D,본문/시/벨록(옮김) - 벨록 (1939-01-01).txt
시계열,1939-01-01,수록 문집 간행 연도,시,별바다의 기억,윤곤강,267,https://ko.wikisource.org/wiki/%EB%A7%8C%EA%B0%80/%EB%B3%84%EB%B0%94%EB%8B%A4%EC%9D%98_%EA%B8%B0%EC%96%B5,본문/시/윤곤강 - 별바다의 기억 (1939-01-01).txt
시계열,1939-01-01,수록 문집 간행 연도,시,병든 마음,윤곤강,106,https://ko.wikisource.org/wiki/%EB%A7%8C%EA%B0%80/%EB%B3%91%EB%93%A0_%EB%A7%88%EC%9D%8C,본문/시/윤곤강 - 병든 마음 (1939-01-01).txt
시계열,1939-01-01,수록 문집 간행 연도,시,봄은 전보도 안 치고,김기림,305,https://ko.wikisource.org/wiki/%ED%83%9C%EC%96%91%EC%9D%98_%ED%92%8D%EC%86%8D/%EB%B4%84%EC%9D%80_%EC%A0%84%EB%B3%B4%EB%8F%84_%EC%95%88_%EC%B9%98%EA%B3%A0,본문/시/김기림 - 봄은 전보도 안 치고 (1939-01-01).txt
시계열,1939-01-01,사후 간행 문집 간행 연도,시,부엉이 운다,박용철,334,https://ko.wikisource.org/wiki/%EB%B0%95%EC%9A%A9%EC%B2%A0_%EC%8B%9C%EC%A7%91/%EB%B6%80%EC%97%89%EC%9D%B4_%EC%9A%B4%EB%8B%A4,본문/시/박용철 - 부엉이 운다 (1939-01-01).txt
시계열,1939-01-01,수록 문집 간행 연도,시,붉은 산,오장환,65,https://ko.wikisource.org/wiki/%EB%82%98_%EC%82%AC%EB%8A%94_%EA%B3%B3/%EB%B6%89%EC%9D%80_%EC%82%B0,본문/시/오장환 - 붉은 산 (1939-01-01).txt
시계열,1939-01-01,수록 문집 간행 연도,시,붉은 혓바닥,윤곤강,193,https://ko.wikisource.org/wiki/%EB%A7%8C%EA%B0%80/%EB%B6%89%EC%9D%80_%ED%98%93%EB%B0%94%EB%8B%A5,본문/시/윤곤강 - 붉은 혓바닥 (1939-01-01).txt
시계열,1939-01-01,사후 간행 문집 간행 연도,시,브라우닝,브라우닝(옮김),77,https://ko.wikisource.org/wiki/%EB%B0%95%EC%9A%A9%EC%B2%A0_%EB%B2%88%EC%97%AD%EC%8B%9C%EC%A7%91/%EB%B8%8C%EB%9D%BC%EC%9A%B0%EB%8B%9D,본문/시/브라우닝(옮김) - 브라우닝 (1939-01-01).txt
시계열,1939-01-01,사후 간행 문집 간행 연도,시,브라우닝 부인,브라우닝 부인(옮김),270,https://ko.wikisource.org/wiki/%EB%B0%95%EC%9A%A9%EC%B2%A0_%EB%B2%88%EC%97%AD%EC%8B%9C%EC%A7%91/%EB%B8%8C%EB%9D%BC%EC%9A%B0%EB%8B%9D_%EB%B6%80%EC%9D%B8,본문/시/브라우닝 부인(옮김) - 브라우닝 부인 (1939-01-01).txt
시계열,1939-01-01,사후 간행 문집 간행 연도,시,브론테,브론테(옮김),582,https://ko.wikisource.org/wiki/%EB%B0%95%EC%9A%A9%EC%B2%A0_%EB%B2%88%EC%97%AD%EC%8B%9C%EC%A7%91/%EB%B8%8C%EB%A1%A0%ED%85%8C,본문/시/브론테(옮김) - 브론테 (1939-01-01).txt
시계열,1939-01-01,사후 간행 문집 간행 연도,시,브룩,브룩(옮김),251,https://ko.wikisource.org/wiki/%EB%B0%95%EC%9A%A9%EC%B2%A0_%EB%B2%88%EC%97%AD%EC%8B%9C%EC%A7%91/%EB%B8%8C%EB%A3%A9,본문/시/브룩(옮김) - 브룩 (1939-01-01).txt
시계열,1939-01-01,사후 간행 문집 간행 연도,시,브리지스,브리지스(옮김),1014,https://ko.wikisource.org/wiki/%EB%B0%95%EC%9A%A9%EC%B2%A0_%EB%B2%88%EC%97%AD%EC%8B%9C%EC%A7%91/%EB%B8%8C%EB%A6%AC%EC%A7%80%EC%8A%A4,본문/시/브리지스(옮김) - 브리지스 (1939-01-01).txt
시계열,1939-01-01,수록 문집 간행 연도,시,비,김기림,331,https://ko.wikisource.org/wiki/%ED%83%9C%EC%96%91%EC%9D%98_%ED%92%8D%EC%86%8D/%EB%B9%84,본문/시/김기림 - 비 (1939-01-01).txt
시계열,1939-01-01,사후 간행 문집 간행 연도,시,비,박용철,387,https://ko.wikisource.org/wiki/%EB%B0%95%EC%9A%A9%EC%B2%A0_%EC%8B%9C%EC%A7%91/%EB%B9%84,본문/시/박용철 - 비 (1939-01-01).txt
시계열,1939-01-01,수록 문집 간행 연도,시,비들기,윤곤강,56,https://ko.wikisource.org/wiki/%EB%8F%99%EB%AC%BC_%EC%8B%9C%EC%A7%91/%EB%B9%84%EB%93%A4%EA%B8%B0,본문/시/윤곤강 - 비들기 (1939-01-01).txt
시계열,1939-01-01,사후 간행 문집 간행 연도,시,비에 젖은 마음,박용철,221,https://ko.wikisource.org/wiki/%EB%B0%95%EC%9A%A9%EC%B2%A0_%EC%8B%9C%EC%A7%91/%EB%B9%84%EC%97%90_%EC%A0%96%EC%9D%80_%EB%A7%88%EC%9D%8C,본문/시/박용철 - 비에 젖은 마음 (1939-01-01).txt
시계열,1939-01-01,수록 문집 간행 연도,시,빙점,윤곤강,176,https://ko.wikisource.org/wiki/%EB%A7%8C%EA%B0%80/%EB%B9%99%EC%A0%90,본문/시/윤곤강 - 빙점 (1939-01-01).txt
시계열,1939-01-01,사후 간행 문집 간행 연도,시,빛나는 자취,박용철,239,https://ko.wikisource.org/wiki/%EB%B0%95%EC%9A%A9%EC%B2%A0_%EC%8B%9C%EC%A7%91/%EB%B9%9B%EB%82%98%EB%8A%94_%EC%9E%90%EC%B7%A8,본문/시/박용철 - 빛나는 자취 (1939-01-01).txt
시계열,1939-01-01,사후 간행 문집 간행 연도,시,사라 티즈데일,새라 티즈데일(옮김),4736,https://ko.wikisource.org/wiki/%EB%B0%95%EC%9A%A9%EC%B2%A0_%EB%B2%88%EC%97%AD%EC%8B%9C%EC%A7%91/%EC%83%88%EB%9D%BC_%ED%8B%B0%EC%A6%88%EB%8D%B0%EC%9D%BC,본문/시/새라 티즈데일(옮김) - 사라 티즈데일 (1939-01-01).txt
시계열,1939-01-01,수록 문집 간행 연도,시,사슴,윤곤강,78,https://ko.wikisource.org/wiki/%EB%8F%99%EB%AC%BC_%EC%8B%9C%EC%A7%91/%EC%82%AC%EC%8A%B4,본문/시/윤곤강 - 사슴 (1939-01-01).txt
시계열,1939-01-01,수록 문집 간행 연도,시,사의 비밀,윤곤강,114,https://ko.wikisource.org/wiki/%EB%A7%8C%EA%B0%80/%EC%82%AC%EC%9D%98_%EB%B9%84%EB%B0%80,본문/시/윤곤강 - 사의 비밀 (1939-01-01).txt
시계열,1939-01-01,사후 간행 문집 간행 연도,시,사이먼스,사이먼스(옮김),183,https://ko.wikisource.org/wiki/%EB%B0%95%EC%9A%A9%EC%B2%A0_%EB%B2%88%EC%97%AD%EC%8B%9C%EC%A7%91/%EC%82%AC%EC%9D%B4%EB%A8%BC%EC%8A%A4,본문/시/사이먼스(옮김) - 사이먼스 (1939-01-01).txt
시계열,1939-01-01,수록 문집 간행 연도,시,사자,윤곤강,59,https://ko.wikisource.org/wiki/%EB%8F%99%EB%AC%BC_%EC%8B%9C%EC%A7%91/%EC%82%AC%EC%9E%90,본문/시/윤곤강 - 사자 (1939-01-01).txt
시계열,1939-01-01,발표 연도,단편소설,산정,이효석,4073,https://ko.wikisource.org/wiki/%EC%82%B0%EC%A0%95,본문/단편소설/이효석 - 산정 (1939-01-01).txt
시계열,1939-01-01,발표 연도,장편소설,삼국지,요시카와 에이지,114,https://ko.wikisource.org/wiki/%EC%82%BC%EA%B5%AD%EC%A7%80_%28%EC%9A%94%EC%8B%9C%EC%B9%B4%EC%99%80_%EC%97%90%EC%9D%B4%EC%A7%80%29,본문/장편소설/요시카와 에이지 - 삼국지 (1939-01-01).txt
시계열,1939-01-01,사후 간행 문집 간행 연도,시,삼부곡,박용철,1422,https://ko.wikisource.org/wiki/%EB%B0%95%EC%9A%A9%EC%B2%A0_%EC%8B%9C%EC%A7%91/%EC%82%BC%EB%B6%80%EA%B3%A1_%28%ED%95%98%EC%9D%98_%EB%B6%80%29,본문/시/박용철 - 삼부곡 (1939-01-01).txt
시계열,1939-01-01,사후 간행 문집 간행 연도,시,새로워진 행복,박용철,273,https://ko.wikisource.org/wiki/%EB%B0%95%EC%9A%A9%EC%B2%A0_%EC%8B%9C%EC%A7%91/%EC%83%88%EB%A1%9C%EC%9B%8C%EC%A7%84_%ED%96%89%EB%B3%B5,본문/시/박용철 - 새로워진 행복 (1939-01-01).txt
시계열,1939-01-01,사후 간행 문집 간행 연도,시,색동저고리,박용철(옮김),10534,https://ko.wikisource.org/wiki/%EB%B0%95%EC%9A%A9%EC%B2%A0_%EB%B2%88%EC%97%AD%EC%8B%9C%EC%A7%91/%EC%83%89%EB%8F%99%EC%A0%80%EA%B3%A0%EB%A6%AC,본문/시/박용철(옮김) - 색동저고리 (1939-01-01).txt
시계열,1939-01-01,사후 간행 문집 간행 연도,시,샤티-르,박용철,152,https://ko.wikisource.org/wiki/%EB%B0%95%EC%9A%A9%EC%B2%A0_%EC%8B%9C%EC%A7%91/%EC%83%A4%ED%8B%B0-%EB%A5%B4,본문/시/박용철 - 샤티-르 (1939-01-01).txt
시계열,1939-01-01,수록 문집 간행 연도,시,석문,윤곤강,178,https://ko.wikisource.org/wiki/%EB%A7%8C%EA%B0%80/%EC%84%9D%EB%AC%B8,본문/시/윤곤강 - 석문 (1939-01-01).txt
시계열,1939-01-01,수록 문집 간행 연도,시,석양,오장환,82,https://ko.wikisource.org/wiki/%ED%97%8C%EC%82%AC/%EC%84%9D%EC%96%91,본문/시/오장환 - 석양 (1939-01-01).txt
시계열,1939-01-01,수록 문집 간행 연도,시,성묘하러 가는 길,오장환,223,https://ko.wikisource.org/wiki/%EB%82%98_%EC%82%AC%EB%8A%94_%EA%B3%B3/%EC%84%B1%EB%AC%98%ED%95%98%EB%9F%AC_%EA%B0%80%EB%8A%94_%EA%B8%B8,본문/시/오장환 - 성묘하러 가는 길 (1939-01-01).txt
시계열,1939-01-01,수록 문집 간행 연도,시,성탄제,오장환,264,https://ko.wikisource.org/wiki/%EB%82%98_%EC%82%AC%EB%8A%94_%EA%B3%B3/%EC%84%B1%ED%83%84%EC%A0%9C,본문/시/오장환 - 성탄제 (1939-01-01).txt
시계열,1939-01-01,발표 연도,한시,세계도,이승휴,106,https://ko.wikisource.org/wiki/%EC%A0%9C%EC%99%95%EC%9A%B4%EA%B8%B0_%28%EC%A1%B0%EC%84%A0%EA%B3%A0%EC%A0%84%EA%B0%84%ED%96%89%ED%9A%8C%29/%EC%84%B8%EA%B3%84%EB%8F%84,본문/한시/이승휴 - 세계도 (1939-01-01).txt
시계열,1939-01-01,사후 간행 문집 간행 연도,시,센티멘탈,박용철,312,https://ko.wikisource.org/wiki/%EB%B0%95%EC%9A%A9%EC%B2%A0_%EC%8B%9C%EC%A7%91/%EC%84%BC%ED%8B%B0%EB%A9%98%ED%83%88,본문/시/박용철 - 센티멘탈 (1939-01-01).txt
시계열,1939-01-01,사후 간행 문집 간행 연도,시,솔개와 푸른 소,박용철,260,https://ko.wikisource.org/wiki/%EB%B0%95%EC%9A%A9%EC%B2%A0_%EC%8B%9C%EC%A7%91/%EC%86%94%EA%B0%9C%EC%99%80_%ED%91%B8%EB%A5%B8_%EC%86%8C,본문/시/박용철 - 솔개와 푸른 소 (1939-01-01).txt
시계열,1939-01-01,사후 간행 문집 간행 연도,시,스콰이어,스콰이어(옮김),128,https://ko.wikisource.org/wiki/%EB%B0%95%EC%9A%A9%EC%B2%A0_%EB%B2%88%EC%97%AD%EC%8B%9C%EC%A7%91/%EC%8A%A4%EC%BD%B0%EC%9D%B4%EC%96%B4,본문/시/스콰이어(옮김) - 스콰이어 (1939-01-01).txt
시계열,1939-01-01,사후 간행 문집 간행 연도,시,스털링,스털링(옮김),483,https://ko.wikisource.org/wiki/%EB%B0%95%EC%9A%A9%EC%B2%A0_%EB%B2%88%EC%97%AD%EC%8B%9C%EC%A7%91/%EC%8A%A4%ED%84%B8%EB%A7%81,본문/시/스털링(옮김) - 스털링 (1939-01-01).txt
시계열,1939-01-01,사후 간행 문집 간행 연도,시,스티븐스,스티븐스(옮김),361,https://ko.wikisource.org/wiki/%EB%B0%95%EC%9A%A9%EC%B2%A0_%EB%B2%88%EC%97%AD%EC%8B%9C%EC%A7%91/%EC%8A%A4%ED%8B%B0%EB%B8%90%EC%8A%A4,본문/시/스티븐스(옮김) - 스티븐스 (1939-01-01).txt
시계열,1939-01-01,사후 간행 문집 간행 연도,시,스티븐슨,스티븐슨(옮김),205,https://ko.wikisource.org/wiki/%EB%B0%95%EC%9A%A9%EC%B2%A0_%EB%B2%88%EC%97%AD%EC%8B%9C%EC%A7%91/%EC%8A%A4%ED%8B%B0%EB%B8%90%EC%8A%A8,본문/시/스티븐슨(옮김) - 스티븐슨 (1939-01-01).txt
시계열,1939-01-01,사후 간행 문집 간행 연도,시,습유,여러 명(옮김),5411,https://ko.wikisource.org/wiki/%EB%B0%95%EC%9A%A9%EC%B2%A0_%EB%B2%88%EC%97%AD%EC%8B%9C%EC%A7%91/%EC%8A%B5%EC%9C%A0,본문/시/여러 명(옮김) - 습유 (1939-01-01).txt
시계열,1939-01-01,사후 간행 문집 간행 연도,시,시작 사수,박용철,184,https://ko.wikisource.org/wiki/%EB%B0%95%EC%9A%A9%EC%B2%A0_%EC%8B%9C%EC%A7%91/%EC%8B%9C%EC%9E%91_%EC%82%AC%EC%88%98,본문/시/박용철 - 시작 사수 (1939-01-01).txt
시계열,1939-01-01,사후 간행 문집 간행 연도,시,실레르,실러(옮김),678,https://ko.wikisource.org/wiki/%EB%B0%95%EC%9A%A9%EC%B2%A0_%EB%B2%88%EC%97%AD%EC%8B%9C%EC%A7%91/%EC%8B%A4%EB%A0%88%EB%A5%B4,본문/시/실러(옮김) - 실레르 (1939-01-01).txt
시계열,1939-01-01,사후 간행 문집 간행 연도,시,실제 1,박용철,154,https://ko.wikisource.org/wiki/%EB%B0%95%EC%9A%A9%EC%B2%A0_%EC%8B%9C%EC%A7%91/%EC%8B%A4%EC%A0%9C_1,본문/시/박용철 - 실제 1 (1939-01-01).txt
시계열,1939-01-01,사후 간행 문집 간행 연도,시,실제 2,박용철,137,https://ko.wikisource.org/wiki/%EB%B0%95%EC%9A%A9%EC%B2%A0_%EC%8B%9C%EC%A7%91/%EC%8B%A4%EC%A0%9C_2,본문/시/박용철 - 실제 2 (1939-01-01).txt
시계열,1939-01-01,사후 간행 문집 간행 연도,시,실제 3,박용철,68,https://ko.wikisource.org/wiki/%EB%B0%95%EC%9A%A9%EC%B2%A0_%EC%8B%9C%EC%A7%91/%EC%8B%A4%EC%A0%9C_3,본문/시/박용철 - 실제 3 (1939-01-01).txt
시계열,1939-01-01,사후 간행 문집 간행 연도,시,실제 5,박용철,324,https://ko.wikisource.org/wiki/%EB%B0%95%EC%9A%A9%EC%B2%A0_%EC%8B%9C%EC%A7%91/%EC%8B%A4%EC%A0%9C_5,본문/시/박용철 - 실제 5 (1939-01-01).txt
시계열,1939-01-01,사후 간행 문집 간행 연도,시,실제 6,박용철,398,https://ko.wikisource.org/wiki/%EB%B0%95%EC%9A%A9%EC%B2%A0_%EC%8B%9C%EC%A7%91/%EC%8B%A4%EC%A0%9C_6,본문/시/박용철 - 실제 6 (1939-01-01).txt
시계열,1939-01-01,사후 간행 문집 간행 연도,시,실제 7,박용철,136,https://ko.wikisource.org/wiki/%EB%B0%95%EC%9A%A9%EC%B2%A0_%EC%8B%9C%EC%A7%91/%EC%8B%A4%EC%A0%9C_7,본문/시/박용철 - 실제 7 (1939-01-01).txt
시계열,1939-01-01,사후 간행 문집 간행 연도,시,실제 8,박용철,56,https://ko.wikisource.org/wiki/%EB%B0%95%EC%9A%A9%EC%B2%A0_%EC%8B%9C%EC%A7%91/%EC%8B%A4%EC%A0%9C_8,본문/시/박용철 - 실제 8 (1939-01-01).txt
시계열,1939-01-01,수록 문집 간행 연도,시,심동,오장환,105,https://ko.wikisource.org/wiki/%ED%97%8C%EC%82%AC/%EC%8B%AC%EB%8F%99,본문/시/오장환 - 심동 (1939-01-01).txt
시계열,1939-01-01,수록 문집 간행 연도,시,십오야,김기림,186,https://ko.wikisource.org/wiki/%ED%83%9C%EC%96%91%EC%9D%98_%ED%92%8D%EC%86%8D/%EC%8B%AD%EC%98%A4%EC%95%BC,본문/시/김기림 - 십오야 (1939-01-01).txt
시계열,1939-01-01,사후 간행 문집 간행 연도,시,아널드,아널드(옮김),81,https://ko.wikisource.org/wiki/%EB%B0%95%EC%9A%A9%EC%B2%A0_%EB%B2%88%EC%97%AD%EC%8B%9C%EC%A7%91/%EC%95%84%EB%84%90%EB%93%9C,본문/시/아널드(옮김) - 아널드 (1939-01-01).txt
시계열,1939-01-01,수록 문집 간행 연도,시,암야,윤곤강,251,https://ko.wikisource.org/wiki/%EB%A7%8C%EA%B0%80/%EC%95%94%EC%95%BC,본문/시/윤곤강 - 암야 (1939-01-01).txt
시계열,1939-01-01,발표 연도,소설,애기,김유정,13611,https://ko.wikisource.org/wiki/%EC%95%A0%EA%B8%B0,본문/소설/김유정 - 애기 (1939-01-01).txt
시계열,1939-01-01,사후 간행 문집 간행 연도,시,애사 3,박용철,261,https://ko.wikisource.org/wiki/%EB%B0%95%EC%9A%A9%EC%B2%A0_%EC%8B%9C%EC%A7%91/%EC%95%A0%EC%82%AC_3,본문/시/박용철 - 애사 3 (1939-01-01).txt
시계열,1939-01-01,수록 문집 간행 연도,시,야음화,윤곤강,299,https://ko.wikisource.org/wiki/%EB%A7%8C%EA%B0%80/%EC%95%BC%EC%9D%8C%ED%99%94,본문/시/윤곤강 - 야음화 (1939-01-01).txt
시계열,1939-01-01,사후 간행 문집 간행 연도,시,언더힐,언더힐(옮김),126,https://ko.wikisource.org/wiki/%EB%B0%95%EC%9A%A9%EC%B2%A0_%EB%B2%88%EC%97%AD%EC%8B%9C%EC%A7%91/%EC%96%B8%EB%8D%94%ED%9E%90,본문/시/언더힐(옮김) - 언더힐 (1939-01-01).txt
시계열,1939-01-01,수록 문집 간행 연도,시,얼어붙은 밤,윤곤강,476,https://ko.wikisource.org/wiki/%EB%A7%8C%EA%B0%80/%EC%96%BC%EC%96%B4%EB%B6%99%EC%9D%80_%EB%B0%A4,본문/시/윤곤강 - 얼어붙은 밤 (1939-01-01).txt
시계열,1939-01-01,발표 연도,시,연보,이육사,207,https://ko.wikisource.org/wiki/%EC%97%B0%EB%B3%B4,본문/시/이육사 - 연보 (1939-01-01).txt
시계열,1939-01-01,사후 간행 문집 간행 연도,시,연애,박용철,54,https://ko.wikisource.org/wiki/%EB%B0%95%EC%9A%A9%EC%B2%A0_%EC%8B%9C%EC%A7%91/%EC%97%B0%EC%95%A0,본문/시/박용철 - 연애 (1939-01-01).txt
시계열,1939-01-01,수록 문집 간행 연도,시,연애의 단면,김기림,118,https://ko.wikisource.org/wiki/%ED%83%9C%EC%96%91%EC%9D%98_%ED%92%8D%EC%86%8D/%EC%97%B0%EC%95%A0%EC%9D%98_%EB%8B%A8%EB%A9%B4,본문/시/김기림 - 연애의 단면 (1939-01-01).txt
시계열,1939-01-01,수록 문집 간행 연도,시,염소,윤곤강,63,https://ko.wikisource.org/wiki/%EB%8F%99%EB%AC%BC_%EC%8B%9C%EC%A7%91/%EC%97%BC%EC%86%8C,본문/시/윤곤강 - 염소 (1939-01-01).txt
시계열,1939-01-01,발표 연도,수필,영화에 대한 문화적 촉망,이활,2070,https://ko.wikisource.org/wiki/%EC%98%81%ED%99%94%EC%97%90_%EB%8C%80%ED%95%9C_%EB%AC%B8%ED%99%94%EC%A0%81_%EC%B4%89%EB%A7%9D,본문/수필/이활 - 영화에 대한 문화적 촉망 (1939-01-01).txt
시계열,1939-01-01,사후 간행 문집 간행 연도,시,예이츠,예이츠(옮김),1252,https://ko.wikisource.org/wiki/%EB%B0%95%EC%9A%A9%EC%B2%A0_%EB%B2%88%EC%97%AD%EC%8B%9C%EC%A7%91/%EC%98%88%EC%9D%B4%EC%B8%A0,본문/시/예이츠(옮김) - 예이츠 (1939-01-01).txt
시계열,1939-01-01,사후 간행 문집 간행 연도,시,오샤네시,오샤네시(옮김),902,https://ko.wikisource.org/wiki/%EB%B0%95%EC%9A%A9%EC%B2%A0_%EB%B2%88%EC%97%AD%EC%8B%9C%EC%A7%91/%EC%98%A4%EC%83%A4%EB%84%A4%EC%8B%9C,본문/시/오샤네시(옮김) - 오샤네시 (1939-01-01).txt
시계열,1939-01-01,발표 연도,시,오월,김영랑,134,https://ko.wikisource.org/wiki/%EC%98%81%EB%9E%91%EC%8B%9C%EC%84%A0/%EC%98%A4%EC%9B%94,본문/시/김영랑 - 오월 (1939-01-01).txt
시계열,1939-01-01,수록 문집 간행 연도,시,오후의 꿈은 날 줄을 모른다,김기림,183,https://ko.wikisource.org/wiki/%ED%83%9C%EC%96%91%EC%9D%98_%ED%92%8D%EC%86%8D/%EC%98%A4%ED%9B%84%EC%9D%98_%EA%BF%88%EC%9D%80_%EB%82%A0_%EC%A4%84%EC%9D%84_%EB%AA%A8%EB%A5%B8%EB%8B%A4,본문/시/김기림 - 오후의 꿈은 날 줄을 모른다 (1939-01-01).txt
시계열,1939-01-01,수록 문집 간행 연도,시,옥상 정원,김기림,714,https://ko.wikisource.org/wiki/%ED%83%9C%EC%96%91%EC%9D%98_%ED%92%8D%EC%86%8D/%EC%98%A5%EC%83%81_%EC%A0%95%EC%9B%90,본문/시/김기림 - 옥상 정원 (1939-01-01).txt
시계열,1939-01-01,수록 문집 간행 연도,시,올빼미,윤곤강,127,https://ko.wikisource.org/wiki/%EB%8F%99%EB%AC%BC_%EC%8B%9C%EC%A7%91/%EC%98%AC%EB%B9%BC%EB%AF%B8,본문/시/윤곤강 - 올빼미 (1939-01-01).txt
시계열,1939-01-01,사후 간행 문집 간행 연도,시,와일드,와일드(옮김),210,https://ko.wikisource.org/wiki/%EB%B0%95%EC%9A%A9%EC%B2%A0_%EB%B2%88%EC%97%AD%EC%8B%9C%EC%A7%91/%EC%99%80%EC%9D%BC%EB%93%9C,본문/시/와일드(옮김) - 와일드 (1939-01-01).txt
시계열,1939-01-01,사후 간행 문집 간행 연도,시,왓슨,왓슨(옮김),132,https://ko.wikisource.org/wiki/%EB%B0%95%EC%9A%A9%EC%B2%A0_%EB%B2%88%EC%97%AD%EC%8B%9C%EC%A7%91/%EC%99%93%EC%8A%A8,본문/시/왓슨(옮김) - 왓슨 (1939-01-01).txt
시계열,1939-01-01,수록 문집 간행 연도,시,왕거미,윤곤강,197,https://ko.wikisource.org/wiki/%EB%8F%99%EB%AC%BC_%EC%8B%9C%EC%A7%91/%EC%99%95%EA%B1%B0%EB%AF%B8,본문/시/윤곤강 - 왕거미 (1939-01-01).txt
시계열,1939-01-01,수록 문집 간행 연도,시,월광곡,윤곤강,91,https://ko.wikisource.org/wiki/%EB%A7%8C%EA%B0%80/%EC%9B%94%EA%B4%91%EA%B3%A1,본문/시/윤곤강 - 월광곡 (1939-01-01).txt
시계열,1939-01-01,사후 간행 문집 간행 연도,시,웟슨,윌리엄 왓슨(옮김),119,https://ko.wikisource.org/wiki/%EB%B0%95%EC%9A%A9%EC%B2%A0_%EB%B2%88%EC%97%AD%EC%8B%9C%EC%A7%91/%EC%9B%9F%EC%8A%A8,본문/시/윌리엄 왓슨(옮김) - 웟슨 (1939-01-01).txt
시계열,1939-01-01,사후 간행 문집 간행 연도,시,유쾌한 밤,박용철,382,https://ko.wikisource.org/wiki/%EB%B0%95%EC%9A%A9%EC%B2%A0_%EC%8B%9C%EC%A7%91/%EC%9C%A0%EC%BE%8C%ED%95%9C_%EB%B0%A4,본문/시/박용철 - 유쾌한 밤 (1939-01-01).txt
시계열,1939-01-01,저자 문서 발표 연도,소설,이리,김남천,11756,https://ko.wikisource.org/wiki/%EC%9D%B4%EB%A6%AC,본문/소설/김남천 - 이리 (1939-01-01).txt
시계열,1939-01-01,사후 간행 문집 간행 연도,시,인형,박용철,50,https://ko.wikisource.org/wiki/%EB%B0%95%EC%9A%A9%EC%B2%A0_%EC%8B%9C%EC%A7%91/%EC%9D%B8%ED%98%95,본문/시/박용철 - 인형 (1939-01-01).txt
시계열,1939-01-01,발표 연도,기타,자서소전,강경애,710,https://ko.wikisource.org/wiki/%EC%9E%90%EC%84%9C%EC%86%8C%EC%A0%84,본문/기타/강경애 - 자서소전 (1939-01-01).txt
시계열,1939-01-01,수록 문집 간행 연도,시,잠자리,윤곤강,109,https://ko.wikisource.org/wiki/%EB%8F%99%EB%AC%BC_%EC%8B%9C%EC%A7%91/%EC%9E%A0%EC%9E%90%EB%A6%AC,본문/시/윤곤강 - 잠자리 (1939-01-01).txt
시계열,1939-01-01,사후 간행 문집 간행 연도,시,절망에서,박용철,160,https://ko.wikisource.org/wiki/%EB%B0%95%EC%9A%A9%EC%B2%A0_%EC%8B%9C%EC%A7%91/%EC%A0%88%EB%A7%9D%EC%97%90%EC%84%9C,본문/시/박용철 - 절망에서 (1939-01-01).txt
시계열,1939-01-01,수록 문집 간행 연도,시,절정의 노래,오장환,286,https://ko.wikisource.org/wiki/%EB%82%98_%EC%82%AC%EB%8A%94_%EA%B3%B3/%EC%A0%88%EC%A0%95%EC%9D%98_%EB%85%B8%EB%9E%98,본문/시/오장환 - 절정의 노래 (1939-01-01).txt
시계열,1939-01-01,발표 연도,한시,정소발,이승휴,75,https://ko.wikisource.org/wiki/%EC%A0%9C%EC%99%95%EC%9A%B4%EA%B8%B0_%28%EC%A1%B0%EC%84%A0%EA%B3%A0%EC%A0%84%EA%B0%84%ED%96%89%ED%9A%8C%29/%EC%A0%95%EC%86%8C%EB%B0%9C,본문/한시/이승휴 - 정소발 (1939-01-01).txt
시계열,1939-01-01,사후 간행 문집 간행 연도,시,정희를 가름하야,박용철,266,https://ko.wikisource.org/wiki/%EB%B0%95%EC%9A%A9%EC%B2%A0_%EC%8B%9C%EC%A7%91/%EC%A0%95%ED%9D%AC%EB%A5%BC_%EA%B0%80%EB%A6%84%ED%95%98%EC%95%BC,본문/시/박용철 - 정희를 가름하야 (1939-01-01).txt
시계열,1939-01-01,사후 간행 문집 간행 연도,시,정희에게,박용철,282,https://ko.wikisource.org/wiki/%EB%B0%95%EC%9A%A9%EC%B2%A0_%EC%8B%9C%EC%A7%91/%EC%A0%95%ED%9D%AC%EC%97%90%EA%B2%8C,본문/시/박용철 - 정희에게 (1939-01-01).txt
시계열,1939-01-01,사후 간행 문집 간행 연도,시,좁은 하늘,박용철,118,https://ko.wikisource.org/wiki/%EB%B0%95%EC%9A%A9%EC%B2%A0_%EC%8B%9C%EC%A7%91/%EC%A2%81%EC%9D%80_%ED%95%98%EB%8A%98,본문/시/박용철 - 좁은 하늘 (1939-01-01).txt
시계열,1939-01-01,수록 문집 간행 연도,시,종달이,윤곤강,83,https://ko.wikisource.org/wiki/%EB%8F%99%EB%AC%BC_%EC%8B%9C%EC%A7%91/%EC%A2%85%EB%8B%AC%EC%9D%B4,본문/시/윤곤강 - 종달이 (1939-01-01).txt
시계열,1939-01-01,수록 문집 간행 연도,시,쥐,윤곤강,102,https://ko.wikisource.org/wiki/%EB%8F%99%EB%AC%BC_%EC%8B%9C%EC%A7%91/%EC%A5%90,본문/시/윤곤강 - 쥐 (1939-01-01).txt
시계열,1939-01-01,발표 연도,수필,지휘자의 감명,홍난파,1151,https://ko.wikisource.org/wiki/%EC%A7%80%ED%9C%98%EC%9E%90%EC%9D%98_%EA%B0%90%EB%AA%85,본문/수필/홍난파 - 지휘자의 감명 (1939-01-01).txt
시계열,1939-01-01,발표 연도,한시,진정인표,이승휴,367,https://ko.wikisource.org/wiki/%EC%A0%9C%EC%99%95%EC%9A%B4%EA%B8%B0_%28%EC%A1%B0%EC%84%A0%EA%B3%A0%EC%A0%84%EA%B0%84%ED%96%89%ED%9A%8C%29/%EC%A7%84%EC%A0%95%EC%9D%B8%ED%91%9C,본문/한시/이승휴 - 진정인표 (1939-01-01).txt
시계열,1939-01-01,수록 문집 간행 연도,시,첫사랑,김기림,315,https://ko.wikisource.org/wiki/%ED%83%9C%EC%96%91%EC%9D%98_%ED%92%8D%EC%86%8D/%EC%B2%AB%EC%82%AC%EB%9E%91,본문/시/김기림 - 첫사랑 (1939-01-01).txt
시계열,1939-01-01,발표 연도,수필,청량몽,이육사,1269,https://ko.wikisource.org/wiki/%EC%B2%AD%EB%9F%89%EB%AA%BD,본문/수필/이육사 - 청량몽 (1939-01-01).txt
시계열,1939-01-01,발표 연도,시,청포도,이육사,152,https://ko.wikisource.org/wiki/%EC%B2%AD%ED%8F%AC%EB%8F%84,본문/시/이육사 - 청포도 (1939-01-01).txt
시계열,1939-01-01,사후 간행 문집 간행 연도,시,체스터턴,체스터턴(옮김),279,https://ko.wikisource.org/wiki/%EB%B0%95%EC%9A%A9%EC%B2%A0_%EB%B2%88%EC%97%AD%EC%8B%9C%EC%A7%91/%EC%B2%B4%EC%8A%A4%ED%84%B0%ED%84%B4,본문/시/체스터턴(옮김) - 체스터턴 (1939-01-01).txt
시계열,1939-01-01,수록 문집 간행 연도,시,추억,윤곤강,79,https://ko.wikisource.org/wiki/%EB%A7%8C%EA%B0%80/%EC%B6%94%EC%96%B5,본문/시/윤곤강 - 추억 (1939-01-01).txt
시계열,1939-01-01,사후 간행 문집 간행 연도,시,콜리지,콜리지(옮김),948,https://ko.wikisource.org/wiki/%EB%B0%95%EC%9A%A9%EC%B2%A0_%EB%B2%88%EC%97%AD%EC%8B%9C%EC%A7%91/%EC%BD%9C%EB%A6%AC%EC%A7%80,본문/시/콜리지(옮김) - 콜리지 (1939-01-01).txt
시계열,1939-01-01,사후 간행 문집 간행 연도,시,키츠,키츠(옮김),1515,https://ko.wikisource.org/wiki/%EB%B0%95%EC%9A%A9%EC%B2%A0_%EB%B2%88%EC%97%AD%EC%8B%9C%EC%A7%91/%ED%82%A4%EC%B8%A0,본문/시/키츠(옮김) - 키츠 (1939-01-01).txt
시계열,1939-01-01,사후 간행 문집 간행 연도,시,키플링,키플링(옮김),527,https://ko.wikisource.org/wiki/%EB%B0%95%EC%9A%A9%EC%B2%A0_%EB%B2%88%EC%97%AD%EC%8B%9C%EC%A7%91/%ED%82%A4%ED%94%8C%EB%A7%81,본문/시/키플링(옮김) - 키플링 (1939-01-01).txt
시계열,1939-01-01,발표 연도,소설,타원형의 거울,김내성,36376,https://ko.wikisource.org/wiki/%ED%83%80%EC%9B%90%ED%98%95%EC%9D%98_%EA%B1%B0%EC%9A%B8,본문/소설/김내성 - 타원형의 거울 (1939-01-01).txt
시계열,1939-01-01,사후 간행 문집 간행 연도,시,타이피스트 양,박용철,54,https://ko.wikisource.org/wiki/%EB%B0%95%EC%9A%A9%EC%B2%A0_%EC%8B%9C%EC%A7%91/%ED%83%80%EC%9D%B4%ED%94%BC%EC%8A%A4%ED%8A%B8_%EC%96%91,본문/시/박용철 - 타이피스트 양 (1939-01-01).txt
시계열,1939-01-01,수록 문집 간행 연도,시,태양의 풍속,김기림,298,https://ko.wikisource.org/wiki/%ED%83%9C%EC%96%91%EC%9D%98_%ED%92%8D%EC%86%8D/%ED%83%9C%EC%96%91%EC%9D%98_%ED%92%8D%EC%86%8D,본문/시/김기림 - 태양의 풍속 (1939-01-01).txt
시계열,1939-01-01,수록 문집 간행 연도,시,털벌레,윤곤강,92,https://ko.wikisource.org/wiki/%EB%8F%99%EB%AC%BC_%EC%8B%9C%EC%A7%91/%ED%84%B8%EB%B2%8C%EB%A0%88,본문/시/윤곤강 - 털벌레 (1939-01-01).txt
시계열,1939-01-01,사후 간행 문집 간행 연도,시,테니슨,테니슨(옮김),561,https://ko.wikisource.org/wiki/%EB%B0%95%EC%9A%A9%EC%B2%A0_%EB%B2%88%EC%97%AD%EC%8B%9C%EC%A7%91/%ED%85%8C%EB%8B%88%EC%8A%A8,본문/시/테니슨(옮김) - 테니슨 (1939-01-01).txt
시계열,1939-01-01,수록 문집 간행 연도,시,토요일,윤곤강,109,https://ko.wikisource.org/wiki/%EB%A7%8C%EA%B0%80/%ED%86%A0%EC%9A%94%EC%9D%BC,본문/시/윤곤강 - 토요일 (1939-01-01).txt
시계열,1939-01-01,사후 간행 문집 간행 연도,시,톰슨,톰슨(옮김),289,https://ko.wikisource.org/wiki/%EB%B0%95%EC%9A%A9%EC%B2%A0_%EB%B2%88%EC%97%AD%EC%8B%9C%EC%A7%91/%ED%86%B0%EC%8A%A8,본문/시/톰슨(옮김) - 톰슨 (1939-01-01).txt
시계열,1939-01-01,사후 간행 문집 간행 연도,시,퍼시,퍼시(옮김),150,https://ko.wikisource.org/wiki/%EB%B0%95%EC%9A%A9%EC%B2%A0_%EB%B2%88%EC%97%AD%EC%8B%9C%EC%A7%91/%ED%8D%BC%EC%8B%9C,본문/시/퍼시(옮김) - 퍼시 (1939-01-01).txt
시계열,1939-01-01,사후 간행 문집 간행 연도,시,플레커,플레커(옮김),196,https://ko.wikisource.org/wiki/%EB%B0%95%EC%9A%A9%EC%B2%A0_%EB%B2%88%EC%97%AD%EC%8B%9C%EC%A7%91/%ED%94%8C%EB%A0%88%EC%BB%A4,본문/시/플레커(옮김) - 플레커 (1939-01-01).txt
시계열,1939-01-01,사후 간행 문집 간행 연도,시,필립스,필립스(옮김),136,https://ko.wikisource.org/wiki/%EB%B0%95%EC%9A%A9%EC%B2%A0_%EB%B2%88%EC%97%AD%EC%8B%9C%EC%A7%91/%ED%95%84%EB%A6%BD%EC%8A%A4,본문/시/필립스(옮김) - 필립스 (1939-01-01).txt
시계열,1939-01-01,사후 간행 문집 간행 연도,시,하디,하디(옮김),179,https://ko.wikisource.org/wiki/%EB%B0%95%EC%9A%A9%EC%B2%A0_%EB%B2%88%EC%97%AD%EC%8B%9C%EC%A7%91/%ED%95%98%EB%94%94,본문/시/하디(옮김) - 하디 (1939-01-01).txt
시계열,1939-01-01,사후 간행 문집 간행 연도,시,하염없는 바람의 노래,박용철,284,https://ko.wikisource.org/wiki/%EB%B0%95%EC%9A%A9%EC%B2%A0_%EC%8B%9C%EC%A7%91/%ED%95%98%EC%97%BC%EC%97%86%EB%8A%94_%EB%B0%94%EB%9E%8C%EC%9D%98_%EB%85%B8%EB%9E%98,본문/시/박용철 - 하염없는 바람의 노래 (1939-01-01).txt
시계열,1939-01-01,사후 간행 문집 간행 연도,시,하우스먼,하우스먼(옮김),100,https://ko.wikisource.org/wiki/%EB%B0%95%EC%9A%A9%EC%B2%A0_%EB%B2%88%EC%97%AD%EC%8B%9C%EC%A7%91/%ED%95%98%EC%9A%B0%EC%8A%A4%EB%A8%BC,본문/시/하우스먼(옮김) - 하우스먼 (1939-01-01).txt
시계열,1939-01-01,사후 간행 문집 간행 연도,시,하이네,하이네(옮김),11452,https://ko.wikisource.org/wiki/%EB%B0%95%EC%9A%A9%EC%B2%A0_%EB%B2%88%EC%97%AD%EC%8B%9C%EC%A7%91/%ED%95%98%EC%9D%B4%EB%84%A4,본문/시/하이네(옮김) - 하이네 (1939-01-01).txt
시계열,1939-01-01,사후 간행 문집 간행 연도,시,한시 습작,박용철,1881,https://ko.wikisource.org/wiki/%EB%B0%95%EC%9A%A9%EC%B2%A0_%EC%8B%9C%EC%A7%91/%ED%95%9C%EC%8B%9C_%EC%8A%B5%EC%9E%91,본문/시/박용철 - 한시 습작 (1939-01-01).txt
시계열,1939-01-01,수록 문집 간행 연도,시,할렐루야,오장환,237,https://ko.wikisource.org/wiki/%ED%97%8C%EC%82%AC/%ED%95%A0%EB%A0%90%EB%A3%A8%EC%95%BC,본문/시/오장환 - 할렐루야 (1939-01-01).txt
시계열,1939-01-01,수록 문집 간행 연도,시,할미새,윤곤강,99,https://ko.wikisource.org/wiki/%EB%8F%99%EB%AC%BC_%EC%8B%9C%EC%A7%91/%ED%95%A0%EB%AF%B8%EC%83%88,본문/시/윤곤강 - 할미새 (1939-01-01).txt
시계열,1939-01-01,수록 문집 간행 연도,시,항해,김기림,379,https://ko.wikisource.org/wiki/%ED%83%9C%EC%96%91%EC%9D%98_%ED%92%8D%EC%86%8D/%ED%95%AD%ED%95%B4,본문/시/김기림 - 항해 (1939-01-01).txt
시계열,1939-01-01,수록 문집 간행 연도,시,해도에 대하여,김기림,331,https://ko.wikisource.org/wiki/%ED%83%9C%EC%96%91%EC%9D%98_%ED%92%8D%EC%86%8D/%ED%95%B4%EB%8F%84%EC%97%90_%EB%8C%80%ED%95%98%EC%97%AC,본문/시/김기림 - 해도에 대하여 (1939-01-01).txt
시계열,1939-01-01,수록 문집 간행 연도,시,해상,김기림,56,https://ko.wikisource.org/wiki/%ED%83%9C%EC%96%91%EC%9D%98_%ED%92%8D%EC%86%8D/%ED%95%B4%EC%83%81,본문/시/김기림 - 해상 (1939-01-01).txt
시계열,1939-01-01,수록 문집 간행 연도,시,향수,김기림,67,https://ko.wikisource.org/wiki/%ED%83%9C%EC%96%91%EC%9D%98_%ED%92%8D%EC%86%8D/%ED%96%A5%EC%88%98,본문/시/김기림 - 향수 (1939-01-01).txt
시계열,1939-01-01,수록 문집 간행 연도,시,헌사(獻詞) Artemis,오장환,292,https://ko.wikisource.org/wiki/%ED%97%8C%EC%82%AC/%ED%97%8C%EC%82%AC_Artemis,본문/시/오장환 - 헌사(獻詞) Artemis (1939-01-01).txt
시계열,1939-01-01,발표 연도,단편소설,형,김유정,8678,https://ko.wikisource.org/wiki/%ED%98%95,본문/단편소설/김유정 - 형 (1939-01-01).txt
시계열,1939-01-01,수록 문집 간행 연도,시,화물 자동차,김기림,181,https://ko.wikisource.org/wiki/%ED%83%9C%EC%96%91%EC%9D%98_%ED%92%8D%EC%86%8D/%ED%99%94%EB%AC%BC_%EC%9E%90%EB%8F%99%EC%B0%A8,본문/시/김기림 - 화물 자동차 (1939-01-01).txt
시계열,1939-01-01,발표 월,장편소설,화분,이효석,130339,https://ko.wikisource.org/wiki/%ED%99%94%EB%B6%84,본문/장편소설/이효석 - 화분 (1939-01-01).txt
시계열,1939-01-01,수록 문집 간행 연도,시,황소,윤곤강,74,https://ko.wikisource.org/wiki/%EB%8F%99%EB%AC%BC_%EC%8B%9C%EC%A7%91/%ED%99%A9%EC%86%8C,본문/시/윤곤강 - 황소 (1939-01-01).txt
시계열,1939-01-01,수록 문집 간행 연도,시,황혼,윤곤강,127,https://ko.wikisource.org/wiki/%EB%A7%8C%EA%B0%80/%ED%99%A9%ED%98%BC,본문/시/윤곤강 - 황혼 (1939-01-01).txt
시계열,1939-01-01,저자 문서 발표 연도,수필,횡액,이육사,1820,https://ko.wikisource.org/wiki/%ED%9A%A1%EC%95%A1,본문/수필/이육사 - 횡액 (1939-01-01).txt
시계열,1939-01-01,사후 간행 문집 간행 연도,시,후드,후드(옮김),168,https://ko.wikisource.org/wiki/%EB%B0%95%EC%9A%A9%EC%B2%A0_%EB%B2%88%EC%97%AD%EC%8B%9C%EC%A7%91/%ED%9B%84%EB%93%9C,본문/시/후드(옮김) - 후드 (1939-01-01).txt
시계열,1939-01-01,발표 연도,한시,후제,이승휴,442,https://ko.wikisource.org/wiki/%EC%A0%9C%EC%99%95%EC%9A%B4%EA%B8%B0_%28%EC%A1%B0%EC%84%A0%EA%B3%A0%EC%A0%84%EA%B0%84%ED%96%89%ED%9A%8C%29/%ED%9B%84%EC%A0%9C,본문/한시/이승휴 - 후제 (1939-01-01).txt
시계열,1939-02-01,발표 월,수필,수상록,계용묵,1553,https://ko.wikisource.org/wiki/%EC%83%81%EC%95%84%ED%83%91/%EC%88%98%EC%83%81%EB%A1%9D,본문/수필/계용묵 - 수상록 (1939-02-01).txt
시계열,1939-02-01,발표 월,시,실낙원,이상,3072,https://ko.wikisource.org/wiki/%EC%8B%A4%EB%82%99%EC%9B%90_%28%EC%9D%B4%EC%83%81%29,본문/시/이상 - 실낙원 (1939-02-01).txt
시계열,1939-02-01,발표 월,소설,유앵기,계용묵,15886,https://ko.wikisource.org/wiki/%EC%9C%A0%EC%95%B5%EA%B8%B0,본문/소설/계용묵 - 유앵기 (1939-02-01).txt
시계열,1939-02-09,발표일,소설,정총대,홍사용,5507,https://ko.wikisource.org/wiki/%EC%A0%95%EC%B4%9D%EB%8C%80,본문/소설/홍사용 - 정총대 (1939-02-09).txt
시계열,1939-03-01,발표 월,장편소설,김연실전,김동인,50069,https://ko.wikisource.org/wiki/%EA%B9%80%EC%97%B0%EC%8B%A4%EC%A0%84,본문/장편소설/김동인 - 김연실전 (1939-03-01).txt
시계열,1939-03-01,발표 월,단편소설,실화,이상,7070,https://ko.wikisource.org/wiki/%EC%8B%A4%ED%99%94,본문/단편소설/이상 - 실화 (1939-03-01).txt
시계열,1939-03-01,발표 월,수필,진달래,계용묵,1051,https://ko.wikisource.org/wiki/%EC%83%81%EC%95%84%ED%83%91/%EC%A7%84%EB%8B%AC%EB%9E%98,본문/수필/계용묵 - 진달래 (1939-03-01).txt
시계열,1939-04-01,발표 월,단편소설,단발,이상,5098,https://ko.wikisource.org/wiki/%EB%8B%A8%EB%B0%9C,본문/단편소설/이상 - 단발 (1939-04-01).txt
시계열,1939-04-01,발표 월,수필,사연,계용묵,1699,https://ko.wikisource.org/wiki/%EC%83%81%EC%95%84%ED%83%91/%EC%82%AC%EC%97%B0,본문/수필/계용묵 - 사연 (1939-04-01).txt
시계열,1939-05-01,발표 월,수필,길을 묻기운다,계용묵,1702,https://ko.wikisource.org/wiki/%EC%83%81%EC%95%84%ED%83%91/%EA%B8%B8%EC%9D%84_%EB%AC%BB%EA%B8%B0%EC%9A%B4%EB%8B%A4,본문/수필/계용묵 - 길을 묻기운다 (1939-05-01).txt
시계열,1939-05-01,발표 월,단편소설,김유정,이상,3634,https://ko.wikisource.org/wiki/%EA%B9%80%EC%9C%A0%EC%A0%95%EB%A1%A0,본문/단편소설/이상 - 김유정 (1939-05-01).txt
시계열,1939-05-01,발표 월,수필,동경,이상,2416,https://ko.wikisource.org/wiki/%EB%8F%99%EA%B2%BD,본문/수필/이상 - 동경 (1939-05-01).txt
시계열,1939-05-01,발표 월,소설,병상 이후,이상,3229,https://ko.wikisource.org/wiki/%EB%B3%91%EC%83%81_%EC%9D%B4%ED%9B%84,본문/소설/이상 - 병상 이후 (1939-05-01).txt
시계열,1939-05-01,발표 월,단편소설,선구녀,김동인,8224,https://ko.wikisource.org/wiki/%EC%84%A0%EA%B5%AC%EB%85%80,본문/단편소설/김동인 - 선구녀 (1939-05-01).txt
시계열,1939-05-01,발표 월,수필,예술 형식의 변천과 영화의 집단성 l,이육사,6985,https://ko.wikisource.org/wiki/%EC%98%88%EC%88%A0_%ED%98%95%EC%8B%9D%EC%9D%98_%EB%B3%80%EC%B2%9C%EA%B3%BC_%EC%98%81%ED%99%94%EC%9D%98_%EC%A7%91%EB%8B%A8%EC%84%B1,본문/수필/이육사 - 예술 형식의 변천과 영화의 집단성 l (1939-05-01).txt
시계열,1939-05-01,발표 월,수필,율정기,계용묵,2660,https://ko.wikisource.org/wiki/%EC%83%81%EC%95%84%ED%83%91/%EC%9C%A8%EC%A0%95%EA%B8%B0,본문/수필/계용묵 - 율정기 (1939-05-01).txt
시계열,1939-05-01,발표 월,소설,최저낙원,이상,1690,https://ko.wikisource.org/wiki/%EC%B5%9C%EC%A0%80%EB%82%99%EC%9B%90,본문/소설/이상 - 최저낙원 (1939-05-01).txt
시계열,1939-05-01,발표 월,시,호수,이육사,106,https://ko.wikisource.org/wiki/%ED%98%B8%EC%88%98,본문/시/이육사 - 호수 (1939-05-01).txt
시계열,1939-06-01,발표 월,시,박넝쿨타령,김소월,494,https://ko.wikisource.org/wiki/%EB%B0%95%EB%84%9D%EC%BF%A8%ED%83%80%EB%A0%B9,본문/시/김소월 - 박넝쿨타령 (1939-06-01).txt
시계열,1939-07-01,발표 월,수필,怒發의 可否,김교신,1097,https://ko.wikisource.org/wiki/%EB%85%B8%EB%B0%9C%EC%9D%98_%EA%B0%80%EB%B6%80,본문/수필/김교신 - 怒發의 可否 (1939-07-01).txt
시계열,1939-07-01,발표 월,단편소설,길놀이,이광수,4071,https://ko.wikisource.org/wiki/%EA%B8%B8%EB%86%80%EC%9D%B4,본문/단편소설/이광수 - 길놀이 (1939-07-01).txt
시계열,1939-07-01,발표 월,수필,창작 일기,계용묵,1399,https://ko.wikisource.org/wiki/%EC%B0%BD%EC%9E%91_%EC%9D%BC%EA%B8%B0,본문/수필/계용묵 - 창작 일기 (1939-07-01).txt
시계열,1939-07-01,발표 월,단편소설,황제,이효석,16042,https://ko.wikisource.org/wiki/%ED%99%A9%EC%A0%9C,본문/단편소설/이효석 - 황제 (1939-07-01).txt
시계열,1939-08-01,발표 월,수필,캔사스 역의 봉변,홍난파,1939,https://ko.wikisource.org/wiki/%EC%BA%94%EC%82%AC%EC%8A%A4_%EC%97%AD%EC%9D%98_%EB%B4%89%EB%B3%80,본문/수필/홍난파 - 캔사스 역의 봉변 (1939-08-01).txt
시계열,1939-08-01,발표 월,수필,포도주,계용묵,1562,https://ko.wikisource.org/wiki/%EC%83%81%EC%95%84%ED%83%91/%ED%8F%AC%EB%8F%84%EC%A3%BC,본문/수필/계용묵 - 포도주 (1939-08-01).txt
시계열,1939-09-01,발표 월,수필,육장기,이광수,22317,https://ko.wikisource.org/wiki/%EC%9C%A1%EC%9E%A5%EA%B8%B0,본문/수필/이광수 - 육장기 (1939-09-01).txt
시계열,1939-09-01,발표 월,시,장미 병들어,윤동주,106,https://ko.wikisource.org/wiki/%ED%95%98%EB%8A%98%EA%B3%BC_%EB%B0%94%EB%9E%8C%EA%B3%BC_%EB%B3%84%EA%B3%BC_%EC%8B%9C_%281979%EB%85%84%29/%EC%9E%A5%EB%AF%B8_%EB%B3%91%EB%93%A4%EC%96%B4,본문/시/윤동주 - 장미 병들어 (1939-09-01).txt
시계열,1939-09-01,발표 월,단편소설,향수,이효석,7789,https://ko.wikisource.org/wiki/%ED%96%A5%EC%88%98_%28%EC%9D%B4%ED%9A%A8%EC%84%9D%29,본문/단편소설/이효석 - 향수 (1939-09-01).txt
시계열,1939-10-01,발표 월,단편소설,일표(一票)의 공능,이효석,7993,https://ko.wikisource.org/wiki/%EC%9D%BC%ED%91%9C%EC%9D%98_%EA%B3%B5%EB%8A%A5,본문/단편소설/이효석 - 일표(一票)의 공능 (1939-10-01).txt
시계열,1939-10-01,발표 월,소설,제1과 제1장,이무영,17424,https://ko.wikisource.org/wiki/%EC%A0%9C1%EA%B3%BC_%EC%A0%9C1%EC%9E%A5,본문/소설/이무영 - 제1과 제1장 (1939-10-01).txt
시계열,1939-10-25,발표일,장편소설,흑치상지,현진건,77174,https://ko.wikisource.org/wiki/%ED%9D%91%EC%B9%98%EC%83%81%EC%A7%80,본문/장편소설/현진건 - 흑치상지 (1939-10-25).txt
시계열,1939-11-29,발표일,소설,여수,이효석,31064,https://ko.wikisource.org/wiki/%EC%97%AC%EC%88%98_%28%EC%9D%B4%ED%9A%A8%EC%84%9D%29,본문/소설/이효석 - 여수 (1939-11-29).txt
시계열,1939-12-01,발표 월,수필,첫 무대의 기억,홍난파,1388,https://ko.wikisource.org/wiki/%EC%B2%AB_%EB%AC%B4%EB%8C%80%EC%9D%98_%EA%B8%B0%EC%96%B5,본문/수필/홍난파 - 첫 무대의 기억 (1939-12-01).txt
시계열,1939-12-01,발표 월,희곡,희곡(戱曲) 역사,이효석,18601,https://ko.wikisource.org/wiki/%EC%97%AD%EC%82%AC,본문/희곡/이효석 - 희곡(戱曲) 역사 (1939-12-01).txt
시계열,1940-01-01,수록 문집 간행 연도,시,1. 황혼,윤곤강,84,https://ko.wikisource.org/wiki/%EB%B9%99%ED%99%94/1._%ED%99%A9%ED%98%BC,본문/시/윤곤강 - 1. 황혼 (1940-01-01).txt
시계열,1940-01-01,수록 문집 간행 연도,시,2. 호수,윤곤강,97,https://ko.wikisource.org/wiki/%EB%B9%99%ED%99%94/2._%ED%98%B8%EC%88%98,본문/시/윤곤강 - 2. 호수 (1940-01-01).txt
시계열,1940-01-01,수록 문집 간행 연도,시,3. 마을,윤곤강,132,https://ko.wikisource.org/wiki/%EB%B9%99%ED%99%94/3._%EB%A7%88%EC%9D%84,본문/시/윤곤강 - 3. 마을 (1940-01-01).txt
시계열,1940-01-01,발표 연도,소설,亂啼烏,이광수,9870,https://ko.wikisource.org/wiki/%EB%82%9C%EC%A0%9C%EC%98%A4,본문/소설/이광수 - 亂啼烏 (1940-01-01).txt
시계열,1940-01-01,발표 월,수필,"母, 妹, 妻에게",이광수,3865,https://ko.wikisource.org/wiki/%EB%AA%A8%2C_%EB%A7%A4%2C_%EC%B2%98%EC%97%90%EA%B2%8C,"본문/수필/이광수 - 母, 妹, 妻에게 (1940-01-01).txt"
시계열,1940-01-01,발표 연도,소설,金氏夫人轉,이광수,3152,https://ko.wikisource.org/wiki/%EA%B9%80%EC%94%A8%EB%B6%80%EC%9D%B8%EC%A0%84,본문/소설/이광수 - 金氏夫人轉 (1940-01-01).txt
시계열,1940-01-01,발표 연도,소설,경영,김남천,28028,https://ko.wikisource.org/wiki/%EA%B2%BD%EC%98%81,본문/소설/김남천 - 경영 (1940-01-01).txt
시계열,1940-01-01,수록 문집 간행 연도,시,꿈,윤곤강,67,https://ko.wikisource.org/wiki/%EB%B9%99%ED%99%94/%EA%BF%88,본문/시/윤곤강 - 꿈 (1940-01-01).txt
시계열,1940-01-01,수록 문집 간행 연도,시,나의 밤,윤곤강,162,https://ko.wikisource.org/wiki/%EB%B9%99%ED%99%94/%EB%82%98%EC%9D%98_%EB%B0%A4,본문/시/윤곤강 - 나의 밤 (1940-01-01).txt
시계열,1940-01-01,저자 문서 발표 연도,기타,내가 좋아하는 솔,강경애,1640,https://ko.wikisource.org/wiki/%EB%82%B4%EA%B0%80_%EC%A2%8B%EC%95%84%ED%95%98%EB%8A%94_%EC%86%94,본문/기타/강경애 - 내가 좋아하는 솔 (1940-01-01).txt
시계열,1940-01-01,수록 문집 간행 연도,시,눈 쌓인 밤,윤곤강,89,https://ko.wikisource.org/wiki/%EB%B9%99%ED%99%94/%EB%88%88_%EC%8C%93%EC%9D%B8_%EB%B0%A4,본문/시/윤곤강 - 눈 쌓인 밤 (1940-01-01).txt
시계열,1940-01-01,수록 문집 간행 연도,시,대야초,윤곤강,176,https://ko.wikisource.org/wiki/%EB%B9%99%ED%99%94/%EB%8C%80%EC%95%BC%EC%B4%88,본문/시/윤곤강 - 대야초 (1940-01-01).txt
시계열,1940-01-01,발표 월,단편소설,동자삼,김동인,4583,https://ko.wikisource.org/wiki/%EB%8F%99%EC%9D%B8%EC%82%AC%EB%8B%B4%EC%A7%91_5/%EB%8F%99%EC%9E%90%EC%82%BC,본문/단편소설/김동인 - 동자삼 (1940-01-01).txt
시계열,1940-01-01,발표 연도,시,반묘,이육사,172,https://ko.wikisource.org/wiki/%EB%B0%98%EB%AC%98,본문/시/이육사 - 반묘 (1940-01-01).txt
시계열,1940-01-01,수록 문집 간행 연도,시,밤의 시름,윤곤강,138,https://ko.wikisource.org/wiki/%EB%B9%99%ED%99%94/%EB%B0%A4%EC%9D%98_%EC%8B%9C%EB%A6%84,본문/시/윤곤강 - 밤의 시름 (1940-01-01).txt
시계열,1940-01-01,수록 문집 간행 연도,시,백야,윤곤강,117,https://ko.wikisource.org/wiki/%EB%B9%99%ED%99%94/%EB%B0%B1%EC%95%BC,본문/시/윤곤강 - 백야 (1940-01-01).txt
시계열,1940-01-01,수록 문집 간행 연도,시,벽,윤곤강,109,https://ko.wikisource.org/wiki/%EB%B9%99%ED%99%94/%EB%B2%BD,본문/시/윤곤강 - 벽 (1940-01-01).txt
시계열,1940-01-01,수록 문집 간행 연도,시,별과 새에게,윤곤강,159,https://ko.wikisource.org/wiki/%EB%B9%99%ED%99%94/%EB%B3%84%EA%B3%BC_%EC%83%88%EC%97%90%EA%B2%8C,본문/시/윤곤강 - 별과 새에게 (1940-01-01).txt
시계열,1940-01-01,수록 문집 간행 연도,시,분수,윤곤강,301,https://ko.wikisource.org/wiki/%EB%B9%99%ED%99%94/%EB%B6%84%EC%88%98,본문/시/윤곤강 - 분수 (1940-01-01).txt
시계열,1940-01-01,수록 문집 간행 연도,시,비애,윤곤강,59,https://ko.wikisource.org/wiki/%EB%B9%99%ED%99%94/%EB%B9%84%EC%95%A0,본문/시/윤곤강 - 비애 (1940-01-01).txt
시계열,1940-01-01,수록 문집 간행 연도,시,빙하,윤곤강,343,https://ko.wikisource.org/wiki/%EB%B9%99%ED%99%94/%EB%B9%99%ED%95%98,본문/시/윤곤강 - 빙하 (1940-01-01).txt
시계열,1940-01-01,저자 문서 발표 연도,소설,사호 일단,채만식,21331,https://ko.wikisource.org/wiki/%EC%82%AC%ED%98%B8%EC%9D%BC%EB%8B%A8,본문/소설/채만식 - 사호 일단 (1940-01-01).txt
시계열,1940-01-01,수록 문집 간행 연도,시,성에의 꽃,윤곤강,261,https://ko.wikisource.org/wiki/%EB%B9%99%ED%99%94/%EC%84%B1%EC%97%90%EC%9D%98_%EA%BD%83,본문/시/윤곤강 - 성에의 꽃 (1940-01-01).txt
시계열,1940-01-01,발표 연도,장편소설,세조대왕,이광수,90952,https://ko.wikisource.org/wiki/%EC%84%B8%EC%A1%B0%EB%8C%80%EC%99%95,본문/장편소설/이광수 - 세조대왕 (1940-01-01).txt
시계열,1940-01-01,수록 문집 간행 연도,시,시계,윤곤강,82,https://ko.wikisource.org/wiki/%EB%B9%99%ED%99%94/%EC%8B%9C%EA%B3%84,본문/시/윤곤강 - 시계 (1940-01-01).txt
시계열,1940-01-01,수록 문집 간행 연도,시,야경,윤곤강,104,https://ko.wikisource.org/wiki/%EB%B9%99%ED%99%94/%EC%95%BC%EA%B2%BD,본문/시/윤곤강 - 야경 (1940-01-01).txt
시계열,1940-01-01,발표 연도,평론,약수,강경애,1412,https://ko.wikisource.org/wiki/%EC%95%BD%EC%88%98_%28%EA%B0%95%EA%B2%BD%EC%95%A0%29,본문/평론/강경애 - 약수 (1940-01-01).txt
시계열,1940-01-01,수록 문집 간행 연도,시,언덕,윤곤강,118,https://ko.wikisource.org/wiki/%EB%B9%99%ED%99%94/%EC%96%B8%EB%8D%95,본문/시/윤곤강 - 언덕 (1940-01-01).txt
시계열,1940-01-01,저자 문서 발표 연도,시,유치장에서 만난 사나이,김사량,10280,https://ko.wikisource.org/wiki/%EC%9C%A0%EC%B9%98%EC%9E%A5%EC%97%90%EC%84%9C_%EB%A7%8C%EB%82%9C_%EC%82%AC%EB%82%98%EC%9D%B4,본문/시/김사량 - 유치장에서 만난 사나이 (1940-01-01).txt
시계열,1940-01-01,수록 문집 간행 연도,시,자화상,윤곤강,142,https://ko.wikisource.org/wiki/%EB%B9%99%ED%99%94/%EC%9E%90%ED%99%94%EC%83%81,본문/시/윤곤강 - 자화상 (1940-01-01).txt
시계열,1940-01-01,발표 연도,시,절정,이육사,105,https://ko.wikisource.org/wiki/%EC%A0%88%EC%A0%95,본문/시/이육사 - 절정 (1940-01-01).txt
시계열,1940-01-01,저자 문서 발표 연도,시,청령,이상,252,https://ko.wikisource.org/wiki/%EC%B2%AD%EB%A0%B9,본문/시/이상 - 청령 (1940-01-01).txt
시계열,1940-01-01,수록 문집 간행 연도,시,포플라,윤곤강,40,https://ko.wikisource.org/wiki/%EB%B9%99%ED%99%94/%ED%8F%AC%ED%94%8C%EB%9D%BC,본문/시/윤곤강 - 포플라 (1940-01-01).txt
시계열,1940-01-01,저자 문서 발표 연도,시,한개의밤,이상,318,https://ko.wikisource.org/wiki/%ED%95%9C_%EA%B0%9C%EC%9D%98_%EB%B0%A4,본문/시/이상 - 한개의밤 (1940-01-01).txt
시계열,1940-01-01,발표 연도,수필,현주·냉광,이육사,905,https://ko.wikisource.org/wiki/%ED%98%84%EC%A3%BC%C2%B7%EB%83%89%EA%B4%91,본문/수필/이육사 - 현주·냉광 (1940-01-01).txt
시계열,1940-01-01,저자 문서 발표 연도,소설,회,채만식,18538,https://ko.wikisource.org/wiki/%ED%9A%8C,본문/소설/채만식 - 회 (1940-01-01).txt
시계열,1940-01-01,수록 문집 간행 연도,시,희망,윤곤강,52,https://ko.wikisource.org/wiki/%EB%B9%99%ED%99%94/%ED%9D%AC%EB%A7%9D,본문/시/윤곤강 - 희망 (1940-01-01).txt
시계열,1940-01-25,발표일,장편소설,벽공무한,이효석,192464,https://ko.wikisource.org/wiki/%EB%B2%BD%EA%B3%B5%EB%AC%B4%ED%95%9C,본문/장편소설/이효석 - 벽공무한 (1940-01-25).txt
시계열,1940-02-01,발표 월,장편소설,낙조,김사량,84265,https://ko.wikisource.org/wiki/%EB%82%99%EC%A1%B0_%28%EA%B9%80%EC%82%AC%EB%9F%89%29,본문/장편소설/김사량 - 낙조 (1940-02-01).txt
시계열,1940-02-01,발표 월,수필,이성 간의 우정,이효석,1585,https://ko.wikisource.org/wiki/%EC%9D%B4%EC%84%B1_%EA%B0%84%EC%9D%98_%EC%9A%B0%EC%A0%95,본문/수필/이효석 - 이성 간의 우정 (1940-02-01).txt
시계열,1940-02-01,발표 월,수필,효조,계용묵,1812,https://ko.wikisource.org/wiki/%EC%83%81%EC%95%84%ED%83%91/%ED%9A%A8%EC%A1%B0,본문/수필/계용묵 - 효조 (1940-02-01).txt
시계열,1940-03-01,발표 월,단편소설,옥수수,이광수,3648,https://ko.wikisource.org/wiki/%EC%98%A5%EC%88%98%EC%88%98,본문/단편소설/이광수 - 옥수수 (1940-03-01).txt
시계열,1940-04-01,발표 월,중편소설,냉동어,채만식,64436,https://ko.wikisource.org/wiki/%EB%83%89%EB%8F%99%EC%96%B4,본문/중편소설/채만식 - 냉동어 (1940-04-01).txt
시계열,1940-04-01,발표 월,소설,흙의 노예,이무영,39558,https://ko.wikisource.org/wiki/%ED%9D%99%EC%9D%98_%EB%85%B8%EC%98%88,본문/소설/이무영 - 흙의 노예 (1940-04-01).txt
시계열,1940-04-27,발표일,시,광인의 태양,이육사,93,https://ko.wikisource.org/wiki/%EA%B4%91%EC%9D%B8%EC%9D%98_%ED%83%9C%EC%96%91,본문/시/이육사 - 광인의 태양 (1940-04-27).txt
시계열,1940-05-01,발표 월,시,일식,이육사,154,https://ko.wikisource.org/wiki/%EC%9D%BC%EC%8B%9D,본문/시/이육사 - 일식 (1940-05-01).txt
시계열,1940-07-01,발표 월,시,교목,이육사,102,https://ko.wikisource.org/wiki/%EA%B5%90%EB%AA%A9,본문/시/이육사 - 교목 (1940-07-01).txt
시계열,1940-07-01,발표 월,수필,성전 3주년,이광수,1600,https://ko.wikisource.org/wiki/%EC%84%B1%EC%A0%84_%EC%82%BC_%EC%A3%BC%EB%85%84,본문/수필/이광수 - 성전 3주년 (1940-07-01).txt
시계열,1940-08-01,발표 월,수필,실직기,계용묵,1348,https://ko.wikisource.org/wiki/%EC%83%81%EC%95%84%ED%83%91/%EC%8B%A4%EC%A7%81%EA%B8%B0,본문/수필/계용묵 - 실직기 (1940-08-01).txt
시계열,1940-10-01,발표 월,시,서풍,이육사,129,https://ko.wikisource.org/wiki/%EC%84%9C%ED%92%8D,본문/시/이육사 - 서풍 (1940-10-01).txt
시계열,1940-10-01,발표 월,수필,은하수,이육사,2512,https://ko.wikisource.org/wiki/%EC%9D%80%ED%95%98%EC%88%98,본문/수필/이육사 - 은하수 (1940-10-01).txt
시계열,1940-10-01,발표 월,소설,하얼빈,이효석,7487,https://ko.wikisource.org/wiki/%ED%95%98%EC%96%BC%EB%B9%88,본문/소설/이효석 - 하얼빈 (1940-10-01).txt
시계열,1940-11-01,발표 월,수필,윤곤강 시집 《빙화》 기타,이육사,1290,https://ko.wikisource.org/wiki/%EC%9C%A4%EA%B3%A4%EA%B0%95_%EC%8B%9C%EC%A7%91_%EB%B9%99%ED%99%94_%EA%B8%B0%ED%83%80,본문/수필/이육사 - 윤곤강 시집 《빙화》 기타 (1940-11-01).txt
시계열,1940-12-01,발표 월,단편소설,결별,지하련,12743,https://ko.wikisource.org/wiki/%EA%B2%B0%EB%B3%84,본문/단편소설/지하련 - 결별 (1940-12-01).txt
시계열,1940-12-01,발표 월,소설,신기루,계용묵,7991,https://ko.wikisource.org/wiki/%EC%8B%A0%EA%B8%B0%EB%A3%A8,본문/소설/계용묵 - 신기루 (1940-12-01).txt
시계열,1940-12-01,발표 월,수필,이성을 보는 눈,계용묵,2187,https://ko.wikisource.org/wiki/%EC%83%81%EC%95%84%ED%83%91/%EC%9D%B4%EC%84%B1%EC%9D%84_%EB%B3%B4%EB%8A%94_%EB%88%88,본문/수필/계용묵 - 이성을 보는 눈 (1940-12-01).txt
시계열,1940-12-03,창작일,시,위로,윤동주,224,https://ko.wikisource.org/wiki/%ED%95%98%EB%8A%98%EA%B3%BC_%EB%B0%94%EB%9E%8C%EA%B3%BC_%EB%B3%84%EA%B3%BC_%EC%8B%9C_%281948%EB%85%84%29/%EC%9C%84%EB%A1%9C,본문/시/윤동주 - 위로 (1940-12-03).txt
시계열,1941-01-01,발표 연도,시,昆虫九題[곤충구제],변영로,640,https://ko.wikisource.org/wiki/%EA%B3%A4%EC%B6%A9%EA%B5%AC%EC%A0%9C,본문/시/변영로 - 昆虫九題[곤충구제] (1941-01-01).txt
시계열,1941-01-01,수록 문집 간행 연도,수필,경의록,김남천,5715,https://ko.wikisource.org/wiki/%EA%B8%B0%ED%96%89/%EA%B2%BD%EC%9D%98%EB%A1%9D,본문/수필/김남천 - 경의록 (1941-01-01).txt
시계열,1941-01-01,발표 연도,단편소설,그림,김남천,3716,https://ko.wikisource.org/wiki/%EA%B7%B8%EB%A6%BC,본문/단편소설/김남천 - 그림 (1941-01-01).txt
시계열,1941-01-01,수록 문집 간행 연도,시,꾀꼬리와 국화,정지용,1683,https://ko.wikisource.org/wiki/%EB%B0%B1%EB%A1%9D%EB%8B%B4/%EA%BE%80%EA%BC%AC%EB%A6%AC%EC%99%80_%EA%B5%AD%ED%99%94,본문/시/정지용 - 꾀꼬리와 국화 (1941-01-01).txt
시계열,1941-01-01,수록 문집 간행 연도,시,노인(老人)과 꽃,정지용,923,https://ko.wikisource.org/wiki/%EB%B0%B1%EB%A1%9D%EB%8B%B4/%EB%85%B8%EC%9D%B8%EA%B3%BC_%EA%BD%83,본문/시/정지용 - 노인(老人)과 꽃 (1941-01-01).txt
시계열,1941-01-01,발표 월,시,독백,이육사,204,https://ko.wikisource.org/wiki/%EB%8F%85%EB%B0%B1_%28%EC%9D%B4%EC%9C%A1%EC%82%AC%29,본문/시/이육사 - 독백 (1941-01-01).txt
시계열,1941-01-01,발표 월,수필,말,계용묵,1653,https://ko.wikisource.org/wiki/%EC%83%81%EC%95%84%ED%83%91/%EB%A7%90,본문/수필/계용묵 - 말 (1941-01-01).txt
시계열,1941-01-01,수록 문집 간행 연도,시,별,정지용,299,https://ko.wikisource.org/wiki/%EB%B0%B1%EB%A1%9D%EB%8B%B4/%EB%B3%84,본문/시/정지용 - 별 (1941-01-01).txt
시계열,1941-01-01,수록 문집 간행 연도,시,비,정지용,3464,https://ko.wikisource.org/wiki/%EB%B0%B1%EB%A1%9D%EB%8B%B4/%EB%B9%84_%28%EC%82%B0%EB%AC%B8%29,본문/시/정지용 - 비 (1941-01-01).txt
시계열,1941-01-01,수록 문집 간행 연도,시,비둘기,정지용,1392,https://ko.wikisource.org/wiki/%EB%B0%B1%EB%A1%9D%EB%8B%B4/%EB%B9%84%EB%91%98%EA%B8%B0,본문/시/정지용 - 비둘기 (1941-01-01).txt
시계열,1941-01-01,발표 연도,수필,산사기,이육사,2618,https://ko.wikisource.org/wiki/%EC%82%B0%EC%82%AC%EA%B8%B0,본문/수필/이육사 - 산사기 (1941-01-01).txt
시계열,1941-01-01,저자 문서 발표 연도,소설,산협,이효석,20401,https://ko.wikisource.org/wiki/%EC%82%B0%ED%98%91,본문/소설/이효석 - 산협 (1941-01-01).txt
시계열,1941-01-01,수록 문집 간행 연도,시,삽사리,정지용,221,https://ko.wikisource.org/wiki/%EB%B0%B1%EB%A1%9D%EB%8B%B4/%EC%82%BD%EC%82%AC%EB%A6%AC,본문/시/정지용 - 삽사리 (1941-01-01).txt
시계열,1941-01-01,수록 문집 간행 연도,시,슬픈 우상,정지용,1856,https://ko.wikisource.org/wiki/%EB%B0%B1%EB%A1%9D%EB%8B%B4/%EC%8A%AC%ED%94%88_%EC%9A%B0%EC%83%81,본문/시/정지용 - 슬픈 우상 (1941-01-01).txt
시계열,1941-01-01,발표 연도,서간,신약성서 서간·묵시편,아르눌프 슐라이허 신부,2097,https://ko.wikisource.org/wiki/%EC%8B%A0%EC%95%BD%EC%84%B1%EC%84%9C_%EC%84%9C%EA%B0%84%C2%B7%EB%AC%B5%EC%8B%9C%ED%8E%B8,본문/서간/아르눌프 슐라이허 신부 - 신약성서 서간·묵시편 (1941-01-01).txt
시계열,1941-01-01,수록 문집 간행 연도,시,아스팔트,정지용,457,https://ko.wikisource.org/wiki/%EB%B0%B1%EB%A1%9D%EB%8B%B4/%EC%95%84%EC%8A%A4%ED%8C%94%ED%8A%B8,본문/시/정지용 - 아스팔트 (1941-01-01).txt
시계열,1941-01-01,저자 문서 발표 연도,단편소설,어머니,김동인,13102,https://ko.wikisource.org/wiki/%EC%96%B4%EB%A8%B8%EB%8B%88_%EA%B3%B0%EB%84%A4,본문/단편소설/김동인 - 어머니 (1941-01-01).txt
시계열,1941-01-01,발표 연도,소설,여수,정인택,14633,https://ko.wikisource.org/wiki/%EC%97%AC%EC%88%98_%28%EC%A0%95%EC%9D%B8%ED%83%9D%29,본문/소설/정인택 - 여수 (1941-01-01).txt
시계열,1941-01-01,저자 문서 발표 연도,수필,연륜,이육사,2461,https://ko.wikisource.org/wiki/%EC%97%B0%EB%A5%9C,본문/수필/이육사 - 연륜 (1941-01-01).txt
시계열,1941-01-01,저자 문서 발표 연도,수필,연인기,이육사,2761,https://ko.wikisource.org/wiki/%EC%97%B0%EC%9D%B8%EA%B8%B0,본문/수필/이육사 - 연인기 (1941-01-01).txt
시계열,1941-01-01,수록 문집 간행 연도,시,예양,정지용,1757,https://ko.wikisource.org/wiki/%EB%B0%B1%EB%A1%9D%EB%8B%B4/%EC%98%88%EC%96%91,본문/시/정지용 - 예양 (1941-01-01).txt
시계열,1941-01-01,저자 문서 발표 연도,소설,오디,김남천,8177,https://ko.wikisource.org/wiki/%EC%98%A4%EB%94%94,본문/소설/김남천 - 오디 (1941-01-01).txt
시계열,1941-01-01,수록 문집 간행 연도,시,온정,정지용,196,https://ko.wikisource.org/wiki/%EB%B0%B1%EB%A1%9D%EB%8B%B4/%EC%98%A8%EC%A0%95,본문/시/정지용 - 온정 (1941-01-01).txt
시계열,1941-01-01,발표 연도,소설,왕부의 낙조,김동인,34100,https://ko.wikisource.org/wiki/%EC%99%95%EB%B6%80%EC%9D%98_%EB%82%99%EC%A1%B0,본문/소설/김동인 - 왕부의 낙조 (1941-01-01).txt
시계열,1941-01-01,수록 문집 간행 연도,시,육체,정지용,1597,https://ko.wikisource.org/wiki/%EB%B0%B1%EB%A1%9D%EB%8B%B4/%EC%9C%A1%EC%B2%B4,본문/시/정지용 - 육체 (1941-01-01).txt
시계열,1941-01-01,수록 문집 간행 연도,시,이목구비,정지용,1400,https://ko.wikisource.org/wiki/%EB%B0%B1%EB%A1%9D%EB%8B%B4/%EC%9D%B4%EB%AA%A9%EA%B5%AC%EB%B9%84,본문/시/정지용 - 이목구비 (1941-01-01).txt
시계열,1941-01-01,수록 문집 간행 연도,수필,전산부전병원,김남천,1712,https://ko.wikisource.org/wiki/%EA%B8%B0%ED%96%89/%EC%A0%84%EC%82%B0%EB%B6%80%EC%A0%84%EB%B3%91%EC%9B%90,본문/수필/김남천 - 전산부전병원 (1941-01-01).txt
시계열,1941-01-01,발표 연도,소설,종로(鐘路)의 주민,채만식,11202,https://ko.wikisource.org/wiki/%EC%A2%85%EB%A1%9C%EC%9D%98_%EC%A3%BC%EB%AF%BC,본문/소설/채만식 - 종로(鐘路)의 주민 (1941-01-01).txt
시계열,1941-01-01,발표 연도,수필,중국문학오십년사,후스,18575,https://ko.wikisource.org/wiki/%EC%A4%91%EA%B5%AD%EB%AC%B8%ED%95%99%EC%98%A4%EC%8B%AD%EB%85%84%EC%82%AC,본문/수필/후스 - 중국문학오십년사 (1941-01-01).txt
시계열,1941-01-01,발표 월,시,창,정지용,101,https://ko.wikisource.org/wiki/%EC%B0%BD_%28%EC%A0%95%EC%A7%80%EC%9A%A9%29,본문/시/정지용 - 창 (1941-01-01).txt
시계열,1941-01-01,수록 문집 간행 연도,시,파라솔,정지용,314,https://ko.wikisource.org/wiki/%EB%B0%B1%EB%A1%9D%EB%8B%B4/%ED%8C%8C%EB%9D%BC%EC%86%94,본문/시/정지용 - 파라솔 (1941-01-01).txt
시계열,1941-01-01,수록 문집 간행 연도,수필,회창,김남천,2603,https://ko.wikisource.org/wiki/%EA%B8%B0%ED%96%89/%ED%9A%8C%EC%B0%BD,본문/수필/김남천 - 회창 (1941-01-01).txt
시계열,1941-02-01,발표 월,소설,라오코왼의 後裔,이효석,6192,https://ko.wikisource.org/wiki/%EB%9D%BC%EC%98%A4%EC%BD%94%EC%99%BC%EC%9D%98_%ED%9B%84%EC%98%88,본문/소설/이효석 - 라오코왼의 後裔 (1941-02-01).txt
시계열,1941-02-07,창작일,시,무서운 시간,윤동주,140,https://ko.wikisource.org/wiki/%ED%95%98%EB%8A%98%EA%B3%BC_%EB%B0%94%EB%9E%8C%EA%B3%BC_%EB%B3%84%EA%B3%BC_%EC%8B%9C_%281948%EB%85%84%29/%EB%AC%B4%EC%84%9C%EC%9A%B4_%EC%8B%9C%EA%B0%84,본문/시/윤동주 - 무서운 시간 (1941-02-07).txt
시계열,1941-03-01,발표 월,장편소설,대수양,김동인,199128,https://ko.wikisource.org/wiki/%EB%8C%80%EC%88%98%EC%96%91,본문/장편소설/김동인 - 대수양 (1941-03-01).txt
시계열,1941-03-01,발표 월,소설,부상관(扶桑館)의 봄,정인택,14466,https://ko.wikisource.org/wiki/%EB%B6%80%EC%83%81%EA%B4%80%EC%9D%98_%EB%B4%84,본문/소설/정인택 - 부상관(扶桑館)의 봄 (1941-03-01).txt
시계열,1941-03-01,발표 월,수필,손,계용묵,1168,https://ko.wikisource.org/wiki/%EC%83%81%EC%95%84%ED%83%91/%EC%86%90,본문/수필/계용묵 - 손 (1941-03-01).txt
시계열,1941-03-12,창작일,시,눈 오는 지도,윤동주,255,https://ko.wikisource.org/wiki/%ED%95%98%EB%8A%98%EA%B3%BC_%EB%B0%94%EB%9E%8C%EA%B3%BC_%EB%B3%84%EA%B3%BC_%EC%8B%9C_%281948%EB%85%84%29/%EB%88%88_%EC%98%A4%EB%8A%94_%EC%A7%80%EB%8F%84,본문/시/윤동주 - 눈 오는 지도 (1941-03-12).txt
시계열,1941-04-01,발표 월,시,서러운 해조,이상화,105,https://ko.wikisource.org/wiki/%EC%84%9C%EB%9F%AC%EC%9A%B4_%ED%95%B4%EC%A1%B0,본문/시/이상화 - 서러운 해조 (1941-04-01).txt
시계열,1941-04-01,발표 월,시,서울,이육사,337,https://ko.wikisource.org/wiki/%EC%84%9C%EC%9A%B8,본문/시/이육사 - 서울 (1941-04-01).txt
시계열,1941-04-01,발표 월,장편소설,선화공주,현진건,38377,https://ko.wikisource.org/wiki/%EC%84%A0%ED%99%94%EA%B3%B5%EC%A3%BC,본문/장편소설/현진건 - 선화공주 (1941-04-01).txt
시계열,1941-04-01,발표 월,시,아미,이육사,273,https://ko.wikisource.org/wiki/%EC%95%84%EB%AF%B8,본문/시/이육사 - 아미 (1941-04-01).txt
시계열,1941-04-01,발표 월,시,자야곡,이육사,198,https://ko.wikisource.org/wiki/%EC%9E%90%EC%95%BC%EA%B3%A1,본문/시/이육사 - 자야곡 (1941-04-01).txt
시계열,1941-04-01,발표 월,단편소설,지기미,김사량,8581,https://ko.wikisource.org/wiki/%EC%A7%80%EA%B8%B0%EB%AF%B8,본문/단편소설/김사량 - 지기미 (1941-04-01).txt
시계열,1941-05-01,창작일,소설,서한,이효석,6452,https://ko.wikisource.org/wiki/%EC%84%9C%ED%95%9C,본문/소설/이효석 - 서한 (1941-05-01).txt
시계열,1941-05-31,창작일,시,눈감고 간다,윤동주,85,https://ko.wikisource.org/wiki/%ED%95%98%EB%8A%98%EA%B3%BC_%EB%B0%94%EB%9E%8C%EA%B3%BC_%EB%B3%84%EA%B3%BC_%EC%8B%9C_%281948%EB%85%84%29/%EB%88%88%EA%B0%90%EA%B3%A0_%EA%B0%84%EB%8B%A4,본문/시/윤동주 - 눈감고 간다 (1941-05-31).txt
시계열,1941-05-31,창작일,시,십자가,윤동주,155,https://ko.wikisource.org/wiki/%ED%95%98%EB%8A%98%EA%B3%BC_%EB%B0%94%EB%9E%8C%EA%B3%BC_%EB%B3%84%EA%B3%BC_%EC%8B%9C_%281948%EB%85%84%29/%EC%8B%AD%EC%9E%90%EA%B0%80,본문/시/윤동주 - 십자가 (1941-05-31).txt
시계열,1941-06-01,발표 월,평론,중국현대시의 일단면,이육사,3855,https://ko.wikisource.org/wiki/%EC%A4%91%EA%B5%AD%ED%98%84%EB%8C%80%EC%8B%9C%EC%9D%98_%EC%9D%BC%EB%8B%A8%EB%A9%B4,본문/평론/이육사 - 중국현대시의 일단면 (1941-06-01).txt
시계열,1941-06-02,창작일,시,바람이 불어,윤동주,129,https://ko.wikisource.org/wiki/%ED%95%98%EB%8A%98%EA%B3%BC_%EB%B0%94%EB%9E%8C%EA%B3%BC_%EB%B3%84%EA%B3%BC_%EC%8B%9C_%281948%EB%85%84%29/%EB%B0%94%EB%9E%8C%EC%9D%B4_%EB%B6%88%EC%96%B4,본문/시/윤동주 - 바람이 불어 (1941-06-02).txt
시계열,1941-09-01,발표일,시,志願兵壯行歌,春園,150,https://ko.wikisource.org/wiki/%EC%A7%80%EC%9B%90%EB%B3%91%EC%9E%A5%ED%96%89%EA%B0%80,본문/시/春園 - 志願兵壯行歌 (1941-09-01).txt
시계열,1941-11-05,창작일,시,별 헤는 밤,윤동주,482,https://ko.wikisource.org/wiki/%ED%95%98%EB%8A%98%EA%B3%BC_%EB%B0%94%EB%9E%8C%EA%B3%BC_%EB%B3%84%EA%B3%BC_%EC%8B%9C_%281948%EB%85%84%29/%EB%B3%84_%ED%97%A4%EB%8A%94_%EB%B0%A4,본문/시/윤동주 - 별 헤는 밤 (1941-11-05).txt
시계열,1941-11-20,창작일,시,서시,윤동주,121,https://ko.wikisource.org/wiki/%ED%95%98%EB%8A%98%EA%B3%BC_%EB%B0%94%EB%9E%8C%EA%B3%BC_%EB%B3%84%EA%B3%BC_%EC%8B%9C_%281948%EB%85%84%29/%EC%84%9C%EC%8B%9C,본문/시/윤동주 - 서시 (1941-11-20).txt
시계열,1941-11-29,창작일,시,간,윤동주,170,https://ko.wikisource.org/wiki/%ED%95%98%EB%8A%98%EA%B3%BC_%EB%B0%94%EB%9E%8C%EA%B3%BC_%EB%B3%84%EA%B3%BC_%EC%8B%9C_%281948%EB%85%84%29/%EA%B0%84,본문/시/윤동주 - 간 (1941-11-29).txt
시계열,1941-12-01,발표 월,수필,낙관,계용묵,1446,https://ko.wikisource.org/wiki/%EC%83%81%EC%95%84%ED%83%91/%EB%82%99%EA%B4%80,본문/수필/계용묵 - 낙관 (1941-12-01).txt
시계열,1941-12-01,발표 월,수필,문학과 건강,계용묵,2042,https://ko.wikisource.org/wiki/%EC%83%81%EC%95%84%ED%83%91/%EB%AC%B8%ED%95%99%EA%B3%BC_%EA%B1%B4%EA%B0%95,본문/수필/계용묵 - 문학과 건강 (1941-12-01).txt
시계열,1941-12-01,발표 월,시,파초,이육사,219,https://ko.wikisource.org/wiki/%ED%8C%8C%EC%B4%88,본문/시/이육사 - 파초 (1941-12-01).txt
시계열,1942-01-01,발표 월,시,宣戰大詔,이광수,170,https://ko.wikisource.org/wiki/%EC%84%A0%EC%A0%84%EB%8C%80%EC%A1%B0,본문/시/이광수 - 宣戰大詔 (1942-01-01).txt
시계열,1942-01-01,발표 월,시,宣戰大詔 ― 昭和 16年 12月 8日 ―,李光洙,269,https://ko.wikisource.org/wiki/%EC%84%A0%EC%A0%84%EB%8C%80%EC%A1%B0_-_%EC%86%8C%ED%99%94_16%EB%85%84_12%EC%9B%94_8%EC%9D%BC,본문/시/李光洙 - 宣戰大詔 ― 昭和 16年 12月 8日 ― (1942-01-01).txt
시계열,1942-01-01,발표일,시,"銃, 一億자루 나아간다",白山靑樹,791,https://ko.wikisource.org/wiki/%EC%B4%9D%2C_%EC%9D%BC%EC%96%B5_%EC%9E%90%EB%A3%A8_%EB%82%98%EC%95%84%EA%B0%84%EB%8B%A4,"본문/시/白山靑樹 - 銃, 一億자루 나아간다 (1942-01-01).txt"
시계열,1942-01-01,저자 문서 발표 연도,수필,감격과 긴장,김동인,675,https://ko.wikisource.org/wiki/%EA%B0%90%EA%B2%A9%EA%B3%BC_%EA%B8%B4%EC%9E%A5,본문/수필/김동인 - 감격과 긴장 (1942-01-01).txt
시계열,1942-01-01,저자 문서 발표 연도,수필,계절의 표정,이육사,3286,https://ko.wikisource.org/wiki/%EA%B3%84%EC%A0%88%EC%9D%98_%ED%91%9C%EC%A0%95,본문/수필/이육사 - 계절의 표정 (1942-01-01).txt
시계열,1942-01-01,발표 월,수필,수첩초,계용묵,2449,https://ko.wikisource.org/wiki/%EC%83%81%EC%95%84%ED%83%91/%EC%88%98%EC%B2%A9%EC%B4%88,본문/수필/계용묵 - 수첩초 (1942-01-01).txt
시계열,1942-01-01,발표 연도,시,쉽게 씌어진 시,윤동주,247,https://ko.wikisource.org/wiki/%EC%89%BD%EA%B2%8C_%EC%94%8C%EC%96%B4%EC%A7%84_%EC%8B%9C,본문/시/윤동주 - 쉽게 씌어진 시 (1942-01-01).txt
시계열,1942-01-01,발표 연도,수필,신경훈련,김교신,1336,https://ko.wikisource.org/wiki/%EC%8B%A0%EA%B2%BD%ED%9B%88%EB%A0%A8,본문/수필/김교신 - 신경훈련 (1942-01-01).txt
시계열,1942-01-01,발표 연도,소설,아름다운 새벽,채만식,81755,https://ko.wikisource.org/wiki/%EC%95%84%EB%A6%84%EB%8B%A4%EC%9A%B4_%EC%83%88%EB%B2%BD,본문/소설/채만식 - 아름다운 새벽 (1942-01-01).txt
시계열,1942-01-01,발표 연도,장편소설,원효대사,이광수,254127,https://ko.wikisource.org/wiki/%EC%9B%90%ED%9A%A8%EB%8C%80%EC%82%AC,본문/장편소설/이광수 - 원효대사 (1942-01-01).txt
시계열,1942-01-01,저자 문서 발표 연도,소설,일요일,이효석,7111,https://ko.wikisource.org/wiki/%EC%9D%BC%EC%9A%94%EC%9D%BC,본문/소설/이효석 - 일요일 (1942-01-01).txt
시계열,1942-01-01,발표 월,시,젊은이들에게,노천명,61,https://ko.wikisource.org/wiki/%EC%A0%8A%EC%9D%80%EC%9D%B4%EB%93%A4%EC%97%90%EA%B2%8C,본문/시/노천명 - 젊은이들에게 (1942-01-01).txt
시계열,1942-01-01,저자 문서 발표 연도,소설,집,채만식,34353,https://ko.wikisource.org/wiki/%EC%A7%91,본문/소설/채만식 - 집 (1942-01-01).txt
시계열,1942-01-01,저자 문서 발표 연도,소설,풀잎,이효석,20773,https://ko.wikisource.org/wiki/%ED%92%80%EB%8B%A2,본문/소설/이효석 - 풀잎 (1942-01-01).txt
시계열,1942-01-13,발표일,시,米英葬送曲,김동환,163,https://ko.wikisource.org/wiki/%EB%AF%B8%EC%98%81%EC%9E%A5%EC%86%A1%EA%B3%A1,본문/시/김동환 - 米英葬送曲 (1942-01-13).txt
시계열,1942-02-01,발표 월,시,기원,노천명,135,https://ko.wikisource.org/wiki/%EA%B8%B0%EC%9B%90_%28%EB%85%B8%EC%B2%9C%EB%AA%85%29,본문/시/노천명 - 기원 (1942-02-01).txt
시계열,1942-02-01,발표 월,단편소설,아편전쟁,김동인,26153,https://ko.wikisource.org/wiki/%EC%95%84%ED%8E%B8%EC%A0%84%EC%9F%81,본문/단편소설/김동인 - 아편전쟁 (1942-02-01).txt
시계열,1942-03-01,발표 월,수필,弔蛙,김교신,525,https://ko.wikisource.org/wiki/%EC%A1%B0%EC%99%80,본문/수필/김교신 - 弔蛙 (1942-03-01).txt
시계열,1942-03-01,발표 월,시,승전의 날,노천명,214,https://ko.wikisource.org/wiki/%EC%B0%BD%EB%B3%80/%EC%8A%B9%EC%A0%84%EC%9D%98_%EB%82%A0,본문/시/노천명 - 승전의 날 (1942-03-01).txt
시계열,1942-03-04,발표일,시,부인근로대,노천명,171,https://ko.wikisource.org/wiki/%EB%B6%80%EC%9D%B8%EA%B7%BC%EB%A1%9C%EB%8C%80,본문/시/노천명 - 부인근로대 (1942-03-04).txt
시계열,1942-04-14,창작일,시,흰 그림자,윤동주,226,https://ko.wikisource.org/wiki/%ED%95%98%EB%8A%98%EA%B3%BC_%EB%B0%94%EB%9E%8C%EA%B3%BC_%EB%B3%84%EA%B3%BC_%EC%8B%9C_%281948%EB%85%84%29/%ED%9D%B0_%EA%B7%B8%EB%A6%BC%EC%9E%90,본문/시/윤동주 - 흰 그림자 (1942-04-14).txt
시계열,1942-05-01,발표 월,수필,여름의 미각,계용묵,1638,https://ko.wikisource.org/wiki/%EC%83%81%EC%95%84%ED%83%91/%EC%97%AC%EB%A6%84%EC%9D%98_%EB%AF%B8%EA%B0%81,본문/수필/계용묵 - 여름의 미각 (1942-05-01).txt
시계열,1942-05-01,발표 월,수필,일람 치마 입은 여인,계용묵,1433,https://ko.wikisource.org/wiki/%EC%83%81%EC%95%84%ED%83%91/%EC%9D%BC%EB%9E%8C_%EC%B9%98%EB%A7%88_%EC%9E%85%EC%9D%80_%EC%97%AC%EC%9D%B8,본문/수필/계용묵 - 일람 치마 입은 여인 (1942-05-01).txt
시계열,1942-05-01,발표 월,수필,전승지,계용묵,1867,https://ko.wikisource.org/wiki/%EC%83%81%EC%95%84%ED%83%91/%EC%A0%84%EC%8A%B9%EC%A7%80,본문/수필/계용묵 - 전승지 (1942-05-01).txt
시계열,1942-05-13,창작일,시,사랑스런 추억,윤동주,252,https://ko.wikisource.org/wiki/%ED%95%98%EB%8A%98%EA%B3%BC_%EB%B0%94%EB%9E%8C%EA%B3%BC_%EB%B3%84%EA%B3%BC_%EC%8B%9C_%281948%EB%85%84%29/%EC%82%AC%EB%9E%91%EC%8A%A4%EB%9F%B0_%EC%B6%94%EC%96%B5,본문/시/윤동주 - 사랑스런 추억 (1942-05-13).txt
시계열,1942-06-03,창작일,시,쉽게 씨워진 시,윤동주,255,https://ko.wikisource.org/wiki/%ED%95%98%EB%8A%98%EA%B3%BC_%EB%B0%94%EB%9E%8C%EA%B3%BC_%EB%B3%84%EA%B3%BC_%EC%8B%9C_%281948%EB%85%84%29/%EC%89%BD%EA%B2%8C_%EC%94%A8%EC%9B%8C%EC%A7%84_%EC%8B%9C,본문/시/윤동주 - 쉽게 씨워진 시 (1942-06-03).txt
시계열,1942-08-01,창작일,수필,등산백과서,김상용,6821,https://ko.wikisource.org/wiki/%EB%93%B1%EC%82%B0%EB%B0%B1%EA%B3%BC%EC%84%9C,본문/수필/김상용 - 등산백과서 (1942-08-01).txt
시계열,1942-12-01,발표일,수필,고란,이육사,2464,https://ko.wikisource.org/wiki/%EA%B3%A0%EB%9E%80,본문/수필/이육사 - 고란 (1942-12-01).txt
시계열,1943-01-01,발표 연도,시,四壁頌[사벽송],변영로,263,https://ko.wikisource.org/wiki/%EC%82%AC%EB%B2%BD%EC%86%A1,본문/시/변영로 - 四壁頌[사벽송] (1943-01-01).txt
시계열,1943-01-01,발표 월,시,展望,이광수,531,https://ko.wikisource.org/wiki/%EC%A0%84%EB%A7%9D,본문/시/이광수 - 展望 (1943-01-01).txt
시계열,1943-01-01,발표 연도,시,근하 석정선생 륙순,이육사,58,https://ko.wikisource.org/wiki/%EA%B7%BC%ED%95%98_%EC%84%9D%EC%A0%95%EC%84%A0%EC%83%9D_%EB%A5%99%EC%88%9C,본문/시/이육사 - 근하 석정선생 륙순 (1943-01-01).txt
시계열,1943-01-01,발표 연도,시,님의 부르심을 받들고서,김상용,374,https://ko.wikisource.org/wiki/%EB%8B%98%EC%9D%98_%EB%B6%80%EB%A5%B4%EC%8B%AC%EC%9D%84_%EB%B0%9B%EB%93%A4%EA%B3%A0%EC%84%9C_%28%EA%B9%80%EC%83%81%EC%9A%A9%29,본문/시/김상용 - 님의 부르심을 받들고서 (1943-01-01).txt
시계열,1943-01-01,발표 연도,시,님의 부르심을 받들고서,노천명,172,https://ko.wikisource.org/wiki/%EB%8B%98%EC%9D%98_%EB%B6%80%EB%A5%B4%EC%8B%AC%EC%9D%84_%EB%B0%9B%EB%93%A4%EA%B3%A0%EC%84%9C_%28%EB%85%B8%EC%B2%9C%EB%AA%85%29,본문/시/노천명 - 님의 부르심을 받들고서 (1943-01-01).txt
시계열,1943-01-01,발표 연도,시,만등동산,이육사,106,https://ko.wikisource.org/wiki/%EB%A7%8C%EB%93%B1%EB%8F%99%EC%82%B0,본문/시/이육사 - 만등동산 (1943-01-01).txt
시계열,1943-01-01,발표 연도,시,주난흥여,이육사,64,https://ko.wikisource.org/wiki/%EC%A3%BC%EB%82%9C%ED%9D%A5%EC%97%AC,본문/시/이육사 - 주난흥여 (1943-01-01).txt
시계열,1943-07-01,발표 월,소설,만보,이효석,4120,https://ko.wikisource.org/wiki/%EB%A7%8C%EB%B3%B4,본문/소설/이효석 - 만보 (1943-07-01).txt
시계열,1943-11-04,발표일,시,朝鮮의 學徒여,이광수,841,https://ko.wikisource.org/wiki/%EC%A1%B0%EC%84%A0%EC%9D%98_%ED%95%99%EB%8F%84%EC%97%AC,본문/시/이광수 - 朝鮮의 學徒여 (1943-11-04).txt
시계열,1943-11-06,발표일,시,님의 부르심을 받들고서,김동환,187,https://ko.wikisource.org/wiki/%EB%8B%98%EC%9D%98_%EB%B6%80%EB%A5%B4%EC%8B%AC%EC%9D%84_%EB%B0%9B%EB%93%A4%EA%B3%A0%EC%84%9C_%28%EA%B9%80%EB%8F%99%ED%99%98%29,본문/시/김동환 - 님의 부르심을 받들고서 (1943-11-06).txt
시계열,1943-11-07,발표일,시,勸君『就天命』,白山靑樹,643,https://ko.wikisource.org/wiki/%EA%B6%8C%EA%B5%B0%EC%B7%A8%EC%B2%9C%EB%AA%85,본문/시/白山靑樹 - 勸君『就天命』 (1943-11-07).txt
시계열,1943-12-01,발표 월,수필,계란,계용묵,1170,https://ko.wikisource.org/wiki/%EC%83%81%EC%95%84%ED%83%91/%EA%B3%84%EB%9E%80,본문/수필/계용묵 - 계란 (1943-12-01).txt
시계열,1943-12-01,발표 월,소설,남경조약,김동인,7837,https://ko.wikisource.org/wiki/%EB%82%A8%EA%B2%BD%EC%A1%B0%EC%95%BD,본문/소설/김동인 - 남경조약 (1943-12-01).txt
시계열,1944-01-01,발표일,수필,決戰下[결전하] 文壇人[문단인]의 決意[결의],김동인,1286,https://ko.wikisource.org/wiki/%EC%B4%9D%EB%8F%99%EC%9B%90_%ED%83%9C%EC%84%B8%EB%A1%9C,본문/수필/김동인 - 決戰下[결전하] 文壇人[문단인]의 決意[결의] (1944-01-01).txt
시계열,1944-01-01,발표 연도,시,꽃다발,김억,1572,https://ko.wikisource.org/wiki/%EC%A1%B0%EC%84%A0%EC%97%AC%EB%A5%98%ED%95%9C%EC%8B%9C%EC%84%A0%EC%A7%91,본문/시/김억 - 꽃다발 (1944-01-01).txt
시계열,1944-01-01,발표일,시,새해,이광수,463,https://ko.wikisource.org/wiki/%EC%83%88%ED%95%B4_%28%EC%9D%B4%EA%B4%91%EC%88%98%29,본문/시/이광수 - 새해 (1944-01-01).txt
시계열,1944-01-01,발표일,수필,아세아의 해방,최남선,2500,https://ko.wikisource.org/wiki/%EC%95%84%EC%84%B8%EC%95%84%EC%9D%98_%ED%95%B4%EB%B0%A9,본문/수필/최남선 - 아세아의 해방 (1944-01-01).txt
시계열,1944-01-06,발표일,시,적국항복 받고지고,김동환,316,https://ko.wikisource.org/wiki/%EC%A0%81%EA%B5%AD%ED%95%AD%EB%B3%B5_%EB%B0%9B%EA%B3%A0%EC%A7%80%EA%B3%A0,본문/시/김동환 - 적국항복 받고지고 (1944-01-06).txt
시계열,1944-01-18,발표일,수필,반도민중의 황민화,김동인,5218,https://ko.wikisource.org/wiki/%EB%B0%98%EB%8F%84%EB%AF%BC%EC%A4%91%EC%9D%98_%ED%99%A9%EB%AF%BC%ED%99%94,본문/수필/김동인 - 반도민중의 황민화 (1944-01-18).txt
시계열,1944-01-20,발표일,단편소설,일장기의 물결,김동인,1219,https://ko.wikisource.org/wiki/%EC%9D%BC%EC%9E%A5%EA%B8%B0%EC%9D%98_%EB%AC%BC%EA%B2%B0,본문/단편소설/김동인 - 일장기의 물결 (1944-01-20).txt
시계열,1944-02-01,발표 월,수필,성전의 설문,최남선,718,https://ko.wikisource.org/wiki/%EC%84%B1%EC%A0%84%EC%9D%98_%EC%84%A4%EB%AC%B8,본문/수필/최남선 - 성전의 설문 (1944-02-01).txt
시계열,1944-04-01,발표 월,단편소설,청해(淸海)의 객,김동인,9469,https://ko.wikisource.org/wiki/%EB%8F%99%EC%9D%B8%EC%82%AC%EB%8B%B4%EC%A7%91_1/%EC%B2%AD%ED%95%B4%EC%9D%98_%EA%B0%9D,본문/단편소설/김동인 - 청해(淸海)의 객 (1944-04-01).txt
시계열,1944-04-01,발표 월,단편소설,충용 삼형제,김동인,4723,https://ko.wikisource.org/wiki/%EB%8F%99%EC%9D%B8%EC%82%AC%EB%8B%B4%EC%A7%91_1/%EC%B6%A9%EC%9A%A9_%EC%82%BC%ED%98%95%EC%A0%9C,본문/단편소설/김동인 - 충용 삼형제 (1944-04-01).txt
시계열,1944-05-01,발표 월,단편소설,개소문(蓋蘇文)과 당 태종,김동인,9859,https://ko.wikisource.org/wiki/%EB%8F%99%EC%9D%B8%EC%82%AC%EB%8B%B4%EC%A7%91_2/%EA%B0%9C%EC%86%8C%EB%AC%B8%EA%B3%BC_%EB%8B%B9%ED%83%9C%EC%A2%85,본문/단편소설/김동인 - 개소문(蓋蘇文)과 당 태종 (1944-05-01).txt
시계열,1944-06-01,발표 월,단편소설,거타지(居陀知)의 꽃,김동인,4454,https://ko.wikisource.org/wiki/%EB%8F%99%EC%9D%B8%EC%82%AC%EB%8B%B4%EC%A7%91_1/%EA%B1%B0%ED%83%80%EC%A7%80%EC%9D%98_%EA%BD%83,본문/단편소설/김동인 - 거타지(居陀知)의 꽃 (1944-06-01).txt
시계열,1944-08-01,발표 월,장편소설,星巖[성암]의 길,김동인,42212,https://ko.wikisource.org/wiki/%EC%84%B1%EC%95%94%EC%9D%98_%EA%B8%B8,본문/장편소설/김동인 - 星巖[성암]의 길 (1944-08-01).txt
시계열,1944-10-05,발표일,소설,여인전기,채만식,93309,https://ko.wikisource.org/wiki/%EC%97%AC%EC%9D%B8%EC%A0%84%EA%B8%B0,본문/소설/채만식 - 여인전기 (1944-10-05).txt
시계열,1944-12-01,발표 월,시,군신송,노천명,100,https://ko.wikisource.org/wiki/%EA%B5%B0%EC%8B%A0%EC%86%A1,본문/시/노천명 - 군신송 (1944-12-01).txt
시계열,1945-01-01,발표 연도,평론,奉迎辭,정인보,730,https://ko.wikisource.org/wiki/%EB%B4%89%EC%98%81%EC%82%AC,본문/평론/정인보 - 奉迎辭 (1945-01-01).txt
시계열,1945-01-01,수록 문집 간행 연도,시,감사,노천명,58,https://ko.wikisource.org/wiki/%EC%B0%BD%EB%B3%80/%EA%B0%90%EC%82%AC,본문/시/노천명 - 감사 (1945-01-01).txt
시계열,1945-01-01,발표 연도,시,광야,이육사,165,https://ko.wikisource.org/wiki/%EA%B4%91%EC%95%BC_%28%EC%9D%B4%EC%9C%A1%EC%82%AC%29,본문/시/이육사 - 광야 (1945-01-01).txt
시계열,1945-01-01,수록 문집 간행 연도,시,길,노천명,161,https://ko.wikisource.org/wiki/%EC%B0%BD%EB%B3%80/%EA%B8%B8,본문/시/노천명 - 길 (1945-01-01).txt
시계열,1945-01-01,발표 연도,시,꽃,이육사,171,https://ko.wikisource.org/wiki/%EA%BD%83,본문/시/이육사 - 꽃 (1945-01-01).txt
시계열,1945-01-01,수록 문집 간행 연도,시,남(男)사당,노천명,227,https://ko.wikisource.org/wiki/%EC%B0%BD%EB%B3%80/%EB%82%A8%EC%82%AC%EB%8B%B9,본문/시/노천명 - 남(男)사당 (1945-01-01).txt
시계열,1945-01-01,수록 문집 간행 연도,시,녹원,노천명,90,https://ko.wikisource.org/wiki/%EC%B0%BD%EB%B3%80/%EB%85%B9%EC%9B%90,본문/시/노천명 - 녹원 (1945-01-01).txt
시계열,1945-01-01,수록 문집 간행 연도,시,돌잡이,노천명,151,https://ko.wikisource.org/wiki/%EC%B0%BD%EB%B3%80/%EB%8F%8C%EC%9E%A1%EC%9D%B4,본문/시/노천명 - 돌잡이 (1945-01-01).txt
시계열,1945-01-01,수록 문집 간행 연도,시,동기,노천명,202,https://ko.wikisource.org/wiki/%EC%B0%BD%EB%B3%80/%EB%8F%99%EA%B8%B0,본문/시/노천명 - 동기 (1945-01-01).txt
시계열,1945-01-01,수록 문집 간행 연도,시,망향,노천명,357,https://ko.wikisource.org/wiki/%EC%B0%BD%EB%B3%80/%EB%A7%9D%ED%96%A5,본문/시/노천명 - 망향 (1945-01-01).txt
시계열,1945-01-01,수록 문집 간행 연도,시,묘지,노천명,153,https://ko.wikisource.org/wiki/%EC%B0%BD%EB%B3%80/%EB%AC%98%EC%A7%80,본문/시/노천명 - 묘지 (1945-01-01).txt
시계열,1945-01-01,수록 문집 간행 연도,시,새 날,노천명,137,https://ko.wikisource.org/wiki/%EC%B0%BD%EB%B3%80/%EC%83%88%EB%82%A0,본문/시/노천명 - 새 날 (1945-01-01).txt
시계열,1945-01-01,수록 문집 간행 연도,시,새해맞이,노천명,125,https://ko.wikisource.org/wiki/%EC%B0%BD%EB%B3%80/%EC%83%88%ED%95%B4%EB%A7%9E%EC%9D%B4,본문/시/노천명 - 새해맞이 (1945-01-01).txt
시계열,1945-01-01,수록 문집 간행 연도,시,수수깜부기,노천명,102,https://ko.wikisource.org/wiki/%EC%B0%BD%EB%B3%80/%EC%88%98%EC%88%98_%EA%B9%9C%EB%B6%80%EA%B8%B0,본문/시/노천명 - 수수깜부기 (1945-01-01).txt
시계열,1945-01-01,수록 문집 간행 연도,시,아―무도 모르게,노천명,89,https://ko.wikisource.org/wiki/%EC%B0%BD%EB%B3%80/%EC%95%84%EB%AC%B4%EB%8F%84_%EB%AA%A8%EB%A5%B4%EA%B2%8C,본문/시/노천명 - 아―무도 모르게 (1945-01-01).txt
시계열,1945-01-01,수록 문집 간행 연도,시,여인부,노천명,159,https://ko.wikisource.org/wiki/%EC%B0%BD%EB%B3%80/%EC%97%AC%EC%9D%B8%EB%B6%80,본문/시/노천명 - 여인부 (1945-01-01).txt
시계열,1945-01-01,수록 문집 간행 연도,시,작별,노천명,147,https://ko.wikisource.org/wiki/%EC%B0%BD%EB%B3%80/%EC%9E%91%EB%B3%84,본문/시/노천명 - 작별 (1945-01-01).txt
시계열,1945-01-01,수록 문집 간행 연도,시,잔치,노천명,107,https://ko.wikisource.org/wiki/%EC%B0%BD%EB%B3%80/%EC%9E%94%EC%B9%98,본문/시/노천명 - 잔치 (1945-01-01).txt
시계열,1945-01-01,수록 문집 간행 연도,시,장미,노천명,102,https://ko.wikisource.org/wiki/%EC%B0%BD%EB%B3%80/%EC%9E%A5%EB%AF%B8,본문/시/노천명 - 장미 (1945-01-01).txt
시계열,1945-01-01,수록 문집 간행 연도,시,저녁,노천명,79,https://ko.wikisource.org/wiki/%EC%B0%BD%EB%B3%80/%EC%A0%80%EB%85%81,본문/시/노천명 - 저녁 (1945-01-01).txt
시계열,1945-01-01,수록 문집 간행 연도,시,저녁 별,노천명,140,https://ko.wikisource.org/wiki/%EC%B0%BD%EB%B3%80/%EC%A0%80%EB%85%81%EB%B3%84,본문/시/노천명 - 저녁 별 (1945-01-01).txt
시계열,1945-01-01,수록 문집 간행 연도,시,창변,노천명,301,https://ko.wikisource.org/wiki/%EC%B0%BD%EB%B3%80/%EC%B0%BD%EB%B3%80,본문/시/노천명 - 창변 (1945-01-01).txt
시계열,1945-01-01,수록 문집 간행 연도,시,첫눈,노천명,155,https://ko.wikisource.org/wiki/%EC%B0%BD%EB%B3%80/%EC%B2%AB%EB%88%88,본문/시/노천명 - 첫눈 (1945-01-01).txt
시계열,1945-01-01,수록 문집 간행 연도,시,촌경,노천명,62,https://ko.wikisource.org/wiki/%EC%B0%BD%EB%B3%80/%EC%B4%8C%EA%B2%BD,본문/시/노천명 - 촌경 (1945-01-01).txt
시계열,1945-01-01,수록 문집 간행 연도,시,추성,노천명,65,https://ko.wikisource.org/wiki/%EC%B0%BD%EB%B3%80/%EC%B6%94%EC%84%B1,본문/시/노천명 - 추성 (1945-01-01).txt
시계열,1945-01-01,수록 문집 간행 연도,시,춘분,노천명,65,https://ko.wikisource.org/wiki/%EC%B0%BD%EB%B3%80/%EC%B6%98%EB%B6%84,본문/시/노천명 - 춘분 (1945-01-01).txt
시계열,1945-01-01,수록 문집 간행 연도,시,춘향,노천명,301,https://ko.wikisource.org/wiki/%EC%B0%BD%EB%B3%80/%EC%B6%98%ED%96%A5,본문/시/노천명 - 춘향 (1945-01-01).txt
시계열,1945-01-01,수록 문집 간행 연도,시,푸른 오월,노천명,290,https://ko.wikisource.org/wiki/%EC%B0%BD%EB%B3%80/%ED%91%B8%EB%A5%B8_%EC%98%A4%EC%9B%94,본문/시/노천명 - 푸른 오월 (1945-01-01).txt
시계열,1945-01-01,수록 문집 간행 연도,시,하일산중,노천명,378,https://ko.wikisource.org/wiki/%EC%B0%BD%EB%B3%80/%ED%95%98%EC%9D%BC%EC%82%B0%EC%A4%91,본문/시/노천명 - 하일산중 (1945-01-01).txt
시계열,1945-01-01,수록 문집 간행 연도,시,한증,노천명,130,https://ko.wikisource.org/wiki/%EC%B0%BD%EB%B3%80/%ED%95%9C%EC%A0%95,본문/시/노천명 - 한증 (1945-01-01).txt
시계열,1945-01-01,수록 문집 간행 연도,시,향수,노천명,59,https://ko.wikisource.org/wiki/%EC%B0%BD%EB%B3%80/%ED%96%A5%EC%88%98,본문/시/노천명 - 향수 (1945-01-01).txt
시계열,1945-01-01,수록 문집 간행 연도,시,흰 비둘기를 날려라,노천명,48,https://ko.wikisource.org/wiki/%EC%B0%BD%EB%B3%80/%ED%9D%B0_%EB%B9%84%EB%91%98%EA%B8%B0%EB%A5%BC_%EB%82%A0%EB%A0%A4%EB%9D%BC,본문/시/노천명 - 흰 비둘기를 날려라 (1945-01-01).txt
시계열,1945-01-18,발표일,시,모든 것을 바치리,이광수,414,https://ko.wikisource.org/wiki/%EB%AA%A8%EB%93%A0_%EA%B2%83%EC%9D%84_%EB%B0%94%EC%B9%98%EB%A6%AC,본문/시/이광수 - 모든 것을 바치리 (1945-01-18).txt
시계열,1945-06-09,연재 첫 회 창작일,수필,노마만리,김사량,118669,https://ko.wikisource.org/wiki/%EB%85%B8%EB%A7%88%EB%A7%8C%EB%A6%AC,본문/수필/김사량 - 노마만리 (1945-06-09).txt
시계열,1945-12-23,발표일,기타,殉國先烈追念文,정인보,2018,https://ko.wikisource.org/wiki/%EC%88%9C%EA%B5%AD%EC%84%A0%EC%97%B4%EC%B6%94%EB%85%90%EB%AC%B8,본문/기타/정인보 - 殉國先烈追念文 (1945-12-23).txt
시계열,1946-01-01,수록 문집 간행 연도,시,8월 15일의 노래,오장환,274,https://ko.wikisource.org/wiki/%EB%B3%91%EB%93%A0_%EC%84%9C%EC%9A%B8/8%EC%9B%94_15%EC%9D%BC%EC%9D%98_%EB%85%B8%EB%9E%98,본문/시/오장환 - 8월 15일의 노래 (1946-01-01).txt
시계열,1946-01-01,수록 문집 간행 연도,시,ГИМН,오장환,931,https://ko.wikisource.org/wiki/%EB%B3%91%EB%93%A0_%EC%84%9C%EC%9A%B8/%EC%B0%AC%EA%B0%80,본문/시/오장환 - ГИМН (1946-01-01).txt
시계열,1946-01-01,수록 문집 간행 연도,시,共靑으로 가는길,오장환,166,https://ko.wikisource.org/wiki/%EB%B3%91%EB%93%A0_%EC%84%9C%EC%9A%B8/%EA%B3%B5%EC%B2%AD%EC%9C%BC%EB%A1%9C_%EA%B0%80%EB%8A%94_%EA%B8%B8,본문/시/오장환 - 共靑으로 가는길 (1946-01-01).txt
시계열,1946-01-01,수록 문집 간행 연도,시,媛氏에게,오장환,106,https://ko.wikisource.org/wiki/%EB%B3%91%EB%93%A0_%EC%84%9C%EC%9A%B8/%EC%9B%90%EC%94%A8%EC%97%90%EA%B2%8C,본문/시/오장환 - 媛氏에게 (1946-01-01).txt
시계열,1946-01-01,수록 문집 간행 연도,시,延安서오는 봉무 沈에게,오장환,347,https://ko.wikisource.org/wiki/%EB%B3%91%EB%93%A0_%EC%84%9C%EC%9A%B8/%EC%97%B0%EC%95%88%EC%97%90%EC%84%9C_%EC%98%A4%EB%8A%94_%EB%8F%99%EB%AC%B4_%EC%8B%AC%EC%97%90%EA%B2%8C,본문/시/오장환 - 延安서오는 봉무 沈에게 (1946-01-01).txt
시계열,1946-01-01,수록 문집 간행 연도,시,强盜에게 주는詩,오장환,180,https://ko.wikisource.org/wiki/%EB%B3%91%EB%93%A0_%EC%84%9C%EC%9A%B8/%EA%B0%95%EB%8F%84%EC%97%90%EA%B2%8C_%EC%A3%BC%EB%8A%94_%EC%8B%9C,본문/시/오장환 - 强盜에게 주는詩 (1946-01-01).txt
시계열,1946-01-01,수록 문집 간행 연도,시,指導者,오장환,257,https://ko.wikisource.org/wiki/%EB%B3%91%EB%93%A0_%EC%84%9C%EC%9A%B8/%EC%A7%80%EB%8F%84%EC%9E%90,본문/시/오장환 - 指導者 (1946-01-01).txt
시계열,1946-01-01,수록 문집 간행 연도,시,가거라 벗이어,오장환,213,https://ko.wikisource.org/wiki/%EB%B3%91%EB%93%A0_%EC%84%9C%EC%9A%B8/%EA%B0%80%EA%B1%B0%EB%9D%BC_%EB%B2%97%EC%9D%B4%EC%97%AC,본문/시/오장환 - 가거라 벗이어 (1946-01-01).txt
시계열,1946-01-01,수록 문집 간행 연도,시,깽,오장환,310,https://ko.wikisource.org/wiki/%EB%B3%91%EB%93%A0_%EC%84%9C%EC%9A%B8/%EA%B9%BD,본문/시/오장환 - 깽 (1946-01-01).txt
시계열,1946-01-01,수록 문집 간행 연도,시,나의 길,오장환,498,https://ko.wikisource.org/wiki/%EB%B3%91%EB%93%A0_%EC%84%9C%EC%9A%B8/%EB%82%98%EC%9D%98_%EA%B8%B8,본문/시/오장환 - 나의 길 (1946-01-01).txt
시계열,1946-01-01,발표 연도,시,나의뮤-즈,이육사,313,https://ko.wikisource.org/wiki/%EB%82%98%EC%9D%98%EB%AE%A4-%EC%A6%88,본문/시/이육사 - 나의뮤-즈 (1946-01-01).txt
시계열,1946-01-01,수록 문집 간행 연도,시,내 나라 오 사랑하는 내 나라,오장환,344,https://ko.wikisource.org/wiki/%EB%B3%91%EB%93%A0_%EC%84%9C%EC%9A%B8/%EB%82%B4_%EB%82%98%EB%9D%BC_%EC%98%A4_%EC%82%AC%EB%9E%91%ED%95%98%EB%8A%94_%EB%82%B4_%EB%82%98%EB%9D%BC,본문/시/오장환 - 내 나라 오 사랑하는 내 나라 (1946-01-01).txt
시계열,1946-01-01,수록 문집 간행 연도,시,너는 보았느냐,오장환,147,https://ko.wikisource.org/wiki/%EB%B3%91%EB%93%A0_%EC%84%9C%EC%9A%B8/%EB%84%88%EB%8A%94_%EB%B3%B4%EC%95%98%EB%8A%90%EB%83%90,본문/시/오장환 - 너는 보았느냐 (1946-01-01).txt
시계열,1946-01-01,발표 연도,단편소설,논이야기,채만식,13127,https://ko.wikisource.org/wiki/%EB%85%BC%EC%9D%B4%EC%95%BC%EA%B8%B0,본문/단편소설/채만식 - 논이야기 (1946-01-01).txt
시계열,1946-01-01,수록 문집 간행 연도,시,머리에,오장환,768,https://ko.wikisource.org/wiki/%EB%B3%91%EB%93%A0_%EC%84%9C%EC%9A%B8/%EB%A8%B8%EB%A6%AC%EC%97%90,본문/시/오장환 - 머리에 (1946-01-01).txt
시계열,1946-01-01,수록 문집 간행 연도,시,바다와 나비,김기림,116,https://ko.wikisource.org/wiki/%EB%B0%94%EB%8B%A4%EC%99%80_%EB%82%98%EB%B9%84/%EB%B0%94%EB%8B%A4%EC%99%80_%EB%82%98%EB%B9%84,본문/시/김기림 - 바다와 나비 (1946-01-01).txt
시계열,1946-01-01,저자 문서 발표 연도,소설,별을 헨다,계용묵,7357,https://ko.wikisource.org/wiki/%EB%B3%84%EC%9D%84_%ED%97%A8%EB%8B%A4,본문/소설/계용묵 - 별을 헨다 (1946-01-01).txt
시계열,1946-01-01,수록 문집 간행 연도,시,병(病)든 서울,오장환,1123,https://ko.wikisource.org/wiki/%EB%B3%91%EB%93%A0_%EC%84%9C%EC%9A%B8/%EB%B3%91%EB%93%A0_%EC%84%9C%EC%9A%B8,본문/시/오장환 - 병(病)든 서울 (1946-01-01).txt
시계열,1946-01-01,발표 연도,시,소년에게,이육사,184,https://ko.wikisource.org/wiki/%EC%86%8C%EB%85%84%EC%97%90%EA%B2%8C,본문/시/이육사 - 소년에게 (1946-01-01).txt
시계열,1946-01-01,발표 월,단편소설,송(宋) 첨지,김동인,7171,https://ko.wikisource.org/wiki/%EC%86%A1%EC%B2%A8%EC%A7%80,본문/단편소설/김동인 - 송(宋) 첨지 (1946-01-01).txt
시계열,1946-01-01,저자 문서 발표 연도,시,아지랑이,윤곤강,73,https://ko.wikisource.org/wiki/%EC%95%84%EC%A7%80%EB%9E%91%EC%9D%B4,본문/시/윤곤강 - 아지랑이 (1946-01-01).txt
시계열,1946-01-01,발표 월,시,애국(愛國)의 노래,정지용,330,https://ko.wikisource.org/wiki/%EC%95%A0%EA%B5%AD%EC%9D%98_%EB%85%B8%EB%9E%98,본문/시/정지용 - 애국(愛國)의 노래 (1946-01-01).txt
시계열,1946-01-01,수록 문집 간행 연도,시,어둔밤의 노래,오장환,204,https://ko.wikisource.org/wiki/%EB%B3%91%EB%93%A0_%EC%84%9C%EC%9A%B8/%EC%96%B4%EB%91%94_%EB%B0%A4%EC%9D%98_%EB%85%B8%EB%9E%98,본문/시/오장환 - 어둔밤의 노래 (1946-01-01).txt
시계열,1946-01-01,수록 문집 간행 연도,시,어머니 서울에 오시다,오장환,521,https://ko.wikisource.org/wiki/%EB%B3%91%EB%93%A0_%EC%84%9C%EC%9A%B8/%EC%96%B4%EB%A8%B8%EB%8B%88_%EC%84%9C%EC%9A%B8%EC%97%90_%EC%98%A4%EC%8B%9C%EB%8B%A4,본문/시/오장환 - 어머니 서울에 오시다 (1946-01-01).txt
시계열,1946-01-01,수록 문집 간행 연도,시,연합군입성 환영의 노래,오장환,219,https://ko.wikisource.org/wiki/%EB%B3%91%EB%93%A0_%EC%84%9C%EC%9A%B8/%EC%97%B0%ED%95%A9%EA%B5%B0%EC%9E%85%EC%84%B1_%ED%99%98%EC%98%81%EC%9D%98_%EB%85%B8%EB%9E%98,본문/시/오장환 - 연합군입성 환영의 노래 (1946-01-01).txt
시계열,1946-01-01,수록 문집 간행 연도,시,우리들의 팔월로 도라가자,김기림,427,https://ko.wikisource.org/wiki/%EB%B0%94%EB%8B%A4%EC%99%80_%EB%82%98%EB%B9%84/%EC%9A%B0%EB%A6%AC%EB%93%A4%EC%9D%98_%ED%8C%94%EC%9B%94%EB%A1%9C_%EB%8F%84%EB%9D%BC%EA%B0%80%EC%9E%90,본문/시/김기림 - 우리들의 팔월로 도라가자 (1946-01-01).txt
시계열,1946-01-01,수록 문집 간행 연도,시,유리창,김기림,141,https://ko.wikisource.org/wiki/%EB%B0%94%EB%8B%A4%EC%99%80_%EB%82%98%EB%B9%84/%EC%9C%A0%EB%A6%AC%EC%B0%BD,본문/시/김기림 - 유리창 (1946-01-01).txt
시계열,1946-01-01,발표 연도,장편소설,을지문덕,김동인,103143,https://ko.wikisource.org/wiki/%EC%9D%84%EC%A7%80%EB%AC%B8%EB%8D%95,본문/장편소설/김동인 - 을지문덕 (1946-01-01).txt
시계열,1946-01-01,수록 문집 간행 연도,시,이 歲月도 헛되이,오장환,708,https://ko.wikisource.org/wiki/%EB%B3%91%EB%93%A0_%EC%84%9C%EC%9A%B8/%EC%9D%B4_%EC%84%B8%EC%9B%94%EB%8F%84_%ED%97%9B%EB%90%98%ED%9E%88,본문/시/오장환 - 이 歲月도 헛되이 (1946-01-01).txt
시계열,1946-01-01,수록 문집 간행 연도,시,이름도 모르는 누이에게,오장환,115,https://ko.wikisource.org/wiki/%EB%B3%91%EB%93%A0_%EC%84%9C%EC%9A%B8/%EC%9D%B4%EB%A6%84%EB%8F%84_%EB%AA%A8%EB%A5%B4%EB%8A%94_%EB%88%84%EC%9D%B4%EC%97%90%EA%B2%8C,본문/시/오장환 - 이름도 모르는 누이에게 (1946-01-01).txt
시계열,1946-01-01,수록 문집 간행 연도,시,이상 영전에 바침,김기림,1066,https://ko.wikisource.org/wiki/%EB%B0%94%EB%8B%A4%EC%99%80_%EB%82%98%EB%B9%84/%EC%A5%AC%ED%94%BC%ED%83%80%EC%B6%94%EB%B0%A9,본문/시/김기림 - 이상 영전에 바침 (1946-01-01).txt
시계열,1946-01-01,수록 문집 간행 연도,시,입원실에서,오장환,349,https://ko.wikisource.org/wiki/%EB%B3%91%EB%93%A0_%EC%84%9C%EC%9A%B8/%EC%9E%85%EC%9B%90%EC%8B%A4%EC%97%90%EC%84%9C,본문/시/오장환 - 입원실에서 (1946-01-01).txt
시계열,1946-01-01,저자 문서 발표 연도,수필,죽은 새,이광수,3707,https://ko.wikisource.org/wiki/%EC%A3%BD%EC%9D%80_%EC%83%88,본문/수필/이광수 - 죽은 새 (1946-01-01).txt
시계열,1946-01-01,수록 문집 간행 연도,시,지혜에게 바치는 노래,김기림,291,https://ko.wikisource.org/wiki/%EB%B0%94%EB%8B%A4%EC%99%80_%EB%82%98%EB%B9%84/%EC%A7%80%ED%98%9C%EC%97%90%EA%B2%8C_%EB%B0%94%EC%B9%98%EB%8A%94_%EB%85%B8%EB%9E%98,본문/시/김기림 - 지혜에게 바치는 노래 (1946-01-01).txt
시계열,1946-01-01,수록 문집 간행 연도,시,추억,김기림,203,https://ko.wikisource.org/wiki/%EB%B0%94%EB%8B%A4%EC%99%80_%EB%82%98%EB%B9%84/%EC%B6%94%EC%96%B5,본문/시/김기림 - 추억 (1946-01-01).txt
시계열,1946-01-01,저자 문서 발표 연도,단편소설,학병수첩,김동인,6764,https://ko.wikisource.org/wiki/%ED%95%99%EB%B3%91%EC%88%98%EC%B2%A9,본문/단편소설/김동인 - 학병수첩 (1946-01-01).txt
시계열,1946-01-01,발표 연도,시,해후,이육사,531,https://ko.wikisource.org/wiki/%ED%95%B4%ED%9B%84_%28%EC%9D%B4%EC%9C%A1%EC%82%AC%29,본문/시/이육사 - 해후 (1946-01-01).txt
시계열,1946-03-01,발표일,평론,光復先烈의英靈앞에三千萬다함께머리숙이자,정인보,1135,https://ko.wikisource.org/wiki/%EA%B4%91%EB%B3%B5%EC%84%A0%EC%97%B4%EC%9D%98_%EC%98%81%EB%A0%B9_%EC%95%9E%EC%97%90_%EC%82%BC%EC%B2%9C%EB%A7%8C_%EB%8B%A4_%ED%95%A8%EA%BB%98_%EB%A8%B8%EB%A6%AC_%EC%88%99%EC%9D%B4%EC%9E%90,본문/평론/정인보 - 光復先烈의英靈앞에三千萬다함께머리숙이자 (1946-03-01).txt
시계열,1946-03-01,발표 월,소설,석방,김동인,6143,https://ko.wikisource.org/wiki/%EC%84%9D%EB%B0%A9,본문/소설/김동인 - 석방 (1946-03-01).txt
시계열,1946-04-27,창작일,시,연가,김기림,301,https://ko.wikisource.org/wiki/%EC%83%88%EB%85%B8%EB%9E%98_%28%EC%8B%9C%EC%A7%91%29/%EC%97%B0%EA%B0%80,본문/시/김기림 - 연가 (1946-04-27).txt
시계열,1946-05-01,발표 월,단편소설,분토,김동인,6939,https://ko.wikisource.org/wiki/%EB%8F%99%EC%9D%B8%EC%82%AC%EB%8B%B4%EC%A7%91_2/%EB%B6%84%ED%86%A0,본문/단편소설/김동인 - 분토 (1946-05-01).txt
시계열,1946-07-01,발표 월,단편소설,도정,지하련,13793,https://ko.wikisource.org/wiki/%EB%8F%84%EC%A0%95,본문/단편소설/지하련 - 도정 (1946-07-01).txt
시계열,1946-07-01,발표 월,소설,미스터 방,채만식,8250,https://ko.wikisource.org/wiki/%EB%AF%B8%EC%8A%A4%ED%84%B0_%EB%B0%A9,본문/소설/채만식 - 미스터 방 (1946-07-01).txt
시계열,1946-09-07,창작일,소설,도깨비 감투,김내성,22849,https://ko.wikisource.org/wiki/%EB%8F%84%EA%B9%A8%EB%B9%84_%EA%B0%90%ED%88%AC,본문/소설/김내성 - 도깨비 감투 (1946-09-07).txt
시계열,1946-10-01,발표 월,단편소설,반역자,김동인,6755,https://ko.wikisource.org/wiki/%EB%B0%98%EC%97%AD%EC%9E%90,본문/단편소설/김동인 - 반역자 (1946-10-01).txt
시계열,1946-11-15,창작일,소설,허생전,채만식,41680,https://ko.wikisource.org/wiki/%ED%97%88%EC%83%9D%EC%A0%84_%28%EC%B1%84%EB%A7%8C%EC%8B%9D%29,본문/소설/채만식 - 허생전 (1946-11-15).txt
시계열,1947-01-01,발표 연도,중편소설,꿈,이광수,59554,https://ko.wikisource.org/wiki/%EA%BF%88_%28%EC%9D%B4%EA%B4%91%EC%88%98%29,본문/중편소설/이광수 - 꿈 (1947-01-01).txt
시계열,1947-01-01,발표 연도,장편소설,도산 안창호,이광수,136067,https://ko.wikisource.org/wiki/%EB%8F%84%EC%82%B0_%EC%95%88%EC%B0%BD%ED%98%B8,본문/장편소설/이광수 - 도산 안창호 (1947-01-01).txt
시계열,1947-01-01,저자 문서 발표 연도,단편소설,망국인기,김동인,1820,https://ko.wikisource.org/wiki/%EB%A7%9D%EA%B5%AD%EC%9D%B8%EA%B8%B0,본문/단편소설/김동인 - 망국인기 (1947-01-01).txt
시계열,1947-01-01,발표 연도,중편소설,맥,김남천,31816,https://ko.wikisource.org/wiki/%EB%A7%A5,본문/중편소설/김남천 - 맥 (1947-01-01).txt
시계열,1947-01-01,발표 연도,시,물레,김억,151,https://ko.wikisource.org/wiki/%EB%AC%BC%EB%A0%88,본문/시/김억 - 물레 (1947-01-01).txt
시계열,1947-01-01,발표 연도,소설,민족의 죄인,채만식,29981,https://ko.wikisource.org/wiki/%EB%AF%BC%EC%A1%B1%EC%9D%98_%EC%A3%84%EC%9D%B8,본문/소설/채만식 - 민족의 죄인 (1947-01-01).txt
시계열,1947-01-01,발표 연도,시,백두산,조기천,16183,https://ko.wikisource.org/wiki/%EB%B0%B1%EB%91%90%EC%82%B0,본문/시/조기천 - 백두산 (1947-01-01).txt
시계열,1947-01-01,발표 연도,소설,서라벌,김동인,120927,https://ko.wikisource.org/wiki/%EC%84%9C%EB%9D%BC%EB%B2%8C,본문/소설/김동인 - 서라벌 (1947-01-01).txt
시계열,1947-01-01,저자 문서 발표 연도,수필,여름의 유모어,이광수,6509,https://ko.wikisource.org/wiki/%EC%97%AC%EB%A6%84%EC%9D%98_%EC%9C%A0%EB%AA%A8%EC%96%B4,본문/수필/이광수 - 여름의 유모어 (1947-01-01).txt
시계열,1947-01-01,발표 연도,중편소설,홍경래전,이명선,55142,https://ko.wikisource.org/wiki/%ED%99%8D%EA%B2%BD%EB%9E%98%EC%A0%84,본문/중편소설/이명선 - 홍경래전 (1947-01-01).txt
시계열,1947-04-23,창작일,소설,바람은 그냥 불고,계용묵,11684,https://ko.wikisource.org/wiki/%EB%B0%94%EB%9E%8C%EC%9D%80_%EA%B7%B8%EB%83%A5_%EB%B6%88%EA%B3%A0,본문/소설/계용묵 - 바람은 그냥 불고 (1947-04-23).txt
시계열,1948-01-01,수록 문집 간행 연도,시,乳母姜氏의 喪行을 보내면서,정인보,1168,https://ko.wikisource.org/wiki/%EB%8B%B4%EC%9B%90%EC%8B%9C%EC%A1%B0/%EC%9C%A0%EB%AA%A8_%EA%B0%95%EC%94%A8%EC%9D%98_%EC%83%81%ED%96%89%EC%9D%84_%EB%B3%B4%EB%82%B4%EB%A9%B4%EC%84%9C,본문/시/정인보 - 乳母姜氏의 喪行을 보내면서 (1948-01-01).txt
시계열,1948-01-01,수록 문집 간행 연도,시,慈母思,정인보,4949,https://ko.wikisource.org/wiki/%EB%8B%B4%EC%9B%90%EC%8B%9C%EC%A1%B0/%EC%9E%90%EB%AA%A8%EC%82%AC,본문/시/정인보 - 慈母思 (1948-01-01).txt
시계열,1948-01-01,수록 문집 간행 연도,시,戚嫂許氏挽,정인보,375,https://ko.wikisource.org/wiki/%EB%8B%B4%EC%9B%90%EC%8B%9C%EC%A1%B0/%EC%B2%99%EC%88%98_%ED%97%88%EC%94%A8%EB%A7%8C,본문/시/정인보 - 戚嫂許氏挽 (1948-01-01).txt
시계열,1948-01-01,수록 문집 간행 연도,시,早春,정인보,169,https://ko.wikisource.org/wiki/%EB%8B%B4%EC%9B%90%EC%8B%9C%EC%A1%B0/%EC%A1%B0%EC%B6%98,본문/시/정인보 - 早春 (1948-01-01).txt
시계열,1948-01-01,수록 문집 간행 연도,시,가을,윤곤강,118,https://ko.wikisource.org/wiki/%ED%94%BC%EB%A6%AC/%EA%B0%80%EC%9D%84,본문/시/윤곤강 - 가을 (1948-01-01).txt
시계열,1948-01-01,저자 문서 발표 연도,시,간판(看板)없는 거리,윤동주,137,https://ko.wikisource.org/wiki/%ED%95%98%EB%8A%98%EA%B3%BC_%EB%B0%94%EB%9E%8C%EA%B3%BC_%EB%B3%84%EA%B3%BC_%EC%8B%9C_%281948%EB%85%84%29/%EA%B0%84%ED%8C%90_%EC%97%86%EB%8A%94_%EA%B1%B0%EB%A6%AC,본문/시/윤동주 - 간판(看板)없는 거리 (1948-01-01).txt
시계열,1948-01-01,수록 문집 간행 연도,시,공작부,윤곤강,300,https://ko.wikisource.org/wiki/%ED%94%BC%EB%A6%AC/%EA%B3%B5%EC%9E%91%EB%B6%80,본문/시/윤곤강 - 공작부 (1948-01-01).txt
시계열,1948-01-01,수록 문집 간행 연도,시,구절도 아닌 두서너 마디,김기림,217,https://ko.wikisource.org/wiki/%EC%83%88%EB%85%B8%EB%9E%98_%28%EC%8B%9C%EC%A7%91%29/%EA%B5%AC%EC%A0%88%EB%8F%84_%EC%95%84%EB%8B%8C_%EB%91%90%EC%84%9C%EB%84%88_%EB%A7%88%EB%94%94,본문/시/김기림 - 구절도 아닌 두서너 마디 (1948-01-01).txt
시계열,1948-01-01,수록 문집 간행 연도,시,국화사 삼첩,정인보,164,https://ko.wikisource.org/wiki/%EB%8B%B4%EC%9B%90%EC%8B%9C%EC%A1%B0/%EA%B5%AD%ED%99%94%EC%82%AC_%EC%82%BC%EC%B2%A9,본문/시/정인보 - 국화사 삼첩 (1948-01-01).txt
시계열,1948-01-01,수록 문집 간행 연도,시,길,윤곤강,181,https://ko.wikisource.org/wiki/%ED%94%BC%EB%A6%AC/%EA%B8%B8,본문/시/윤곤강 - 길 (1948-01-01).txt
시계열,1948-01-01,저자 문서 발표 연도,시,길,윤동주,193,https://ko.wikisource.org/wiki/%ED%95%98%EB%8A%98%EA%B3%BC_%EB%B0%94%EB%9E%8C%EA%B3%BC_%EB%B3%84%EA%B3%BC_%EC%8B%9C_%281948%EB%85%84%29/%EA%B8%B8,본문/시/윤동주 - 길 (1948-01-01).txt
시계열,1948-01-01,발표 연도,소설,김덕수,김동인,8908,https://ko.wikisource.org/wiki/%EA%B9%80%EB%8D%95%EC%88%98,본문/소설/김동인 - 김덕수 (1948-01-01).txt
시계열,1948-01-01,수록 문집 간행 연도,시,나도야,윤곤강,118,https://ko.wikisource.org/wiki/%ED%94%BC%EB%A6%AC/%EB%82%98%EB%8F%84%EC%95%BC,본문/시/윤곤강 - 나도야 (1948-01-01).txt
시계열,1948-01-01,수록 문집 간행 연도,시,나의 노래,김기림,128,https://ko.wikisource.org/wiki/%EC%83%88%EB%85%B8%EB%9E%98_%28%EC%8B%9C%EC%A7%91%29/%EB%82%98%EC%9D%98_%EB%85%B8%EB%9E%98,본문/시/김기림 - 나의 노래 (1948-01-01).txt
시계열,1948-01-01,수록 문집 간행 연도,시,나의 창,윤곤강,71,https://ko.wikisource.org/wiki/%ED%94%BC%EB%A6%AC/%EB%82%98%EC%9D%98_%EC%B0%BD,본문/시/윤곤강 - 나의 창 (1948-01-01).txt
시계열,1948-01-01,수록 문집 간행 연도,시,낙엽 1,윤곤강,60,https://ko.wikisource.org/wiki/%ED%94%BC%EB%A6%AC/%EB%82%99%EC%97%BD_1,본문/시/윤곤강 - 낙엽 1 (1948-01-01).txt
시계열,1948-01-01,수록 문집 간행 연도,시,낙엽 2,윤곤강,223,https://ko.wikisource.org/wiki/%ED%94%BC%EB%A6%AC/%EB%82%99%EC%97%BD_2,본문/시/윤곤강 - 낙엽 2 (1948-01-01).txt
시계열,1948-01-01,수록 문집 간행 연도,시,단장,윤곤강,165,https://ko.wikisource.org/wiki/%ED%94%BC%EB%A6%AC/%EB%8B%A8%EC%9E%A5,본문/시/윤곤강 - 단장 (1948-01-01).txt
시계열,1948-01-01,수록 문집 간행 연도,시,달밤,윤곤강,89,https://ko.wikisource.org/wiki/%ED%94%BC%EB%A6%AC/%EB%8B%AC%EB%B0%A4,본문/시/윤곤강 - 달밤 (1948-01-01).txt
시계열,1948-01-01,수록 문집 간행 연도,시,데모크라시에 부치는 노래,김기림,204,https://ko.wikisource.org/wiki/%EC%83%88%EB%85%B8%EB%9E%98_%28%EC%8B%9C%EC%A7%91%29/%EB%8D%B0%EB%AA%A8%ED%81%AC%EB%9D%BC%EC%8B%9C%EC%97%90_%EB%B6%80%EC%B9%98%EB%8A%94_%EB%85%B8%EB%9E%98,본문/시/김기림 - 데모크라시에 부치는 노래 (1948-01-01).txt
시계열,1948-01-01,저자 문서 발표 연도,시,돌아와 보는 밤,윤동주,189,https://ko.wikisource.org/wiki/%ED%95%98%EB%8A%98%EA%B3%BC_%EB%B0%94%EB%9E%8C%EA%B3%BC_%EB%B3%84%EA%B3%BC_%EC%8B%9C_%281948%EB%85%84%29/%EB%8F%8C%EC%95%84%EC%99%80_%EB%B3%B4%EB%8A%94_%EB%B0%A4,본문/시/윤동주 - 돌아와 보는 밤 (1948-01-01).txt
시계열,1948-01-01,저자 문서 발표 연도,시,또 다른 고향,윤동주,179,https://ko.wikisource.org/wiki/%ED%95%98%EB%8A%98%EA%B3%BC_%EB%B0%94%EB%9E%8C%EA%B3%BC_%EB%B3%84%EA%B3%BC_%EC%8B%9C_%281948%EB%85%84%29/%EB%98%90_%EB%8B%A4%EB%A5%B8_%EA%B3%A0%ED%96%A5,본문/시/윤동주 - 또 다른 고향 (1948-01-01).txt
시계열,1948-01-01,저자 문서 발표 연도,시,또 태초(太初)의 아츰,윤동주,96,https://ko.wikisource.org/wiki/%ED%95%98%EB%8A%98%EA%B3%BC_%EB%B0%94%EB%9E%8C%EA%B3%BC_%EB%B3%84%EA%B3%BC_%EC%8B%9C_%281948%EB%85%84%29/%EB%98%90_%ED%83%9C%EC%B4%88%EC%9D%98_%EC%95%84%EC%B9%A8,본문/시/윤동주 - 또 태초(太初)의 아츰 (1948-01-01).txt
시계열,1948-01-01,수록 문집 간행 연도,시,만세소리,김기림,223,https://ko.wikisource.org/wiki/%EC%83%88%EB%85%B8%EB%9E%98_%28%EC%8B%9C%EC%A7%91%29/%EB%A7%8C%EC%84%B8%EC%86%8C%EB%A6%AC,본문/시/김기림 - 만세소리 (1948-01-01).txt
시계열,1948-01-01,수록 문집 간행 연도,시,매화 칠장,정인보,368,https://ko.wikisource.org/wiki/%EB%8B%B4%EC%9B%90%EC%8B%9C%EC%A1%B0/%EB%A7%A4%ED%99%94_%EC%B9%A0%EC%9E%A5,본문/시/정인보 - 매화 칠장 (1948-01-01).txt
시계열,1948-01-01,수록 문집 간행 연도,시,매화사 삼첩,정인보,138,https://ko.wikisource.org/wiki/%EB%8B%B4%EC%9B%90%EC%8B%9C%EC%A1%B0/%EB%A7%A4%ED%99%94%EC%82%AC_%EC%82%BC%EC%B2%A9,본문/시/정인보 - 매화사 삼첩 (1948-01-01).txt
시계열,1948-01-01,수록 문집 간행 연도,시,밤의 노래,윤곤강,127,https://ko.wikisource.org/wiki/%ED%94%BC%EB%A6%AC/%EB%B0%A4%EC%9D%98_%EB%85%B8%EB%9E%98,본문/시/윤곤강 - 밤의 노래 (1948-01-01).txt
시계열,1948-01-01,저자 문서 발표 연도,시,병원,윤동주,275,https://ko.wikisource.org/wiki/%ED%95%98%EB%8A%98%EA%B3%BC_%EB%B0%94%EB%9E%8C%EA%B3%BC_%EB%B3%84%EA%B3%BC_%EC%8B%9C_%281948%EB%85%84%29/%EB%B3%91%EC%9B%90,본문/시/윤동주 - 병원 (1948-01-01).txt
시계열,1948-01-01,수록 문집 간행 연도,시,비로봉,정인보,489,https://ko.wikisource.org/wiki/%EB%8B%B4%EC%9B%90%EC%8B%9C%EC%A1%B0/%EB%B9%84%EB%A1%9C%EB%B4%89,본문/시/정인보 - 비로봉 (1948-01-01).txt
시계열,1948-01-01,수록 문집 간행 연도,시,빛을 기리는 노래,윤곤강,619,https://ko.wikisource.org/wiki/%ED%94%BC%EB%A6%AC/%EB%B9%9B%EC%9D%84_%EA%B8%B0%EB%A6%AC%EB%8A%94_%EB%85%B8%EB%9E%98,본문/시/윤곤강 - 빛을 기리는 노래 (1948-01-01).txt
시계열,1948-01-01,수록 문집 간행 연도,시,새나라송,김기림,314,https://ko.wikisource.org/wiki/%EC%83%88%EB%85%B8%EB%9E%98_%28%EC%8B%9C%EC%A7%91%29/%EC%83%88%EB%82%98%EB%9D%BC%EC%86%A1,본문/시/김기림 - 새나라송 (1948-01-01).txt
시계열,1948-01-01,저자 문서 발표 연도,시,새벽이 올때까지,윤동주,103,https://ko.wikisource.org/wiki/%ED%95%98%EB%8A%98%EA%B3%BC_%EB%B0%94%EB%9E%8C%EA%B3%BC_%EB%B3%84%EA%B3%BC_%EC%8B%9C_%281948%EB%85%84%29/%EC%83%88%EB%B2%BD%EC%9D%B4_%EC%98%AC_%EB%95%8C%EA%B9%8C%EC%A7%80,본문/시/윤동주 - 새벽이 올때까지 (1948-01-01).txt
시계열,1948-01-01,수록 문집 간행 연도,시,새해의 노래,김기림,294,https://ko.wikisource.org/wiki/%EC%83%88%EB%85%B8%EB%9E%98_%28%EC%8B%9C%EC%A7%91%29/%EC%83%88%ED%95%B4%EC%9D%98_%EB%85%B8%EB%9E%98,본문/시/김기림 - 새해의 노래 (1948-01-01).txt
시계열,1948-01-01,수록 문집 간행 연도,시,서라벌,윤곤강,93,https://ko.wikisource.org/wiki/%ED%94%BC%EB%A6%AC/%EC%84%9C%EB%9D%BC%EB%B2%8C,본문/시/윤곤강 - 서라벌 (1948-01-01).txt
시계열,1948-01-01,수록 문집 간행 연도,시,석류,윤곤강,136,https://ko.wikisource.org/wiki/%ED%94%BC%EB%A6%AC/%EC%84%9D%EB%A5%98,본문/시/윤곤강 - 석류 (1948-01-01).txt
시계열,1948-01-01,저자 문서 발표 연도,시,소년,윤동주,222,https://ko.wikisource.org/wiki/%ED%95%98%EB%8A%98%EA%B3%BC_%EB%B0%94%EB%9E%8C%EA%B3%BC_%EB%B3%84%EA%B3%BC_%EC%8B%9C_%281948%EB%85%84%29/%EC%86%8C%EB%85%84,본문/시/윤동주 - 소년 (1948-01-01).txt
시계열,1948-01-01,저자 문서 발표 연도,시,슬픈 족속,윤동주,67,https://ko.wikisource.org/wiki/%ED%95%98%EB%8A%98%EA%B3%BC_%EB%B0%94%EB%9E%8C%EA%B3%BC_%EB%B3%84%EA%B3%BC_%EC%8B%9C_%281948%EB%85%84%29/%EC%8A%AC%ED%94%88_%EC%A1%B1%EC%86%8D,본문/시/윤동주 - 슬픈 족속 (1948-01-01).txt
시계열,1948-01-01,수록 문집 간행 연도,시,슬픈 하늘,윤곤강,203,https://ko.wikisource.org/wiki/%ED%94%BC%EB%A6%AC/%EC%8A%AC%ED%94%88_%ED%95%98%EB%8A%98,본문/시/윤곤강 - 슬픈 하늘 (1948-01-01).txt
시계열,1948-01-01,수록 문집 간행 연도,시,시와 문화에 부치는 노래,김기림,277,https://ko.wikisource.org/wiki/%EC%83%88%EB%85%B8%EB%9E%98_%28%EC%8B%9C%EC%A7%91%29/%EC%8B%9C%EC%99%80_%EB%AC%B8%ED%99%94%EC%97%90_%EB%B6%80%EC%B9%98%EB%8A%94_%EB%85%B8%EB%9E%98,본문/시/김기림 - 시와 문화에 부치는 노래 (1948-01-01).txt
시계열,1948-01-01,수록 문집 간행 연도,시,옛집,윤곤강,77,https://ko.wikisource.org/wiki/%ED%94%BC%EB%A6%AC/%EC%98%9B%EC%A7%91,본문/시/윤곤강 - 옛집 (1948-01-01).txt
시계열,1948-01-01,수록 문집 간행 연도,시,오늘도 고향은,김기림,156,https://ko.wikisource.org/wiki/%EC%83%88%EB%85%B8%EB%9E%98_%28%EC%8B%9C%EC%A7%91%29/%EC%98%A4%EB%8A%98%EB%8F%84_%EA%B3%A0%ED%96%A5%EC%9D%80,본문/시/김기림 - 오늘도 고향은 (1948-01-01).txt
시계열,1948-01-01,수록 문집 간행 연도,시,외갓집,윤곤강,122,https://ko.wikisource.org/wiki/%ED%94%BC%EB%A6%AC/%EC%99%B8%EA%B0%93%EC%A7%91,본문/시/윤곤강 - 외갓집 (1948-01-01).txt
시계열,1948-01-01,수록 문집 간행 연도,시,우리들 모두의 꿈이 아니냐,김기림,296,https://ko.wikisource.org/wiki/%EC%83%88%EB%85%B8%EB%9E%98_%28%EC%8B%9C%EC%A7%91%29/%EC%9A%B0%EB%A6%AC%EB%93%A4_%EB%AA%A8%EB%91%90%EC%9D%98_%EA%BF%88%EC%9D%B4_%EC%95%84%EB%8B%88%EB%83%90,본문/시/김기림 - 우리들 모두의 꿈이 아니냐 (1948-01-01).txt
시계열,1948-01-01,수록 문집 간행 연도,시,인민공장에 부치는 노래,김기림,227,https://ko.wikisource.org/wiki/%EC%83%88%EB%85%B8%EB%9E%98_%28%EC%8B%9C%EC%A7%91%29/%EC%9D%B8%EB%AF%BC%EA%B3%B5%EC%9E%A5%EC%97%90_%EB%B6%80%EC%B9%98%EB%8A%94_%EB%85%B8%EB%9E%98,본문/시/김기림 - 인민공장에 부치는 노래 (1948-01-01).txt
시계열,1948-01-01,수록 문집 간행 연도,시,입추,윤곤강,96,https://ko.wikisource.org/wiki/%ED%94%BC%EB%A6%AC/%EC%9E%85%EC%B6%94,본문/시/윤곤강 - 입추 (1948-01-01).txt
시계열,1948-01-01,수록 문집 간행 연도,시,잉경,윤곤강,156,https://ko.wikisource.org/wiki/%ED%94%BC%EB%A6%AC/%EC%9E%89%EA%B2%BD,본문/시/윤곤강 - 잉경 (1948-01-01).txt
시계열,1948-01-01,저자 문서 발표 연도,시,자화상,윤동주,231,https://ko.wikisource.org/wiki/%ED%95%98%EB%8A%98%EA%B3%BC_%EB%B0%94%EB%9E%8C%EA%B3%BC_%EB%B3%84%EA%B3%BC_%EC%8B%9C_%281948%EB%85%84%29/%EC%9E%90%ED%99%94%EC%83%81,본문/시/윤동주 - 자화상 (1948-01-01).txt
시계열,1948-01-01,수록 문집 간행 연도,시,지렁이의 노래,윤곤강,299,https://ko.wikisource.org/wiki/%ED%94%BC%EB%A6%AC/%EC%A7%80%EB%A0%81%EC%9D%B4%EC%9D%98_%EB%85%B8%EB%9E%98,본문/시/윤곤강 - 지렁이의 노래 (1948-01-01).txt
시계열,1948-01-01,수록 문집 간행 연도,시,진리에게,윤곤강,322,https://ko.wikisource.org/wiki/%ED%94%BC%EB%A6%AC/%EC%A7%84%EB%A6%AC%EC%97%90%EA%B2%8C,본문/시/윤곤강 - 진리에게 (1948-01-01).txt
시계열,1948-01-01,수록 문집 간행 연도,시,찬 달밤에,윤곤강,232,https://ko.wikisource.org/wiki/%ED%94%BC%EB%A6%AC/%EC%B0%AC_%EB%8B%AC%EB%B0%A4%EC%97%90,본문/시/윤곤강 - 찬 달밤에 (1948-01-01).txt
시계열,1948-01-01,저자 문서 발표 연도,시,태초(太初)의 아츰,윤동주,85,https://ko.wikisource.org/wiki/%ED%95%98%EB%8A%98%EA%B3%BC_%EB%B0%94%EB%9E%8C%EA%B3%BC_%EB%B3%84%EA%B3%BC_%EC%8B%9C_%281948%EB%85%84%29/%ED%83%9C%EC%B4%88%EC%9D%98_%EC%95%84%EC%B9%A8,본문/시/윤동주 - 태초(太初)의 아츰 (1948-01-01).txt
시계열,1948-01-01,수록 문집 간행 연도,시,파도,김기림,436,https://ko.wikisource.org/wiki/%EC%83%88%EB%85%B8%EB%9E%98_%28%EC%8B%9C%EC%A7%91%29/%ED%8C%8C%EB%8F%84,본문/시/김기림 - 파도 (1948-01-01).txt
시계열,1948-01-01,수록 문집 간행 연도,시,피,윤곤강,260,https://ko.wikisource.org/wiki/%ED%94%BC%EB%A6%AC/%ED%94%BC,본문/시/윤곤강 - 피 (1948-01-01).txt
시계열,1948-01-01,수록 문집 간행 연도,시,피리,윤곤강,330,https://ko.wikisource.org/wiki/%ED%94%BC%EB%A6%AC/%ED%94%BC%EB%A6%AC,본문/시/윤곤강 - 피리 (1948-01-01).txt
시계열,1948-03-01,발표 월,수필,문단(文壇) 30년의 자취,김동인,81049,https://ko.wikisource.org/wiki/%EB%AC%B8%EB%8B%A8_30%EB%85%84%EC%9D%98_%EC%9E%90%EC%B7%A8,본문/수필/김동인 - 문단(文壇) 30년의 자취 (1948-03-01).txt
시계열,1948-05-01,발표 월,수필,속 망국인기,김동인,8839,https://ko.wikisource.org/wiki/%EC%86%8D_%EB%A7%9D%EA%B5%AD%EC%9D%B8%EA%B8%B0,본문/수필/김동인 - 속 망국인기 (1948-05-01).txt
시계열,1948-07-01,발표 월,수필,동정,계용묵,1279,https://ko.wikisource.org/wiki/%EC%83%81%EC%95%84%ED%83%91/%EB%8F%99%EC%A0%95,본문/수필/계용묵 - 동정 (1948-07-01).txt
시계열,1948-08-15,창작일,중편소설,낙조,채만식,33284,https://ko.wikisource.org/wiki/%EB%82%99%EC%A1%B0,본문/중편소설/채만식 - 낙조 (1948-08-15).txt
시계열,1948-12-01,발표 월,수필,방서한,계용묵,1033,https://ko.wikisource.org/wiki/%EC%83%81%EC%95%84%ED%83%91/%EB%B0%A9%EC%84%9C%ED%95%9C,본문/수필/계용묵 - 방서한 (1948-12-01).txt
시계열,1949-01-01,수록 문집 간행 연도,시,낮의 소란소리,김영랑,117,https://ko.wikisource.org/wiki/%EC%98%81%EB%9E%91%EC%8B%9C%EC%84%A0/%EB%82%AE%EC%9D%98_%EC%86%8C%EB%9E%80%EC%86%8C%EB%A6%AC,본문/시/김영랑 - 낮의 소란소리 (1949-01-01).txt
시계열,1949-01-01,수록 문집 간행 연도,시,내 홋진 노래,김영랑,131,https://ko.wikisource.org/wiki/%EC%98%81%EB%9E%91%EC%8B%9C%EC%84%A0/%EB%82%B4_%ED%99%8B%EC%A7%84_%EB%85%B8%EB%9E%98,본문/시/김영랑 - 내 홋진 노래 (1949-01-01).txt
시계열,1949-01-01,수록 문집 간행 연도,시,님 두시고,김영랑,61,https://ko.wikisource.org/wiki/%EC%98%81%EB%9E%91%EC%8B%9C%EC%84%A0/%EB%8B%98_%EB%91%90%EC%8B%9C%EA%B3%A0,본문/시/김영랑 - 님 두시고 (1949-01-01).txt
시계열,1949-01-01,수록 문집 간행 연도,시,독을 차고,김영랑,240,https://ko.wikisource.org/wiki/%EC%98%81%EB%9E%91%EC%8B%9C%EC%84%A0/%EB%8F%85%EC%9D%84_%EC%B0%A8%EA%B3%A0,본문/시/김영랑 - 독을 차고 (1949-01-01).txt
시계열,1949-01-01,수록 문집 간행 연도,시,땅거미,김영랑,98,https://ko.wikisource.org/wiki/%EC%98%81%EB%9E%91%EC%8B%9C%EC%84%A0/%EB%95%85%EA%B1%B0%EB%AF%B8,본문/시/김영랑 - 땅거미 (1949-01-01).txt
시계열,1949-01-01,수록 문집 간행 연도,시,떠날아가는 마음,김영랑,46,https://ko.wikisource.org/wiki/%EC%98%81%EB%9E%91%EC%8B%9C%EC%84%A0/%EB%96%A0%EB%82%A0%EC%95%84%EA%B0%80%EB%8A%94_%EB%A7%88%EC%9D%8C,본문/시/김영랑 - 떠날아가는 마음 (1949-01-01).txt
시계열,1949-01-01,수록 문집 간행 연도,시,망각,김영랑,459,https://ko.wikisource.org/wiki/%EC%98%81%EB%9E%91%EC%8B%9C%EC%84%A0/%EB%A7%9D%EA%B0%81,본문/시/김영랑 - 망각 (1949-01-01).txt
시계열,1949-01-01,수록 문집 간행 연도,시,미움이란 말,김영랑,49,https://ko.wikisource.org/wiki/%EC%98%81%EB%9E%91%EC%8B%9C%EC%84%A0/%EB%AF%B8%EC%9B%80%EC%9D%B4%EB%9E%80_%EB%A7%90,본문/시/김영랑 - 미움이란 말 (1949-01-01).txt
시계열,1949-01-01,수록 문집 간행 연도,시,바다로 가자,김영랑,408,https://ko.wikisource.org/wiki/%EC%98%81%EB%9E%91%EC%8B%9C%EC%84%A0/%EB%B0%94%EB%8B%A4%EB%A1%9C_%EA%B0%80%EC%9E%90,본문/시/김영랑 - 바다로 가자 (1949-01-01).txt
시계열,1949-01-01,수록 문집 간행 연도,시,바람에 나부끼는 갈잎,김영랑,45,https://ko.wikisource.org/wiki/%EC%98%81%EB%9E%91%EC%8B%9C%EC%84%A0/%EB%B0%94%EB%9E%8C%EC%97%90_%EB%82%98%EB%B6%80%EB%81%BC%EB%8A%94_%EA%B0%88%EC%9E%8E,본문/시/김영랑 - 바람에 나부끼는 갈잎 (1949-01-01).txt
시계열,1949-01-01,수록 문집 간행 연도,시,북,김영랑,182,https://ko.wikisource.org/wiki/%EC%98%81%EB%9E%91%EC%8B%9C%EC%84%A0/%EB%B6%81,본문/시/김영랑 - 북 (1949-01-01).txt
시계열,1949-01-01,수록 문집 간행 연도,시,불지암,김영랑,316,https://ko.wikisource.org/wiki/%EC%98%81%EB%9E%91%EC%8B%9C%EC%84%A0/%EB%B6%88%EC%A7%80%EC%95%94,본문/시/김영랑 - 불지암 (1949-01-01).txt
시계열,1949-01-01,수록 문집 간행 연도,시,빛깔 환히,김영랑,65,https://ko.wikisource.org/wiki/%EC%98%81%EB%9E%91%EC%8B%9C%EC%84%A0/%EB%B9%9B%EA%B9%94_%ED%99%98%ED%9E%88,본문/시/김영랑 - 빛깔 환히 (1949-01-01).txt
시계열,1949-01-01,수록 문집 간행 연도,시,뻘은 가슴을 훤히 벗고,김영랑,48,https://ko.wikisource.org/wiki/%EC%98%81%EB%9E%91%EC%8B%9C%EC%84%A0/%EB%BB%98%EC%9D%80_%EA%B0%80%EC%8A%B4%EC%9D%84_%ED%9B%A4%ED%9E%88_%EB%B2%97%EA%B3%A0,본문/시/김영랑 - 뻘은 가슴을 훤히 벗고 (1949-01-01).txt
시계열,1949-01-01,발표 연도,단편소설,사위,이무영,10817,https://ko.wikisource.org/wiki/%EC%82%AC%EC%9C%84,본문/단편소설/이무영 - 사위 (1949-01-01).txt
시계열,1949-01-01,수록 문집 간행 연도,시,산골을 놀이터로,김영랑,50,https://ko.wikisource.org/wiki/%EC%98%81%EB%9E%91%EC%8B%9C%EC%84%A0/%EC%82%B0%EA%B3%A8%EC%9D%84_%EB%86%80%EC%9D%B4%ED%84%B0%EB%A1%9C,본문/시/김영랑 - 산골을 놀이터로 (1949-01-01).txt
시계열,1949-01-01,수록 문집 간행 연도,시,새벽 지친 별,김영랑,48,https://ko.wikisource.org/wiki/%EC%98%81%EB%9E%91%EC%8B%9C%EC%84%A0/%EC%83%88%EB%B2%BD_%EC%A7%80%EC%B9%9C_%EB%B3%84,본문/시/김영랑 - 새벽 지친 별 (1949-01-01).txt
시계열,1949-01-01,수록 문집 간행 연도,시,수풀 아래 작은 샘,김영랑,190,https://ko.wikisource.org/wiki/%EC%98%81%EB%9E%91%EC%8B%9C%EC%84%A0/%EC%88%98%ED%92%80_%EC%95%84%EB%9E%98_%EC%9E%91%EC%9D%80_%EC%83%98,본문/시/김영랑 - 수풀 아래 작은 샘 (1949-01-01).txt
시계열,1949-01-01,수록 문집 간행 연도,시,숲향기,김영랑,44,https://ko.wikisource.org/wiki/%EC%98%81%EB%9E%91%EC%8B%9C%EC%84%A0/%EC%88%B2%ED%96%A5%EA%B8%B0,본문/시/김영랑 - 숲향기 (1949-01-01).txt
시계열,1949-01-01,수록 문집 간행 연도,시,언 땅 한길,김영랑,81,https://ko.wikisource.org/wiki/%EC%98%81%EB%9E%91%EC%8B%9C%EC%84%A0/%EC%96%B8_%EB%95%85_%ED%95%9C%EA%B8%B8,본문/시/김영랑 - 언 땅 한길 (1949-01-01).txt
시계열,1949-01-01,수록 문집 간행 연도,시,언덕에 누워 바다를 보면,김영랑,43,https://ko.wikisource.org/wiki/%EC%98%81%EB%9E%91%EC%8B%9C%EC%84%A0/%EC%96%B8%EB%8D%95%EC%97%90_%EB%88%84%EC%9B%8C_%EB%B0%94%EB%8B%A4%EB%A5%BC_%EB%B3%B4%EB%A9%B4,본문/시/김영랑 - 언덕에 누워 바다를 보면 (1949-01-01).txt
시계열,1949-01-01,수록 문집 간행 연도,시,연 1,김영랑,163,https://ko.wikisource.org/wiki/%EC%98%81%EB%9E%91%EC%8B%9C%EC%84%A0/%EC%97%B0_1,본문/시/김영랑 - 연 1 (1949-01-01).txt
시계열,1949-01-01,수록 문집 간행 연도,시,연 2,김영랑,194,https://ko.wikisource.org/wiki/%EC%98%81%EB%9E%91%EC%8B%9C%EC%84%A0/%EC%97%B0_2,본문/시/김영랑 - 연 2 (1949-01-01).txt
시계열,1949-01-01,발표 연도,시,오월 아침,김영랑,262,https://ko.wikisource.org/wiki/%EC%98%81%EB%9E%91%EC%8B%9C%EC%84%A0/%EC%98%A4%EC%9B%94_%EC%95%84%EC%B9%A8,본문/시/김영랑 - 오월 아침 (1949-01-01).txt
시계열,1949-01-01,수록 문집 간행 연도,시,온몸을 감도는 붉은 핏줄,김영랑,45,https://ko.wikisource.org/wiki/%EC%98%81%EB%9E%91%EC%8B%9C%EC%84%A0/%EC%98%A8%EB%AA%B8%EC%9D%84_%EA%B0%90%EB%8F%84%EB%8A%94_%EB%B6%89%EC%9D%80_%ED%95%8F%EC%A4%84,본문/시/김영랑 - 온몸을 감도는 붉은 핏줄 (1949-01-01).txt
시계열,1949-01-01,수록 문집 간행 연도,시,저녁때 저녁때,김영랑,45,https://ko.wikisource.org/wiki/%EC%98%81%EB%9E%91%EC%8B%9C%EC%84%A0/%EC%A0%80%EB%85%81%EB%95%8C_%EC%A0%80%EB%85%81%EB%95%8C,본문/시/김영랑 - 저녁때 저녁때 (1949-01-01).txt
시계열,1949-01-01,수록 문집 간행 연도,시,좁은 길가에,김영랑,45,https://ko.wikisource.org/wiki/%EC%98%81%EB%9E%91%EC%8B%9C%EC%84%A0/%EC%A2%81%EC%9D%80_%EA%B8%B8%EA%B0%80%EC%97%90,본문/시/김영랑 - 좁은 길가에 (1949-01-01).txt
시계열,1949-01-01,수록 문집 간행 연도,시,집,김영랑,215,https://ko.wikisource.org/wiki/%EC%98%81%EB%9E%91%EC%8B%9C%EC%84%A0/%EC%A7%91,본문/시/김영랑 - 집 (1949-01-01).txt
시계열,1949-01-01,수록 문집 간행 연도,시,춘향,김영랑,645,https://ko.wikisource.org/wiki/%EC%98%81%EB%9E%91%EC%8B%9C%EC%84%A0/%EC%B6%98%ED%96%A5,본문/시/김영랑 - 춘향 (1949-01-01).txt
시계열,1949-01-01,수록 문집 간행 연도,시,푸른 향물 흘러버린 언덕 위,김영랑,49,https://ko.wikisource.org/wiki/%EC%98%81%EB%9E%91%EC%8B%9C%EC%84%A0/%ED%91%B8%EB%A5%B8_%ED%96%A5%EB%AC%BC_%ED%9D%98%EB%9F%AC%EB%B2%84%EB%A6%B0_%EC%96%B8%EB%8D%95_%EC%9C%84,본문/시/김영랑 - 푸른 향물 흘러버린 언덕 위 (1949-01-01).txt
시계열,1949-01-01,수록 문집 간행 연도,시,풀 위에 맺혀지는,김영랑,47,https://ko.wikisource.org/wiki/%EC%98%81%EB%9E%91%EC%8B%9C%EC%84%A0/%ED%92%80_%EC%9C%84%EC%97%90_%EB%A7%BA%ED%98%80%EC%A7%80%EB%8A%94,본문/시/김영랑 - 풀 위에 맺혀지는 (1949-01-01).txt
시계열,1949-01-01,수록 문집 간행 연도,시,한줌 흙,김영랑,131,https://ko.wikisource.org/wiki/%EC%98%81%EB%9E%91%EC%8B%9C%EC%84%A0/%ED%95%9C%EC%A4%8C_%ED%9D%99,본문/시/김영랑 - 한줌 흙 (1949-01-01).txt
시계열,1949-06-01,발표 월,수필,정릉 일일,계용묵,1236,https://ko.wikisource.org/wiki/%EC%83%81%EC%95%84%ED%83%91/%EC%A0%95%EB%A6%89_%EC%9D%BC%EC%9D%BC,본문/수필/계용묵 - 정릉 일일 (1949-06-01).txt
시계열,1949-06-01,발표 월,수필,침묵의 변,계용묵,1385,https://ko.wikisource.org/wiki/%EC%83%81%EC%95%84%ED%83%91/%EC%B9%A8%EB%AC%B5%EC%9D%98_%EB%B3%80,본문/수필/계용묵 - 침묵의 변 (1949-06-01).txt
시계열,1949-06-30,발표일,시,곡 백범선생,김기림,260,https://ko.wikisource.org/wiki/%EA%B3%A1_%EB%B0%B1%EB%B2%94%EC%84%A0%EC%83%9D,본문/시/김기림 - 곡 백범선생 (1949-06-30).txt
시계열,1949-07-01,발표 월,수필,새말의 이모저모,김기림,13765,https://ko.wikisource.org/wiki/%EC%83%88%EB%A7%90%EC%9D%98_%EC%9D%B4%EB%AA%A8%EC%A0%80%EB%AA%A8,본문/수필/김기림 - 새말의 이모저모 (1949-07-01).txt
시계열,1949-07-01,발표 월,수필,수박,계용묵,969,https://ko.wikisource.org/wiki/%EC%83%81%EC%95%84%ED%83%91/%EC%88%98%EB%B0%95,본문/수필/계용묵 - 수박 (1949-07-01).txt
시계열,1949-07-01,발표 월,수필,피서의 성격,계용묵,1052,https://ko.wikisource.org/wiki/%EC%83%81%EC%95%84%ED%83%91/%ED%94%BC%EC%84%9C%EC%9D%98_%EC%84%B1%EA%B2%A9,본문/수필/계용묵 - 피서의 성격 (1949-07-01).txt
시계열,1949-09-01,발표 월,수필,구두,계용묵,1152,https://ko.wikisource.org/wiki/%EC%83%81%EC%95%84%ED%83%91/%EA%B5%AC%EB%91%90,본문/수필/계용묵 - 구두 (1949-09-01).txt
시계열,1949-10-01,발표 월,수필,차가사,계용묵,1529,https://ko.wikisource.org/wiki/%EC%83%81%EC%95%84%ED%83%91/%EC%B0%A8%EA%B0%80%EC%82%AC,본문/수필/계용묵 - 차가사 (1949-10-01).txt
시계열,1949-10-01,발표 월,수필,한자어(漢字語)의 실상,김기림,52205,https://ko.wikisource.org/wiki/%ED%95%9C%EC%9E%90%EC%96%B4%EC%9D%98_%EC%8B%A4%EC%83%81,본문/수필/김기림 - 한자어(漢字語)의 실상 (1949-10-01).txt
시계열,1949-11-01,발표 월,수필,원자탄,계용묵,1029,https://ko.wikisource.org/wiki/%EC%83%81%EC%95%84%ED%83%91/%EC%9B%90%EC%9E%90%ED%83%84,본문/수필/계용묵 - 원자탄 (1949-11-01).txt
시계열,1950-01-01,발표 연도,노래,高麗大學校歌,정인보,175,https://ko.wikisource.org/wiki/%EA%B3%A0%EB%A0%A4%EB%8C%80%ED%95%99%EA%B5%90%EA%B0%80,본문/노래/정인보 - 高麗大學校歌 (1950-01-01).txt
시계열,1950-01-01,발표 연도,장편소설,사랑의 동명왕,이광수,122690,https://ko.wikisource.org/wiki/%EC%82%AC%EB%9E%91%EC%9D%98_%EB%8F%99%EB%AA%85%EC%99%95,본문/장편소설/이광수 - 사랑의 동명왕 (1950-01-01).txt
시계열,1950-01-01,발표 연도,수필,아인슈타인 박사와 탐정소설,김내성,2935,https://ko.wikisource.org/wiki/%EC%95%84%EC%9D%B8%EC%8A%88%ED%83%80%EC%9D%B8_%EB%B0%95%EC%82%AC%EC%99%80_%ED%83%90%EC%A0%95%EC%86%8C%EC%84%A4,본문/수필/김내성 - 아인슈타인 박사와 탐정소설 (1950-01-01).txt
시계열,1950-02-01,발표 월,시,곡마단,정지용,387,https://ko.wikisource.org/wiki/%EA%B3%A1%EB%A7%88%EB%8B%A8,본문/시/정지용 - 곡마단 (1950-02-01).txt
시계열,1950-02-01,발표 월,시,녹번리,정지용,291,https://ko.wikisource.org/wiki/%EB%85%B9%EB%B2%88%EB%A6%AC,본문/시/정지용 - 녹번리 (1950-02-01).txt
시계열,1950-02-01,발표 월,시,의자,정지용,258,https://ko.wikisource.org/wiki/%EC%9D%98%EC%9E%90,본문/시/정지용 - 의자 (1950-02-01).txt
시계열,1950-04-01,발표 월,소설,물매미,계용묵,3531,https://ko.wikisource.org/wiki/%EB%AC%BC%EB%A7%A4%EB%AF%B8,본문/소설/계용묵 - 물매미 (1950-04-01).txt
시계열,1950-05-07,발표일,노래,새해의 노래,정인보,104,https://ko.wikisource.org/wiki/%EC%83%88%ED%95%B4%EC%9D%98_%EB%85%B8%EB%9E%98,본문/노래/정인보 - 새해의 노래 (1950-05-07).txt
시계열,1951-01-01,발표 연도,수필,愛國古時調[애국고시조],최남선,4563,https://ko.wikisource.org/wiki/%EC%95%A0%EA%B5%AD%EA%B3%A0%EC%8B%9C%EC%A1%B0,본문/수필/최남선 - 愛國古時調[애국고시조] (1951-01-01).txt
시계열,1951-01-01,발표 연도,시,그날이 그립다,이상화,407,https://ko.wikisource.org/wiki/%EA%B7%B8%EB%82%A0%EC%9D%B4_%EA%B7%B8%EB%A6%BD%EB%8B%A4,본문/시/이상화 - 그날이 그립다 (1951-01-01).txt
시계열,1951-01-01,발표 연도,시,무제,이상화,161,https://ko.wikisource.org/wiki/%EB%AC%B4%EC%A0%9C_%28%EC%9D%B4%EC%83%81%ED%99%94%29,본문/시/이상화 - 무제 (1951-01-01).txt
시계열,1951-01-01,발표 연도,시,쓸어져 가는 미술관,이상화,343,https://ko.wikisource.org/wiki/%EC%93%B0%EB%9F%AC%EC%A0%B8_%EA%B0%80%EB%8A%94_%EB%AF%B8%EC%88%A0%EA%B4%80,본문/시/이상화 - 쓸어져 가는 미술관 (1951-01-01).txt
시계열,1951-01-01,발표 연도,시,조선은 싸운다,조기천,1510,https://ko.wikisource.org/wiki/%EC%A1%B0%EC%84%A0%EC%9D%80_%EC%8B%B8%EC%9A%B4%EB%8B%A4,본문/시/조기천 - 조선은 싸운다 (1951-01-01).txt
시계열,1951-01-01,발표 연도,시,청년,이상화,160,https://ko.wikisource.org/wiki/%EC%B2%AD%EB%85%84,본문/시/이상화 - 청년 (1951-01-01).txt
시계열,1952-01-01,저자 문서 발표 연도,소설,쌍무지개 뜨는 언덕,김내성,97992,https://ko.wikisource.org/wiki/%EC%8C%8D%EB%AC%B4%EC%A7%80%EA%B0%9C_%EB%9C%A8%EB%8A%94_%EC%96%B8%EB%8D%95,본문/소설/김내성 - 쌍무지개 뜨는 언덕 (1952-01-01).txt
시계열,1953-01-01,저자 문서 발표 연도,소설,검은 별,존스턴 매컬리,177843,https://ko.wikisource.org/wiki/%EA%B2%80%EC%9D%80_%EB%B3%84,본문/소설/존스턴 매컬리 - 검은 별 (1953-01-01).txt
시계열,1953-01-01,발표 연도,소설,청춘극장,김내성,640707,https://ko.wikisource.org/wiki/%EC%B2%AD%EC%B6%98%EA%B7%B9%EC%9E%A5,본문/소설/김내성 - 청춘극장 (1953-01-01).txt
시계열,1953-02-01,발표 월,단편소설,ㄷ씨 행장기,이무영,31268,https://ko.wikisource.org/wiki/%E3%84%B7%EC%94%A8_%ED%96%89%EC%9E%A5%EA%B8%B0,본문/단편소설/이무영 - ㄷ씨 행장기 (1953-02-01).txt
시계열,1954-01-01,발표 연도,시,夢美人[몽미인],변영로,177,https://ko.wikisource.org/wiki/%EB%AA%BD%EB%AF%B8%EC%9D%B8,본문/시/변영로 - 夢美人[몽미인] (1954-01-01).txt
시계열,1954-01-01,발표 연도,수필,書齋閑談[서재한담],최남선,3174,https://ko.wikisource.org/wiki/%EC%84%9C%EC%9E%AC%ED%95%9C%EB%8B%B4,본문/수필/최남선 - 書齋閑談[서재한담] (1954-01-01).txt
시계열,1954-01-01,발표 연도,장편소설,애인,김내성,633491,https://ko.wikisource.org/wiki/%EC%95%A0%EC%9D%B8,본문/장편소설/김내성 - 애인 (1954-01-01).txt
시계열,1955-01-01,저자 문서 발표 연도,시,가슴 1,윤동주,53,https://ko.wikisource.org/wiki/%ED%95%98%EB%8A%98%EA%B3%BC_%EB%B0%94%EB%9E%8C%EA%B3%BC_%EB%B3%84%EA%B3%BC_%EC%8B%9C_%281955%EB%85%84%29/%EA%B0%80%EC%8A%B4_1,본문/시/윤동주 - 가슴 1 (1955-01-01).txt
시계열,1955-01-01,저자 문서 발표 연도,시,가슴 2,윤동주,49,https://ko.wikisource.org/wiki/%ED%95%98%EB%8A%98%EA%B3%BC_%EB%B0%94%EB%9E%8C%EA%B3%BC_%EB%B3%84%EA%B3%BC_%EC%8B%9C_%281955%EB%85%84%29/%EA%B0%80%EC%8A%B4_2,본문/시/윤동주 - 가슴 2 (1955-01-01).txt
시계열,1955-01-01,발표 연도,시,간 아내에게,변영로,341,https://ko.wikisource.org/wiki/%EA%B0%84_%EC%95%84%EB%82%B4%EC%97%90%EA%B2%8C,본문/시/변영로 - 간 아내에게 (1955-01-01).txt
시계열,1955-01-01,저자 문서 발표 연도,시,거리에서,윤동주,138,https://ko.wikisource.org/wiki/%ED%95%98%EB%8A%98%EA%B3%BC_%EB%B0%94%EB%9E%8C%EA%B3%BC_%EB%B3%84%EA%B3%BC_%EC%8B%9C_%281955%EB%85%84%29/%EA%B1%B0%EB%A6%AC%EC%97%90%EC%84%9C,본문/시/윤동주 - 거리에서 (1955-01-01).txt
시계열,1955-01-01,저자 문서 발표 연도,시,거짓부리,윤동주,120,https://ko.wikisource.org/wiki/%ED%95%98%EB%8A%98%EA%B3%BC_%EB%B0%94%EB%9E%8C%EA%B3%BC_%EB%B3%84%EA%B3%BC_%EC%8B%9C_%281955%EB%85%84%29/%EA%B1%B0%EC%A7%93%EB%B6%80%EB%A6%AC,본문/시/윤동주 - 거짓부리 (1955-01-01).txt
시계열,1955-01-01,저자 문서 발표 연도,시,겨울,윤동주,38,https://ko.wikisource.org/wiki/%ED%95%98%EB%8A%98%EA%B3%BC_%EB%B0%94%EB%9E%8C%EA%B3%BC_%EB%B3%84%EA%B3%BC_%EC%8B%9C_%281955%EB%85%84%29/%EA%B2%A8%EC%9A%B8,본문/시/윤동주 - 겨울 (1955-01-01).txt
시계열,1955-01-01,수록 문집 간행 연도,수필,고독,계용묵,1236,https://ko.wikisource.org/wiki/%EC%83%81%EC%95%84%ED%83%91/%EA%B3%A0%EB%8F%85,본문/수필/계용묵 - 고독 (1955-01-01).txt
시계열,1955-01-01,저자 문서 발표 연도,시,고추 밭,윤동주,91,https://ko.wikisource.org/wiki/%ED%95%98%EB%8A%98%EA%B3%BC_%EB%B0%94%EB%9E%8C%EA%B3%BC_%EB%B3%84%EA%B3%BC_%EC%8B%9C_%281955%EB%85%84%29/%EA%B3%A0%EC%B6%94_%EB%B0%AD,본문/시/윤동주 - 고추 밭 (1955-01-01).txt
시계열,1955-01-01,저자 문서 발표 연도,시,굴뚝,윤동주,113,https://ko.wikisource.org/wiki/%ED%95%98%EB%8A%98%EA%B3%BC_%EB%B0%94%EB%9E%8C%EA%B3%BC_%EB%B3%84%EA%B3%BC_%EC%8B%9C_%281955%EB%85%84%29/%EA%B5%B4%EB%9A%9D,본문/시/윤동주 - 굴뚝 (1955-01-01).txt
시계열,1955-01-01,저자 문서 발표 연도,시,귀뜨라미와 나와,윤동주,82,https://ko.wikisource.org/wiki/%ED%95%98%EB%8A%98%EA%B3%BC_%EB%B0%94%EB%9E%8C%EA%B3%BC_%EB%B3%84%EA%B3%BC_%EC%8B%9C_%281955%EB%85%84%29/%EA%B7%80%EB%9C%A8%EB%9D%BC%EB%AF%B8%EC%99%80_%EB%82%98%EC%99%80,본문/시/윤동주 - 귀뜨라미와 나와 (1955-01-01).txt
시계열,1955-01-01,저자 문서 발표 연도,시,기왓장 내외,윤동주,103,https://ko.wikisource.org/wiki/%ED%95%98%EB%8A%98%EA%B3%BC_%EB%B0%94%EB%9E%8C%EA%B3%BC_%EB%B3%84%EA%B3%BC_%EC%8B%9C_%281955%EB%85%84%29/%EA%B8%B0%EC%99%93%EC%9E%A5_%EB%82%B4%EC%99%B8,본문/시/윤동주 - 기왓장 내외 (1955-01-01).txt
시계열,1955-01-01,저자 문서 발표 연도,시,꿈은 깨어지고,윤동주,133,https://ko.wikisource.org/wiki/%ED%95%98%EB%8A%98%EA%B3%BC_%EB%B0%94%EB%9E%8C%EA%B3%BC_%EB%B3%84%EA%B3%BC_%EC%8B%9C_%281955%EB%85%84%29/%EA%BF%88%EC%9D%80_%EA%B9%A8%EC%96%B4%EC%A7%80%EA%B3%A0,본문/시/윤동주 - 꿈은 깨어지고 (1955-01-01).txt
시계열,1955-01-01,저자 문서 발표 연도,시,남쪽 하늘,윤동주,78,https://ko.wikisource.org/wiki/%ED%95%98%EB%8A%98%EA%B3%BC_%EB%B0%94%EB%9E%8C%EA%B3%BC_%EB%B3%84%EA%B3%BC_%EC%8B%9C_%281955%EB%85%84%29/%EB%82%A8%EC%AA%BD_%ED%95%98%EB%8A%98,본문/시/윤동주 - 남쪽 하늘 (1955-01-01).txt
시계열,1955-01-01,수록 문집 간행 연도,수필,노인과 닭,계용묵,964,https://ko.wikisource.org/wiki/%EC%83%81%EC%95%84%ED%83%91/%EB%85%B8%EC%9D%B8%EA%B3%BC_%EB%8B%AD,본문/수필/계용묵 - 노인과 닭 (1955-01-01).txt
시계열,1955-01-01,저자 문서 발표 연도,시,눈,윤동주,58,https://ko.wikisource.org/wiki/%ED%95%98%EB%8A%98%EA%B3%BC_%EB%B0%94%EB%9E%8C%EA%B3%BC_%EB%B3%84%EA%B3%BC_%EC%8B%9C_%281955%EB%85%84%29/%EB%88%88,본문/시/윤동주 - 눈 (1955-01-01).txt
시계열,1955-01-01,저자 문서 발표 연도,시,달같이,윤동주,53,https://ko.wikisource.org/wiki/%ED%95%98%EB%8A%98%EA%B3%BC_%EB%B0%94%EB%9E%8C%EA%B3%BC_%EB%B3%84%EA%B3%BC_%EC%8B%9C_%281955%EB%85%84%29/%EB%8B%AC%EA%B0%99%EC%9D%B4,본문/시/윤동주 - 달같이 (1955-01-01).txt
시계열,1955-01-01,저자 문서 발표 연도,시,달밤,윤동주,96,https://ko.wikisource.org/wiki/%ED%95%98%EB%8A%98%EA%B3%BC_%EB%B0%94%EB%9E%8C%EA%B3%BC_%EB%B3%84%EA%B3%BC_%EC%8B%9C_%281955%EB%85%84%29/%EB%8B%AC%EB%B0%A4,본문/시/윤동주 - 달밤 (1955-01-01).txt
시계열,1955-01-01,저자 문서 발표 연도,시,달을 쏘다,윤동주,1230,https://ko.wikisource.org/wiki/%ED%95%98%EB%8A%98%EA%B3%BC_%EB%B0%94%EB%9E%8C%EA%B3%BC_%EB%B3%84%EA%B3%BC_%EC%8B%9C_%281955%EB%85%84%29/%EB%8B%AC%EC%9D%84_%EC%8F%98%EB%8B%A4,본문/시/윤동주 - 달을 쏘다 (1955-01-01).txt
시계열,1955-01-01,저자 문서 발표 연도,시,닭,윤동주,144,https://ko.wikisource.org/wiki/%ED%95%98%EB%8A%98%EA%B3%BC_%EB%B0%94%EB%9E%8C%EA%B3%BC_%EB%B3%84%EA%B3%BC_%EC%8B%9C_%281955%EB%85%84%29/%EB%8B%AD,본문/시/윤동주 - 닭 (1955-01-01).txt
시계열,1955-01-01,저자 문서 발표 연도,시,둘 다,윤동주,50,https://ko.wikisource.org/wiki/%ED%95%98%EB%8A%98%EA%B3%BC_%EB%B0%94%EB%9E%8C%EA%B3%BC_%EB%B3%84%EA%B3%BC_%EC%8B%9C_%281955%EB%85%84%29/%EB%91%98_%EB%8B%A4,본문/시/윤동주 - 둘 다 (1955-01-01).txt
시계열,1955-01-01,사후 간행 문집 간행 연도,시,또 태초의 아침,윤동주,105,https://ko.wikisource.org/wiki/%ED%95%98%EB%8A%98%EA%B3%BC_%EB%B0%94%EB%9E%8C%EA%B3%BC_%EB%B3%84%EA%B3%BC_%EC%8B%9C_%281955%EB%85%84%29/%EB%98%90_%ED%83%9C%EC%B4%88%EC%9D%98_%EC%95%84%EC%B9%A8,본문/시/윤동주 - 또 태초의 아침 (1955-01-01).txt
시계열,1955-01-01,저자 문서 발표 연도,시,명상,윤동주,74,https://ko.wikisource.org/wiki/%ED%95%98%EB%8A%98%EA%B3%BC_%EB%B0%94%EB%9E%8C%EA%B3%BC_%EB%B3%84%EA%B3%BC_%EC%8B%9C_%281955%EB%85%84%29/%EB%AA%85%EC%83%81,본문/시/윤동주 - 명상 (1955-01-01).txt
시계열,1955-01-01,저자 문서 발표 연도,시,못자는 밤,윤동주,28,https://ko.wikisource.org/wiki/%ED%95%98%EB%8A%98%EA%B3%BC_%EB%B0%94%EB%9E%8C%EA%B3%BC_%EB%B3%84%EA%B3%BC_%EC%8B%9C_%281955%EB%85%84%29/%EB%AA%BB%EC%9E%90%EB%8A%94%EB%B0%A4,본문/시/윤동주 - 못자는 밤 (1955-01-01).txt
시계열,1955-01-01,저자 문서 발표 연도,시,무얼 먹구 사나,윤동주,52,https://ko.wikisource.org/wiki/%ED%95%98%EB%8A%98%EA%B3%BC_%EB%B0%94%EB%9E%8C%EA%B3%BC_%EB%B3%84%EA%B3%BC_%EC%8B%9C_%281955%EB%85%84%29/%EB%AC%B4%EC%96%BC_%EB%A8%B9%EA%B5%AC_%EC%82%AC%EB%82%98,본문/시/윤동주 - 무얼 먹구 사나 (1955-01-01).txt
시계열,1955-01-01,저자 문서 발표 연도,시,바다,윤동주,139,https://ko.wikisource.org/wiki/%ED%95%98%EB%8A%98%EA%B3%BC_%EB%B0%94%EB%9E%8C%EA%B3%BC_%EB%B3%84%EA%B3%BC_%EC%8B%9C_%281955%EB%85%84%29/%EB%B0%94%EB%8B%A4,본문/시/윤동주 - 바다 (1955-01-01).txt
시계열,1955-01-01,저자 문서 발표 연도,시,반디불,윤동주,65,https://ko.wikisource.org/wiki/%ED%95%98%EB%8A%98%EA%B3%BC_%EB%B0%94%EB%9E%8C%EA%B3%BC_%EB%B3%84%EA%B3%BC_%EC%8B%9C_%281955%EB%85%84%29/%EB%B0%98%EB%94%94%EB%B6%88,본문/시/윤동주 - 반디불 (1955-01-01).txt
시계열,1955-01-01,저자 문서 발표 연도,시,밤,윤동주,98,https://ko.wikisource.org/wiki/%ED%95%98%EB%8A%98%EA%B3%BC_%EB%B0%94%EB%9E%8C%EA%B3%BC_%EB%B3%84%EA%B3%BC_%EC%8B%9C_%281955%EB%85%84%29/%EB%B0%A4,본문/시/윤동주 - 밤 (1955-01-01).txt
시계열,1955-01-01,저자 문서 발표 연도,시,버선본,윤동주,118,https://ko.wikisource.org/wiki/%ED%95%98%EB%8A%98%EA%B3%BC_%EB%B0%94%EB%9E%8C%EA%B3%BC_%EB%B3%84%EA%B3%BC_%EC%8B%9C_%281955%EB%85%84%29/%EB%B2%84%EC%84%A0%EB%B3%B8,본문/시/윤동주 - 버선본 (1955-01-01).txt
시계열,1955-01-01,저자 문서 발표 연도,시,별똥 떨어진데,윤동주,1352,https://ko.wikisource.org/wiki/%ED%95%98%EB%8A%98%EA%B3%BC_%EB%B0%94%EB%9E%8C%EA%B3%BC_%EB%B3%84%EA%B3%BC_%EC%8B%9C_%281955%EB%85%84%29/%EB%B3%84%EB%98%A5_%EB%96%A8%EC%96%B4%EC%A7%84%EB%8D%B0,본문/시/윤동주 - 별똥 떨어진데 (1955-01-01).txt
시계열,1955-01-01,저자 문서 발표 연도,시,병아리,윤동주,71,https://ko.wikisource.org/wiki/%ED%95%98%EB%8A%98%EA%B3%BC_%EB%B0%94%EB%9E%8C%EA%B3%BC_%EB%B3%84%EA%B3%BC_%EC%8B%9C_%281955%EB%85%84%29/%EB%B3%91%EC%95%84%EB%A6%AC,본문/시/윤동주 - 병아리 (1955-01-01).txt
시계열,1955-01-01,저자 문서 발표 연도,시,봄,윤동주,95,https://ko.wikisource.org/wiki/%ED%95%98%EB%8A%98%EA%B3%BC_%EB%B0%94%EB%9E%8C%EA%B3%BC_%EB%B3%84%EA%B3%BC_%EC%8B%9C_%281955%EB%85%84%29/%EB%B4%84_1,본문/시/윤동주 - 봄 (1955-01-01).txt
시계열,1955-01-01,저자 문서 발표 연도,시,비둘기,윤동주,115,https://ko.wikisource.org/wiki/%ED%95%98%EB%8A%98%EA%B3%BC_%EB%B0%94%EB%9E%8C%EA%B3%BC_%EB%B3%84%EA%B3%BC_%EC%8B%9C_%281955%EB%85%84%29/%EB%B9%84%EB%91%98%EA%B8%B0,본문/시/윤동주 - 비둘기 (1955-01-01).txt
시계열,1955-01-01,저자 문서 발표 연도,시,비로봉,윤동주,65,https://ko.wikisource.org/wiki/%ED%95%98%EB%8A%98%EA%B3%BC_%EB%B0%94%EB%9E%8C%EA%B3%BC_%EB%B3%84%EA%B3%BC_%EC%8B%9C_%281955%EB%85%84%29/%EB%B9%84%EB%A1%9C%EB%B4%89,본문/시/윤동주 - 비로봉 (1955-01-01).txt
시계열,1955-01-01,저자 문서 발표 연도,시,비오는 밤,윤동주,115,https://ko.wikisource.org/wiki/%ED%95%98%EB%8A%98%EA%B3%BC_%EB%B0%94%EB%9E%8C%EA%B3%BC_%EB%B3%84%EA%B3%BC_%EC%8B%9C_%281955%EB%85%84%29/%EB%B9%84%EC%98%A4%EB%8A%94_%EB%B0%A4,본문/시/윤동주 - 비오는 밤 (1955-01-01).txt
시계열,1955-01-01,저자 문서 발표 연도,시,빗자루,윤동주,144,https://ko.wikisource.org/wiki/%ED%95%98%EB%8A%98%EA%B3%BC_%EB%B0%94%EB%9E%8C%EA%B3%BC_%EB%B3%84%EA%B3%BC_%EC%8B%9C_%281955%EB%85%84%29/%EB%B9%97%EC%9E%90%EB%A3%A8,본문/시/윤동주 - 빗자루 (1955-01-01).txt
시계열,1955-01-01,저자 문서 발표 연도,시,빨래,윤동주,56,https://ko.wikisource.org/wiki/%ED%95%98%EB%8A%98%EA%B3%BC_%EB%B0%94%EB%9E%8C%EA%B3%BC_%EB%B3%84%EA%B3%BC_%EC%8B%9C_%281955%EB%85%84%29/%EB%B9%A8%EB%9E%98,본문/시/윤동주 - 빨래 (1955-01-01).txt
시계열,1955-01-01,저자 문서 발표 연도,시,사랑의 전당,윤동주,208,https://ko.wikisource.org/wiki/%ED%95%98%EB%8A%98%EA%B3%BC_%EB%B0%94%EB%9E%8C%EA%B3%BC_%EB%B3%84%EA%B3%BC_%EC%8B%9C_%281955%EB%85%84%29/%EC%82%AC%EB%9E%91%EC%9D%98_%EC%A0%84%EB%8B%B9,본문/시/윤동주 - 사랑의 전당 (1955-01-01).txt
시계열,1955-01-01,저자 문서 발표 연도,시,산골물,윤동주,104,https://ko.wikisource.org/wiki/%ED%95%98%EB%8A%98%EA%B3%BC_%EB%B0%94%EB%9E%8C%EA%B3%BC_%EB%B3%84%EA%B3%BC_%EC%8B%9C_%281955%EB%85%84%29/%EC%82%B0%EA%B3%A8%EB%AC%BC,본문/시/윤동주 - 산골물 (1955-01-01).txt
시계열,1955-01-01,저자 문서 발표 연도,시,산림,윤동주,168,https://ko.wikisource.org/wiki/%ED%95%98%EB%8A%98%EA%B3%BC_%EB%B0%94%EB%9E%8C%EA%B3%BC_%EB%B3%84%EA%B3%BC_%EC%8B%9C_%281955%EB%85%84%29/%EC%82%B0%EB%A6%BC,본문/시/윤동주 - 산림 (1955-01-01).txt
시계열,1955-01-01,저자 문서 발표 연도,시,산상,윤동주,145,https://ko.wikisource.org/wiki/%ED%95%98%EB%8A%98%EA%B3%BC_%EB%B0%94%EB%9E%8C%EA%B3%BC_%EB%B3%84%EA%B3%BC_%EC%8B%9C_%281955%EB%85%84%29/%EC%82%B0%EC%83%81,본문/시/윤동주 - 산상 (1955-01-01).txt
시계열,1955-01-01,저자 문서 발표 연도,시,산울림,윤동주,51,https://ko.wikisource.org/wiki/%ED%95%98%EB%8A%98%EA%B3%BC_%EB%B0%94%EB%9E%8C%EA%B3%BC_%EB%B3%84%EA%B3%BC_%EC%8B%9C_%281955%EB%85%84%29/%EC%82%B0%EC%9A%B8%EB%A6%BC,본문/시/윤동주 - 산울림 (1955-01-01).txt
시계열,1955-01-01,저자 문서 발표 연도,시,산협의 오후,윤동주,55,https://ko.wikisource.org/wiki/%ED%95%98%EB%8A%98%EA%B3%BC_%EB%B0%94%EB%9E%8C%EA%B3%BC_%EB%B3%84%EA%B3%BC_%EC%8B%9C_%281955%EB%85%84%29/%EC%82%B0%ED%98%91%EC%9D%98_%EC%98%A4%ED%9B%84,본문/시/윤동주 - 산협의 오후 (1955-01-01).txt
시계열,1955-01-01,저자 문서 발표 연도,시,삶과 죽음,윤동주,155,https://ko.wikisource.org/wiki/%ED%95%98%EB%8A%98%EA%B3%BC_%EB%B0%94%EB%9E%8C%EA%B3%BC_%EB%B3%84%EA%B3%BC_%EC%8B%9C_%281955%EB%85%84%29/%EC%82%B6%EA%B3%BC_%EC%A3%BD%EC%9D%8C,본문/시/윤동주 - 삶과 죽음 (1955-01-01).txt
시계열,1955-01-01,저자 문서 발표 연도,시,소낙비,윤동주,138,https://ko.wikisource.org/wiki/%ED%95%98%EB%8A%98%EA%B3%BC_%EB%B0%94%EB%9E%8C%EA%B3%BC_%EB%B3%84%EA%B3%BC_%EC%8B%9C_%281955%EB%85%84%29/%EC%86%8C%EB%82%99%EB%B9%84,본문/시/윤동주 - 소낙비 (1955-01-01).txt
시계열,1955-01-01,수록 문집 간행 연도,수필,심덕,계용묵,991,https://ko.wikisource.org/wiki/%EC%83%81%EC%95%84%ED%83%91/%EC%8B%AC%EB%8D%95,본문/수필/계용묵 - 심덕 (1955-01-01).txt
시계열,1955-01-01,저자 문서 발표 연도,시,아침,윤동주,126,https://ko.wikisource.org/wiki/%ED%95%98%EB%8A%98%EA%B3%BC_%EB%B0%94%EB%9E%8C%EA%B3%BC_%EB%B3%84%EA%B3%BC_%EC%8B%9C_%281955%EB%85%84%29/%EC%95%84%EC%B9%A8,본문/시/윤동주 - 아침 (1955-01-01).txt
시계열,1955-01-01,저자 문서 발표 연도,시,애기의 새벽,윤동주,62,https://ko.wikisource.org/wiki/%ED%95%98%EB%8A%98%EA%B3%BC_%EB%B0%94%EB%9E%8C%EA%B3%BC_%EB%B3%84%EA%B3%BC_%EC%8B%9C_%281955%EB%85%84%29/%EC%95%A0%EA%B8%B0%EC%9D%98_%EC%83%88%EB%B2%BD,본문/시/윤동주 - 애기의 새벽 (1955-01-01).txt
시계열,1955-01-01,수록 문집 간행 연도,수필,애연사,계용묵,1975,https://ko.wikisource.org/wiki/%EC%83%81%EC%95%84%ED%83%91/%EC%95%A0%EC%97%B0%EC%82%AC,본문/수필/계용묵 - 애연사 (1955-01-01).txt
시계열,1955-01-01,저자 문서 발표 연도,시,양지쪽,윤동주,118,https://ko.wikisource.org/wiki/%ED%95%98%EB%8A%98%EA%B3%BC_%EB%B0%94%EB%9E%8C%EA%B3%BC_%EB%B3%84%EA%B3%BC_%EC%8B%9C_%281955%EB%85%84%29/%EC%96%91%EC%A7%80%EC%AA%BD,본문/시/윤동주 - 양지쪽 (1955-01-01).txt
시계열,1955-01-01,저자 문서 발표 연도,시,오줌싸개지도,윤동주,69,https://ko.wikisource.org/wiki/%ED%95%98%EB%8A%98%EA%B3%BC_%EB%B0%94%EB%9E%8C%EA%B3%BC_%EB%B3%84%EA%B3%BC_%EC%8B%9C_%281955%EB%85%84%29/%EC%98%A4%EC%A4%8C%EC%8B%B8%EA%B0%9C%EC%A7%80%EB%8F%84,본문/시/윤동주 - 오줌싸개지도 (1955-01-01).txt
시계열,1955-01-01,저자 문서 발표 연도,시,이런날,윤동주,125,https://ko.wikisource.org/wiki/%ED%95%98%EB%8A%98%EA%B3%BC_%EB%B0%94%EB%9E%8C%EA%B3%BC_%EB%B3%84%EA%B3%BC_%EC%8B%9C_%281955%EB%85%84%29/%EC%9D%B4%EB%9F%B0%EB%82%A0,본문/시/윤동주 - 이런날 (1955-01-01).txt
시계열,1955-01-01,저자 문서 발표 연도,시,이적,윤동주,142,https://ko.wikisource.org/wiki/%ED%95%98%EB%8A%98%EA%B3%BC_%EB%B0%94%EB%9E%8C%EA%B3%BC_%EB%B3%84%EA%B3%BC_%EC%8B%9C_%281955%EB%85%84%29/%EC%9D%B4%EC%A0%81,본문/시/윤동주 - 이적 (1955-01-01).txt
시계열,1955-01-01,저자 문서 발표 연도,시,장,윤동주,148,https://ko.wikisource.org/wiki/%ED%95%98%EB%8A%98%EA%B3%BC_%EB%B0%94%EB%9E%8C%EA%B3%BC_%EB%B3%84%EA%B3%BC_%EC%8B%9C_%281955%EB%85%84%29/%EC%9E%A5,본문/시/윤동주 - 장 (1955-01-01).txt
시계열,1955-01-01,저자 문서 발표 연도,시,조개껍질,윤동주,112,https://ko.wikisource.org/wiki/%ED%95%98%EB%8A%98%EA%B3%BC_%EB%B0%94%EB%9E%8C%EA%B3%BC_%EB%B3%84%EA%B3%BC_%EC%8B%9C_%281955%EB%85%84%29/%EC%A1%B0%EA%B0%9C%EA%BB%8D%EC%A7%88,본문/시/윤동주 - 조개껍질 (1955-01-01).txt
시계열,1955-01-01,저자 문서 발표 연도,시,종시,윤동주,3510,https://ko.wikisource.org/wiki/%ED%95%98%EB%8A%98%EA%B3%BC_%EB%B0%94%EB%9E%8C%EA%B3%BC_%EB%B3%84%EA%B3%BC_%EC%8B%9C_%281955%EB%85%84%29/%EC%A2%85%EC%8B%9C,본문/시/윤동주 - 종시 (1955-01-01).txt
시계열,1955-01-01,수록 문집 간행 연도,수필,집,계용묵,2065,https://ko.wikisource.org/wiki/%EC%83%81%EC%95%84%ED%83%91/%EC%A7%91,본문/수필/계용묵 - 집 (1955-01-01).txt
시계열,1955-01-01,저자 문서 발표 연도,시,참새,윤동주,85,https://ko.wikisource.org/wiki/%ED%95%98%EB%8A%98%EA%B3%BC_%EB%B0%94%EB%9E%8C%EA%B3%BC_%EB%B3%84%EA%B3%BC_%EC%8B%9C_%281955%EB%85%84%29/%EC%B0%B8%EC%83%88,본문/시/윤동주 - 참새 (1955-01-01).txt
시계열,1955-01-01,저자 문서 발표 연도,시,참회록,윤동주,201,https://ko.wikisource.org/wiki/%ED%95%98%EB%8A%98%EA%B3%BC_%EB%B0%94%EB%9E%8C%EA%B3%BC_%EB%B3%84%EA%B3%BC_%EC%8B%9C_%281955%EB%85%84%29/%EC%B0%B8%ED%9A%8C%EB%A1%9D,본문/시/윤동주 - 참회록 (1955-01-01).txt
시계열,1955-01-01,저자 문서 발표 연도,시,창,윤동주,111,https://ko.wikisource.org/wiki/%ED%95%98%EB%8A%98%EA%B3%BC_%EB%B0%94%EB%9E%8C%EA%B3%BC_%EB%B3%84%EA%B3%BC_%EC%8B%9C_%281955%EB%85%84%29/%EC%B0%BD,본문/시/윤동주 - 창 (1955-01-01).txt
시계열,1955-01-01,저자 문서 발표 연도,시,창공,윤동주,172,https://ko.wikisource.org/wiki/%ED%95%98%EB%8A%98%EA%B3%BC_%EB%B0%94%EB%9E%8C%EA%B3%BC_%EB%B3%84%EA%B3%BC_%EC%8B%9C_%281955%EB%85%84%29/%EC%B0%BD%EA%B3%B5,본문/시/윤동주 - 창공 (1955-01-01).txt
시계열,1955-01-01,사후 간행 문집 간행 연도,시,태초의 아침,윤동주,85,https://ko.wikisource.org/wiki/%ED%95%98%EB%8A%98%EA%B3%BC_%EB%B0%94%EB%9E%8C%EA%B3%BC_%EB%B3%84%EA%B3%BC_%EC%8B%9C_%281955%EB%85%84%29/%ED%83%9C%EC%B4%88%EC%9D%98_%EC%95%84%EC%B9%A8,본문/시/윤동주 - 태초의 아침 (1955-01-01).txt
시계열,1955-01-01,저자 문서 발표 연도,시,트루게네프의 언덕,윤동주,404,https://ko.wikisource.org/wiki/%ED%95%98%EB%8A%98%EA%B3%BC_%EB%B0%94%EB%9E%8C%EA%B3%BC_%EB%B3%84%EA%B3%BC_%EC%8B%9C_%281955%EB%85%84%29/%ED%8A%B8%EB%A3%A8%EA%B2%8C%EB%84%A4%ED%94%84%EC%9D%98_%EC%96%B8%EB%8D%95,본문/시/윤동주 - 트루게네프의 언덕 (1955-01-01).txt
시계열,1955-01-01,저자 문서 발표 연도,시,팔복,윤동주,112,https://ko.wikisource.org/wiki/%ED%95%98%EB%8A%98%EA%B3%BC_%EB%B0%94%EB%9E%8C%EA%B3%BC_%EB%B3%84%EA%B3%BC_%EC%8B%9C_%281955%EB%85%84%29/%ED%8C%94%EB%B3%B5,본문/시/윤동주 - 팔복 (1955-01-01).txt
시계열,1955-01-01,저자 문서 발표 연도,시,편지,윤동주,76,https://ko.wikisource.org/wiki/%ED%95%98%EB%8A%98%EA%B3%BC_%EB%B0%94%EB%9E%8C%EA%B3%BC_%EB%B3%84%EA%B3%BC_%EC%8B%9C_%281955%EB%85%84%29/%ED%8E%B8%EC%A7%80,본문/시/윤동주 - 편지 (1955-01-01).txt
시계열,1955-01-01,저자 문서 발표 연도,시,풍경,윤동주,148,https://ko.wikisource.org/wiki/%ED%95%98%EB%8A%98%EA%B3%BC_%EB%B0%94%EB%9E%8C%EA%B3%BC_%EB%B3%84%EA%B3%BC_%EC%8B%9C_%281955%EB%85%84%29/%ED%92%8D%EA%B2%BD,본문/시/윤동주 - 풍경 (1955-01-01).txt
시계열,1955-01-01,저자 문서 발표 연도,시,한란계,윤동주,284,https://ko.wikisource.org/wiki/%ED%95%98%EB%8A%98%EA%B3%BC_%EB%B0%94%EB%9E%8C%EA%B3%BC_%EB%B3%84%EA%B3%BC_%EC%8B%9C_%281955%EB%85%84%29/%ED%95%9C%EB%9E%80%EA%B3%84,본문/시/윤동주 - 한란계 (1955-01-01).txt
시계열,1955-01-01,저자 문서 발표 연도,시,해바라기 얼굴,윤동주,55,https://ko.wikisource.org/wiki/%ED%95%98%EB%8A%98%EA%B3%BC_%EB%B0%94%EB%9E%8C%EA%B3%BC_%EB%B3%84%EA%B3%BC_%EC%8B%9C_%281955%EB%85%84%29/%ED%95%B4%EB%B0%94%EB%9D%BC%EA%B8%B0_%EC%96%BC%EA%B5%B4,본문/시/윤동주 - 해바라기 얼굴 (1955-01-01).txt
시계열,1955-01-01,저자 문서 발표 연도,시,햇비,윤동주,107,https://ko.wikisource.org/wiki/%ED%95%98%EB%8A%98%EA%B3%BC_%EB%B0%94%EB%9E%8C%EA%B3%BC_%EB%B3%84%EA%B3%BC_%EC%8B%9C_%281955%EB%85%84%29/%ED%96%87%EB%B9%84,본문/시/윤동주 - 햇비 (1955-01-01).txt
시계열,1955-01-01,저자 문서 발표 연도,시,햇빛·바람,윤동주,93,https://ko.wikisource.org/wiki/%ED%95%98%EB%8A%98%EA%B3%BC_%EB%B0%94%EB%9E%8C%EA%B3%BC_%EB%B3%84%EA%B3%BC_%EC%8B%9C_%281955%EB%85%84%29/%ED%96%87%EB%B9%9B%C2%B7%EB%B0%94%EB%9E%8C,본문/시/윤동주 - 햇빛·바람 (1955-01-01).txt
시계열,1955-01-01,저자 문서 발표 연도,시,화원에 꽃이 핀다,윤동주,1701,https://ko.wikisource.org/wiki/%ED%95%98%EB%8A%98%EA%B3%BC_%EB%B0%94%EB%9E%8C%EA%B3%BC_%EB%B3%84%EA%B3%BC_%EC%8B%9C_%281955%EB%85%84%29/%ED%99%94%EC%9B%90%EC%97%90_%EA%BD%83%EC%9D%B4_%ED%95%80%EB%8B%A4,본문/시/윤동주 - 화원에 꽃이 핀다 (1955-01-01).txt
시계열,1955-01-01,저자 문서 발표 연도,시,황혼,윤동주,95,https://ko.wikisource.org/wiki/%ED%95%98%EB%8A%98%EA%B3%BC_%EB%B0%94%EB%9E%8C%EA%B3%BC_%EB%B3%84%EA%B3%BC_%EC%8B%9C_%281955%EB%85%84%29/%ED%99%A9%ED%98%BC,본문/시/윤동주 - 황혼 (1955-01-01).txt
시계열,1955-01-01,저자 문서 발표 연도,시,황혼이 바다가 되어,윤동주,155,https://ko.wikisource.org/wiki/%ED%95%98%EB%8A%98%EA%B3%BC_%EB%B0%94%EB%9E%8C%EA%B3%BC_%EB%B3%84%EA%B3%BC_%EC%8B%9C_%281955%EB%85%84%29/%ED%99%A9%ED%98%BC%EC%9D%B4_%EB%B0%94%EB%8B%A4%EA%B0%80_%EB%90%98%EC%96%B4,본문/시/윤동주 - 황혼이 바다가 되어 (1955-01-01).txt
시계열,1955-01-01,저자 문서 발표 연도,시,흐르는 거리,윤동주,282,https://ko.wikisource.org/wiki/%ED%95%98%EB%8A%98%EA%B3%BC_%EB%B0%94%EB%9E%8C%EA%B3%BC_%EB%B3%84%EA%B3%BC_%EC%8B%9C_%281955%EB%85%84%29/%ED%9D%90%EB%A5%B4%EB%8A%94_%EA%B1%B0%EB%A6%AC,본문/시/윤동주 - 흐르는 거리 (1955-01-01).txt
시계열,1956-01-01,발표 연도,수필,政黨無用之辯[정당무용지변],최남선,3045,https://ko.wikisource.org/wiki/%EC%A0%95%EB%8B%B9%EB%AC%B4%EC%9A%A9%EC%A7%80%EB%B3%80,본문/수필/최남선 - 政黨無用之辯[정당무용지변] (1956-01-01).txt
시계열,1956-01-01,발표 연도,시,李忠武公[이충무공],최남선,238,https://ko.wikisource.org/wiki/%EC%9D%B4%EC%B6%A9%EB%AC%B4%EA%B3%B5,본문/시/최남선 - 李忠武公[이충무공] (1956-01-01).txt
시계열,1956-01-01,발표 연도,수필,藝牕散藁[예창산고],최남선,2970,https://ko.wikisource.org/wiki/%EC%98%88%EC%B0%BD%EC%82%B0%EA%B3%A0,본문/수필/최남선 - 藝牕散藁[예창산고] (1956-01-01).txt
시계열,1956-01-01,저자 문서 발표 연도,시,가구(街衢)의 추위,이상,181,https://ko.wikisource.org/wiki/%EA%B0%80%EA%B5%AC%EC%9D%98_%EC%B6%94%EC%9C%84,본문/시/이상 - 가구(街衢)의 추위 (1956-01-01).txt
시계열,1956-01-01,저자 문서 발표 연도,시,거리,이상,116,https://ko.wikisource.org/wiki/%EA%B1%B0%EB%A6%AC,본문/시/이상 - 거리 (1956-01-01).txt
시계열,1956-01-01,저자 문서 발표 연도,시,골편에 관한 무제,이상,231,https://ko.wikisource.org/wiki/%EA%B3%A8%ED%8E%B8%EC%97%90_%EA%B4%80%ED%95%9C_%EB%AC%B4%EC%A0%9C,본문/시/이상 - 골편에 관한 무제 (1956-01-01).txt
시계열,1956-01-01,저자 문서 발표 연도,시,내과,이상,301,https://ko.wikisource.org/wiki/%EB%82%B4%EA%B3%BC,본문/시/이상 - 내과 (1956-01-01).txt
시계열,1956-01-01,발표 연도,시,새해의 祈願[기원],변영로,487,https://ko.wikisource.org/wiki/%EC%83%88%ED%95%B4%EC%9D%98_%EA%B8%B0%EC%9B%90,본문/시/변영로 - 새해의 祈願[기원] (1956-01-01).txt
시계열,1956-01-01,저자 문서 발표 연도,시,수인(囚人)이만들은소정원,이상,146,https://ko.wikisource.org/wiki/%EC%88%98%EC%9D%B8%EC%9D%B4_%EB%A7%8C%EB%93%A4%EC%9D%80_%EC%86%8C%EC%A0%95%EC%9B%90,본문/시/이상 - 수인(囚人)이만들은소정원 (1956-01-01).txt
시계열,1956-01-01,발표 연도,장편소설,실락원(失樂園)의 별,김내성,333364,https://ko.wikisource.org/wiki/%EC%8B%A4%EB%9D%BD%EC%9B%90%EC%9D%98_%EB%B3%84,본문/장편소설/김내성 - 실락원(失樂園)의 별 (1956-01-01).txt
시계열,1956-01-01,저자 문서 발표 연도,시,아침,이상,175,https://ko.wikisource.org/wiki/%EC%95%84%EC%B9%A8_%28%EC%9D%B4%EC%83%81%29,본문/시/이상 - 아침 (1956-01-01).txt
시계열,1956-01-01,저자 문서 발표 연도,시,육친의 장,이상,313,https://ko.wikisource.org/wiki/%EC%9C%A1%EC%B9%9C%EC%9D%98_%EC%9E%A5,본문/시/이상 - 육친의 장 (1956-01-01).txt
시계열,1956-01-01,저자 문서 발표 연도,시,척각,이상,84,https://ko.wikisource.org/wiki/%EC%B2%99%EA%B0%81,본문/시/이상 - 척각 (1956-01-01).txt
시계열,1956-01-01,저자 문서 발표 연도,시,최후,이상,82,https://ko.wikisource.org/wiki/%EC%B5%9C%ED%9B%84,본문/시/이상 - 최후 (1956-01-01).txt
시계열,1956-09-01,발표 월,시,포도를 걸으며,변영로,217,https://ko.wikisource.org/wiki/%ED%8F%AC%EB%8F%84%EB%A5%BC_%EA%B1%B8%EC%9C%BC%EB%A9%B0,본문/시/변영로 - 포도를 걸으며 (1956-09-01).txt
시계열,1957-01-01,발표 연도,시,仁村追念[인촌추념],최남선,202,https://ko.wikisource.org/wiki/%EC%9D%B8%EC%B4%8C%EC%B6%94%EB%85%90,본문/시/최남선 - 仁村追念[인촌추념] (1957-01-01).txt
시계열,1957-01-01,발표 연도,장편소설,백조의 곡,김내성,131881,https://ko.wikisource.org/wiki/%EB%B0%B1%EC%A1%B0%EC%9D%98_%EA%B3%A1,본문/장편소설/김내성 - 백조의 곡 (1957-01-01).txt
시계열,1957-01-01,발표 연도,시,중얼거림,변영로,133,https://ko.wikisource.org/wiki/%EC%A4%91%EC%96%BC%EA%B1%B0%EB%A6%BC,본문/시/변영로 - 중얼거림 (1957-01-01).txt
시계열,1958-01-01,발표 연도,소설,벌처기,김내성,11914,https://ko.wikisource.org/wiki/%EB%B2%8C%EC%B2%98%EA%B8%B0,본문/소설/김내성 - 벌처기 (1958-01-01).txt
시계열,1958-01-01,사후 간행 문집 간행 연도,시,별을 쳐다보며,노천명,123,https://ko.wikisource.org/wiki/%EB%B3%84%EC%9D%84_%EC%B3%90%EB%8B%A4%EB%B3%B4%EB%A9%B0/%EB%B3%84%EC%9D%84_%EC%B3%90%EB%8B%A4%EB%B3%B4%EB%A9%B0,본문/시/노천명 - 별을 쳐다보며 (1958-01-01).txt
시계열,1958-01-01,사후 간행 문집 간행 연도,시,봄비,노천명,146,https://ko.wikisource.org/wiki/%EC%82%AC%EC%8A%B4%EC%9D%98_%EB%85%B8%EB%9E%98/%EB%B4%84%EB%B9%84,본문/시/노천명 - 봄비 (1958-01-01).txt
시계열,1958-01-01,사후 간행 문집 간행 연도,시,봄의 서곡,노천명,199,https://ko.wikisource.org/wiki/%EC%82%AC%EC%8A%B4%EC%9D%98_%EB%85%B8%EB%9E%98/%EB%B4%84%EC%9D%98_%EC%84%9C%EA%B3%A1,본문/시/노천명 - 봄의 서곡 (1958-01-01).txt
시계열,1958-01-01,사후 간행 문집 간행 연도,시,비련송,노천명,166,https://ko.wikisource.org/wiki/%EC%82%AC%EC%8A%B4%EC%9D%98_%EB%85%B8%EB%9E%98/%EB%B9%84%EB%A0%A8%EC%86%A1,본문/시/노천명 - 비련송 (1958-01-01).txt
시계열,1958-01-01,발표 연도,소설,비밀(秘密)의 문,김내성,19054,https://ko.wikisource.org/wiki/%EB%B9%84%EB%B0%80%EC%9D%98_%EB%AC%B8,본문/소설/김내성 - 비밀(秘密)의 문 (1958-01-01).txt
시계열,1958-01-01,사후 간행 문집 간행 연도,시,사슴의 노래,노천명,188,https://ko.wikisource.org/wiki/%EC%82%AC%EC%8A%B4%EC%9D%98_%EB%85%B8%EB%9E%98/%EC%82%AC%EC%8A%B4%EC%9D%98_%EB%85%B8%EB%9E%98,본문/시/노천명 - 사슴의 노래 (1958-01-01).txt
시계열,1958-01-01,사후 간행 문집 간행 연도,시,아름다운 얘기를 하자,노천명,166,https://ko.wikisource.org/wiki/%EB%B3%84%EC%9D%84_%EC%B3%90%EB%8B%A4%EB%B3%B4%EB%A9%B0/%EC%95%84%EB%A6%84%EB%8B%A4%EC%9A%B4_%EC%96%98%EA%B8%B0%EB%A5%BC_%ED%95%98%EC%9E%90,본문/시/노천명 - 아름다운 얘기를 하자 (1958-01-01).txt
시계열,1958-01-01,사후 간행 문집 간행 연도,시,유월의 언덕,노천명,182,https://ko.wikisource.org/wiki/%EC%82%AC%EC%8A%B4%EC%9D%98_%EB%85%B8%EB%9E%98/%EC%9C%A0%EC%9B%94%EC%9D%98_%EC%96%B8%EB%8D%95,본문/시/노천명 - 유월의 언덕 (1958-01-01).txt
시계열,1958-01-01,사후 간행 문집 간행 연도,시,이름 없는 여인 되어,노천명,173,https://ko.wikisource.org/wiki/%EB%B3%84%EC%9D%84_%EC%B3%90%EB%8B%A4%EB%B3%B4%EB%A9%B0/%EC%9D%B4%EB%A6%84_%EC%97%86%EB%8A%94_%EC%97%AC%EC%9D%B8_%EB%90%98%EC%96%B4,본문/시/노천명 - 이름 없는 여인 되어 (1958-01-01).txt
시계열,1958-01-01,사후 간행 문집 간행 연도,시,캐피탈 웨이,노천명,268,https://ko.wikisource.org/wiki/%EC%82%AC%EC%8A%B4%EC%9D%98_%EB%85%B8%EB%9E%98/%EC%BA%90%ED%94%BC%ED%83%88_%EC%9B%A8%EC%9D%B4,본문/시/노천명 - 캐피탈 웨이 (1958-01-01).txt
시계열,1959-03-01,발표 월,소설,죄와 벌,이무영,28256,https://ko.wikisource.org/wiki/%EC%A3%84%EC%99%80_%EB%B2%8C_%28%EC%9D%B4%EB%AC%B4%EC%98%81%29,본문/소설/이무영 - 죄와 벌 (1959-03-01).txt
시계열,1960-11-01,발표 월,시,1931년,이상,1348,https://ko.wikisource.org/wiki/1931%EB%85%84,본문/시/이상 - 1931년 (1960-11-01).txt
시계열,1960-11-01,발표 월,시,무제 3,이상,223,https://ko.wikisource.org/wiki/%EB%AC%B4%EC%A0%9C_3,본문/시/이상 - 무제 3 (1960-11-01).txt
시계열,1961-02-01,발표 월,시,습작 쇼윈도 수점,이상,147,https://ko.wikisource.org/wiki/%EC%8A%B5%EC%9E%91_%EC%87%BC%EC%9C%88%EB%8F%84_%EC%88%98%EC%A0%90,본문/시/이상 - 습작 쇼윈도 수점 (1961-02-01).txt
시계열,1966-07-01,발표 월,수필,애야,이상,2625,https://ko.wikisource.org/wiki/%EC%95%A0%EC%95%BC,본문/수필/이상 - 애야 (1966-07-01).txt
시계열,1976-06-01,발표 월,시,회한의 장,이상,260,https://ko.wikisource.org/wiki/%ED%9A%8C%ED%95%9C%EC%9D%98_%EC%9E%A5,본문/시/이상 - 회한의 장 (1976-06-01).txt
시계열,1976-07-01,발표 월,시,쓰키하라 도이치로,이상,178,https://ko.wikisource.org/wiki/%EC%93%B0%ED%82%A4%ED%95%98%EB%9D%BC_%EB%8F%84%EC%9D%B4%EC%B9%98%EB%A1%9C,본문/시/이상 - 쓰키하라 도이치로 (1976-07-01).txt
시계열,1976-07-01,발표 월,시,요다 준이치,이상,37,https://ko.wikisource.org/wiki/%EC%9A%94%EB%8B%A4_%EC%A4%80%EC%9D%B4%EC%B9%98,본문/시/이상 - 요다 준이치 (1976-07-01).txt
시계열,1976-07-01,발표 월,수필,작품 제3번,이상,996,https://ko.wikisource.org/wiki/%EC%9E%91%ED%92%88_%EC%A0%9C3%EB%B2%88,본문/수필/이상 - 작품 제3번 (1976-07-01).txt
시계열,1976-07-01,발표 월,수필,첫번째 방랑,이상,11851,https://ko.wikisource.org/wiki/%EC%B2%AB%EB%B2%88%EC%A7%B8_%EB%B0%A9%EB%9E%91,본문/수필/이상 - 첫번째 방랑 (1976-07-01).txt
시계열,1976-07-01,발표 월,수필,황의 기,이상,2650,https://ko.wikisource.org/wiki/%ED%99%A9%EC%9D%98_%EA%B8%B0,본문/수필/이상 - 황의 기 (1976-07-01).txt
시계열,1986-10-01,발표 월,수필,야색,이상,1265,https://ko.wikisource.org/wiki/%EC%95%BC%EC%83%89,본문/수필/이상 - 야색 (1986-10-01).txt
발표 시기 미상,,발표 시기 미상,소설,금방울전,,24803,https://ko.wikisource.org/wiki/%EA%B8%88%EB%B0%A9%EC%9A%B8%EC%A0%84,본문/소설/작자 미상 - 금방울전 (시기 미상).txt
발표 시기 미상,,발표 시기 미상,소설,김원전,,23172,https://ko.wikisource.org/wiki/%EA%B9%80%EC%9B%90%EC%A0%84,본문/소설/작자 미상 - 김원전 (시기 미상).txt
발표 시기 미상,,발표 시기 미상,시조,두터비 ᄑᆞ리를 물고,,77,https://ko.wikisource.org/wiki/%EB%91%90%EA%BA%BC%EB%B9%84_%ED%8C%8C%EB%A6%AC%EB%A5%BC_%EB%AC%BC%EA%B3%A0,본문/시조/작자 미상 - 두터비 ᄑᆞ리를 물고 (시기 미상).txt
발표 시기 미상,,발표 시기 미상,소설,박씨전,,37389,https://ko.wikisource.org/wiki/%EB%B0%95%EC%94%A8%EC%A0%84,본문/소설/작자 미상 - 박씨전 (시기 미상).txt
발표 시기 미상,,발표 시기 미상,소설,배시황전,,10745,https://ko.wikisource.org/wiki/%EB%B0%B0%EC%8B%9C%ED%99%A9%EC%A0%84,본문/소설/작자 미상 - 배시황전 (시기 미상).txt
발표 시기 미상,,발표 시기 미상,소설,백학선전,,21311,https://ko.wikisource.org/wiki/%EB%B0%B1%ED%95%99%EC%84%A0%EC%A0%84,본문/소설/작자 미상 - 백학선전 (시기 미상).txt
발표 시기 미상,,발표 시기 미상,소설,설인귀전,,25581,https://ko.wikisource.org/wiki/%EC%84%A4%EC%9D%B8%EA%B7%80%EC%A0%84,본문/소설/작자 미상 - 설인귀전 (시기 미상).txt
발표 시기 미상,,발표 시기 미상,소설,소대성전,,16225,https://ko.wikisource.org/wiki/%EC%86%8C%EB%8C%80%EC%84%B1%EC%A0%84,본문/소설/작자 미상 - 소대성전 (시기 미상).txt
발표 시기 미상,,발표 시기 미상,판소리,수궁가,,19351,https://ko.wikisource.org/wiki/%EC%88%98%EA%B6%81%EA%B0%80,본문/판소리/작자 미상 - 수궁가 (시기 미상).txt
발표 시기 미상,,발표 시기 미상,판소리,심청가,,34367,https://ko.wikisource.org/wiki/%EC%8B%AC%EC%B2%AD%EA%B0%80,본문/판소리/작자 미상 - 심청가 (시기 미상).txt
발표 시기 미상,,발표 시기 미상,소설,심청전,,41663,https://ko.wikisource.org/wiki/%EC%8B%AC%EC%B2%AD%EC%A0%84,본문/소설/작자 미상 - 심청전 (시기 미상).txt
발표 시기 미상,,발표 시기 미상,소설,쌍주기연,,30970,https://ko.wikisource.org/wiki/%EC%8C%8D%EC%A3%BC%EA%B8%B0%EC%97%B0,본문/소설/작자 미상 - 쌍주기연 (시기 미상).txt
발표 시기 미상,,발표 시기 미상,노래,아리랑,,952,https://ko.wikisource.org/wiki/%EC%95%84%EB%A6%AC%EB%9E%91,본문/노래/작자 미상 - 아리랑 (시기 미상).txt
발표 시기 미상,,발표 시기 미상,소설,옥주호,,5972,https://ko.wikisource.org/wiki/%EC%98%A5%EC%A3%BC%ED%98%B8%EC%97%B0,본문/소설/작자 미상 - 옥주호 (시기 미상).txt
발표 시기 미상,,발표 시기 미상,소설,용문전,,21419,https://ko.wikisource.org/wiki/%EC%9A%A9%EB%AC%B8%EC%A0%84,본문/소설/작자 미상 - 용문전 (시기 미상).txt
발표 시기 미상,,발표 시기 미상,노래,이어도사나,,594,https://ko.wikisource.org/wiki/%EC%9D%B4%EC%96%B4%EB%8F%84%EC%82%AC%EB%82%98,본문/노래/작자 미상 - 이어도사나 (시기 미상).txt
발표 시기 미상,,발표 시기 미상,소설,장경전,,22324,https://ko.wikisource.org/wiki/%EC%9E%A5%EA%B2%BD%EC%A0%84,본문/소설/작자 미상 - 장경전 (시기 미상).txt
발표 시기 미상,,발표 시기 미상,판소리,적벽가,,29047,https://ko.wikisource.org/wiki/%EC%A0%81%EB%B2%BD%EA%B0%80,본문/판소리/작자 미상 - 적벽가 (시기 미상).txt
발표 시기 미상,,발표 시기 미상,소설,적성의전,,19129,https://ko.wikisource.org/wiki/%EC%A0%81%EC%84%B1%EC%9D%98%EC%A0%84,본문/소설/작자 미상 - 적성의전 (시기 미상).txt
발표 시기 미상,,발표 시기 미상,시조,창(窓) 내고쟈,,87,https://ko.wikisource.org/wiki/%EC%B0%BD%EC%9D%84_%EB%82%B4%EA%B3%A0%EC%9F%88,본문/시조/작자 미상 - 창(窓) 내고쟈 (시기 미상).txt
발표 시기 미상,,발표 시기 미상,노래,창(窓) 밧기 어룬어룬커늘,,265,https://ko.wikisource.org/wiki/%EC%B0%BD_%EB%B0%96%EC%9D%B4_%EC%96%B4%EB%A5%B8%EC%96%B4%EB%A5%B8%EC%BB%A4%EB%8A%98,본문/노래/작자 미상 - 창(窓) 밧기 어룬어룬커늘 (시기 미상).txt
발표 시기 미상,,발표 시기 미상,노래,천한(天寒)코 설심(雪深)ᄒᆞᆫ 날에,,203,https://ko.wikisource.org/wiki/%EC%B2%9C%ED%95%9C%EC%BD%94_%EC%84%A4%EC%8B%AC%ED%95%9C_%EB%82%A0%EC%97%90,본문/노래/작자 미상 - 천한(天寒)코 설심(雪深)ᄒᆞᆫ 날에 (시기 미상).txt
발표 시기 미상,,발표 시기 미상,소설,춘향가,,43378,https://ko.wikisource.org/wiki/%EC%B6%98%ED%96%A5%EA%B0%80,본문/소설/작자 미상 - 춘향가 (시기 미상).txt
발표 시기 미상,,발표 시기 미상,노래,한 손에 막ᄃᆡ를 들고,,58,https://ko.wikisource.org/wiki/%ED%95%9C_%EC%86%90%EC%97%90_%EB%A7%89%EB%8C%80%EB%A5%BC_%EB%93%A4%EA%B3%A0,본문/노래/작자 미상 - 한 손에 막ᄃᆡ를 들고 (시기 미상).txt
발표 시기 미상,,발표 시기 미상,노래,한송정(寒松亭) 달 밝은 밤에,,20,https://ko.wikisource.org/wiki/%ED%95%9C%EC%86%A1%EC%A0%95_%EB%8B%AC_%EB%B0%9D%EC%9D%80_%EB%B0%A4%EC%97%90,본문/노래/작자 미상 - 한송정(寒松亭) 달 밝은 밤에 (시기 미상).txt
발표 시기 미상,,발표 시기 미상,소설,홍길동전,,24746,https://ko.wikisource.org/wiki/%ED%99%8D%EA%B8%B8%EB%8F%99%EC%A0%84_%2830%EC%9E%A5_%EA%B2%BD%ED%8C%90%EB%B3%B8%29,본문/소설/작자 미상 - 홍길동전 (시기 미상).txt
발표 시기 미상,,발표 시기 미상,소설,홍백화전,,51169,https://ko.wikisource.org/wiki/%ED%99%8D%EB%B0%B1%ED%99%94%EC%A0%84,본문/소설/작자 미상 - 홍백화전 (시기 미상).txt
발표 시기 미상,,발표 시기 미상,소설,황운전,,45992,https://ko.wikisource.org/wiki/%ED%99%A9%EC%9A%B4%EC%A0%84,본문/소설/작자 미상 - 황운전 (시기 미상).txt
발표 시기 미상,,발표 시기 미상,판소리,흥보가,,14453,https://ko.wikisource.org/wiki/%ED%9D%A5%EB%B3%B4%EA%B0%80,본문/판소리/작자 미상 - 흥보가 (시기 미상).txt
발표 시기 미상,,발표 시기 미상,시,京元鐵道歌,(불명),760,https://ko.wikisource.org/wiki/%EA%B2%BD%EC%9B%90%EC%B2%A0%EB%8F%84%EA%B0%80,본문/시/(불명) - 京元鐵道歌 (시기 미상).txt
발표 시기 미상,,발표 시기 미상,시,慶州行進曲,(불명),377,https://ko.wikisource.org/wiki/%EA%B2%BD%EC%A3%BC%ED%96%89%EC%A7%84%EA%B3%A1,본문/시/(불명) - 慶州行進曲 (시기 미상).txt
발표 시기 미상,,발표 시기 미상,시,馬山行進曲,(불명),233,https://ko.wikisource.org/wiki/%EB%A7%88%EC%82%B0%ED%96%89%EC%A7%84%EA%B3%A1,본문/시/(불명) - 馬山行進曲 (시기 미상).txt
발표 시기 미상,,발표 시기 미상,시,산딸기,강경애,98,https://ko.wikisource.org/wiki/%EC%82%B0%EB%94%B8%EA%B8%B0,본문/시/강경애 - 산딸기 (시기 미상).txt
발표 시기 미상,,발표 시기 미상,노래,靑春에 곱던 양ᄌᆞ,강백년,171,https://ko.wikisource.org/wiki/%EC%B2%AD%EC%B6%98%EC%97%90_%EA%B3%B1%EB%8D%98_%EC%96%91%EC%9E%90,본문/노래/강백년 - 靑春에 곱던 양ᄌᆞ (시기 미상).txt
발표 시기 미상,,발표 시기 미상,한시,강물에 부서진 달,강희맹,238,https://ko.wikisource.org/wiki/%EC%9E%91%EB%AC%B5%ED%9D%AC%EC%A0%9C%EA%B8%B0%EC%95%A1_%EC%A6%9D%EA%B0%95%EA%B5%AD%EA%B7%A0,본문/한시/강희맹 - 강물에 부서진 달 (시기 미상).txt
발표 시기 미상,,발표 시기 미상,소설,훈자오설,강희맹,6025,https://ko.wikisource.org/wiki/%ED%9B%88%EC%9E%90%EC%98%A4%EC%84%A4,본문/소설/강희맹 - 훈자오설 (시기 미상).txt
발표 시기 미상,,발표 시기 미상,고전시가,헌화가,견우노옹,34,https://ko.wikisource.org/wiki/%ED%97%8C%ED%99%94%EA%B0%80,본문/고전시가/견우노옹 - 헌화가 (시기 미상).txt
발표 시기 미상,,발표 시기 미상,기타,작품의 번역(飜譯)과 역자(譯者)문제,계용묵,2535,https://ko.wikisource.org/wiki/%EC%9E%91%ED%92%88%EC%9D%98_%EB%B2%88%EC%97%AD%EA%B3%BC_%EC%97%AD%EC%9E%90_%EB%AC%B8%EC%A0%9C,본문/기타/계용묵 - 작품의 번역(飜譯)과 역자(譯者)문제 (시기 미상).txt
발표 시기 미상,,발표 시기 미상,고전시가,도이장가,고려 예종,50,https://ko.wikisource.org/wiki/%EB%8F%84%EC%9D%B4%EC%9E%A5%EA%B0%80,본문/고전시가/고려 예종 - 도이장가 (시기 미상).txt
발표 시기 미상,,발표 시기 미상,노래,남양(南陽)에 궁경(躬耕)홈은,곽여,44,https://ko.wikisource.org/wiki/%EB%82%A8%EC%96%91%EC%97%90_%EA%B6%81%EA%B2%BD%ED%95%A8%EC%9D%80,본문/노래/곽여 - 남양(南陽)에 궁경(躬耕)홈은 (시기 미상).txt
발표 시기 미상,,발표 시기 미상,노래,오장원(五丈原) 추야월(秋夜月)에,곽여,46,https://ko.wikisource.org/wiki/%EC%98%A4%EC%9E%A5%EC%9B%90_%EC%B6%94%EC%95%BC%EC%9B%94%EC%97%90,본문/노래/곽여 - 오장원(五丈原) 추야월(秋夜月)에 (시기 미상).txt
발표 시기 미상,,발표 시기 미상,고전시가,원왕생가,광덕,87,https://ko.wikisource.org/wiki/%EC%9B%90%EC%99%95%EC%83%9D%EA%B0%80,본문/고전시가/광덕 - 원왕생가 (시기 미상).txt
발표 시기 미상,,발표 시기 미상,시,괴테,괴테,2820,https://ko.wikisource.org/wiki/%EB%B0%95%EC%9A%A9%EC%B2%A0_%EB%B2%88%EC%97%AD%EC%8B%9C%EC%A7%91/%EA%B4%B4%ED%85%8C,본문/시/괴테 - 괴테 (시기 미상).txt
발표 시기 미상,,발표 시기 미상,수필,베르테르의 설움,괴테,10175,https://ko.wikisource.org/wiki/%EB%B0%95%EC%9A%A9%EC%B2%A0_%EC%82%B0%EB%AC%B8%EC%A7%91/%EB%B2%A0%EB%A5%B4%ED%85%8C%EB%A5%B4%EC%9D%98_%EC%84%A4%EC%9B%80,본문/수필/괴테 - 베르테르의 설움 (시기 미상).txt
발표 시기 미상,,발표 시기 미상,시,괴테,괴테(옮김),2820,https://ko.wikisource.org/wiki/%EB%B0%95%EC%9A%A9%EC%B2%A0_%EB%B2%88%EC%97%AD%EC%8B%9C%EC%A7%91/%EA%B4%B4%ED%85%8C,본문/시/괴테(옮김) - 괴테 (시기 미상).txt
발표 시기 미상,,발표 시기 미상,시,괴테 시편,괴테(옮김),2820,https://ko.wikisource.org/wiki/%EB%B0%95%EC%9A%A9%EC%B2%A0_%EB%B2%88%EC%97%AD%EC%8B%9C%EC%A7%91/%EA%B4%B4%ED%85%8C,본문/시/괴테(옮김) - 괴테 시편 (시기 미상).txt
발표 시기 미상,,발표 시기 미상,노래,벽해(碧海) 갈류(竭流) 후(後)에,구용,46,https://ko.wikisource.org/wiki/%EB%B2%BD%ED%95%B4_%EA%B0%88%EB%A5%98_%ED%9B%84%EC%97%90,본문/노래/구용 - 벽해(碧海) 갈류(竭流) 후(後)에 (시기 미상).txt
발표 시기 미상,,발표 시기 미상,시조,ᄌᆔ 챤 소록이들아,구지정,51,https://ko.wikisource.org/wiki/%EC%A5%90_%EC%B0%AC_%EC%86%94%EA%B0%9C%EB%93%A4%EC%95%84,본문/시조/구지정 - ᄌᆔ 챤 소록이들아 (시기 미상).txt
발표 시기 미상,,발표 시기 미상,노래,ᄒᆡ 다 져믄 날에,구지정,55,https://ko.wikisource.org/wiki/%ED%95%B4_%EB%8B%A4_%EC%A0%80%EB%AC%B8_%EB%82%A0%EC%97%90,본문/노래/구지정 - ᄒᆡ 다 져믄 날에 (시기 미상).txt
발표 시기 미상,,발표 시기 미상,가사,過과松숑江강墓묘,권필,84,https://ko.wikisource.org/wiki/%EC%86%A1%EA%B0%95%EA%B0%80%EC%82%AC/%EA%B3%BC%EC%88%91%EA%B0%95%EB%AC%98,본문/가사/권필 - 過과松숑江강墓묘 (시기 미상).txt
발표 시기 미상,,발표 시기 미상,시조,공산목락(空山木落) 우소소(雨蕭蕭)ᄒᆞ니,권필,54,https://ko.wikisource.org/wiki/%EA%B3%B5%EC%82%B0%EB%AA%A9%EB%9D%BD_%EC%9A%B0%EC%86%8C%EC%86%8C%ED%95%98%EB%8B%88,본문/시조/권필 - 공산목락(空山木落) 우소소(雨蕭蕭)ᄒᆞ니 (시기 미상).txt
발표 시기 미상,,발표 시기 미상,소설,주생전,권필,6684,https://ko.wikisource.org/wiki/%EC%A3%BC%EC%83%9D%EC%A0%84,본문/소설/권필 - 주생전 (시기 미상).txt
발표 시기 미상,,발표 시기 미상,고전시가,광수공양가,균여,81,https://ko.wikisource.org/wiki/%EB%B3%B4%ED%98%84%EC%8B%AD%EC%9B%90%EA%B0%80/%EA%B4%91%EC%88%98%EA%B3%B5%EC%96%91%EA%B0%80,본문/고전시가/균여 - 광수공양가 (시기 미상).txt
발표 시기 미상,,발표 시기 미상,고전시가,보현회향가,균여,86,https://ko.wikisource.org/wiki/%EB%B3%B4%ED%98%84%EC%8B%AD%EC%9B%90%EA%B0%80/%EB%B3%B4%ED%98%84%ED%9A%8C%ED%96%A5%EA%B0%80,본문/고전시가/균여 - 보현회향가 (시기 미상).txt
발표 시기 미상,,발표 시기 미상,고전시가,상수불학가,균여,90,https://ko.wikisource.org/wiki/%EB%B3%B4%ED%98%84%EC%8B%AD%EC%9B%90%EA%B0%80/%EC%83%81%EC%88%98%EB%B6%88%ED%95%99%EA%B0%80,본문/고전시가/균여 - 상수불학가 (시기 미상).txt
발표 시기 미상,,발표 시기 미상,고전시가,수희공덕가,균여,93,https://ko.wikisource.org/wiki/%EB%B3%B4%ED%98%84%EC%8B%AD%EC%9B%90%EA%B0%80/%EC%88%98%ED%9D%AC%EA%B3%B5%EB%8D%95%EA%B0%80,본문/고전시가/균여 - 수희공덕가 (시기 미상).txt
발표 시기 미상,,발표 시기 미상,고전시가,예경제불가,균여,80,https://ko.wikisource.org/wiki/%EB%B3%B4%ED%98%84%EC%8B%AD%EC%9B%90%EA%B0%80/%EC%98%88%EA%B2%BD%EC%A0%9C%EB%B6%88%EA%B0%80,본문/고전시가/균여 - 예경제불가 (시기 미상).txt
발표 시기 미상,,발표 시기 미상,고전시가,참회업장가,균여,89,https://ko.wikisource.org/wiki/%EB%B3%B4%ED%98%84%EC%8B%AD%EC%9B%90%EA%B0%80/%EC%B0%B8%ED%9A%8C%EC%97%85%EC%9E%A5%EA%B0%80,본문/고전시가/균여 - 참회업장가 (시기 미상).txt
발표 시기 미상,,발표 시기 미상,고전시가,청불왕생가,균여,79,https://ko.wikisource.org/wiki/%EB%B3%B4%ED%98%84%EC%8B%AD%EC%9B%90%EA%B0%80/%EC%B2%AD%EB%B6%88%EC%99%95%EC%83%9D%EA%B0%80,본문/고전시가/균여 - 청불왕생가 (시기 미상).txt
발표 시기 미상,,발표 시기 미상,고전시가,청전법륜가,균여,83,https://ko.wikisource.org/wiki/%EB%B3%B4%ED%98%84%EC%8B%AD%EC%9B%90%EA%B0%80/%EC%B2%AD%EC%A0%84%EB%B2%95%EB%A5%9C%EA%B0%80,본문/고전시가/균여 - 청전법륜가 (시기 미상).txt
발표 시기 미상,,발표 시기 미상,고전시가,총결무진가,균여,85,https://ko.wikisource.org/wiki/%EB%B3%B4%ED%98%84%EC%8B%AD%EC%9B%90%EA%B0%80/%EC%B4%9D%EA%B2%B0%EB%AC%B4%EC%A7%84%EA%B0%80,본문/고전시가/균여 - 총결무진가 (시기 미상).txt
발표 시기 미상,,발표 시기 미상,고전시가,칭찬여래가,균여,83,https://ko.wikisource.org/wiki/%EB%B3%B4%ED%98%84%EC%8B%AD%EC%9B%90%EA%B0%80/%EC%B9%AD%EC%B0%AC%EC%97%AC%EB%9E%98%EA%B0%80,본문/고전시가/균여 - 칭찬여래가 (시기 미상).txt
발표 시기 미상,,발표 시기 미상,고전시가,항순중생가,균여,87,https://ko.wikisource.org/wiki/%EB%B3%B4%ED%98%84%EC%8B%AD%EC%9B%90%EA%B0%80/%ED%95%AD%EC%88%9C%EC%A4%91%EC%83%9D%EA%B0%80,본문/고전시가/균여 - 항순중생가 (시기 미상).txt
발표 시기 미상,,발표 시기 미상,시조,호화(豪華)코 부귀(富貴)키야,기대승,51,https://ko.wikisource.org/wiki/%ED%98%B8%ED%99%94%EC%BD%94_%EB%B6%80%EA%B7%80%ED%82%A4%EC%95%BC,본문/시조/기대승 - 호화(豪華)코 부귀(富貴)키야 (시기 미상).txt
발표 시기 미상,,발표 시기 미상,노래,이봐 초ㅅ 사람들아,길재,49,https://ko.wikisource.org/wiki/%EC%9D%B4%EB%B4%90_%EC%B4%88_%EC%82%AC%EB%9E%8C%EB%93%A4%EC%95%84,본문/노래/길재 - 이봐 초ㅅ 사람들아 (시기 미상).txt
발표 시기 미상,,발표 시기 미상,노래,회고가,길재,101,https://ko.wikisource.org/wiki/%ED%9A%8C%EA%B3%A0%EA%B0%80_%28%EA%B8%B8%EC%9E%AC%29,본문/노래/길재 - 회고가 (시기 미상).txt
발표 시기 미상,,발표 시기 미상,시조,오ᄅᆞᆯ랄이므슴랄고,김경(金鏡)의 아들,79,https://ko.wikisource.org/wiki/%EC%98%A4%EB%A5%BC%EB%9E%84%EC%9D%B4_%EB%AF%80%EC%8A%B4%EB%9E%84%EA%B3%A0,본문/시조/김경(金鏡)의 아들 - 오ᄅᆞᆯ랄이므슴랄고 (시기 미상).txt
발표 시기 미상,,발표 시기 미상,노래,율리유곡,김광욱,861,https://ko.wikisource.org/wiki/%EC%9C%A8%EB%A6%AC%EC%9C%A0%EA%B3%A1,본문/노래/김광욱 - 율리유곡 (시기 미상).txt
발표 시기 미상,,발표 시기 미상,노래,장한(張翰)이 강동거(江東去)ᄒᆞ니,김광욱,49,https://ko.wikisource.org/wiki/%EC%9E%A5%ED%95%9C%EC%9D%B4_%EA%B0%95%EB%8F%99%EA%B1%B0%ED%95%98%EB%8B%88,본문/노래/김광욱 - 장한(張翰)이 강동거(江東去)ᄒᆞ니 (시기 미상).txt
발표 시기 미상,,발표 시기 미상,수필,병상담편,김교신,944,https://ko.wikisource.org/wiki/%EB%B3%91%EC%83%81%EB%8B%B4%ED%8E%B8,본문/수필/김교신 - 병상담편 (시기 미상).txt
발표 시기 미상,,발표 시기 미상,소설,하권,김교제,29658,https://ko.wikisource.org/wiki/%EC%B9%98%EC%95%85%EC%82%B0/%ED%95%98%EA%B6%8C,본문/소설/김교제 - 하권 (시기 미상).txt
발표 시기 미상,,발표 시기 미상,노래,朝鮮大學校歌,김기림,204,https://ko.wikisource.org/wiki/%EC%A1%B0%EC%84%A0%EB%8C%80%ED%95%99%EA%B5%90%EA%B0%80,본문/노래/김기림 - 朝鮮大學校歌 (시기 미상).txt
발표 시기 미상,,발표 시기 미상,수필,고 이상의 추억,김기림,2757,https://ko.wikisource.org/wiki/%EA%B3%A0_%EC%9D%B4%EC%83%81%EC%9D%98_%EC%B6%94%EC%96%B5,본문/수필/김기림 - 고 이상의 추억 (시기 미상).txt
발표 시기 미상,,발표 시기 미상,시,봄,김기림,50,https://ko.wikisource.org/wiki/%EB%B4%84_%28%EA%B9%80%EA%B8%B0%EB%A6%BC%29,본문/시/김기림 - 봄 (시기 미상).txt
발표 시기 미상,,발표 시기 미상,평론,우리 시(詩)의 방향,김기림,3289,https://ko.wikisource.org/wiki/%EC%9A%B0%EB%A6%AC_%EC%8B%9C%EC%9D%98_%EB%B0%A9%ED%96%A5,본문/평론/김기림 - 우리 시(詩)의 방향 (시기 미상).txt
발표 시기 미상,,발표 시기 미상,수필,이상의 문학의 한 모,김기림,2318,https://ko.wikisource.org/wiki/%EC%9D%B4%EC%83%81%EC%9D%98_%EB%AC%B8%ED%95%99%EC%9D%98_%ED%95%9C_%EB%AA%A8,본문/수필/김기림 - 이상의 문학의 한 모 (시기 미상).txt
발표 시기 미상,,발표 시기 미상,시,북청 물장수,김동환,104,https://ko.wikisource.org/wiki/%EB%B6%81%EC%B2%AD_%EB%AC%BC%EC%9E%A5%EC%88%98,본문/시/김동환 - 북청 물장수 (시기 미상).txt
발표 시기 미상,,발표 시기 미상,노래,소상강(瀟湘江) 긴 ᄃᆡ 뷔혀,김류,100,https://ko.wikisource.org/wiki/%EC%86%8C%EC%83%81%EA%B0%95_%EA%B8%B4_%EB%8C%80_%EB%B2%A0%EC%96%B4,본문/노래/김류 - 소상강(瀟湘江) 긴 ᄃᆡ 뷔혀 (시기 미상).txt
발표 시기 미상,,발표 시기 미상,시조,백발(白髪)을 흣날니고,김민순,44,https://ko.wikisource.org/wiki/%EB%B0%B1%EB%B0%9C%EC%9D%84_%ED%9D%A9%EB%82%A0%EB%A6%AC%EA%B3%A0,본문/시조/김민순 - 백발(白髪)을 흣날니고 (시기 미상).txt
발표 시기 미상,,발표 시기 미상,시조,세상(世上)에 ᄆᆞ음이 업셔,김민순,51,https://ko.wikisource.org/wiki/%EC%84%B8%EC%83%81%EC%97%90_%EB%A7%88%EC%9D%8C%EC%9D%B4_%EC%97%86%EC%96%B4,본문/시조/김민순 - 세상(世上)에 ᄆᆞ음이 업셔 (시기 미상).txt
발표 시기 미상,,발표 시기 미상,시조,좌상(座上)에 객상만(客常滿)ᄒᆞ고,김민순,49,https://ko.wikisource.org/wiki/%EC%A2%8C%EC%83%81%EC%97%90_%EA%B0%9D%EC%83%81%EB%A7%8C%ED%95%98%EA%B3%A0,본문/시조/김민순 - 좌상(座上)에 객상만(客常滿)ᄒᆞ고 (시기 미상).txt
발표 시기 미상,,발표 시기 미상,노래,공명(功名)을 즐겨 마라,김삼현,52,https://ko.wikisource.org/wiki/%EA%B3%B5%EB%AA%85%EC%9D%84_%EC%A6%90%EA%B2%A8_%EB%A7%88%EB%9D%BC,본문/노래/김삼현 - 공명(功名)을 즐겨 마라 (시기 미상).txt
발표 시기 미상,,발표 시기 미상,노래,내 정령(精靈) 술에 섯겨,김삼현,52,https://ko.wikisource.org/wiki/%EB%82%B4_%EC%A0%95%EB%A0%B9_%EC%88%A0%EC%97%90_%EC%84%9E%EC%97%AC,본문/노래/김삼현 - 내 정령(精靈) 술에 섯겨 (시기 미상).txt
발표 시기 미상,,발표 시기 미상,노래,녹양(綠楊) 춘삼월(春三月)을,김삼현,121,https://ko.wikisource.org/wiki/%EB%85%B9%EC%96%91_%EC%B6%98%EC%82%BC%EC%9B%94%EC%9D%84,본문/노래/김삼현 - 녹양(綠楊) 춘삼월(春三月)을 (시기 미상).txt
발표 시기 미상,,발표 시기 미상,노래,늙기 셜온 줄을,김삼현,51,https://ko.wikisource.org/wiki/%EB%8A%99%EA%B8%B0_%EC%84%A4%EC%9A%B4_%EC%A4%84%EC%9D%84,본문/노래/김삼현 - 늙기 셜온 줄을 (시기 미상).txt
발표 시기 미상,,발표 시기 미상,노래,크나큰 바회 우희,김삼현,60,https://ko.wikisource.org/wiki/%ED%81%AC%EB%82%98%ED%81%B0_%EB%B0%94%EC%9C%84_%EC%9C%84%EC%97%90,본문/노래/김삼현 - 크나큰 바회 우희 (시기 미상).txt
발표 시기 미상,,발표 시기 미상,노래,송단(松壇)에 선ᄌᆞᆷ ᄭᆡ야,김삼현 또는 김창흡,109,https://ko.wikisource.org/wiki/%EC%86%A1%EB%8B%A8%EC%97%90_%EC%84%A0%EC%9E%A0_%EA%B9%A8%EC%96%B4,본문/노래/김삼현 또는 김창흡 - 송단(松壇)에 선ᄌᆞᆷ ᄭᆡ야 (시기 미상).txt
발표 시기 미상,,발표 시기 미상,한시,嘲地師,김삿갓,225,https://ko.wikisource.org/wiki/%EC%A1%B0%EC%A7%80%EC%82%AC,본문/한시/김삿갓 - 嘲地師 (시기 미상).txt
발표 시기 미상,,발표 시기 미상,한시,蚤,김삿갓,128,https://ko.wikisource.org/wiki/%EB%B2%BC%EB%A3%A9,본문/한시/김삿갓 - 蚤 (시기 미상).txt
발표 시기 미상,,발표 시기 미상,한시,보지화양동가,김삿갓,123,https://ko.wikisource.org/wiki/%EB%B3%B4%EC%A7%80%ED%99%94%EC%96%91%EB%8F%99%EA%B0%80,본문/한시/김삿갓 - 보지화양동가 (시기 미상).txt
발표 시기 미상,,발표 시기 미상,노래,청산(靑山)아 말 무러보쟈,김상옥,45,https://ko.wikisource.org/wiki/%EC%B2%AD%EC%82%B0%EC%95%84_%EB%A7%90_%EB%AC%BC%EC%96%B4_%EB%B3%B4%EC%9E%90,본문/노래/김상옥 - 청산(靑山)아 말 무러보쟈 (시기 미상).txt
발표 시기 미상,,발표 시기 미상,수필,고구양약,김상용,354,https://ko.wikisource.org/wiki/%EA%B3%A0%EA%B5%AC%EC%96%91%EC%95%BD,본문/수필/김상용 - 고구양약 (시기 미상).txt
발표 시기 미상,,발표 시기 미상,수필,등산,김상용,1234,https://ko.wikisource.org/wiki/%EB%93%B1%EC%82%B0,본문/수필/김상용 - 등산 (시기 미상).txt
발표 시기 미상,,발표 시기 미상,시조,사랑이 거짓말이,김상용,60,https://ko.wikisource.org/wiki/%EC%82%AC%EB%9E%91%EC%9D%B4_%EA%B1%B0%EC%A6%9B%EB%A7%90%EC%9D%B4,본문/시조/김상용 - 사랑이 거짓말이 (시기 미상).txt
발표 시기 미상,,발표 시기 미상,평론,시,김상용,646,https://ko.wikisource.org/wiki/%EC%8B%9C,본문/평론/김상용 - 시 (시기 미상).txt
발표 시기 미상,,발표 시기 미상,노래,오동(梧桐)애 듯는 비ㄷ발,김상용,46,https://ko.wikisource.org/wiki/%EC%98%A4%EB%8F%99%EC%97%90_%EB%93%A3%EB%8A%94_%EB%B9%97%EB%B0%9C,본문/노래/김상용 - 오동(梧桐)애 듯는 비ㄷ발 (시기 미상).txt
발표 시기 미상,,발표 시기 미상,수필,정원,김상용,528,https://ko.wikisource.org/wiki/%EC%A0%95%EC%9B%90,본문/수필/김상용 - 정원 (시기 미상).txt
발표 시기 미상,,발표 시기 미상,수필,허식(虛飾)의 변,김상용,391,https://ko.wikisource.org/wiki/%ED%97%88%EC%8B%9D%EC%9D%98_%EB%B3%80,본문/수필/김상용 - 허식(虛飾)의 변 (시기 미상).txt
발표 시기 미상,,발표 시기 미상,수필,희망의 봄,김상용,352,https://ko.wikisource.org/wiki/%ED%9D%AC%EB%A7%9D%EC%9D%98_%EB%B4%84,본문/수필/김상용 - 희망의 봄 (시기 미상).txt
발표 시기 미상,,발표 시기 미상,시조,남팔(南八)아 남아(男兒)ㅣ 사이(死已)연졍,김상헌,50,https://ko.wikisource.org/wiki/%EB%82%A8%ED%8C%94%EC%95%84_%EB%82%A8%EC%95%84%EA%B0%80_%EC%82%AC%EC%9D%B4%EC%96%B8%EC%A0%95,본문/시조/김상헌 - 남팔(南八)아 남아(男兒)ㅣ 사이(死已)연졍 (시기 미상).txt
발표 시기 미상,,발표 시기 미상,노래,강호(江湖)에 ᄇᆞ린 몸이,김성기,47,https://ko.wikisource.org/wiki/%EA%B0%95%ED%98%B8%EC%97%90_%EB%B2%84%EB%A6%B0_%EB%AA%B8%EC%9D%B4,본문/노래/김성기 - 강호(江湖)에 ᄇᆞ린 몸이 (시기 미상).txt
발표 시기 미상,,발표 시기 미상,노래,겨월이 다 지나고,김성기,48,https://ko.wikisource.org/wiki/%EA%B2%A8%EC%9A%B8%EC%9D%B4_%EB%8B%A4_%EC%A7%80%EB%82%98%EA%B3%A0,본문/노래/김성기 - 겨월이 다 지나고 (시기 미상).txt
발표 시기 미상,,발표 시기 미상,노래,구레 버슨 천리마(千里馬)를,김성기,48,https://ko.wikisource.org/wiki/%EA%B5%B4%EB%A0%88_%EB%B2%97%EC%9D%80_%EC%B2%9C%EB%A6%AC%EB%A7%88%EB%A5%BC,본문/노래/김성기 - 구레 버슨 천리마(千里馬)를 (시기 미상).txt
발표 시기 미상,,발표 시기 미상,노래,옥분(玉盆)에 심근 매화,김성기,45,https://ko.wikisource.org/wiki/%EC%98%A5%EB%B6%84%EC%97%90_%EC%8B%AC%EC%9D%80_%EB%A7%A4%ED%99%94,본문/노래/김성기 - 옥분(玉盆)에 심근 매화 (시기 미상).txt
발표 시기 미상,,발표 시기 미상,노래,요화(寥花)에 ᄌᆞᆷ든 백구,김성기,53,https://ko.wikisource.org/wiki/%EC%9A%94%ED%99%94%EC%97%90_%EC%9E%A0%EB%93%A0_%EB%B0%B1%EA%B5%AC,본문/노래/김성기 - 요화(寥花)에 ᄌᆞᆷ든 백구 (시기 미상).txt
발표 시기 미상,,발표 시기 미상,노래,이 몸이 ᄒᆞᆯ 일 업서,김성기,51,https://ko.wikisource.org/wiki/%EC%9D%B4_%EB%AA%B8%EC%9D%B4_%ED%95%A0_%EC%9D%BC_%EC%97%85%EC%85%94,본문/노래/김성기 - 이 몸이 ᄒᆞᆯ 일 업서 (시기 미상).txt
발표 시기 미상,,발표 시기 미상,노래,진애(塵埃)에 무친 분(分)ᄂᆡ,김성기,44,https://ko.wikisource.org/wiki/%EC%A7%84%EC%95%A0%EC%97%90_%EB%AC%B4%EC%B9%9C_%EB%B6%84%EB%84%A4,본문/노래/김성기 - 진애(塵埃)에 무친 분(分)ᄂᆡ (시기 미상).txt
발표 시기 미상,,발표 시기 미상,노래,홍진(紅塵)을 다 ᄯᅥᆯ치고,김성기,51,https://ko.wikisource.org/wiki/%ED%99%8D%EC%A7%84%EC%9D%84_%EB%8B%A4_%EB%96%A8%EC%B9%98%EA%B3%A0,본문/노래/김성기 - 홍진(紅塵)을 다 ᄯᅥᆯ치고 (시기 미상).txt
발표 시기 미상,,발표 시기 미상,노래,공정(公庭)에 이퇴(吏退)ᄒᆞ고,김성최,53,https://ko.wikisource.org/wiki/%EA%B3%B5%EC%A0%95%EC%97%90_%EC%9D%B4%ED%87%B4%ED%95%98%EA%B3%A0,본문/노래/김성최 - 공정(公庭)에 이퇴(吏退)ᄒᆞ고 (시기 미상).txt
발표 시기 미상,,발표 시기 미상,노래,술 ᄭᆡ야 니러 안자,김성최,55,https://ko.wikisource.org/wiki/%EC%88%A0_%EA%B9%A8%EC%96%B4_%EC%9D%BC%EC%96%B4_%EC%95%89%EC%95%84,본문/노래/김성최 - 술 ᄭᆡ야 니러 안자 (시기 미상).txt
발표 시기 미상,,발표 시기 미상,노래,좌내 집의 술 닉거든,김성최,53,https://ko.wikisource.org/wiki/%EC%A2%8C%EB%82%B4_%EC%A7%91%EC%9D%98_%EC%88%A0_%EC%9D%B5%EA%B1%B0%EB%93%A0,본문/노래/김성최 - 좌내 집의 술 닉거든 (시기 미상).txt
발표 시기 미상,,발표 시기 미상,시,5일밤 산보,김소월,372,https://ko.wikisource.org/wiki/5%EC%9D%BC%EB%B0%A4_%EC%82%B0%EB%B3%B4,본문/시/김소월 - 5일밤 산보 (시기 미상).txt
발표 시기 미상,,발표 시기 미상,시,가는 봄 삼월,김소월,93,https://ko.wikisource.org/wiki/%EA%B0%80%EB%8A%94_%EB%B4%84_%EC%82%BC%EC%9B%94,본문/시/김소월 - 가는 봄 삼월 (시기 미상).txt
발표 시기 미상,,발표 시기 미상,시,가막덤불,김소월,99,https://ko.wikisource.org/wiki/%EA%B0%80%EB%A7%89%EB%8D%A4%EB%B6%88,본문/시/김소월 - 가막덤불 (시기 미상).txt
발표 시기 미상,,발표 시기 미상,시,가시나무,김소월,105,https://ko.wikisource.org/wiki/%EA%B0%80%EC%8B%9C%EB%82%98%EB%AC%B4,본문/시/김소월 - 가시나무 (시기 미상).txt
발표 시기 미상,,발표 시기 미상,시,가을,김소월,158,https://ko.wikisource.org/wiki/%EA%B0%80%EC%9D%84_%28%EA%B9%80%EC%86%8C%EC%9B%94%29,본문/시/김소월 - 가을 (시기 미상).txt
발표 시기 미상,,발표 시기 미상,시,건강한 잠,김소월,144,https://ko.wikisource.org/wiki/%EA%B1%B4%EA%B0%95%ED%95%9C_%EC%9E%A0,본문/시/김소월 - 건강한 잠 (시기 미상).txt
발표 시기 미상,,발표 시기 미상,시,고독,김소월,144,https://ko.wikisource.org/wiki/%EA%B3%A0%EB%8F%85,본문/시/김소월 - 고독 (시기 미상).txt
발표 시기 미상,,발표 시기 미상,시,고락,김소월,688,https://ko.wikisource.org/wiki/%EA%B3%A0%EB%9D%BD,본문/시/김소월 - 고락 (시기 미상).txt
발표 시기 미상,,발표 시기 미상,시,고적한 날,김소월,120,https://ko.wikisource.org/wiki/%EA%B3%A0%EC%A0%81%ED%95%9C_%EB%82%A0,본문/시/김소월 - 고적한 날 (시기 미상).txt
발표 시기 미상,,발표 시기 미상,시,고향,김소월,378,https://ko.wikisource.org/wiki/%EA%B3%A0%ED%96%A5_%28%EA%B9%80%EC%86%8C%EC%9B%94%29,본문/시/김소월 - 고향 (시기 미상).txt
발표 시기 미상,,발표 시기 미상,시,그 사람에게,김소월,339,https://ko.wikisource.org/wiki/%EA%B7%B8_%EC%82%AC%EB%9E%8C%EC%97%90%EA%B2%8C,본문/시/김소월 - 그 사람에게 (시기 미상).txt
발표 시기 미상,,발표 시기 미상,시,기분전환,김소월,127,https://ko.wikisource.org/wiki/%EA%B8%B0%EB%B6%84%EC%A0%84%ED%99%98,본문/시/김소월 - 기분전환 (시기 미상).txt
발표 시기 미상,,발표 시기 미상,시,기원,김소월,378,https://ko.wikisource.org/wiki/%EA%B8%B0%EC%9B%90,본문/시/김소월 - 기원 (시기 미상).txt
발표 시기 미상,,발표 시기 미상,시,기회,김소월,99,https://ko.wikisource.org/wiki/%EA%B8%B0%ED%9A%8C,본문/시/김소월 - 기회 (시기 미상).txt
발표 시기 미상,,발표 시기 미상,시,길차부,김소월,306,https://ko.wikisource.org/wiki/%EA%B8%B8%EC%B0%A8%EB%B6%80,본문/시/김소월 - 길차부 (시기 미상).txt
발표 시기 미상,,발표 시기 미상,시,꿈자리,김소월,646,https://ko.wikisource.org/wiki/%EA%BF%88%EC%9E%90%EB%A6%AC,본문/시/김소월 - 꿈자리 (시기 미상).txt
발표 시기 미상,,발표 시기 미상,시,나무리벌 노래,김소월,96,https://ko.wikisource.org/wiki/%EB%82%98%EB%AC%B4%EB%A6%AC%EB%B2%8C_%EB%85%B8%EB%9E%98,본문/시/김소월 - 나무리벌 노래 (시기 미상).txt
발표 시기 미상,,발표 시기 미상,시,낭인의 봄,김소월,194,https://ko.wikisource.org/wiki/%EB%82%AD%EC%9D%B8%EC%9D%98_%EB%B4%84,본문/시/김소월 - 낭인의 봄 (시기 미상).txt
발표 시기 미상,,발표 시기 미상,시,눈물이 쉬루르 흘러납니다,김소월,114,https://ko.wikisource.org/wiki/%EB%88%88%EB%AC%BC%EC%9D%B4_%EC%89%AC%EB%A3%A8%EB%A5%B4_%ED%9D%98%EB%9F%AC%EB%82%A9%EB%8B%88%EB%8B%A4,본문/시/김소월 - 눈물이 쉬루르 흘러납니다 (시기 미상).txt
발표 시기 미상,,발표 시기 미상,시,돈과 밥과 밤과 돌,김소월,621,https://ko.wikisource.org/wiki/%EB%8F%88%EA%B3%BC_%EB%B0%A5%EA%B3%BC_%EB%B0%A4%EA%B3%BC_%EB%8F%8C,본문/시/김소월 - 돈과 밥과 밤과 돌 (시기 미상).txt
발표 시기 미상,,발표 시기 미상,시,돈타령,김소월,582,https://ko.wikisource.org/wiki/%EB%8F%88%ED%83%80%EB%A0%B9,본문/시/김소월 - 돈타령 (시기 미상).txt
발표 시기 미상,,발표 시기 미상,시,둥근 해,김소월,205,https://ko.wikisource.org/wiki/%EB%91%A5%EA%B7%BC_%ED%95%B4,본문/시/김소월 - 둥근 해 (시기 미상).txt
발표 시기 미상,,발표 시기 미상,시,등불과 마주 앉았으려면,김소월,123,https://ko.wikisource.org/wiki/%EB%93%B1%EB%B6%88%EA%B3%BC_%EB%A7%88%EC%A3%BC_%EC%95%89%EC%95%98%EC%9C%BC%EB%A0%A4%EB%A9%B4,본문/시/김소월 - 등불과 마주 앉았으려면 (시기 미상).txt
발표 시기 미상,,발표 시기 미상,시,바닷가의 밤,김소월,235,https://ko.wikisource.org/wiki/%EB%B0%94%EB%8B%B7%EA%B0%80%EC%9D%98_%EB%B0%A4,본문/시/김소월 - 바닷가의 밤 (시기 미상).txt
발표 시기 미상,,발표 시기 미상,시,배,김소월,73,https://ko.wikisource.org/wiki/%EB%B0%B0,본문/시/김소월 - 배 (시기 미상).txt
발표 시기 미상,,발표 시기 미상,시,벗 마을,김소월,195,https://ko.wikisource.org/wiki/%EB%B2%97_%EB%A7%88%EC%9D%84,본문/시/김소월 - 벗 마을 (시기 미상).txt
발표 시기 미상,,발표 시기 미상,시,불칭추평,김소월,146,https://ko.wikisource.org/wiki/%EB%B6%88%EC%B9%AD%EC%B6%94%ED%8F%89,본문/시/김소월 - 불칭추평 (시기 미상).txt
발표 시기 미상,,발표 시기 미상,시,삼수갑산(三水甲山) - 차안서삼수갑산운,김소월,214,https://ko.wikisource.org/wiki/%EC%82%BC%EC%88%98%EA%B0%91%EC%82%B0_-_%EC%B0%A8%EC%95%88%EC%84%9C%EC%82%BC%EA%B0%91%EC%82%B0%EC%9A%B4,본문/시/김소월 - 삼수갑산(三水甲山) - 차안서삼수갑산운 (시기 미상).txt
발표 시기 미상,,발표 시기 미상,시,세모감,김소월,120,https://ko.wikisource.org/wiki/%EC%84%B8%EB%AA%A8%EA%B0%90,본문/시/김소월 - 세모감 (시기 미상).txt
발표 시기 미상,,발표 시기 미상,시,자전거,김소월,230,https://ko.wikisource.org/wiki/%EC%9E%90%EC%A0%84%EA%B1%B0_%28%EA%B9%80%EC%86%8C%EC%9B%94%29,본문/시/김소월 - 자전거 (시기 미상).txt
발표 시기 미상,,발표 시기 미상,시,절제,김소월,243,https://ko.wikisource.org/wiki/%EC%A0%88%EC%A0%9C,본문/시/김소월 - 절제 (시기 미상).txt
발표 시기 미상,,발표 시기 미상,시,첫사랑,김소월,146,https://ko.wikisource.org/wiki/%EC%B2%AB%EC%82%AC%EB%9E%91,본문/시/김소월 - 첫사랑 (시기 미상).txt
발표 시기 미상,,발표 시기 미상,시,춘강,김소월,168,https://ko.wikisource.org/wiki/%EC%B6%98%EA%B0%95,본문/시/김소월 - 춘강 (시기 미상).txt
발표 시기 미상,,발표 시기 미상,시,팔벼개,김소월,422,https://ko.wikisource.org/wiki/%ED%8C%94%EB%B2%BC%EA%B0%9C_%EB%85%B8%EB%9E%98,본문/시/김소월 - 팔벼개 (시기 미상).txt
발표 시기 미상,,발표 시기 미상,시,항전 애창(巷傳哀唱) 명주 딸기,김소월,265,https://ko.wikisource.org/wiki/%ED%95%AD%EC%A0%84_%EC%95%A0%EC%B0%BD_%EB%AA%85%EC%A3%BC_%EB%94%B8%EA%B8%B0,본문/시/김소월 - 항전 애창(巷傳哀唱) 명주 딸기 (시기 미상).txt
발표 시기 미상,,발표 시기 미상,시,흘러가는 물이라 맘이 물이면,김소월,200,https://ko.wikisource.org/wiki/%ED%9D%98%EB%9F%AC%EA%B0%80%EB%8A%94_%EB%AC%BC%EC%9D%B4%EB%9D%BC_%EB%A7%98%EC%9D%B4_%EB%AC%BC%EC%9D%B4%EB%A9%B4,본문/시/김소월 - 흘러가는 물이라 맘이 물이면 (시기 미상).txt
발표 시기 미상,,발표 시기 미상,시조,무제,김수장,80,https://ko.wikisource.org/wiki/%EA%B0%93%EB%82%98%ED%9D%AC%EB%93%A4%EC%9D%B4_%EC%97%AC%EB%9F%AC_%EC%B8%B5%EC%9D%B4%EC%98%A4%EB%A0%88,본문/시조/김수장 - 무제 (시기 미상).txt
발표 시기 미상,,발표 시기 미상,시조,비파(琵琶) 금슬(琴瑟)은 팔대왕(八大王)이요,김수장,102,https://ko.wikisource.org/wiki/%EB%B9%84%ED%8C%8C%EA%B8%88%EC%8A%AC%EC%9D%80_%ED%8C%94%EB%8C%80%EC%99%95%EC%9D%B4%EC%98%A4,본문/시조/김수장 - 비파(琵琶) 금슬(琴瑟)은 팔대왕(八大王)이요 (시기 미상).txt
발표 시기 미상,,발표 시기 미상,소설,금오신화,김시습,20040,https://ko.wikisource.org/wiki/%EB%B2%88%EC%97%AD%3A%EA%B8%88%EC%98%A4%EC%8B%A0%ED%99%94,본문/소설/김시습 - 금오신화 (시기 미상).txt
발표 시기 미상,,발표 시기 미상,소설,만복사저포기,김시습,8717,https://ko.wikisource.org/wiki/%EB%A7%8C%EB%B3%B5%EC%82%AC%EC%A0%80%ED%8F%AC%EA%B8%B0,본문/소설/김시습 - 만복사저포기 (시기 미상).txt
발표 시기 미상,,발표 시기 미상,시,눈 올 때마다,김억,464,https://ko.wikisource.org/wiki/%EB%88%88_%EC%98%AC_%EB%95%8C%EB%A7%88%EB%8B%A4,본문/시/김억 - 눈 올 때마다 (시기 미상).txt
발표 시기 미상,,발표 시기 미상,시,님 따라 나서자,김억,181,https://ko.wikisource.org/wiki/%EB%8B%98_%EB%94%B0%EB%9D%BC_%EB%82%98%EC%84%9C%EC%9E%90,본문/시/김억 - 님 따라 나서자 (시기 미상).txt
발표 시기 미상,,발표 시기 미상,시,봄바람,김억,69,https://ko.wikisource.org/wiki/%EB%B4%84%EB%B0%94%EB%9E%8C,본문/시/김억 - 봄바람 (시기 미상).txt
발표 시기 미상,,발표 시기 미상,시,비,김억,152,https://ko.wikisource.org/wiki/%EB%B9%84,본문/시/김억 - 비 (시기 미상).txt
발표 시기 미상,,발표 시기 미상,시,삼수갑산,김억,131,https://ko.wikisource.org/wiki/%EC%82%BC%EC%88%98%EA%B0%91%EC%82%B0,본문/시/김억 - 삼수갑산 (시기 미상).txt
발표 시기 미상,,발표 시기 미상,시,신년송,김억,237,https://ko.wikisource.org/wiki/%EC%8B%A0%EB%85%84%EC%86%A1,본문/시/김억 - 신년송 (시기 미상).txt
발표 시기 미상,,발표 시기 미상,시,신작로,김억,304,https://ko.wikisource.org/wiki/%EC%8B%A0%EC%9E%91%EB%A1%9C,본문/시/김억 - 신작로 (시기 미상).txt
발표 시기 미상,,발표 시기 미상,시,연분홍,김억,100,https://ko.wikisource.org/wiki/%EC%97%B0%EB%B6%84%ED%99%8D,본문/시/김억 - 연분홍 (시기 미상).txt
발표 시기 미상,,발표 시기 미상,시,오다 가다,김억,174,https://ko.wikisource.org/wiki/%EC%98%A4%EB%8B%A4_%EA%B0%80%EB%8B%A4,본문/시/김억 - 오다 가다 (시기 미상).txt
발표 시기 미상,,발표 시기 미상,시,조약돌,김억,113,https://ko.wikisource.org/wiki/%EC%A1%B0%EC%95%BD%EB%8F%8C,본문/시/김억 - 조약돌 (시기 미상).txt
발표 시기 미상,,발표 시기 미상,시,코스모스,김억,54,https://ko.wikisource.org/wiki/%EC%BD%94%EC%8A%A4%EB%AA%A8%EC%8A%A4_%28%EA%B9%80%EC%96%B5%29,본문/시/김억 - 코스모스 (시기 미상).txt
발표 시기 미상,,발표 시기 미상,시,황해(黃海)의 첫봄,김억,186,https://ko.wikisource.org/wiki/%ED%99%A9%ED%95%B4%EC%9D%98_%EC%B2%AB%EB%B4%84,본문/시/김억 - 황해(黃海)의 첫봄 (시기 미상).txt
발표 시기 미상,,발표 시기 미상,시,묘비명,김영랑,93,https://ko.wikisource.org/wiki/%EB%AC%98%EB%B9%84%EB%AA%85,본문/시/김영랑 - 묘비명 (시기 미상).txt
발표 시기 미상,,발표 시기 미상,노래,경성출(景星出) 경운흥(慶雲興)ᄒᆞ니,김유기,47,https://ko.wikisource.org/wiki/%EA%B2%BD%EC%84%B1%EC%B6%9C_%EA%B2%BD%EC%9A%B4%ED%9D%A5%ED%95%98%EB%8B%88,본문/노래/김유기 - 경성출(景星出) 경운흥(慶雲興)ᄒᆞ니 (시기 미상).txt
발표 시기 미상,,발표 시기 미상,노래,난간(蘭干)에 지혀 안자,김유기,47,https://ko.wikisource.org/wiki/%EB%82%9C%EA%B0%84%EC%97%90_%EA%B8%B0%EB%8C%80_%EC%95%89%EC%95%84,본문/노래/김유기 - 난간(蘭干)에 지혀 안자 (시기 미상).txt
발표 시기 미상,,발표 시기 미상,노래,내몸에 병(病)이 만하,김유기,44,https://ko.wikisource.org/wiki/%EB%82%B4_%EB%AA%B8%EC%97%90_%EB%B3%91%EC%9D%B4_%EB%A7%8E%EC%95%84,본문/노래/김유기 - 내몸에 병(病)이 만하 (시기 미상).txt
발표 시기 미상,,발표 시기 미상,노래,당우(唐虞)ᄂᆞᆫ 언제 시절,김유기,44,https://ko.wikisource.org/wiki/%EB%8B%B9%EC%9A%B0%EB%8A%94_%EC%96%B8%EC%A0%9C_%EC%8B%9C%EC%A0%88,본문/노래/김유기 - 당우(唐虞)ᄂᆞᆫ 언제 시절 (시기 미상).txt
발표 시기 미상,,발표 시기 미상,노래,백세(百歲)를 닷 못 사라,김유기,45,https://ko.wikisource.org/wiki/%EB%B0%B1%EC%84%B8%EB%A5%BC_%EB%8B%A4_%EB%AA%BB_%EC%82%B4%EC%95%84,본문/노래/김유기 - 백세(百歲)를 닷 못 사라 (시기 미상).txt
발표 시기 미상,,발표 시기 미상,노래,불충(不忠) 불효(不孝)ᄒᆞ고,김유기,45,https://ko.wikisource.org/wiki/%EB%B6%88%EC%B6%A9_%EB%B6%88%ED%9A%A8%ED%95%98%EA%B3%A0,본문/노래/김유기 - 불충(不忠) 불효(不孝)ᄒᆞ고 (시기 미상).txt
발표 시기 미상,,발표 시기 미상,노래,오ᄂᆞᆯ은 천렵(川獵)ᄒᆞ고,김유기,53,https://ko.wikisource.org/wiki/%EC%98%A4%EB%8A%98%EC%9D%80_%EC%B2%9C%EB%A0%B5%ED%95%98%EA%B3%A0,본문/노래/김유기 - 오ᄂᆞᆯ은 천렵(川獵)ᄒᆞ고 (시기 미상).txt
발표 시기 미상,,발표 시기 미상,노래,장부(丈夫)로 삼겨나셔,김유기,111,https://ko.wikisource.org/wiki/%EC%9E%A5%EB%B6%80%EB%A1%9C_%EC%82%BC%EA%B2%A8%EB%82%98%EC%84%9C,본문/노래/김유기 - 장부(丈夫)로 삼겨나셔 (시기 미상).txt
발표 시기 미상,,발표 시기 미상,노래,춘풍(春風) 도리화(桃李花)들아,김유기,161,https://ko.wikisource.org/wiki/%EC%B6%98%ED%92%8D_%EB%8F%84%EB%A6%AC%ED%99%94%EB%93%A4%EC%95%84,본문/노래/김유기 - 춘풍(春風) 도리화(桃李花)들아 (시기 미상).txt
발표 시기 미상,,발표 시기 미상,노래,태산(泰山)에 올라 안자,김유기,96,https://ko.wikisource.org/wiki/%ED%83%9C%EC%82%B0%EC%97%90_%EC%98%AC%EB%9D%BC%EC%95%89%EC%95%84,본문/노래/김유기 - 태산(泰山)에 올라 안자 (시기 미상).txt
발표 시기 미상,,발표 시기 미상,기타,강노향(姜鷺鄕) 전,김유정,217,https://ko.wikisource.org/wiki/%EA%B0%95%EB%85%B8%ED%96%A5%EC%A0%84,본문/기타/김유정 - 강노향(姜鷺鄕) 전 (시기 미상).txt
발표 시기 미상,,발표 시기 미상,기타,박태원(朴泰遠) 전,김유정,224,https://ko.wikisource.org/wiki/%EB%B0%95%ED%83%9C%EC%9B%90%EC%A0%84,본문/기타/김유정 - 박태원(朴泰遠) 전 (시기 미상).txt
발표 시기 미상,,발표 시기 미상,노래,ᄌᆞ네 집의 술 닉거든,김육,141,https://ko.wikisource.org/wiki/%EC%9E%90%EB%84%A4_%EC%A7%91%EC%97%90_%EC%88%A0_%EC%9D%B5%EA%B1%B0%EB%93%A0,본문/노래/김육 - ᄌᆞ네 집의 술 닉거든 (시기 미상).txt
발표 시기 미상,,발표 시기 미상,시조,삭풍(朔風)은 나모 긋ᄐᆡ 불고,김종서,162,https://ko.wikisource.org/wiki/%EC%82%AD%ED%92%8D%EC%9D%80_%EB%82%98%EB%AC%B4_%EB%81%9D%EC%97%90_%EB%B6%88%EA%B3%A0,본문/시조/김종서 - 삭풍(朔風)은 나모 긋ᄐᆡ 불고 (시기 미상).txt
발표 시기 미상,,발표 시기 미상,시조,오ᄅᆞ리므슴랄고,김종연,68,https://ko.wikisource.org/wiki/%EC%98%A4%EB%A5%B4%EB%A6%AC_%EB%AF%80%EC%8A%B4%EB%9E%84%EA%B3%A0,본문/시조/김종연 - 오ᄅᆞ리므슴랄고 (시기 미상).txt
발표 시기 미상,,발표 시기 미상,노래,거믄고 술 ᄭᅩ자 노코,김창업,51,https://ko.wikisource.org/wiki/%EA%B1%B0%EB%AC%B8%EA%B3%A0_%EC%88%A0_%EA%BD%82%EC%95%84_%EB%86%93%EA%B3%A0,본문/노래/김창업 - 거믄고 술 ᄭᅩ자 노코 (시기 미상).txt
발표 시기 미상,,발표 시기 미상,노래,자 나믄 보라매를,김창업,108,https://ko.wikisource.org/wiki/%EC%9E%90_%EB%84%98%EC%9D%80_%EB%B3%B4%EB%9D%BC%EB%A7%A4%EB%A5%BC,본문/노래/김창업 - 자 나믄 보라매를 (시기 미상).txt
발표 시기 미상,,발표 시기 미상,노래,벼슬을 저마다 ᄒᆞ면,"김창업, 이정신",117,https://ko.wikisource.org/wiki/%EB%B2%BC%EC%8A%AC%EC%9D%84_%EC%A0%80%EB%A7%88%EB%8B%A4_%ED%95%98%EB%A9%B4,"본문/노래/김창업, 이정신 - 벼슬을 저마다 ᄒᆞ면 (시기 미상).txt"
발표 시기 미상,,발표 시기 미상,시조,고마간(叩馬諫) 불청(不聽)커늘,김천택,51,https://ko.wikisource.org/wiki/%EA%B3%A0%EB%A7%88%EA%B0%84_%EB%B6%88%EC%B2%AD%EC%BB%A4%EB%8A%98,본문/시조/김천택 - 고마간(叩馬諫) 불청(不聽)커늘 (시기 미상).txt
발표 시기 미상,,발표 시기 미상,시조,남산(南山) 내린 골에,김천택,46,https://ko.wikisource.org/wiki/%EB%82%A8%EC%82%B0_%EB%82%B4%EB%A6%B0_%EA%B3%A8%EC%97%90,본문/시조/김천택 - 남산(南山) 내린 골에 (시기 미상).txt
발표 시기 미상,,발표 시기 미상,시조,노화(蘆花) 깊은 곳에,김천택,52,https://ko.wikisource.org/wiki/%EB%85%B8%ED%99%94_%EA%B9%8A%EC%9D%80_%EA%B3%B3%EC%97%90,본문/시조/김천택 - 노화(蘆花) 깊은 곳에 (시기 미상).txt
발표 시기 미상,,발표 시기 미상,시조,녹이(綠駬) 상제(霜蹄) 역상(櫪上)에서,김천택,55,https://ko.wikisource.org/wiki/%EB%85%B9%EC%9D%B4_%EC%83%81%EC%A0%9C_%EC%97%AD%EC%83%81%EC%97%90%EC%84%9C,본문/시조/김천택 - 녹이(綠駬) 상제(霜蹄) 역상(櫪上)에서 (시기 미상).txt
발표 시기 미상,,발표 시기 미상,시조,두습유(杜拾遺)의 충군애국(忠君愛國)이,김천택,49,https://ko.wikisource.org/wiki/%EB%91%90%EC%8A%B5%EC%9C%A0%EC%9D%98_%EC%B6%A9%EA%B5%B0_%EC%95%A0%EA%B5%AD%EC%9D%B4,본문/시조/김천택 - 두습유(杜拾遺)의 충군애국(忠君愛國)이 (시기 미상).txt
발표 시기 미상,,발표 시기 미상,시조,매창(梅窓)에 월상(月上)하고,김천택,51,https://ko.wikisource.org/wiki/%EB%A7%A4%EC%B0%BD%EC%97%90_%EC%9B%94%EC%83%81%ED%95%98%EA%B3%A0,본문/시조/김천택 - 매창(梅窓)에 월상(月上)하고 (시기 미상).txt
발표 시기 미상,,발표 시기 미상,시조,무제,김천택,52,https://ko.wikisource.org/wiki/%EB%B0%B1%EA%B5%AC%EC%95%BC_%EB%86%80%EB%82%B4%EC%A7%80_%EB%A7%88%EB%9D%BC,본문/시조/김천택 - 무제 (시기 미상).txt
발표 시기 미상,,발표 시기 미상,시조,백구(白鷗)야 말 물어 보자,김천택,50,https://ko.wikisource.org/wiki/%EB%B0%B1%EA%B5%AC%EC%95%BC_%EB%A7%90_%EB%AC%BC%EC%96%B4_%EB%B3%B4%EC%9E%90,본문/시조/김천택 - 백구(白鷗)야 말 물어 보자 (시기 미상).txt
발표 시기 미상,,발표 시기 미상,시조,북비하(北扉下) 저문 날에,김천택,47,https://ko.wikisource.org/wiki/%EB%B6%81%EB%B9%84%ED%95%98_%EC%A0%80%EB%AC%B8_%EB%82%A0%EC%97%90,본문/시조/김천택 - 북비하(北扉下) 저문 날에 (시기 미상).txt
발표 시기 미상,,발표 시기 미상,시조,사람이 한번 늙은 후(後)에,김천택,58,https://ko.wikisource.org/wiki/%EC%82%AC%EB%9E%8C%EC%9D%B4_%ED%95%9C%EB%B2%88_%EB%8A%99%EC%9D%80_%ED%9B%84%EC%97%90,본문/시조/김천택 - 사람이 한번 늙은 후(後)에 (시기 미상).txt
발표 시기 미상,,발표 시기 미상,시조,생전(生前)에 부귀(富貴)키는,김천택,51,https://ko.wikisource.org/wiki/%EB%82%B4_%EB%B6%80%EC%96%B4_%EA%B6%8C%ED%95%98%EB%8A%94_%EC%9E%94%EC%9D%84,본문/시조/김천택 - 생전(生前)에 부귀(富貴)키는 (시기 미상).txt
발표 시기 미상,,발표 시기 미상,시조,세상(世上) 사람들아,김천택,50,https://ko.wikisource.org/wiki/%EC%84%B8%EC%83%81_%EC%82%AC%EB%9E%8C%EB%93%A4%EC%95%84,본문/시조/김천택 - 세상(世上) 사람들아 (시기 미상).txt
발표 시기 미상,,발표 시기 미상,시조,악붕거(岳鵬擧)의 일생(一生) 간담(肝膽)이,김천택,53,https://ko.wikisource.org/wiki/%EC%95%85%EB%B6%95%EA%B1%B0%EC%9D%98_%EC%9D%BC%EC%83%9D_%EA%B0%84%EB%8B%B4%EC%9D%B4,본문/시조/김천택 - 악붕거(岳鵬擧)의 일생(一生) 간담(肝膽)이 (시기 미상).txt
발표 시기 미상,,발표 시기 미상,시조,알인욕(遏人慾) 존천리(存天理)는,김천택,49,https://ko.wikisource.org/wiki/%EC%95%8C%EC%9D%B8%EC%9A%95_%EC%A1%B4%EC%B2%9C%EB%A6%AC%EB%8A%94,본문/시조/김천택 - 알인욕(遏人慾) 존천리(存天理)는 (시기 미상).txt
발표 시기 미상,,발표 시기 미상,시조,영욕(榮辱)이 병행(竝行)하니,김천택,46,https://ko.wikisource.org/wiki/%EC%98%81%EC%9A%95%EC%9D%B4_%EB%B3%91%ED%96%89%ED%95%98%EB%8B%88,본문/시조/김천택 - 영욕(榮辱)이 병행(竝行)하니 (시기 미상).txt
발표 시기 미상,,발표 시기 미상,시조,오수(午睡)를 늦이 깨어,김천택,52,https://ko.wikisource.org/wiki/%EC%98%A4%EC%88%98%EB%A5%BC_%EB%8A%A6%EC%9D%B4_%EA%B9%A8%EC%96%B4,본문/시조/김천택 - 오수(午睡)를 늦이 깨어 (시기 미상).txt
발표 시기 미상,,발표 시기 미상,시조,옥야천리(沃野千里) 긴 담 안에,김천택,52,https://ko.wikisource.org/wiki/%EC%98%A5%EC%95%BC%EC%B2%9C%EB%A6%AC_%EA%B8%B4_%EB%8B%B4_%EC%95%88%EC%97%90,본문/시조/김천택 - 옥야천리(沃野千里) 긴 담 안에 (시기 미상).txt
발표 시기 미상,,발표 시기 미상,시조,요일월(堯日月) 별건곤(舜乾坤)은,김천택,49,https://ko.wikisource.org/wiki/%EC%9A%94%EC%9D%BC%EC%9B%94_%EC%88%9C%EA%B1%B4%EA%B3%A4%EC%9D%80,본문/시조/김천택 - 요일월(堯日月) 별건곤(舜乾坤)은 (시기 미상).txt
발표 시기 미상,,발표 시기 미상,시조,운소(雲霄)에 오르잔들,김천택,53,https://ko.wikisource.org/wiki/%EC%9A%B4%EC%86%8C%EC%97%90_%EC%98%A4%EB%A5%B4%EC%9E%94%EB%93%A4,본문/시조/김천택 - 운소(雲霄)에 오르잔들 (시기 미상).txt
발표 시기 미상,,발표 시기 미상,시조,울 밑 양지(陽地) 편에,김천택,49,https://ko.wikisource.org/wiki/%EC%9A%B8_%EB%B0%91_%EC%96%91%EC%A7%80_%ED%8E%B8%EC%97%90,본문/시조/김천택 - 울 밑 양지(陽地) 편에 (시기 미상).txt
발표 시기 미상,,발표 시기 미상,시조,이산(尼山)에 강채(降彩)하샤,김천택,49,https://ko.wikisource.org/wiki/%EC%9D%B4%EC%82%B0%EC%97%90_%EA%B0%95%EC%B1%84%ED%95%98%EC%83%A4,본문/시조/김천택 - 이산(尼山)에 강채(降彩)하샤 (시기 미상).txt
발표 시기 미상,,발표 시기 미상,시조,인간(人間) 번우한 일을,김천택,42,https://ko.wikisource.org/wiki/%EC%9D%B8%EA%B0%84_%EB%B2%88%EC%9A%B0%ED%95%9C_%EC%9D%BC%EC%9D%84,본문/시조/김천택 - 인간(人間) 번우한 일을 (시기 미상).txt
발표 시기 미상,,발표 시기 미상,시조,인생(人生)을 헤아리니,김천택,42,https://ko.wikisource.org/wiki/%EC%9D%B8%EC%83%9D%EC%9D%84_%ED%97%A4%EC%95%84%EB%A6%AC%EB%8B%88,본문/시조/김천택 - 인생(人生)을 헤아리니 (시기 미상).txt
발표 시기 미상,,발표 시기 미상,시조,장검(長劍)을 빼어 들고,김천택,52,https://ko.wikisource.org/wiki/%EC%9E%A5%EA%B2%80%EC%9D%84_%EB%B9%BC%EC%96%B4_%EB%93%A4%EA%B3%A0_%28%EA%B9%80%EC%B2%9C%ED%83%9D%29,본문/시조/김천택 - 장검(長劍)을 빼어 들고 (시기 미상).txt
발표 시기 미상,,발표 시기 미상,시조,장생(莊生)의 하는 일이,김천택,49,https://ko.wikisource.org/wiki/%EC%9E%A5%EC%83%9D%EC%9D%98_%ED%95%98%EB%8A%94_%EC%9D%BC%EC%9D%B4,본문/시조/김천택 - 장생(莊生)의 하는 일이 (시기 미상).txt
발표 시기 미상,,발표 시기 미상,시조,전원(田園)에 남은 흥(興)을,김천택,103,https://ko.wikisource.org/wiki/%EC%A0%84%EC%9B%90%EC%97%90_%EB%82%A8%EC%9D%80_%ED%9D%A5%EC%9D%84,본문/시조/김천택 - 전원(田園)에 남은 흥(興)을 (시기 미상).txt
발표 시기 미상,,발표 시기 미상,시조,지족(知足)이면 불욕(不辱)이오,김천택,53,https://ko.wikisource.org/wiki/%EC%A7%80%EC%A1%B1%EC%9D%B4%EB%A9%B4_%EB%B6%88%EC%9A%95%EC%9D%B4%EC%98%A4,본문/시조/김천택 - 지족(知足)이면 불욕(不辱)이오 (시기 미상).txt
발표 시기 미상,,발표 시기 미상,시조,태산(泰山)에 올라 앉아,김천택,48,https://ko.wikisource.org/wiki/%ED%83%9C%EC%82%B0%EC%97%90_%EC%98%AC%EB%9D%BC_%EC%95%89%EC%95%84,본문/시조/김천택 - 태산(泰山)에 올라 앉아 (시기 미상).txt
발표 시기 미상,,발표 시기 미상,시조,하계진(賀季眞)의 경호수(鏡湖水)는,김천택,48,https://ko.wikisource.org/wiki/%ED%95%98%EA%B3%84%EC%A7%84%EC%9D%98_%EA%B2%BD%ED%98%B8%EC%88%98%EB%8A%94,본문/시조/김천택 - 하계진(賀季眞)의 경호수(鏡湖水)는 (시기 미상).txt
발표 시기 미상,,발표 시기 미상,시조,한 달 서른 날에,김천택,50,https://ko.wikisource.org/wiki/%ED%95%9C_%EB%8B%AC_%EC%84%9C%EB%A5%B8_%EB%82%A0%EC%97%90,본문/시조/김천택 - 한 달 서른 날에 (시기 미상).txt
발표 시기 미상,,발표 시기 미상,희곡,검사와 여선생,김춘광,30409,https://ko.wikisource.org/wiki/%EA%B2%80%EC%82%AC%EC%99%80_%EC%97%AC%EC%84%A0%EC%83%9D,본문/희곡/김춘광 - 검사와 여선생 (시기 미상).txt
발표 시기 미상,,발표 시기 미상,한시,등루,김택영,161,https://ko.wikisource.org/wiki/%EB%93%B1%EB%A3%A8_%28%EA%B9%80%ED%83%9D%EC%98%81%29,본문/한시/김택영 - 등루 (시기 미상).txt
발표 시기 미상,,발표 시기 미상,노래,낙지(樂只)쟈 오ᄂᆞᆯ이여,김현성,109,https://ko.wikisource.org/wiki/%EB%82%99%EC%A7%80%EC%9E%90_%EC%98%A4%EB%8A%98%EC%9D%B4%EC%97%AC,본문/노래/김현성 - 낙지(樂只)쟈 오ᄂᆞᆯ이여 (시기 미상).txt
발표 시기 미상,,발표 시기 미상,수필,내가 믿는 문구 몇 개,나도향,1584,https://ko.wikisource.org/wiki/%EB%82%B4%EA%B0%80_%EB%AF%BF%EB%8A%94_%EB%AC%B8%EA%B5%AC_%EB%AA%87_%EA%B0%9C,본문/수필/나도향 - 내가 믿는 문구 몇 개 (시기 미상).txt
발표 시기 미상,,발표 시기 미상,소설,당착,나도향,1624,https://ko.wikisource.org/wiki/%EB%8B%B9%EC%B0%A9,본문/소설/나도향 - 당착 (시기 미상).txt
발표 시기 미상,,발표 시기 미상,장편소설,어머니,나도향,154841,https://ko.wikisource.org/wiki/%EC%96%B4%EB%A8%B8%EB%8B%88_%28%EB%82%98%EB%8F%84%ED%96%A5%29,본문/장편소설/나도향 - 어머니 (시기 미상).txt
발표 시기 미상,,발표 시기 미상,수필,유행,나도향,1717,https://ko.wikisource.org/wiki/%EC%9C%A0%ED%96%89,본문/수필/나도향 - 유행 (시기 미상).txt
발표 시기 미상,,발표 시기 미상,수필,지난 일 년의 알쏭달쏭 수놓은 돗자리,나도향,3277,https://ko.wikisource.org/wiki/%EC%A7%80%EB%82%9C_%EC%9D%BC%EB%85%84%EC%9D%98_%EC%95%8C%EC%8F%AD%EB%8B%AC%EC%8F%AD_%EC%88%98%EB%86%93%EC%9D%80_%EB%8F%97%EC%9E%90%EB%A6%AC,본문/수필/나도향 - 지난 일 년의 알쏭달쏭 수놓은 돗자리 (시기 미상).txt
발표 시기 미상,,발표 시기 미상,수필,환희(幻戱) - 처녀작 발표 당시의 감상,나도향,760,https://ko.wikisource.org/wiki/%ED%99%98%ED%9D%AC_-_%EC%B2%98%EB%85%80%EC%9E%91_%EB%B0%9C%ED%91%9C_%EB%8B%B9%EC%8B%9C%EC%9D%98_%EA%B0%90%EC%83%81,본문/수필/나도향 - 환희(幻戱) - 처녀작 발표 당시의 감상 (시기 미상).txt
발표 시기 미상,,발표 시기 미상,시,노라,나혜석,200,https://ko.wikisource.org/wiki/%EB%85%B8%EB%9D%BC,본문/시/나혜석 - 노라 (시기 미상).txt
발표 시기 미상,,발표 시기 미상,시,외로움과 싸우다 객사하다,나혜석,213,https://ko.wikisource.org/wiki/%EC%99%B8%EB%A1%9C%EC%9B%80%EA%B3%BC_%EC%8B%B8%EC%9A%B0%EB%8B%A4_%EA%B0%9D%EC%82%AC%ED%95%98%EB%8B%A4,본문/시/나혜석 - 외로움과 싸우다 객사하다 (시기 미상).txt
발표 시기 미상,,발표 시기 미상,시,인형의 家,나혜석,234,https://ko.wikisource.org/wiki/%EC%9D%B8%ED%98%95%EC%9D%98_%E5%AE%B6,본문/시/나혜석 - 인형의 家 (시기 미상).txt
발표 시기 미상,,발표 시기 미상,노래,동창(東窓)이 ᄇᆞᆯ갓ᄂᆞ냐,남구만,112,https://ko.wikisource.org/wiki/%EB%8F%99%EC%B0%BD%EC%9D%B4_%EB%B0%9D%EC%95%98%EB%8A%90%EB%83%90,본문/노래/남구만 - 동창(東窓)이 ᄇᆞᆯ갓ᄂᆞ냐 (시기 미상).txt
발표 시기 미상,,발표 시기 미상,시,대지(大地)와 생명,남궁벽,35,https://ko.wikisource.org/wiki/%EB%8C%80%EC%A7%80%EC%99%80_%EC%83%9D%EB%AA%85,본문/시/남궁벽 - 대지(大地)와 생명 (시기 미상).txt
발표 시기 미상,,발표 시기 미상,시,대지(大地)의 찬,남궁벽,140,https://ko.wikisource.org/wiki/%EB%8C%80%EC%A7%80%EC%9D%98_%EC%B0%AC,본문/시/남궁벽 - 대지(大地)의 찬 (시기 미상).txt
발표 시기 미상,,발표 시기 미상,시,생명(生命)의 비의,남궁벽,274,https://ko.wikisource.org/wiki/%EC%83%9D%EB%AA%85%EC%9D%98_%EB%B9%84%EC%9D%98,본문/시/남궁벽 - 생명(生命)의 비의 (시기 미상).txt
발표 시기 미상,,발표 시기 미상,시,풀,남궁벽,227,https://ko.wikisource.org/wiki/%ED%92%80_%28%EB%82%A8%EA%B6%81%EB%B2%BD%29,본문/시/남궁벽 - 풀 (시기 미상).txt
발표 시기 미상,,발표 시기 미상,노래,장검(長劍)을 ᄲᅡ혀 들고,남이,46,https://ko.wikisource.org/wiki/%EC%9E%A5%EA%B2%80%EC%9D%84_%EB%B9%BC%EC%96%B4_%EB%93%A4%EA%B3%A0,본문/노래/남이 - 장검(長劍)을 ᄲᅡ혀 들고 (시기 미상).txt
발표 시기 미상,,발표 시기 미상,노래,적토마 살지게 먹여,남이,53,https://ko.wikisource.org/wiki/%EC%A0%81%ED%86%A0%EB%A7%88_%EC%82%B4%EC%A7%80%EA%B2%8C_%EB%A8%B9%EC%97%AC,본문/노래/남이 - 적토마 살지게 먹여 (시기 미상).txt
발표 시기 미상,,발표 시기 미상,시조,명명덕(明明德) 실은 수레,노수신,48,https://ko.wikisource.org/wiki/%EB%AA%85%EB%AA%85%EB%8D%95_%EC%8B%A4%EC%9D%80_%EC%88%98%EB%A0%88,본문/시조/노수신 - 명명덕(明明德) 실은 수레 (시기 미상).txt
발표 시기 미상,,발표 시기 미상,수필,杜翁의 片鱗,노자영,562,https://ko.wikisource.org/wiki/%EB%91%90%EC%98%B9%EC%9D%98_%ED%8E%B8%EB%A6%B0,본문/수필/노자영 - 杜翁의 片鱗 (시기 미상).txt
발표 시기 미상,,발표 시기 미상,수필,靑空의 書,노자영,580,https://ko.wikisource.org/wiki/%EC%B2%AD%EA%B3%B5%EC%9D%98_%EC%84%9C,본문/수필/노자영 - 靑空의 書 (시기 미상).txt
발표 시기 미상,,발표 시기 미상,수필,창공무한록,노자영,3023,https://ko.wikisource.org/wiki/%EC%B0%BD%EA%B3%B5%EB%AC%B4%ED%95%9C%EB%A1%9D,본문/수필/노자영 - 창공무한록 (시기 미상).txt
발표 시기 미상,,발표 시기 미상,시,싱가폴 함락,노천명,505,https://ko.wikisource.org/wiki/%EC%8B%B1%EA%B0%80%ED%8F%B4_%ED%95%A8%EB%9D%BD,본문/시/노천명 - 싱가폴 함락 (시기 미상).txt
발표 시기 미상,,발표 시기 미상,시조,무제,다복,47,https://ko.wikisource.org/wiki/%EB%B6%81%EB%91%90%EC%84%B1_%EA%B8%B0%EC%9A%B8%EC%96%B4_%EC%A7%80%EA%B3%A0,본문/시조/다복 - 무제 (시기 미상).txt
발표 시기 미상,,발표 시기 미상,노래,촉백제(蜀魄啼) 산월저(山月低)ᄒᆞ니,단종,74,https://ko.wikisource.org/wiki/%EC%B4%89%EB%B0%B1%EC%A0%9C_%EC%82%B0%EC%9B%94%EC%A0%80%ED%95%98%EB%8B%88,본문/노래/단종 - 촉백제(蜀魄啼) 산월저(山月低)ᄒᆞ니 (시기 미상).txt
발표 시기 미상,,발표 시기 미상,시,강남봉이구년,두보,55,https://ko.wikisource.org/wiki/%EA%B0%95%EB%82%A8%EB%B4%89%EC%9D%B4%EA%B5%AC%EB%85%84,본문/시/두보 - 강남봉이구년 (시기 미상).txt
발표 시기 미상,,발표 시기 미상,시,고도호총마행,두보,543,https://ko.wikisource.org/wiki/%EA%B3%A0%EB%8F%84%ED%98%B8%EC%B4%9D%EB%A7%88%ED%96%89,본문/시/두보 - 고도호총마행 (시기 미상).txt
발표 시기 미상,,발표 시기 미상,시,귀안,두보,105,https://ko.wikisource.org/wiki/%EA%B7%80%EC%95%88,본문/시/두보 - 귀안 (시기 미상).txt
발표 시기 미상,,발표 시기 미상,시,등고,두보,267,https://ko.wikisource.org/wiki/%EB%93%B1%EA%B3%A0,본문/시/두보 - 등고 (시기 미상).txt
발표 시기 미상,,발표 시기 미상,한시,등루,두보,200,https://ko.wikisource.org/wiki/%EB%93%B1%EB%A3%A8_%28%EB%91%90%EB%B3%B4%29,본문/한시/두보 - 등루 (시기 미상).txt
발표 시기 미상,,발표 시기 미상,한시,등악양루,두보,184,https://ko.wikisource.org/wiki/%EB%93%B1%EC%95%85%EC%96%91%EB%A3%A8,본문/한시/두보 - 등악양루 (시기 미상).txt
발표 시기 미상,,발표 시기 미상,시,옥화궁,두보,375,https://ko.wikisource.org/wiki/%EC%98%A5%ED%99%94%EA%B6%81,본문/시/두보 - 옥화궁 (시기 미상).txt
발표 시기 미상,,발표 시기 미상,시,춘야희우,두보,169,https://ko.wikisource.org/wiki/%EC%B6%98%EC%95%BC%ED%9D%AC%EC%9A%B0,본문/시/두보 - 춘야희우 (시기 미상).txt
발표 시기 미상,,발표 시기 미상,고전시가,모죽지랑가,득오곡,173,https://ko.wikisource.org/wiki/%EB%AA%A8%EC%A3%BD%EC%A7%80%EB%9E%91%EA%B0%80,본문/고전시가/득오곡 - 모죽지랑가 (시기 미상).txt
발표 시기 미상,,발표 시기 미상,시,478,로버트 루이스 스티븐슨,105,https://ko.wikisource.org/wiki/%ED%8E%98%EC%9D%B4%EC%A7%80%3A%EB%B0%95%EC%9A%A9%EC%B2%A0_%EB%B2%88%EC%97%AD_%EC%8B%9C%EC%A7%91%281939%29.pdf/478,본문/시/로버트 루이스 스티븐슨 - 478 (시기 미상).txt
발표 시기 미상,,발표 시기 미상,노래,추산(秋山)이 석양(夕陽)을 ᄠᅴ고,류자신,111,https://ko.wikisource.org/wiki/%EC%B6%94%EC%82%B0%EC%9D%B4_%EC%84%9D%EC%96%91%EC%9D%84_%EB%9D%84%EA%B3%A0,본문/노래/류자신 - 추산(秋山)이 석양(夕陽)을 ᄠᅴ고 (시기 미상).txt
발표 시기 미상,,발표 시기 미상,수필,거울,릴리안 리온,5376,https://ko.wikisource.org/wiki/%EB%B0%95%EC%9A%A9%EC%B2%A0_%EC%82%B0%EB%AC%B8%EC%A7%91/%EA%B1%B0%EC%9A%B8,본문/수필/릴리안 리온 - 거울 (시기 미상).txt
발표 시기 미상,,발표 시기 미상,한시,歲寒衣不到戱作,만해 한용운,48,https://ko.wikisource.org/wiki/%EC%84%B8%ED%95%9C%EC%9D%98%EB%B6%88%EB%8F%84%ED%9D%AC%EC%9E%91,본문/한시/만해 한용운 - 歲寒衣不到戱作 (시기 미상).txt
발표 시기 미상,,발표 시기 미상,노래,매화(梅花) 녯 등걸에,매화,105,https://ko.wikisource.org/wiki/%EB%A7%A4%ED%99%94_%EB%85%AF%EB%93%B1%EA%B1%B8%EC%97%90,본문/노래/매화 - 매화(梅花) 녯 등걸에 (시기 미상).txt
발표 시기 미상,,발표 시기 미상,시조,쥭어 니져야 ᄒᆞ랴,매화,56,https://ko.wikisource.org/wiki/%EC%A3%BD%EC%96%B4_%EC%9E%8A%EC%96%B4%EC%95%BC_%ED%95%98%EB%9E%B4,본문/시조/매화 - 쥭어 니져야 ᄒᆞ랴 (시기 미상).txt
발표 시기 미상,,발표 시기 미상,시조,강호사시가,맹사성,196,https://ko.wikisource.org/wiki/%EA%B0%95%ED%98%B8%EC%82%AC%EC%8B%9C%EA%B0%80,본문/시조/맹사성 - 강호사시가 (시기 미상).txt
발표 시기 미상,,발표 시기 미상,한시,대낭군,명기 능운,56,https://ko.wikisource.org/wiki/%EB%8C%80%EB%82%AD%EA%B5%B0,본문/한시/명기 능운 - 대낭군 (시기 미상).txt
발표 시기 미상,,발표 시기 미상,시조,무제,명옥,57,https://ko.wikisource.org/wiki/%EA%BF%88%EC%97%90_%EB%B5%88%EB%8A%94_%EB%8B%98%EC%9D%B4,본문/시조/명옥 - 무제 (시기 미상).txt
발표 시기 미상,,발표 시기 미상,고전시가,서동요,무왕,25,https://ko.wikisource.org/wiki/%EC%84%9C%EB%8F%99%EC%9A%94,본문/고전시가/무왕 - 서동요 (시기 미상).txt
발표 시기 미상,,발표 시기 미상,판소리,가루지기 타령,미상,32345,https://ko.wikisource.org/wiki/%EA%B0%80%EB%A3%A8%EC%A7%80%EA%B8%B0_%ED%83%80%EB%A0%B9_%EC%84%B1%EB%91%90%EB%B3%B8,본문/판소리/미상 - 가루지기 타령 (시기 미상).txt
발표 시기 미상,,발표 시기 미상,고전시가,가시리,미상,202,https://ko.wikisource.org/wiki/%EA%B0%80%EC%8B%9C%EB%A6%AC,본문/고전시가/미상 - 가시리 (시기 미상).txt
발표 시기 미상,,발표 시기 미상,시조,개를 여남은이나 기르되,미상,203,https://ko.wikisource.org/wiki/%EA%B0%9C%EB%A5%BC_%EC%97%AC%EB%9D%BC%EB%AF%84%EC%9D%B4%EB%82%98_%EA%B8%B0%EB%A5%B4%EB%90%98,본문/시조/미상 - 개를 여남은이나 기르되 (시기 미상).txt
발표 시기 미상,,발표 시기 미상,노래,곰 세마리,미상,49,https://ko.wikisource.org/wiki/%EA%B3%B0_%EC%84%B8_%EB%A7%88%EB%A6%AC,본문/노래/미상 - 곰 세마리 (시기 미상).txt
발표 시기 미상,,발표 시기 미상,한시,구지가,미상,24,https://ko.wikisource.org/wiki/%EA%B5%AC%EC%A7%80%EA%B0%80,본문/한시/미상 - 구지가 (시기 미상).txt
발표 시기 미상,,발표 시기 미상,소설,권2,미상,25387,https://ko.wikisource.org/wiki/%EC%A0%95%EC%A7%84%EC%82%AC%EC%A0%84_%28%ED%95%9C%EA%B5%AC000037%29/%EA%B6%8C2,본문/소설/미상 - 권2 (시기 미상).txt
발표 시기 미상,,발표 시기 미상,소설,권상,미상,26519,https://ko.wikisource.org/wiki/%EC%88%99%ED%96%A5%EC%A0%84_%28%EC%84%9C%EA%B0%95%EB%8C%80_%EC%86%8C%EC%9E%A5%EB%B3%B8%29/%EA%B6%8C%EC%83%81,본문/소설/미상 - 권상 (시기 미상).txt
발표 시기 미상,,발표 시기 미상,가사,녀행편,미상,5647,https://ko.wikisource.org/wiki/%EB%85%80%ED%96%89%ED%8E%B8,본문/가사/미상 - 녀행편 (시기 미상).txt
발표 시기 미상,,발표 시기 미상,고전시가,동동,미상,538,https://ko.wikisource.org/wiki/%EB%8F%99%EB%8F%99,본문/고전시가/미상 - 동동 (시기 미상).txt
발표 시기 미상,,발표 시기 미상,고전시가,만전춘,미상,366,https://ko.wikisource.org/wiki/%EB%A7%8C%EC%A0%84%EC%B6%98,본문/고전시가/미상 - 만전춘 (시기 미상).txt
발표 시기 미상,,발표 시기 미상,시조,무제,미상,127,https://ko.wikisource.org/wiki/%ED%95%9C%EC%88%A8%EC%95%84_%EC%85%B0%ED%95%9C%EC%88%A8%EC%95%84,본문/시조/미상 - 무제 (시기 미상).txt
발표 시기 미상,,발표 시기 미상,소설,반씨전,미상,32508,https://ko.wikisource.org/wiki/%EB%B0%98%EC%94%A8%EC%A0%84_%28%EA%B5%AD%EB%A6%BD%ED%95%9C%EA%B8%80%EB%B0%95%EB%AC%BC%EA%B4%80_%EC%86%8C%EC%9E%A5%EB%B3%B8%29,본문/소설/미상 - 반씨전 (시기 미상).txt
발표 시기 미상,,발표 시기 미상,고전시가,사모곡,미상,74,https://ko.wikisource.org/wiki/%EC%82%AC%EB%AA%A8%EA%B3%A1,본문/고전시가/미상 - 사모곡 (시기 미상).txt
발표 시기 미상,,발표 시기 미상,소설,상권,미상,40747,https://ko.wikisource.org/wiki/%ED%97%88%EC%9D%B8%EC%A0%84/%EC%83%81%EA%B6%8C,본문/소설/미상 - 상권 (시기 미상).txt
발표 시기 미상,,발표 시기 미상,고전시가,상저가,미상,48,https://ko.wikisource.org/wiki/%EC%83%81%EC%A0%80%EA%B0%80,본문/고전시가/미상 - 상저가 (시기 미상).txt
발표 시기 미상,,발표 시기 미상,고전시가,서경별곡,미상,460,https://ko.wikisource.org/wiki/%EC%84%9C%EA%B2%BD%EB%B3%84%EA%B3%A1,본문/고전시가/미상 - 서경별곡 (시기 미상).txt
발표 시기 미상,,발표 시기 미상,고전시가,쌍화점,미상,1004,https://ko.wikisource.org/wiki/%EC%8C%8D%ED%99%94%EC%A0%90,본문/고전시가/미상 - 쌍화점 (시기 미상).txt
발표 시기 미상,,발표 시기 미상,노래,애원성,미상,204,https://ko.wikisource.org/wiki/%EC%95%A0%EC%9B%90%EC%84%B1,본문/노래/미상 - 애원성 (시기 미상).txt
발표 시기 미상,,발표 시기 미상,노래,왕생가,미상,2391,https://ko.wikisource.org/wiki/%EC%99%95%EC%83%9D%EA%B0%80,본문/노래/미상 - 왕생가 (시기 미상).txt
발표 시기 미상,,발표 시기 미상,고전시가,유구곡,미상,43,https://ko.wikisource.org/wiki/%EC%9C%A0%EA%B5%AC%EA%B3%A1,본문/고전시가/미상 - 유구곡 (시기 미상).txt
발표 시기 미상,,발표 시기 미상,고전시가,유산가,미상,739,https://ko.wikisource.org/wiki/%EC%9C%A0%EC%82%B0%EA%B0%80,본문/고전시가/미상 - 유산가 (시기 미상).txt
발표 시기 미상,,발표 시기 미상,고전시가,이상곡,미상,178,https://ko.wikisource.org/wiki/%EC%9D%B4%EC%83%81%EA%B3%A1,본문/고전시가/미상 - 이상곡 (시기 미상).txt
발표 시기 미상,,발표 시기 미상,소설,인향전,미상,20771,https://ko.wikisource.org/wiki/%EC%9D%B8%ED%96%A5%EC%A0%84,본문/소설/미상 - 인향전 (시기 미상).txt
발표 시기 미상,,발표 시기 미상,판소리,적벽가,미상,29364,https://ko.wikisource.org/wiki/%EC%A0%81%EB%B2%BD%EA%B0%80_%EC%84%B1%EB%91%90%EB%B3%B8,본문/판소리/미상 - 적벽가 (시기 미상).txt
발표 시기 미상,,발표 시기 미상,고전시가,정석가,미상,466,https://ko.wikisource.org/wiki/%EC%A0%95%EC%84%9D%EA%B0%80,본문/고전시가/미상 - 정석가 (시기 미상).txt
발표 시기 미상,,발표 시기 미상,소설,제마무전,미상,15291,https://ko.wikisource.org/wiki/%EC%A0%9C%EB%A7%88%EB%AC%B4%EC%A0%84_%28%EA%B5%AD%EB%A6%BD%EA%B5%AD%EC%96%B4%EC%9B%90_%EC%86%8C%EC%9E%A5%EB%B3%B8%29,본문/소설/미상 - 제마무전 (시기 미상).txt
발표 시기 미상,,발표 시기 미상,고전시가,청산별곡,미상,408,https://ko.wikisource.org/wiki/%EC%B2%AD%EC%82%B0%EB%B3%84%EA%B3%A1,본문/고전시가/미상 - 청산별곡 (시기 미상).txt
발표 시기 미상,,발표 시기 미상,가사,춘면곡,미상,3105,https://ko.wikisource.org/wiki/%EC%B6%98%EB%A9%B4%EA%B3%A1,본문/가사/미상 - 춘면곡 (시기 미상).txt
발표 시기 미상,,발표 시기 미상,고전시가,풍요,미상,26,https://ko.wikisource.org/wiki/%ED%92%8D%EC%9A%94,본문/고전시가/미상 - 풍요 (시기 미상).txt
발표 시기 미상,,발표 시기 미상,소설,하권,미상,55000,https://ko.wikisource.org/wiki/%ED%97%88%EC%9D%B8%EC%A0%84/%ED%95%98%EA%B6%8C,본문/소설/미상 - 하권 (시기 미상).txt
발표 시기 미상,,발표 시기 미상,판소리,흥보가,미상,41031,https://ko.wikisource.org/wiki/%ED%9D%A5%EB%B3%B4%EA%B0%80_%EC%8B%A0%EC%9E%AC%ED%9A%A8%EB%B3%B8,본문/판소리/미상 - 흥보가 (시기 미상).txt
발표 시기 미상,,발표 시기 미상,고전시가,풍랑가,미실,56,https://ko.wikisource.org/wiki/%ED%92%8D%EB%9E%91%EA%B0%80,본문/고전시가/미실 - 풍랑가 (시기 미상).txt
발표 시기 미상,,발표 시기 미상,노래,ᄃᆞᆯ ᄇᆞᆯ근 五禮城에,박계현,52,https://ko.wikisource.org/wiki/%EB%8B%AC_%EB%B0%9D%EC%9D%80_%EC%98%A4%EB%A1%80%EC%84%B1%EC%97%90,본문/노래/박계현 - ᄃᆞᆯ ᄇᆞᆯ근 五禮城에 (시기 미상).txt
발표 시기 미상,,발표 시기 미상,노래,녹류간(綠柳間) 황앵아(黃鶯兒)들아,박영수,60,https://ko.wikisource.org/wiki/%EB%85%B9%EB%A5%98%EA%B0%84_%ED%99%A9%EC%95%B5%EC%95%84%EB%93%A4%EC%95%84,본문/노래/박영수 - 녹류간(綠柳間) 황앵아(黃鶯兒)들아 (시기 미상).txt
발표 시기 미상,,발표 시기 미상,노래,서상(西廂)에 기약(期約)ᄒᆞᆫ 님이,박영수,52,https://ko.wikisource.org/wiki/%EC%84%9C%EC%83%81%EC%97%90_%EA%B8%B0%EC%95%BD%ED%95%9C_%EB%8B%98%EC%9D%B4,본문/노래/박영수 - 서상(西廂)에 기약(期約)ᄒᆞᆫ 님이 (시기 미상).txt
발표 시기 미상,,발표 시기 미상,노래,우러셔 나는 눈물,박영수,45,https://ko.wikisource.org/wiki/%EC%9A%B8%EC%96%B4%EC%84%9C_%EB%82%98%EB%8A%94_%EB%88%88%EB%AC%BC,본문/노래/박영수 - 우러셔 나는 눈물 (시기 미상).txt
발표 시기 미상,,발표 시기 미상,노래,천리(千里)에 글이는 님을,박영수,59,https://ko.wikisource.org/wiki/%EC%B2%9C%EB%A6%AC%EC%97%90_%EA%B7%B8%EB%A6%AC%EB%8A%94_%EB%8B%98%EC%9D%84,본문/노래/박영수 - 천리(千里)에 글이는 님을 (시기 미상).txt
발표 시기 미상,,발표 시기 미상,노래,화락(花落) 춘광진(春光盡)이요,박영수,48,https://ko.wikisource.org/wiki/%ED%99%94%EB%9D%BD_%EC%B6%98%EA%B4%91%EC%A7%84%EC%9D%B4%EC%9A%94,본문/노래/박영수 - 화락(花落) 춘광진(春光盡)이요 (시기 미상).txt
발표 시기 미상,,발표 시기 미상,수필,개 싸움,박용철,811,https://ko.wikisource.org/wiki/%EB%B0%95%EC%9A%A9%EC%B2%A0_%EC%82%B0%EB%AC%B8%EC%A7%91/%EA%B0%9C_%EC%8B%B8%EC%9B%80,본문/수필/박용철 - 개 싸움 (시기 미상).txt
발표 시기 미상,,발표 시기 미상,수필,문단 의견 설문,박용철,3056,https://ko.wikisource.org/wiki/%EB%B0%95%EC%9A%A9%EC%B2%A0_%EC%82%B0%EB%AC%B8%EC%A7%91/%EB%AC%B8%EB%8B%A8_%EC%9D%98%EA%B2%AC_%EC%84%A4%EB%AC%B8,본문/수필/박용철 - 문단 의견 설문 (시기 미상).txt
발표 시기 미상,,발표 시기 미상,수필,부주전 상백시,박용철,54306,https://ko.wikisource.org/wiki/%EB%B0%95%EC%9A%A9%EC%B2%A0_%EC%82%B0%EB%AC%B8%EC%A7%91/%EB%B6%80%EC%A3%BC%EC%A0%84_%EC%83%81%EB%B0%B1%EC%8B%9C,본문/수필/박용철 - 부주전 상백시 (시기 미상).txt
발표 시기 미상,,발표 시기 미상,희곡,사랑의 기적,박용철,5946,https://ko.wikisource.org/wiki/%EB%B0%95%EC%9A%A9%EC%B2%A0_%EC%82%B0%EB%AC%B8%EC%A7%91/%EC%82%AC%EB%9E%91%EC%9D%98_%EA%B8%B0%EC%A0%81,본문/희곡/박용철 - 사랑의 기적 (시기 미상).txt
발표 시기 미상,,발표 시기 미상,수필,서울,박용철,1187,https://ko.wikisource.org/wiki/%EB%B0%95%EC%9A%A9%EC%B2%A0_%EC%82%B0%EB%AC%B8%EC%A7%91/%EC%84%9C%EC%9A%B8,본문/수필/박용철 - 서울 (시기 미상).txt
발표 시기 미상,,발표 시기 미상,수필,애사,박용철,602,https://ko.wikisource.org/wiki/%EB%B0%95%EC%9A%A9%EC%B2%A0_%EC%82%B0%EB%AC%B8%EC%A7%91/%EC%95%A0%EC%82%AC,본문/수필/박용철 - 애사 (시기 미상).txt
발표 시기 미상,,발표 시기 미상,수필,일기초,박용철,7546,https://ko.wikisource.org/wiki/%EB%B0%95%EC%9A%A9%EC%B2%A0_%EC%82%B0%EB%AC%B8%EC%A7%91/%EC%9D%BC%EA%B8%B0%EC%B4%88,본문/수필/박용철 - 일기초 (시기 미상).txt
발표 시기 미상,,발표 시기 미상,수필,주머니,박용철,1333,https://ko.wikisource.org/wiki/%EB%B0%95%EC%9A%A9%EC%B2%A0_%EC%82%B0%EB%AC%B8%EC%A7%91/%EC%A3%BC%EB%A8%B8%EB%8B%88,본문/수필/박용철 - 주머니 (시기 미상).txt
발표 시기 미상,,발표 시기 미상,수필,추의,박용철,663,https://ko.wikisource.org/wiki/%EB%B0%95%EC%9A%A9%EC%B2%A0_%EC%82%B0%EB%AC%B8%EC%A7%91/%EC%B6%94%EC%9D%98,본문/수필/박용철 - 추의 (시기 미상).txt
발표 시기 미상,,발표 시기 미상,수필,편집 잔영,박용철,7740,https://ko.wikisource.org/wiki/%EB%B0%95%EC%9A%A9%EC%B2%A0_%EC%82%B0%EB%AC%B8%EC%A7%91/%ED%8E%B8%EC%A7%91_%EC%9E%94%EC%98%81,본문/수필/박용철 - 편집 잔영 (시기 미상).txt
발표 시기 미상,,발표 시기 미상,수필,한 거름 비켜서면,박용철,1194,https://ko.wikisource.org/wiki/%EB%B0%95%EC%9A%A9%EC%B2%A0_%EC%82%B0%EB%AC%B8%EC%A7%91/%ED%95%9C_%EA%B1%B0%EB%A6%84_%EB%B9%84%EC%BC%9C%EC%84%9C%EB%A9%B4,본문/수필/박용철 - 한 거름 비켜서면 (시기 미상).txt
발표 시기 미상,,발표 시기 미상,시조,노주유거,박인로,65,https://ko.wikisource.org/wiki/%EB%85%B8%EC%A3%BC%EC%9C%A0%EA%B1%B0,본문/시조/박인로 - 노주유거 (시기 미상).txt
발표 시기 미상,,발표 시기 미상,시조,모현,박인로,159,https://ko.wikisource.org/wiki/%EB%AA%A8%ED%98%84,본문/시조/박인로 - 모현 (시기 미상).txt
발표 시기 미상,,발표 시기 미상,노래,비즌 술 다 머그니,박인로,48,https://ko.wikisource.org/wiki/%EB%B9%9A%EC%9D%80_%EC%88%A0_%EB%8B%A4_%EB%A8%B9%EC%9C%BC%EB%8B%88,본문/노래/박인로 - 비즌 술 다 머그니 (시기 미상).txt
발표 시기 미상,,발표 시기 미상,시조,사친,박인로,71,https://ko.wikisource.org/wiki/%EC%82%AC%EC%B9%9C_%28%EB%B0%95%EC%9D%B8%EB%A1%9C%29,본문/시조/박인로 - 사친 (시기 미상).txt
발표 시기 미상,,발표 시기 미상,시조,오륜가,박인로,1857,https://ko.wikisource.org/wiki/%EC%98%A4%EB%A5%9C%EA%B0%80_%28%EB%B0%95%EC%9D%B8%EB%A1%9C%29,본문/시조/박인로 - 오륜가 (시기 미상).txt
발표 시기 미상,,발표 시기 미상,시조,왕상(王祥)의 잉어(鯉魚)ᄌᆞᆸ고,박인로,48,https://ko.wikisource.org/wiki/%EC%99%95%EC%83%81%EC%9D%98_%EC%9E%89%EC%96%B4_%EC%9E%A1%EA%B3%A0,본문/시조/박인로 - 왕상(王祥)의 잉어(鯉魚)ᄌᆞᆸ고 (시기 미상).txt
발표 시기 미상,,발표 시기 미상,시조,입암가,박인로,2088,https://ko.wikisource.org/wiki/%EC%9E%85%EC%95%94%EA%B0%80,본문/시조/박인로 - 입암가 (시기 미상).txt
발표 시기 미상,,발표 시기 미상,시조,자경,박인로,193,https://ko.wikisource.org/wiki/%EC%9E%90%EA%B2%BD,본문/시조/박인로 - 자경 (시기 미상).txt
발표 시기 미상,,발표 시기 미상,시,목마와 숙녀,박인환,443,https://ko.wikisource.org/wiki/%EB%AA%A9%EB%A7%88%EC%99%80_%EC%88%99%EB%85%80/%EB%AA%A9%EB%A7%88%EC%99%80_%EC%88%99%EB%85%80,본문/시/박인환 - 목마와 숙녀 (시기 미상).txt
발표 시기 미상,,발표 시기 미상,시,세월이 가면,박인환,157,https://ko.wikisource.org/wiki/%EB%AA%A9%EB%A7%88%EC%99%80_%EC%88%99%EB%85%80/%EC%84%B8%EC%9B%94%EC%9D%B4_%EA%B0%80%EB%A9%B4,본문/시/박인환 - 세월이 가면 (시기 미상).txt
발표 시기 미상,,발표 시기 미상,시,얼굴,박인환,252,https://ko.wikisource.org/wiki/%EC%96%BC%EA%B5%B4,본문/시/박인환 - 얼굴 (시기 미상).txt
발표 시기 미상,,발표 시기 미상,서간,제1권 연상각선본 상,박지원,23510,https://ko.wikisource.org/wiki/%EC%97%B0%EC%95%94%EC%A7%91/%EC%A0%9C1%EA%B6%8C,본문/서간/박지원 - 제1권 연상각선본 상 (시기 미상).txt
발표 시기 미상,,발표 시기 미상,서간,제8권 방경각외전,박지원,12316,https://ko.wikisource.org/wiki/%EC%97%B0%EC%95%94%EC%A7%91/%EC%A0%9C8%EA%B6%8C_%EB%B3%84%EC%A7%91,본문/서간/박지원 - 제8권 방경각외전 (시기 미상).txt
발표 시기 미상,,발표 시기 미상,서간,회우록서,"박지원, 민백순",2804,https://ko.wikisource.org/wiki/%EB%8B%B4%ED%97%8C%EC%84%9C/%EC%99%B8%EC%A7%91_1%EA%B6%8C/%ED%9A%8C%EC%9A%B0%EB%A1%9D%EC%84%9C,"본문/서간/박지원, 민백순 - 회우록서 (시기 미상).txt"
발표 시기 미상,,발표 시기 미상,노래,청산(靑山) 자부송(自負松)아,박태보,49,https://ko.wikisource.org/wiki/%EC%B2%AD%EC%82%B0_%EC%9E%90%EB%B6%80%EC%86%A1%EC%95%84,본문/노래/박태보 - 청산(靑山) 자부송(自負松)아 (시기 미상).txt
발표 시기 미상,,발표 시기 미상,노래,흉중(胸中)에 불이 나니,박태보,54,https://ko.wikisource.org/wiki/%ED%9D%89%EC%A4%91%EC%97%90_%EB%B6%88%EC%9D%B4_%EB%82%98%EB%8B%88,본문/노래/박태보 - 흉중(胸中)에 불이 나니 (시기 미상).txt
발표 시기 미상,,발표 시기 미상,시조,가마귀 눈비 마자,박팽년,49,https://ko.wikisource.org/wiki/%EA%B9%8C%EB%A7%88%EA%B7%80_%EB%88%88%EB%B9%84_%EB%A7%9E%EC%95%84,본문/시조/박팽년 - 가마귀 눈비 마자 (시기 미상).txt
발표 시기 미상,,발표 시기 미상,시조,금생여수(金生麗水)ㅣ라 ᄒᆞ니,박팽년,55,https://ko.wikisource.org/wiki/%EA%B8%88%EC%83%9D%EC%97%AC%EC%88%98%EC%9D%B4%EB%9D%BC_%ED%95%9C%EB%93%A4,본문/시조/박팽년 - 금생여수(金生麗水)ㅣ라 ᄒᆞ니 (시기 미상).txt
발표 시기 미상,,발표 시기 미상,시조,ᄭᅮᆷ에 왓던 님이,박효관,129,https://ko.wikisource.org/wiki/%EA%BF%88%EC%97%90_%EC%99%94%EB%8D%98_%EB%8B%98%EC%9D%B4,본문/시조/박효관 - ᄭᅮᆷ에 왓던 님이 (시기 미상).txt
발표 시기 미상,,발표 시기 미상,시조,공산(空山)에 우는 뎝동,박효관,47,https://ko.wikisource.org/wiki/%EA%B3%B5%EC%82%B0%EC%97%90_%EC%9A%B0%EB%8A%94_%EC%A0%91%EB%8F%99,본문/시조/박효관 - 공산(空山)에 우는 뎝동 (시기 미상).txt
발표 시기 미상,,발표 시기 미상,시조,낙성(洛城) 서북(西北) 삼계동천(三溪洞天)에,박효관,66,https://ko.wikisource.org/wiki/%EB%82%99%EC%84%B1_%EC%84%9C%EB%B6%81_%EC%82%BC%EA%B3%84%EB%8F%99%EC%B2%9C%EC%97%90,본문/시조/박효관 - 낙성(洛城) 서북(西北) 삼계동천(三溪洞天)에 (시기 미상).txt
발표 시기 미상,,발표 시기 미상,시조,뉘라셔 가마귀를,박효관,52,https://ko.wikisource.org/wiki/%EB%89%98%EB%9D%BC%EC%84%9C_%EA%B9%8C%EB%A7%88%EA%B7%80%EB%A5%BC,본문/시조/박효관 - 뉘라셔 가마귀를 (시기 미상).txt
발표 시기 미상,,발표 시기 미상,시조,님 글인 상사몽(相思夢)이,박효관,49,https://ko.wikisource.org/wiki/%EB%8B%98_%EA%B7%B8%EB%A6%B0_%EC%83%81%EC%82%AC%EB%AA%BD%EC%9D%B4,본문/시조/박효관 - 님 글인 상사몽(相思夢)이 (시기 미상).txt
발표 시기 미상,,발표 시기 미상,시조,님이 가오실 뎍에,박효관,51,https://ko.wikisource.org/wiki/%EB%8B%98%EC%9D%B4_%EA%B0%80%EC%98%A4%EC%8B%A4_%EC%A0%81%EC%97%90,본문/시조/박효관 - 님이 가오실 뎍에 (시기 미상).txt
발표 시기 미상,,발표 시기 미상,노래,동군(東君)이 도라오니,박효관,49,https://ko.wikisource.org/wiki/%EB%8F%99%EA%B5%B0%EC%9D%B4_%EB%8F%8C%EC%95%84%EC%98%A4%EB%8B%88,본문/노래/박효관 - 동군(東君)이 도라오니 (시기 미상).txt
발표 시기 미상,,발표 시기 미상,시조,서리 티고 별 성긘 제,박효관,55,https://ko.wikisource.org/wiki/%EC%84%9C%EB%A6%AC_%EC%B9%98%EA%B3%A0_%EB%B3%84_%EC%84%B1%EA%B8%B4_%EC%A0%9C,본문/시조/박효관 - 서리 티고 별 성긘 제 (시기 미상).txt
발표 시기 미상,,발표 시기 미상,시조,세월(歲月)이 유수(流水)ㅣ로다,박효관,54,https://ko.wikisource.org/wiki/%EC%84%B8%EC%9B%94%EC%9D%B4_%EC%9C%A0%EC%88%98%EB%A1%9C%EB%8B%A4,본문/시조/박효관 - 세월(歲月)이 유수(流水)ㅣ로다 (시기 미상).txt
발표 시기 미상,,발표 시기 미상,시조,어와(於臥) ᄂᆡ 일이여,박효관,59,https://ko.wikisource.org/wiki/%EC%96%B4%EC%99%80_%EB%82%B4_%EC%9D%BC%EC%9D%B4%EC%97%AC,본문/시조/박효관 - 어와(於臥) ᄂᆡ 일이여 (시기 미상).txt
발표 시기 미상,,발표 시기 미상,노래,주수구방(周雖舊邦)이나,박효관,47,https://ko.wikisource.org/wiki/%EC%A3%BC%EC%88%98%EA%B5%AC%EB%B0%A9%EC%9D%B4%EB%82%98,본문/노래/박효관 - 주수구방(周雖舊邦)이나 (시기 미상).txt
발표 시기 미상,,발표 시기 미상,시조,춘풍화후(春風和煦) 호시(好時)에,박효관,46,https://ko.wikisource.org/wiki/%EC%B6%98%ED%92%8D%ED%99%94%ED%9B%84_%ED%98%B8%EC%8B%9C%EC%97%90,본문/시조/박효관 - 춘풍화후(春風和煦) 호시(好時)에 (시기 미상).txt
발표 시기 미상,,발표 시기 미상,시조,폐일운(蔽日雲) ᄡᅳ릇치고,박효관,53,https://ko.wikisource.org/wiki/%ED%8F%90%EC%9D%BC%EC%9A%B4_%EC%81%98%EB%A6%87%EC%B9%98%EA%B3%A0,본문/시조/박효관 - 폐일운(蔽日雲) ᄡᅳ릇치고 (시기 미상).txt
발표 시기 미상,,발표 시기 미상,노래,태공(太公)의 고기 낙던 낙ᄃᆡ,박후웅,57,https://ko.wikisource.org/wiki/%ED%83%9C%EA%B3%B5%EC%9D%98_%EA%B3%A0%EA%B8%B0_%EB%82%9A%EB%8D%98_%EB%82%9A%EB%8C%80,본문/노래/박후웅 - 태공(太公)의 고기 낙던 낙ᄃᆡ (시기 미상).txt
발표 시기 미상,,발표 시기 미상,수필,銀(은)파리,방정환,309,https://ko.wikisource.org/wiki/%EC%9D%80%ED%8C%8C%EB%A6%AC,본문/수필/방정환 - 銀(은)파리 (시기 미상).txt
발표 시기 미상,,발표 시기 미상,수필,골계만화(滑稽漫話) 여류 운동가,방정환,4283,https://ko.wikisource.org/wiki/%EC%97%AC%EB%A5%98_%EC%9A%B4%EB%8F%99%EA%B0%80,본문/수필/방정환 - 골계만화(滑稽漫話) 여류 운동가 (시기 미상).txt
발표 시기 미상,,발표 시기 미상,시조,ᄂᆡᄒᆡ 둇타 ᄒᆞ고,변계량,55,https://ko.wikisource.org/wiki/%EB%82%B4%EA%B2%8C_%EC%A2%8B%EB%8B%A4_%ED%95%98%EA%B3%A0,본문/시조/변계량 - ᄂᆡᄒᆡ 둇타 ᄒᆞ고 (시기 미상).txt
발표 시기 미상,,발표 시기 미상,시,近吟 三首[근음 삼수],변영로,156,https://ko.wikisource.org/wiki/%EA%B7%BC%EC%9D%8C_%EC%82%BC%EC%88%98,본문/시/변영로 - 近吟 三首[근음 삼수] (시기 미상).txt
발표 시기 미상,,발표 시기 미상,시,그림 그리는 가을,변영로,185,https://ko.wikisource.org/wiki/%EA%B7%B8%EB%A6%BC_%EA%B7%B8%EB%A6%AC%EB%8A%94_%EA%B0%80%EC%9D%84,본문/시/변영로 - 그림 그리는 가을 (시기 미상).txt
발표 시기 미상,,발표 시기 미상,시,나비,변영로,75,https://ko.wikisource.org/wiki/%EB%82%98%EB%B9%84,본문/시/변영로 - 나비 (시기 미상).txt
발표 시기 미상,,발표 시기 미상,시,늙은 새,변영로,124,https://ko.wikisource.org/wiki/%EB%8A%99%EC%9D%80_%EC%83%88,본문/시/변영로 - 늙은 새 (시기 미상).txt
발표 시기 미상,,발표 시기 미상,시,바람은 베일 수 없듯이,변영로,277,https://ko.wikisource.org/wiki/%EB%B0%94%EB%9E%8C%EC%9D%80_%EB%B2%A0%EC%9D%BC_%EC%88%98_%EC%97%86%EB%93%AF%EC%9D%B4,본문/시/변영로 - 바람은 베일 수 없듯이 (시기 미상).txt
발표 시기 미상,,발표 시기 미상,시,"오, 고달픈 심장이여",변영로,235,https://ko.wikisource.org/wiki/%EC%98%A4%2C_%EA%B3%A0%EB%8B%AC%ED%94%88_%EC%8B%AC%EC%9E%A5%EC%9D%B4%EC%97%AC,"본문/시/변영로 - 오, 고달픈 심장이여 (시기 미상).txt"
발표 시기 미상,,발표 시기 미상,시,오직 하나인 眞理[진리],변영로,294,https://ko.wikisource.org/wiki/%EC%98%A4%EC%A7%81_%ED%95%98%EB%82%98%EC%9D%B8_%EC%A7%84%EB%A6%AC,본문/시/변영로 - 오직 하나인 眞理[진리] (시기 미상).txt
발표 시기 미상,,발표 시기 미상,시,외곬과 한쪽으로,변영로,233,https://ko.wikisource.org/wiki/%EC%99%B8%EA%B3%AC%EA%B3%BC_%ED%95%9C%EC%AA%BD%EC%9C%BC%EB%A1%9C,본문/시/변영로 - 외곬과 한쪽으로 (시기 미상).txt
발표 시기 미상,,발표 시기 미상,시,잠 놓친 밤,변영로,241,https://ko.wikisource.org/wiki/%EC%9E%A0_%EB%86%93%EC%B9%9C_%EB%B0%A4,본문/시/변영로 - 잠 놓친 밤 (시기 미상).txt
발표 시기 미상,,발표 시기 미상,시,거울을 들고,삼의당 김씨,150,https://ko.wikisource.org/wiki/%EC%A1%B0%EC%84%A0%EC%97%AC%EB%A5%98%ED%95%9C%EC%8B%9C%EC%84%A0%EC%A7%91/%EA%B1%B0%EC%9A%B8%EC%9D%84_%EB%93%A4%EA%B3%A0,본문/시/삼의당 김씨 - 거울을 들고 (시기 미상).txt
발표 시기 미상,,발표 시기 미상,시,깊은 밤에,삼의당 김씨,150,https://ko.wikisource.org/wiki/%EC%A1%B0%EC%84%A0%EC%97%AC%EB%A5%98%ED%95%9C%EC%8B%9C%EC%84%A0%EC%A7%91/%EA%B9%8A%EC%9D%80_%EB%B0%A4%EC%97%90,본문/시/삼의당 김씨 - 깊은 밤에 (시기 미상).txt
발표 시기 미상,,발표 시기 미상,시,꽃을 꺾고,삼의당 김씨,134,https://ko.wikisource.org/wiki/%EC%A1%B0%EC%84%A0%EC%97%AC%EB%A5%98%ED%95%9C%EC%8B%9C%EC%84%A0%EC%A7%91/%EA%BD%83%EC%9D%84_%EA%BA%BE%EA%B3%A0,본문/시/삼의당 김씨 - 꽃을 꺾고 (시기 미상).txt
발표 시기 미상,,발표 시기 미상,시,꽃이 지자,삼의당 김씨,121,https://ko.wikisource.org/wiki/%EC%A1%B0%EC%84%A0%EC%97%AC%EB%A5%98%ED%95%9C%EC%8B%9C%EC%84%A0%EC%A7%91/%EA%BD%83%EC%9D%B4_%EC%A7%80%EC%9E%90,본문/시/삼의당 김씨 - 꽃이 지자 (시기 미상).txt
발표 시기 미상,,발표 시기 미상,시,꾀꼴이,삼의당 김씨,133,https://ko.wikisource.org/wiki/%EC%A1%B0%EC%84%A0%EC%97%AC%EB%A5%98%ED%95%9C%EC%8B%9C%EC%84%A0%EC%A7%91/%EA%BE%80%EA%BC%AC%EB%A6%AC,본문/시/삼의당 김씨 - 꾀꼴이 (시기 미상).txt
발표 시기 미상,,발표 시기 미상,시,농촌(農村) 여름 풍경,삼의당 김씨,150,https://ko.wikisource.org/wiki/%EC%A1%B0%EC%84%A0%EC%97%AC%EB%A5%98%ED%95%9C%EC%8B%9C%EC%84%A0%EC%A7%91/%EB%86%8D%EC%B4%8C_%EC%97%AC%EB%A6%84_%ED%92%8D%EA%B2%BD,본문/시/삼의당 김씨 - 농촌(農村) 여름 풍경 (시기 미상).txt
발표 시기 미상,,발표 시기 미상,시,뉘 탓에,삼의당 김씨,150,https://ko.wikisource.org/wiki/%EC%A1%B0%EC%84%A0%EC%97%AC%EB%A5%98%ED%95%9C%EC%8B%9C%EC%84%A0%EC%A7%91/%EB%89%98_%ED%83%93%EC%97%90,본문/시/삼의당 김씨 - 뉘 탓에 (시기 미상).txt
발표 시기 미상,,발표 시기 미상,시,님에게,삼의당 김씨,151,https://ko.wikisource.org/wiki/%EC%A1%B0%EC%84%A0%EC%97%AC%EB%A5%98%ED%95%9C%EC%8B%9C%EC%84%A0%EC%A7%91/%EB%8B%98%EC%97%90%EA%B2%8C_%28%EC%82%BC%EC%9D%98%EB%8B%B9%29,본문/시/삼의당 김씨 - 님에게 (시기 미상).txt
발표 시기 미상,,발표 시기 미상,시,달,삼의당 김씨,151,https://ko.wikisource.org/wiki/%EC%A1%B0%EC%84%A0%EC%97%AC%EB%A5%98%ED%95%9C%EC%8B%9C%EC%84%A0%EC%A7%91/%EB%8B%AC,본문/시/삼의당 김씨 - 달 (시기 미상).txt
발표 시기 미상,,발표 시기 미상,시,목적(牧笛) 1,삼의당 김씨,133,https://ko.wikisource.org/wiki/%EC%A1%B0%EC%84%A0%EC%97%AC%EB%A5%98%ED%95%9C%EC%8B%9C%EC%84%A0%EC%A7%91/%EB%AA%A9%EC%A0%81_1,본문/시/삼의당 김씨 - 목적(牧笛) 1 (시기 미상).txt
발표 시기 미상,,발표 시기 미상,시,목적(牧笛) 2,삼의당 김씨,133,https://ko.wikisource.org/wiki/%EC%A1%B0%EC%84%A0%EC%97%AC%EB%A5%98%ED%95%9C%EC%8B%9C%EC%84%A0%EC%A7%91/%EB%AA%A9%EC%A0%81_2,본문/시/삼의당 김씨 - 목적(牧笛) 2 (시기 미상).txt
발표 시기 미상,,발표 시기 미상,시,목적(牧笛) 3,삼의당 김씨,134,https://ko.wikisource.org/wiki/%EC%A1%B0%EC%84%A0%EC%97%AC%EB%A5%98%ED%95%9C%EC%8B%9C%EC%84%A0%EC%A7%91/%EB%AA%A9%EC%A0%81_3,본문/시/삼의당 김씨 - 목적(牧笛) 3 (시기 미상).txt
발표 시기 미상,,발표 시기 미상,시,배꽃,삼의당 김씨,150,https://ko.wikisource.org/wiki/%EC%A1%B0%EC%84%A0%EC%97%AC%EB%A5%98%ED%95%9C%EC%8B%9C%EC%84%A0%EC%A7%91/%EB%B0%B0%EA%BD%83,본문/시/삼의당 김씨 - 배꽃 (시기 미상).txt
발표 시기 미상,,발표 시기 미상,시,봄을 보내며,삼의당 김씨,130,https://ko.wikisource.org/wiki/%EC%A1%B0%EC%84%A0%EC%97%AC%EB%A5%98%ED%95%9C%EC%8B%9C%EC%84%A0%EC%A7%91/%EB%B4%84%EC%9D%84_%EB%B3%B4%EB%82%B4%EB%A9%B0,본문/시/삼의당 김씨 - 봄을 보내며 (시기 미상).txt
발표 시기 미상,,발표 시기 미상,시,사창(紗窓)에 해지고,삼의당 김씨,150,https://ko.wikisource.org/wiki/%EC%A1%B0%EC%84%A0%EC%97%AC%EB%A5%98%ED%95%9C%EC%8B%9C%EC%84%A0%EC%A7%91/%EC%82%AC%EC%B0%BD%EC%97%90_%ED%95%B4%EC%A7%80%EA%B3%A0,본문/시/삼의당 김씨 - 사창(紗窓)에 해지고 (시기 미상).txt
발표 시기 미상,,발표 시기 미상,시,서창,삼의당 김씨,134,https://ko.wikisource.org/wiki/%EC%A1%B0%EC%84%A0%EC%97%AC%EB%A5%98%ED%95%9C%EC%8B%9C%EC%84%A0%EC%A7%91/%EC%84%9C%EC%B0%BD,본문/시/삼의당 김씨 - 서창 (시기 미상).txt
발표 시기 미상,,발표 시기 미상,시,성중을 지나며,삼의당 김씨,133,https://ko.wikisource.org/wiki/%EC%A1%B0%EC%84%A0%EC%97%AC%EB%A5%98%ED%95%9C%EC%8B%9C%EC%84%A0%EC%A7%91/%EC%84%B1%EC%A4%91%EC%9D%84_%EC%A7%80%EB%82%98%EB%A9%B0,본문/시/삼의당 김씨 - 성중을 지나며 (시기 미상).txt
발표 시기 미상,,발표 시기 미상,시,적성,삼의당 김씨,150,https://ko.wikisource.org/wiki/%EC%A1%B0%EC%84%A0%EC%97%AC%EB%A5%98%ED%95%9C%EC%8B%9C%EC%84%A0%EC%A7%91/%EC%A0%81%EC%84%B1,본문/시/삼의당 김씨 - 적성 (시기 미상).txt
발표 시기 미상,,발표 시기 미상,시,제비,삼의당 김씨,150,https://ko.wikisource.org/wiki/%EC%A1%B0%EC%84%A0%EC%97%AC%EB%A5%98%ED%95%9C%EC%8B%9C%EC%84%A0%EC%A7%91/%EC%A0%9C%EB%B9%84,본문/시/삼의당 김씨 - 제비 (시기 미상).txt
발표 시기 미상,,발표 시기 미상,시,지는 복사꽃,삼의당 김씨,149,https://ko.wikisource.org/wiki/%EC%A1%B0%EC%84%A0%EC%97%AC%EB%A5%98%ED%95%9C%EC%8B%9C%EC%84%A0%EC%A7%91/%EC%A7%80%EB%8A%94_%EB%B3%B5%EC%82%AC%EA%BD%83,본문/시/삼의당 김씨 - 지는 복사꽃 (시기 미상).txt
발표 시기 미상,,발표 시기 미상,시,첫여름,삼의당 김씨,154,https://ko.wikisource.org/wiki/%EC%A1%B0%EC%84%A0%EC%97%AC%EB%A5%98%ED%95%9C%EC%8B%9C%EC%84%A0%EC%A7%91/%EC%B2%AB%EC%97%AC%EB%A6%84,본문/시/삼의당 김씨 - 첫여름 (시기 미상).txt
발표 시기 미상,,발표 시기 미상,시,청야급수,삼의당 김씨,134,https://ko.wikisource.org/wiki/%EC%A1%B0%EC%84%A0%EC%97%AC%EB%A5%98%ED%95%9C%EC%8B%9C%EC%84%A0%EC%A7%91/%EC%B2%AD%EC%95%BC%EA%B8%89%EC%88%98,본문/시/삼의당 김씨 - 청야급수 (시기 미상).txt
발표 시기 미상,,발표 시기 미상,시,추야우(秋夜雨) 1,삼의당 김씨,134,https://ko.wikisource.org/wiki/%EC%A1%B0%EC%84%A0%EC%97%AC%EB%A5%98%ED%95%9C%EC%8B%9C%EC%84%A0%EC%A7%91/%EC%B6%94%EC%95%BC%EC%9A%B0_1,본문/시/삼의당 김씨 - 추야우(秋夜雨) 1 (시기 미상).txt
발표 시기 미상,,발표 시기 미상,시,추야우(秋夜雨) 2,삼의당 김씨,135,https://ko.wikisource.org/wiki/%EC%A1%B0%EC%84%A0%EC%97%AC%EB%A5%98%ED%95%9C%EC%8B%9C%EC%84%A0%EC%A7%91/%EC%B6%94%EC%95%BC%EC%9A%B0_2,본문/시/삼의당 김씨 - 추야우(秋夜雨) 2 (시기 미상).txt
발표 시기 미상,,발표 시기 미상,시,추야월(秋夜月) 1,삼의당 김씨,134,https://ko.wikisource.org/wiki/%EC%A1%B0%EC%84%A0%EC%97%AC%EB%A5%98%ED%95%9C%EC%8B%9C%EC%84%A0%EC%A7%91/%EC%B6%94%EC%95%BC%EC%9B%94_1,본문/시/삼의당 김씨 - 추야월(秋夜月) 1 (시기 미상).txt
발표 시기 미상,,발표 시기 미상,시,추야월(秋夜月) 2,삼의당 김씨,134,https://ko.wikisource.org/wiki/%EC%A1%B0%EC%84%A0%EC%97%AC%EB%A5%98%ED%95%9C%EC%8B%9C%EC%84%A0%EC%A7%91/%EC%B6%94%EC%95%BC%EC%9B%94_2,본문/시/삼의당 김씨 - 추야월(秋夜月) 2 (시기 미상).txt
발표 시기 미상,,발표 시기 미상,시,추야월(秋夜月) 3,삼의당 김씨,134,https://ko.wikisource.org/wiki/%EC%A1%B0%EC%84%A0%EC%97%AC%EB%A5%98%ED%95%9C%EC%8B%9C%EC%84%A0%EC%A7%91/%EC%B6%94%EC%95%BC%EC%9B%94_3,본문/시/삼의당 김씨 - 추야월(秋夜月) 3 (시기 미상).txt
발표 시기 미상,,발표 시기 미상,시,춘경,삼의당 김씨,133,https://ko.wikisource.org/wiki/%EC%A1%B0%EC%84%A0%EC%97%AC%EB%A5%98%ED%95%9C%EC%8B%9C%EC%84%A0%EC%A7%91/%EC%B6%98%EA%B2%BD,본문/시/삼의당 김씨 - 춘경 (시기 미상).txt
발표 시기 미상,,발표 시기 미상,시,춘흥,삼의당 김씨,150,https://ko.wikisource.org/wiki/%EC%A1%B0%EC%84%A0%EC%97%AC%EB%A5%98%ED%95%9C%EC%8B%9C%EC%84%A0%EC%A7%91/%EC%B6%98%ED%9D%A5,본문/시/삼의당 김씨 - 춘흥 (시기 미상).txt
발표 시기 미상,,발표 시기 미상,시,화월야,삼의당 김씨,256,https://ko.wikisource.org/wiki/%EC%A1%B0%EC%84%A0%EC%97%AC%EB%A5%98%ED%95%9C%EC%8B%9C%EC%84%A0%EC%A7%91/%ED%99%94%EC%9B%94%EC%95%BC,본문/시/삼의당 김씨 - 화월야 (시기 미상).txt
발표 시기 미상,,발표 시기 미상,동화,푸른 수염,샤를 페로,2423,https://ko.wikisource.org/wiki/%ED%91%B8%EB%A5%B8_%EC%88%98%EC%97%BC,본문/동화/샤를 페로 - 푸른 수염 (시기 미상).txt
발표 시기 미상,,발표 시기 미상,시조,암반(巖畔) 설중고죽,서견,45,https://ko.wikisource.org/wiki/%EC%95%94%EB%B0%98_%EC%84%A4%EC%A4%91%EA%B3%A0%EC%A3%BD,본문/시조/서견 - 암반(巖畔) 설중고죽 (시기 미상).txt
발표 시기 미상,,발표 시기 미상,노래,ᄆᆞ음아 너ᄂᆞᆫ 어이,서경덕,112,https://ko.wikisource.org/wiki/%EB%A7%88%EC%9D%8C%EC%95%84_%EB%84%88%EB%8A%94_%EC%96%B4%EC%9D%B4,본문/노래/서경덕 - ᄆᆞ음아 너ᄂᆞᆫ 어이 (시기 미상).txt
발표 시기 미상,,발표 시기 미상,시조,마음이 어린 후니,서경덕,65,https://ko.wikisource.org/wiki/%EB%A7%88%EC%9D%8C%EC%9D%B4_%EC%96%B4%EB%A6%B0_%ED%9B%84%EB%8B%88,본문/시조/서경덕 - 마음이 어린 후니 (시기 미상).txt
발표 시기 미상,,발표 시기 미상,시조,마음이 어린 후이니,서경덕,116,https://ko.wikisource.org/wiki/%EB%A7%88%EC%9D%8C%EC%9D%B4_%EC%96%B4%EB%A6%B0_%ED%9B%84%EC%9D%B4%EB%8B%88,본문/시조/서경덕 - 마음이 어린 후이니 (시기 미상).txt
발표 시기 미상,,발표 시기 미상,노래,녹초(綠草) 청강상(晴江上)에,서익,53,https://ko.wikisource.org/wiki/%EB%85%B9%EC%B4%88_%EC%B2%AD%EA%B0%95%EC%83%81%EC%97%90,본문/노래/서익 - 녹초(綠草) 청강상(晴江上)에 (시기 미상).txt
발표 시기 미상,,발표 시기 미상,노래,이 뫼흘 허러 내여,서익,108,https://ko.wikisource.org/wiki/%EC%9D%B4_%EB%AB%BC%EB%A5%BC_%ED%97%90%EC%96%B4_%EB%82%B4%EC%96%B4,본문/노래/서익 - 이 뫼흘 허러 내여 (시기 미상).txt
발표 시기 미상,,발표 시기 미상,노래,수양산(首陽山) ᄇᆞ라보며,성삼문,109,https://ko.wikisource.org/wiki/%EC%88%98%EC%96%91%EC%82%B0_%EB%B0%94%EB%9D%BC%EB%B3%B4%EB%A9%B0,본문/노래/성삼문 - 수양산(首陽山) ᄇᆞ라보며 (시기 미상).txt
발표 시기 미상,,발표 시기 미상,노래,이 몸이 주거 가셔,성삼문,105,https://ko.wikisource.org/wiki/%EC%9D%B4_%EB%AA%B8%EC%9D%B4_%EC%A3%BD%EC%96%B4_%EA%B0%80%EC%84%9C,본문/노래/성삼문 - 이 몸이 주거 가셔 (시기 미상).txt
발표 시기 미상,,발표 시기 미상,노래,언충신(言忠信) 행독경(行篤敬)ᄒᆞ고,성석린,52,https://ko.wikisource.org/wiki/%EC%96%B8%EC%B6%A9%EC%8B%A0_%ED%96%89%EB%8F%85%EA%B2%BD%ED%95%98%EA%B3%A0,본문/노래/성석린 - 언충신(言忠信) 행독경(行篤敬)ᄒᆞ고 (시기 미상).txt
발표 시기 미상,,발표 시기 미상,시조,낙양(洛陽) 얏튼 물에,성세창,48,https://ko.wikisource.org/wiki/%EB%82%99%EC%96%91_%EC%96%95%EC%9D%80_%EB%AC%BC%EC%97%90,본문/시조/성세창 - 낙양(洛陽) 얏튼 물에 (시기 미상).txt
발표 시기 미상,,발표 시기 미상,노래,이리도 태평성대,성수침,43,https://ko.wikisource.org/wiki/%EC%9D%B4%EB%A6%AC%EB%8F%84_%ED%83%9C%ED%8F%89%EC%84%B1%EB%8C%80,본문/노래/성수침 - 이리도 태평성대 (시기 미상).txt
발표 시기 미상,,발표 시기 미상,시조,천지대(天地大) 일월명(日月明)ᄒᆞ신,성수침,45,https://ko.wikisource.org/wiki/%EC%B2%9C%EC%A7%80%EB%8C%80_%EC%9D%BC%EC%9B%94%EB%AA%85%ED%95%98%EC%8B%A0,본문/시조/성수침 - 천지대(天地大) 일월명(日月明)ᄒᆞ신 (시기 미상).txt
발표 시기 미상,,발표 시기 미상,노래,치천하(治天下) 오십년(五十年)에,"성수침, 변계량",46,https://ko.wikisource.org/wiki/%EC%B9%98%EC%B2%9C%ED%95%98_%EC%98%A4%EC%8B%AD%EB%85%84%EC%97%90_%EB%B6%80%EC%A7%80%EC%99%9C%EB%9D%BC,"본문/노래/성수침, 변계량 - 치천하(治天下) 오십년(五十年)에 (시기 미상).txt"
발표 시기 미상,,발표 시기 미상,노래,泰山이 平地 되고,성여완,43,https://ko.wikisource.org/wiki/%ED%83%9C%EC%82%B0%EC%9D%B4_%EC%9C%A1%EC%A7%80_%EB%90%98%EA%B3%A0,본문/노래/성여완 - 泰山이 平地 되고 (시기 미상).txt
발표 시기 미상,,발표 시기 미상,시조,일 심어 느즛 퓌니,성여완,45,https://ko.wikisource.org/wiki/%EC%9D%BC_%EC%8B%AC%EC%96%B4_%EB%8A%90%EC%A6%9B_%ED%94%BC%EB%8B%88,본문/시조/성여완 - 일 심어 느즛 퓌니 (시기 미상).txt
발표 시기 미상,,발표 시기 미상,노래,전원(田園)에 봄이 오니,성운,48,https://ko.wikisource.org/wiki/%EC%A0%84%EC%9B%90%EC%97%90_%EB%B4%84%EC%9D%B4_%EC%98%A4%EB%8B%88,본문/노래/성운 - 전원(田園)에 봄이 오니 (시기 미상).txt
발표 시기 미상,,발표 시기 미상,노래,말 업슨 청산(靑山)이요,성혼,48,https://ko.wikisource.org/wiki/%EB%A7%90_%EC%97%86%EB%8A%94_%EC%B2%AD%EC%82%B0%EC%9D%B4%EC%9A%94,본문/노래/성혼 - 말 업슨 청산(靑山)이요 (시기 미상).txt
발표 시기 미상,,발표 시기 미상,노래,시절(時節)이 태평(太平)토다,성혼,96,https://ko.wikisource.org/wiki/%EC%8B%9C%EC%A0%88%EC%9D%B4_%ED%83%9C%ED%8F%89%ED%86%A0%EB%8B%A4,본문/노래/성혼 - 시절(時節)이 태평(太平)토다 (시기 미상).txt
발표 시기 미상,,발표 시기 미상,노래,상공(相公)을 뵈온 후(後)에,소백주,43,https://ko.wikisource.org/wiki/%EC%83%81%EA%B3%B5%EC%9D%84_%EB%B5%88%EC%98%A8_%ED%9B%84%EC%97%90,본문/노래/소백주 - 상공(相公)을 뵈온 후(後)에 (시기 미상).txt
발표 시기 미상,,발표 시기 미상,가사,면앙정가,송순,2359,https://ko.wikisource.org/wiki/%EB%A9%B4%EC%95%99%EC%A0%95%EA%B0%80,본문/가사/송순 - 면앙정가 (시기 미상).txt
발표 시기 미상,,발표 시기 미상,시조,상풍(霜風)이 섯거친 날에,송순,48,https://ko.wikisource.org/wiki/%EC%83%81%ED%92%8D%EC%9D%B4_%EC%84%9E%EC%96%B4_%EC%B9%9C_%EB%82%A0%EC%97%90,본문/시조/송순 - 상풍(霜風)이 섯거친 날에 (시기 미상).txt
발표 시기 미상,,발표 시기 미상,시조,십년(十年)을 경영(經營)ᄒᆞ여,송순,55,https://ko.wikisource.org/wiki/%EC%8B%AD_%EB%85%84%EC%9D%84_%EA%B2%BD%EC%98%81%ED%95%98%EC%97%AC,본문/시조/송순 - 십년(十年)을 경영(經營)ᄒᆞ여 (시기 미상).txt
발표 시기 미상,,발표 시기 미상,노래,늙고 병(病)든 몸이 북향(北向)ᄒᆞ여 우니노라,송시열,55,https://ko.wikisource.org/wiki/%EB%8A%99%EA%B3%A0_%EB%B3%91%EB%93%A0_%EB%AA%B8%EC%9D%B4,본문/노래/송시열 - 늙고 병(病)든 몸이 북향(北向)ᄒᆞ여 우니노라 (시기 미상).txt
발표 시기 미상,,발표 시기 미상,시,우암송선생계녀서,송시열,10690,https://ko.wikisource.org/wiki/%EC%9A%B0%EC%95%94%EC%86%A1%EC%84%A0%EC%83%9D%EA%B3%84%EB%85%80%EC%84%9C,본문/시/송시열 - 우암송선생계녀서 (시기 미상).txt
발표 시기 미상,,발표 시기 미상,시조,무제,송이,52,https://ko.wikisource.org/wiki/%EC%82%AC%EB%9E%91%EC%9D%B4_%EC%97%87%EB%96%A0%ED%84%B0%EB%8B%88,본문/시조/송이 - 무제 (시기 미상).txt
발표 시기 미상,,발표 시기 미상,시조,솔이라 솔이라 ᄒᆞ니,송이,49,https://ko.wikisource.org/wiki/%EC%86%94%EC%9D%B4_%EC%86%94%EC%9D%B4%EB%9D%BC_%ED%95%9C%EC%9D%B4,본문/시조/송이 - 솔이라 솔이라 ᄒᆞ니 (시기 미상).txt
발표 시기 미상,,발표 시기 미상,노래,이셩저셩 하니,송인,145,https://ko.wikisource.org/wiki/%EC%9D%B4%EB%A0%81%EC%A0%80%EB%A0%81_%ED%95%98%EB%8B%88,본문/노래/송인 - 이셩저셩 하니 (시기 미상).txt
발표 시기 미상,,발표 시기 미상,시조,창랑(滄浪)에 낙시 넉코,송인수,47,https://ko.wikisource.org/wiki/%EC%B0%BD%EB%9E%91%EC%97%90_%EB%82%9A%EC%8B%9C_%EB%84%A3%EA%B3%A0,본문/시조/송인수 - 창랑(滄浪)에 낙시 넉코 (시기 미상).txt
발표 시기 미상,,발표 시기 미상,노래,구월(九月) 구일(九日) 망향대(望鄕臺)를,송종원,51,https://ko.wikisource.org/wiki/%EA%B5%AC%EC%9B%94%EA%B5%AC%EC%9D%BC_%EB%A7%9D%ED%96%A5%EB%8C%80%EB%A5%BC,본문/노래/송종원 - 구월(九月) 구일(九日) 망향대(望鄕臺)를 (시기 미상).txt
발표 시기 미상,,발표 시기 미상,노래,금풍(金風)이 부는 밤에,송종원,47,https://ko.wikisource.org/wiki/%EA%B8%88%ED%92%8D%EC%9D%B4_%EB%B6%80%EB%8A%94_%EB%B0%A4%EC%97%90,본문/노래/송종원 - 금풍(金風)이 부는 밤에 (시기 미상).txt
발표 시기 미상,,발표 시기 미상,노래,상천(霜天) 명월야(明月夜)에,송종원,46,https://ko.wikisource.org/wiki/%EC%83%81%EC%B2%9C_%EB%AA%85%EC%9B%94%EC%95%BC%EC%97%90,본문/노래/송종원 - 상천(霜天) 명월야(明月夜)에 (시기 미상).txt
발표 시기 미상,,발표 시기 미상,노래,석조(夕鳥)는 나라 들고,송종원,46,https://ko.wikisource.org/wiki/%EC%84%9D%EC%A1%B0%EB%8A%94_%EB%82%A0%EC%95%84_%EB%93%A4%EA%B3%A0,본문/노래/송종원 - 석조(夕鳥)는 나라 들고 (시기 미상).txt
발표 시기 미상,,발표 시기 미상,노래,인생(人生)이 ᄭᅮᆷ인 쥴을,송종원,52,https://ko.wikisource.org/wiki/%EC%9D%B8%EC%83%9D%EC%9D%B4_%EA%BF%88%EC%9D%B8_%EC%A4%84%EC%9D%84,본문/노래/송종원 - 인생(人生)이 ᄭᅮᆷ인 쥴을 (시기 미상).txt
발표 시기 미상,,발표 시기 미상,노래,인생(人生)이 긔 언마오,송종원,46,https://ko.wikisource.org/wiki/%EC%9D%B8%EC%83%9D%EC%9D%B4_%EA%B7%B8_%EC%96%BC%EB%A7%88%EC%98%A4,본문/노래/송종원 - 인생(人生)이 긔 언마오 (시기 미상).txt
발표 시기 미상,,발표 시기 미상,노래,청강(淸江)에 낙시 넉코,송종원,46,https://ko.wikisource.org/wiki/%EC%B2%AD%EA%B0%95%EC%97%90_%EB%82%9A%EC%8B%9C_%EB%84%A3%EA%B3%A0,본문/노래/송종원 - 청강(淸江)에 낙시 넉코 (시기 미상).txt
발표 시기 미상,,발표 시기 미상,노래,추월(秋月)이 만정(滿艇)ᄒᆞᆫ듸,송종원,58,https://ko.wikisource.org/wiki/%EC%B6%94%EC%9B%94%EC%9D%B4_%EB%A7%8C%EC%A0%95%ED%95%9C%EB%8D%B0,본문/노래/송종원 - 추월(秋月)이 만정(滿艇)ᄒᆞᆫ듸 (시기 미상).txt
발표 시기 미상,,발표 시기 미상,서간,숙종의 한글편지,숙종,103,https://ko.wikisource.org/wiki/%EC%88%99%EC%A2%85%EC%9D%98_%ED%95%9C%EA%B8%80%ED%8E%B8%EC%A7%80,본문/서간/숙종 - 숙종의 한글편지 (시기 미상).txt
발표 시기 미상,,발표 시기 미상,노래,추수(秋水)ᄂᆞᆫ 천일색(天一色)이오,숙종,103,https://ko.wikisource.org/wiki/%EC%B6%94%EC%88%98%EB%8A%94_%EC%B2%9C%EC%9D%BC%EC%83%89%EC%9D%B4%EC%98%A4,본문/노래/숙종 - 추수(秋水)ᄂᆞᆫ 천일색(天一色)이오 (시기 미상).txt
발표 시기 미상,,발표 시기 미상,기타,조국,스테판 제롬스키,21536,https://ko.wikisource.org/wiki/%EC%A1%B0%EA%B5%AD_%28%ED%98%84%EC%A7%84%EA%B1%B4%29,본문/기타/스테판 제롬스키 - 조국 (시기 미상).txt
발표 시기 미상,,발표 시기 미상,노래,심여장강(心如長江) 유수청(流水淸)이요,신광한,54,https://ko.wikisource.org/wiki/%EC%8B%AC%EC%97%AC%EC%9E%A5%EA%B0%95_%EC%9C%A0%EC%88%98%EC%B2%AD%EC%9D%B4%EC%9A%94,본문/노래/신광한 - 심여장강(心如長江) 유수청(流水淸)이요 (시기 미상).txt
발표 시기 미상,,발표 시기 미상,노래,간사(諫死)ᄒᆞᆫ 박파주(朴坡州)ㅣ야,신정하,47,https://ko.wikisource.org/wiki/%EA%B0%84%EC%82%AC%ED%95%9C_%EB%B0%95%ED%8C%8C%EC%A3%BC%EC%95%BC,본문/노래/신정하 - 간사(諫死)ᄒᆞᆫ 박파주(朴坡州)ㅣ야 (시기 미상).txt
발표 시기 미상,,발표 시기 미상,노래,벼슬이 귀(貴)타 ᄒᆞᆫ들,신정하,55,https://ko.wikisource.org/wiki/%EB%B2%BC%EC%8A%AC%EC%9D%B4_%EA%B7%80%ED%83%80_%ED%95%9C%EB%93%A4,본문/노래/신정하 - 벼슬이 귀(貴)타 ᄒᆞᆫ들 (시기 미상).txt
발표 시기 미상,,발표 시기 미상,장편소설,꿈하늘,신채호,23166,https://ko.wikisource.org/wiki/%EA%BF%88%ED%95%98%EB%8A%98,본문/장편소설/신채호 - 꿈하늘 (시기 미상).txt
발표 시기 미상,,발표 시기 미상,기타,을지문덕전,신채호,21261,https://ko.wikisource.org/wiki/%EC%9D%84%EC%A7%80%EB%AC%B8%EB%8D%95%EC%A0%84,본문/기타/신채호 - 을지문덕전 (시기 미상).txt
발표 시기 미상,,발표 시기 미상,고전시가,원가,신충,82,https://ko.wikisource.org/wiki/%EC%9B%90%EA%B0%80,본문/고전시가/신충 - 원가 (시기 미상).txt
발표 시기 미상,,발표 시기 미상,노래,방옹시여,신흠,2157,https://ko.wikisource.org/wiki/%EB%B0%A9%EC%98%B9%EC%8B%9C%EC%97%AC,본문/노래/신흠 - 방옹시여 (시기 미상).txt
발표 시기 미상,,발표 시기 미상,수필,2월 초하룻날,심훈,1590,https://ko.wikisource.org/wiki/%EA%B7%B8%EB%82%A0%EC%9D%B4_%EC%98%A4%EB%A9%B4/2%EC%9B%94_%EC%B4%88%ED%95%98%EB%A3%BB%EB%82%A0,본문/수필/심훈 - 2월 초하룻날 (시기 미상).txt
발표 시기 미상,,발표 시기 미상,수필,7월의 바다,심훈,2781,https://ko.wikisource.org/wiki/%EA%B7%B8%EB%82%A0%EC%9D%B4_%EC%98%A4%EB%A9%B4/7%EC%9B%94%EC%9D%98_%EB%B0%94%EB%8B%A4,본문/수필/심훈 - 7월의 바다 (시기 미상).txt
발표 시기 미상,,발표 시기 미상,시,겨울밤에 내리는 비,심훈,206,https://ko.wikisource.org/wiki/%EA%B7%B8%EB%82%A0%EC%9D%B4_%EC%98%A4%EB%A9%B4/%EA%B2%A8%EC%9A%B8%EB%B0%A4%EC%97%90_%EB%82%B4%EB%A6%AC%EB%8A%94_%EB%B9%84,본문/시/심훈 - 겨울밤에 내리는 비 (시기 미상).txt
발표 시기 미상,,발표 시기 미상,시조,고려사,심훈,65,https://ko.wikisource.org/wiki/%EA%B7%B8%EB%82%A0%EC%9D%B4_%EC%98%A4%EB%A9%B4/%EA%B3%A0%EB%A0%A4%EC%82%AC,본문/시조/심훈 - 고려사 (시기 미상).txt
발표 시기 미상,,발표 시기 미상,시,광란의 꿈,심훈,796,https://ko.wikisource.org/wiki/%EA%B7%B8%EB%82%A0%EC%9D%B4_%EC%98%A4%EB%A9%B4/%EA%B4%91%EB%9E%80%EC%9D%98_%EA%BF%88,본문/시/심훈 - 광란의 꿈 (시기 미상).txt
발표 시기 미상,,발표 시기 미상,시,기적,심훈,79,https://ko.wikisource.org/wiki/%EA%B7%B8%EB%82%A0%EC%9D%B4_%EC%98%A4%EB%A9%B4/%EA%B8%B0%EC%A0%81,본문/시/심훈 - 기적 (시기 미상).txt
발표 시기 미상,,발표 시기 미상,시조,남병만종,심훈,60,https://ko.wikisource.org/wiki/%EA%B7%B8%EB%82%A0%EC%9D%B4_%EC%98%A4%EB%A9%B4/%EB%82%A8%EB%B3%91%EB%A7%8C%EC%A2%85,본문/시조/심훈 - 남병만종 (시기 미상).txt
발표 시기 미상,,발표 시기 미상,시,너에게 무엇을 주랴,심훈,342,https://ko.wikisource.org/wiki/%EA%B7%B8%EB%82%A0%EC%9D%B4_%EC%98%A4%EB%A9%B4/%EB%84%88%EC%97%90%EA%B2%8C_%EB%AC%B4%EC%97%87%EC%9D%84_%EC%A3%BC%EB%9E%B4,본문/시/심훈 - 너에게 무엇을 주랴 (시기 미상).txt
발표 시기 미상,,발표 시기 미상,시조,누외루,심훈,67,https://ko.wikisource.org/wiki/%EA%B7%B8%EB%82%A0%EC%9D%B4_%EC%98%A4%EB%A9%B4/%EB%88%84%EC%99%B8%EB%A3%A8,본문/시조/심훈 - 누외루 (시기 미상).txt
발표 시기 미상,,발표 시기 미상,시,독백,심훈,299,https://ko.wikisource.org/wiki/%EA%B7%B8%EB%82%A0%EC%9D%B4_%EC%98%A4%EB%A9%B4/%EB%8F%85%EB%B0%B1,본문/시/심훈 - 독백 (시기 미상).txt
발표 시기 미상,,발표 시기 미상,시,돌아가지이다,심훈,738,https://ko.wikisource.org/wiki/%EA%B7%B8%EB%82%A0%EC%9D%B4_%EC%98%A4%EB%A9%B4/%EB%8F%8C%EC%95%84%EA%B0%80%EC%A7%80%EC%9D%B4%EB%8B%A4,본문/시/심훈 - 돌아가지이다 (시기 미상).txt
발표 시기 미상,,발표 시기 미상,시,머리말씀,심훈,483,https://ko.wikisource.org/wiki/%EA%B7%B8%EB%82%A0%EC%9D%B4_%EC%98%A4%EB%A9%B4/%EB%A8%B8%EB%A6%AC%EB%A7%90%EC%94%80,본문/시/심훈 - 머리말씀 (시기 미상).txt
발표 시기 미상,,발표 시기 미상,시,명사십리,심훈,112,https://ko.wikisource.org/wiki/%EA%B7%B8%EB%82%A0%EC%9D%B4_%EC%98%A4%EB%A9%B4/%EB%AA%85%EC%82%AC%EC%8B%AD%EB%A6%AC,본문/시/심훈 - 명사십리 (시기 미상).txt
발표 시기 미상,,발표 시기 미상,시,밤,심훈,149,https://ko.wikisource.org/wiki/%EA%B7%B8%EB%82%A0%EC%9D%B4_%EC%98%A4%EB%A9%B4/%EB%B0%A4,본문/시/심훈 - 밤 (시기 미상).txt
발표 시기 미상,,발표 시기 미상,시조,방학정,심훈,78,https://ko.wikisource.org/wiki/%EA%B7%B8%EB%82%A0%EC%9D%B4_%EC%98%A4%EB%A9%B4/%EB%B0%A9%ED%95%99%EC%A0%95,본문/시조/심훈 - 방학정 (시기 미상).txt
발표 시기 미상,,발표 시기 미상,소설,불사조,심훈,175200,https://ko.wikisource.org/wiki/%EB%B6%88%EC%82%AC%EC%A1%B0,본문/소설/심훈 - 불사조 (시기 미상).txt
발표 시기 미상,,발표 시기 미상,시,뻐꾹새가 운다,심훈,215,https://ko.wikisource.org/wiki/%EA%B7%B8%EB%82%A0%EC%9D%B4_%EC%98%A4%EB%A9%B4/%EB%BB%90%EA%BE%B9%EC%83%88%EA%B0%80_%EC%9A%B4%EB%8B%A4,본문/시/심훈 - 뻐꾹새가 운다 (시기 미상).txt
발표 시기 미상,,발표 시기 미상,시조,삼담인월,심훈,50,https://ko.wikisource.org/wiki/%EA%B7%B8%EB%82%A0%EC%9D%B4_%EC%98%A4%EB%A9%B4/%EC%82%BC%EB%8B%B4%EC%9D%B8%EC%9B%94,본문/시조/심훈 - 삼담인월 (시기 미상).txt
발표 시기 미상,,발표 시기 미상,시,상해의 밤,심훈,381,https://ko.wikisource.org/wiki/%EA%B7%B8%EB%82%A0%EC%9D%B4_%EC%98%A4%EB%A9%B4/%EC%83%81%ED%95%B4%EC%9D%98_%EB%B0%A4,본문/시/심훈 - 상해의 밤 (시기 미상).txt
발표 시기 미상,,발표 시기 미상,시,소야락,심훈,238,https://ko.wikisource.org/wiki/%EA%B7%B8%EB%82%A0%EC%9D%B4_%EC%98%A4%EB%A9%B4/%EC%86%8C%EC%95%BC%EB%9D%BD,본문/시/심훈 - 소야락 (시기 미상).txt
발표 시기 미상,,발표 시기 미상,시조,소제춘효,심훈,73,https://ko.wikisource.org/wiki/%EA%B7%B8%EB%82%A0%EC%9D%B4_%EC%98%A4%EB%A9%B4/%EC%86%8C%EC%A0%9C%EC%B6%98%ED%9A%A8,본문/시조/심훈 - 소제춘효 (시기 미상).txt
발표 시기 미상,,발표 시기 미상,시,송도원,심훈,113,https://ko.wikisource.org/wiki/%EA%B7%B8%EB%82%A0%EC%9D%B4_%EC%98%A4%EB%A9%B4/%EC%86%A1%EB%8F%84%EC%9B%90,본문/시/심훈 - 송도원 (시기 미상).txt
발표 시기 미상,,발표 시기 미상,시,심야과황하,심훈,349,https://ko.wikisource.org/wiki/%EA%B7%B8%EB%82%A0%EC%9D%B4_%EC%98%A4%EB%A9%B4/%EC%8B%AC%EC%95%BC%EA%B3%BC%ED%99%A9%ED%95%98,본문/시/심훈 - 심야과황하 (시기 미상).txt
발표 시기 미상,,발표 시기 미상,시조,악왕분,심훈,66,https://ko.wikisource.org/wiki/%EA%B7%B8%EB%82%A0%EC%9D%B4_%EC%98%A4%EB%A9%B4/%EC%95%85%EC%99%95%EB%B6%84,본문/시조/심훈 - 악왕분 (시기 미상).txt
발표 시기 미상,,발표 시기 미상,시,어머님께,심훈,2575,https://ko.wikisource.org/wiki/%EA%B7%B8%EB%82%A0%EC%9D%B4_%EC%98%A4%EB%A9%B4/%EC%96%B4%EB%A8%B8%EB%8B%98%EA%BB%98,본문/시/심훈 - 어머님께 (시기 미상).txt
발표 시기 미상,,발표 시기 미상,수필,적권세심기,심훈,1400,https://ko.wikisource.org/wiki/%EA%B7%B8%EB%82%A0%EC%9D%B4_%EC%98%A4%EB%A9%B4/%EC%A0%81%EA%B6%8C%EC%84%B8%EC%8B%AC%EA%B8%B0,본문/수필/심훈 - 적권세심기 (시기 미상).txt
발표 시기 미상,,발표 시기 미상,시,전당강상에서,심훈,240,https://ko.wikisource.org/wiki/%EA%B7%B8%EB%82%A0%EC%9D%B4_%EC%98%A4%EB%A9%B4/%EC%A0%84%EB%8B%B9%EA%B0%95%EC%83%81%EC%97%90%EC%84%9C,본문/시/심훈 - 전당강상에서 (시기 미상).txt
발표 시기 미상,,발표 시기 미상,수필,조선의 영웅,심훈,1790,https://ko.wikisource.org/wiki/%EA%B7%B8%EB%82%A0%EC%9D%B4_%EC%98%A4%EB%A9%B4/%EC%A1%B0%EC%84%A0%EC%9D%98_%EC%98%81%EC%9B%85,본문/수필/심훈 - 조선의 영웅 (시기 미상).txt
발표 시기 미상,,발표 시기 미상,장편소설,직녀성,심훈,379117,https://ko.wikisource.org/wiki/%EC%A7%81%EB%85%80%EC%84%B1,본문/장편소설/심훈 - 직녀성 (시기 미상).txt
발표 시기 미상,,발표 시기 미상,시,짝 잃은 기러기,심훈,133,https://ko.wikisource.org/wiki/%EA%B7%B8%EB%82%A0%EC%9D%B4_%EC%98%A4%EB%A9%B4/%EC%A7%9D_%EC%9E%83%EC%9D%80_%EA%B8%B0%EB%9F%AC%EA%B8%B0,본문/시/심훈 - 짝 잃은 기러기 (시기 미상).txt
발표 시기 미상,,발표 시기 미상,시조,채련곡,심훈,185,https://ko.wikisource.org/wiki/%EA%B7%B8%EB%82%A0%EC%9D%B4_%EC%98%A4%EB%A9%B4/%EC%B1%84%EB%A0%A8%EA%B3%A1,본문/시조/심훈 - 채련곡 (시기 미상).txt
발표 시기 미상,,발표 시기 미상,시,첫 눈,심훈,196,https://ko.wikisource.org/wiki/%EA%B7%B8%EB%82%A0%EC%9D%B4_%EC%98%A4%EB%A9%B4/%EC%B2%AB_%EB%88%88,본문/시/심훈 - 첫 눈 (시기 미상).txt
발표 시기 미상,,발표 시기 미상,시,태양의 임종,심훈,760,https://ko.wikisource.org/wiki/%EA%B7%B8%EB%82%A0%EC%9D%B4_%EC%98%A4%EB%A9%B4/%ED%83%9C%EC%96%91%EC%9D%98_%EC%9E%84%EC%A2%85,본문/시/심훈 - 태양의 임종 (시기 미상).txt
발표 시기 미상,,발표 시기 미상,시,통곡 속에서,심훈,793,https://ko.wikisource.org/wiki/%EA%B7%B8%EB%82%A0%EC%9D%B4_%EC%98%A4%EB%A9%B4/%ED%86%B5%EA%B3%A1_%EC%86%8D%EC%97%90%EC%84%9C,본문/시/심훈 - 통곡 속에서 (시기 미상).txt
발표 시기 미상,,발표 시기 미상,시,패성의 가인,심훈,369,https://ko.wikisource.org/wiki/%EA%B7%B8%EB%82%A0%EC%9D%B4_%EC%98%A4%EB%A9%B4/%ED%8C%A8%EC%84%B1%EC%9D%98_%EA%B0%80%EC%9D%B8,본문/시/심훈 - 패성의 가인 (시기 미상).txt
발표 시기 미상,,발표 시기 미상,시조,평호추월,심훈,190,https://ko.wikisource.org/wiki/%EA%B7%B8%EB%82%A0%EC%9D%B4_%EC%98%A4%EB%A9%B4/%ED%8F%89%ED%98%B8%EC%B6%94%EC%9B%94,본문/시조/심훈 - 평호추월 (시기 미상).txt
발표 시기 미상,,발표 시기 미상,시,피리,심훈,66,https://ko.wikisource.org/wiki/%EA%B7%B8%EB%82%A0%EC%9D%B4_%EC%98%A4%EB%A9%B4/%ED%94%BC%EB%A6%AC,본문/시/심훈 - 피리 (시기 미상).txt
발표 시기 미상,,발표 시기 미상,수필,필경사(筆耕舍) 잡기,심훈,1495,https://ko.wikisource.org/wiki/%EA%B7%B8%EB%82%A0%EC%9D%B4_%EC%98%A4%EB%A9%B4/%EB%B4%84%EC%9D%80_%EC%96%B4%EB%8A%90_%EA%B3%B3%EC%97%90,본문/수필/심훈 - 필경사(筆耕舍) 잡기 (시기 미상).txt
발표 시기 미상,,발표 시기 미상,시,한강의 달밤,심훈,608,https://ko.wikisource.org/wiki/%EA%B7%B8%EB%82%A0%EC%9D%B4_%EC%98%A4%EB%A9%B4/%ED%95%9C%EA%B0%95%EC%9D%98_%EB%8B%AC%EB%B0%A4,본문/시/심훈 - 한강의 달밤 (시기 미상).txt
발표 시기 미상,,발표 시기 미상,시조,항성의 밤,심훈,59,https://ko.wikisource.org/wiki/%EA%B7%B8%EB%82%A0%EC%9D%B4_%EC%98%A4%EB%A9%B4/%ED%95%AD%EC%84%B1%EC%9D%98_%EB%B0%A4,본문/시조/심훈 - 항성의 밤 (시기 미상).txt
발표 시기 미상,,발표 시기 미상,시,항주유기,심훈,564,https://ko.wikisource.org/wiki/%EA%B7%B8%EB%82%A0%EC%9D%B4_%EC%98%A4%EB%A9%B4/%ED%95%AD%EC%A3%BC%EC%9C%A0%EA%B8%B0,본문/시/심훈 - 항주유기 (시기 미상).txt
발표 시기 미상,,발표 시기 미상,시,해당화,심훈,113,https://ko.wikisource.org/wiki/%EA%B7%B8%EB%82%A0%EC%9D%B4_%EC%98%A4%EB%A9%B4/%ED%95%B4%EB%8B%B9%ED%99%94,본문/시/심훈 - 해당화 (시기 미상).txt
발표 시기 미상,,발표 시기 미상,동화,빨간구두,안데르센,3557,https://ko.wikisource.org/wiki/%EB%B9%A8%EA%B0%84%EA%B5%AC%EB%91%90,본문/동화/안데르센 - 빨간구두 (시기 미상).txt
발표 시기 미상,,발표 시기 미상,노래,ᄂᆡ 집은 도화원리(桃花源裏)여늘,안민영,62,https://ko.wikisource.org/wiki/%EB%82%B4_%EC%A7%91%EC%9D%80_%EB%8F%84%ED%99%94%EC%9B%90%EB%A6%AC%EC%96%B4%EB%8A%98,본문/노래/안민영 - ᄂᆡ 집은 도화원리(桃花源裏)여늘 (시기 미상).txt
발표 시기 미상,,발표 시기 미상,시조,ᄇᆞᄅᆞᆷ이 눈을 모라,안민영,58,https://ko.wikisource.org/wiki/%EB%B0%94%EB%9E%8C%EC%9D%B4_%EB%88%88%EC%9D%84_%EB%AA%B0%EC%95%84,본문/시조/안민영 - ᄇᆞᄅᆞᆷ이 눈을 모라 (시기 미상).txt
발표 시기 미상,,발표 시기 미상,시조,ᄒᆡ 지고 돗는 달이,안민영,50,https://ko.wikisource.org/wiki/%ED%95%B4_%EC%A7%80%EA%B3%A0_%EB%8F%8B%EB%8A%94_%EB%8B%AC%EC%9D%B4,본문/시조/안민영 - ᄒᆡ 지고 돗는 달이 (시기 미상).txt
발표 시기 미상,,발표 시기 미상,시조,ᄭᅬᄭᅩ리 고은 노ᄅᆡ,안민영,55,https://ko.wikisource.org/wiki/%EA%BE%80%EA%BC%AC%EB%A6%AC_%EA%B3%A0%EC%9A%B4_%EB%85%B8%EB%9E%98,본문/시조/안민영 - ᄭᅬᄭᅩ리 고은 노ᄅᆡ (시기 미상).txt
발표 시기 미상,,발표 시기 미상,시조,공산(空山) 풍설야(風雪夜)에,안민영,49,https://ko.wikisource.org/wiki/%EA%B3%B5%EC%82%B0_%ED%92%8D%EC%84%A4%EC%95%BC%EC%97%90,본문/시조/안민영 - 공산(空山) 풍설야(風雪夜)에 (시기 미상).txt
발표 시기 미상,,발표 시기 미상,노래,국화(菊花)야 너는 어이 삼월동풍(三月東風) 슬여ᄒᆞᆫ다,안민영,51,https://ko.wikisource.org/wiki/%EA%B5%AD%ED%99%94%EC%95%BC_%EB%84%88%EB%8A%94_%EC%96%B4%EC%9D%B4_%EC%82%BC%EC%9B%94%EB%8F%99%ED%92%8D_%EC%8B%AB%EC%96%B4%ED%95%9C%EB%8B%A4,본문/노래/안민영 - 국화(菊花)야 너는 어이 삼월동풍(三月東風) 슬여ᄒᆞᆫ다 (시기 미상).txt
발표 시기 미상,,발표 시기 미상,시조,눈으로 기약(期約)터니,안민영,50,https://ko.wikisource.org/wiki/%EB%88%88%EC%9C%BC%EB%A1%9C_%EA%B8%B0%EC%95%BD%ED%84%B0%EB%8B%88,본문/시조/안민영 - 눈으로 기약(期約)터니 (시기 미상).txt
발표 시기 미상,,발표 시기 미상,시조,늙으니 져 늙으니,안민영,116,https://ko.wikisource.org/wiki/%EB%8A%99%EC%9D%80%EC%9D%B4_%EC%A0%80_%EB%8A%99%EC%9D%80%EC%9D%B4,본문/시조/안민영 - 늙으니 져 늙으니 (시기 미상).txt
발표 시기 미상,,발표 시기 미상,노래,담 안에 ᄭᅩᆺ치여늘,안민영,57,https://ko.wikisource.org/wiki/%EB%8B%B4_%EC%95%88%EC%97%90_%EA%BD%83%EC%9D%B4%EC%96%B4%EB%8A%98,본문/노래/안민영 - 담 안에 ᄭᅩᆺ치여늘 (시기 미상).txt
발표 시기 미상,,발표 시기 미상,노래,담 안에 섯는 ᄭᅩᆺ츤,안민영,54,https://ko.wikisource.org/wiki/%EB%8B%B4_%EC%95%88%EC%97%90_%EC%84%B0%EB%8A%94_%EA%BD%83%EC%9D%80,본문/노래/안민영 - 담 안에 섯는 ᄭᅩᆺ츤 (시기 미상).txt
발표 시기 미상,,발표 시기 미상,시조,뎌 건너 나부산(羅浮山) 눈ㄷ 속에,안민영,84,https://ko.wikisource.org/wiki/%EC%A0%80_%EA%B1%B4%EB%84%88_%EB%82%98%EB%B6%80%EC%82%B0_%EB%88%88_%EC%86%8D%EC%97%90,본문/시조/안민영 - 뎌 건너 나부산(羅浮山) 눈ㄷ 속에 (시기 미상).txt
발표 시기 미상,,발표 시기 미상,시조,도화(桃花)는 흣날니고,안민영,50,https://ko.wikisource.org/wiki/%EB%8F%84%ED%99%94%EB%8A%94_%ED%9D%A9%EB%82%A0%EB%A6%AC%EA%B3%A0,본문/시조/안민영 - 도화(桃花)는 흣날니고 (시기 미상).txt
발표 시기 미상,,발표 시기 미상,시조,동각(東閣)에 숨은 ᄭᅩᆺ치,안민영,53,https://ko.wikisource.org/wiki/%EB%8F%99%EA%B0%81%EC%97%90_%EC%88%A8%EC%9D%80_%EA%BD%83%EC%9D%B4,본문/시조/안민영 - 동각(東閣)에 숨은 ᄭᅩᆺ치 (시기 미상).txt
발표 시기 미상,,발표 시기 미상,시조,디난 ᄒᆡ 오늘ㅂ밤에,안민영,52,https://ko.wikisource.org/wiki/%EC%A7%80%EB%82%9C_%ED%95%B4_%EC%98%A4%EB%8A%98%EB%B0%A4%EC%97%90,본문/시조/안민영 - 디난 ᄒᆡ 오늘ㅂ밤에 (시기 미상).txt
발표 시기 미상,,발표 시기 미상,시조,만호(萬戶)에 드리운 버들,안민영,48,https://ko.wikisource.org/wiki/%EB%A7%8C%ED%98%B8%EC%97%90_%EB%93%9C%EB%A6%AC%EC%9A%B4_%EB%B2%84%EB%93%A4,본문/시조/안민영 - 만호(萬戶)에 드리운 버들 (시기 미상).txt
발표 시기 미상,,발표 시기 미상,노래,매영(梅影)이 부듯친 창(牕)에,안민영,54,https://ko.wikisource.org/wiki/%EB%A7%A4%EC%98%81%EC%9D%B4_%EB%B6%80%EB%94%AA%ED%9E%8C_%EC%B0%BD%EC%97%90,본문/노래/안민영 - 매영(梅影)이 부듯친 창(牕)에 (시기 미상).txt
발표 시기 미상,,발표 시기 미상,시조,바회는 위태(危殆)타마는,안민영,58,https://ko.wikisource.org/wiki/%EB%B0%94%EC%9C%84%EB%8A%94_%EC%9C%84%ED%83%9C%ED%83%80%EB%A7%88%EB%8A%94,본문/시조/안민영 - 바회는 위태(危殆)타마는 (시기 미상).txt
발표 시기 미상,,발표 시기 미상,시조,빙자옥질(氷姿玉質)이여,안민영,48,https://ko.wikisource.org/wiki/%EB%B9%99%EC%9E%90%EC%98%A5%EC%A7%88%EC%9D%B4%EC%97%AC,본문/시조/안민영 - 빙자옥질(氷姿玉質)이여 (시기 미상).txt
발표 시기 미상,,발표 시기 미상,노래,석파(石坡)에 우석(又石)ᄒᆞ니,안민영,114,https://ko.wikisource.org/wiki/%EC%84%9D%ED%8C%8C%EC%97%90_%EC%9A%B0%EC%84%9D%ED%95%98%EB%8B%88,본문/노래/안민영 - 석파(石坡)에 우석(又石)ᄒᆞ니 (시기 미상).txt
발표 시기 미상,,발표 시기 미상,시조,어리고 성긘 가지,안민영,53,https://ko.wikisource.org/wiki/%EC%96%B4%EB%A6%AC%EA%B3%A0_%EC%84%B1%EA%B8%B4_%EA%B0%80%EC%A7%80,본문/시조/안민영 - 어리고 성긘 가지 (시기 미상).txt
발표 시기 미상,,발표 시기 미상,노래,옥로(玉露)에 져즌 곳과,안민영,49,https://ko.wikisource.org/wiki/%EC%98%A5%EB%A1%9C%EC%97%90_%EC%A0%96%EC%9D%80_%EA%BD%83%EA%B3%BC,본문/노래/안민영 - 옥로(玉露)에 져즌 곳과 (시기 미상).txt
발표 시기 미상,,발표 시기 미상,노래,요전(堯田)을 갈던 ᄉᆞᄅᆞᆷ,안민영,53,https://ko.wikisource.org/wiki/%EC%9A%94%EC%A0%84%EC%9D%84_%EA%B0%88%EB%8D%98_%EC%82%AC%EB%9E%8C,본문/노래/안민영 - 요전(堯田)을 갈던 ᄉᆞᄅᆞᆷ (시기 미상).txt
발표 시기 미상,,발표 시기 미상,시조,용루(龍樓)에 우는 북은,안민영,48,https://ko.wikisource.org/wiki/%EC%9A%A9%EB%A3%A8%EC%97%90_%EC%9A%B0%EB%8A%94_%EB%B6%81%EC%9D%80,본문/시조/안민영 - 용루(龍樓)에 우는 북은 (시기 미상).txt
발표 시기 미상,,발표 시기 미상,시조,장공(長空) 구만리(九萬里)에,안민영,43,https://ko.wikisource.org/wiki/%EC%9E%A5%EA%B3%B5_%EA%B5%AC%EB%A7%8C%EB%A6%AC%EC%97%90,본문/시조/안민영 - 장공(長空) 구만리(九萬里)에 (시기 미상).txt
발표 시기 미상,,발표 시기 미상,노래,지모(智謀)는 한상(漢相) 제갈무후(諸葛武侯)요,안민영,158,https://ko.wikisource.org/wiki/%EC%A7%80%EB%AA%A8%EB%8A%94_%ED%95%9C%EC%83%81_%EC%A0%9C%EA%B0%88%EB%AC%B4%ED%9B%84%EC%9A%94,본문/노래/안민영 - 지모(智謀)는 한상(漢相) 제갈무후(諸葛武侯)요 (시기 미상).txt
발표 시기 미상,,발표 시기 미상,시조,청산(靑山)에 녯 길 ᄎᆞ쟈,안민영,51,https://ko.wikisource.org/wiki/%EC%B2%AD%EC%82%B0%EC%97%90_%EC%98%9B_%EA%B8%B8_%EC%B0%BE%EC%95%84,본문/시조/안민영 - 청산(靑山)에 녯 길 ᄎᆞ쟈 (시기 미상).txt
발표 시기 미상,,발표 시기 미상,시조,청우(靑牛)를 빗기 ᄐᆞ고,안정,51,https://ko.wikisource.org/wiki/%EC%B2%AD%EC%9A%B0%EB%A5%BC_%EB%B9%97%EA%B8%B0_%ED%83%80%EA%B3%A0,본문/시조/안정 - 청우(靑牛)를 빗기 ᄐᆞ고 (시기 미상).txt
발표 시기 미상,,발표 시기 미상,한시,구난가,양녕대군,333,https://ko.wikisource.org/wiki/%EA%B5%AC%EB%82%9C%EA%B0%80,본문/한시/양녕대군 - 구난가 (시기 미상).txt
발표 시기 미상,,발표 시기 미상,한시,별로향운산,양녕대군,118,https://ko.wikisource.org/wiki/%EB%B3%84%EB%A1%9C%ED%96%A5%EC%9A%B4%EC%82%B0,본문/한시/양녕대군 - 별로향운산 (시기 미상).txt
발표 시기 미상,,발표 시기 미상,시조,사랑 사랑 내 사랑아,양녕대군,32,https://ko.wikisource.org/wiki/%EC%82%AC%EB%9E%91_%EC%82%AC%EB%9E%91_%EB%82%B4_%EC%82%AC%EB%9E%91%EC%95%84,본문/시조/양녕대군 - 사랑 사랑 내 사랑아 (시기 미상).txt
발표 시기 미상,,발표 시기 미상,한시,영매,양녕대군,57,https://ko.wikisource.org/wiki/%EC%98%81%EB%A7%A4,본문/한시/양녕대군 - 영매 (시기 미상).txt
발표 시기 미상,,발표 시기 미상,한시,일별음용양막후,양녕대군,223,https://ko.wikisource.org/wiki/%EC%9D%BC%EB%B3%84%EC%9D%8C%EC%9A%A9%EC%96%91%EB%A7%89%ED%9B%84,본문/한시/양녕대군 - 일별음용양막후 (시기 미상).txt
발표 시기 미상,,발표 시기 미상,한시,일유고등월화선,양녕대군,23,https://ko.wikisource.org/wiki/%EC%9D%BC%EC%9C%A0%EA%B3%A0%EB%93%B1%EC%9B%94%ED%99%94%EC%82%B0,본문/한시/양녕대군 - 일유고등월화선 (시기 미상).txt
발표 시기 미상,,발표 시기 미상,한시,제승축,양녕대군,49,https://ko.wikisource.org/wiki/%EC%A0%9C%EC%8A%B9%EC%B6%95,본문/한시/양녕대군 - 제승축 (시기 미상).txt
발표 시기 미상,,발표 시기 미상,한시,희증서관기,양녕대군,237,https://ko.wikisource.org/wiki/%ED%9D%AC%EC%A6%9D%EC%84%9C%EA%B4%80%EA%B8%B0,본문/한시/양녕대군 - 희증서관기 (시기 미상).txt
발표 시기 미상,,발표 시기 미상,노래,태산(泰山)이 놉다 ᄒᆞ되,양사언,48,https://ko.wikisource.org/wiki/%ED%83%9C%EC%82%B0%EC%9D%B4_%EB%86%92%EB%8B%A4_%ED%95%98%EB%90%98,본문/노래/양사언 - 태산(泰山)이 놉다 ᄒᆞ되 (시기 미상).txt
발표 시기 미상,,발표 시기 미상,노래,엄동(嚴冬)에 뵈옷 닙고,양응정,53,https://ko.wikisource.org/wiki/%EC%97%84%EB%8F%99%EC%97%90_%EB%B2%A0%EC%98%B7_%EC%9E%85%EA%B3%A0,본문/노래/양응정 - 엄동(嚴冬)에 뵈옷 닙고 (시기 미상).txt
발표 시기 미상,,발표 시기 미상,노래,태평천지간(太平 天地間)에,양응정,113,https://ko.wikisource.org/wiki/%ED%83%9C%ED%8F%89%EC%B2%9C%EC%A7%80%EA%B0%84%EC%97%90,본문/노래/양응정 - 태평천지간(太平 天地間)에 (시기 미상).txt
발표 시기 미상,,발표 시기 미상,노래,압 못세 든 고기들아,어느 궁녀,54,https://ko.wikisource.org/wiki/%EC%95%9E_%EB%AA%BB%EC%97%90_%EB%93%A0_%EA%B3%A0%EA%B8%B0%EB%93%A4%EC%95%84,본문/노래/어느 궁녀 - 압 못세 든 고기들아 (시기 미상).txt
발표 시기 미상,,발표 시기 미상,소설,인현왕후전,어느 궁녀,9943,https://ko.wikisource.org/wiki/%EC%9D%B8%ED%98%84%EC%99%95%ED%9B%84%EC%A0%84,본문/소설/어느 궁녀 - 인현왕후전 (시기 미상).txt
발표 시기 미상,,발표 시기 미상,시조,구슬은 눈물처럼 흘러 밤을 밝히고,어우동,104,https://ko.wikisource.org/wiki/%EA%B5%AC%EC%8A%AC%EC%9D%80_%EB%88%88%EB%AC%BC%EC%B2%98%EB%9F%BC_%ED%9D%98%EB%9F%AC_%EB%B0%A4%EC%9D%84_%EB%B0%9D%ED%9E%88%EA%B3%A0,본문/시조/어우동 - 구슬은 눈물처럼 흘러 밤을 밝히고 (시기 미상).txt
발표 시기 미상,,발표 시기 미상,시조,문장이 활발하면 노고가 많고,어우동,69,https://ko.wikisource.org/wiki/%EB%AC%B8%EC%9E%A5%EC%9D%B4_%ED%99%9C%EB%B0%9C%ED%95%98%EB%A9%B4_%EB%85%B8%EA%B3%A0%EA%B0%80_%EB%A7%8E%EA%B3%A0,본문/시조/어우동 - 문장이 활발하면 노고가 많고 (시기 미상).txt
발표 시기 미상,,발표 시기 미상,시조,선(善)으로 패(敗)ᄒᆞᆫ 일 보며,엄흔,53,https://ko.wikisource.org/wiki/%EC%84%A0%EC%9C%BC%EB%A1%9C_%ED%8C%A8%ED%95%9C_%EC%9D%BC_%EB%B3%B4%EB%A9%B0,본문/시조/엄흔 - 선(善)으로 패(敗)ᄒᆞᆫ 일 보며 (시기 미상).txt
발표 시기 미상,,발표 시기 미상,고전시가,우적가,영재,90,https://ko.wikisource.org/wiki/%EC%9A%B0%EC%A0%81%EA%B0%80,본문/고전시가/영재 - 우적가 (시기 미상).txt
발표 시기 미상,,발표 시기 미상,시조,하우씨(夏禹氏) 제(濟)헐 제,영조,48,https://ko.wikisource.org/wiki/%ED%95%98%EC%9A%B0%EC%94%A8_%EC%A0%9C%ED%95%98%ED%95%A0_%EC%A0%9C,본문/시조/영조 - 하우씨(夏禹氏) 제(濟)헐 제 (시기 미상).txt
발표 시기 미상,,발표 시기 미상,시조,곡구롱(谷口哢) 우는 소ᄅᆡ에,오경화,65,https://ko.wikisource.org/wiki/%EA%B3%A1%EA%B5%AC%EB%A1%B1_%EC%9A%B0%EB%8A%94_%EC%86%8C%EB%A6%AC%EC%97%90,본문/시조/오경화 - 곡구롱(谷口哢) 우는 소ᄅᆡ에 (시기 미상).txt
발표 시기 미상,,발표 시기 미상,시,五월 화단,오일도,77,https://ko.wikisource.org/wiki/%EC%A7%80%ED%95%98%EC%8B%A4%EC%9D%98_%EB%8B%AC/%EC%98%A4%EC%9B%94_%ED%99%94%EB%8B%A8,본문/시/오일도 - 五월 화단 (시기 미상).txt
발표 시기 미상,,발표 시기 미상,시,十월의 정두원,오일도,201,https://ko.wikisource.org/wiki/%EC%A7%80%ED%95%98%EC%8B%A4%EC%9D%98_%EB%8B%AC/%EC%8B%9C%EC%9B%94%EC%9D%98_%EC%A0%95%EB%91%90%EC%9B%90,본문/시/오일도 - 十월의 정두원 (시기 미상).txt
발표 시기 미상,,발표 시기 미상,시,가을은,오일도,148,https://ko.wikisource.org/wiki/%EC%A7%80%ED%95%98%EC%8B%A4%EC%9D%98_%EB%8B%AC/%EA%B0%80%EC%9D%84%EC%9D%80,본문/시/오일도 - 가을은 (시기 미상).txt
발표 시기 미상,,발표 시기 미상,시,가을하늘,오일도,116,https://ko.wikisource.org/wiki/%EC%A7%80%ED%95%98%EC%8B%A4%EC%9D%98_%EB%8B%AC/%EA%B0%80%EC%9D%84%ED%95%98%EB%8A%98,본문/시/오일도 - 가을하늘 (시기 미상).txt
발표 시기 미상,,발표 시기 미상,시,검은 구름,오일도,156,https://ko.wikisource.org/wiki/%EC%A7%80%ED%95%98%EC%8B%A4%EC%9D%98_%EB%8B%AC/%EA%B2%80%EC%9D%80_%EA%B5%AC%EB%A6%84,본문/시/오일도 - 검은 구름 (시기 미상).txt
발표 시기 미상,,발표 시기 미상,시,그믐밤除夕,오일도,205,https://ko.wikisource.org/wiki/%EC%A7%80%ED%95%98%EC%8B%A4%EC%9D%98_%EB%8B%AC/%EA%B7%B8%EB%AF%90%EB%B0%A4,본문/시/오일도 - 그믐밤除夕 (시기 미상).txt
발표 시기 미상,,발표 시기 미상,시,꽃에 물을 주는 뜻은,오일도,355,https://ko.wikisource.org/wiki/%EC%A7%80%ED%95%98%EC%8B%A4%EC%9D%98_%EB%8B%AC/%EA%BD%83%EC%97%90_%EB%AC%BC%EC%9D%84_%EC%A3%BC%EB%8A%94_%EB%9C%BB%EC%9D%80,본문/시/오일도 - 꽃에 물을 주는 뜻은 (시기 미상).txt
발표 시기 미상,,발표 시기 미상,시,꿈,오일도,30,https://ko.wikisource.org/wiki/%EC%A7%80%ED%95%98%EC%8B%A4%EC%9D%98_%EB%8B%AC/%EA%BF%88,본문/시/오일도 - 꿈 (시기 미상).txt
발표 시기 미상,,발표 시기 미상,시,내 소녀,오일도,71,https://ko.wikisource.org/wiki/%EC%A7%80%ED%95%98%EC%8B%A4%EC%9D%98_%EB%8B%AC/%EB%82%B4_%EC%86%8C%EB%85%80,본문/시/오일도 - 내 소녀 (시기 미상).txt
발표 시기 미상,,발표 시기 미상,시,내연인이여 가까이 오렴,오일도,390,https://ko.wikisource.org/wiki/%EC%A7%80%ED%95%98%EC%8B%A4%EC%9D%98_%EB%8B%AC/%EB%82%B4%EC%97%B0%EC%9D%B8%EC%9D%B4%EC%97%AC_%EA%B0%80%EA%B9%8C%EC%9D%B4_%EC%98%A4%EB%A0%B4,본문/시/오일도 - 내연인이여 가까이 오렴 (시기 미상).txt
발표 시기 미상,,발표 시기 미상,시,내창이 바다에 향했기에,오일도,174,https://ko.wikisource.org/wiki/%EC%A7%80%ED%95%98%EC%8B%A4%EC%9D%98_%EB%8B%AC/%EB%82%B4%EC%B0%BD%EC%9D%B4_%EB%B0%94%EB%8B%A4%EC%97%90_%ED%96%A5%ED%96%88%EA%B8%B0%EC%97%90,본문/시/오일도 - 내창이 바다에 향했기에 (시기 미상).txt
발표 시기 미상,,발표 시기 미상,시,노랑 가랑잎,오일도,72,https://ko.wikisource.org/wiki/%EC%A7%80%ED%95%98%EC%8B%A4%EC%9D%98_%EB%8B%AC/%EB%85%B8%EB%9E%91_%EA%B0%80%EB%9E%91%EC%9E%8E,본문/시/오일도 - 노랑 가랑잎 (시기 미상).txt
발표 시기 미상,,발표 시기 미상,시,노변애가,오일도,388,https://ko.wikisource.org/wiki/%EC%A7%80%ED%95%98%EC%8B%A4%EC%9D%98_%EB%8B%AC/%EB%85%B8%EB%B3%80%EC%95%A0%EA%B0%80,본문/시/오일도 - 노변애가 (시기 미상).txt
발표 시기 미상,,발표 시기 미상,시,누른 포도잎,오일도,84,https://ko.wikisource.org/wiki/%EC%A7%80%ED%95%98%EC%8B%A4%EC%9D%98_%EB%8B%AC/%EB%88%84%EB%A5%B8_%ED%8F%AC%EB%8F%84%EC%9E%8E,본문/시/오일도 - 누른 포도잎 (시기 미상).txt
발표 시기 미상,,발표 시기 미상,시,눈이여 어서 나려다오,오일도,293,https://ko.wikisource.org/wiki/%EC%A7%80%ED%95%98%EC%8B%A4%EC%9D%98_%EB%8B%AC/%EB%88%88%EC%9D%B4%EC%97%AC_%EC%96%B4%EC%84%9C_%EB%82%98%EB%A0%A4%EB%8B%A4%EC%98%A4,본문/시/오일도 - 눈이여 어서 나려다오 (시기 미상).txt
발표 시기 미상,,발표 시기 미상,시,도요새,오일도,125,https://ko.wikisource.org/wiki/%EC%A7%80%ED%95%98%EC%8B%A4%EC%9D%98_%EB%8B%AC/%EB%8F%84%EC%9A%94%EC%83%88,본문/시/오일도 - 도요새 (시기 미상).txt
발표 시기 미상,,발표 시기 미상,시,돌팔매,오일도,60,https://ko.wikisource.org/wiki/%EC%A7%80%ED%95%98%EC%8B%A4%EC%9D%98_%EB%8B%AC/%EB%8F%8C%ED%8C%94%EB%A7%A4,본문/시/오일도 - 돌팔매 (시기 미상).txt
발표 시기 미상,,발표 시기 미상,시,멀리 오시는 님 어이 맞으오리까,오일도,1220,https://ko.wikisource.org/wiki/%EC%A7%80%ED%95%98%EC%8B%A4%EC%9D%98_%EB%8B%AC/%EB%A9%80%EB%A6%AC_%EC%98%A4%EC%8B%9C%EB%8A%94_%EB%8B%98_%EC%96%B4%EC%9D%B4_%EB%A7%9E%EC%9C%BC%EC%98%A4%EB%A6%AC%EA%B9%8C,본문/시/오일도 - 멀리 오시는 님 어이 맞으오리까 (시기 미상).txt
발표 시기 미상,,발표 시기 미상,시,물의 유혹,오일도,128,https://ko.wikisource.org/wiki/%EC%A7%80%ED%95%98%EC%8B%A4%EC%9D%98_%EB%8B%AC/%EB%AC%BC%EC%9D%98_%EC%9C%A0%ED%98%B9,본문/시/오일도 - 물의 유혹 (시기 미상).txt
발표 시기 미상,,발표 시기 미상,시,바람이 붑니다,오일도,92,https://ko.wikisource.org/wiki/%EC%A7%80%ED%95%98%EC%8B%A4%EC%9D%98_%EB%8B%AC/%EB%B0%94%EB%9E%8C%EC%9D%B4_%EB%B6%91%EB%8B%88%EB%8B%A4,본문/시/오일도 - 바람이 붑니다 (시기 미상).txt
발표 시기 미상,,발표 시기 미상,시,백말,오일도,172,https://ko.wikisource.org/wiki/%EC%A7%80%ED%95%98%EC%8B%A4%EC%9D%98_%EB%8B%AC/%EB%B0%B1%EB%A7%90,본문/시/오일도 - 백말 (시기 미상).txt
발표 시기 미상,,발표 시기 미상,시,벽서壁書,오일도,134,https://ko.wikisource.org/wiki/%EC%A7%80%ED%95%98%EC%8B%A4%EC%9D%98_%EB%8B%AC/%EB%B2%BD%EC%84%9C,본문/시/오일도 - 벽서壁書 (시기 미상).txt
발표 시기 미상,,발표 시기 미상,시,별,오일도,37,https://ko.wikisource.org/wiki/%EC%A7%80%ED%95%98%EC%8B%A4%EC%9D%98_%EB%8B%AC/%EB%B3%84,본문/시/오일도 - 별 (시기 미상).txt
발표 시기 미상,,발표 시기 미상,시,봄 아침,오일도,86,https://ko.wikisource.org/wiki/%EC%A7%80%ED%95%98%EC%8B%A4%EC%9D%98_%EB%8B%AC/%EB%B4%84_%EC%95%84%EC%B9%A8,본문/시/오일도 - 봄 아침 (시기 미상).txt
발표 시기 미상,,발표 시기 미상,시,봄비,오일도,100,https://ko.wikisource.org/wiki/%EC%A7%80%ED%95%98%EC%8B%A4%EC%9D%98_%EB%8B%AC/%EB%B4%84%EB%B9%84,본문/시/오일도 - 봄비 (시기 미상).txt
발표 시기 미상,,발표 시기 미상,시,새해아침,오일도,88,https://ko.wikisource.org/wiki/%EC%A7%80%ED%95%98%EC%8B%A4%EC%9D%98_%EB%8B%AC/%EC%83%88%ED%95%B4%EC%95%84%EC%B9%A8,본문/시/오일도 - 새해아침 (시기 미상).txt
발표 시기 미상,,발표 시기 미상,시,송원松園의 밤,오일도,75,https://ko.wikisource.org/wiki/%EC%A7%80%ED%95%98%EC%8B%A4%EC%9D%98_%EB%8B%AC/%EC%86%A1%EC%9B%90%EC%9D%98_%EB%B0%A4,본문/시/오일도 - 송원松園의 밤 (시기 미상).txt
발표 시기 미상,,발표 시기 미상,시,아기의 눈,오일도,208,https://ko.wikisource.org/wiki/%EC%A7%80%ED%95%98%EC%8B%A4%EC%9D%98_%EB%8B%AC/%EC%95%84%EA%B8%B0%EC%9D%98_%EB%88%88,본문/시/오일도 - 아기의 눈 (시기 미상).txt
발표 시기 미상,,발표 시기 미상,시,올빼미,오일도,236,https://ko.wikisource.org/wiki/%EC%A7%80%ED%95%98%EC%8B%A4%EC%9D%98_%EB%8B%AC/%EC%98%AC%EB%B9%BC%EB%AF%B8,본문/시/오일도 - 올빼미 (시기 미상).txt
발표 시기 미상,,발표 시기 미상,시,인생의 광야曠野,오일도,156,https://ko.wikisource.org/wiki/%EC%A7%80%ED%95%98%EC%8B%A4%EC%9D%98_%EB%8B%AC/%EC%9D%B8%EC%83%9D%EC%9D%98_%EA%B4%91%EC%95%BC,본문/시/오일도 - 인생의 광야曠野 (시기 미상).txt
발표 시기 미상,,발표 시기 미상,시,저녁 놀,오일도,97,https://ko.wikisource.org/wiki/%EC%A7%80%ED%95%98%EC%8B%A4%EC%9D%98_%EB%8B%AC/%EC%A0%80%EB%85%81_%EB%86%80,본문/시/오일도 - 저녁 놀 (시기 미상).txt
발표 시기 미상,,발표 시기 미상,시,지하실의 달,오일도,131,https://ko.wikisource.org/wiki/%EC%A7%80%ED%95%98%EC%8B%A4%EC%9D%98_%EB%8B%AC/%EC%A7%80%ED%95%98%EC%8B%A4%EC%9D%98_%EB%8B%AC,본문/시/오일도 - 지하실의 달 (시기 미상).txt
발표 시기 미상,,발표 시기 미상,시,찬벽壁,오일도,427,https://ko.wikisource.org/wiki/%EC%A7%80%ED%95%98%EC%8B%A4%EC%9D%98_%EB%8B%AC/%EC%B0%AC%EB%B2%BD,본문/시/오일도 - 찬벽壁 (시기 미상).txt
발표 시기 미상,,발표 시기 미상,시,창을 남쪽으로,오일도,178,https://ko.wikisource.org/wiki/%EC%A7%80%ED%95%98%EC%8B%A4%EC%9D%98_%EB%8B%AC/%EC%B0%BD%EC%9D%84_%EB%82%A8%EC%AA%BD%EC%9C%BC%EB%A1%9C,본문/시/오일도 - 창을 남쪽으로 (시기 미상).txt
발표 시기 미상,,발표 시기 미상,시,코스모스 꽃,오일도,244,https://ko.wikisource.org/wiki/%EC%A7%80%ED%95%98%EC%8B%A4%EC%9D%98_%EB%8B%AC/%EC%BD%94%EC%8A%A4%EB%AA%A8%EC%8A%A4_%EA%BD%83,본문/시/오일도 - 코스모스 꽃 (시기 미상).txt
발표 시기 미상,,발표 시기 미상,시,한가람 백사장에서,오일도,57,https://ko.wikisource.org/wiki/%EC%A7%80%ED%95%98%EC%8B%A4%EC%9D%98_%EB%8B%AC/%ED%95%9C%EA%B0%80%EB%9E%8C_%EB%B0%B1%EC%82%AC%EC%9E%A5%EC%97%90%EC%84%9C,본문/시/오일도 - 한가람 백사장에서 (시기 미상).txt
발표 시기 미상,,발표 시기 미상,시,해방의 거리,오일도,607,https://ko.wikisource.org/wiki/%EC%A7%80%ED%95%98%EC%8B%A4%EC%9D%98_%EB%8B%AC/%ED%95%B4%EB%B0%A9%EC%9D%98_%EA%B1%B0%EB%A6%AC,본문/시/오일도 - 해방의 거리 (시기 미상).txt
발표 시기 미상,,발표 시기 미상,시,귀촉도,오장환,337,https://ko.wikisource.org/wiki/%EA%B7%80%EC%B4%89%EB%8F%84,본문/시/오장환 - 귀촉도 (시기 미상).txt
발표 시기 미상,,발표 시기 미상,시,병상일기,오장환,247,https://ko.wikisource.org/wiki/%EB%B3%91%EC%83%81%EC%9D%BC%EA%B8%B0,본문/시/오장환 - 병상일기 (시기 미상).txt
발표 시기 미상,,발표 시기 미상,시,산협(山峽)의 노래,오장환,391,https://ko.wikisource.org/wiki/%EC%82%B0%ED%98%91%EC%9D%98_%EB%85%B8%EB%9E%98,본문/시/오장환 - 산협(山峽)의 노래 (시기 미상).txt
발표 시기 미상,,발표 시기 미상,시,어린 누이야,오장환,145,https://ko.wikisource.org/wiki/%EC%96%B4%EB%A6%B0_%EB%88%84%EC%9D%B4%EC%95%BC,본문/시/오장환 - 어린 누이야 (시기 미상).txt
발표 시기 미상,,발표 시기 미상,시,첫겨울,오장환,45,https://ko.wikisource.org/wiki/%EC%B2%AB%EA%B2%A8%EC%9A%B8,본문/시/오장환 - 첫겨울 (시기 미상).txt
발표 시기 미상,,발표 시기 미상,노래,천만리 머나먼 길에,왕방연,115,https://ko.wikisource.org/wiki/%EC%B2%9C%EB%A7%8C%EB%A6%AC_%EB%A8%B8%EB%82%98%EB%A8%BC_%EA%B8%B8%EC%97%90,본문/노래/왕방연 - 천만리 머나먼 길에 (시기 미상).txt
발표 시기 미상,,발표 시기 미상,노래,눈 마자 휘어진 대를,원천석,162,https://ko.wikisource.org/wiki/%EB%88%88_%EB%A7%9E%EC%95%84_%ED%9C%98%EC%96%B4%EC%A7%84_%EB%8C%80%EB%A5%BC,본문/노래/원천석 - 눈 마자 휘어진 대를 (시기 미상).txt
발표 시기 미상,,발표 시기 미상,노래,흥망(興亡)이 유수(有數)ᄒᆞ니,원천석,103,https://ko.wikisource.org/wiki/%ED%9A%8C%EA%B3%A0%EA%B0%80_%28%EC%9B%90%EC%B2%9C%EC%84%9D%29,본문/노래/원천석 - 흥망(興亡)이 유수(有數)ᄒᆞ니 (시기 미상).txt
발표 시기 미상,,발표 시기 미상,노래,간밤의 우던 여흘,원호,49,https://ko.wikisource.org/wiki/%EA%B0%84%EB%B0%A4%EC%97%90_%EC%9A%B0%EB%8D%98_%EC%97%AC%ED%9D%98,본문/노래/원호 - 간밤의 우던 여흘 (시기 미상).txt
발표 시기 미상,,발표 시기 미상,고전시가,도솔가,월명사,37,https://ko.wikisource.org/wiki/%EB%8F%84%EC%86%94%EA%B0%80,본문/고전시가/월명사 - 도솔가 (시기 미상).txt
발표 시기 미상,,발표 시기 미상,노래,추강(秋江)에 밤이 드니,월산대군,183,https://ko.wikisource.org/wiki/%EC%B6%94%EA%B0%95%EC%97%90_%EB%B0%A4%EC%9D%B4_%EB%93%9C%EB%8B%88,본문/노래/월산대군 - 추강(秋江)에 밤이 드니 (시기 미상).txt
발표 시기 미상,,발표 시기 미상,희곡,맥베스,윌리엄 셰익스피어,9394,https://ko.wikisource.org/wiki/%EB%A7%A5%EB%B2%A0%EC%8A%A4,본문/희곡/윌리엄 셰익스피어 - 맥베스 (시기 미상).txt
발표 시기 미상,,발표 시기 미상,한시,황조가,유리명왕,34,https://ko.wikisource.org/wiki/%ED%99%A9%EC%A1%B0%EA%B0%80,본문/한시/유리명왕 - 황조가 (시기 미상).txt
발표 시기 미상,,발표 시기 미상,노래,초당(草堂)에 일이 업서,유성원,103,https://ko.wikisource.org/wiki/%EC%B4%88%EB%8B%B9%EC%97%90_%EC%9D%BC%EC%9D%B4_%EC%97%86%EC%96%B4,본문/노래/유성원 - 초당(草堂)에 일이 업서 (시기 미상).txt
발표 시기 미상,,발표 시기 미상,시조,간밤의 부던 ᄇᆞ람에,유응부,48,https://ko.wikisource.org/wiki/%EA%B0%84%EB%B0%A4%EC%97%90_%EB%B6%80%EB%8D%98_%EB%B0%94%EB%9E%8C%EC%97%90,본문/시조/유응부 - 간밤의 부던 ᄇᆞ람에 (시기 미상).txt
발표 시기 미상,,발표 시기 미상,노래,ᄃᆞᆺᄂᆞᆫ ᄆᆞᆯ 셔셔 늙고,유혁연,52,https://ko.wikisource.org/wiki/%EB%8B%B7%EB%8A%94_%EB%A7%90_%EC%84%9C%EC%84%9C_%EB%8A%99%EA%B3%A0,본문/노래/유혁연 - ᄃᆞᆺᄂᆞᆫ ᄆᆞᆯ 셔셔 늙고 (시기 미상).txt
발표 시기 미상,,발표 시기 미상,시,개,윤동주,113,https://ko.wikisource.org/wiki/%ED%95%98%EB%8A%98%EA%B3%BC_%EB%B0%94%EB%9E%8C%EA%B3%BC_%EB%B3%84%EA%B3%BC_%EC%8B%9C_%281979%EB%85%84%29/%EA%B0%9C,본문/시/윤동주 - 개 (시기 미상).txt
발표 시기 미상,,발표 시기 미상,시,곡간,윤동주,196,https://ko.wikisource.org/wiki/%ED%95%98%EB%8A%98%EA%B3%BC_%EB%B0%94%EB%9E%8C%EA%B3%BC_%EB%B3%84%EA%B3%BC_%EC%8B%9C_%281979%EB%85%84%29/%EA%B3%A1%EA%B0%84,본문/시/윤동주 - 곡간 (시기 미상).txt
발표 시기 미상,,발표 시기 미상,시,나무,윤동주,26,https://ko.wikisource.org/wiki/%ED%95%98%EB%8A%98%EA%B3%BC_%EB%B0%94%EB%9E%8C%EA%B3%BC_%EB%B3%84%EA%B3%BC_%EC%8B%9C_%281979%EB%85%84%29/%EB%82%98%EB%AC%B4,본문/시/윤동주 - 나무 (시기 미상).txt
발표 시기 미상,,발표 시기 미상,시,만돌이,윤동주,211,https://ko.wikisource.org/wiki/%ED%95%98%EB%8A%98%EA%B3%BC_%EB%B0%94%EB%9E%8C%EA%B3%BC_%EB%B3%84%EA%B3%BC_%EC%8B%9C_%281979%EB%85%84%29/%EB%A7%8C%EB%8F%8C%EC%9D%B4,본문/시/윤동주 - 만돌이 (시기 미상).txt
발표 시기 미상,,발표 시기 미상,시,사과,윤동주,37,https://ko.wikisource.org/wiki/%ED%95%98%EB%8A%98%EA%B3%BC_%EB%B0%94%EB%9E%8C%EA%B3%BC_%EB%B3%84%EA%B3%BC_%EC%8B%9C_%281979%EB%85%84%29/%EC%82%AC%EA%B3%BC,본문/시/윤동주 - 사과 (시기 미상).txt
발표 시기 미상,,발표 시기 미상,시,하늘과 바람과 별과 시 (1979년)/내일은 없다,윤동주,70,https://ko.wikisource.org/wiki/%ED%95%98%EB%8A%98%EA%B3%BC_%EB%B0%94%EB%9E%8C%EA%B3%BC_%EB%B3%84%EA%B3%BC_%EC%8B%9C_%281979%EB%85%84%29/%EB%82%B4%EC%9D%BC%EC%9D%80_%EC%97%86%EB%8B%A4,본문/시/윤동주 - 하늘과 바람과 별과 시 (1979년) 내일은 없다 (시기 미상).txt
발표 시기 미상,,발표 시기 미상,시,호주머니,윤동주,31,https://ko.wikisource.org/wiki/%ED%95%98%EB%8A%98%EA%B3%BC_%EB%B0%94%EB%9E%8C%EA%B3%BC_%EB%B3%84%EA%B3%BC_%EC%8B%9C_%281979%EB%85%84%29/%ED%98%B8%EC%A3%BC%EB%A8%B8%EB%8B%88,본문/시/윤동주 - 호주머니 (시기 미상).txt
발표 시기 미상,,발표 시기 미상,단편소설,경벌포의,윤백남,8485,https://ko.wikisource.org/wiki/%EA%B2%BD%EB%B2%8C%ED%8F%AC%EC%9D%98,본문/단편소설/윤백남 - 경벌포의 (시기 미상).txt
발표 시기 미상,,발표 시기 미상,단편소설,괴승 신수,윤백남,10602,https://ko.wikisource.org/wiki/%EA%B4%B4%EC%8A%B9%EC%8B%A0%EC%88%98,본문/단편소설/윤백남 - 괴승 신수 (시기 미상).txt
발표 시기 미상,,발표 시기 미상,단편소설,보은단 유래,윤백남,16039,https://ko.wikisource.org/wiki/%EB%B3%B4%EC%9D%80%EB%8B%A8_%EC%9C%A0%EB%9E%98,본문/단편소설/윤백남 - 보은단 유래 (시기 미상).txt
발표 시기 미상,,발표 시기 미상,단편소설,사각전기,윤백남,6689,https://ko.wikisource.org/wiki/%EC%82%AC%EA%B0%81%EC%A0%84%EA%B8%B0,본문/단편소설/윤백남 - 사각전기 (시기 미상).txt
발표 시기 미상,,발표 시기 미상,소설,상방기현,윤백남,8108,https://ko.wikisource.org/wiki/%EC%83%81%EB%B0%A9%EA%B8%B0%ED%98%84,본문/소설/윤백남 - 상방기현 (시기 미상).txt
발표 시기 미상,,발표 시기 미상,소설,소설정획점고인,윤백남,8514,https://ko.wikisource.org/wiki/%EC%86%8C%EC%84%A4%EC%A0%95%ED%9A%8D%EC%A0%90%EA%B3%A0%EC%9D%B8,본문/소설/윤백남 - 소설정획점고인 (시기 미상).txt
발표 시기 미상,,발표 시기 미상,단편소설,순정의 호동왕자,윤백남,7965,https://ko.wikisource.org/wiki/%EC%88%9C%EC%A0%95%EC%9D%98_%ED%98%B8%EB%8F%99%EC%99%95%EC%9E%90,본문/단편소설/윤백남 - 순정의 호동왕자 (시기 미상).txt
발표 시기 미상,,발표 시기 미상,단편소설,안류정,윤백남,5178,https://ko.wikisource.org/wiki/%EC%95%88%EB%A5%98%EC%A0%95,본문/단편소설/윤백남 - 안류정 (시기 미상).txt
발표 시기 미상,,발표 시기 미상,단편소설,우연의 기적,윤백남,7776,https://ko.wikisource.org/wiki/%EC%9A%B0%EC%97%B0%EC%9D%98_%EA%B8%B0%EC%A0%81,본문/단편소설/윤백남 - 우연의 기적 (시기 미상).txt
발표 시기 미상,,발표 시기 미상,단편소설,원수(怨讐)로 은인,윤백남,9876,https://ko.wikisource.org/wiki/%EC%9B%90%EC%88%98%EB%A1%9C_%EC%9D%80%EC%9D%B8,본문/단편소설/윤백남 - 원수(怨讐)로 은인 (시기 미상).txt
발표 시기 미상,,발표 시기 미상,단편소설,이식과 도승,윤백남,9343,https://ko.wikisource.org/wiki/%EC%9D%B4%EC%8B%9D%EA%B3%BC_%EB%8F%84%EC%8A%B9,본문/단편소설/윤백남 - 이식과 도승 (시기 미상).txt
발표 시기 미상,,발표 시기 미상,소설,장마가 실어온 발복,윤백남,5025,https://ko.wikisource.org/wiki/%EC%9E%A5%EB%A7%88%EA%B0%80_%EC%8B%A4%EC%96%B4%EC%98%A8_%EB%B0%9C%EB%B3%B5,본문/소설/윤백남 - 장마가 실어온 발복 (시기 미상).txt
발표 시기 미상,,발표 시기 미상,단편소설,적괴 유의,윤백남,8510,https://ko.wikisource.org/wiki/%EC%A0%81%EA%B4%B4%EC%9C%A0%EC%9D%98,본문/단편소설/윤백남 - 적괴 유의 (시기 미상).txt
발표 시기 미상,,발표 시기 미상,단편소설,정열의 낙랑공주,윤백남,9922,https://ko.wikisource.org/wiki/%EC%A0%95%EC%97%B4%EC%9D%98_%EB%82%99%EB%9E%91%EA%B3%B5%EC%A3%BC,본문/단편소설/윤백남 - 정열의 낙랑공주 (시기 미상).txt
발표 시기 미상,,발표 시기 미상,소설,종침교 명명 유래기,윤백남,6042,https://ko.wikisource.org/wiki/%EC%A2%85%EC%B9%A8%EA%B5%90_%EB%AA%85%EB%AA%85_%EC%9C%A0%EB%9E%98%EA%B8%B0,본문/소설/윤백남 - 종침교 명명 유래기 (시기 미상).txt
발표 시기 미상,,발표 시기 미상,소설,집념,윤백남,9267,https://ko.wikisource.org/wiki/%EC%A7%91%EB%85%90,본문/소설/윤백남 - 집념 (시기 미상).txt
발표 시기 미상,,발표 시기 미상,소설,천추의 한,윤백남,72875,https://ko.wikisource.org/wiki/%EC%B2%9C%EC%B6%94%EC%9D%98_%ED%95%9C,본문/소설/윤백남 - 천추의 한 (시기 미상).txt
발표 시기 미상,,발표 시기 미상,단편소설,초췌연화편,윤백남,8480,https://ko.wikisource.org/wiki/%EC%B4%88%EC%B7%8C%EC%97%B0%ED%99%94%ED%8E%B8,본문/단편소설/윤백남 - 초췌연화편 (시기 미상).txt
발표 시기 미상,,발표 시기 미상,단편소설,투환금은,윤백남,8262,https://ko.wikisource.org/wiki/%ED%88%AC%ED%99%98%EA%B8%88%EC%9D%80,본문/단편소설/윤백남 - 투환금은 (시기 미상).txt
발표 시기 미상,,발표 시기 미상,단편소설,홍윤성(洪允成)과 절부,윤백남,12049,https://ko.wikisource.org/wiki/%ED%99%8D%EC%9C%A4%EC%84%B1%EA%B3%BC_%EC%A0%88%EB%B6%80,본문/단편소설/윤백남 - 홍윤성(洪允成)과 절부 (시기 미상).txt
발표 시기 미상,,발표 시기 미상,시조,어부사여음,윤선도,68,https://ko.wikisource.org/wiki/%EC%96%B4%EB%B6%80%EC%82%AC%EC%97%AC%EC%9D%8C,본문/시조/윤선도 - 어부사여음 (시기 미상).txt
발표 시기 미상,,발표 시기 미상,시조,초연곡,윤선도,135,https://ko.wikisource.org/wiki/%EC%B4%88%EC%97%B0%EA%B3%A1,본문/시조/윤선도 - 초연곡 (시기 미상).txt
발표 시기 미상,,발표 시기 미상,시조,파연곡,윤선도,121,https://ko.wikisource.org/wiki/%ED%8C%8C%EC%97%B0%EA%B3%A1,본문/시조/윤선도 - 파연곡 (시기 미상).txt
발표 시기 미상,,발표 시기 미상,기타,백호전서,윤휴,481,https://ko.wikisource.org/wiki/%EB%B0%B1%ED%98%B8%EC%A0%84%EC%84%9C,본문/기타/윤휴 - 백호전서 (시기 미상).txt
발표 시기 미상,,발표 시기 미상,고전시가,혜성가,융천사,103,https://ko.wikisource.org/wiki/%ED%98%9C%EC%84%B1%EA%B0%80,본문/고전시가/융천사 - 혜성가 (시기 미상).txt
발표 시기 미상,,발표 시기 미상,노래,월상국(越相國) 범사백(范少伯)이,을파소,45,https://ko.wikisource.org/wiki/%EC%9B%94%EC%83%81%EA%B5%AD_%EB%B2%94%EC%82%AC%EB%B0%B1%EC%9D%B4,본문/노래/을파소 - 월상국(越相國) 범사백(范少伯)이 (시기 미상).txt
발표 시기 미상,,발표 시기 미상,시,효대,의천,116,https://ko.wikisource.org/wiki/%ED%9A%A8%EB%8C%80,본문/시/의천 - 효대 (시기 미상).txt
발표 시기 미상,,발표 시기 미상,노래,정우정(淨友亭) 도라드러 外,이간,1482,https://ko.wikisource.org/wiki/%EC%A0%95%EC%9A%B0%EC%A0%95_%EB%8F%8C%EC%95%84_%EB%93%A4%EC%96%B4,본문/노래/이간 - 정우정(淨友亭) 도라드러 外 (시기 미상).txt
발표 시기 미상,,발표 시기 미상,수필,鳳兒[봉아]의 追憶[추억],이광수,12272,https://ko.wikisource.org/wiki/%EB%B4%89%EC%95%84%EC%9D%98_%EC%B6%94%EC%96%B5,본문/수필/이광수 - 鳳兒[봉아]의 追憶[추억] (시기 미상).txt
발표 시기 미상,,발표 시기 미상,수필,돌베개,이광수,709,https://ko.wikisource.org/wiki/%EB%8F%8C%EB%B2%A0%EA%B0%9C,본문/수필/이광수 - 돌베개 (시기 미상).txt
발표 시기 미상,,발표 시기 미상,수필,서울 열흘,이광수,5715,https://ko.wikisource.org/wiki/%EC%84%9C%EC%9A%B8_%EC%97%B4%ED%9D%98,본문/수필/이광수 - 서울 열흘 (시기 미상).txt
발표 시기 미상,,발표 시기 미상,수필,영당 할머니,이광수,5074,https://ko.wikisource.org/wiki/%EC%98%81%EB%8B%B9%ED%95%A0%EB%A8%B8%EB%8B%88,본문/수필/이광수 - 영당 할머니 (시기 미상).txt
발표 시기 미상,,발표 시기 미상,한시,강상효우,이규보,56,https://ko.wikisource.org/wiki/%EA%B0%95%EC%83%81%ED%9A%A8%EC%9A%B0,본문/한시/이규보 - 강상효우 (시기 미상).txt
발표 시기 미상,,발표 시기 미상,수필,괴토실설,이규보,867,https://ko.wikisource.org/wiki/%EA%B4%B4%ED%86%A0%EC%8B%A4%EC%84%A4,본문/수필/이규보 - 괴토실설 (시기 미상).txt
발표 시기 미상,,발표 시기 미상,소설,국선생전,이규보,846,https://ko.wikisource.org/wiki/%EA%B5%AD%EC%84%A0%EC%83%9D%EC%A0%84,본문/소설/이규보 - 국선생전 (시기 미상).txt
발표 시기 미상,,발표 시기 미상,수필,슬견설,이규보,984,https://ko.wikisource.org/wiki/%EC%8A%AC%EA%B2%AC%EC%84%A4,본문/수필/이규보 - 슬견설 (시기 미상).txt
발표 시기 미상,,발표 시기 미상,수필,이옥설,이규보,218,https://ko.wikisource.org/wiki/%EC%9D%B4%EC%98%A5%EC%84%A4,본문/수필/이규보 - 이옥설 (시기 미상).txt
발표 시기 미상,,발표 시기 미상,수필,주뢰설,이규보,139,https://ko.wikisource.org/wiki/%EC%A3%BC%EB%A2%B0%EC%84%A4,본문/수필/이규보 - 주뢰설 (시기 미상).txt
발표 시기 미상,,발표 시기 미상,노래,ᄃᆞᆯ이 두렷ᄒᆞ여,이덕형,106,https://ko.wikisource.org/wiki/%EB%8B%AC%EC%9D%B4_%EB%9A%9C%EB%A0%B7%ED%95%98%EC%97%AC,본문/노래/이덕형 - ᄃᆞᆯ이 두렷ᄒᆞ여 (시기 미상).txt
발표 시기 미상,,발표 시기 미상,노래,큰 잔(盞)에 ᄀᆞ득 부어,이덕형,99,https://ko.wikisource.org/wiki/%ED%81%B0_%EC%9E%94%EC%97%90_%EA%B0%80%EB%93%9D_%EB%B6%80%EC%96%B4,본문/노래/이덕형 - 큰 잔(盞)에 ᄀᆞ득 부어 (시기 미상).txt
발표 시기 미상,,발표 시기 미상,시,가는 봄 지는 꽃에,이매창,147,https://ko.wikisource.org/wiki/%EC%A1%B0%EC%84%A0%EC%97%AC%EB%A5%98%ED%95%9C%EC%8B%9C%EC%84%A0%EC%A7%91/%EA%B0%80%EB%8A%94_%EB%B4%84_%EC%A7%80%EB%8A%94_%EA%BD%83%EC%97%90,본문/시/이매창 - 가는 봄 지는 꽃에 (시기 미상).txt
발표 시기 미상,,발표 시기 미상,시,가락지,이매창,149,https://ko.wikisource.org/wiki/%EC%A1%B0%EC%84%A0%EC%97%AC%EB%A5%98%ED%95%9C%EC%8B%9C%EC%84%A0%EC%A7%91/%EA%B0%80%EB%9D%BD%EC%A7%80,본문/시/이매창 - 가락지 (시기 미상).txt
발표 시기 미상,,발표 시기 미상,시,가을밤,이매창,149,https://ko.wikisource.org/wiki/%EC%A1%B0%EC%84%A0%EC%97%AC%EB%A5%98%ED%95%9C%EC%8B%9C%EC%84%A0%EC%A7%91/%EA%B0%80%EC%9D%84%EB%B0%A4_%28%EA%B3%84%EC%83%9D%29,본문/시/이매창 - 가을밤 (시기 미상).txt
발표 시기 미상,,발표 시기 미상,시,금장도,이매창,133,https://ko.wikisource.org/wiki/%EC%A1%B0%EC%84%A0%EC%97%AC%EB%A5%98%ED%95%9C%EC%8B%9C%EC%84%A0%EC%A7%91/%EA%B8%88%EC%9E%A5%EB%8F%84,본문/시/이매창 - 금장도 (시기 미상).txt
발표 시기 미상,,발표 시기 미상,시,꿈을 깨니,이매창,134,https://ko.wikisource.org/wiki/%EC%A1%B0%EC%84%A0%EC%97%AC%EB%A5%98%ED%95%9C%EC%8B%9C%EC%84%A0%EC%A7%91/%EA%BF%88%EC%9D%84_%EA%B9%A8%EB%8B%88,본문/시/이매창 - 꿈을 깨니 (시기 미상).txt
발표 시기 미상,,발표 시기 미상,시,님에게,이매창,134,https://ko.wikisource.org/wiki/%EC%A1%B0%EC%84%A0%EC%97%AC%EB%A5%98%ED%95%9C%EC%8B%9C%EC%84%A0%EC%A7%91/%EB%8B%98%EC%97%90%EA%B2%8C_%28%EA%B3%84%EC%83%9D%29,본문/시/이매창 - 님에게 (시기 미상).txt
발표 시기 미상,,발표 시기 미상,시,님을 생각하고,이매창,149,https://ko.wikisource.org/wiki/%EC%A1%B0%EC%84%A0%EC%97%AC%EB%A5%98%ED%95%9C%EC%8B%9C%EC%84%A0%EC%A7%91/%EB%8B%98%EC%9D%84_%EC%83%9D%EA%B0%81%ED%95%98%EA%B3%A0,본문/시/이매창 - 님을 생각하고 (시기 미상).txt
발표 시기 미상,,발표 시기 미상,시,뜬 풍설,이매창,134,https://ko.wikisource.org/wiki/%EC%A1%B0%EC%84%A0%EC%97%AC%EB%A5%98%ED%95%9C%EC%8B%9C%EC%84%A0%EC%A7%91/%EB%9C%AC_%ED%92%8D%EC%84%A4,본문/시/이매창 - 뜬 풍설 (시기 미상).txt
발표 시기 미상,,발표 시기 미상,시,무어라 보슬비는,이매창,150,https://ko.wikisource.org/wiki/%EC%A1%B0%EC%84%A0%EC%97%AC%EB%A5%98%ED%95%9C%EC%8B%9C%EC%84%A0%EC%A7%91/%EB%AC%B4%EC%96%B4%EB%9D%BC_%EB%B3%B4%EC%8A%AC%EB%B9%84%EB%8A%94,본문/시/이매창 - 무어라 보슬비는 (시기 미상).txt
발표 시기 미상,,발표 시기 미상,시,배 띄우고,이매창,151,https://ko.wikisource.org/wiki/%EC%A1%B0%EC%84%A0%EC%97%AC%EB%A5%98%ED%95%9C%EC%8B%9C%EC%84%A0%EC%A7%91/%EB%B0%B0_%EB%9D%84%EC%9A%B0%EA%B3%A0,본문/시/이매창 - 배 띄우고 (시기 미상).txt
발표 시기 미상,,발표 시기 미상,시,병중(病中)에,이매창,134,https://ko.wikisource.org/wiki/%EC%A1%B0%EC%84%A0%EC%97%AC%EB%A5%98%ED%95%9C%EC%8B%9C%EC%84%A0%EC%A7%91/%EB%B3%91%EC%A4%91%EC%97%90,본문/시/이매창 - 병중(病中)에 (시기 미상).txt
발표 시기 미상,,발표 시기 미상,시,부여(夫餘)서,이매창,140,https://ko.wikisource.org/wiki/%EC%A1%B0%EC%84%A0%EC%97%AC%EB%A5%98%ED%95%9C%EC%8B%9C%EC%84%A0%EC%A7%91/%EB%B6%80%EC%97%AC%EC%84%9C,본문/시/이매창 - 부여(夫餘)서 (시기 미상).txt
발표 시기 미상,,발표 시기 미상,시,소견,이매창,135,https://ko.wikisource.org/wiki/%EC%A1%B0%EC%84%A0%EC%97%AC%EB%A5%98%ED%95%9C%EC%8B%9C%EC%84%A0%EC%A7%91/%EC%86%8C%EA%B2%AC_%28%EA%B3%84%EC%83%9D%29,본문/시/이매창 - 소견 (시기 미상).txt
발표 시기 미상,,발표 시기 미상,시,옷을 뀌매며,이매창,134,https://ko.wikisource.org/wiki/%EC%A1%B0%EC%84%A0%EC%97%AC%EB%A5%98%ED%95%9C%EC%8B%9C%EC%84%A0%EC%A7%91/%EC%98%B7%EC%9D%84_%EB%80%8C%EB%A7%A4%EB%A9%B0,본문/시/이매창 - 옷을 뀌매며 (시기 미상).txt
발표 시기 미상,,발표 시기 미상,시,이내 속야,이매창,134,https://ko.wikisource.org/wiki/%EC%A1%B0%EC%84%A0%EC%97%AC%EB%A5%98%ED%95%9C%EC%8B%9C%EC%84%A0%EC%A7%91/%EC%9D%B4%EB%82%B4_%EC%86%8D%EC%95%BC,본문/시/이매창 - 이내 속야 (시기 미상).txt
발표 시기 미상,,발표 시기 미상,노래,이화우(梨花雨) 흣ᄲᅮ릴 제,이매창,185,https://ko.wikisource.org/wiki/%EC%9D%B4%ED%99%94%EC%9A%B0_%ED%9D%A9%EB%BF%8C%EB%A6%B4_%EC%A0%9C,본문/노래/이매창 - 이화우(梨花雨) 흣ᄲᅮ릴 제 (시기 미상).txt
발표 시기 미상,,발표 시기 미상,시,자상,이매창,133,https://ko.wikisource.org/wiki/%EC%A1%B0%EC%84%A0%EC%97%AC%EB%A5%98%ED%95%9C%EC%8B%9C%EC%84%A0%EC%A7%91/%EC%9E%90%EC%83%81,본문/시/이매창 - 자상 (시기 미상).txt
발표 시기 미상,,발표 시기 미상,시,자탄,이매창,148,https://ko.wikisource.org/wiki/%EC%A1%B0%EC%84%A0%EC%97%AC%EB%A5%98%ED%95%9C%EC%8B%9C%EC%84%A0%EC%A7%91/%EC%9E%90%ED%83%84_%28%EA%B3%84%EC%83%9D%29,본문/시/이매창 - 자탄 (시기 미상).txt
발표 시기 미상,,발표 시기 미상,시,자한,이매창,135,https://ko.wikisource.org/wiki/%EC%A1%B0%EC%84%A0%EC%97%AC%EB%A5%98%ED%95%9C%EC%8B%9C%EC%84%A0%EC%A7%91/%EC%9E%90%ED%95%9C,본문/시/이매창 - 자한 (시기 미상).txt
발표 시기 미상,,발표 시기 미상,시,장토,이매창,133,https://ko.wikisource.org/wiki/%EC%A1%B0%EC%84%A0%EC%97%AC%EB%A5%98%ED%95%9C%EC%8B%9C%EC%84%A0%EC%A7%91/%EC%9E%A5%ED%86%A0,본문/시/이매창 - 장토 (시기 미상).txt
발표 시기 미상,,발표 시기 미상,시,첫가을,이매창,150,https://ko.wikisource.org/wiki/%EC%A1%B0%EC%84%A0%EC%97%AC%EB%A5%98%ED%95%9C%EC%8B%9C%EC%84%A0%EC%A7%91/%EC%B2%AB%EA%B0%80%EC%9D%84_%28%EA%B3%84%EC%83%9D%29,본문/시/이매창 - 첫가을 (시기 미상).txt
발표 시기 미상,,발표 시기 미상,시,춘사,이매창,134,https://ko.wikisource.org/wiki/%EC%A1%B0%EC%84%A0%EC%97%AC%EB%A5%98%ED%95%9C%EC%8B%9C%EC%84%A0%EC%A7%91/%EC%B6%98%EC%82%AC,본문/시/이매창 - 춘사 (시기 미상).txt
발표 시기 미상,,발표 시기 미상,시,춘수,이매창,150,https://ko.wikisource.org/wiki/%EC%A1%B0%EC%84%A0%EC%97%AC%EB%A5%98%ED%95%9C%EC%8B%9C%EC%84%A0%EC%A7%91/%EC%B6%98%EC%88%98,본문/시/이매창 - 춘수 (시기 미상).txt
발표 시기 미상,,발표 시기 미상,시,취(醉)한 이에게,이매창,132,https://ko.wikisource.org/wiki/%EC%A1%B0%EC%84%A0%EC%97%AC%EB%A5%98%ED%95%9C%EC%8B%9C%EC%84%A0%EC%A7%91/%EC%B7%A8%ED%95%9C_%EC%9D%B4%EC%97%90%EA%B2%8C,본문/시/이매창 - 취(醉)한 이에게 (시기 미상).txt
발표 시기 미상,,발표 시기 미상,시,탄식,이매창,114,https://ko.wikisource.org/wiki/%EC%A1%B0%EC%84%A0%EC%97%AC%EB%A5%98%ED%95%9C%EC%8B%9C%EC%84%A0%EC%A7%91/%ED%83%84%EC%8B%9D_%28%EA%B3%84%EC%83%9D%29,본문/시/이매창 - 탄식 (시기 미상).txt
발표 시기 미상,,발표 시기 미상,단편소설,웃지 안는 기생,이명선,516,https://ko.wikisource.org/wiki/%EC%9B%83%EC%A7%80_%EC%95%8A%EB%8A%94_%EA%B8%B0%EC%83%9D,본문/단편소설/이명선 - 웃지 안는 기생 (시기 미상).txt
발표 시기 미상,,발표 시기 미상,노래,서산(西山)에 일모(日暮)ᄒᆞ니,이명한,130,https://ko.wikisource.org/wiki/%EC%84%9C%EC%82%B0%EC%97%90_%EC%9D%BC%EB%AA%A8%ED%95%98%EB%8B%88,본문/노래/이명한 - 서산(西山)에 일모(日暮)ᄒᆞ니 (시기 미상).txt
발표 시기 미상,,발표 시기 미상,시조,울며 ᄌᆞᆸ운 ᄉᆞᄆᆡ,이명한,121,https://ko.wikisource.org/wiki/%EC%9A%B8%EB%A9%B0_%EC%9E%A1%EC%9D%80_%EC%86%8C%EB%A7%A4,본문/시조/이명한 - 울며 ᄌᆞᆸ운 ᄉᆞᄆᆡ (시기 미상).txt
발표 시기 미상,,발표 시기 미상,노래,초강(楚江) 어부(漁夫)들아,이명한,109,https://ko.wikisource.org/wiki/%EC%B4%88%EA%B0%95_%EC%96%B4%EB%B6%80%EB%93%A4%EC%95%84,본문/노래/이명한 - 초강(楚江) 어부(漁夫)들아 (시기 미상).txt
발표 시기 미상,,발표 시기 미상,한시,望廬山瀑布,이백,132,https://ko.wikisource.org/wiki/%EB%A7%9D%EC%97%AC%EC%82%B0%ED%8F%AD%ED%8F%AC,본문/한시/이백 - 望廬山瀑布 (시기 미상).txt
발표 시기 미상,,발표 시기 미상,시조,이년간 광한루 위에 올라,이복남,181,https://ko.wikisource.org/wiki/%EC%9D%B4%EB%85%84%EA%B0%84_%EA%B4%91%ED%95%9C%EB%A3%A8_%EC%9C%84%EC%97%90_%EC%98%AC%EB%9D%BC,본문/시조/이복남 - 이년간 광한루 위에 올라 (시기 미상).txt
발표 시기 미상,,발표 시기 미상,서간,H 형에게,이상,913,https://ko.wikisource.org/wiki/H_%ED%98%95%EC%97%90%EA%B2%8C,본문/서간/이상 - H 형에게 (시기 미상).txt
발표 시기 미상,,발표 시기 미상,시,가정,이상,274,https://ko.wikisource.org/wiki/%EA%B0%80%EC%A0%95,본문/시/이상 - 가정 (시기 미상).txt
발표 시기 미상,,발표 시기 미상,노래,주인(主人)이 술 부으니,이상두,55,https://ko.wikisource.org/wiki/%EC%A3%BC%EC%9D%B8%EC%9D%B4_%EC%88%A0_%EB%B6%80%EC%9C%BC%EB%8B%88,본문/노래/이상두 - 주인(主人)이 술 부으니 (시기 미상).txt
발표 시기 미상,,발표 시기 미상,시,농촌의 집,이상화,112,https://ko.wikisource.org/wiki/%EB%86%8D%EC%B4%8C%EC%9D%98_%EC%A7%91,본문/시/이상화 - 농촌의 집 (시기 미상).txt
발표 시기 미상,,발표 시기 미상,시,눈이 오시네,이상화,110,https://ko.wikisource.org/wiki/%EB%88%88%EC%9D%B4_%EC%98%A4%EC%8B%9C%EB%84%A4,본문/시/이상화 - 눈이 오시네 (시기 미상).txt
발표 시기 미상,,발표 시기 미상,시,새 세계,이상화,375,https://ko.wikisource.org/wiki/%EC%83%88_%EC%84%B8%EA%B3%84,본문/시/이상화 - 새 세계 (시기 미상).txt
발표 시기 미상,,발표 시기 미상,한시,浮碧樓,이색,98,https://ko.wikisource.org/wiki/%EB%B6%80%EB%B2%BD%EB%A3%A8,본문/한시/이색 - 浮碧樓 (시기 미상).txt
발표 시기 미상,,발표 시기 미상,시조,백설(白雪)이 ᄌᆞ자진 골에,이색,173,https://ko.wikisource.org/wiki/%EB%B0%B1%EC%84%A4%EC%9D%B4_%EC%9E%A6%EC%95%84%EC%A7%84_%EA%B3%A8%EC%97%90,본문/시조/이색 - 백설(白雪)이 ᄌᆞ자진 골에 (시기 미상).txt
발표 시기 미상,,발표 시기 미상,한시,윤의눌언자,이수형,213,https://ko.wikisource.org/wiki/%EC%9C%A4%EC%9D%98%EB%88%8C%EC%96%B8%EC%9E%90,본문/한시/이수형 - 윤의눌언자 (시기 미상).txt
발표 시기 미상,,발표 시기 미상,노래,閑山셤 ᄃᆞᆯ ᄇᆞᆯ근 밤의,이순신,117,https://ko.wikisource.org/wiki/%ED%95%9C%EC%82%B0%EC%84%AC_%EB%8B%AC_%EB%B0%9D%EC%9D%80_%EB%B0%A4%EC%97%90,본문/노래/이순신 - 閑山셤 ᄃᆞᆯ ᄇᆞᆯ근 밤의 (시기 미상).txt
발표 시기 미상,,발표 시기 미상,노래,십년(十年) ᄀᆞ온 칼이,이순신,52,https://ko.wikisource.org/wiki/%EC%8B%AD_%EB%85%84%EC%9D%84_%EA%B0%80%EC%98%A8_%EC%B9%BC%EC%9D%B4,본문/노래/이순신 - 십년(十年) ᄀᆞ온 칼이 (시기 미상).txt
발표 시기 미상,,발표 시기 미상,시조,한산도가,이순신,50,https://ko.wikisource.org/wiki/%ED%95%9C%EC%82%B0%EB%8F%84%EA%B0%80,본문/시조/이순신 - 한산도가 (시기 미상).txt
발표 시기 미상,,발표 시기 미상,가사,聽텽松숑江강歌가詞ᄉᆞ,이안눌,90,https://ko.wikisource.org/wiki/%EC%86%A1%EA%B0%95%EA%B0%80%EC%82%AC/%ED%85%BD%EC%88%91%EA%B0%95%EA%B0%80%EC%82%AC,본문/가사/이안눌 - 聽텽松숑江강歌가詞ᄉᆞ (시기 미상).txt
발표 시기 미상,,발표 시기 미상,노래,천지(天地)로 장막(帳幕) ᄉᆞᆷ고,이안눌,33,https://ko.wikisource.org/wiki/%EC%B2%9C%EC%A7%80%EB%A1%9C_%EC%9E%A5%EB%A7%89_%EC%82%BC%EA%B3%A0,본문/노래/이안눌 - 천지(天地)로 장막(帳幕) ᄉᆞᆷ고 (시기 미상).txt
발표 시기 미상,,발표 시기 미상,한시,답설야중거,이양연,51,https://ko.wikisource.org/wiki/%EC%B2%9C%EC%84%A4%EC%95%BC%EC%A4%91%EA%B1%B0,본문/한시/이양연 - 답설야중거 (시기 미상).txt
발표 시기 미상,,발표 시기 미상,노래,노프나 노픈 남게,이양원,113,https://ko.wikisource.org/wiki/%EB%86%92%EC%9C%BC%EB%82%98_%EB%86%92%EC%9D%80_%EB%82%98%EB%AC%B4%EC%97%90,본문/노래/이양원 - 노프나 노픈 남게 (시기 미상).txt
발표 시기 미상,,발표 시기 미상,노래,군산(君山)을 삭평(削評)턴들,이완,116,https://ko.wikisource.org/wiki/%EA%B5%B0%EC%82%B0%EC%9D%84_%EC%82%AD%ED%8F%89%ED%84%B4%EB%93%A4,본문/노래/이완 - 군산(君山)을 삭평(削評)턴들 (시기 미상).txt
발표 시기 미상,,발표 시기 미상,시조,녹양(綠楊)이 천만사(千萬絲)ᅟᅵᆫ들,이원익,54,https://ko.wikisource.org/wiki/%EB%85%B9%EC%96%91%EC%9D%B4_%EC%B2%9C%EB%A7%8C%EC%82%AC%EC%9D%B8%EB%93%A4,본문/시조/이원익 - 녹양(綠楊)이 천만사(千萬絲)ᅟᅵᆫ들 (시기 미상).txt
발표 시기 미상,,발표 시기 미상,노래,자규(子規)야 우지 마라,이유,50,https://ko.wikisource.org/wiki/%EC%9E%90%EA%B7%9C%EC%95%84_%EC%9A%B8%EC%A7%80_%EB%A7%88%EB%9D%BC,본문/노래/이유 - 자규(子規)야 우지 마라 (시기 미상).txt
발표 시기 미상,,발표 시기 미상,시,년보,이육사,208,https://ko.wikisource.org/wiki/%EB%85%84%EB%B3%B4,본문/시/이육사 - 년보 (시기 미상).txt
발표 시기 미상,,발표 시기 미상,시,바다의 마음,이육사,114,https://ko.wikisource.org/wiki/%EB%B0%94%EB%8B%A4%EC%9D%98_%EB%A7%88%EC%9D%8C,본문/시/이육사 - 바다의 마음 (시기 미상).txt
발표 시기 미상,,발표 시기 미상,시,산,이육사,122,https://ko.wikisource.org/wiki/%EC%82%B0_%28%EC%9D%B4%EC%9C%A1%EC%82%AC%29,본문/시/이육사 - 산 (시기 미상).txt
발표 시기 미상,,발표 시기 미상,시,잃어진 고향,이육사,159,https://ko.wikisource.org/wiki/%EC%9E%83%EC%96%B4%EC%A7%84_%EA%B3%A0%ED%96%A5,본문/시/이육사 - 잃어진 고향 (시기 미상).txt
발표 시기 미상,,발표 시기 미상,시,편복,이육사,612,https://ko.wikisource.org/wiki/%ED%8E%B8%EB%B3%B5,본문/시/이육사 - 편복 (시기 미상).txt
발표 시기 미상,,발표 시기 미상,시,화제,이육사,94,https://ko.wikisource.org/wiki/%ED%99%94%EC%A0%9C,본문/시/이육사 - 화제 (시기 미상).txt
발표 시기 미상,,발표 시기 미상,한시,소암노승,이이,81,https://ko.wikisource.org/wiki/%EC%86%8C%EC%95%94%EB%85%B8%EC%8A%B9,본문/한시/이이 - 소암노승 (시기 미상).txt
발표 시기 미상,,발표 시기 미상,소설,상권,이인직,70877,https://ko.wikisource.org/wiki/%EC%B9%98%EC%95%85%EC%82%B0/%EC%83%81%EA%B6%8C,본문/소설/이인직 - 상권 (시기 미상).txt
발표 시기 미상,,발표 시기 미상,시,하일소경,이장희,233,https://ko.wikisource.org/wiki/%ED%95%98%EC%9D%BC%EC%86%8C%EA%B2%BD,본문/시/이장희 - 하일소경 (시기 미상).txt
발표 시기 미상,,발표 시기 미상,시조,ᄉᆡᆯ별 디쟈 죵달이 ᄯᅥᆺ다,이재,55,https://ko.wikisource.org/wiki/%EC%83%9B%EB%B3%84_%EC%A7%80%EC%9E%90_%EC%A2%85%EB%8B%AC%EC%9D%B4_%EB%96%B4%EB%8B%A4,본문/시조/이재 - ᄉᆡᆯ별 디쟈 죵달이 ᄯᅥᆺ다 (시기 미상).txt
발표 시기 미상,,발표 시기 미상,시조,호방(豪放)헐쓴 뎌 늙으니,이재면,120,https://ko.wikisource.org/wiki/%ED%98%B8%EB%B0%A9%ED%95%A0%EC%86%90_%EC%A0%80_%EB%8A%99%EC%9D%80%EC%9D%B4,본문/시조/이재면 - 호방(豪放)헐쓴 뎌 늙으니 (시기 미상).txt
발표 시기 미상,,발표 시기 미상,노래,님을 미들 것가,이정귀,96,https://ko.wikisource.org/wiki/%EB%8B%98%EC%9D%84_%EB%AF%BF%EC%9D%84_%EA%B2%83%EA%B0%80,본문/노래/이정귀 - 님을 미들 것가 (시기 미상).txt
발표 시기 미상,,발표 시기 미상,시조,국화(菊花)야 너는 어이,이정보,54,https://ko.wikisource.org/wiki/%EA%B5%AD%ED%99%94%EC%95%BC_%EB%84%88%EB%8A%94_%EC%96%B4%EC%9D%B4,본문/시조/이정보 - 국화(菊花)야 너는 어이 (시기 미상).txt
발표 시기 미상,,발표 시기 미상,노래,ᄆᆡ암이 ᄆᆡᆸ다 울고,이정신,58,https://ko.wikisource.org/wiki/%EB%A7%A4%EB%AF%B8_%EB%A7%B5%EB%8B%A4_%EC%9A%B8%EA%B3%A0,본문/노래/이정신 - ᄆᆡ암이 ᄆᆡᆸ다 울고 (시기 미상).txt
발표 시기 미상,,발표 시기 미상,노래,남이 해(害)헐디라도,이정신,43,https://ko.wikisource.org/wiki/%EB%82%A8%EC%9D%B4_%ED%95%B4%ED%95%A0%EC%A7%80%EB%9D%BC%EB%8F%84,본문/노래/이정신 - 남이 해(害)헐디라도 (시기 미상).txt
발표 시기 미상,,발표 시기 미상,노래,늙어 됴흔 일이,이정신,49,https://ko.wikisource.org/wiki/%EB%8A%99%EC%96%B4_%EC%A2%8B%EC%9D%80_%EC%9D%BC%EC%9D%B4,본문/노래/이정신 - 늙어 됴흔 일이 (시기 미상).txt
발표 시기 미상,,발표 시기 미상,노래,묵은 ᄒᆡ 보ᄂᆡ올 제,이정신,62,https://ko.wikisource.org/wiki/%EB%AC%B5%EC%9D%80_%ED%95%B4_%EB%B3%B4%EB%82%B4%EC%98%AC_%EC%A0%9C,본문/노래/이정신 - 묵은 ᄒᆡ 보ᄂᆡ올 제 (시기 미상).txt
발표 시기 미상,,발표 시기 미상,노래,문(門) 닷고 글 닐넌지,이정신,47,https://ko.wikisource.org/wiki/%EB%AC%B8_%EB%8B%AB%EA%B3%A0_%EA%B8%80_%EC%9D%BD%EC%9D%80%EC%A7%80,본문/노래/이정신 - 문(門) 닷고 글 닐넌지 (시기 미상).txt
발표 시기 미상,,발표 시기 미상,노래,인간(人間) 오복중(五福中)에,이정신,54,https://ko.wikisource.org/wiki/%EC%9D%B8%EA%B0%84_%EC%98%A4%EB%B3%B5_%EC%A4%91%EC%97%90,본문/노래/이정신 - 인간(人間) 오복중(五福中)에 (시기 미상).txt
발표 시기 미상,,발표 시기 미상,노래,쟈다가 ᄭᆡ여 보니,이정신,50,https://ko.wikisource.org/wiki/%EC%9E%90%EB%8B%A4%EA%B0%80_%EA%B9%A8%EC%96%B4_%EB%B3%B4%EB%8B%88,본문/노래/이정신 - 쟈다가 ᄭᆡ여 보니 (시기 미상).txt
발표 시기 미상,,발표 시기 미상,노래,쥭기 설웨란들,이정신,48,https://ko.wikisource.org/wiki/%EC%A3%BD%EA%B8%B0_%EC%84%A4%EC%9B%8C%EB%9E%80%EB%93%A4,본문/노래/이정신 - 쥭기 설웨란들 (시기 미상).txt
발표 시기 미상,,발표 시기 미상,노래,청춘(靑春)에 보던 거울,이정신,48,https://ko.wikisource.org/wiki/%EC%B2%AD%EC%B6%98%EC%97%90_%EB%B3%B4%EB%8D%98_%EA%B1%B0%EC%9A%B8,본문/노래/이정신 - 청춘(靑春)에 보던 거울 (시기 미상).txt
발표 시기 미상,,발표 시기 미상,노래,천하(天下) 비수검(匕首劒)을,이정진,50,https://ko.wikisource.org/wiki/%EC%B2%9C%ED%95%98_%EB%B9%84%EC%88%98%EA%B2%80%EC%9D%84,본문/노래/이정진 - 천하(天下) 비수검(匕首劒)을 (시기 미상).txt
발표 시기 미상,,발표 시기 미상,소설,나무칼 병사,이정호,3060,https://ko.wikisource.org/wiki/%EB%82%98%EB%AC%B4%EC%B9%BC_%EB%B3%91%EC%82%AC,본문/소설/이정호 - 나무칼 병사 (시기 미상).txt
발표 시기 미상,,발표 시기 미상,소설,야구 미담 정의의 승리,이정호,6338,https://ko.wikisource.org/wiki/%EC%A0%95%EC%9D%98%EC%9D%98_%EC%8A%B9%EB%A6%AC,본문/소설/이정호 - 야구 미담 정의의 승리 (시기 미상).txt
발표 시기 미상,,발표 시기 미상,시조,장풍(長風)이 건듯 부러,이제신,106,https://ko.wikisource.org/wiki/%EC%B2%9C%EC%A7%80%EB%8F%84_%EB%8B%B9%EC%9A%B0%EC%A0%81_%EC%B2%9C%EC%A7%80,본문/시조/이제신 - 장풍(長風)이 건듯 부러 (시기 미상).txt
발표 시기 미상,,발표 시기 미상,시조,梨花에 月白ᄒᆞ고,이조년,169,https://ko.wikisource.org/wiki/%EC%9D%B4%ED%99%94%EC%97%90_%EC%9B%94%EB%B0%B1%ED%95%98%EA%B3%A0,본문/시조/이조년 - 梨花에 月白ᄒᆞ고 (시기 미상).txt
발표 시기 미상,,발표 시기 미상,노래,구룸이 무심(無心)탄 말이,이존오,113,https://ko.wikisource.org/wiki/%EA%B5%AC%EB%A6%84%EC%9D%B4_%EB%AC%B4%EC%8B%AC%ED%83%84_%EB%A7%90%EC%9D%B4,본문/노래/이존오 - 구룸이 무심(無心)탄 말이 (시기 미상).txt
발표 시기 미상,,발표 시기 미상,노래,뉘라셔 날 늙다ᄂᆞᆫ고,이중집,190,https://ko.wikisource.org/wiki/%EB%89%98%EB%9D%BC%EC%84%9C_%EB%82%A0_%EB%8A%99%EB%8B%A4%EB%8A%94%EA%B3%A0,본문/노래/이중집 - 뉘라셔 날 늙다ᄂᆞᆫ고 (시기 미상).txt
발표 시기 미상,,발표 시기 미상,시조,초산(楚山)에 우는 범과,이지란,48,https://ko.wikisource.org/wiki/%EC%B4%88%EC%82%B0%EC%97%90_%EC%9A%B0%EB%8A%94_%EB%B2%94%EA%B3%BC,본문/시조/이지란 - 초산(楚山)에 우는 범과 (시기 미상).txt
발표 시기 미상,,발표 시기 미상,시조,가마귀 검다 ᄒᆞ고,이직,57,https://ko.wikisource.org/wiki/%EA%B9%8C%EB%A7%88%EA%B7%80_%EA%B2%80%EB%8B%A4_%ED%95%98%EA%B3%A0,본문/시조/이직 - 가마귀 검다 ᄒᆞ고 (시기 미상).txt
발표 시기 미상,,발표 시기 미상,노래,나의 님 향(向)ᄒᆞᆫ ᄠᅳᆺ이,이총,56,https://ko.wikisource.org/wiki/%EB%82%98%EC%9D%98_%EB%8B%98_%ED%96%A5%ED%95%9C_%EB%9C%BB%EC%9D%B4,본문/노래/이총 - 나의 님 향(向)ᄒᆞᆫ ᄠᅳᆺ이 (시기 미상).txt
발표 시기 미상,,발표 시기 미상,노래,이 몸이 ᄡᅳᆯ 듸 업서,이총,51,https://ko.wikisource.org/wiki/%EC%9D%B4_%EB%AA%B8%EC%9D%B4_%EC%93%B8_%EB%8D%B0_%EC%97%86%EC%96%B4,본문/노래/이총 - 이 몸이 ᄡᅳᆯ 듸 업서 (시기 미상).txt
발표 시기 미상,,발표 시기 미상,노래,감쟝ᄉᆡ 뎍다 ᄒᆞ고,이택,46,https://ko.wikisource.org/wiki/%EA%B0%90%EC%9E%A5%EC%83%88_%EC%9E%91%EB%8B%A4_%ED%95%98%EA%B3%A0,본문/노래/이택 - 감쟝ᄉᆡ 뎍다 ᄒᆞ고 (시기 미상).txt
발표 시기 미상,,발표 시기 미상,노래,時節도 져러ᄒᆞ니,이항복,103,https://ko.wikisource.org/wiki/%EC%8B%9C%EC%A0%88%EB%8F%84_%EC%A0%80%EB%9F%AC_%ED%95%98%EB%8B%88,본문/노래/이항복 - 時節도 져러ᄒᆞ니 (시기 미상).txt
발표 시기 미상,,발표 시기 미상,노래,강호(江湖)에 기약(期約)을 두고,이항복,108,https://ko.wikisource.org/wiki/%EA%B0%95%ED%98%B8%EC%97%90_%EA%B8%B0%EC%95%BD%EC%9D%84_%EB%91%90%EA%B3%A0,본문/노래/이항복 - 강호(江湖)에 기약(期約)을 두고 (시기 미상).txt
발표 시기 미상,,발표 시기 미상,노래,장사옥(長沙玉) 고태부(賈太簿)야,이항복,49,https://ko.wikisource.org/wiki/%EC%9E%A5%EC%82%AC%EC%98%A5_%EA%B3%A0%ED%83%9C%EB%B6%80%EC%95%BC,본문/노래/이항복 - 장사옥(長沙玉) 고태부(賈太簿)야 (시기 미상).txt
발표 시기 미상,,발표 시기 미상,노래,철령(鐵嶺) 노픈 봉(峰)에,이항복,98,https://ko.wikisource.org/wiki/%EC%B2%A0%EB%A0%B9_%EB%86%92%EC%9D%80_%EB%B4%89%EC%97%90,본문/노래/이항복 - 철령(鐵嶺) 노픈 봉(峰)에 (시기 미상).txt
발표 시기 미상,,발표 시기 미상,시조,귀거래(歸去來) 귀거래(歸去來)ᄒᆞ되,이현보,54,https://ko.wikisource.org/wiki/%EA%B7%80%EA%B1%B0%EB%9E%98_%EA%B7%80%EA%B1%B0%EB%9E%98%ED%95%98%EB%90%98,본문/시조/이현보 - 귀거래(歸去來) 귀거래(歸去來)ᄒᆞ되 (시기 미상).txt
발표 시기 미상,,발표 시기 미상,시조,어부가,이현보,243,https://ko.wikisource.org/wiki/%EC%96%B4%EB%B6%80%EA%B0%80,본문/시조/이현보 - 어부가 (시기 미상).txt
발표 시기 미상,,발표 시기 미상,가사,어부사,이현보,144,https://ko.wikisource.org/wiki/%EC%96%B4%EB%B6%80%EC%82%AC,본문/가사/이현보 - 어부사 (시기 미상).txt
발표 시기 미상,,발표 시기 미상,시조,어부사,이현보,411,https://ko.wikisource.org/wiki/%EA%B0%80%EA%B3%A1%EC%9B%90%EB%A5%98/%EC%96%B4%EB%B6%80%EC%82%AC,본문/시조/이현보 - 어부사 (시기 미상).txt
발표 시기 미상,,발표 시기 미상,시조,벽상(壁上)에 돗은 가지,이화진,49,https://ko.wikisource.org/wiki/%EB%B2%BD%EC%83%81%EC%97%90_%EB%8F%8B%EC%9D%80_%EA%B0%80%EC%A7%80,본문/시조/이화진 - 벽상(壁上)에 돗은 가지 (시기 미상).txt
발표 시기 미상,,발표 시기 미상,노래,청량산(淸凉山) 육륙봉(六六峰)을,이황,117,https://ko.wikisource.org/wiki/%EC%B2%AD%EB%9F%89%EC%82%B0_%EC%9C%A1%EB%A5%99%EB%B4%89%EC%9D%84,본문/노래/이황 - 청량산(淸凉山) 육륙봉(六六峰)을 (시기 미상).txt
발표 시기 미상,,발표 시기 미상,수필,강의 유혹,이효석,1232,https://ko.wikisource.org/wiki/%EA%B0%95%EC%9D%98_%EC%9C%A0%ED%98%B9,본문/수필/이효석 - 강의 유혹 (시기 미상).txt
발표 시기 미상,,발표 시기 미상,수필,낙엽을 태우면서,이효석,1885,https://ko.wikisource.org/wiki/%EB%82%99%EC%97%BD%EC%9D%84_%ED%83%9C%EC%9A%B0%EB%A9%B4%EC%84%9C,본문/수필/이효석 - 낙엽을 태우면서 (시기 미상).txt
발표 시기 미상,,발표 시기 미상,소설,사냥,이효석,1543,https://ko.wikisource.org/wiki/%EC%82%AC%EB%83%A5,본문/소설/이효석 - 사냥 (시기 미상).txt
발표 시기 미상,,발표 시기 미상,소설,소복(素服)과 청자,이효석,9225,https://ko.wikisource.org/wiki/%EC%86%8C%EB%B3%B5%EA%B3%BC_%EC%B2%AD%EC%9E%90,본문/소설/이효석 - 소복(素服)과 청자 (시기 미상).txt
발표 시기 미상,,발표 시기 미상,노래,동정(洞庭) ᄇᆞᆯ근 ᄃᆞᆯ이,이후백,51,https://ko.wikisource.org/wiki/%EB%8F%99%EC%A0%95_%EB%B0%9D%EC%9D%80_%EB%8B%AC%EC%9D%B4,본문/노래/이후백 - 동정(洞庭) ᄇᆞᆯ근 ᄃᆞᆯ이 (시기 미상).txt
발표 시기 미상,,발표 시기 미상,노래,창오산(蒼梧山) 성제혼(聖帝魂)이,이후백,107,https://ko.wikisource.org/wiki/%EC%B0%BD%EC%98%A4%EC%82%B0_%EC%84%B1%EC%A0%9C%ED%98%BC%EC%9D%B4,본문/노래/이후백 - 창오산(蒼梧山) 성제혼(聖帝魂)이 (시기 미상).txt
발표 시기 미상,,발표 시기 미상,노래,ᄇᆞ람에 휘엿노라,인평대군,48,https://ko.wikisource.org/wiki/%EB%B0%94%EB%9E%8C%EC%97%90_%ED%9C%98%EC%97%88%EB%85%B8%EB%9D%BC,본문/노래/인평대군 - ᄇᆞ람에 휘엿노라 (시기 미상).txt
발표 시기 미상,,발표 시기 미상,시조,발산력(抜山力) 개세기(盖世氣)는,임경업,49,https://ko.wikisource.org/wiki/%EB%B0%9C%EC%82%B0%EB%A0%A5_%EA%B0%9C%EC%84%B8%EA%B8%B0%EB%8A%94,본문/시조/임경업 - 발산력(抜山力) 개세기(盖世氣)는 (시기 미상).txt
발표 시기 미상,,발표 시기 미상,시조,강촌(江村)에 일모(日暮)ᄒᆞ니,임의직,48,https://ko.wikisource.org/wiki/%EA%B0%95%EC%B4%8C%EC%97%90_%EC%9D%BC%EB%AA%A8%ED%95%98%EB%8B%88,본문/시조/임의직 - 강촌(江村)에 일모(日暮)ᄒᆞ니 (시기 미상).txt
발표 시기 미상,,발표 시기 미상,시조,금파(金波)에 ᄇᆡ를 타고,임의직,51,https://ko.wikisource.org/wiki/%EA%B8%88%ED%8C%8C%EC%97%90_%EB%B0%B0%EB%A5%BC_%ED%83%80%EA%B3%A0,본문/시조/임의직 - 금파(金波)에 ᄇᆡ를 타고 (시기 미상).txt
발표 시기 미상,,발표 시기 미상,시조,낙양(洛陽) 삼월시(三月時)에,임의직,114,https://ko.wikisource.org/wiki/%EB%82%99%EC%96%91_%EC%82%BC%EC%9B%94%EC%8B%9C%EC%97%90,본문/시조/임의직 - 낙양(洛陽) 삼월시(三月時)에 (시기 미상).txt
발표 시기 미상,,발표 시기 미상,시조,백설(白雪)이 분분(紛紛)ᄒᆞᆫ 날에,임의직,50,https://ko.wikisource.org/wiki/%EB%B0%B1%EC%84%A4%EC%9D%B4_%EB%B6%84%EB%B6%84%ED%95%9C_%EB%82%A0%EC%97%90,본문/시조/임의직 - 백설(白雪)이 분분(紛紛)ᄒᆞᆫ 날에 (시기 미상).txt
발표 시기 미상,,발표 시기 미상,시조,어제 닷토더니,임의직,50,https://ko.wikisource.org/wiki/%EC%96%B4%EC%A0%9C_%EB%8B%A4%ED%88%AC%EB%8D%94%EB%8B%88,본문/시조/임의직 - 어제 닷토더니 (시기 미상).txt
발표 시기 미상,,발표 시기 미상,시조,청산(靑山)이 불노(不老)ᄒᆞ니,임의직,48,https://ko.wikisource.org/wiki/%EC%B2%AD%EC%82%B0%EC%9D%B4_%EB%B6%88%EB%85%B8%ED%95%98%EB%8B%88,본문/시조/임의직 - 청산(靑山)이 불노(不老)ᄒᆞ니 (시기 미상).txt
발표 시기 미상,,발표 시기 미상,시조,북천(北天)이 맑다커늘,임제,67,https://ko.wikisource.org/wiki/%ED%95%9C%EC%9A%B0%EA%B0%80,본문/시조/임제 - 북천(北天)이 맑다커늘 (시기 미상).txt
발표 시기 미상,,발표 시기 미상,노래,청초(靑草) 우거진 골에,임제,108,https://ko.wikisource.org/wiki/%EC%B2%AD%EC%B4%88_%EC%9A%B0%EA%B1%B0%EC%A7%84_%EA%B3%A8%EC%97%90,본문/노래/임제 - 청초(靑草) 우거진 골에 (시기 미상).txt
발표 시기 미상,,발표 시기 미상,노래,활 지어 ᄑᆞᆯ헤 걸고,임진,107,https://ko.wikisource.org/wiki/%ED%99%9C_%EC%A7%80%EC%96%B4_%ED%8C%94%EC%97%90_%EA%B1%B8%EA%B3%A0,본문/노래/임진 - 활 지어 ᄑᆞᆯ헤 걸고 (시기 미상).txt
발표 시기 미상,,발표 시기 미상,한시,山園小梅/산원소매,임포/林逋,120,https://ko.wikisource.org/wiki/%EC%82%B0%EC%9B%90%EC%86%8C%EB%A7%A4,본문/한시/임포 林逋 - 山園小梅 산원소매 (시기 미상).txt
발표 시기 미상,,발표 시기 미상,시,우리 오빠와 화로,임화,1168,https://ko.wikisource.org/wiki/%EC%9A%B0%EB%A6%AC_%EC%98%A4%EB%B9%A0%EC%99%80_%ED%99%94%EB%A1%9C,본문/시/임화 - 우리 오빠와 화로 (시기 미상).txt
발표 시기 미상,,발표 시기 미상,시,자고 새면,임화,206,https://ko.wikisource.org/wiki/%EC%9E%90%EA%B3%A0_%EC%83%88%EB%A9%B4,본문/시/임화 - 자고 새면 (시기 미상).txt
발표 시기 미상,,발표 시기 미상,시조,무제,작자 미상,60,https://ko.wikisource.org/wiki/%EA%B0%84%EB%B0%A4%EC%9D%98_%EB%8C%80%EC%B7%A8%ED%95%98%EA%B3%A0,본문/시조/작자 미상 - 무제 (시기 미상).txt
발표 시기 미상,,발표 시기 미상,소설,조웅전,작자미상,76940,https://ko.wikisource.org/wiki/%EC%A1%B0%EC%9B%85%EC%A0%84,본문/소설/작자미상 - 조웅전 (시기 미상).txt
발표 시기 미상,,발표 시기 미상,노래,풍파(風波)에 놀란 사공,장만,50,https://ko.wikisource.org/wiki/%ED%92%8D%ED%8C%8C%EC%97%90_%EB%86%80%EB%9E%80_%EC%82%AC%EA%B3%B5,본문/노래/장만 - 풍파(風波)에 놀란 사공 (시기 미상).txt
발표 시기 미상,,발표 시기 미상,노래,압록강(鴨綠江) ᄒᆡ 진 후(後)에,장현,49,https://ko.wikisource.org/wiki/%EC%95%95%EB%A1%9D%EA%B0%95_%ED%95%B4_%EC%A7%84_%ED%9B%84%EC%97%90,본문/노래/장현 - 압록강(鴨綠江) ᄒᆡ 진 후(後)에 (시기 미상).txt
발표 시기 미상,,발표 시기 미상,수필,平生志,장혼,906,https://ko.wikisource.org/wiki/%ED%8F%89%EC%83%9D%EC%A7%80,본문/수필/장혼 - 平生志 (시기 미상).txt
발표 시기 미상,,발표 시기 미상,한시,述貧詩,장혼,396,https://ko.wikisource.org/wiki/%EC%88%A0%EB%B9%88%EC%8B%9C,본문/한시/장혼 - 述貧詩 (시기 미상).txt
발표 시기 미상,,발표 시기 미상,한시,夏日山中,저자:이백,43,https://ko.wikisource.org/wiki/%ED%95%98%EC%9D%BC%EC%82%B0%EC%A4%91,본문/한시/저자 이백 - 夏日山中 (시기 미상).txt
발표 시기 미상,,발표 시기 미상,노래,새볏 비 일 갠 날에,적성군,52,https://ko.wikisource.org/wiki/%EC%83%88%EB%B2%BD_%EB%B9%84_%EC%9D%BC_%EA%B0%A0_%EB%82%A0%EC%97%90,본문/노래/적성군 - 새볏 비 일 갠 날에 (시기 미상).txt
발표 시기 미상,,발표 시기 미상,노래,진회(秦淮)에 ᄇᆡ를 ᄆᆡ고,정구,115,https://ko.wikisource.org/wiki/%EC%A7%84%ED%9A%8C%EC%97%90_%EB%B0%B0%EB%A5%BC_%EB%A7%A4%EA%B3%A0,본문/노래/정구 - 진회(秦淮)에 ᄇᆡ를 ᄆᆡ고 (시기 미상).txt
발표 시기 미상,,발표 시기 미상,노래,청산(靑山)아 웃지 마라,정구,45,https://ko.wikisource.org/wiki/%EC%B2%AD%EC%82%B0%EC%95%84_%EC%9B%83%EC%A7%80_%EB%A7%88%EB%9D%BC,본문/노래/정구 - 청산(靑山)아 웃지 마라 (시기 미상).txt
발표 시기 미상,,발표 시기 미상,노래,불우헌가,정극인,54,https://ko.wikisource.org/wiki/%EB%B6%88%EC%9A%B0%ED%97%8C%EA%B0%80,본문/노래/정극인 - 불우헌가 (시기 미상).txt
발표 시기 미상,,발표 시기 미상,가사,상춘곡,정극인,492,https://ko.wikisource.org/wiki/%EC%83%81%EC%B6%98%EA%B3%A1,본문/가사/정극인 - 상춘곡 (시기 미상).txt
발표 시기 미상,,발표 시기 미상,노래,선인교(仙人橋) 나린 물이,정도전,47,https://ko.wikisource.org/wiki/%EC%84%A0%EC%9D%B8%EA%B5%90_%EB%82%98%EB%A6%B0_%EB%AC%BC%EC%9D%B4,본문/노래/정도전 - 선인교(仙人橋) 나린 물이 (시기 미상).txt
발표 시기 미상,,발표 시기 미상,노래,군평(君平)이 기기세(旣棄世)ᄒᆞ니,정두경,102,https://ko.wikisource.org/wiki/%EA%B5%B0%ED%8F%89%EC%9D%B4_%EA%B8%B0%EA%B8%B0%EC%84%B8%ED%95%98%EB%8B%88,본문/노래/정두경 - 군평(君平)이 기기세(旣棄世)ᄒᆞ니 (시기 미상).txt
발표 시기 미상,,발표 시기 미상,노래,금준(金樽)에 ᄀᆞ득ᄒᆞᆫ 술을,정두경,54,https://ko.wikisource.org/wiki/%EA%B8%88%EC%A4%80%EC%97%90_%EA%B0%80%EB%93%9D%ED%95%9C_%EC%88%A0%EC%9D%84,본문/노래/정두경 - 금준(金樽)에 ᄀᆞ득ᄒᆞᆫ 술을 (시기 미상).txt
발표 시기 미상,,발표 시기 미상,시조,이 몸이 주거 주거,정몽주,83,https://ko.wikisource.org/wiki/%EB%8B%A8%EC%8B%AC%EA%B0%80,본문/시조/정몽주 - 이 몸이 주거 주거 (시기 미상).txt
발표 시기 미상,,발표 시기 미상,노래,가마귀 ᄡᅡ호ᄂᆞᆫ 골에,정몽주 모친,107,https://ko.wikisource.org/wiki/%EA%B9%8C%EB%A7%88%EA%B7%80_%EC%8B%B8%EC%9A%B0%EB%8A%94_%EA%B3%A8%EC%97%90,본문/노래/정몽주 모친 - 가마귀 ᄡᅡ호ᄂᆞᆫ 골에 (시기 미상).txt
발표 시기 미상,,발표 시기 미상,고전시가,정과정,정서,169,https://ko.wikisource.org/wiki/%EC%A0%95%EA%B3%BC%EC%A0%95,본문/고전시가/정서 - 정과정 (시기 미상).txt
발표 시기 미상,,발표 시기 미상,노래,책(冊) 덥고 창(窓)을 여니,정온,108,https://ko.wikisource.org/wiki/%EC%B1%85_%EB%8D%AE%EA%B3%A0_%EC%B0%BD%EC%9D%84_%EC%97%AC%EB%8B%88,본문/노래/정온 - 책(冊) 덥고 창(窓)을 여니 (시기 미상).txt
발표 시기 미상,,발표 시기 미상,노래,三一節노래,정인보,52,https://ko.wikisource.org/wiki/%EC%82%BC%EC%9D%BC%EC%A0%88_%EB%85%B8%EB%9E%98,본문/노래/정인보 - 三一節노래 (시기 미상).txt
발표 시기 미상,,발표 시기 미상,노래,光復節노래,정인보,120,https://ko.wikisource.org/wiki/%EA%B4%91%EB%B3%B5%EC%A0%88_%EB%85%B8%EB%9E%98,본문/노래/정인보 - 光復節노래 (시기 미상).txt
발표 시기 미상,,발표 시기 미상,노래,國學大學歌,정인보,159,https://ko.wikisource.org/wiki/%EA%B5%AD%ED%95%99%EB%8C%80%ED%95%99%EA%B0%80,본문/노래/정인보 - 國學大學歌 (시기 미상).txt
발표 시기 미상,,발표 시기 미상,노래,大韓婦人會歌,정인보,110,https://ko.wikisource.org/wiki/%EB%8C%80%ED%95%9C%EB%B6%80%EC%9D%B8%ED%9A%8C%EA%B0%80,본문/노래/정인보 - 大韓婦人會歌 (시기 미상).txt
발표 시기 미상,,발표 시기 미상,노래,學徒特別訓練所歌,정인보,150,https://ko.wikisource.org/wiki/%ED%95%99%EB%8F%84%ED%8A%B9%EB%B3%84%ED%9B%88%EB%A0%A8%EC%86%8C%EA%B0%80,본문/노래/정인보 - 學徒特別訓練所歌 (시기 미상).txt
발표 시기 미상,,발표 시기 미상,노래,延禧大學校歌,정인보,464,https://ko.wikisource.org/wiki/%EC%97%B0%ED%9D%AC%EB%8C%80%ED%95%99%EA%B5%90%EA%B0%80,본문/노래/정인보 - 延禧大學校歌 (시기 미상).txt
발표 시기 미상,,발표 시기 미상,노래,德成女子中學校歌,정인보,154,https://ko.wikisource.org/wiki/%EB%8D%95%EC%84%B1%EC%97%AC%EC%9E%90%EC%A4%91%ED%95%99%EA%B5%90%EA%B0%80,본문/노래/정인보 - 德成女子中學校歌 (시기 미상).txt
발표 시기 미상,,발표 시기 미상,기타,李忠武公舜臣記念碑,정인보,4591,https://ko.wikisource.org/wiki/%EC%9D%B4%EC%B6%A9%EB%AC%B4%EA%B3%B5%EC%88%9C%EC%8B%A0%EA%B8%B0%EB%85%90%EB%B9%84,본문/기타/정인보 - 李忠武公舜臣記念碑 (시기 미상).txt
발표 시기 미상,,발표 시기 미상,노래,東國大學校歌,정인보,145,https://ko.wikisource.org/wiki/%EB%8F%99%EA%B5%AD%EB%8C%80%ED%95%99%EA%B5%90%EA%B0%80,본문/노래/정인보 - 東國大學校歌 (시기 미상).txt
발표 시기 미상,,발표 시기 미상,평론,蛇陵傳說辨正,정인보,3987,https://ko.wikisource.org/wiki/%EC%82%AC%EB%A6%89%EC%A0%84%EC%84%A4%EB%B3%80%EC%A0%95,본문/평론/정인보 - 蛇陵傳說辨正 (시기 미상).txt
발표 시기 미상,,발표 시기 미상,노래,誠信女子中學校歌,정인보,94,https://ko.wikisource.org/wiki/%EC%84%B1%EC%8B%A0%EC%97%AC%EC%9E%90%EC%A4%91%ED%95%99%EA%B5%90%EA%B0%80,본문/노래/정인보 - 誠信女子中學校歌 (시기 미상).txt
발표 시기 미상,,발표 시기 미상,노래,運輸學校歌,정인보,158,https://ko.wikisource.org/wiki/%EC%9A%B4%EC%88%98%ED%95%99%EA%B5%90%EA%B0%80,본문/노래/정인보 - 運輸學校歌 (시기 미상).txt
발표 시기 미상,,발표 시기 미상,기타,閑山島制勝堂碑文,정인보,552,https://ko.wikisource.org/wiki/%ED%95%9C%EC%82%B0%EB%8F%84_%EC%A0%9C%EC%8A%B9%EB%8B%B9_%EB%B9%84%EB%AC%B8,본문/기타/정인보 - 閑山島制勝堂碑文 (시기 미상).txt
발표 시기 미상,,발표 시기 미상,노래,개천절 노래,정인보,150,https://ko.wikisource.org/wiki/%EA%B0%9C%EC%B2%9C%EC%A0%88_%EB%85%B8%EB%9E%98,본문/노래/정인보 - 개천절 노래 (시기 미상).txt
발표 시기 미상,,발표 시기 미상,노래,공무원의 노래,정인보,144,https://ko.wikisource.org/wiki/%EA%B3%B5%EB%AC%B4%EC%9B%90%EC%9D%98_%EB%85%B8%EB%9E%98,본문/노래/정인보 - 공무원의 노래 (시기 미상).txt
발표 시기 미상,,발표 시기 미상,노래,성동고등학교가,정인보,144,https://ko.wikisource.org/wiki/%EC%84%B1%EB%8F%99%EA%B3%A0%EB%93%B1%ED%95%99%EA%B5%90%EA%B0%80,본문/노래/정인보 - 성동고등학교가 (시기 미상).txt
발표 시기 미상,,발표 시기 미상,기타,언더우드 博士 銅像에,정인보,275,https://ko.wikisource.org/wiki/%EC%96%B8%EB%8D%94%EC%9A%B0%EB%93%9C_%EB%B0%95%EC%82%AC_%EB%8F%99%EC%83%81%EC%97%90,본문/기타/정인보 - 언더우드 博士 銅像에 (시기 미상).txt
발표 시기 미상,,발표 시기 미상,노래,제헌절 노래,정인보,149,https://ko.wikisource.org/wiki/%EC%A0%9C%ED%97%8C%EC%A0%88_%EB%85%B8%EB%9E%98,본문/노래/정인보 - 제헌절 노래 (시기 미상).txt
발표 시기 미상,,발표 시기 미상,소설,우울증,정인택,9317,https://ko.wikisource.org/wiki/%EC%9A%B0%EC%9A%B8%EC%A6%9D,본문/소설/정인택 - 우울증 (시기 미상).txt
발표 시기 미상,,발표 시기 미상,한시,送人-大同江,정지상,56,https://ko.wikisource.org/wiki/%EC%86%A1%EC%9D%B8,본문/한시/정지상 - 送人-大同江 (시기 미상).txt
발표 시기 미상,,발표 시기 미상,시,고향,정지용,132,https://ko.wikisource.org/wiki/%EA%B3%A0%ED%96%A5_%28%EC%A0%95%EC%A7%80%EC%9A%A9%29,본문/시/정지용 - 고향 (시기 미상).txt
발표 시기 미상,,발표 시기 미상,시,향수,정지용,338,https://ko.wikisource.org/wiki/%ED%96%A5%EC%88%98/%ED%96%A5%EC%88%98,본문/시/정지용 - 향수 (시기 미상).txt
발표 시기 미상,,발표 시기 미상,시조,ᄃᆡ 우ᄒᆡ 심근 느ᄐᆡ,정철,58,https://ko.wikisource.org/wiki/%EC%86%A1%EA%B0%95%EA%B0%80%EC%82%AC/%EB%8C%80_%EC%9C%84%EC%97%90_%EC%8B%AC%EC%9D%80_%EB%8A%90%ED%8B%B0,본문/시조/정철 - ᄃᆡ 우ᄒᆡ 심근 느ᄐᆡ (시기 미상).txt
발표 시기 미상,,발표 시기 미상,가사,十십六뉵載ᄌᆡ見현警경民민編편,정철,902,https://ko.wikisource.org/wiki/%EC%86%A1%EA%B0%95%EA%B0%80%EC%82%AC/%EC%8B%AD%EB%89%B5%EC%9E%AC%ED%98%84%EA%B2%BD%EB%AF%BC%ED%8E%B8,본문/가사/정철 - 十십六뉵載ᄌᆡ見현警경民민編편 (시기 미상).txt
발표 시기 미상,,발표 시기 미상,가사,將쟝進진酒쥬辭ᄉᆞ,정철,257,https://ko.wikisource.org/wiki/%EC%86%A1%EA%B0%95%EA%B0%80%EC%82%AC/%EC%9F%9D%EC%A7%84%EC%A5%AC%EC%82%AC,본문/가사/정철 - 將쟝進진酒쥬辭ᄉᆞ (시기 미상).txt
발표 시기 미상,,발표 시기 미상,가사,思ᄉᆞ美미人인曲곡,정철,1253,https://ko.wikisource.org/wiki/%EC%86%A1%EA%B0%95%EA%B0%80%EC%82%AC/%EC%82%AC%EB%AF%B8%EC%9D%B8%EA%B3%A1,본문/가사/정철 - 思ᄉᆞ美미人인曲곡 (시기 미상).txt
발표 시기 미상,,발표 시기 미상,가사,星셩山산別별曲곡,정철,1703,https://ko.wikisource.org/wiki/%EC%86%A1%EA%B0%95%EA%B0%80%EC%82%AC/%EC%85%A9%EC%82%B0%EB%B3%84%EA%B3%A1,본문/가사/정철 - 星셩山산別별曲곡 (시기 미상).txt
발표 시기 미상,,발표 시기 미상,가사,續쇽美미人인曲곡,정철,880,https://ko.wikisource.org/wiki/%EC%86%A1%EA%B0%95%EA%B0%80%EC%82%AC/%EC%87%BD%EB%AF%B8%EC%9D%B8%EA%B3%A1,본문/가사/정철 - 續쇽美미人인曲곡 (시기 미상).txt
발표 시기 미상,,발표 시기 미상,가사,關관東동別별曲곡,정철,3259,https://ko.wikisource.org/wiki/%EC%86%A1%EA%B0%95%EA%B0%80%EC%82%AC/%EA%B4%80%EB%8F%99%EB%B3%84%EA%B3%A1,본문/가사/정철 - 關관東동別별曲곡 (시기 미상).txt
발표 시기 미상,,발표 시기 미상,가사,강원도 ᄇᆡᆨ셩들아,정철,138,https://ko.wikisource.org/wiki/%EC%86%A1%EA%B0%95%EA%B0%80%EC%82%AC/%EA%B0%95%EC%9B%90%EB%8F%84_%EB%B0%B1%EC%84%B1%EB%93%A4%EC%95%84,본문/가사/정철 - 강원도 ᄇᆡᆨ셩들아 (시기 미상).txt
발표 시기 미상,,발표 시기 미상,시조,거문고 대현을 티니,정철,51,https://ko.wikisource.org/wiki/%EC%86%A1%EA%B0%95%EA%B0%80%EC%82%AC/%EA%B1%B0%EB%AC%B8%EA%B3%A0_%EB%8C%80%ED%98%84%EC%9D%84_%EC%B9%98%EB%8B%88,본문/시조/정철 - 거문고 대현을 티니 (시기 미상).txt
발표 시기 미상,,발표 시기 미상,시조,곳은 밤비에 퓌고,정철,54,https://ko.wikisource.org/wiki/%EA%BD%83%EC%9D%80_%EB%B0%A4%EB%B9%84%EC%97%90_%ED%94%BC%EA%B3%A0,본문/시조/정철 - 곳은 밤비에 퓌고 (시기 미상).txt
발표 시기 미상,,발표 시기 미상,시조,광화문 드리ᄃᆞ라,정철,58,https://ko.wikisource.org/wiki/%EC%86%A1%EA%B0%95%EA%B0%80%EC%82%AC/%EA%B4%91%ED%99%94%EB%AC%B8_%EB%93%9C%EB%A6%AC%EB%8B%A4%EB%9D%BC,본문/시조/정철 - 광화문 드리ᄃᆞ라 (시기 미상).txt
발표 시기 미상,,발표 시기 미상,시조,기울 계 대니거니ᄯᆞ나,정철,49,https://ko.wikisource.org/wiki/%EC%86%A1%EA%B0%95%EA%B0%80%EC%82%AC/%EA%B8%B0%EC%9A%B8_%EA%B3%84_%EB%8C%80%EB%8B%88%EA%B1%B0%EB%8B%88%EB%94%B0%EB%82%98,본문/시조/정철 - 기울 계 대니거니ᄯᆞ나 (시기 미상).txt
발표 시기 미상,,발표 시기 미상,시조,나모도 병이 드니,정철,53,https://ko.wikisource.org/wiki/%EC%86%A1%EA%B0%95%EA%B0%80%EC%82%AC/%EB%82%98%EB%AC%B4%EB%8F%84_%EB%B3%91%EC%9D%B4_%EB%93%9C%EB%8B%88,본문/시조/정철 - 나모도 병이 드니 (시기 미상).txt
발표 시기 미상,,발표 시기 미상,시조,나무도 병이 드니,정철,52,https://ko.wikisource.org/wiki/%EB%82%98%EB%AC%B4%EB%8F%84_%EB%B3%91%EC%9D%B4_%EB%93%9C%EB%8B%88,본문/시조/정철 - 나무도 병이 드니 (시기 미상).txt
발표 시기 미상,,발표 시기 미상,시조,남극 노인셩이,정철,50,https://ko.wikisource.org/wiki/%EC%86%A1%EA%B0%95%EA%B0%80%EC%82%AC/%EB%82%A8%EA%B7%B9_%EB%85%B8%EC%9D%B8%EC%84%B1%EC%9D%B4,본문/시조/정철 - 남극 노인셩이 (시기 미상).txt
발표 시기 미상,,발표 시기 미상,시조,남진 죽고 우ᄂᆞᆫ 눈물,정철,55,https://ko.wikisource.org/wiki/%EC%86%A1%EA%B0%95%EA%B0%80%EC%82%AC/%EB%82%A8%EC%A7%84_%EC%A3%BD%EA%B3%A0_%EC%9A%B0%EB%8A%94_%EB%88%88%EB%AC%BC,본문/시조/정철 - 남진 죽고 우ᄂᆞᆫ 눈물 (시기 미상).txt
발표 시기 미상,,발표 시기 미상,시조,내 ᄆᆞᄋᆞᆷ 버혀 내어,정철,52,https://ko.wikisource.org/wiki/%EC%86%A1%EA%B0%95%EA%B0%80%EC%82%AC/%EB%82%B4_%EB%A7%88%EC%9D%8C_%EB%B2%A0%EC%96%B4_%EB%82%B4%EC%96%B4,본문/시조/정철 - 내 ᄆᆞᄋᆞᆷ 버혀 내어 (시기 미상).txt
발표 시기 미상,,발표 시기 미상,시조,내 양ᄌᆞ ᄂᆞᆷ만 못ᄒᆞᆫ 줄,정철,57,https://ko.wikisource.org/wiki/%EC%86%A1%EA%B0%95%EA%B0%80%EC%82%AC/%EB%82%B4_%EC%96%91%EC%9E%90_%EB%82%A8%EB%A7%8C_%EB%AA%BB%ED%95%9C_%EC%A4%84,본문/시조/정철 - 내 양ᄌᆞ ᄂᆞᆷ만 못ᄒᆞᆫ 줄 (시기 미상).txt
발표 시기 미상,,발표 시기 미상,시조,뉴령은 언제 사ᄅᆞᆷ고,정철,56,https://ko.wikisource.org/wiki/%EC%86%A1%EA%B0%95%EA%B0%80%EC%82%AC/%EB%89%B4%EB%A0%B9%EC%9D%80_%EC%96%B8%EC%A0%9C_%EC%82%AC%EB%9E%8C%EA%B3%A0,본문/시조/정철 - 뉴령은 언제 사ᄅᆞᆷ고 (시기 미상).txt
발표 시기 미상,,발표 시기 미상,시조,댱사왕 가태부 혜건대,정철,48,https://ko.wikisource.org/wiki/%EC%86%A1%EA%B0%95%EA%B0%80%EC%82%AC/%EB%8B%B9%EC%82%AC%EC%99%95_%EA%B0%80%ED%83%9C%EB%B6%80_%ED%98%9C%EA%B1%B4%EB%8C%80,본문/시조/정철 - 댱사왕 가태부 혜건대 (시기 미상).txt
발표 시기 미상,,발표 시기 미상,시조,댱지치 다 디게야,정철,54,https://ko.wikisource.org/wiki/%EC%86%A1%EA%B0%95%EA%B0%80%EC%82%AC/%EB%8B%B9%EC%A7%97%EC%9D%B4_%EB%8B%A4_%EC%A7%80%EB%8F%84%EB%A1%9D,본문/시조/정철 - 댱지치 다 디게야 (시기 미상).txt
발표 시기 미상,,발표 시기 미상,시조,뎌긔 셧ᄂᆞᆫ 뎌 소나모,정철,55,https://ko.wikisource.org/wiki/%EC%86%A1%EA%B0%95%EA%B0%80%EC%82%AC/%EC%A0%80%EA%B8%B0_%EC%84%B0%EB%8A%94_%EC%A0%80_%EC%86%8C%EB%82%98%EB%AC%B4,본문/시조/정철 - 뎌긔 셧ᄂᆞᆫ 뎌 소나모 (시기 미상).txt
발표 시기 미상,,발표 시기 미상,시조,듕셔당 ᄇᆡᆨ옥 ᄇᆡᄅᆞᆯ,정철,66,https://ko.wikisource.org/wiki/%EC%86%A1%EA%B0%95%EA%B0%80%EC%82%AC/%EC%A4%91%EC%84%9C%EB%8B%B9_%EB%B0%B1%EC%98%A5_%EB%B0%B0%EB%A5%BC,본문/시조/정철 - 듕셔당 ᄇᆡᆨ옥 ᄇᆡᄅᆞᆯ (시기 미상).txt
발표 시기 미상,,발표 시기 미상,시조,무제,정철,62,https://ko.wikisource.org/wiki/%EB%82%B4_%EC%8B%9C%EB%A6%84_%EC%96%B4%EB%94%94_%EB%91%90%EA%B3%A0,본문/시조/정철 - 무제 (시기 미상).txt
발표 시기 미상,,발표 시기 미상,시조,봉ᄂᆡ산 님 계신ᄃᆡ,정철,50,https://ko.wikisource.org/wiki/%EC%86%A1%EA%B0%95%EA%B0%80%EC%82%AC/%EB%B4%89%EB%9E%98%EC%82%B0_%EB%8B%98_%EA%B3%84%EC%8B%A0%EB%8D%B0,본문/시조/정철 - 봉ᄂᆡ산 님 계신ᄃᆡ (시기 미상).txt
발표 시기 미상,,발표 시기 미상,시조,새 원 원ᄌᆔ 되여,정철,163,https://ko.wikisource.org/wiki/%EC%86%A1%EA%B0%95%EA%B0%80%EC%82%AC/%EC%83%88_%EC%9B%90_%EC%9B%90%EC%A3%BC_%EB%90%98%EC%96%B4,본문/시조/정철 - 새 원 원ᄌᆔ 되여 (시기 미상).txt
발표 시기 미상,,발표 시기 미상,시조,송강 시조,정철,1703,https://ko.wikisource.org/wiki/%EC%86%A1%EA%B0%95_%EC%8B%9C%EC%A1%B0,본문/시조/정철 - 송강 시조 (시기 미상).txt
발표 시기 미상,,발표 시기 미상,시조,신군망 교리 적의,정철,50,https://ko.wikisource.org/wiki/%EC%86%A1%EA%B0%95%EA%B0%80%EC%82%AC/%EC%8B%A0%EA%B5%B0%EB%A7%9D_%EA%B5%90%EB%A6%AC_%EC%A0%81%EC%9D%98,본문/시조/정철 - 신군망 교리 적의 (시기 미상).txt
발표 시기 미상,,발표 시기 미상,시조,심의산 세네 바회,정철,76,https://ko.wikisource.org/wiki/%EC%86%A1%EA%B0%95%EA%B0%80%EC%82%AC/%EC%8B%AC%EC%9D%98%EC%82%B0_%EC%84%9C%EB%84%88_%EB%B0%94%ED%80%B4,본문/시조/정철 - 심의산 세네 바회 (시기 미상).txt
발표 시기 미상,,발표 시기 미상,시조,십육재현 경민편,정철,816,https://ko.wikisource.org/wiki/%EC%8B%AD%EC%9C%A1%EC%9E%AC%ED%98%84%EA%B2%BD%EB%AF%BC%ED%8E%B8,본문/시조/정철 - 십육재현 경민편 (시기 미상).txt
발표 시기 미상,,발표 시기 미상,시조,쓴ᄂᆞ믈 데온 믈이,정철,49,https://ko.wikisource.org/wiki/%EC%86%A1%EA%B0%95%EA%B0%80%EC%82%AC/%EC%93%B4_%EB%82%98%EB%AC%BC_%EB%8D%B0%EC%9A%B4_%EB%AC%BC%EC%9D%B4,본문/시조/정철 - 쓴ᄂᆞ믈 데온 믈이 (시기 미상).txt
발표 시기 미상,,발표 시기 미상,시조,어와 동냥ᄌᆡᄅᆞᆯ 뎌리 ᄒᆞ야,정철,54,https://ko.wikisource.org/wiki/%EC%86%A1%EA%B0%95%EA%B0%80%EC%82%AC/%EC%96%B4%EC%99%80_%EB%8F%99%EB%83%A5%EC%9E%AC%EB%A5%BC_%EC%A0%80%EB%A6%AC_%ED%95%98%EC%97%AC,본문/시조/정철 - 어와 동냥ᄌᆡᄅᆞᆯ 뎌리 ᄒᆞ야 (시기 미상).txt
발표 시기 미상,,발표 시기 미상,시조,어와 버힐시고,정철,47,https://ko.wikisource.org/wiki/%EC%86%A1%EA%B0%95%EA%B0%80%EC%82%AC/%EC%96%B4%EC%99%80_%EB%B2%84%ED%9E%90%EC%8B%9C%EA%B3%A0,본문/시조/정철 - 어와 버힐시고 (시기 미상).txt
발표 시기 미상,,발표 시기 미상,시조,예서 ᄂᆞᆯ애ᄅᆞᆯ 드러,정철,57,https://ko.wikisource.org/wiki/%EC%86%A1%EA%B0%95%EA%B0%80%EC%82%AC/%EC%98%88%EC%84%9C_%EB%82%98%EB%9E%98%EB%A5%BC_%EB%93%A4%EC%96%B4,본문/시조/정철 - 예서 ᄂᆞᆯ애ᄅᆞᆯ 드러 (시기 미상).txt
발표 시기 미상,,발표 시기 미상,시조,이 몸 허러 내여 낸믈의,정철,49,https://ko.wikisource.org/wiki/%EC%86%A1%EA%B0%95%EA%B0%80%EC%82%AC/%EC%9D%B4_%EB%AA%B8_%ED%97%90%EC%96%B4_%EB%82%B4%EC%97%AC_%EB%83%87%EB%AC%BC%EC%97%90,본문/시조/정철 - 이 몸 허러 내여 낸믈의 (시기 미상).txt
발표 시기 미상,,발표 시기 미상,시조,이 바 이 집 사ᄅᆞᆷ아,정철,47,https://ko.wikisource.org/wiki/%EC%86%A1%EA%B0%95%EA%B0%80%EC%82%AC/%EC%9D%B4_%EB%B4%90_%EC%9D%B4_%EC%A7%91_%EC%82%AC%EB%9E%8C%EC%95%84,본문/시조/정철 - 이 바 이 집 사ᄅᆞᆷ아 (시기 미상).txt
발표 시기 미상,,발표 시기 미상,시조,일뎡 ᄇᆡᆨ년 산들,정철,59,https://ko.wikisource.org/wiki/%EC%86%A1%EA%B0%95%EA%B0%80%EC%82%AC/%EC%9D%BC%EC%A0%95_%EB%B0%B1%EB%85%84_%EC%82%B0%EB%93%A4,본문/시조/정철 - 일뎡 ᄇᆡᆨ년 산들 (시기 미상).txt
발표 시기 미상,,발표 시기 미상,시조,일정(一定) 백년(百年)을 산들,정철,44,https://ko.wikisource.org/wiki/%EC%9D%BC%EC%A0%95_%EB%B0%B1%EB%85%84%EC%9D%84_%EC%82%B0%EB%93%A4,본문/시조/정철 - 일정(一定) 백년(百年)을 산들 (시기 미상).txt
발표 시기 미상,,발표 시기 미상,시조,장진주,정철,151,https://ko.wikisource.org/wiki/%EC%9E%A5%EC%A7%84%EC%A3%BC%EC%82%AC,본문/시조/정철 - 장진주 (시기 미상).txt
발표 시기 미상,,발표 시기 미상,시조,재 너머 셩권롱 집의,정철,52,https://ko.wikisource.org/wiki/%EC%86%A1%EA%B0%95%EA%B0%80%EC%82%AC/%EC%9E%AC_%EB%84%88%EB%A8%B8_%EC%84%B1%EA%B6%8C%EB%A1%B1_%EC%A7%91%EC%9D%98,본문/시조/정철 - 재 너머 셩권롱 집의 (시기 미상).txt
발표 시기 미상,,발표 시기 미상,시조,쟐 ㄹᄉᆡ는 나라 들고,정철,32,https://ko.wikisource.org/wiki/%EC%9E%98_%EC%83%88%EB%8A%94_%EB%82%98%EB%9D%BC%EB%93%A4%EA%B3%A0,본문/시조/정철 - 쟐 ㄹᄉᆡ는 나라 들고 (시기 미상).txt
발표 시기 미상,,발표 시기 미상,시조,중서당(中書堂) 백옥배(白玉盃)를,정철,66,https://ko.wikisource.org/wiki/%EC%A4%91%EC%84%9C%EB%8B%B9_%EB%B0%B1%EC%98%A5%EB%B0%B0%EB%A5%BC,본문/시조/정철 - 중서당(中書堂) 백옥배(白玉盃)를 (시기 미상).txt
발표 시기 미상,,발표 시기 미상,시조,쥬문답병하삼수,정철,190,https://ko.wikisource.org/wiki/%EC%86%A1%EA%B0%95%EA%B0%80%EC%82%AC/%EC%A3%BC%EB%AC%B8%EB%8B%B5%EB%B3%91%ED%95%98%EC%82%BC%EC%88%98,본문/시조/정철 - 쥬문답병하삼수 (시기 미상).txt
발표 시기 미상,,발표 시기 미상,시조,청텬 구름 밧긔,정철,54,https://ko.wikisource.org/wiki/%EC%86%A1%EA%B0%95%EA%B0%80%EC%82%AC/%EC%B2%AD%EC%B2%9C_%EA%B5%AC%EB%A6%84_%EB%B0%96%EC%97%90,본문/시조/정철 - 청텬 구름 밧긔 (시기 미상).txt
발표 시기 미상,,발표 시기 미상,시조,풍파이 일니던 ᄇᆡ,정철,51,https://ko.wikisource.org/wiki/%EC%86%A1%EA%B0%95%EA%B0%80%EC%82%AC/%ED%92%8D%ED%8C%8C_%EC%9D%BC%EB%8B%88%EB%8D%98_%EB%B0%B0,본문/시조/정철 - 풍파이 일니던 ᄇᆡ (시기 미상).txt
발표 시기 미상,,발표 시기 미상,시조,흥망이 수업ᄉᆞ니,정철,49,https://ko.wikisource.org/wiki/%EC%86%A1%EA%B0%95%EA%B0%80%EC%82%AC/%ED%9D%A5%EB%A7%9D%EC%9D%B4_%EC%88%98%EC%97%86%EC%9C%BC%EB%8B%88,본문/시조/정철 - 흥망이 수업ᄉᆞ니 (시기 미상).txt
발표 시기 미상,,발표 시기 미상,노래,공산(空山)이 적막(寂寞)ᄒᆞᆫ듸,정충신,112,https://ko.wikisource.org/wiki/%EA%B3%B5%EC%82%B0%EC%9D%B4_%EC%A0%81%EB%A7%89%ED%95%9C%EB%8D%B0,본문/노래/정충신 - 공산(空山)이 적막(寂寞)ᄒᆞᆫ듸 (시기 미상).txt
발표 시기 미상,,발표 시기 미상,노래,황하수(黃河水) 맑다터니,정충신,41,https://ko.wikisource.org/wiki/%ED%99%A9%ED%95%98%EC%88%98_%EB%A7%91%EB%8B%A4%ED%84%B0%EB%8B%88,본문/노래/정충신 - 황하수(黃河水) 맑다터니 (시기 미상).txt
발표 시기 미상,,발표 시기 미상,노래,술을 취(醉)케 먹고,정태화,101,https://ko.wikisource.org/wiki/%EC%88%A0%EC%9D%84_%EC%B7%A8%EC%BC%80_%EB%A8%B9%EA%B3%A0,본문/노래/정태화 - 술을 취(醉)케 먹고 (시기 미상).txt
발표 시기 미상,,발표 시기 미상,노래,금단(金壇)이 웅호(雄豪)ᄒᆞ고,조관빈,51,https://ko.wikisource.org/wiki/%EA%B8%88%EB%8B%A8%EC%9D%B4_%EC%9B%85%ED%98%B8%ED%95%98%EA%B3%A0,본문/노래/조관빈 - 금단(金壇)이 웅호(雄豪)ᄒᆞ고 (시기 미상).txt
발표 시기 미상,,발표 시기 미상,노래,사ᄅᆞᆷ이 삼겨나셔,조관빈,47,https://ko.wikisource.org/wiki/%EC%82%AC%EB%9E%8C%EC%9D%B4_%EC%82%BC%EA%B2%A8%EB%82%98%EC%84%9C,본문/노래/조관빈 - 사ᄅᆞᆷ이 삼겨나셔 (시기 미상).txt
발표 시기 미상,,발표 시기 미상,시,수양버들,조기천,131,https://ko.wikisource.org/wiki/%EC%88%98%EC%96%91%EB%B2%84%EB%93%A4,본문/시/조기천 - 수양버들 (시기 미상).txt
발표 시기 미상,,발표 시기 미상,노래,설악산(雪岳山) 가는 길에,조명리,50,https://ko.wikisource.org/wiki/%EC%84%A4%EC%95%85%EC%82%B0_%EA%B0%80%EB%8A%94_%EA%B8%B8%EC%97%90,본문/노래/조명리 - 설악산(雪岳山) 가는 길에 (시기 미상).txt
발표 시기 미상,,발표 시기 미상,시조,이시렴 브디 갈따,조선 성종,55,https://ko.wikisource.org/wiki/%EC%9D%B4%EC%8B%9C%EB%A0%B4_%EB%B8%8C%EB%94%94_%EA%B0%88%EB%94%B0,본문/시조/조선 성종 - 이시렴 브디 갈따 (시기 미상).txt
발표 시기 미상,,발표 시기 미상,시조,하여가,조선 태종,47,https://ko.wikisource.org/wiki/%ED%95%98%EC%97%AC%EA%B0%80,본문/시조/조선 태종 - 하여가 (시기 미상).txt
발표 시기 미상,,발표 시기 미상,노래,두류산(頭流山) 양단수(兩端水)를,조식,52,https://ko.wikisource.org/wiki/%EB%91%90%EB%A5%98%EC%82%B0_%EC%96%91%EB%8B%A8%EC%88%98%EB%A5%BC,본문/노래/조식 - 두류산(頭流山) 양단수(兩端水)를 (시기 미상).txt
발표 시기 미상,,발표 시기 미상,노래,삼동(三冬)에 뵈옷 닙고,조식,49,https://ko.wikisource.org/wiki/%EC%82%BC%EB%8F%99%EC%97%90_%EB%B2%A0%EC%98%B7_%EC%9E%85%EA%B3%A0,본문/노래/조식 - 삼동(三冬)에 뵈옷 닙고 (시기 미상).txt
발표 시기 미상,,발표 시기 미상,시조,유벽(幽僻)을 ᄎᆞ쟈가니,조욱,47,https://ko.wikisource.org/wiki/%EC%9C%A0%EB%B2%BD%EC%9D%84_%EC%B0%BE%EC%95%84%EA%B0%80%EB%8B%88,본문/시조/조욱 - 유벽(幽僻)을 ᄎᆞ쟈가니 (시기 미상).txt
발표 시기 미상,,발표 시기 미상,소설,최척전,조위한,8823,https://ko.wikisource.org/wiki/%EC%B5%9C%EC%B2%99%EC%A0%84,본문/소설/조위한 - 최척전 (시기 미상).txt
발표 시기 미상,,발표 시기 미상,노래,호아곡,조존성,347,https://ko.wikisource.org/wiki/%ED%98%B8%EC%95%84%EA%B3%A1,본문/노래/조존성 - 호아곡 (시기 미상).txt
발표 시기 미상,,발표 시기 미상,노래,술을 취(醉)케 먹고 오다가,조준,105,https://ko.wikisource.org/wiki/%EC%88%A0%EC%9D%84_%EC%B7%A8%EC%BC%80_%EB%A8%B9%EA%B3%A0_%EC%98%A4%EB%8B%A4%EA%B0%80,본문/노래/조준 - 술을 취(醉)케 먹고 오다가 (시기 미상).txt
발표 시기 미상,,발표 시기 미상,소설,장한몽,조중환,233,https://ko.wikisource.org/wiki/%EC%9E%A5%ED%95%9C%EB%AA%BD,본문/소설/조중환 - 장한몽 (시기 미상).txt
발표 시기 미상,,발표 시기 미상,노래,天地 몃 번ᄧᅢ며,조찬한,141,https://ko.wikisource.org/wiki/%EC%B2%9C%EC%A7%80_%EB%AA%87_%EB%B2%88%EC%A7%B8%EB%A9%B0,본문/노래/조찬한 - 天地 몃 번ᄧᅢ며 (시기 미상).txt
발표 시기 미상,,발표 시기 미상,노래,빈천(貧賤)을 ᄑᆞᆯ랴 ᄒᆞ고,조찬한,53,https://ko.wikisource.org/wiki/%EB%B9%88%EC%B2%9C%EC%9D%84_%ED%8C%94%EB%9E%B4_%ED%95%98%EA%B3%A0,본문/노래/조찬한 - 빈천(貧賤)을 ᄑᆞᆯ랴 ᄒᆞ고 (시기 미상).txt
발표 시기 미상,,발표 시기 미상,노래,낙유원(樂遊原) 빗긴 날에,조한영,44,https://ko.wikisource.org/wiki/%EB%82%99%EC%9C%A0%EC%9B%90_%EB%B9%84%EB%82%80_%EB%82%A0%EC%97%90,본문/노래/조한영 - 낙유원(樂遊原) 빗긴 날에 (시기 미상).txt
발표 시기 미상,,발표 시기 미상,노래,옥란(玉欄)에 곳이 퓌니,조한영,126,https://ko.wikisource.org/wiki/%EC%98%A5%EB%9E%80%EC%97%90_%EA%BD%83%EC%9D%B4_%ED%94%BC%EB%8B%88,본문/노래/조한영 - 옥란(玉欄)에 곳이 퓌니 (시기 미상).txt
발표 시기 미상,,발표 시기 미상,노래,지당(池塘)에 비 ᄲᅮ리고,조헌,120,https://ko.wikisource.org/wiki/%EC%A7%80%EB%8B%B9%EC%97%90_%EB%B9%84_%EB%BF%8C%EB%A6%AC%EA%B3%A0,본문/노래/조헌 - 지당(池塘)에 비 ᄲᅮ리고 (시기 미상).txt
발표 시기 미상,,발표 시기 미상,노래,평사(平沙)에 낙안(落鴈)ᄒᆞ고,조헌,50,https://ko.wikisource.org/wiki/%ED%8F%89%EC%82%AC%EC%97%90_%EB%82%99%EC%95%88%ED%95%98%EA%B3%A0,본문/노래/조헌 - 평사(平沙)에 낙안(落鴈)ᄒᆞ고 (시기 미상).txt
발표 시기 미상,,발표 시기 미상,시조,헌 삿갓 쟈른 되롱,조현명,53,https://ko.wikisource.org/wiki/%ED%97%8C_%EC%82%BF%EA%B0%93_%EC%A7%A7%EC%9D%80_%EB%8F%84%EB%A1%B1%EC%9D%B4,본문/시조/조현명 - 헌 삿갓 쟈른 되롱 (시기 미상).txt
발표 시기 미상,,발표 시기 미상,노래,굴원(屈原) 충혼(忠魂) ᄇᆡ에 너흔 고기,주의식,59,https://ko.wikisource.org/wiki/%EA%B5%B4%EC%9B%90_%EC%B6%A9%ED%98%BC_%EB%B0%B0%EC%97%90_%EB%84%A3%EC%9D%80_%EA%B3%A0%EA%B8%B0,본문/노래/주의식 - 굴원(屈原) 충혼(忠魂) ᄇᆡ에 너흔 고기 (시기 미상).txt
발표 시기 미상,,발표 시기 미상,노래,늙고 병(病)든 몸이 가다가 아므듸나,주의식,44,https://ko.wikisource.org/wiki/%EB%8A%99%EA%B3%A0_%EB%B3%91%EB%93%A0_%EB%AA%B8%EC%9D%B4_%EA%B0%80%EB%8B%A4%EA%B0%80_%EC%95%84%EB%AC%B4_%EB%8D%B0%EB%82%98,본문/노래/주의식 - 늙고 병(病)든 몸이 가다가 아므듸나 (시기 미상).txt
발표 시기 미상,,발표 시기 미상,노래,당우(唐虞)도 죠커니와,주의식,112,https://ko.wikisource.org/wiki/%EB%8B%B9%EC%9A%B0%EB%8F%84_%EC%A2%8B%EA%B1%B0%EB%8B%88%EC%99%80,본문/노래/주의식 - 당우(唐虞)도 죠커니와 (시기 미상).txt
발표 시기 미상,,발표 시기 미상,노래,인생(人生)을 혜여ᄒᆞ니,주의식,56,https://ko.wikisource.org/wiki/%EC%9D%B8%EC%83%9D%EC%9D%84_%ED%97%A4%EC%97%AC%ED%95%98%EB%8B%88,본문/노래/주의식 - 인생(人生)을 혜여ᄒᆞ니 (시기 미상).txt
발표 시기 미상,,발표 시기 미상,노래,인심(人心)을 터히 퇴고,주의식,106,https://ko.wikisource.org/wiki/%EC%9D%B8%EC%8B%AC%EC%9D%80_%ED%84%B0%ED%9E%88_%EB%90%98%EA%B3%A0,본문/노래/주의식 - 인심(人心)을 터히 퇴고 (시기 미상).txt
발표 시기 미상,,발표 시기 미상,노래,주려 주그려 ᄒᆞ고,주의식,48,https://ko.wikisource.org/wiki/%EC%A3%BC%EB%A0%A4_%EC%A3%BD%EC%9C%BC%EB%A0%A4_%ED%95%98%EA%B3%A0,본문/노래/주의식 - 주려 주그려 ᄒᆞ고 (시기 미상).txt
발표 시기 미상,,발표 시기 미상,노래,창(窓)밧긔 아ᄒᆡ 와셔,주의식,57,https://ko.wikisource.org/wiki/%EC%B0%BD%EB%B0%96%EC%97%90_%EC%95%84%EC%9D%B4_%EC%99%80%EC%84%9C,본문/노래/주의식 - 창(窓)밧긔 아ᄒᆡ 와셔 (시기 미상).txt
발표 시기 미상,,발표 시기 미상,노래,충신(忠臣)의 속ᄆᆞ음을,주의식,47,https://ko.wikisource.org/wiki/%EC%B6%A9%EC%8B%A0%EC%9D%98_%EC%86%8D%EB%A7%88%EC%9D%8C%EC%9D%84,본문/노래/주의식 - 충신(忠臣)의 속ᄆᆞ음을 (시기 미상).txt
발표 시기 미상,,발표 시기 미상,노래,하ᄂᆞᆯ이 놉다 ᄒᆞ고,주의식,55,https://ko.wikisource.org/wiki/%ED%95%98%EB%8A%98%EC%9D%B4_%EB%86%92%EB%8B%A4_%ED%95%98%EA%B3%A0,본문/노래/주의식 - 하ᄂᆞᆯ이 놉다 ᄒᆞ고 (시기 미상).txt
발표 시기 미상,,발표 시기 미상,노래,형산(荊山)에 박옥(璞玉)을 어더,주의식,47,https://ko.wikisource.org/wiki/%ED%98%95%EC%82%B0%EC%97%90_%EB%B0%95%EC%98%A5%EC%9D%84_%EC%96%BB%EC%96%B4,본문/노래/주의식 - 형산(荊山)에 박옥(璞玉)을 어더 (시기 미상).txt
발표 시기 미상,,발표 시기 미상,노래,말하면 잡류(雜類)라 ᄒᆞ고,주의식 또는 김상용,120,https://ko.wikisource.org/wiki/%EB%A7%90%ED%95%98%EB%A9%B4_%EC%9E%A1%EB%A5%98%EB%9D%BC_%ED%95%98%EA%B3%A0,본문/노래/주의식 또는 김상용 - 말하면 잡류(雜類)라 ᄒᆞ고 (시기 미상).txt
발표 시기 미상,,발표 시기 미상,시조,무제,진옥,51,https://ko.wikisource.org/wiki/%EC%B2%A0%EC%9D%B4_%EC%B2%A0%EC%9D%B4%EB%9D%BC_%EA%B1%B0%EB%8A%98,본문/시조/진옥 - 무제 (시기 미상).txt
발표 시기 미상,,발표 시기 미상,기타,갑오비화,차상찬,6691,https://ko.wikisource.org/wiki/%ED%95%9C%EA%B5%AD_%EC%95%BC%EB%8B%B4_%EC%82%AC%ED%99%94_%EC%A0%84%EC%A7%91_%28%EC%B0%A8%EC%83%81%EC%B0%AC%29/%EA%B0%91%EC%98%A4%EB%B9%84%ED%99%94,본문/기타/차상찬 - 갑오비화 (시기 미상).txt
발표 시기 미상,,발표 시기 미상,기타,강릉기 홍장과 풍류 순찰사,차상찬,4403,https://ko.wikisource.org/wiki/%ED%95%9C%EA%B5%AD_%EC%95%BC%EB%8B%B4_%EC%82%AC%ED%99%94_%EC%A0%84%EC%A7%91_%28%EC%B0%A8%EC%83%81%EC%B0%AC%29/%EA%B0%95%EB%A6%89%EA%B8%B0_%ED%99%8D%EC%9E%A5%EA%B3%BC_%ED%92%8D%EB%A5%98_%EC%88%9C%EC%B0%B0%EC%82%AC,본문/기타/차상찬 - 강릉기 홍장과 풍류 순찰사 (시기 미상).txt
발표 시기 미상,,발표 시기 미상,평론,경성잡화,차상찬,16159,https://ko.wikisource.org/wiki/%EA%B2%BD%EC%84%B1%EC%9E%A1%ED%99%94,본문/평론/차상찬 - 경성잡화 (시기 미상).txt
발표 시기 미상,,발표 시기 미상,기타,고려 태조,차상찬,6631,https://ko.wikisource.org/wiki/%ED%95%9C%EA%B5%AD_%EC%95%BC%EB%8B%B4_%EC%82%AC%ED%99%94_%EC%A0%84%EC%A7%91_%28%EC%B0%A8%EC%83%81%EC%B0%AC%29/%EA%B3%A0%EB%A0%A4_%ED%83%9C%EC%A1%B0,본문/기타/차상찬 - 고려 태조 (시기 미상).txt
발표 시기 미상,,발표 시기 미상,기타,고려의 기품,차상찬,3827,https://ko.wikisource.org/wiki/%ED%95%9C%EA%B5%AD_%EC%95%BC%EB%8B%B4_%EC%82%AC%ED%99%94_%EC%A0%84%EC%A7%91_%28%EC%B0%A8%EC%83%81%EC%B0%AC%29/%EA%B3%A0%EB%A0%A4%EC%9D%98_%EA%B8%B0%ED%92%88,본문/기타/차상찬 - 고려의 기품 (시기 미상).txt
발표 시기 미상,,발표 시기 미상,기타,공당 문답,차상찬,5250,https://ko.wikisource.org/wiki/%ED%95%9C%EA%B5%AD_%EC%95%BC%EB%8B%B4_%EC%82%AC%ED%99%94_%EC%A0%84%EC%A7%91_%28%EC%B0%A8%EC%83%81%EC%B0%AC%29/%EA%B3%B5%EB%8B%B9_%EB%AC%B8%EB%8B%B5,본문/기타/차상찬 - 공당 문답 (시기 미상).txt
발표 시기 미상,,발표 시기 미상,기타,괴기 인물 이근,차상찬,3504,https://ko.wikisource.org/wiki/%ED%95%9C%EA%B5%AD_%EC%95%BC%EB%8B%B4_%EC%82%AC%ED%99%94_%EC%A0%84%EC%A7%91_%28%EC%B0%A8%EC%83%81%EC%B0%AC%29/%EA%B4%B4%EA%B8%B0_%EC%9D%B8%EB%AC%BC_%EC%9D%B4%EA%B7%BC,본문/기타/차상찬 - 괴기 인물 이근 (시기 미상).txt
발표 시기 미상,,발표 시기 미상,기타,급수기와 박어사,차상찬,11873,https://ko.wikisource.org/wiki/%ED%95%9C%EA%B5%AD_%EC%95%BC%EB%8B%B4_%EC%82%AC%ED%99%94_%EC%A0%84%EC%A7%91_%28%EC%B0%A8%EC%83%81%EC%B0%AC%29/%EA%B8%89%EC%88%98%EA%B8%B0%EC%99%80_%EB%B0%95%EC%96%B4%EC%82%AC,본문/기타/차상찬 - 급수기와 박어사 (시기 미상).txt
발표 시기 미상,,발표 시기 미상,기타,기담 사제,차상찬,5706,https://ko.wikisource.org/wiki/%ED%95%9C%EA%B5%AD_%EC%95%BC%EB%8B%B4_%EC%82%AC%ED%99%94_%EC%A0%84%EC%A7%91_%28%EC%B0%A8%EC%83%81%EC%B0%AC%29/%EA%B8%B0%EB%8B%B4_%EC%82%AC%EC%A0%9C,본문/기타/차상찬 - 기담 사제 (시기 미상).txt
발표 시기 미상,,발표 시기 미상,기타,기축 역괴 정여립,차상찬,8833,https://ko.wikisource.org/wiki/%ED%95%9C%EA%B5%AD_%EC%95%BC%EB%8B%B4_%EC%82%AC%ED%99%94_%EC%A0%84%EC%A7%91_%28%EC%B0%A8%EC%83%81%EC%B0%AC%29/%EA%B8%B0%EC%B6%95_%EC%97%AD%EA%B4%B4_%EC%A0%95%EC%97%AC%EB%A6%BD,본문/기타/차상찬 - 기축 역괴 정여립 (시기 미상).txt
발표 시기 미상,,발표 시기 미상,기타,김역관과 운남 왕녀,차상찬,3460,https://ko.wikisource.org/wiki/%ED%95%9C%EA%B5%AD_%EC%95%BC%EB%8B%B4_%EC%82%AC%ED%99%94_%EC%A0%84%EC%A7%91_%28%EC%B0%A8%EC%83%81%EC%B0%AC%29/%EA%B9%80%EC%97%AD%EA%B4%80%EA%B3%BC_%EC%9A%B4%EB%82%A8_%EC%99%95%EB%85%80,본문/기타/차상찬 - 김역관과 운남 왕녀 (시기 미상).txt
발표 시기 미상,,발표 시기 미상,기타,김정승과 단천기,차상찬,6520,https://ko.wikisource.org/wiki/%ED%95%9C%EA%B5%AD_%EC%95%BC%EB%8B%B4_%EC%82%AC%ED%99%94_%EC%A0%84%EC%A7%91_%28%EC%B0%A8%EC%83%81%EC%B0%AC%29/%EA%B9%80%EC%A0%95%EC%8A%B9%EA%B3%BC_%EB%8B%A8%EC%B2%9C%EA%B8%B0,본문/기타/차상찬 - 김정승과 단천기 (시기 미상).txt
발표 시기 미상,,발표 시기 미상,기타,김총각의 기연,차상찬,4729,https://ko.wikisource.org/wiki/%ED%95%9C%EA%B5%AD_%EC%95%BC%EB%8B%B4_%EC%82%AC%ED%99%94_%EC%A0%84%EC%A7%91_%28%EC%B0%A8%EC%83%81%EC%B0%AC%29/%EA%B9%80%EC%B4%9D%EA%B0%81%EC%9D%98_%EA%B8%B0%EC%97%B0,본문/기타/차상찬 - 김총각의 기연 (시기 미상).txt
발표 시기 미상,,발표 시기 미상,기타,노총각의 만복,차상찬,7719,https://ko.wikisource.org/wiki/%ED%95%9C%EA%B5%AD_%EC%95%BC%EB%8B%B4_%EC%82%AC%ED%99%94_%EC%A0%84%EC%A7%91_%28%EC%B0%A8%EC%83%81%EC%B0%AC%29/%EB%85%B8%EC%B4%9D%EA%B0%81%EC%9D%98_%EB%A7%8C%EB%B3%B5,본문/기타/차상찬 - 노총각의 만복 (시기 미상).txt
발표 시기 미상,,발표 시기 미상,기타,녹두장군,차상찬,7513,https://ko.wikisource.org/wiki/%ED%95%9C%EA%B5%AD_%EC%95%BC%EB%8B%B4_%EC%82%AC%ED%99%94_%EC%A0%84%EC%A7%91_%28%EC%B0%A8%EC%83%81%EC%B0%AC%29/%EB%85%B9%EB%91%90%EC%9E%A5%EA%B5%B0,본문/기타/차상찬 - 녹두장군 (시기 미상).txt
발표 시기 미상,,발표 시기 미상,기타,단발 여탐정,차상찬,3113,https://ko.wikisource.org/wiki/%ED%95%9C%EA%B5%AD_%EC%95%BC%EB%8B%B4_%EC%82%AC%ED%99%94_%EC%A0%84%EC%A7%91_%28%EC%B0%A8%EC%83%81%EC%B0%AC%29/%EB%8B%A8%EB%B0%9C_%EC%97%AC%ED%83%90%EC%A0%95,본문/기타/차상찬 - 단발 여탐정 (시기 미상).txt
발표 시기 미상,,발표 시기 미상,기타,독안 괴룡,차상찬,5394,https://ko.wikisource.org/wiki/%ED%95%9C%EA%B5%AD_%EC%95%BC%EB%8B%B4_%EC%82%AC%ED%99%94_%EC%A0%84%EC%A7%91_%28%EC%B0%A8%EC%83%81%EC%B0%AC%29/%EB%8F%85%EC%95%88_%EA%B4%B4%EB%A3%A1,본문/기타/차상찬 - 독안 괴룡 (시기 미상).txt
발표 시기 미상,,발표 시기 미상,기타,명복 홍계관,차상찬,6370,https://ko.wikisource.org/wiki/%ED%95%9C%EA%B5%AD_%EC%95%BC%EB%8B%B4_%EC%82%AC%ED%99%94_%EC%A0%84%EC%A7%91_%28%EC%B0%A8%EC%83%81%EC%B0%AC%29/%EB%AA%85%EB%B3%B5_%ED%99%8D%EA%B3%84%EA%B4%80,본문/기타/차상찬 - 명복 홍계관 (시기 미상).txt
발표 시기 미상,,발표 시기 미상,기타,바다의 전설,차상찬,2679,https://ko.wikisource.org/wiki/%ED%95%9C%EA%B5%AD_%EC%95%BC%EB%8B%B4_%EC%82%AC%ED%99%94_%EC%A0%84%EC%A7%91_%28%EC%B0%A8%EC%83%81%EC%B0%AC%29/%EB%B0%94%EB%8B%A4%EC%9D%98_%EC%A0%84%EC%84%A4,본문/기타/차상찬 - 바다의 전설 (시기 미상).txt
발표 시기 미상,,발표 시기 미상,기타,박색 고개의 전설,차상찬,4594,https://ko.wikisource.org/wiki/%ED%95%9C%EA%B5%AD_%EC%95%BC%EB%8B%B4_%EC%82%AC%ED%99%94_%EC%A0%84%EC%A7%91_%28%EC%B0%A8%EC%83%81%EC%B0%AC%29/%EB%B0%95%EC%83%89_%EA%B3%A0%EA%B0%9C%EC%9D%98_%EC%A0%84%EC%84%A4,본문/기타/차상찬 - 박색 고개의 전설 (시기 미상).txt
발표 시기 미상,,발표 시기 미상,기타,박태보전,차상찬,6629,https://ko.wikisource.org/wiki/%ED%95%9C%EA%B5%AD_%EC%95%BC%EB%8B%B4_%EC%82%AC%ED%99%94_%EC%A0%84%EC%A7%91_%28%EC%B0%A8%EC%83%81%EC%B0%AC%29/%EB%B0%95%ED%83%9C%EB%B3%B4%EC%A0%84,본문/기타/차상찬 - 박태보전 (시기 미상).txt
발표 시기 미상,,발표 시기 미상,기타,백발 홍장,차상찬,5593,https://ko.wikisource.org/wiki/%ED%95%9C%EA%B5%AD_%EC%95%BC%EB%8B%B4_%EC%82%AC%ED%99%94_%EC%A0%84%EC%A7%91_%28%EC%B0%A8%EC%83%81%EC%B0%AC%29/%EB%B0%B1%EB%B0%9C_%ED%99%8D%EC%9E%A5,본문/기타/차상찬 - 백발 홍장 (시기 미상).txt
발표 시기 미상,,발표 시기 미상,기타,비련의 화석상,차상찬,6661,https://ko.wikisource.org/wiki/%ED%95%9C%EA%B5%AD_%EC%95%BC%EB%8B%B4_%EC%82%AC%ED%99%94_%EC%A0%84%EC%A7%91_%28%EC%B0%A8%EC%83%81%EC%B0%AC%29/%EB%B9%84%EB%A0%A8%EC%9D%98_%ED%99%94%EC%84%9D%EC%83%81,본문/기타/차상찬 - 비련의 화석상 (시기 미상).txt
발표 시기 미상,,발표 시기 미상,기타,상사사,차상찬,2792,https://ko.wikisource.org/wiki/%ED%95%9C%EA%B5%AD_%EC%95%BC%EB%8B%B4_%EC%82%AC%ED%99%94_%EC%A0%84%EC%A7%91_%28%EC%B0%A8%EC%83%81%EC%B0%AC%29/%EC%83%81%EC%82%AC%EC%82%AC,본문/기타/차상찬 - 상사사 (시기 미상).txt
발표 시기 미상,,발표 시기 미상,기타,성삼문의 서병,차상찬,6700,https://ko.wikisource.org/wiki/%ED%95%9C%EA%B5%AD_%EC%95%BC%EB%8B%B4_%EC%82%AC%ED%99%94_%EC%A0%84%EC%A7%91_%28%EC%B0%A8%EC%83%81%EC%B0%AC%29/%EC%84%B1%EC%82%BC%EB%AC%B8%EC%9D%98_%EC%84%9C%EB%B3%91,본문/기타/차상찬 - 성삼문의 서병 (시기 미상).txt
발표 시기 미상,,발표 시기 미상,기타,숙종대왕과 장희빈,차상찬,7624,https://ko.wikisource.org/wiki/%ED%95%9C%EA%B5%AD_%EC%95%BC%EB%8B%B4_%EC%82%AC%ED%99%94_%EC%A0%84%EC%A7%91_%28%EC%B0%A8%EC%83%81%EC%B0%AC%29/%EC%88%99%EC%A2%85%EB%8C%80%EC%99%95%EA%B3%BC_%EC%9E%A5%ED%9D%AC%EB%B9%88,본문/기타/차상찬 - 숙종대왕과 장희빈 (시기 미상).txt
발표 시기 미상,,발표 시기 미상,기타,숭정궁인 굴씨,차상찬,4332,https://ko.wikisource.org/wiki/%ED%95%9C%EA%B5%AD_%EC%95%BC%EB%8B%B4_%EC%82%AC%ED%99%94_%EC%A0%84%EC%A7%91_%28%EC%B0%A8%EC%83%81%EC%B0%AC%29/%EC%88%AD%EC%A0%95%EA%B6%81%EC%9D%B8_%EA%B5%B4%EC%94%A8,본문/기타/차상찬 - 숭정궁인 굴씨 (시기 미상).txt
발표 시기 미상,,발표 시기 미상,기타,안평대군의 실연,차상찬,2636,https://ko.wikisource.org/wiki/%ED%95%9C%EA%B5%AD_%EC%95%BC%EB%8B%B4_%EC%82%AC%ED%99%94_%EC%A0%84%EC%A7%91_%28%EC%B0%A8%EC%83%81%EC%B0%AC%29/%EC%95%88%ED%8F%89%EB%8C%80%EA%B5%B0%EC%9D%98_%EC%8B%A4%EC%97%B0,본문/기타/차상찬 - 안평대군의 실연 (시기 미상).txt
발표 시기 미상,,발표 시기 미상,기타,압록강상의 삼미인,차상찬,3657,https://ko.wikisource.org/wiki/%ED%95%9C%EA%B5%AD_%EC%95%BC%EB%8B%B4_%EC%82%AC%ED%99%94_%EC%A0%84%EC%A7%91_%28%EC%B0%A8%EC%83%81%EC%B0%AC%29/%EC%95%95%EB%A1%9D%EA%B0%95%EC%83%81%EC%9D%98_%EC%82%BC%EB%AF%B8%EC%9D%B8,본문/기타/차상찬 - 압록강상의 삼미인 (시기 미상).txt
발표 시기 미상,,발표 시기 미상,기타,양봉래 모친,차상찬,3353,https://ko.wikisource.org/wiki/%ED%95%9C%EA%B5%AD_%EC%95%BC%EB%8B%B4_%EC%82%AC%ED%99%94_%EC%A0%84%EC%A7%91_%28%EC%B0%A8%EC%83%81%EC%B0%AC%29/%EC%96%91%EB%B4%89%EB%9E%98_%EB%AA%A8%EC%B9%9C,본문/기타/차상찬 - 양봉래 모친 (시기 미상).txt
발표 시기 미상,,발표 시기 미상,기타,열녀의 혼,차상찬,3442,https://ko.wikisource.org/wiki/%ED%95%9C%EA%B5%AD_%EC%95%BC%EB%8B%B4_%EC%82%AC%ED%99%94_%EC%A0%84%EC%A7%91_%28%EC%B0%A8%EC%83%81%EC%B0%AC%29/%EC%97%B4%EB%85%80%EC%9D%98_%ED%98%BC,본문/기타/차상찬 - 열녀의 혼 (시기 미상).txt
발표 시기 미상,,발표 시기 미상,기타,왕자의 원혼,차상찬,6008,https://ko.wikisource.org/wiki/%ED%95%9C%EA%B5%AD_%EC%95%BC%EB%8B%B4_%EC%82%AC%ED%99%94_%EC%A0%84%EC%A7%91_%28%EC%B0%A8%EC%83%81%EC%B0%AC%29/%EC%99%95%EC%9E%90%EC%9D%98_%EC%9B%90%ED%98%BC,본문/기타/차상찬 - 왕자의 원혼 (시기 미상).txt
발표 시기 미상,,발표 시기 미상,기타,용녀의 비밀,차상찬,4050,https://ko.wikisource.org/wiki/%ED%95%9C%EA%B5%AD_%EC%95%BC%EB%8B%B4_%EC%82%AC%ED%99%94_%EC%A0%84%EC%A7%91_%28%EC%B0%A8%EC%83%81%EC%B0%AC%29/%EC%9A%A9%EB%85%80%EC%9D%98_%EB%B9%84%EB%B0%80,본문/기타/차상찬 - 용녀의 비밀 (시기 미상).txt
발표 시기 미상,,발표 시기 미상,기타,원한의 농성,차상찬,5096,https://ko.wikisource.org/wiki/%ED%95%9C%EA%B5%AD_%EC%95%BC%EB%8B%B4_%EC%82%AC%ED%99%94_%EC%A0%84%EC%A7%91_%28%EC%B0%A8%EC%83%81%EC%B0%AC%29/%EC%9B%90%ED%95%9C%EC%9D%98_%EB%86%8D%EC%84%B1,본문/기타/차상찬 - 원한의 농성 (시기 미상).txt
발표 시기 미상,,발표 시기 미상,기타,유방 천추,차상찬,4363,https://ko.wikisource.org/wiki/%ED%95%9C%EA%B5%AD_%EC%95%BC%EB%8B%B4_%EC%82%AC%ED%99%94_%EC%A0%84%EC%A7%91_%28%EC%B0%A8%EC%83%81%EC%B0%AC%29/%EC%9C%A0%EB%B0%A9_%EC%B2%9C%EC%B6%94,본문/기타/차상찬 - 유방 천추 (시기 미상).txt
발표 시기 미상,,발표 시기 미상,기타,의적 박장각,차상찬,5169,https://ko.wikisource.org/wiki/%ED%95%9C%EA%B5%AD_%EC%95%BC%EB%8B%B4_%EC%82%AC%ED%99%94_%EC%A0%84%EC%A7%91_%28%EC%B0%A8%EC%83%81%EC%B0%AC%29/%EC%9D%98%EC%A0%81_%EB%B0%95%EC%9E%A5%EA%B0%81,본문/기타/차상찬 - 의적 박장각 (시기 미상).txt
발표 시기 미상,,발표 시기 미상,기타,이월사 부인 권씨,차상찬,784,https://ko.wikisource.org/wiki/%ED%95%B4%EB%8F%99%EC%97%BC%EC%82%AC/%EC%9D%B4%EC%9B%94%EC%82%AC_%EB%B6%80%EC%9D%B8_%EA%B6%8C%EC%94%A8,본문/기타/차상찬 - 이월사 부인 권씨 (시기 미상).txt
발표 시기 미상,,발표 시기 미상,기타,장대에 스러진 별,차상찬,16781,https://ko.wikisource.org/wiki/%ED%95%9C%EA%B5%AD_%EC%95%BC%EB%8B%B4_%EC%82%AC%ED%99%94_%EC%A0%84%EC%A7%91_%28%EC%B0%A8%EC%83%81%EC%B0%AC%29/%EC%9E%A5%EB%8C%80%EC%97%90_%EC%8A%A4%EB%9F%AC%EC%A7%84_%EB%B3%84,본문/기타/차상찬 - 장대에 스러진 별 (시기 미상).txt
발표 시기 미상,,발표 시기 미상,기타,재생,차상찬,5046,https://ko.wikisource.org/wiki/%ED%95%9C%EA%B5%AD_%EC%95%BC%EB%8B%B4_%EC%82%AC%ED%99%94_%EC%A0%84%EC%A7%91_%28%EC%B0%A8%EC%83%81%EC%B0%AC%29/%EC%9E%AC%EC%83%9D_%28%EC%B0%A8%EC%83%81%EC%B0%AC%29,본문/기타/차상찬 - 재생 (시기 미상).txt
발표 시기 미상,,발표 시기 미상,기타,절처 봉생,차상찬,13416,https://ko.wikisource.org/wiki/%ED%95%9C%EA%B5%AD_%EC%95%BC%EB%8B%B4_%EC%82%AC%ED%99%94_%EC%A0%84%EC%A7%91_%28%EC%B0%A8%EC%83%81%EC%B0%AC%29/%EC%A0%88%EC%B2%98_%EB%B4%89%EC%83%9D,본문/기타/차상찬 - 절처 봉생 (시기 미상).txt
발표 시기 미상,,발표 시기 미상,기타,정 이방의 귀동딸,차상찬,4201,https://ko.wikisource.org/wiki/%ED%95%9C%EA%B5%AD_%EC%95%BC%EB%8B%B4_%EC%82%AC%ED%99%94_%EC%A0%84%EC%A7%91_%28%EC%B0%A8%EC%83%81%EC%B0%AC%29/%EC%A0%95_%EC%9D%B4%EB%B0%A9%EC%9D%98_%EA%B7%80%EB%8F%99%EB%94%B8,본문/기타/차상찬 - 정 이방의 귀동딸 (시기 미상).txt
발표 시기 미상,,발표 시기 미상,기타,정녀사와 의치,차상찬,5465,https://ko.wikisource.org/wiki/%ED%95%9C%EA%B5%AD_%EC%95%BC%EB%8B%B4_%EC%82%AC%ED%99%94_%EC%A0%84%EC%A7%91_%28%EC%B0%A8%EC%83%81%EC%B0%AC%29/%EC%A0%95%EB%85%80%EC%82%AC%EC%99%80_%EC%9D%98%EC%B9%98,본문/기타/차상찬 - 정녀사와 의치 (시기 미상).txt
발표 시기 미상,,발표 시기 미상,기타,정열의 공주와 무사,차상찬,9175,https://ko.wikisource.org/wiki/%ED%95%9C%EA%B5%AD_%EC%95%BC%EB%8B%B4_%EC%82%AC%ED%99%94_%EC%A0%84%EC%A7%91_%28%EC%B0%A8%EC%83%81%EC%B0%AC%29/%EC%A0%95%EC%97%B4%EC%9D%98_%EA%B3%B5%EC%A3%BC%EC%99%80_%EB%AC%B4%EC%82%AC,본문/기타/차상찬 - 정열의 공주와 무사 (시기 미상).txt
발표 시기 미상,,발표 시기 미상,기타,진지왕과 도화랑,차상찬,2702,https://ko.wikisource.org/wiki/%ED%95%9C%EA%B5%AD_%EC%95%BC%EB%8B%B4_%EC%82%AC%ED%99%94_%EC%A0%84%EC%A7%91_%28%EC%B0%A8%EC%83%81%EC%B0%AC%29/%EC%A7%84%EC%A7%80%EC%99%95%EA%B3%BC_%EB%8F%84%ED%99%94%EB%9E%91,본문/기타/차상찬 - 진지왕과 도화랑 (시기 미상).txt
발표 시기 미상,,발표 시기 미상,기타,철인 이토정,차상찬,5877,https://ko.wikisource.org/wiki/%ED%95%9C%EA%B5%AD_%EC%95%BC%EB%8B%B4_%EC%82%AC%ED%99%94_%EC%A0%84%EC%A7%91_%28%EC%B0%A8%EC%83%81%EC%B0%AC%29/%EC%B2%A0%EC%9D%B8_%EC%9D%B4%ED%86%A0%EC%A0%95,본문/기타/차상찬 - 철인 이토정 (시기 미상).txt
발표 시기 미상,,발표 시기 미상,기타,출천 대효,차상찬,4674,https://ko.wikisource.org/wiki/%ED%95%9C%EA%B5%AD_%EC%95%BC%EB%8B%B4_%EC%82%AC%ED%99%94_%EC%A0%84%EC%A7%91_%28%EC%B0%A8%EC%83%81%EC%B0%AC%29/%EC%B6%9C%EC%B2%9C_%EB%8C%80%ED%9A%A8,본문/기타/차상찬 - 출천 대효 (시기 미상).txt
발표 시기 미상,,발표 시기 미상,기타,해상의 쾌인 안용복,차상찬,3455,https://ko.wikisource.org/wiki/%ED%95%9C%EA%B5%AD_%EC%95%BC%EB%8B%B4_%EC%82%AC%ED%99%94_%EC%A0%84%EC%A7%91_%28%EC%B0%A8%EC%83%81%EC%B0%AC%29/%ED%95%B4%EC%83%81%EC%9D%98_%EC%BE%8C%EC%9D%B8_%EC%95%88%EC%9A%A9%EB%B3%B5,본문/기타/차상찬 - 해상의 쾌인 안용복 (시기 미상).txt
발표 시기 미상,,발표 시기 미상,기타,행운,차상찬,9306,https://ko.wikisource.org/wiki/%ED%95%9C%EA%B5%AD_%EC%95%BC%EB%8B%B4_%EC%82%AC%ED%99%94_%EC%A0%84%EC%A7%91_%28%EC%B0%A8%EC%83%81%EC%B0%AC%29/%ED%96%89%EC%9A%B4_%28%EC%B0%A8%EC%83%81%EC%B0%AC%29,본문/기타/차상찬 - 행운 (시기 미상).txt
발표 시기 미상,,발표 시기 미상,기타,허난설헌,차상찬,2487,https://ko.wikisource.org/wiki/%ED%95%B4%EB%8F%99%EC%97%BC%EC%82%AC/%ED%97%88%EB%82%9C%EC%84%A4%ED%97%8C,본문/기타/차상찬 - 허난설헌 (시기 미상).txt
발표 시기 미상,,발표 시기 미상,기타,활인수,차상찬,7109,https://ko.wikisource.org/wiki/%ED%95%9C%EA%B5%AD_%EC%95%BC%EB%8B%B4_%EC%82%AC%ED%99%94_%EC%A0%84%EC%A7%91_%28%EC%B0%A8%EC%83%81%EC%B0%AC%29/%ED%99%9C%EC%9D%B8%EC%88%98,본문/기타/차상찬 - 활인수 (시기 미상).txt
발표 시기 미상,,발표 시기 미상,기타,황진이,차상찬,7129,https://ko.wikisource.org/wiki/%ED%95%9C%EA%B5%AD_%EC%95%BC%EB%8B%B4_%EC%82%AC%ED%99%94_%EC%A0%84%EC%A7%91_%28%EC%B0%A8%EC%83%81%EC%B0%AC%29/%ED%99%A9%EC%A7%84%EC%9D%B4,본문/기타/차상찬 - 황진이 (시기 미상).txt
발표 시기 미상,,발표 시기 미상,기타,후백제왕 견훤,차상찬,6427,https://ko.wikisource.org/wiki/%ED%95%9C%EA%B5%AD_%EC%95%BC%EB%8B%B4_%EC%82%AC%ED%99%94_%EC%A0%84%EC%A7%91_%28%EC%B0%A8%EC%83%81%EC%B0%AC%29/%ED%9B%84%EB%B0%B1%EC%A0%9C%EC%99%95_%EA%B2%AC%ED%9B%A4,본문/기타/차상찬 - 후백제왕 견훤 (시기 미상).txt
발표 시기 미상,,발표 시기 미상,소설,반점,채만식,5701,https://ko.wikisource.org/wiki/%EB%B0%98%EC%A0%90,본문/소설/채만식 - 반점 (시기 미상).txt
발표 시기 미상,,발표 시기 미상,노래,ᄃᆞ나 ᄡᅳ나 니濁酒 죠코,채유후,58,https://ko.wikisource.org/wiki/%EB%8B%A4%EB%82%98_%EC%93%B0%EB%82%98_%EC%9D%B4%ED%83%81%EC%A3%BC_%EC%A2%8B%EA%B3%A0,본문/노래/채유후 - ᄃᆞ나 ᄡᅳ나 니濁酒 죠코 (시기 미상).txt
발표 시기 미상,,발표 시기 미상,수필,七眠者[칠면자],최남선,2003,https://ko.wikisource.org/wiki/%EC%B9%A0%EB%A9%B4%EC%9E%90,본문/수필/최남선 - 七眠者[칠면자] (시기 미상).txt
발표 시기 미상,,발표 시기 미상,시,佛誕日[불탄일],최남선,206,https://ko.wikisource.org/wiki/%EB%B6%88%ED%83%84%EC%9D%BC,본문/시/최남선 - 佛誕日[불탄일] (시기 미상).txt
발표 시기 미상,,발표 시기 미상,시,北漢山城[북한산성],최남선,220,https://ko.wikisource.org/wiki/%EB%B6%81%ED%95%9C%EC%82%B0%EC%84%B1,본문/시/최남선 - 北漢山城[북한산성] (시기 미상).txt
발표 시기 미상,,발표 시기 미상,시,南漢山城[남한산성],최남선,229,https://ko.wikisource.org/wiki/%EB%82%A8%ED%95%9C%EC%82%B0%EC%84%B1_%28%EC%B5%9C%EB%82%A8%EC%84%A0%29,본문/시/최남선 - 南漢山城[남한산성] (시기 미상).txt
발표 시기 미상,,발표 시기 미상,수필,墨莊漫錄[묵장만록],최남선,2283,https://ko.wikisource.org/wiki/%EB%AC%B5%EC%9E%A5%EB%A7%8C%EB%A1%9D,본문/수필/최남선 - 墨莊漫錄[묵장만록] (시기 미상).txt
발표 시기 미상,,발표 시기 미상,수필,大衆的[대중적] 要求[요구]의 反映[반영],최남선,2860,https://ko.wikisource.org/wiki/%EB%8C%80%EC%A4%91%EC%A0%81_%EC%9A%94%EA%B5%AC%EC%9D%98_%EB%B0%98%EC%98%81,본문/수필/최남선 - 大衆的[대중적] 要求[요구]의 反映[반영] (시기 미상).txt
발표 시기 미상,,발표 시기 미상,수필,奇異[기이]한 湖沼傳說[호소전설],최남선,2747,https://ko.wikisource.org/wiki/%EA%B8%B0%EC%9D%B4%ED%95%9C_%ED%98%B8%EC%86%8C%EC%A0%84%EC%84%A4,본문/수필/최남선 - 奇異[기이]한 湖沼傳說[호소전설] (시기 미상).txt
발표 시기 미상,,발표 시기 미상,수필,河伯[하백]의 由來[유래],최남선,2291,https://ko.wikisource.org/wiki/%ED%95%98%EB%B0%B1%EC%9D%98_%EC%9C%A0%EB%9E%98,본문/수필/최남선 - 河伯[하백]의 由來[유래] (시기 미상).txt
발표 시기 미상,,발표 시기 미상,수필,浦島太郞[포도태랑] 이야기,최남선,1382,https://ko.wikisource.org/wiki/%ED%8F%AC%EB%8F%84%ED%83%9C%EB%9E%91_%EC%9D%B4%EC%95%BC%EA%B8%B0,본문/수필/최남선 - 浦島太郞[포도태랑] 이야기 (시기 미상).txt
발표 시기 미상,,발표 시기 미상,수필,海中[해중]의 異香[이향],최남선,2348,https://ko.wikisource.org/wiki/%ED%95%B4%EC%A4%91%EC%9D%98_%EC%9D%B4%ED%96%A5,본문/수필/최남선 - 海中[해중]의 異香[이향] (시기 미상).txt
발표 시기 미상,,발표 시기 미상,시,牛耳川[우이천],최남선,172,https://ko.wikisource.org/wiki/%EC%9A%B0%EC%9D%B4%EC%B2%9C,본문/시/최남선 - 牛耳川[우이천] (시기 미상).txt
발표 시기 미상,,발표 시기 미상,수필,神秘絢爛[신비현란]한 龍宮[용궁],최남선,2235,https://ko.wikisource.org/wiki/%EC%8B%A0%EB%B9%84%ED%98%84%EB%9E%80%ED%95%9C_%EC%9A%A9%EA%B6%81,본문/수필/최남선 - 神秘絢爛[신비현란]한 龍宮[용궁] (시기 미상).txt
발표 시기 미상,,발표 시기 미상,수필,蜃氣樓傳記[신기루전기],최남선,1885,https://ko.wikisource.org/wiki/%EC%8B%A0%EA%B8%B0%EB%A3%A8%EC%A0%84%EA%B8%B0,본문/수필/최남선 - 蜃氣樓傳記[신기루전기] (시기 미상).txt
발표 시기 미상,,발표 시기 미상,수필,變化無雙[변화무쌍]한 조개,최남선,1516,https://ko.wikisource.org/wiki/%EB%B3%80%ED%99%94%EB%AC%B4%EC%8C%8D%ED%95%9C_%EC%A1%B0%EA%B0%9C,본문/수필/최남선 - 變化無雙[변화무쌍]한 조개 (시기 미상).txt
발표 시기 미상,,발표 시기 미상,수필,龍[용]의 神變威猛[신변위맹],최남선,1863,https://ko.wikisource.org/wiki/%EC%9A%A9%EC%9D%98_%EC%8B%A0%EB%B3%80%EC%9C%84%EB%A7%B9,본문/수필/최남선 - 龍[용]의 神變威猛[신변위맹] (시기 미상).txt
발표 시기 미상,,발표 시기 미상,시,눈물의 세 英雄[영웅],최남선,240,https://ko.wikisource.org/wiki/%EB%88%88%EB%AC%BC%EC%9D%98_%EC%84%B8_%EC%98%81%EC%9B%85,본문/시/최남선 - 눈물의 세 英雄[영웅] (시기 미상).txt
발표 시기 미상,,발표 시기 미상,수필,브리튼人[인]의 傳說[전설],최남선,1244,https://ko.wikisource.org/wiki/%EB%B8%8C%EB%A6%AC%ED%8A%BC_%EC%9D%B8%EC%9D%98_%EC%A0%84%EC%84%A4,본문/수필/최남선 - 브리튼人[인]의 傳說[전설] (시기 미상).txt
발표 시기 미상,,발표 시기 미상,시,크리스마스,최남선,178,https://ko.wikisource.org/wiki/%ED%81%AC%EB%A6%AC%EC%8A%A4%EB%A7%88%EC%8A%A4_%28%EC%B5%9C%EB%82%A8%EC%84%A0%29,본문/시/최남선 - 크리스마스 (시기 미상).txt
발표 시기 미상,,발표 시기 미상,수필,담요,최서해,3012,https://ko.wikisource.org/wiki/%EB%8B%B4%EC%9A%94,본문/수필/최서해 - 담요 (시기 미상).txt
발표 시기 미상,,발표 시기 미상,가사,창의시,최익현,88,https://ko.wikisource.org/wiki/%EC%B0%BD%EC%9D%98%EC%8B%9C,본문/가사/최익현 - 창의시 (시기 미상).txt
발표 시기 미상,,발표 시기 미상,시조,백일(白日)은 서산(西山)에 지고,최충,45,https://ko.wikisource.org/wiki/%EB%B0%B1%EC%9D%BC%EC%9D%80_%EC%84%9C%EC%82%B0%EC%97%90_%EC%A7%80%EA%B3%A0,본문/시조/최충 - 백일(白日)은 서산(西山)에 지고 (시기 미상).txt
발표 시기 미상,,발표 시기 미상,노래,일생(一生)에 원(願)ᄒᆞ기를,최충,102,https://ko.wikisource.org/wiki/%EC%9D%BC%EC%83%9D%EC%97%90_%EC%9B%90%ED%95%98%EA%B8%B0%EB%A5%BC,본문/노래/최충 - 일생(一生)에 원(願)ᄒᆞ기를 (시기 미상).txt
발표 시기 미상,,발표 시기 미상,소설,쌍녀분전기,최치원,7388,https://ko.wikisource.org/wiki/%EC%8C%8D%EB%85%80%EB%B6%84%EC%A0%84%EA%B8%B0,본문/소설/최치원 - 쌍녀분전기 (시기 미상).txt
발표 시기 미상,,발표 시기 미상,한시,추야우중,최치원,46,https://ko.wikisource.org/wiki/%EC%B6%94%EC%95%BC%EC%9A%B0%EC%A4%91,본문/한시/최치원 - 추야우중 (시기 미상).txt
발표 시기 미상,,발표 시기 미상,고전시가,안민가,충담사,98,https://ko.wikisource.org/wiki/%EC%95%88%EB%AF%BC%EA%B0%80,본문/고전시가/충담사 - 안민가 (시기 미상).txt
발표 시기 미상,,발표 시기 미상,고전시가,찬기파랑가,충담사,169,https://ko.wikisource.org/wiki/%EC%B0%AC%EA%B8%B0%ED%8C%8C%EB%9E%91%EA%B0%80,본문/고전시가/충담사 - 찬기파랑가 (시기 미상).txt
발표 시기 미상,,발표 시기 미상,시조,객산(客散) 문경(門扃)ᄒᆞ고,하위지,46,https://ko.wikisource.org/wiki/%EA%B0%9D%EC%82%B0_%EB%AC%B8%EA%B2%BD%ED%95%98%EA%B3%A0,본문/시조/하위지 - 객산(客散) 문경(門扃)ᄒᆞ고 (시기 미상).txt
발표 시기 미상,,발표 시기 미상,한시,代萬化和尙挽林鄕長[대만화화상만임향장],한용운,128,https://ko.wikisource.org/wiki/%EB%8C%80%EB%A7%8C%ED%99%94%ED%99%94%EC%83%81%EB%A7%8C%EC%9E%84%ED%96%A5%EC%9E%A5,본문/한시/한용운 - 代萬化和尙挽林鄕長[대만화화상만임향장] (시기 미상).txt
발표 시기 미상,,발표 시기 미상,한시,思鄕[사향],한용운,64,https://ko.wikisource.org/wiki/%EC%82%AC%ED%96%A5,본문/한시/한용운 - 思鄕[사향] (시기 미상).txt
발표 시기 미상,,발표 시기 미상,시조,成功[성공],한용운,64,https://ko.wikisource.org/wiki/%EC%84%B1%EA%B3%B5,본문/시조/한용운 - 成功[성공] (시기 미상).txt
발표 시기 미상,,발표 시기 미상,시조,春書[춘서],한용운,95,https://ko.wikisource.org/wiki/%EC%B6%98%EC%84%9C,본문/시조/한용운 - 春書[춘서] (시기 미상).txt
발표 시기 미상,,발표 시기 미상,시조,春朝[춘조],한용운,48,https://ko.wikisource.org/wiki/%EC%B6%98%EC%A1%B0_%28%ED%95%9C%EC%9A%A9%EC%9A%B4%29,본문/시조/한용운 - 春朝[춘조] (시기 미상).txt
발표 시기 미상,,발표 시기 미상,한시,月初生[월초생],한용운,48,https://ko.wikisource.org/wiki/%EC%9B%94%EC%B4%88%EC%83%9D,본문/한시/한용운 - 月初生[월초생] (시기 미상).txt
발표 시기 미상,,발표 시기 미상,한시,月方中[월방중],한용운,48,https://ko.wikisource.org/wiki/%EC%9B%94%EB%B0%A9%EC%A4%91,본문/한시/한용운 - 月方中[월방중] (시기 미상).txt
발표 시기 미상,,발표 시기 미상,한시,月欲生[월욕생],한용운,48,https://ko.wikisource.org/wiki/%EC%9B%94%EC%9A%95%EC%83%9D,본문/한시/한용운 - 月欲生[월욕생] (시기 미상).txt
발표 시기 미상,,발표 시기 미상,한시,淸寒[청한],한용운,48,https://ko.wikisource.org/wiki/%EC%B2%AD%ED%95%9C,본문/한시/한용운 - 淸寒[청한] (시기 미상).txt
발표 시기 미상,,발표 시기 미상,시조,漂娥[표아],한용운,45,https://ko.wikisource.org/wiki/%ED%91%9C%EC%95%84,본문/시조/한용운 - 漂娥[표아] (시기 미상).txt
발표 시기 미상,,발표 시기 미상,시조,漢江[한강]에서,한용운,47,https://ko.wikisource.org/wiki/%ED%95%9C%EA%B0%95%EC%97%90%EC%84%9C,본문/시조/한용운 - 漢江[한강]에서 (시기 미상).txt
발표 시기 미상,,발표 시기 미상,시조,男兒[남아],한용운,51,https://ko.wikisource.org/wiki/%EB%82%A8%EC%95%84,본문/시조/한용운 - 男兒[남아] (시기 미상).txt
발표 시기 미상,,발표 시기 미상,시조,秋夜夢[추야몽],한용운,191,https://ko.wikisource.org/wiki/%EC%B6%94%EC%95%BC%EB%AA%BD,본문/시조/한용운 - 秋夜夢[추야몽] (시기 미상).txt
발표 시기 미상,,발표 시기 미상,시조,秋夜短[추야단],한용운,45,https://ko.wikisource.org/wiki/%EC%B6%94%EC%95%BC%EB%8B%A8,본문/시조/한용운 - 秋夜短[추야단] (시기 미상).txt
발표 시기 미상,,발표 시기 미상,시조,秋花[추화],한용운,54,https://ko.wikisource.org/wiki/%EC%B6%94%ED%99%94,본문/시조/한용운 - 秋花[추화] (시기 미상).txt
발표 시기 미상,,발표 시기 미상,시조,職業婦人[직업부인],한용운,51,https://ko.wikisource.org/wiki/%EC%A7%81%EC%97%85%EB%B6%80%EC%9D%B8,본문/시조/한용운 - 職業婦人[직업부인] (시기 미상).txt
발표 시기 미상,,발표 시기 미상,한시,自樂[자락],한용운,48,https://ko.wikisource.org/wiki/%EC%9E%90%EB%9D%BD,본문/한시/한용운 - 自樂[자락] (시기 미상).txt
발표 시기 미상,,발표 시기 미상,한시,見月[견월],한용운,48,https://ko.wikisource.org/wiki/%EA%B2%AC%EC%9B%94,본문/한시/한용운 - 見月[견월] (시기 미상).txt
발표 시기 미상,,발표 시기 미상,시조,계어,한용운,117,https://ko.wikisource.org/wiki/%EA%B3%84%EC%96%B4,본문/시조/한용운 - 계어 (시기 미상).txt
발표 시기 미상,,발표 시기 미상,시조,무제,한용운,689,https://ko.wikisource.org/wiki/%EB%AC%B4%EC%A0%9C_%28%ED%95%9C%EC%9A%A9%EC%9A%B4%29,본문/시조/한용운 - 무제 (시기 미상).txt
발표 시기 미상,,발표 시기 미상,시,사랑,한용운,54,https://ko.wikisource.org/wiki/%EC%82%AC%EB%9E%91_%28%ED%95%9C%EC%9A%A9%EC%9A%B4%29,본문/시/한용운 - 사랑 (시기 미상).txt
발표 시기 미상,,발표 시기 미상,시조,선경,한용운,47,https://ko.wikisource.org/wiki/%EC%84%A0%EA%B2%BD,본문/시조/한용운 - 선경 (시기 미상).txt
발표 시기 미상,,발표 시기 미상,시조,선우(禪友)에게,한용운,81,https://ko.wikisource.org/wiki/%EC%84%A0%EC%9A%B0%EC%97%90%EA%B2%8C,본문/시조/한용운 - 선우(禪友)에게 (시기 미상).txt
발표 시기 미상,,발표 시기 미상,시조,우리 님,한용운,53,https://ko.wikisource.org/wiki/%EC%9A%B0%EB%A6%AC_%EB%8B%98,본문/시조/한용운 - 우리 님 (시기 미상).txt
발표 시기 미상,,발표 시기 미상,기타,조선 독립의 서,한용운,2897,https://ko.wikisource.org/wiki/%EC%A1%B0%EC%84%A0_%EB%8F%85%EB%A6%BD%EC%9D%98_%EC%84%9C,본문/기타/한용운 - 조선 독립의 서 (시기 미상).txt
발표 시기 미상,,발표 시기 미상,시,코스모스,한용운,50,https://ko.wikisource.org/wiki/%EC%BD%94%EC%8A%A4%EB%AA%A8%EC%8A%A4_%28%ED%95%9C%EC%9A%A9%EC%9A%B4%29,본문/시/한용운 - 코스모스 (시기 미상).txt
발표 시기 미상,,발표 시기 미상,시조,무제,한우,60,https://ko.wikisource.org/wiki/%EC%96%B4%EC%9D%B4_%EC%96%BC%EC%96%B4_%EC%9E%98%EC%9D%B4,본문/시조/한우 - 무제 (시기 미상).txt
발표 시기 미상,,발표 시기 미상,노래,집방석(方席) 내지 마라,한호,111,https://ko.wikisource.org/wiki/%EC%A7%9A%EB%B0%A9%EC%84%9D_%EB%82%B4%EC%A7%80_%EB%A7%88%EB%9D%BC,본문/노래/한호 - 집방석(方席) 내지 마라 (시기 미상).txt
발표 시기 미상,,발표 시기 미상,한시,강남곡,허난설헌,134,https://ko.wikisource.org/wiki/%EC%A1%B0%EC%84%A0%EC%97%AC%EB%A5%98%ED%95%9C%EC%8B%9C%EC%84%A0%EC%A7%91/%EA%B0%95%EB%82%A8%EA%B3%A1,본문/한시/허난설헌 - 강남곡 (시기 미상).txt
발표 시기 미상,,발표 시기 미상,한시,규원(閨怨) 1,허난설헌,150,https://ko.wikisource.org/wiki/%EC%A1%B0%EC%84%A0%EC%97%AC%EB%A5%98%ED%95%9C%EC%8B%9C%EC%84%A0%EC%A7%91/%EA%B7%9C%EC%9B%90_1,본문/한시/허난설헌 - 규원(閨怨) 1 (시기 미상).txt
발표 시기 미상,,발표 시기 미상,한시,규원(閨怨) 2,허난설헌,150,https://ko.wikisource.org/wiki/%EC%A1%B0%EC%84%A0%EC%97%AC%EB%A5%98%ED%95%9C%EC%8B%9C%EC%84%A0%EC%A7%91/%EA%B7%9C%EC%9B%90_2,본문/한시/허난설헌 - 규원(閨怨) 2 (시기 미상).txt
발표 시기 미상,,발표 시기 미상,한시,밤 풍경,허난설헌,149,https://ko.wikisource.org/wiki/%EC%A1%B0%EC%84%A0%EC%97%AC%EB%A5%98%ED%95%9C%EC%8B%9C%EC%84%A0%EC%A7%91/%EB%B0%A4_%ED%92%8D%EA%B2%BD,본문/한시/허난설헌 - 밤 풍경 (시기 미상).txt
발표 시기 미상,,발표 시기 미상,한시,봄비,허난설헌,131,https://ko.wikisource.org/wiki/%EC%A1%B0%EC%84%A0%EC%97%AC%EB%A5%98%ED%95%9C%EC%8B%9C%EC%84%A0%EC%A7%91/%EB%B4%84%EB%B9%84,본문/한시/허난설헌 - 봄비 (시기 미상).txt
발표 시기 미상,,발표 시기 미상,한시,봄철인제,허난설헌,147,https://ko.wikisource.org/wiki/%EC%A1%B0%EC%84%A0%EC%97%AC%EB%A5%98%ED%95%9C%EC%8B%9C%EC%84%A0%EC%A7%91/%EB%B4%84%EC%B2%A0%EC%9D%B8%EC%A0%9C,본문/한시/허난설헌 - 봄철인제 (시기 미상).txt
발표 시기 미상,,발표 시기 미상,한시,빈녀(貧女)의 노래 1,허난설헌,160,https://ko.wikisource.org/wiki/%EC%A1%B0%EC%84%A0%EC%97%AC%EB%A5%98%ED%95%9C%EC%8B%9C%EC%84%A0%EC%A7%91/%EB%B9%88%EB%85%80%EC%9D%98_%EB%85%B8%EB%9E%98_1,본문/한시/허난설헌 - 빈녀(貧女)의 노래 1 (시기 미상).txt
발표 시기 미상,,발표 시기 미상,한시,빈녀(貧女)의 노래 2,허난설헌,127,https://ko.wikisource.org/wiki/%EC%A1%B0%EC%84%A0%EC%97%AC%EB%A5%98%ED%95%9C%EC%8B%9C%EC%84%A0%EC%A7%91/%EB%B9%88%EB%85%80%EC%9D%98_%EB%85%B8%EB%9E%98_2,본문/한시/허난설헌 - 빈녀(貧女)의 노래 2 (시기 미상).txt
발표 시기 미상,,발표 시기 미상,한시,빈녀(貧女)의 노래 3,허난설헌,134,https://ko.wikisource.org/wiki/%EC%A1%B0%EC%84%A0%EC%97%AC%EB%A5%98%ED%95%9C%EC%8B%9C%EC%84%A0%EC%A7%91/%EB%B9%88%EB%85%80%EC%9D%98_%EB%85%B8%EB%9E%98_3,본문/한시/허난설헌 - 빈녀(貧女)의 노래 3 (시기 미상).txt
발표 시기 미상,,발표 시기 미상,한시,빈녀(貧女)의 노래 4,허난설헌,160,https://ko.wikisource.org/wiki/%EC%A1%B0%EC%84%A0%EC%97%AC%EB%A5%98%ED%95%9C%EC%8B%9C%EC%84%A0%EC%A7%91/%EB%B9%88%EB%85%80%EC%9D%98_%EB%85%B8%EB%9E%98_4,본문/한시/허난설헌 - 빈녀(貧女)의 노래 4 (시기 미상).txt
발표 시기 미상,,발표 시기 미상,한시,소년행,허난설헌,144,https://ko.wikisource.org/wiki/%EB%82%9C%EC%84%A4%ED%97%8C%EC%A7%91/%EC%86%8C%EB%85%84%ED%96%89,본문/한시/허난설헌 - 소년행 (시기 미상).txt
발표 시기 미상,,발표 시기 미상,한시,송별,허난설헌,134,https://ko.wikisource.org/wiki/%EC%A1%B0%EC%84%A0%EC%97%AC%EB%A5%98%ED%95%9C%EC%8B%9C%EC%84%A0%EC%A7%91/%EC%86%A1%EB%B3%84_%28%EB%82%9C%EC%84%A4%ED%97%8C%29,본문/한시/허난설헌 - 송별 (시기 미상).txt
발표 시기 미상,,발표 시기 미상,한시,양류지사,허난설헌,149,https://ko.wikisource.org/wiki/%EC%A1%B0%EC%84%A0%EC%97%AC%EB%A5%98%ED%95%9C%EC%8B%9C%EC%84%A0%EC%A7%91/%EC%96%91%EB%A5%98%EC%A7%80%EC%82%AC,본문/한시/허난설헌 - 양류지사 (시기 미상).txt
발표 시기 미상,,발표 시기 미상,한시,원앙이 잠을 깨리,허난설헌,132,https://ko.wikisource.org/wiki/%EC%A1%B0%EC%84%A0%EC%97%AC%EB%A5%98%ED%95%9C%EC%8B%9C%EC%84%A0%EC%A7%91/%EC%9B%90%EC%95%99%EC%9D%B4_%EC%9E%A0%EC%9D%84_%EA%B9%A8%EB%A6%AC,본문/한시/허난설헌 - 원앙이 잠을 깨리 (시기 미상).txt
발표 시기 미상,,발표 시기 미상,한시,이별이 잦아,허난설헌,135,https://ko.wikisource.org/wiki/%EC%A1%B0%EC%84%A0%EC%97%AC%EB%A5%98%ED%95%9C%EC%8B%9C%EC%84%A0%EC%A7%91/%EC%9D%B4%EB%B3%84%EC%9D%B4_%EC%9E%A6%EC%95%84,본문/한시/허난설헌 - 이별이 잦아 (시기 미상).txt
발표 시기 미상,,발표 시기 미상,한시,죽지사 1,허난설헌,150,https://ko.wikisource.org/wiki/%EC%A1%B0%EC%84%A0%EC%97%AC%EB%A5%98%ED%95%9C%EC%8B%9C%EC%84%A0%EC%A7%91/%EC%A3%BD%EC%A7%80%EC%82%AC_1,본문/한시/허난설헌 - 죽지사 1 (시기 미상).txt
발표 시기 미상,,발표 시기 미상,한시,죽지사 2,허난설헌,151,https://ko.wikisource.org/wiki/%EC%A1%B0%EC%84%A0%EC%97%AC%EB%A5%98%ED%95%9C%EC%8B%9C%EC%84%A0%EC%A7%91/%EC%A3%BD%EC%A7%80%EC%82%AC_2,본문/한시/허난설헌 - 죽지사 2 (시기 미상).txt
발표 시기 미상,,발표 시기 미상,한시,치운 밤에,허난설헌,135,https://ko.wikisource.org/wiki/%EC%A1%B0%EC%84%A0%EC%97%AC%EB%A5%98%ED%95%9C%EC%8B%9C%EC%84%A0%EC%A7%91/%EC%B9%98%EC%9A%B4_%EB%B0%A4%EC%97%90,본문/한시/허난설헌 - 치운 밤에 (시기 미상).txt
발표 시기 미상,,발표 시기 미상,한시,호수에 배 띄우고,허난설헌,146,https://ko.wikisource.org/wiki/%EC%A1%B0%EC%84%A0%EC%97%AC%EB%A5%98%ED%95%9C%EC%8B%9C%EC%84%A0%EC%A7%91/%ED%98%B8%EC%88%98%EC%97%90_%EB%B0%B0_%EB%9D%84%EC%9A%B0%EA%B3%A0,본문/한시/허난설헌 - 호수에 배 띄우고 (시기 미상).txt
발표 시기 미상,,발표 시기 미상,가사,규원가,"허난설헌(許蘭雪軒), 또는 무옥",1063,https://ko.wikisource.org/wiki/%EA%B7%9C%EC%9B%90%EA%B0%80,"본문/가사/허난설헌(許蘭雪軒), 또는 무옥 - 규원가 (시기 미상).txt"
발표 시기 미상,,발표 시기 미상,가사,봉선화가,"허난설헌(許蘭雪軒), 또는 정일당 남씨",2080,https://ko.wikisource.org/wiki/%EB%B4%89%EC%84%A0%ED%99%94%EA%B0%80,"본문/가사/허난설헌(許蘭雪軒), 또는 정일당 남씨 - 봉선화가 (시기 미상).txt"
발표 시기 미상,,발표 시기 미상,동화,(화성소설) 천공의 용소년,허문일,7961,https://ko.wikisource.org/wiki/%EC%B2%9C%EA%B3%B5%EC%9D%98_%EC%9A%A9%EC%86%8C%EB%85%84,본문/동화/허문일 - (화성소설) 천공의 용소년 (시기 미상).txt
발표 시기 미상,,발표 시기 미상,시조,고공가,허전,870,https://ko.wikisource.org/wiki/%EA%B3%A0%EA%B3%B5%EA%B0%80,본문/시조/허전 - 고공가 (시기 미상).txt
발표 시기 미상,,발표 시기 미상,노래,니영이 다 거두치니,허정,55,https://ko.wikisource.org/wiki/%EC%9D%B4%EC%97%89%EC%9D%B4_%EB%8B%A4_%EA%B1%B0%EB%91%90%EC%B9%98%EB%8B%88,본문/노래/허정 - 니영이 다 거두치니 (시기 미상).txt
발표 시기 미상,,발표 시기 미상,노래,서호(西湖) 눈 진 밤의,허정,51,https://ko.wikisource.org/wiki/%EC%84%9C%ED%98%B8_%EB%88%88_%EC%A7%84_%EB%B0%A4%EC%97%90,본문/노래/허정 - 서호(西湖) 눈 진 밤의 (시기 미상).txt
발표 시기 미상,,발표 시기 미상,노래,일중(日中) 삼족오(三足烏)ㅣ야,허정,104,https://ko.wikisource.org/wiki/%EC%9D%BC%EC%A4%91_%EC%82%BC%EC%A1%B1%EC%98%A4%EC%95%BC,본문/노래/허정 - 일중(日中) 삼족오(三足烏)ㅣ야 (시기 미상).txt
발표 시기 미상,,발표 시기 미상,희곡,인형의 집,헨리크 입센,51358,https://ko.wikisource.org/wiki/%EB%B0%95%EC%9A%A9%EC%B2%A0_%EC%82%B0%EB%AC%B8%EC%A7%91/%EC%9D%B8%ED%98%95%EC%9D%98_%EC%A7%91,본문/희곡/헨리크 입센 - 인형의 집 (시기 미상).txt
발표 시기 미상,,발표 시기 미상,시조,운대상(雲臺上) 학발노선,호석균,50,https://ko.wikisource.org/wiki/%EC%9A%B4%EB%8C%80%EC%83%81_%ED%95%99%EB%B0%9C%EB%85%B8%EC%84%A0,본문/시조/호석균 - 운대상(雲臺上) 학발노선 (시기 미상).txt
발표 시기 미상,,발표 시기 미상,시조,홍백화(紅白花) 쟈진 곳에,호석균,125,https://ko.wikisource.org/wiki/%ED%99%8D%EB%B0%B1%ED%99%94_%EC%9E%A6%EC%95%84%EC%A7%84_%EA%B3%B3%EC%97%90,본문/시조/호석균 - 홍백화(紅白花) 쟈진 곳에 (시기 미상).txt
발표 시기 미상,,발표 시기 미상,수필,새로운 조선음악,홍난파,1425,https://ko.wikisource.org/wiki/%EC%83%88%EB%A1%9C%EC%9A%B4_%EC%A1%B0%EC%84%A0%EC%9D%8C%EC%95%85,본문/수필/홍난파 - 새로운 조선음악 (시기 미상).txt
발표 시기 미상,,발표 시기 미상,수필,피아니스트의 횡액,홍난파,733,https://ko.wikisource.org/wiki/%EC%9D%8C%EC%95%85%EB%A7%8C%ED%95%84/%ED%94%BC%EC%95%84%EB%8B%88%EC%8A%A4%ED%8A%B8%EC%9D%98_%ED%9A%A1%EC%95%A1,본문/수필/홍난파 - 피아니스트의 횡액 (시기 미상).txt
발표 시기 미상,,발표 시기 미상,수필,황금,홍난파,4665,https://ko.wikisource.org/wiki/%ED%99%A9%EA%B8%88,본문/수필/홍난파 - 황금 (시기 미상).txt
발표 시기 미상,,발표 시기 미상,서간,가례문의,홍대용,2033,https://ko.wikisource.org/wiki/%EB%8B%B4%ED%97%8C%EC%84%9C/%EB%82%B4%EC%A7%91_1%EA%B6%8C/%EA%B0%80%EB%A1%80%EB%AC%B8%EC%9D%98,본문/서간/홍대용 - 가례문의 (시기 미상).txt
발표 시기 미상,,발표 시기 미상,서간,농수각의기지,홍대용,12372,https://ko.wikisource.org/wiki/%EB%8B%B4%ED%97%8C%EC%84%9C/%EC%99%B8%EC%A7%91_6%EA%B6%8C/%EB%86%8D%EC%88%98%EA%B0%81%EC%9D%98%EA%B8%B0%EC%A7%80,본문/서간/홍대용 - 농수각의기지 (시기 미상).txt
발표 시기 미상,,발표 시기 미상,서간,보령소년사,홍대용,870,https://ko.wikisource.org/wiki/%EB%8B%B4%ED%97%8C%EC%84%9C/%EB%82%B4%EC%A7%91_4%EA%B6%8C/%EB%B3%B4%EC%9C%A0/%EB%B3%B4%EB%A0%B9%EC%86%8C%EB%85%84%EC%82%AC,본문/서간/홍대용 - 보령소년사 (시기 미상).txt
발표 시기 미상,,발표 시기 미상,서간,봉래금사적,홍대용,457,https://ko.wikisource.org/wiki/%EB%8B%B4%ED%97%8C%EC%84%9C/%EB%82%B4%EC%A7%91_4%EA%B6%8C/%EB%B3%B4%EC%9C%A0/%EB%B4%89%EB%9E%98%EA%B8%88%EC%82%AC%EC%A0%81,본문/서간/홍대용 - 봉래금사적 (시기 미상).txt
발표 시기 미상,,발표 시기 미상,서간,사서문변,홍대용,14220,https://ko.wikisource.org/wiki/%EB%8B%B4%ED%97%8C%EC%84%9C/%EB%82%B4%EC%A7%91_1%EA%B6%8C/%EC%82%AC%EC%84%9C%EB%AC%B8%EB%B3%80,본문/서간/홍대용 - 사서문변 (시기 미상).txt
발표 시기 미상,,발표 시기 미상,서간,삼경문변,홍대용,18848,https://ko.wikisource.org/wiki/%EB%8B%B4%ED%97%8C%EC%84%9C/%EB%82%B4%EC%A7%91_1%EA%B6%8C/%EC%82%BC%EA%B2%BD%EB%AC%B8%EB%B3%80,본문/서간/홍대용 - 삼경문변 (시기 미상).txt
발표 시기 미상,,발표 시기 미상,서간,소학문의,홍대용,326,https://ko.wikisource.org/wiki/%EB%8B%B4%ED%97%8C%EC%84%9C/%EB%82%B4%EC%A7%91_1%EA%B6%8C/%EC%86%8C%ED%95%99%EB%AC%B8%EC%9D%98,본문/서간/홍대용 - 소학문의 (시기 미상).txt
발표 시기 미상,,발표 시기 미상,서간,심성문,홍대용,2350,https://ko.wikisource.org/wiki/%EB%8B%B4%ED%97%8C%EC%84%9C/%EB%82%B4%EC%A7%91_1%EA%B6%8C/%EC%8B%AC%EC%84%B1%EB%AC%B8,본문/서간/홍대용 - 심성문 (시기 미상).txt
발표 시기 미상,,발표 시기 미상,서간,애사,홍대용,1482,https://ko.wikisource.org/wiki/%EB%8B%B4%ED%97%8C%EC%84%9C/%EB%82%B4%EC%A7%91_4%EA%B6%8C/%EC%95%A0%EC%82%AC,본문/서간/홍대용 - 애사 (시기 미상).txt
발표 시기 미상,,발표 시기 미상,서간,유향교,홍대용,410,https://ko.wikisource.org/wiki/%EB%8B%B4%ED%97%8C%EC%84%9C/%EB%82%B4%EC%A7%91_4%EA%B6%8C/%EB%B3%B4%EC%9C%A0/%EC%9C%A0%ED%96%A5%EA%B5%90,본문/서간/홍대용 - 유향교 (시기 미상).txt
발표 시기 미상,,발표 시기 미상,서간,의산문답,홍대용,14388,https://ko.wikisource.org/wiki/%EB%8B%B4%ED%97%8C%EC%84%9C/%EB%82%B4%EC%A7%91_4%EA%B6%8C/%EB%B3%B4%EC%9C%A0/%EC%9D%98%EC%82%B0%EB%AC%B8%EB%8B%B5,본문/서간/홍대용 - 의산문답 (시기 미상).txt
발표 시기 미상,,발표 시기 미상,서간,임하경륜,홍대용,5128,https://ko.wikisource.org/wiki/%EB%8B%B4%ED%97%8C%EC%84%9C/%EB%82%B4%EC%A7%91_4%EA%B6%8C/%EB%B3%B4%EC%9C%A0/%EC%9E%84%ED%95%98%EA%B2%BD%EB%A5%9C,본문/서간/홍대용 - 임하경륜 (시기 미상).txt
발표 시기 미상,,발표 시기 미상,서간,제문,홍대용,2152,https://ko.wikisource.org/wiki/%EB%8B%B4%ED%97%8C%EC%84%9C/%EB%82%B4%EC%A7%91_4%EA%B6%8C/%EC%A0%9C%EB%AC%B8,본문/서간/홍대용 - 제문 (시기 미상).txt
발표 시기 미상,,발표 시기 미상,서간,제배첨정훈가사,홍대용,254,https://ko.wikisource.org/wiki/%EB%8B%B4%ED%97%8C%EC%84%9C/%EB%82%B4%EC%A7%91_4%EA%B6%8C/%EB%B3%B4%EC%9C%A0/%EC%A0%9C%EB%B0%B0%EC%B2%A8%EC%A0%95%ED%9B%88%EA%B0%80%EC%82%AC,본문/서간/홍대용 - 제배첨정훈가사 (시기 미상).txt
발표 시기 미상,,발표 시기 미상,서간,주해수용 총례,홍대용,3348,https://ko.wikisource.org/wiki/%EB%8B%B4%ED%97%8C%EC%84%9C/%EC%99%B8%EC%A7%91_4%EA%B6%8C/%EC%A3%BC%ED%95%B4%EC%88%98%EC%9A%A9_%EC%B4%9D%EB%A1%80,본문/서간/홍대용 - 주해수용 총례 (시기 미상).txt
발표 시기 미상,,발표 시기 미상,시조,무제,홍랑,46,https://ko.wikisource.org/wiki/%EB%AC%8F%EB%B2%84%EB%93%A4_%EA%B0%88%ED%95%B4_%EA%B2%83%EA%B1%B0,본문/시조/홍랑 - 무제 (시기 미상).txt
발표 시기 미상,,발표 시기 미상,노래,離別ᄒᆞ던 날에,홍서봉,51,https://ko.wikisource.org/wiki/%EC%9D%B4%EB%B3%84%ED%95%98%EB%8D%98_%EB%82%A0%EC%97%90,본문/노래/홍서봉 - 離別ᄒᆞ던 날에 (시기 미상).txt
발표 시기 미상,,발표 시기 미상,노래,옥(玉)을 돌이라 ᄒᆞ니,홍섬,46,https://ko.wikisource.org/wiki/%EC%98%A5%EC%9D%84_%EB%8F%8C%EC%9D%B4%EB%9D%BC_%ED%95%98%EB%8B%88,본문/노래/홍섬 - 옥(玉)을 돌이라 ᄒᆞ니 (시기 미상).txt
발표 시기 미상,,발표 시기 미상,시조,수양산(首陽山) 나린 물이,홍익한,49,https://ko.wikisource.org/wiki/%EC%88%98%EC%96%91%EC%82%B0_%EB%82%B4%EB%A6%B0_%EB%AC%BC%EC%9D%B4,본문/시조/홍익한 - 수양산(首陽山) 나린 물이 (시기 미상).txt
발표 시기 미상,,발표 시기 미상,노래,어제 오ᄃᆞᆫ 눈이,홍적,49,https://ko.wikisource.org/wiki/%EC%96%B4%EC%A0%9C_%EC%98%A4%EB%8D%98_%EB%88%88%EC%9D%B4,본문/노래/홍적 - 어제 오ᄃᆞᆫ 눈이 (시기 미상).txt
발표 시기 미상,,발표 시기 미상,시조,주렴(珠簾)을 반(半)만 것고,홍춘경,43,https://ko.wikisource.org/wiki/%EC%A3%BC%EB%A0%B4%EC%9D%84_%EB%B0%98%EB%A7%8C_%EA%B1%B7%EA%B3%A0,본문/시조/홍춘경 - 주렴(珠簾)을 반(半)만 것고 (시기 미상).txt
발표 시기 미상,,발표 시기 미상,수필,노혁전,황일호,757,https://ko.wikisource.org/wiki/%EB%85%B8%ED%98%81%EC%A0%84,본문/수필/황일호 - 노혁전 (시기 미상).txt
발표 시기 미상,,발표 시기 미상,한시,奉別蘇判書世讓,황진이,118,https://ko.wikisource.org/wiki/%EB%B4%89%EB%B3%84%EC%86%8C%ED%8C%90%EC%84%9C%EC%84%B8%EC%96%91,본문/한시/황진이 - 奉別蘇判書世讓 (시기 미상).txt
발표 시기 미상,,발표 시기 미상,한시,朴淵,황진이,143,https://ko.wikisource.org/wiki/%EB%B0%95%EC%97%B0,본문/한시/황진이 - 朴淵 (시기 미상).txt
발표 시기 미상,,발표 시기 미상,한시,松都,황진이,60,https://ko.wikisource.org/wiki/%EC%86%A1%EB%8F%84,본문/한시/황진이 - 松都 (시기 미상).txt
발표 시기 미상,,발표 시기 미상,한시,滿月臺懷古,황진이,143,https://ko.wikisource.org/wiki/%EB%A7%8C%EC%9B%94%EB%8C%80%ED%9A%8C%EA%B3%A0,본문/한시/황진이 - 滿月臺懷古 (시기 미상).txt
발표 시기 미상,,발표 시기 미상,한시,相思夢,황진이,74,https://ko.wikisource.org/wiki/%EC%83%81%EC%82%AC%EB%AA%BD,본문/한시/황진이 - 相思夢 (시기 미상).txt
발표 시기 미상,,발표 시기 미상,한시,蕭寥月夜思何事,황진이,154,https://ko.wikisource.org/wiki/%EC%86%8C%EC%9A%94%EC%9B%94%EC%95%BC%EC%82%AC%ED%95%98%EC%82%AC,본문/한시/황진이 - 蕭寥月夜思何事 (시기 미상).txt
발표 시기 미상,,발표 시기 미상,시조,靑山裏碧溪水,황진이,68,https://ko.wikisource.org/wiki/%EC%B2%AD%EC%82%B0%EB%A6%AC_%EB%B2%BD%EA%B3%84%EC%88%98%EC%95%BC,본문/시조/황진이 - 靑山裏碧溪水 (시기 미상).txt
발표 시기 미상,,발표 시기 미상,시조,내 언제 무신(無信)ᄒᆞ여,황진이,144,https://ko.wikisource.org/wiki/%EB%82%B4_%EC%96%B8%EC%A0%9C_%EB%AC%B4%EC%8B%A0%ED%95%98%EC%97%AC,본문/시조/황진이 - 내 언제 무신(無信)ᄒᆞ여 (시기 미상).txt
발표 시기 미상,,발표 시기 미상,시조,동지(冬至)ㅅᄃᆞᆯ 기나긴 밤을,황진이,182,https://ko.wikisource.org/wiki/%EB%8F%99%EC%A7%93%EB%8B%AC_%EA%B8%B0%EB%82%98%EA%B8%B4_%EB%B0%A4%EC%9D%84,본문/시조/황진이 - 동지(冬至)ㅅᄃᆞᆯ 기나긴 밤을 (시기 미상).txt
발표 시기 미상,,발표 시기 미상,시조,산(山)은 녯 산(山)이로되,황진이,59,https://ko.wikisource.org/wiki/%EC%82%B0%EC%9D%80_%EB%85%AF_%EC%82%B0%EC%9D%B4%EB%A1%9C%EB%90%98,본문/시조/황진이 - 산(山)은 녯 산(山)이로되 (시기 미상).txt
발표 시기 미상,,발표 시기 미상,시조,어져 내 일이야,황진이,172,https://ko.wikisource.org/wiki/%EC%96%B4%EC%A0%B8_%EB%82%B4_%EC%9D%BC%EC%9D%B4%EC%95%BC,본문/시조/황진이 - 어져 내 일이야 (시기 미상).txt
발표 시기 미상,,발표 시기 미상,시조,청산은 내 ᄯᅳᆺ이오,황진이,54,https://ko.wikisource.org/wiki/%EC%B2%AD%EC%82%B0%EC%9D%80_%EB%82%B4_%EB%9C%BB%EC%9D%B4%EC%98%A4,본문/시조/황진이 - 청산은 내 ᄯᅳᆺ이오 (시기 미상).txt
발표 시기 미상,,발표 시기 미상,시조,大棗 볼 붉은 골에,황희,50,https://ko.wikisource.org/wiki/%EB%8C%80%EC%B6%94_%EB%B3%BC_%EB%B6%89%EC%9D%80_%EA%B3%A8%EC%97%90,본문/시조/황희 - 大棗 볼 붉은 골에 (시기 미상).txt
발표 시기 미상,,발표 시기 미상,노래,사시가,황희,50,https://ko.wikisource.org/wiki/%EC%82%AC%EC%8B%9C%EA%B0%80,본문/노래/황희 - 사시가 (시기 미상).txt
발표 시기 미상,,발표 시기 미상,노래,고흘샤 월하보(月下歩)에,효명세자,51,https://ko.wikisource.org/wiki/%EA%B3%A0%EC%9A%B8%EC%82%AC_%EC%9B%94%ED%95%98%EB%B3%B4%EC%97%90,본문/노래/효명세자 - 고흘샤 월하보(月下歩)에 (시기 미상).txt
발표 시기 미상,,발표 시기 미상,노래,앗가야 사ᄅᆞᆷ 되랴,효종,45,https://ko.wikisource.org/wiki/%EC%95%97%EA%B0%80%EC%95%BC_%EC%82%AC%EB%9E%8C_%EB%90%98%EB%9E%B4,본문/노래/효종 - 앗가야 사ᄅᆞᆷ 되랴 (시기 미상).txt
발표 시기 미상,,발표 시기 미상,시조,이제야 ᄉᆞᄅᆞᆷ 되야,효종,48,https://ko.wikisource.org/wiki/%EC%9D%B4%EC%A0%9C%EC%95%BC_%EC%82%AC%EB%9E%8C_%EB%90%98%EC%96%B4,본문/시조/효종 - 이제야 ᄉᆞᄅᆞᆷ 되야 (시기 미상).txt
발표 시기 미상,,발표 시기 미상,시조,장풍(長風)이 건듯 부러,효종,46,https://ko.wikisource.org/wiki/%EC%9E%A5%ED%92%8D%EC%9D%B4_%EA%B1%B4%EB%93%AF_%EB%B6%88%EC%96%B4,본문/시조/효종 - 장풍(長風)이 건듯 부러 (시기 미상).txt
발표 시기 미상,,발표 시기 미상,노래,조천로(朝天路) 보뫼닷 말가,효종,103,https://ko.wikisource.org/wiki/%EC%A1%B0%EC%B2%9C%EB%A1%9C_%EB%B3%B4%EB%AB%BC%EB%8B%A8_%EB%A7%90%EA%B0%80,본문/노래/효종 - 조천로(朝天路) 보뫼닷 말가 (시기 미상).txt
발표 시기 미상,,발표 시기 미상,시조,청강(淸江)에 비 듯는 소ᄅᆡ,효종,49,https://ko.wikisource.org/wiki/%EC%B2%AD%EA%B0%95%EC%97%90_%EB%B9%84_%EB%93%A3%EB%8A%94_%EC%86%8C%EB%A6%AC,본문/시조/효종 - 청강(淸江)에 비 듯는 소ᄅᆡ (시기 미상).txt
발표 시기 미상,,발표 시기 미상,노래,청석령(靑石嶺) 지나거냐,효종,115,https://ko.wikisource.org/wiki/%EC%B2%AD%EC%84%9D%EB%A0%B9_%EC%A7%80%EB%82%98%EA%B1%B0%EB%83%90,본문/노래/효종 - 청석령(靑石嶺) 지나거냐 (시기 미상).txt
발표 시기 미상,,발표 시기 미상,고전시가,도천수관음가,희명,93,https://ko.wikisource.org/wiki/%EB%8F%84%EC%B2%9C%EC%88%98%EA%B4%80%EC%9D%8C%EA%B0%80,본문/고전시가/희명 - 도천수관음가 (시기 미상).txt
